Time,Scenario,price_model
1,10,124.8472519089226
1,12,1.0231838787456613
1,14,3.296530685681443
1,17,6.082228967717138
1,18,1.0238581960765403
1,21,6.878527499976917
1,22,1.0409152814606115
1,23,199.26203727985012
1,24,1.0243349360729095
1,27,123.93377401122277
1,29,3.7219001360410666
1,2,1.0108697945984506
1,6,1.1448894042045203
1,7,1.498487722098072
1,8,2.74477315236191
2,10,16.79104423286532
2,12,1.011615537586705
2,14,2.8797393102972353
2,17,199.98078757051215
2,18,126.97682233772657
2,21,5.35959261244499
2,22,1.2384172534215059
2,23,199.19764494173975
2,24,5.9926277685906655
2,27,199.99888708916077
2,29,1.0756941113895
2,2,1.1290983204490728
2,6,3.0701534692223973
2,7,1.0881049745333695
2,8,1.022480247106913
3,10,6.186925571665261
3,12,1.004363112480488
3,14,6.008021852909393
3,17,6.118346627198054
3,18,199.9807526158311
3,21,7.5139861026755534
3,22,1.097693807284669
3,23,198.90285884637765
3,24,124.18469612644364
3,27,200.05826991392473
3,29,1.5910091560217474
3,2,1.0327006168739137
3,6,198.5010118884227
3,7,1.3544421244996878
3,8,1.1326807374646817
4,10,1.1491680927544856
4,12,1.0211262351400656
4,14,1.1344929854107413
4,17,6.008114508507687
4,18,199.92015111490295
4,21,1.228311871893928
4,22,1.7365786678165336
4,23,6.062308206758771
4,24,6.124462124429971
4,27,79.11138793645533
4,29,3.542789026667499
4,2,1.0635796498517749
4,6,199.84837611527874
4,7,1.1682488560715127
4,8,1.1432471397566406
5,10,2.849694724696654
5,12,1.007080284233869
5,14,1.0222105319105337
5,17,1.0392408491571439
5,18,6.2321017458018835
5,21,4.183920783302075
5,22,2.268217709057441
5,23,1.06619228794796
5,24,2.468988862521238
5,27,200.01599668607037
5,29,1.6131088594553875
5,2,1.0626411898321442
5,6,118.32265180016633
5,7,3.5306328386043995
5,8,3.06339431033704
6,10,2.3122460809163274
6,12,1.0212086409543082
6,14,1.036504779151955
6,17,2.3685100077911745
6,18,1.0332779883288552
6,21,6.262652652643317
6,22,168.50943739469284
6,23,5.832074573555814
6,24,6.001395912444626
6,27,77.05676636822933
6,29,1.117387706528248
6,2,1.2096038382690815
6,6,6.446103061310338
6,7,4.520479344151885
6,8,123.75286642810741
7,10,6.364885303568461
7,12,1.008018557833979
7,14,6.038169099853031
7,17,1.986575537311208
7,18,200.0968237846898
7,21,1.348335388206613
7,22,197.97447002281146
7,23,194.93106573971085
7,24,6.177449729723998
7,27,168.460225625896
7,29,1.4088979159826391
7,2,1.168875790494686
7,6,6.701276602929736
7,7,3.8979818328546965
7,8,1.1746693503119514
8,10,7.502842852590584
8,12,1.0212587054459725
8,14,1.0189485729746817
8,17,2.352640423273531
8,18,201.96450065545662
8,21,1.2073709018121253
8,22,65.98729583341031
8,23,125.39284132188345
8,24,6.174569711500974
8,27,199.67935092681557
8,29,1.4231262817331445
8,2,2.54428786161708
8,6,188.16501956809836
8,7,4.08752746674631
8,8,1.178359122352619
9,10,200.43454229836033
9,12,1.0087022694513288
9,14,1.1107675969637012
9,17,2.3298658548287414
9,18,199.9665401126065
9,21,2.0158455236683808
9,22,65.40316838646001
9,23,200.2026814013164
9,24,2.3224477305933817
9,27,201.11294615135634
9,29,7.119212322980145
9,2,1.2110064895103845
9,6,202.1468088055167
9,7,8.09584176444412
9,8,1.0286767936860228
10,10,16.973171477139584
10,12,1.021148453625413
10,14,2.796271869013826
10,17,2.348409255870285
10,18,200.07633584207915
10,21,6.688827580364599
10,22,6.479999765530095
10,23,200.15559051537232
10,24,5.9884698281478785
10,27,200.08247683344624
10,29,1.6720972825541034
10,2,1.1003222534654906
10,6,173.21322597763972
10,7,3.4115756276802878
10,8,1.0587555278056793
11,10,17.507984396702728
11,12,1.0088200598420467
11,14,6.087711351557984
11,17,1.0390988266116286
11,18,199.9876557587217
11,21,2.4737940611378795
11,22,65.86727729470292
11,23,203.5705000026586
11,24,2.3534455880592535
11,27,200.9391791102983
11,29,1.100202775925824
11,2,9.578889873431134
11,6,200.1691807605352
11,7,1.1041858814384142
11,8,1.2902912746278186
12,10,6.392868231525927
12,12,1.0262071881567472
12,14,2.8594887238370448
12,17,2.5506092177445594
12,18,77.73833830968182
12,21,2.755067412385078
12,22,57.777263335837084
12,23,200.06091768903457
12,24,6.154538245355817
12,27,199.81106311373097
12,29,1.1929127156611146
12,2,51.8804270866891
12,6,200.36129057216561
12,7,4.419128831920248
12,8,6.145027122058193
13,10,13.119832414136075
13,12,2.133983345695328
13,14,1.1420912801425873
13,17,5.521263579578994
13,18,5.997380302969396
13,21,1.1884196681861894
13,22,172.96051990070663
13,23,199.2075661769046
13,24,199.97550157720414
13,27,200.1580671869642
13,29,1.1258413419887188
13,2,6.815588189545483
13,6,200.2113303780912
13,7,5.926403550178106
13,8,199.9786639406297
14,10,5.747251344644353
14,12,2.5876928031909143
14,14,1.0201497567050193
14,17,199.98927174907797
14,18,77.6489306693266
14,21,3.6822010151201856
14,22,176.04614365465454
14,23,6.003383237863191
14,24,5.993245988711292
14,27,199.93217917466592
14,29,1.760985161202113
14,2,6.167800989642778
14,6,191.48023193061778
14,7,1.2379936164900756
14,8,16.34333928246939
15,10,16.885023892103032
15,12,1.0155076322021386
15,14,2.65151675317923
15,17,2.3668530732991533
15,18,77.93078006338527
15,21,3.614872241529312
15,22,3394.6733462339403
15,23,37.60671957384118
15,24,2.3911399190640434
15,27,199.78823763306485
15,29,1.189953821585813
15,2,1.4657673635985211
15,6,6.986252127177997
15,7,1.1050042265497881
15,8,6.032266950522738
16,10,15.393200742394177
16,12,1.0844292289090944
16,14,1.0147411765754237
16,17,1.0149107116774245
16,18,199.93658991340257
16,21,196.73591307408176
16,22,66.90354190473262
16,23,7.288919818838219
16,24,1.0358171392312574
16,27,5.988207253902499
16,29,2.629512395867073
16,2,6.004837702378041
16,6,198.2340004077115
16,7,1.181655890465916
16,8,5.852085495618266
17,10,7.445441576801629
17,12,1.0722372385655696
17,14,1.0649125365494194
17,17,2.373622637497451
17,18,200.2095841325132
17,21,7.9489713738262955
17,22,6.003448006690295
17,23,6.111089896558292
17,24,2.3250613039302785
17,27,1.0310988858330925
17,29,5.440523108126346
17,2,1.3597735528782933
17,6,200.38381085296146
17,7,1.138115436753882
17,8,77.00229694138271
18,10,5.323163460552611
18,12,1.0176291677283562
18,14,1.0302528155547295
18,17,1.8303894624043726
18,18,320.9746732790721
18,21,5.884226504461241
18,22,1.2623637723638046
18,23,6.436530963030618
18,24,1.0465592739362104
18,27,1.0268448726286628
18,29,4.806419683846863
18,2,3.1085078725020834
18,6,77.2123608433252
18,7,1.0881757779406298
18,8,76.87819353474522
19,10,4.419550487815737
19,12,1.0539194061017054
19,14,1.0132653439480945
19,17,4.623822585166488
19,18,200.08639671524946
19,21,4.896090927190905
19,22,5.510530177858476
19,23,14.90842322856697
19,24,2.32370007004083
19,27,1.0862273771838993
19,29,1.1544158220418632
19,2,2.8937110818513676
19,6,197.39142617283642
19,7,1.2590144469715003
19,8,77.11150363176297
20,10,1.2165836606385743
20,12,1.0173695120854567
20,14,1.0676393561531115
20,17,15.257017280757355
20,18,200.02741884755278
20,21,1.2836541586908803
20,22,111.16461984557418
20,23,7.4665159230772264
20,24,1.0479199520944327
20,27,76.0596790377545
20,29,1.6219572804111968
20,2,11.192885778628893
20,6,202.9400249618593
20,7,11.014715668761045
20,8,5.989227675246015
21,10,5.738968061177404
21,12,1.0520173452439798
21,14,1.0141962489692504
21,17,236.59885586350177
21,18,123.58511448645523
21,21,6.203642877836564
21,22,93.71838940571998
21,23,2.488833828059445
21,24,2.305708876656842
21,27,5.994916591052258
21,29,1.1431478294923754
21,2,6.268082798860267
21,6,199.83069084245355
21,7,196.3176188387987
21,8,5.984687569215495
22,10,6.1738531316671725
22,12,1.0203479511850864
22,14,1.0669249921211292
22,17,200.10073127683717
22,18,124.10418564419484
22,21,195.40556736780798
22,22,113.9798098573135
22,23,6.107833861455258
22,24,1.0565445088322076
22,27,1.0633040366019892
22,29,1.156145726731564
22,2,1.1727188094907397
22,6,196.73873847673553
22,7,202.18952090993892
22,8,1.0328947757838374
23,10,5.85307208774484
23,12,1.1174900426176406
23,14,1.0161801608666745
23,17,267.3560289251829
23,18,321.65310391406666
23,21,73.72615521394842
23,22,72.20542204903427
23,23,1.0626799925147856
23,24,2.3902273485228793
23,27,5.977409230506473
23,29,2.0888619586035597
23,2,1.5390055977935162
23,6,1.5789736963188417
23,7,11.10501385947388
23,8,1.131587925164576
24,10,4.624337663188186
24,12,16.31332425632057
24,14,1.0831438896130132
24,17,105.92850722286694
24,18,207.38126644733214
24,21,75.56192017961992
24,22,199.74978878133274
24,23,1.1494066157869578
24,24,1.0537172512006077
24,27,6.145286353874378
24,29,735.3025172310472
24,2,1.3356164021082204
24,6,5.812749399046464
24,7,1.3789012579226343
24,8,1.020372892030787
25,10,5.4568405164638305
25,12,193.4857621895987
25,14,1.0175250595788048
25,17,125.12436129996232
25,18,321.6591335882738
25,21,75.96537662896525
25,22,201.2118761940587
25,23,1.0432067385924992
25,24,2.3310198565975386
25,27,123.96129064723368
25,29,7.956346627414777
25,2,3.1519298448386275
25,6,2.0188774605691275
25,7,3.0579813645599088
25,8,1.0334747302211185
26,10,1.368205074330028
26,12,99.97070771492909
26,14,1.0749669675308728
26,17,15.50377749693521
26,18,321.0053285047139
26,21,199.32906101330764
26,22,210.02069908427876
26,23,1.125812632277115
26,24,2.353813142009377
26,27,6.055002024391567
26,29,1.9813677364784072
26,2,1.6159617309905208
26,6,5.508004123147382
26,7,1.2239121748930724
26,8,123.75859778218285
27,10,5.510561115536789
27,12,123.90588770592608
27,14,1.018735542763984
27,17,6.058756150908227
27,18,200.20137500618566
27,21,196.4740913674161
27,22,341.3535050860861
27,23,1.0367787189103066
27,24,5.875572268831898
27,27,6.123304611697501
27,29,1.2941652207665542
27,2,3.645306090957622
27,6,5.8406241928521
27,7,1.2603410066594325
27,8,124.44495707513296
28,10,4.930669830769712
28,12,6.338443755872066
28,14,1.0645771557409553
28,17,5.020103630337565
28,18,199.82933040062784
28,21,198.58168060951752
28,22,344.17367116859623
28,23,1.0961610891838536
28,24,2.3400949893631946
28,27,6.044838204569766
28,29,1.710398053293091
28,2,10.129209599354132
28,6,128.1234046748104
28,7,1.3151776887444275
28,8,236.21220382817452
29,10,5.6581014067793385
29,12,5.95934885707815
29,14,1.0158378127965058
29,17,5.871714926184259
29,18,321.7104195311941
29,21,109.88518556508261
29,22,24.727739819866752
29,23,1.024095406585438
29,24,2.3629690435600543
29,27,77.02367564875192
29,29,1.2193720935617876
29,2,3.786587858052504
29,6,24.194290436820204
29,7,1.1373496382984454
29,8,199.90206744239768
30,10,7.141741909708374
30,12,5.145310150478702
30,14,1.019863211517379
30,17,3.5865292867617495
30,18,199.8840587628193
30,21,139.91222789739584
30,22,22.8927011676152
30,23,1.0255714990266376
30,24,2.3577345082725625
30,27,77.01479376632633
30,29,5.507025938228732
30,2,17.563647819069768
30,6,79.58715199933992
30,7,1.0839210351315933
30,8,200.06108393972212
31,10,119.49908591772436
31,12,5.952556458674402
31,14,1.0557520453316773
31,17,5.971250987052245
31,18,321.73214295374805
31,21,76.11562724627403
31,22,7.034547390395249
31,23,1.5448890612835635
31,24,1.8088278662453177
31,27,199.95940679490994
31,29,1.2015872387039126
31,2,19.915132127634298
31,6,199.81068997490198
31,7,1.4097390623782065
31,8,199.71177085616083
32,10,17.019233446795038
32,12,6.310039575626541
32,14,1.043838045390992
32,17,4.869778239283021
32,18,322.0383623642725
32,21,196.88277619741368
32,22,5.907412315861713
32,23,5.588636525128475
32,24,6.142140023465053
32,27,76.87364269651805
32,29,2.754071166985041
32,2,138.51717582677165
32,6,167.88177084127136
32,7,1.198688068587737
32,8,200.03972107579028
33,10,17.036048396033443
33,12,7.476637421118397
33,14,1.502921260174866
33,17,5.823543875720508
33,18,123.92015218275196
33,21,197.0189327270858
33,22,5.629715526387125
33,23,2.9517980701215625
33,24,6.177257864984679
33,27,76.80771960975419
33,29,3.496772267442126
33,2,7.965416565382157
33,6,169.60063941957492
33,7,6.566636434924766
33,8,131.82201063266993
34,10,6.5575280947304035
34,12,5.941635016968992
34,14,1.0301093270110375
34,17,1.0569591321137068
34,18,199.99392312953486
34,21,164.3062404867285
34,22,5.846728934277654
34,23,1.100471455967039
34,24,5.904318766832711
34,27,1.1802700708195688
34,29,1.6168848031292256
34,2,4.622786730074018
34,6,199.02097230808627
34,7,6.556186850717132
34,8,236.64490994247703
35,10,4.985362781071137
35,12,7.177697922163721
35,14,2.5239254527349058
35,17,5.794692739632491
35,18,199.97130076612464
35,21,196.67688859845677
35,22,1.4698244530855404
35,23,1.082041060351482
35,24,2.430446641009702
35,27,5.983919450173808
35,29,2.916145884658019
35,2,7.296373012325348
35,6,193.1159508255433
35,7,122.90553326240256
35,8,236.6256283985023
36,10,8.84574201831547
36,12,16.310715045534227
36,14,1.0513054529531458
36,17,1.0666914834192556
36,18,77.05217615148766
36,21,74.15841210723346
36,22,5.4707016471988545
36,23,1.223695601069368
36,24,6.150191488435703
36,27,1.0912928290487698
36,29,5.947351566045165
36,2,200.13029181025212
36,6,6.109808260246826
36,7,5.328072526748136
36,8,236.6313306872208
37,10,16.37638939221318
37,12,6.023118593382974
37,14,1.1291813423129768
37,17,5.752247804194425
37,18,6.00065629710326
37,21,1.3378780743411691
37,22,4.879418319813716
37,23,122.76038451666321
37,24,7.141736665793598
37,27,514.6776700556669
37,29,1.244758023142258
37,2,78.38824213038271
37,6,2.6434299699444925
37,7,2.02004202201862
37,8,200.07249746652062
38,10,200.7255846257135
38,12,5.982075588121917
38,14,1.0166501553570435
38,17,1.0230850592764325
38,18,5.450140415608204
38,21,5.659914385154772
38,22,4.867648356330891
38,23,1.2928030718887635
38,24,6.008379432137364
38,27,435.91049483508027
38,29,1.6339384895276987
38,2,77.18993931425025
38,6,90.39800871893786
38,7,1.1947311569484478
38,8,237.10298049018581
39,10,16.829781616546708
39,12,6.200546486376885
39,14,1.0430082220093457
39,17,1.01771097363133
39,18,77.1003983752536
39,21,5.787066548144495
39,22,7.371452355809174
39,23,1.0564943416021932
39,24,5.964545565025365
39,27,517.2459936073958
39,29,1.1484409842363905
39,2,80.4173623374175
39,6,76.65345623030194
39,7,1.7334407624485202
39,8,236.3585354221876
40,10,5.613304867581061
40,12,10.969221236629593
40,14,1.136182682192338
40,17,1.2110597771412612
40,18,200.24446834941045
40,21,196.57587815182006
40,22,80.58575905264547
40,23,1.0438379149085595
40,24,1.0375986934280252
40,27,200.4391058600427
40,29,1.8205778938627375
40,2,212.41713202167765
40,6,91.33341564112222
40,7,1.879627313086217
40,8,236.57030909228263
41,10,6.379162305209286
41,12,5.997365190911086
41,14,1.0071908206521671
41,17,1.1181861030719449
41,18,199.97600241991728
41,21,196.89620415626456
41,22,208.46275727591612
41,23,1.1040082217879772
41,24,2.2956172072792214
41,27,202.07603940324435
41,29,1.1766571406439617
41,2,200.11221686211113
41,6,5.67799707926385
41,7,6.095496610315399
41,8,200.4415816929346
42,10,6.128802430194455
42,12,6.1617989156708495
42,14,1.0643354023329201
42,17,5.9632528083179706
42,18,2.4084243362977955
42,21,5365.124810587824
42,22,209.1546692957932
42,23,1.26480741439697
42,24,2.361471930070974
42,27,200.38146750454607
42,29,3.2959362500562945
42,2,200.53184145058427
42,6,1.1897089270980072
42,7,6.5609379417969205
42,8,236.77520616751707
43,10,16.475753336724587
43,12,124.13195062821416
43,14,1.019035686338213
43,17,1.1698273812113915
43,18,2.3450731907306506
43,21,200.12845818020455
43,22,200.56090427884016
43,23,1.0213963499217147
43,24,2.347074605672473
43,27,517.5515501451416
43,29,6.127034453259666
43,2,6.813893608845866
43,6,1.5384220829376865
43,7,6.143424431267649
43,8,236.69686957755138
44,10,4.00659824195725
44,12,3118.1583631653416
44,14,1.1276621273566256
44,17,5.766702729752202
44,18,1.5257839933732364
44,21,199.95572826173233
44,22,212.89565086821986
44,23,1.0648808160580125
44,24,1.0467690620506964
44,27,200.10767090618015
44,29,2.562792794496668
44,2,76.81696568564429
44,6,1.2049650615000038
44,7,125.97761279101343
44,8,236.94278320893574
45,10,5.696594195298061
45,12,3118.637947327974
45,14,198.80682216320795
45,17,1.0586266156739685
45,18,5.661845312071761
45,21,9.09820180719564
45,22,200.1220596311052
45,23,1.0896446997720166
45,24,2.319682392196635
45,27,199.19816552213518
45,29,3.8642455922651355
45,2,7.488439975679167
45,6,5.286966268982462
45,7,197.8874789564279
45,8,200.06938545318184
46,10,1.32486878257887
46,12,1200.6421523443703
46,14,200.75505136780725
46,17,6.000079385277125
46,18,5.898487771535796
46,21,7.477475337131211
46,22,208.65420919646596
46,23,1.066224637634897
46,24,1.0511844757325994
46,27,199.21974271092986
46,29,2.898615659075153
46,2,198.48192748520853
46,6,196.6308354911351
46,7,199.4060886072593
46,8,200.00401034620654
47,10,16.769397884540343
47,12,3118.683661746357
47,14,77.18877751414315
47,17,6.113674714891812
47,18,5.56924273523992
47,21,1.3777282371865032
47,22,204.3890243199554
47,23,1.041489949201477
47,24,2.316254383834259
47,27,199.27551687279836
47,29,1.9069066128771874
47,2,199.70030772951375
47,6,200.7161738216032
47,7,261.1342188874653
47,8,200.11526175182735
48,10,6.600749493715421
48,12,3118.651125682521
48,14,199.88676791403634
48,17,199.61616002144726
48,18,1.8115854745902287
48,21,2.6378510868341842
48,22,213.1341518741958
48,23,1.1477584385157171
48,24,1.0815591580689423
48,27,200.03612860304716
48,29,2.591955608110212
48,2,169.33312047197836
48,6,199.63888472061797
48,7,136.86738614997316
48,8,200.4708918576956
49,10,6.23219041490843
49,12,3119.7691821290978
49,14,200.1811133872758
49,17,169.2349272095374
49,18,2.4363057123479783
49,21,1.2092652743488845
49,22,199.9300099587433
49,23,1.152011486554988
49,24,2.3410474197746316
49,27,199.3616606378584
49,29,1.4303210652361211
49,2,200.3467932409799
49,6,203.8793149470982
49,7,133.31294241683477
49,8,236.61700585753044
50,10,5.69719582495446
50,12,3118.279465230544
50,14,199.76603505565058
50,17,199.6689306292987
50,18,1.457983446577778
50,21,2.4413055665548913
50,22,167.1352487194255
50,23,1.12323025913963
50,24,1.0609337009724813
50,27,199.84760233805207
50,29,2.6167819943069643
50,2,201.40335077686828
50,6,199.6025965603608
50,7,132.96973698446126
50,8,236.7161284814717
51,10,7.326961265637191
51,12,3118.6052812876555
51,14,199.8663203364896
51,17,199.43028865758907
51,18,2.229052031725728
51,21,2.512024152866406
51,22,186.54059705728332
51,23,1.032442822798016
51,24,2.6087016076952976
51,27,199.48146897039896
51,29,2.0362773636962257
51,2,199.8040574186523
51,6,201.09187506935328
51,7,7.425383447624383
51,8,236.648213989188
52,10,25.78523041687307
52,12,1202.6534763775776
52,14,199.99496055921313
52,17,199.99940792969556
52,18,1.399976338637785
52,21,2.569516142135
52,22,6.2581361715853605
52,23,1.0692356175387272
52,24,123.2316879216128
52,27,200.6254894669601
52,29,2.1431392876584083
52,2,200.15760897029085
52,6,76.89843623251843
52,7,5.857408001284644
52,8,200.05568187009584
53,10,6.69090167067006
53,12,3118.593210012701
53,14,200.1212976573784
53,17,199.59114248656164
53,18,2.1941781273186267
53,21,1.225488902068513
53,22,78.58225262938967
53,23,1.024950613509121
53,24,2.4084750099139005
53,27,202.9675457369948
53,29,1.9274254512508155
53,2,199.11313106414138
53,6,5.956159135235479
53,7,2.2192960615094166
53,8,91.0775864172455
54,10,4.3185982354809465
54,12,3118.5241083443893
54,14,77.14708196506857
54,17,199.9407373324238
54,18,5.840052107743586
54,21,2.5528678165464105
54,22,4.987493010334453
54,23,1.0380519036827878
54,24,1.012938712584366
54,27,5845.826049964614
54,29,1.177990544563131
54,2,1.560924070096582
54,6,1.3553920237207449
54,7,5.059902729188812
54,8,235.2859588209561
55,10,5.486144789310198
55,12,3118.5758757743038
55,14,126.54458531265932
55,17,199.98862873089323
55,18,1.3372340745689926
55,21,1.1789615733473895
55,22,4.968967561386094
55,23,1.1281937875251715
55,24,2.163324642137003
55,27,5847.283083390776
55,29,3.7674244815098583
55,2,1.1754140878115293
55,6,2.386755146798967
55,7,5.517258768364543
55,8,200.00941062930207
56,10,1.4403688430165895
56,12,200.25614956708387
56,14,77.09614472856607
56,17,200.17287346467486
56,18,2.2511226840826035
56,21,2.5357242722041806
56,22,80.15878665062814
56,23,1.276218277684031
56,24,1.044955408294264
56,27,20299.165614690926
56,29,16.764678761457752
56,2,1.5666625789353932
56,6,2.3064540675773157
56,7,7.432087433295979
56,8,236.66385190860927
57,10,5.282008122944307
57,12,200.20158162982509
57,14,126.49914149575552
57,17,76.70744996450212
57,18,1.8418918641516462
57,21,1.3766859395264839
57,22,200.55516995380682
57,23,1.0389284873438474
57,24,2.1213284164590003
57,27,15790.28629346131
57,29,5.339716273870751
57,2,1.1888340880464299
57,6,3.127592794289877
57,7,6.387308477738022
57,8,236.23298281531854
58,10,1.4316051034950008
58,12,200.11536971846624
58,14,77.2278801277307
58,17,5.9904504204300615
58,18,2.1567779361799144
58,21,2.1234820976114896
58,22,208.01172415901385
58,23,2.378503562835062
58,24,1.7779446681461752
58,27,20298.145235043343
58,29,5.935279971544675
58,2,5.782142466332527
58,6,2.0461733993272158
58,7,2.9911693538726354
58,8,200.00135324109252
59,10,6.242243311416199
59,12,274.85383481430927
59,14,199.966290370276
59,17,1.057250401093685
59,18,2.2037517848089196
59,21,6.782844557905627
59,22,78.82050835764521
59,23,1.1728157610244805
59,24,125.98819613591917
59,27,5847.285558253925
59,29,5.809011196770919
59,2,6.019960624827502
59,6,4.330604387338683
59,7,1.5051147718946993
59,8,1.0609562149062695
60,10,3.984791590540357
60,12,125.17669404757555
60,14,122.61270135205649
60,17,6.5592890709603955
60,18,7.130171867458084
60,21,1.2489922772982895
60,22,5.990539673389111
60,23,1.0431027897322842
60,24,123.53648384731531
60,27,6908.459905808045
60,29,6.25311223278361
60,2,6.127435145848929
60,6,5.631564445326807
60,7,1.207685413875942
60,8,1.0553643704265419
61,10,2.135117185370155
61,12,105.85620331713895
61,14,197.07912098253573
61,17,200.05106886074225
61,18,5.909969563135329
61,21,2.3712057614248767
61,22,1.6394898119212704
61,23,1.084974531616786
61,24,48.78272817643226
61,27,5846.959096524137
61,29,7.58232356620988
61,2,1.9161287907488327
61,6,75.16810006176851
61,7,51.44482036478578
61,8,5.499998479412861
62,10,5.972373974405639
62,12,105.54301614144248
62,14,77.13246924682764
62,17,199.93716326319472
62,18,6.11940739222756
62,21,1.3338457466914226
62,22,5.945906954104641
62,23,1.0602807679082846
62,24,49.1715667648829
62,27,5847.159610587342
62,29,199.81070843869782
62,2,5.6630444578592085
62,6,76.96353266613137
62,7,134.29483006388514
62,8,6.113636218573005
63,10,15.740263828495575
63,12,5.955071793377624
63,14,200.0034200514871
63,17,200.0277762176961
63,18,6.793083463290523
63,21,2.8490396017466972
63,22,6.764924167591502
63,23,1.122481832068009
63,24,124.95617298306814
63,27,122.05559349592254
63,29,202.8169383228424
63,2,4.883666085970501
63,6,78.54954343074968
63,7,10853.013512289739
63,8,88.63051164157926
64,10,6.414673766154675
64,12,1.1167842839189948
64,14,200.26629362955723
64,17,199.68150318286098
64,18,1.1768524429532388
64,21,2.5987768225235395
64,22,139.34495857438927
64,23,5.861310448794483
64,24,6.021564616726518
64,27,77.11436527836204
64,29,214.62356486771776
64,2,5.167835407105379
64,6,77.71658431994103
64,7,214.06887194761686
64,8,236.61384529813986
65,10,6.190854054498015
65,12,5.950345713247615
65,14,200.68456529702848
65,17,1.0197272829493238
65,18,1.1224471031453305
65,21,1.9236298584535996
65,22,125.10828366860584
65,23,6.422503754383634
65,24,6.121520394603984
65,27,1.272861016520499
65,29,201.14700142067622
65,2,7.073080184216471
65,6,5.942632550021546
65,7,219.36340377192656
65,8,199.43930646480635
66,10,14.707978916092209
66,12,1.075584672125003
66,14,197.46001040950435
66,17,5.865834591176123
66,18,1.0275200880812903
66,21,1.6678731935874473
66,22,207.45563878851894
66,23,5.602449831678105
66,24,199.7801543286322
66,27,1.6652214931982334
66,29,200.80884550058667
66,2,199.13205831820537
66,6,2.7364204754134738
66,7,199.20962340793065
66,8,6.216820725490221
67,10,199.85048170677678
67,12,6.439102858320441
67,14,200.23580362186343
67,17,1.0637340135554179
67,18,1.094629732384381
67,21,1.6579562741576566
67,22,207.53407462391965
67,23,3.257968175460388
67,24,77.36641547386684
67,27,1.0379359350098198
67,29,201.0387344078957
67,2,124.42426075472333
67,6,1.4008409221843086
67,7,52.015848102140566
67,8,91.15574683073748
68,10,16.579724252443427
68,12,105.3983312050699
68,14,199.9371995290263
68,17,6.014825527865158
68,18,1.0273483230635128
68,21,1.154412427748418
68,22,206.26523900210108
68,23,7.878406382156029
68,24,123.61313122036958
68,27,5.947585577036196
68,29,202.93293897150406
68,2,6.350175476718124
68,6,8.836650514363981
68,7,46.39008129960662
68,8,199.90994643130284
69,10,7.1210339470470325
69,12,199.9596566189954
69,14,200.29694935879076
69,17,1.0862383884522264
69,18,1.0413735626707528
69,21,1.0721802313373945
69,22,200.39720118157953
69,23,16.7431627093027
69,24,3362.521131818671
69,27,5.431711554431498
69,29,214.826529217214
69,2,198.76054061922292
69,6,199.81880048645095
69,7,53.57502861824503
69,8,91.02764665746716
70,10,4.702518047681601
70,12,105.39082770723975
70,14,200.03644598947307
70,17,5.999733034824852
70,18,1.0126323758038238
70,21,2.3429430768775017
70,22,209.50165258608678
70,23,199.5637565894047
70,24,2846.1638090457172
70,27,108.58329125438635
70,29,208.5834525164492
70,2,199.89028133397258
70,6,199.16105092716404
70,7,134.17488086466165
70,8,1.2536897941634149
71,10,3.675598404462382
71,12,105.47358610566434
71,14,200.00782890579808
71,17,1.0725113015923788
71,18,1.016105854059301
71,21,1.5620811206473535
71,22,200.08702055322885
71,23,199.3472246128207
71,24,11510.570520390262
71,27,199.341142188366
71,29,201.28623825923438
71,2,77.30878197884208
71,6,114.20173988978748
71,7,143.97921688342257
71,8,5.98786964256615
72,10,4.742828871832861
72,12,105.66912896962116
72,14,199.71838227598076
72,17,5.926900495333248
72,18,1.006833795436062
72,21,2.4978280422044286
72,22,199.79704361114526
72,23,124.30183142567661
72,24,199.91845323200715
72,27,200.5511632086989
72,29,201.22098452091413
72,2,199.15271903285384
72,6,80.2387748240758
72,7,134.0699200232175
72,8,6.734677299956577
73,10,7.559350230343601
73,12,273.9508386674858
73,14,6.277727409683906
73,17,76.53862876557274
73,18,1.047644847250018
73,21,1.2148482310876834
73,22,200.33552364585097
73,23,17.896275217944773
73,24,200.00086079088064
73,27,200.01095399034062
73,29,200.17148408056457
73,2,199.40245930130817
73,6,119.25584535369788
73,7,61.54173006433575
73,8,91.16122252511795
74,10,3.882406806212817
74,12,273.95985261773313
74,14,200.02188305065155
74,17,199.60454107482377
74,18,1.0135817912804679
74,21,2.3884443829333937
74,22,208.38048353493846
74,23,20.60929554306005
74,24,199.97351779067998
74,27,169.3099377131454
74,29,196.31201320940585
74,2,199.90154048952334
74,6,78.4426510685036
74,7,1.3464580991958346
74,8,236.6032138082571
75,10,3.7215705022825856
75,12,200.66090626191956
75,14,199.9296207995578
75,17,199.96393792899167
75,18,1.0322452807987177
75,21,1.3239123662047252
75,22,210.70391293703787
75,23,6.016858009388695
75,24,200.0532690533395
75,27,77.11606260591795
75,29,176.34998993050814
75,2,200.4636829135381
75,6,75.52791205955572
75,7,1.085132146424185
75,8,236.7586458589891
76,10,1.1709817996977523
76,12,200.1291621350696
76,14,76.97073353825265
76,17,76.96139800493322
76,18,1.037802416159282
76,21,6.000111915543529
76,22,209.68774769840775
76,23,5.434935846839602
76,24,199.80591802481823
76,27,198.32777418612346
76,29,200.36181644055296
76,2,200.27236385497784
76,6,79.2354780450465
76,7,1.1491203676220616
76,8,232.85491766684257
77,10,1.2793876474653858
77,12,200.24538406755195
77,14,5.9454651300117565
77,17,1.9540927637475365
77,18,1.178746863793951
77,21,61.883919799871215
77,22,201.50033195110032
77,23,1.8887650506647387
77,24,198.13445714946207
77,27,200.02440955651787
77,29,201.41457972189218
77,2,201.06351799954996
77,6,198.2216902419861
77,7,1.3059455241265927
77,8,203.6054132404573
78,10,1.1254134841983099
78,12,6.341791304745101
78,14,1.0754731891418985
78,17,1.029033239925939
78,18,1.1391968630810496
78,21,2.9873330851447535
78,22,204.86964849416785
78,23,4.378651938516515
78,24,76.92036515335077
78,27,5.996897768369888
78,29,202.43140503483025
78,2,200.1787040967586
78,6,200.81228902157665
78,7,1.2313065374091996
78,8,200.15649596971159
79,10,1.1640352161639025
79,12,199.937086852826
79,14,2.0501666711057656
79,17,6.001368693534166
79,18,1.018466504407538
79,21,2.813354960709034
79,22,200.6387615722783
79,23,4.217058934688145
79,24,77.01580779704373
79,27,1.0187303472033384
79,29,202.63433127861893
79,2,200.2327842513514
79,6,200.62158517943752
79,7,1.2662707317416553
79,8,200.09260188498993
80,10,5.522779433500195
80,12,200.06131167005213
80,14,6.105150703285545
80,17,1.0533895900965768
80,18,1.0185166382389284
80,21,1.145382030204209
80,22,204.26220987434215
80,23,1.0802323706549377
80,24,122.9075012170367
80,27,1.155296765515153
80,29,201.07577723440787
80,2,200.30500532501011
80,6,195.00495113993628
80,7,1.2156221410818444
80,8,200.01882926525826
81,10,554.4486449705755
81,12,273.5551749376434
81,14,6.008516175159518
81,17,1.672484639485767
81,18,1.0713649483604846
81,21,3.273551000960102
81,22,77.9787107562881
81,23,1.1184578282763857
81,24,122.96488371001136
81,27,6.038428083345094
81,29,200.9870884263684
81,2,199.60019605342242
81,6,5.941550931325615
81,7,1.240326142513471
81,8,200.6252044453381
82,10,5.49595608124195
82,12,273.69558599938546
82,14,1.1086086514533484
82,17,1.0470944995218066
82,18,1.0127753104565285
82,21,6.747024101718134
82,22,6.044303329880706
82,23,1.2364768495683833
82,24,76.8907199170697
82,27,6.177079836611537
82,29,199.51618616946615
82,2,109.39444000987083
82,6,5.587811859587849
82,7,1.7235878295427578
82,8,199.7007470761563
83,10,4.082032679333004
83,12,273.8283808426959
83,14,1.0167039571800183
83,17,1.3742511628888765
83,18,1.046631572794486
83,21,1.8064637887657653
83,22,1.3836407474512646
83,23,5.855592205329135
83,24,6.017446430615287
83,27,199.94978655501782
83,29,200.67888637623875
83,2,111.68165940071643
83,6,76.620905384156
83,7,51.37778465770912
83,8,170.7893965453099
84,10,1.3686698551796912
84,12,203.88952809092743
84,14,1.032141780244377
84,17,1.035643366040281
84,18,1.3692883902633721
84,21,2.665922468219629
84,22,6.205979918662559
84,23,6.2130597235184055
84,24,5.935330133202848
84,27,200.0641483052536
84,29,197.56479561589225
84,2,77.53809686306883
84,6,200.03540866524244
84,7,132.49876452257118
84,8,170.97068162965076
85,10,1.499570178908361
85,12,200.09814681264157
85,14,1.2074096702111068
85,17,1.0808669097100143
85,18,6.038760670621791
85,21,5.139516450778253
85,22,9.604508389180967
85,23,1.139005793639502
85,24,5.554455658632857
85,27,199.19922167816512
85,29,2.3271773601141197
85,2,110.02642503833508
85,6,200.83971768190142
85,7,132.7021159032838
85,8,199.93658445483274
86,10,2.356420245392191
86,12,105.69722533465827
86,14,1.7842921850351452
86,17,5.605291713198897
86,18,199.94482459890952
86,21,120.5910907273886
86,22,193.0017955068945
86,23,1.8603689227082323
86,24,5.997273623358148
86,27,5.87665783123211
86,29,1.7716128370367137
86,2,200.59693651746758
86,6,201.0120374373724
86,7,5.793412381527032
86,8,200.09604721077497
87,10,3.788229482568355
87,12,105.39116784325017
87,14,199.16323143705662
87,17,4.954728687899001
87,18,199.47559580686578
87,21,115.71012475906174
87,22,121.28362207297333
87,23,1.1177938221289727
87,24,6.151639076322615
87,27,1.0973650749519124
87,29,4.951084577716765
87,2,199.73322920050165
87,6,200.20908540902917
87,7,1.0643233129610246
87,8,199.96912409609718
88,10,2.114726273342918
88,12,105.37462406056717
88,14,199.8421948878568
88,17,199.8199940864205
88,18,76.8516549555127
88,21,6.211990888981385
88,22,124.04772931776621
88,23,5.684143071957995
88,24,199.77184105904522
88,27,1.0101615644778035
88,29,1.4119670566982354
88,2,196.70199283457356
88,6,77.27195532690591
88,7,5.056525321352592
88,8,86.42339519675399
89,10,6.552248645446483
89,12,124.01053890946505
89,14,200.21382978558793
89,17,199.82351335288874
89,18,199.128974342368
89,21,6.480898188924898
89,22,196.22724770134852
89,23,4.7196240647192305
89,24,199.75113950183191
89,27,46.8020839519434
89,29,5.020991003026589
89,2,6.290908038996421
89,6,199.9648298928738
89,7,10.349691149445311
89,8,86.08578273260134
90,10,6.756564818910407
90,12,1.1503841565597372
90,14,199.84980852847875
90,17,76.81039183395113
90,18,76.83504548713991
90,21,198.58230447569318
90,22,72.20755948917903
90,23,17.988619692395964
90,24,200.03876270015743
90,27,120.6850452228778
90,29,6.569803815325072
90,2,76.40754361359352
90,6,3.7034796680066946
90,7,118.33299200420107
90,8,86.50498673255288
91,10,10.201383174867411
91,12,5.957139893196624
91,14,199.98500153395386
91,17,4.8726604310734665
91,18,90.94322040371182
91,21,13.929067835674703
91,22,10.95811763936262
91,23,5.807289725206317
91,24,199.44884368186342
91,27,120.81929976549118
91,29,2.2642064057304676
91,2,198.53768604302192
91,6,21.027932389116405
91,7,133.23201374629323
91,8,199.90514197511186
92,10,6.577838552400979
92,12,1.6308505542623462
92,14,76.78040682348765
92,17,5.96907786321064
92,18,91.1111065646366
92,21,6.707076163337643
92,22,78.02101725178147
92,23,1.071054663521695
92,24,6.0741644512592865
92,27,5.981897389330569
92,29,1.1283878429112923
92,2,198.77003190699764
92,6,122.97496326009147
92,7,130.52466209103972
92,8,199.77887226789713
93,10,1.3737125014343043
93,12,1.0544278641696432
93,14,76.98378298336321
93,17,4.989874116642456
93,18,6.011652700988166
93,21,1.4445558298938679
93,22,8.802588579764857
93,23,1.0361117998136546
93,24,5.979418045652646
93,27,1.2153146947371236
93,29,1.1150932458847078
93,2,198.959097678287
93,6,200.27068022981825
93,7,51.847713997013884
93,8,222.8255548940226
94,10,3.4328014715155413
94,12,6.507893685525481
94,14,76.9999198946663
94,17,199.9017802299715
94,18,6.043960342760816
94,21,6.049761682063724
94,22,89.6511020821457
94,23,1.0410736832393597
94,24,76.80840977250394
94,27,1.1978869013386333
94,29,1.2502146525247928
94,2,198.87122477173912
94,6,200.53566212458452
94,7,51.61269225365704
94,8,125.40761021279873
95,10,3.724544966789869
95,12,200.07795026416983
95,14,91.1047247751066
95,17,199.88920296073658
95,18,199.46154987094644
95,21,2.4792084429484156
95,22,79.22224539094329
95,23,5.807434778138986
95,24,199.51113947163964
95,27,1.1149467123733463
95,29,1.8178677947494686
95,2,78.42282819903697
95,6,78.00677393191647
95,7,51.835339286665125
95,8,65.41463189306175
96,10,4.977368056327856
96,12,199.99912646853505
96,14,1.01240815867824
96,17,199.98378809015205
96,18,199.71989997203485
96,21,3.5836723130679236
96,22,196.44774227615866
96,23,16.729227294732468
96,24,199.68208972846026
96,27,4.942243089281527
96,29,6.578388087758321
96,2,8.536580462306562
96,6,77.37367335273042
96,7,199.41578063298581
96,8,77.01923512060253
97,10,2.091541104778467
97,12,105.41640889099196
97,14,1.0376270012973148
97,17,200.0134714943992
97,18,199.91300378612357
97,21,6.452485458010513
97,22,200.90762728474547
97,23,13.098043634184437
97,24,76.60365118532484
97,27,1.0457585200255688
97,29,123.21560744397922
97,2,5.799310202083076
97,6,170.47723270085157
97,7,199.98935482574907
97,8,5.704747017387554
98,10,8.984060714664537
98,12,105.73185595331728
98,14,1.6700386064393837
98,17,200.19956542292002
98,18,199.83716553079867
98,21,6.479752165999384
98,22,200.61957928718834
98,23,17.007508861134145
98,24,124.0056469963959
98,27,5.8818650629160505
98,29,19.969832917465567
98,2,3.024176917402684
98,6,199.47135293317322
98,7,128.1638797160047
98,8,1.0521513704709256
99,10,1.7846722420817869
99,12,273.70855056348114
99,14,1.6731514039298532
99,17,200.11168008980601
99,18,200.04898763511613
99,21,4.170619333935039
99,22,198.29012671672794
99,23,16.89301317100856
99,24,5.9736071839589835
99,27,46.51839615380054
99,29,21.65027978821546
99,2,3.987908506633232
99,6,200.3730800362525
99,7,122.87969083191904
99,8,76.81475543366317
100,10,2.30709594217402
100,12,232.26171813943984
100,14,1.0402644993473038
100,17,199.948520201577
100,18,199.9220359493002
100,21,1.1812234725601534
100,22,198.7902281108664
100,23,16.945511836797706
100,24,76.8262205432078
100,27,1.0100953335049307
100,29,4.677472904720637
100,2,5.634521100578941
100,6,171.17511054892285
100,7,14.070167421216278
100,8,76.81562432243797
101,10,6.7131786716763475
101,12,273.82399732746694
101,14,1.5550030037670148
101,17,199.9792973867358
101,18,200.14881791672488
101,21,2.226879832766622
101,22,199.515909845735
101,23,17.08859956705257
101,24,89.11655582606245
101,27,5.989107834296855
101,29,1.2523062569664167
101,2,74.94467174502367
101,6,169.2002675626257
101,7,51.21397361720189
101,8,76.97700115484758
102,10,1.576978637551362
102,12,12020.73870077079
102,14,75.94262277075389
102,17,199.93243026319786
102,18,199.8335837321546
102,21,1.2833303272818652
102,22,200.2515117375115
102,23,6.903822089012044
102,24,77.10903190301116
102,27,120.6708135106698
102,29,1.2335357777369154
102,2,5.870167746851501
102,6,199.48807825899348
102,7,56.21051485942259
102,8,199.9783036995562
103,10,1.1841108520235868
103,12,278.01734587587225
103,14,77.39084000593505
103,17,158.98276701332486
103,18,199.6515900708884
103,21,1.8037233798813306
103,22,200.07263219288873
103,23,16.983947782208908
103,24,199.7875551847221
103,27,200.0660193225723
103,29,2.165130533500457
103,2,6.180383864128057
103,6,195.65234477059974
103,7,64.72404380892598
103,8,122.81481364088394
104,10,1.0977063513410426
104,12,76.93353839746199
104,14,77.10599360578303
104,17,199.96190542223295
104,18,76.94936422718011
104,21,1.192739218428255
104,22,199.7001420817039
104,23,6.1482202348229436
104,24,5.98327817280568
104,27,200.02178851375686
104,29,1.1693034433128815
104,2,6.04516883311313
104,6,92.9461430782252
104,7,6.079383624225507
104,8,6.056112769994523
105,10,1.2454801203944426
105,12,67.10300906680298
105,14,199.97320850229121
105,17,77.09026549182575
105,18,90.86670445933066
105,21,1.138309820661197
105,22,77.61356971225477
105,23,5.994644036943435
105,24,76.81801378658132
105,27,200.1337970328596
105,29,1.4493385799319936
105,2,6.01260128604113
105,6,165.90996341632757
105,7,51.23547564106768
105,8,1.039197706587089
106,10,3.9473249309488185
106,12,5.845842689148341
106,14,200.0167866058398
106,17,199.991330742916
106,18,6.0349976206139155
106,21,2.397591734386305
106,22,6.584126300274487
106,23,1.0204621991848317
106,24,76.9120436837031
106,27,120.66823585524838
106,29,4.899819198955777
106,2,120.70544639141356
106,6,127.23936382934305
106,7,131.96115612509462
106,8,1.0518708429536834
107,10,10.600914480708788
107,12,77.42778161656925
107,14,77.41008106218347
107,17,169.39744697397816
107,18,5.85019616084206
107,21,1.6196971518583265
107,22,5.780532366092279
107,23,1.030428666992652
107,24,65.76034559429681
107,27,120.75070286914075
107,29,1.122344330696126
107,2,198.25863412617457
107,6,200.26038482130596
107,7,132.33114028928642
107,8,5.349634495655861
108,10,3.8595368492868123
108,12,5.329666311801505
108,14,199.95761928951555
108,17,199.88792452098053
108,18,5.958584942178204
108,21,2.0147067453356033
108,22,6.156172646223769
108,23,6.515203364037988
108,24,76.86126230474878
108,27,6.004522273626911
108,29,6.643713191746236
108,2,200.40784542211685
108,6,198.4939975000951
108,7,51.03692090347659
108,8,6.352935552018469
109,10,12.51732360092867
109,12,196.28627528172075
109,14,199.7980563137751
109,17,199.9384610772135
109,18,6.131567044008997
109,21,1.9885598563922517
109,22,76.56260636940983
109,23,5.506948871868578
109,24,1.2631598763706162
109,27,46.47269398090628
109,29,1.538150727916482
109,2,193.60923106469065
109,6,199.05735840686376
109,7,132.22782162153348
109,8,76.92210098065843
110,10,197.91936960760628
110,12,199.98828043741275
110,14,200.03096605449684
110,17,200.0425317749392
110,18,1.2034408001185226
110,21,2.8500880200179712
110,22,77.31199954595054
110,23,6.528485726678686
110,24,1.0131974689564927
110,27,120.65531022473891
110,29,6.493173384854197
110,2,5.8729892523617995
110,6,76.98819187516541
110,7,100.00154741500512
110,8,65.99001079864419
111,10,200.07766513798018
111,12,77.02377808470364
111,14,200.07873697511167
111,17,200.01737282575604
111,18,13.407260237698818
111,21,7.119527476422167
111,22,69.67960792974013
111,23,5.201627632679928
111,24,1.0052316529145657
111,27,120.73101454618484
111,29,5.822236246243098
111,2,75.77411732607574
111,6,8.376988458823105
111,7,126.47586606705623
111,8,198.60439721967506
112,10,10.512027561896964
112,12,199.916993037425
112,14,199.96848316852734
112,17,199.89406127626637
112,18,5.979737327440203
112,21,2.7371007182556277
112,22,76.92962565218873
112,23,5.894194675656848
112,24,1.1029656886898755
112,27,120.98232947750358
112,29,2.248329809749178
112,2,1.2527927068820721
112,6,77.35342431044491
112,7,1.2162394129728664
112,8,199.91644190561374
113,10,6.421647798103515
113,12,200.04291047898664
113,14,199.95812781129723
113,17,1.024580438664448
113,18,11.655294644227135
113,21,1.1455197655183305
113,22,77.21674362274676
113,23,5.1224375022029385
113,24,1.0941802056416325
113,27,46.368091283929715
113,29,4.714141899945079
113,2,1.4167683389188481
113,6,77.72697582383289
113,7,1.480378428219938
113,8,124.86908450262331
114,10,7.156497027464417
114,12,199.99819730484336
114,14,199.68329620688877
114,17,1.015698425416317
114,18,124.24320208794381
114,21,1.4280002160965082
114,22,77.2481309149304
114,23,1.391709563608058
114,24,1.4463550803731156
114,27,54.96827823232442
114,29,1.3086554986981296
114,2,2.0567580119177156
114,6,199.80864590144313
114,7,1.2121838102987004
114,8,5.984063361330927
115,10,3.7524265312808263
115,12,200.08803986703902
115,14,199.9260299382233
115,17,1.0179450500036313
115,18,199.82252821047447
115,21,1.0788395845632808
115,22,199.53779103547066
115,23,5.968451564969518
115,24,123.53339283778529
115,27,120.68895936051392
115,29,1.9298816690144533
115,2,2.5528783917638815
115,6,199.6120986860977
115,7,6.090352449672201
115,8,6.020253503171226
116,10,1.297080229056846
116,12,200.1159480636642
116,14,153.64746905503563
116,17,1.3281656185113055
116,18,76.85584450864549
116,21,1.0428966582192365
116,22,75.99197398739244
116,23,6.935939930528189
116,24,199.4427260714787
116,27,6.006041783364516
116,29,4.168254976003572
116,2,75.86825508602655
116,6,200.297511922643
116,7,1.1940546612720997
116,8,1.060904922688496
117,10,4.168592470066296
117,12,200.06047050041582
117,14,199.98954920580255
117,17,76.90618094773512
117,18,1.0524745106311921
117,21,1.4944324345310105
117,22,86.86092310438838
117,23,124.36130579313162
117,24,199.15035683787087
117,27,6.077729538926683
117,29,3.4746772928910614
117,2,2.7863447588487014
117,6,199.56232747170463
117,7,1.114819627228561
117,8,5.814115527080459
118,10,3.9467033303509185
118,12,200.0584582008926
118,14,199.99061569328143
118,17,121.62330259449206
118,18,1.0300959598749981
118,21,8.244484548447042
118,22,127.26751350341723
118,23,199.79886165814787
118,24,76.95363100727936
118,27,6.069099513201119
118,29,3.3964628945766764
118,2,2.719385671871513
118,6,199.04376005831207
118,7,2.6035666803087563
118,8,6.072737161507263
119,10,10.43928079156029
119,12,76.96323607995613
119,14,200.1337492664525
119,17,102.46150702506588
119,18,1.031498301107332
119,21,2.9638757390849766
119,22,105.46833870365528
119,23,123.32859348254341
119,24,76.56209373629025
119,27,5.969650751287482
119,29,6.902916401486476
119,2,2.1743049060008652
119,6,170.46981066558848
119,7,1.2104145974120382
119,8,28.849070922201967
120,10,10.783895116074554
120,12,77.20315545342895
120,14,199.92256407997434
120,17,121.47585240050935
120,18,77.5967218896066
120,21,1.1942546022985328
120,22,105.43918317628447
120,23,6.474798296096136
120,24,14.02991795198606
120,27,5.974260350824152
120,29,1.1416129038230556
120,2,7.631819821544469
120,6,200.37526419498855
120,7,1.1183179965463617
120,8,7.002804895564129
121,10,4.125581602484825
121,12,200.00553175566702
121,14,199.97739784111346
121,17,1.0107404949442544
121,18,197.65593865533006
121,21,2.926229819112327
121,22,200.53094413942543
121,23,1.3515734565313557
121,24,76.9420893618556
121,27,5.940565592609167
121,29,1.3613936657838526
121,2,75.81498623634202
121,6,77.02199667816019
121,7,1.1600318199772028
121,8,1.1236723217287565
122,10,1.2387430186662407
122,12,5.878024244450767
122,14,168.23935742031793
122,17,1.0157542210814554
122,18,76.944594093874
122,21,198.8702901331108
122,22,201.12326668174526
122,23,1.0323904846693006
122,24,199.70822492594493
122,27,15.604462732050866
122,29,1.0983831971306806
122,2,196.9824626400676
122,6,1.261481634968206
122,7,5.770974955071061
122,8,5.960184588760388
123,10,3.5748058226391253
123,12,4.977465642921277
123,14,198.3504985990631
123,17,1.0208978777179296
123,18,199.6991281450935
123,21,198.7488839482338
123,22,197.11426531595555
123,23,1.0246425979354212
123,24,199.90181953873875
123,27,5.951761782706545
123,29,1.1089583821281388
123,2,197.47131501846894
123,6,1.2816458679092946
123,7,5.5722079982737265
123,8,6.048191138713799
124,10,1.3208208548389624
124,12,5.88648535524391
124,14,124.0837926238733
124,17,1.725741998108907
124,18,199.56415923180245
124,21,194.25571586409458
124,22,5.481360974128331
124,23,1.033416160267339
124,24,200.1306284746753
124,27,6.0025162430625825
124,29,1.11353552196963
124,2,199.08262111795042
124,6,6.032124735470315
124,7,1.139923532644977
124,8,76.842101848457
125,10,5.882855344598646
125,12,5.03352839866366
125,14,64.6702997365597
125,17,6.016115306127482
125,18,199.80872920984584
125,21,5.975604388093077
125,22,1.4352921681707136
125,23,1.123548398671572
125,24,200.08953409408238
125,27,5.97777918575918
125,29,1.2460970412292618
125,2,196.349307373951
125,6,198.62037574700423
125,7,1.2062326047996608
125,8,76.74619922549913
126,10,6.109576464882523
126,12,76.1421096654643
126,14,64.6697734830953
126,17,199.98995633976574
126,18,5.992991235450473
126,21,1.213921739900737
126,22,6.077722550648604
126,23,6.170772651433344
126,24,199.99651297866225
126,27,5.898004859464437
126,29,2.3797039567128926
126,2,196.76169219827767
126,6,199.87587142079644
126,7,2.340409824618527
126,8,199.6326255558749
127,10,6.160614551873523
127,12,5.419378376469969
127,14,6.042469716546917
127,17,199.65070083725138
127,18,1.0353663634982977
127,21,2.0496250765234296
127,22,76.05335319257262
127,23,6.847872501137367
127,24,200.1096773522396
127,27,5.728732420325761
127,29,1.1699674045219095
127,2,76.7529200533145
127,6,199.98937516992052
127,7,1.2318359459050412
127,8,199.68280021455854
128,10,6.270221757158993
128,12,77.0349932395209
128,14,76.56372651493442
128,17,199.96913110377815
128,18,76.88092428058249
128,21,5.6549631142708
128,22,75.96480476491651
128,23,17.61298438107095
128,24,200.27735777989474
128,27,5.884279141063775
128,29,5.111263257529495
128,2,74.38350811861726
128,6,200.2791345336285
128,7,1.1324968698434417
128,8,200.0511502059818
129,10,1.2959439982911023
129,12,199.96762343244671
129,14,6.025115920990902
129,17,199.9847778355412
129,18,199.97123938346058
129,21,5.56731753787058
129,22,77.03167544102887
129,23,17.801054020813268
129,24,200.2996372061287
129,27,5.8435630913063585
129,29,5.646978603885342
129,2,71.68013375048527
129,6,200.09828571114394
129,7,1.2559406639770183
129,8,199.59834332256784
130,10,1.351526977949686
130,12,169.42565046736766
130,14,5.985615842861767
130,17,200.11872877368526
130,18,169.16323662756574
130,21,26.35115107951905
130,22,200.12733852316754
130,23,6.831409948113328
130,24,200.30997733519177
130,27,15.416154810973264
130,29,185.29051155747848
130,2,85.26066267924094
130,6,10.10855115492084
130,7,52.27736608830375
130,8,199.93322381101663
131,10,1.6564141589692682
131,12,199.99864143955048
131,14,5.82371956847195
131,17,200.0413829126011
131,18,199.65798068595123
131,21,199.5468312755029
131,22,199.62690216261038
131,23,6.830701693782513
131,24,200.2482963671122
131,27,15.626309957684503
131,29,199.62875623561206
131,2,6.1344078913543045
131,6,4.909328040023376
131,7,188.83369383379556
131,8,6.4812574261056355
132,10,1.0750217630573382
132,12,199.95716826373754
132,14,1.030039849897601
132,17,199.92331914152027
132,18,77.3579445887948
132,21,168.5932609965819
132,22,2.352418016024479
132,23,123.49910484123352
132,24,200.2986014502365
132,27,15.821906165298783
132,29,5.095192253731482
132,2,2.0284432440449054
132,6,6.223854290883777
132,7,71.00864434746812
132,8,5.804350320549131
133,10,2.392137131356223
133,12,200.00035002295735
133,14,1.0802406743835709
133,17,77.01621256715818
133,18,76.81602266299512
133,21,125.13708202152796
133,22,1.6016864521233134
133,23,123.7468470121727
133,24,200.06699372463407
133,27,6.233023396603995
133,29,4.275711223524061
133,2,1.9360470560974412
133,6,5.041204050724888
133,7,5.2388198517061735
133,8,6.45170539861934
134,10,140.20116113563006
134,12,199.44973711136385
134,14,1.0542338162294158
134,17,124.20140468865213
134,18,1.458066857023215
134,21,199.05292848808898
134,22,6.655198471042791
134,23,123.56698563548528
134,24,200.00510559785755
134,27,6.050638042033437
134,29,5.0336532728974985
134,2,2.3117681646408665
134,6,4.979426331996345
134,7,17.002598345696896
134,8,76.90562943927776
135,10,126.41789495488766
135,12,199.53410563750555
135,14,1.0759398247367091
135,17,199.81944423068535
135,18,1.0566690485225858
135,21,199.56501247718538
135,22,76.75891179142444
135,23,124.09893076504531
135,24,172.39043554082767
135,27,6.272750494885018
135,29,5.5721020209270264
135,2,5.775757569742303
135,6,1.1112947987657327
135,7,197.37447267187497
135,8,1.1822586149985008
136,10,4.857622510761731
136,12,1.0574839990990699
136,14,5.997771476634004
136,17,200.02390331208073
136,18,1.079531926107554
136,21,200.1284303836945
136,22,199.82328742550033
136,23,5.857377685587
136,24,200.0241893489688
136,27,15.559532446244257
136,29,6.917206577588173
136,2,5.654502866278629
136,6,1.2495485166400526
136,7,198.51754810328174
136,8,1.0448884998454895
137,10,11.404243852941546
137,12,1.0253674077195138
137,14,6.009933533769233
137,17,200.17499145119535
137,18,1.1843834602018073
137,21,200.43987373986295
137,22,198.76362644676254
137,23,6.609682130546568
137,24,199.96258432529365
137,27,15.671211655018508
137,29,7.282465786048131
137,2,6.52948126245295
137,6,1.543779036157751
137,7,199.9041817764786
137,8,1.022087841209429
138,10,202.5263886332386
138,12,1.0475938127204776
138,14,6.947774269297554
138,17,199.82526754278197
138,18,1.0827009111646677
138,21,200.34814255800177
138,22,45.2858730018699
138,23,47.93685968812135
138,24,199.9379948504136
138,27,15.492408108851727
138,29,6.908629093935429
138,2,2.834083636318865
138,6,1.2070340734751335
138,7,198.33250064555855
138,8,1.0568656956274358
139,10,6.422925712489661
139,12,76.52117077583598
139,14,6.916411707572763
139,17,199.04102287005313
139,18,1.0213067316253264
139,21,199.8296633781435
139,22,44.82120684761736
139,23,199.84719666386988
139,24,170.21636183373718
139,27,5.99198942973841
139,29,6.331824974797529
139,2,1.8198596437980386
139,6,1.68973759360893
139,7,197.49754014083345
139,8,122.99718344583164
140,10,3.6724859797631493
140,12,123.19914278026958
140,14,6.020986382571469
140,17,76.43252050361193
140,18,1.0161259110403407
140,21,200.4268514978431
140,22,99.14605638296622
140,23,199.81053368462028
140,24,200.29927725845414
140,27,2.56783237324708
140,29,7.13755487710832
140,2,191.65727061044947
140,6,1.164383575143135
140,7,78.51930009957654
140,8,75.32161712234868
141,10,4.0612442865081215
141,12,126.39734156024728
141,14,6.004719106982332
141,17,77.07710980033742
141,18,5.925862378506251
141,21,200.63335848092262
141,22,43.94322948790312
141,23,199.02451102508962
141,24,200.42912521946687
141,27,2.8610835347763297
141,29,15.132918440588007
141,2,1.2401116049561796
141,6,1.2908673270506006
141,7,196.9225291155948
141,8,5.9928067838160235
142,10,3.2265357889501476
142,12,107.91902651245653
142,14,76.66338712407837
142,17,76.6001852052183
142,18,6.0463104599933555
142,21,200.24121609479414
142,22,6.111478087664434
142,23,199.75254996568677
142,24,200.34222488152673
142,27,2.606964989184912
142,29,6.215985632408576
142,2,7.08782591533026
142,6,1.1589298071158805
142,7,171.10230776333773
142,8,76.81670181036746
143,10,1.4705001541455007
143,12,199.93604193025564
143,14,76.95631949671662
143,17,5.983318979245834
143,18,199.20798260134328
143,21,10.667676957363703
143,22,1.4872050169143631
143,23,199.72307133970196
143,24,200.30851619244498
143,27,2.6645622884914877
143,29,3.6875107618427787
143,2,1.7215132336302048
143,6,1.8117448568581092
143,7,196.8089431503506
143,8,199.74364100595787
144,10,5.347494896314192
144,12,199.97088859222475
144,14,1.1485420163851694
144,17,74.5997310961226
144,18,195.85213499834467
144,21,77.57348959090143
144,22,6.272590726999581
144,23,199.83841294032538
144,24,200.27704679728154
144,27,1.0306593764821295
144,29,1.1844355084245943
144,2,5.012756105898154
144,6,7.1101245161215765
144,7,24.047379532154697
144,8,199.63506342448383
145,10,1.2371762097582655
145,12,199.96673113930274
145,14,1.0542908234985227
145,17,76.92783634187089
145,18,199.5071287736579
145,21,78.92812744125072
145,22,48.10298314432958
145,23,199.70927322818238
145,24,200.29741503486107
145,27,1.1236160396046158
145,29,1.2047553461316665
145,2,6.265100099226756
145,6,1.2971115291589528
145,7,1.2975163420461386
145,8,199.5836244029359
146,10,1.518676838928047
146,12,199.93910393384297
146,14,1.0662731235779443
146,17,199.89566439830853
146,18,76.99251532713092
146,21,198.58434363551808
146,22,113.16664663146302
146,23,169.34336123437927
146,24,200.12319547327436
146,27,1.0080882730417864
146,29,1.1640435703856056
146,2,3.0634180954419366
146,6,1.638599043065681
146,7,1.1339924383854219
146,8,168.30862604200993
147,10,7.526233706632318
147,12,199.89806020098638
147,14,6.2185832910863486
147,17,199.99157641061694
147,18,77.35778872728315
147,21,197.3988490599359
147,22,46.0035358626872
147,23,199.78138365278036
147,24,200.107049065875
147,27,2.5868360852929495
147,29,1.2834255373050758
147,2,75.12181964499177
147,6,3.589049298369369
147,7,1.0872020655467312
147,8,198.88287457439387
148,10,1.1133252224031747
148,12,123.27844086640312
148,14,20.016566258687064
148,17,6.0266148348748105
148,18,77.09055166065934
148,21,200.1645563940456
148,22,43.37266053773351
148,23,77.84170936909271
148,24,200.26476021642324
148,27,2.8578909693804584
148,29,3.5506266257774155
148,2,6.444479351470621
148,6,8.506205406655255
148,7,1.142199965447087
148,8,199.0176036129142
149,10,1.1007578547548056
149,12,5.966201927299193
149,14,197.38054480024644
149,17,1.1174015311291723
149,18,199.83433384954847
149,21,200.78477679740507
149,22,43.97416983990765
149,23,123.89885920099717
149,24,199.67133610402018
149,27,6.095789308879227
149,29,6.636682169723903
149,2,4.962453908798095
149,6,5.504713826562628
149,7,1.073338636922067
149,8,77.00285202406054
150,10,1.1354012581254387
150,12,1.013516826766544
150,14,198.28673323424434
150,17,79.25790206262161
150,18,123.32861469106143
150,21,198.96155559703425
150,22,41.779801529069495
150,23,122.34728677898137
150,24,199.9597473839424
150,27,1.0224605627832708
150,29,6.440172082744594
150,2,4.161474287129031
150,6,9.84518415958293
150,7,1.0367068376512947
150,8,1.0286710061922926
151,10,1.3648605520994497
151,12,1.0328699214836061
151,14,198.77864999601653
151,17,77.08808557292296
151,18,5.9950436067998165
151,21,6.048721087175803
151,22,1.415649629024519
151,23,199.78615530597332
151,24,77.30067821621199
151,27,1.0536323743816505
151,29,5.539868556505346
151,2,198.98605235192207
151,6,21.972010275136668
151,7,1.0652913085444653
151,8,1.8303865903218843
152,10,2.6129507938055205
152,12,1.3822132096379076
152,14,123.747556356834
152,17,198.02822144380738
152,18,1.0330454684492707
152,21,5.7889064114881075
152,22,1.3967633020204135
152,23,199.93543856249025
152,24,200.0557349988435
152,27,1.0369252658793007
152,29,1.6469876903130702
152,2,166.90789987346506
152,6,18.026065211096675
152,7,1.0757967269382467
152,8,1.0073309358932447
153,10,1.2085311128483927
153,12,1.4451738851906164
153,14,124.16221934814733
153,17,199.54087316609093
153,18,1.2259887499209379
153,21,1.3642877770619417
153,22,41.58498655774073
153,23,199.95415948232147
153,24,199.37760147959315
153,27,1.1190882833037057
153,29,1.3165821236677262
153,2,199.8559992491681
153,6,19.717206369755193
153,7,1.4088863617360472
153,8,1.017191344581176
154,10,5.67837074949012
154,12,1.6510920843538204
154,14,76.74045677073636
154,17,200.06110888939378
154,18,76.46767149648724
154,21,1.2841503734275297
154,22,110.63031332924511
154,23,199.52318534713922
154,24,76.97796355226274
154,27,1.555378078201484
154,29,3.5979341196325465
154,2,196.29593670777115
154,6,1.7222667171801442
154,7,3.248883342228938
154,8,1.0256320639568584
155,10,19.035678540214377
155,12,1.0464151608885401
155,14,6.004231929087341
155,17,200.07332234448864
155,18,76.51620258819938
155,21,1.2639737848705717
155,22,41.440753662007566
155,23,88.63051257606116
155,24,1.0440624206291484
155,27,1.0531769685709946
155,29,199.8083226124324
155,2,199.60997162276493
155,6,6.584674373780254
155,7,76.72594775910113
155,8,1.0311340322384086
156,10,4.68682957525668
156,12,1.2002648972885372
156,14,1.0172391395921383
156,17,200.09882378795993
156,18,6.622041253667968
156,21,9.660538893176003
156,22,5.723586659612625
156,23,76.99092623592027
156,24,1.0460116415174152
156,27,1.589862356068629
156,29,198.1398618753929
156,2,156.8009386881976
156,6,4.778107396373013
156,7,192.77431667633147
156,8,1.0438701904925407
157,10,5.359510214258269
157,12,1.046337341123367
157,14,1.0499845727936714
157,17,200.0347172286975
157,18,1.5493417790208486
157,21,199.32372646513738
157,22,6.32682611384455
157,23,76.65528064573424
157,24,1.0196488798871532
157,27,1.4092972497131833
157,29,198.75386168695658
157,2,200.21436877034537
157,6,9.670051386372359
157,7,198.85275030442108
157,8,69.33933239865695
158,10,6.612376552555566
158,12,1.0454328283157024
158,14,6.171820686693901
158,17,200.03665277273254
158,18,1.0165184846325868
158,21,200.33938127954315
158,22,41.72026824955307
158,23,76.54106920857129
158,24,1.032708336776722
158,27,2.6358701806329377
158,29,1.0743340654174836
158,2,200.28542955636632
158,6,25.162208394192067
158,7,200.1310597036169
158,8,89.6529588347846
159,10,11.66347413536828
159,12,1.1593488218070158
159,14,124.43248321255106
159,17,199.9850957738724
159,18,1.0158836979221728
159,21,200.2154315241597
159,22,1.298321058188147
159,23,199.7438649977125
159,24,6.004236597398271
159,27,2.3880739745786235
159,29,1.5333027230815115
159,2,200.61222224492414
159,6,173.82822664824047
159,7,200.9217733087695
159,8,199.5311916781263
160,10,12.483560653368835
160,12,5.662401320334023
160,14,76.68748427757248
160,17,200.05833190670074
160,18,1.0967520982826684
160,21,194.7166248902524
160,22,1.1631559101528943
160,23,76.86261814360813
160,24,77.10526518913957
160,27,2.7184607259553704
160,29,1.3085382329388802
160,2,200.40131589343815
160,6,130.8342684806728
160,7,198.11255015855366
160,8,76.79207833464285
161,10,6.457345989947605
161,12,1.0147081278224253
161,14,199.20758417906262
161,17,200.03392216025676
161,18,124.7649850992681
161,21,198.75956779425607
161,22,3.5340259129855585
161,23,1.7356214398721175
161,24,199.91648999238186
161,27,2.76453600362246
161,29,1.1309195227887976
161,2,200.70052102883403
161,6,123.90522067379312
161,7,76.10158114312138
161,8,76.04374907827783
162,10,15.330712670650719
162,12,1.0166004049027124
162,14,199.24604355756702
162,17,199.91203903147962
162,18,200.0534835685849
162,21,1.7326372207484637
162,22,1.0710088305243726
162,23,76.4575105838934
162,24,169.27256421995438
162,27,5.9792682274565445
162,29,74.89815229298368
162,2,199.49470857914753
162,6,6.053484163260746
162,7,4.057118373085508
162,8,76.79466439143317
163,10,6.456183243265077
163,12,1.0210995822699687
163,14,199.42185996688102
163,17,75.93287307855651
163,18,199.9876123935022
163,21,2.3761906114737408
163,22,1.4783210861939684
163,23,199.76142690945096
163,24,199.98284403995748
163,27,5.490455788129218
163,29,198.28028835970127
163,2,200.23573810189373
163,6,1.1325965710840653
163,7,1.322027785731859
163,8,199.38301994391713
164,10,6.082862344319781
164,12,1.0175352567362903
164,14,199.85340938098264
164,17,76.01026303741205
164,18,199.94822465100128
164,21,1.094920134698448
164,22,1.1980752767983287
164,23,199.39717626422703
164,24,199.84385645603885
164,27,2.7075743208619287
164,29,196.38735049454118
164,2,200.34295196310276
164,6,1.0746928558010715
164,7,6.214527423904486
164,8,199.4276161416406
165,10,24.277621438871673
165,12,6.161712938627367
165,14,199.41705022497067
165,17,75.75431859434951
165,18,199.96277025163235
165,21,1.1035161890653713
165,22,5.601717440756878
165,23,76.88939585831046
165,24,200.01234555030706
165,27,1.0256260014398035
165,29,75.69138344183762
165,2,200.32223237807023
165,6,1.138118626704559
165,7,6.40886329102354
165,8,6.0674973048916
166,10,200.19376642557177
166,12,5.62677124279438
166,14,5.963345222705085
166,17,77.06158131002927
166,18,199.88107786749336
166,21,1.0787171052978588
166,22,18.829380499588243
166,23,1.0229020877412638
166,24,169.36844304566947
166,27,2.670804609642647
166,29,1.1090709103773486
166,2,199.30560827896878
166,6,1.062166511519714
166,7,7.740611673305704
166,8,1.0408619754529616
167,10,17.87382790813307
167,12,5.600856303753626
167,14,6.272904192758675
167,17,200.00262682151418
167,18,200.02328283178747
167,21,3.1468286663366083
167,22,111.66209900281437
167,23,1.0250554706979464
167,24,170.94580895886506
167,27,2.6424865298461495
167,29,1.0871138195752337
167,2,199.97137952504454
167,6,1.0921370968040256
167,7,76.96171086575762
167,8,1.0228059676264682
168,10,4.737950238924171
168,12,5.66511426704827
168,14,20.940149893014052
168,17,200.11739451333597
168,18,200.00645005947322
168,21,199.2444074494508
168,22,111.94446367716148
168,23,1.022939825902778
168,24,199.93137905246795
168,27,1.0354198730184998
168,29,1.1644291334282768
168,2,171.23429948050597
168,6,1.066617787010614
168,7,199.449908652672
168,8,1.089283810209395
169,10,1.425438685601819
169,12,5.670985272947308
169,14,76.73443565470927
169,17,200.13420680084664
169,18,200.0199021907892
169,21,199.6939961886951
169,22,43.80833925226061
169,23,1.5134769967196466
169,24,199.98908200553066
169,27,1.155072480559087
169,29,7.407649678315986
169,2,200.37788852286542
169,6,1.142902150937731
169,7,200.04762301026602
169,8,6.09779822585249
170,10,2.245292989608557
170,12,5.520698027528685
170,14,1.0184634601750082
170,17,200.03062288014678
170,18,123.41470802685595
170,21,199.90428544569465
170,22,1.5336341810931442
170,23,76.98532641965744
170,24,200.06764498702506
170,27,2.674047334306482
170,29,77.35825461312686
170,2,199.84983654234836
170,6,1.8773737680947764
170,7,200.07813610523306
170,8,199.23346215915387
171,10,1.9769733014738682
171,12,1.2616840411539236
171,14,1.037857881436494
171,17,168.92683731838525
171,18,76.99895401483478
171,21,199.80450353867522
171,22,1.4186499699193136
171,23,79.52277276172103
171,24,200.0339137217172
171,27,6.7847691728168975
171,29,198.64173671903032
171,2,200.59581516543892
171,6,8.420717294121609
171,7,199.48759739381546
171,8,199.3911159369532
172,10,1.1848054968666233
172,12,6.031714710778561
172,14,1.0206637473324316
172,17,199.18571231934405
172,18,1.0541781367052483
172,21,199.87829040144356
172,22,2.2913803089364793
172,23,199.86987581249923
172,24,199.9157531082996
172,27,7.048837618199
172,29,199.52357938948518
172,2,200.65089824563216
172,6,24.406144568760908
172,7,197.37838971914567
172,8,76.92368609636881
173,10,1.1109133868973144
173,12,14.763136556132581
173,14,1.0268132214878216
173,17,200.0084111593194
173,18,92.03901809575893
173,21,200.2309073753899
173,22,41.894266335843064
173,23,199.88519929504383
173,24,199.9366643015002
173,27,7.089140510269292
173,29,198.8794203355056
173,2,200.76907191186282
173,6,10.328312871608883
173,7,6.207482869724896
173,8,77.34660326754312
174,10,1.1032839170493678
174,12,14.718550875790909
174,14,5.434865624930461
174,17,200.002301865008
174,18,78.1038808038002
174,21,198.66792794567246
174,22,113.07342746086701
174,23,199.96002755777414
174,24,199.96264309681348
174,27,6.728746314538726
174,29,77.53354409509339
174,2,200.69178193573234
174,6,10.551811201404444
174,7,1.393619551483337
174,8,17.443114915939923
175,10,1.0890013549124449
175,12,14.838650272870291
175,14,199.56867275926925
175,17,199.86641911483764
175,18,200.00122401261677
175,21,6.461510340851498
175,22,113.21655643168138
175,23,199.40450262278742
175,24,200.0655387116838
175,27,1.1134926577997857
175,29,76.59163223583245
175,2,200.52257205133932
175,6,26.37699800829159
175,7,76.6083532393588
175,8,76.84444524177869
176,10,2.143900467624256
176,12,5.649791773402261
176,14,200.05320447062812
176,17,76.82547637979916
176,18,199.4614749116729
176,21,77.12506384979778
176,22,111.90188427398226
176,23,76.69528516706072
176,24,199.78805883219817
176,27,1.021371426934012
176,29,5.983656930060162
176,2,77.6519096864241
176,6,197.53310631133792
176,7,5.534890798090289
176,8,76.72054808948552
177,10,15.62090220800347
177,12,4.698439259560574
177,14,199.65144528614354
177,17,1.0094241692014732
177,18,199.96025199988125
177,21,198.64687189763063
177,22,111.92708870677431
177,23,9.553632449661984
177,24,200.00324165383665
177,27,1.072299894655503
177,29,7.5312182860543615
177,2,6.339209505896927
177,6,199.64827075990658
177,7,6.039882621434516
177,8,76.57679430225693
178,10,7.149462611952496
178,12,1.0687327832949884
178,14,76.76442251775302
178,17,1.0855517790132256
178,18,199.69796964687887
178,21,199.47286904960157
178,22,112.29295843357322
178,23,76.96171328189226
178,24,199.9711988941253
178,27,1.4278559089854188
178,29,6.574160876346594
178,2,199.26615670748194
178,6,25.51001870859927
178,7,1.9558830778143625
178,8,72.13958249600309
179,10,6.342871538179032
179,12,6.28483057273371
179,14,76.77129905657581
179,17,76.48180994520986
179,18,199.8343695915667
179,21,13.67878765161485
179,22,6.762278183800247
179,23,121.00191079856064
179,24,156.53971097389004
179,27,1.012127132332755
179,29,76.15921249731372
179,2,198.91739871039988
179,6,11.093873577947146
179,7,196.53423106792866
179,8,1.048265949630633
180,10,5.9845584976376065
180,12,6.349600841814325
180,14,199.42772813497967
180,17,76.8771136456543
180,18,199.85180850688053
180,21,5.91550789399816
180,22,1.0689819941161338
180,23,123.58637913630368
180,24,1.0807691452759927
180,27,1.0312119453182407
180,29,187.2409976729454
180,2,199.5864202013243
180,6,1.6965005302402858
180,7,198.07585986213758
180,8,1.0173832868007517
181,10,15.47460215553584
181,12,6.10490816760104
181,14,117.41663271412895
181,17,76.97025623321431
181,18,200.03409328091965
181,21,11.535322623204653
181,22,1.2187387509844052
181,23,76.84465499213636
181,24,1.0195243260552893
181,27,2.5264255166225205
181,29,199.7434907452045
181,2,75.3610617029102
181,6,1.1585798946763086
181,7,199.9200739906026
181,8,1.0214737669803489
182,10,8.103807609053415
182,12,1.0290929063993746
182,14,6.155268910589406
182,17,77.13166250977525
182,18,200.03189369831986
182,21,79.39246061077966
182,22,1.9669337323106981
182,23,77.0421352956422
182,24,1.3211020654488135
182,27,6.168264285516056
182,29,199.6149752742219
182,2,1.124625290407394
182,6,6.370777832007361
182,7,199.47812265891693
182,8,1.0984593350130125
183,10,5.780745784388602
183,12,1.0174760425284954
183,14,76.93357806268288
183,17,65.26114507442773
183,18,199.96530081760852
183,21,190.3528626503797
183,22,2.4526339786267726
183,23,77.2340622740093
183,24,6.01062190111033
183,27,199.68940235491897
183,29,199.2764859844598
183,2,1.1776736493216613
183,6,6.791906127983668
183,7,200.36552068171483
183,8,8.53284047028916
184,10,2.3593287479249145
184,12,1.017253585364566
184,14,199.93838803126317
184,17,76.87619735350523
184,18,199.977049206847
184,21,192.65709031415906
184,22,43.04620211756891
184,23,199.91051174046484
184,24,103.52414784069352
184,27,76.67938305641212
184,29,199.42261542085035
184,2,1.1377654336890244
184,6,5.974034736942605
184,7,200.43174015656072
184,8,199.2365620281193
185,10,5.52497532885408
185,12,1.2283359447397602
185,14,199.79321997413928
185,17,5.8690835879886345
185,18,200.0525040388512
185,21,194.2539979155383
185,22,5.2257814828022
185,23,199.97984367084328
185,24,121.30904111709793
185,27,6.262875985951458
185,29,199.77033731480458
185,2,1.6263377213890664
185,6,6.962235661224425
185,7,200.12631332949363
185,8,168.6451283875182
186,10,1.1312405301310906
186,12,1.095237790570819
186,14,199.7907295204888
186,17,5.959198635861939
186,18,199.88253371914524
186,21,78.92500751206977
186,22,1.1352985537460318
186,23,199.97630716931158
186,24,121.2544488684701
186,27,5.927123188922603
186,29,199.7148459770748
186,2,1.6323950008150858
186,6,5.331444336510683
186,7,198.26154375838834
186,8,199.9427365048427
187,10,1.1331366313795486
187,12,1.0446958227442102
187,14,199.82166331739398
187,17,1.0114929987581145
187,18,79.76407487587349
187,21,174.81777458279035
187,22,1.4200921682417869
187,23,200.0130822820659
187,24,6.125318255811743
187,27,76.88333856326682
187,29,199.18968043577382
187,2,75.62883276116385
187,6,5.233972493174438
187,7,199.92448647972427
187,8,199.92671458809892
188,10,1.3296444151999194
188,12,1.0234991761303063
188,14,199.8187102477708
188,17,1.090773398185378
188,18,1.0964711091558725
188,21,1.1321949458572957
188,22,1.4640772637955735
188,23,200.06284598217601
188,24,5.460353427302568
188,27,77.34791523280498
188,29,77.03893152643649
188,2,87.71941289759583
188,6,1.1509917803738257
188,7,200.08693954566724
188,8,199.82103129672436
189,10,197.7719340883067
189,12,5.494714750290891
189,14,199.9084043701709
189,17,1.419098326958917
189,18,76.95400393917744
189,21,6.0379632880674965
189,22,1.1473656276380364
189,23,199.78515366789537
189,24,5.848631045335276
189,27,123.26440172076975
189,29,76.67883894616297
189,2,89.17838158261839
189,6,7.6255885371426375
189,7,199.30791631692662
189,8,169.3156806232722
190,10,199.92385820593523
190,12,14.885902402006227
190,14,198.16725694300777
190,17,199.21685643665572
190,18,199.24392063702476
190,21,76.6263374466618
190,22,2.529656897582734
190,23,199.9232116481415
190,24,1.7915959075116794
190,27,104.07631641683572
190,29,73.96330430196075
190,2,75.56315289850018
190,6,24.0600436488359
190,7,9.293003387671613
190,8,199.93603178380758
191,10,200.4802393099568
191,12,14.925350579540096
191,14,122.16028211410497
191,17,199.08897616972538
191,18,199.9634783153372
191,21,78.33680328742001
191,22,1.1814321101538041
191,23,77.46654317275626
191,24,1.319098044854142
191,27,199.9546631800293
191,29,199.26710148691848
191,2,78.6132585426519
191,6,16.6946631472501
191,7,10.210508595867527
191,8,199.93282381700283
192,10,200.2196292313969
192,12,5.558538890259828
192,14,6.222319583249624
192,17,199.5939738816151
192,18,199.44132660804516
192,21,76.55800148072422
192,22,43.747320198316686
192,23,124.05361407306981
192,24,1.007190779959774
192,27,200.02687013535947
192,29,199.77621664753102
192,2,194.46624250380108
192,6,9.830039138604134
192,7,9.212802294159422
192,8,199.9651691408244
193,10,199.52685670590552
193,12,4.115484776805747
193,14,7.488127584358767
193,17,76.9133595640638
193,18,199.9690336915245
193,21,1.069224800584419
193,22,112.42531888178992
193,23,124.00303043862348
193,24,1.0199439818479197
193,27,199.93435084082054
193,29,198.8385066759245
193,2,75.79922204820781
193,6,6.57626692698262
193,7,9.133542348409472
193,8,199.7400628695009
194,10,199.9729343800551
194,12,1.12270497682742
194,14,5.9879249273861355
194,17,1.3000052541759428
194,18,199.9988642355454
194,21,1.0534929767952819
194,22,47.40607337105698
194,23,199.97231808735768
194,24,1.0514184519143408
194,27,198.76913207507909
194,29,78.87255269002294
194,2,1.240362276976088
194,6,10.770252302606014
194,7,5.791885468541218
194,8,199.89371723467497
195,10,199.8514009329109
195,12,14.73454655915653
195,14,7.000346910543016
195,17,76.74324298667487
195,18,200.14587523009538
195,21,1.1287893417246104
195,22,46.100144407388754
195,23,200.03758309083963
195,24,6.912065320145143
195,27,169.28902158853893
195,29,198.08490727240766
195,2,1.5874502955685086
195,6,5.800946016101979
195,7,8.883741482369004
195,8,76.99526580712826
196,10,76.60031142226701
196,12,14.947183861626588
196,14,1.0314424473362585
196,17,123.11731513268975
196,18,122.91385940875296
196,21,1.3036476975080467
196,22,48.66319144543939
196,23,199.95310779470074
196,24,6.203856712705103
196,27,199.94050543205847
196,29,198.72956738869922
196,2,7.491447624613435
196,6,1.1113862776482046
196,7,8.456737587163001
196,8,5.981789179824091
197,10,5.996875770779389
197,12,14.909859474597466
197,14,5.993307786784187
197,17,6.392718730820694
197,18,1.4405420871031538
197,21,8.109984041163683
197,22,108.48188431277686
197,23,77.3150195223517
197,24,124.69893089895025
197,27,199.92862887624653
197,29,199.90748945685
197,2,139.0470398431627
197,6,1.1503570695465832
197,7,9.382965738452402
197,8,1.035099154535373
198,10,76.60645471158007
198,12,6.117180046154496
198,14,76.30777141427528
198,17,6.014168077697393
198,18,1.01999836758233
198,21,199.32582801224143
198,22,112.91130929968888
198,23,76.58873704741396
198,24,199.25287467472026
198,27,123.58190048290203
198,29,196.0408242806489
198,2,121.07327324733153
198,6,1.1522139240074944
198,7,18.040651760475907
198,8,1.025648406442513
199,10,77.75829410375069
199,12,6.036710603484874
199,14,5.963924835397234
199,17,5.7951581561504115
199,18,1.0209095530174137
199,21,200.0135142470469
199,22,7.482396636440579
199,23,5.951741464467245
199,24,199.9883296517948
199,27,6.089225565452492
199,29,6.646112800184803
199,2,196.06300802968394
199,6,6.337475104746056
199,7,22.481947083347773
199,8,1.0393572738886112
200,10,199.25171896908748
200,12,5.810104431010547
200,14,1.036319673011654
200,17,6.082244625488477
200,18,76.97871772708291
200,21,200.08702778482055
200,22,43.14878189332957
200,23,5.956035788776923
200,24,199.6740485094092
200,27,5.978387066758673
200,29,1.4634564480600816
200,2,198.47671242820243
200,6,125.00293965666235
200,7,22.0843657419416
200,8,76.99398446587297
201,10,168.90292185527
201,12,6.082821306398465
201,14,5.988223736189428
201,17,6.127290183578213
201,18,6.543340885242838
201,21,199.88634717066915
201,22,45.434099335316546
201,23,1.3140630260149306
201,24,124.65054445966909
201,27,75.16147300371254
201,29,1.3706235102540214
201,2,196.433509540013
201,6,117.0626216331021
201,7,6.9156651500556565
201,8,199.82621370908373
202,10,193.38061637819376
202,12,6.104308753043721
202,14,6.107825050448443
202,17,7.850825171245501
202,18,76.87503425020367
202,21,199.86804494381306
202,22,55.053158984216516
202,23,6.052921315684115
202,24,124.65794610203727
202,27,77.0946686536782
202,29,1.2351914459595528
202,2,199.2603306901432
202,6,46.42663619028745
202,7,1.2872401396021393
202,8,199.97620706999356
203,10,83.05523234227708
203,12,6.224894782527116
203,14,76.9489669575595
203,17,9.033069600236413
203,18,199.95238065464693
203,21,5.899133993177417
203,22,44.64979020008835
203,23,76.74791626815423
203,24,146.41939438239348
203,27,199.97566713609132
203,29,1.1674525140890522
203,2,198.5611517759628
203,6,1.459394282069039
203,7,4.5646968263133925
203,8,122.98665600521673
204,10,198.31134597563346
204,12,6.2030408605807486
204,14,76.20062879554088
204,17,123.5432573224614
204,18,199.90851898970587
204,21,6.274966831898952
204,22,114.86156266838645
204,23,76.84692165060149
204,24,6.1687705329000755
204,27,199.90426809707478
204,29,1.236977434203688
204,2,2.526340763924912
204,6,1.2506998141575714
204,7,7.196740601929129
204,8,168.02915435895883
205,10,77.21443229731786
205,12,14.849589687924711
205,14,75.35925545580417
205,17,105.37908119674985
205,18,1.075040804202552
205,21,77.41969661791646
205,22,114.39443171119618
205,23,123.88343148039367
205,24,6.108455155107291
205,27,199.91791815720643
205,29,6.053076442284629
205,2,1.1111954185100392
205,6,4.982165206472637
205,7,8.170567724240756
205,8,199.74491615020355
206,10,76.30927066155944
206,12,14.989993783586462
206,14,6.09212638798339
206,17,199.67877500920102
206,18,1.0259973302662557
206,21,133.5715555158461
206,22,6.95356214539343
206,23,77.61607456074236
206,24,6.019428974966097
206,27,125.34414835704607
206,29,5.80001184711687
206,2,1.3205739722514687
206,6,1.1939873837435628
206,7,4.45106703787889
206,8,199.96406247891906
207,10,76.48996875959287
207,12,14.995697521121173
207,14,199.73181066402356
207,17,169.20639971432183
207,18,1.0171772787041753
207,21,199.4350988474922
207,22,5.42147933821828
207,23,76.35228614347486
207,24,1.0161351954692721
207,27,199.32281297933832
207,29,5.797306859443589
207,2,1.2603616202397694
207,6,46.59622623238726
207,7,6.128241182531735
207,8,199.9121471395644
208,10,198.47901091637073
208,12,5.92441745956884
208,14,199.8674645593802
208,17,199.59687804104536
208,18,1.0250040584114675
208,21,199.90582605244785
208,22,114.52781936486848
208,23,76.92323987690142
208,24,1.010532131843822
208,27,199.77167634445303
208,29,1.9419727371534317
208,2,1.3992850125156875
208,6,46.466549197247794
208,7,2.273194093028767
208,8,169.32617974916283
209,10,199.88551694043585
209,12,1.0217578786766204
209,14,199.9317559599438
209,17,199.70846766060697
209,18,76.82070640747425
209,21,200.51249938761
209,22,118.82444189505777
209,23,123.31436448968631
209,24,1.273817987228944
209,27,199.9895414465342
209,29,49.18736442180384
209,2,1.1918965097873304
209,6,122.16672213013076
209,7,4.830258552446111
209,8,199.83773154061564
210,10,200.35625624735997
210,12,1.0223532461390317
210,14,199.60361703386025
210,17,199.89204160466068
210,18,199.8942510021207
210,21,200.40051768676562
210,22,150.23213458034058
210,23,1.1291579715720323
210,24,1.0570869744373712
210,27,200.0907082945076
210,29,42.87238034447933
210,2,1.1080936232620346
210,6,123.275246267545
210,7,3.86434973089875
210,8,199.9596383038641
211,10,200.16083573826643
211,12,1.0267935591334678
211,14,199.93959122119713
211,17,199.9969602520765
211,18,199.9512611202941
211,21,199.90131958068244
211,22,122.70722326846439
211,23,1.0375157507828465
211,24,1.4424822949883715
211,27,77.00121303390051
211,29,166.8086781219379
211,2,6.973320740437399
211,6,122.99654407993462
211,7,6.7176215232146195
211,8,200.0291062730949
212,10,200.01955132609976
212,12,1.0142834042078268
212,14,199.99388198969802
212,17,77.04564073065626
212,18,199.96092130481657
212,21,200.3940297607941
212,22,50.85099414525153
212,23,1.1037727210018315
212,24,1.3547918810823003
212,27,1.0711167350620319
212,29,199.12256792431515
212,2,5.26147191114655
212,6,49.86401506866454
212,7,3.6483806157298186
212,8,200.04384176467715
213,10,200.56076881058738
213,12,1.0681175386991335
213,14,77.42688189422614
213,17,76.85355822964245
213,18,127.14723757017579
213,21,200.45643273588715
213,22,43.660974844831614
213,23,1.0276491015813602
213,24,6.053086526709718
213,27,77.02252350176121
213,29,197.9916477487487
213,2,6.709701144142692
213,6,48.38014115483062
213,7,1.2189498180408653
213,8,199.94338525902054
214,10,199.07416640362075
214,12,1.040070754010405
214,14,6.099692970705785
214,17,1.3692187802445606
214,18,199.92003356872712
214,21,199.9099445845565
214,22,120.64183333398319
214,23,1.1934278799995341
214,24,6.339251917735718
214,27,1.0547101927623883
214,29,65.25555728325244
214,2,7.5310689511049445
214,6,111.23919070945904
214,7,1.1398785940814764
214,8,199.8762064837103
215,10,169.65077200291648
215,12,1.3155048523467157
215,14,1.0568987018972966
215,17,1.0176721687225
215,18,199.84781980712364
215,21,199.85775689581718
215,22,57.42522134527603
215,23,6.1407556584174525
215,24,5.898239248187142
215,27,6.013333623450291
215,29,77.20221448356531
215,2,1.2773318718608526
215,6,121.04937249084979
215,7,1.108986398461064
215,8,126.14225248863846
216,10,198.26980823350817
216,12,1.3393364888597674
216,14,76.89823397270067
216,17,1.0114792699245247
216,18,199.9529525953572
216,21,199.98067921753952
216,22,120.7799030512488
216,23,1.0325122330912369
216,24,4.925640727966651
216,27,5.965236637810966
216,29,80.93258801167217
216,2,1.312488502829175
216,6,39.262113703511226
216,7,1.1285510060970512
216,8,130.30615605039097
217,10,118.53104242741543
217,12,5.678292805964028
217,14,77.81166102881052
217,17,1.0200675822541387
217,18,199.62735828800115
217,21,78.30489817622956
217,22,49.522500746174586
217,23,1.039018278429646
217,24,13.15532958274514
217,27,76.82022365018253
217,29,6.018402548130649
217,2,13.759472151957944
217,6,40.24477435695165
217,7,2.930717837757664
217,8,199.4028078467381
218,10,115.02181528947517
218,12,1.0584999721915032
218,14,199.92357335146176
218,17,7.551580196174976
218,18,76.93669817426134
218,21,78.05129867142678
218,22,50.58852668688495
218,23,1.0251912684002262
218,24,5.970351421965925
218,27,1.1847548540477997
218,29,5.243445263556528
218,2,16.966559330682106
218,6,45.44940311045366
218,7,1.1940095893027765
218,8,199.09399755005722
219,10,117.61542030655474
219,12,1.0712491348300657
219,14,200.0114873263783
219,17,77.03768516922348
219,18,1.015614480783038
219,21,77.0512931906098
219,22,50.719217341363176
219,23,1.0248639154280246
219,24,1.017677560058828
219,27,76.64888447290505
219,29,195.3767094449703
219,2,34.292541836149255
219,6,49.095678665441376
219,7,1.1341682955984236
219,8,76.40728261650575
220,10,199.41565594566538
220,12,1.0336101102018598
220,14,199.9456367073442
220,17,199.9211518729797
220,18,1.0517894046467444
220,21,77.65741627474739
220,22,122.32235002903562
220,23,1.070746106240988
220,24,1.0674540836636028
220,27,199.94497881746355
220,29,198.31390929086166
220,2,33.510008928446915
220,6,46.668274995060756
220,7,1.0776650678787125
220,8,65.19522954558013
221,10,200.31452318537004
221,12,5.331980067534225
221,14,129.9455059021253
221,17,199.92869674655518
221,18,5.8890020155533085
221,21,77.30272919985215
221,22,48.778336881661104
221,23,1.3589489864234117
221,24,1.0121728133926244
221,27,200.0292490948739
221,29,195.97350749896134
221,2,16.882383141038016
221,6,46.97885419260929
221,7,1.0648743114097474
221,8,75.12775556380615
222,10,200.05571217907195
222,12,5.836332635603355
222,14,124.08248993803564
222,17,199.976355888425
222,18,1.1121921031351534
222,21,90.9104899363466
222,22,47.93871235906957
222,23,1.0343576057511998
222,24,1.0080742824260167
222,27,199.96614590438188
222,29,155.0502813118709
222,2,1.2333742384166302
222,6,46.62777182396892
222,7,3.4995326112233203
222,8,77.17144105603752
223,10,200.62212449844225
223,12,199.19585173155474
223,14,77.26396902036305
223,17,199.9155133644265
223,18,1.2229923357739771
223,21,77.51144074613717
223,22,45.97956709676228
223,23,1.0257714115678749
223,24,1.0420481941368862
223,27,200.0095482558486
223,29,198.29510299211958
223,2,2.704344079346038
223,6,47.038908104427094
223,7,1.4676363451251304
223,8,1.0832801572414033
224,10,199.5947647773754
224,12,77.74575634803092
224,14,199.70388184369526
224,17,199.6584528792481
224,18,77.00506204271765
224,21,77.05559579184575
224,22,48.76609641452177
224,23,1.0938178656646071
224,24,1.14567317385683
224,27,200.03783590298153
224,29,194.53386364419075
224,2,1.707509116536568
224,6,41.65415739703725
224,7,4.2423539808554285
224,8,1.0292703168421469
225,10,149.88497771714853
225,12,195.1178833483414
225,14,199.7840432644697
225,17,76.77634404697427
225,18,77.21096289259265
225,21,77.48225239264424
225,22,49.31087454852779
225,23,199.55394725008676
225,24,5.898905104521036
225,27,6.302630352000247
225,29,71.62733474414681
225,2,12.986383604697151
225,6,46.58983096100708
225,7,1.2207581094747944
225,8,1.0702635725596739
226,10,7.585783794265451
226,12,199.1839090626251
226,14,199.975675562192
226,17,76.92417267271547
226,18,6.148309632733438
226,21,86.59697598826256
226,22,124.66745664847674
226,23,199.2958648298734
226,24,6.041790737356427
226,27,1.1588143700127236
226,29,75.38965760700265
226,2,13.526612583566942
226,6,1.594807155773641
226,7,5.187609645962658
226,8,1.0168149705557898
227,10,73.16238992514045
227,12,199.86495184600133
227,14,199.91043234345113
227,17,5.971793492624998
227,18,76.89250400247944
227,21,79.99500037646254
227,22,123.34710198960666
227,23,199.57329582210355
227,24,14.56082290145496
227,27,77.22095471779024
227,29,75.94268526826431
227,2,6.123110614852044
227,6,5.772930285145756
227,7,11.892273878731377
227,8,1.0318586999704766
228,10,77.24386282308122
228,12,199.8312188315142
228,14,199.97245528735894
228,17,1.179762628752554
228,18,124.8616800078805
228,21,198.02682343556265
228,22,123.05434857758588
228,23,199.57681175001386
228,24,15.4840890854262
228,27,199.83908597636108
228,29,75.04176020875474
228,2,6.221878433533247
228,6,6.525791685970322
228,7,126.56346783818803
228,8,1.194297511792964
229,10,77.21057778413964
229,12,199.96363938345434
229,14,199.839784548505
229,17,1.0131491119601779
229,18,105.60577993511251
229,21,199.3290443151417
229,22,9.02604787974809
229,23,199.67497082432516
229,24,5.8662964742682036
229,27,199.63048096179847
229,29,195.82922015666844
229,2,12.473732960916763
229,6,47.62675486226115
229,7,123.3515678798076
229,8,76.85495673177232
230,10,199.55057323798363
230,12,199.82036515204436
230,14,199.73275748243077
230,17,1.0183032710884816
230,18,124.33953742399437
230,21,200.03193712483997
230,22,6.786628406051664
230,23,199.05078311322004
230,24,6.009990475656273
230,27,199.04221285189283
230,29,199.0857258427249
230,2,2.149417436266513
230,6,48.42432790656592
230,7,4.118112945954144
230,8,77.00536971830847
231,10,199.56160089328685
231,12,199.77044254626307
231,14,199.72800230555384
231,17,1.0597021100793313
231,18,1.019489711636031
231,21,199.86993224624132
231,22,1.7799298891658095
231,23,119.45376629502086
231,24,15.506097586567732
231,27,199.65616867946997
231,29,198.57106476676526
231,2,13.666652825085464
231,6,39.01071512295542
231,7,1.097478074352154
231,8,199.87464303116872
232,10,200.24506277321524
232,12,169.0663994032521
232,14,123.8702936662934
232,17,199.66166537558962
232,18,1.07753827782657
232,21,199.03648205249536
232,22,11.225067149132888
232,23,1.8071201997654383
232,24,6.149531591082284
232,27,199.97691589518072
232,29,7.727257670141877
232,2,121.73114937725397
232,6,6.465872646329156
232,7,1.1467852054124483
232,8,199.3863126052665
233,10,199.60196468499257
233,12,199.83867394971423
233,14,56.18583652809236
233,17,199.7975946018584
233,18,1.0204420750286987
233,21,7.1695012066484605
233,22,35.365318662210576
233,23,76.29192838056638
233,24,6.158456553848826
233,27,200.02108252796899
233,29,6.140197134650421
233,2,125.4839432422542
233,6,74.29700483806451
233,7,3.2072373161854526
233,8,199.90731720819502
234,10,200.1239991855346
234,12,76.83018755670437
234,14,49.93734315314242
234,17,199.97743288506294
234,18,1.047327565403557
234,21,1.2433214477275618
234,22,48.96802818893706
234,23,122.04115455709466
234,24,6.0886795663706925
234,27,200.03769606962652
234,29,77.01342632966666
234,2,34.8810552902687
234,6,197.2446201284089
234,7,6.645165088336113
234,8,173.71993065670205
235,10,198.86149178940138
235,12,76.89696879030664
235,14,1.0249448908929455
235,17,199.98665237599528
235,18,1.0201945627677638
235,21,1.1360808501808033
235,22,106.06783338491806
235,23,199.608145767173
235,24,5.921205013533174
235,27,199.99514750987387
235,29,198.23769110911937
235,2,6.79642319389559
235,6,197.73860451260484
235,7,11.565629836120447
235,8,199.94344119483355
236,10,199.3229836464058
236,12,6.135235753696063
236,14,1.0139191168038664
236,17,200.02665898254273
236,18,5.991316122960079
236,21,2.650757749139303
236,22,108.7780049773429
236,23,199.5309415533832
236,24,5.941692975148818
236,27,200.0004005279182
236,29,197.9419228645089
236,2,13.301989185596366
236,6,198.31650317479256
236,7,10.548519552312218
236,8,199.61706952873942
237,10,199.38868992128047
237,12,76.3672934233457
237,14,1.0061913851666957
237,17,199.75560975969748
237,18,5.986494286685605
237,21,76.75839024341659
237,22,52.139444846247784
237,23,199.4964622446482
237,24,5.820136423660466
237,27,199.96667098228005
237,29,76.421005358608
237,2,19.452072156494783
237,6,194.14748878504506
237,7,4.127710941544917
237,8,199.88196603743123
238,10,200.54095349290165
238,12,76.94784013574322
238,14,1.0568479107537792
238,17,199.9158224254662
238,18,199.8686320489654
238,21,199.34823120839164
238,22,196.87489899809506
238,23,77.62310077998141
238,24,5.9054057984472825
238,27,199.9899102187733
238,29,6.497976665675242
238,2,7.76535037214655
238,6,198.42025196566235
238,7,1.3073937895723589
238,8,76.93005901796349
239,10,199.51573353251737
239,12,77.00387647712307
239,14,5.709170235253155
239,17,124.51231016536214
239,18,199.91443263149682
239,21,199.75397557777958
239,22,75.32447014263053
239,23,77.68946481332539
239,24,5.906649825818998
239,27,200.01256609827033
239,29,15.36318875301677
239,2,19.082321074323936
239,6,198.42618566145046
239,7,1.045053992486172
239,8,76.93412959717003
240,10,199.82526537324947
240,12,1.1679328111317988
240,14,5.7793829316245136
240,17,146.50159426776992
240,18,199.97505613142926
240,21,200.09145450226018
240,22,75.99601909944599
240,23,78.73744849325469
240,24,5.814010057461004
240,27,123.90599576374268
240,29,15.708368526024396
240,2,18.32468634395838
240,6,193.1867627000807
240,7,1.06793006614599
240,8,77.01094883758411
241,10,80.09361423868965
241,12,1.100178542009131
241,14,1.0174149912659756
241,17,47.71230684391855
241,18,197.92042232644218
241,21,199.75268766146962
241,22,1.2346149967694948
241,23,199.82990859266505
241,24,1.130118259662619
241,27,146.34674127467534
241,29,17.126523733309273
241,2,17.88263145829609
241,6,76.59984083316661
241,7,1.0909716619864693
241,8,199.82829932146484
242,10,81.04995674985688
242,12,1.0857700738766374
242,14,5.211558438929632
242,17,47.76329578493198
242,18,77.04041027756513
242,21,199.67883953517173
242,22,1.1563844850268594
242,23,199.93604689587403
242,24,5.950605224626814
242,27,76.99685454820865
242,29,3.1217747331513945
242,2,17.62173129940245
242,6,77.33888420561948
242,7,3.3523585467611903
242,8,6.094929387719986
243,10,78.81753463358277
243,12,6.099649753197752
243,14,5.9793913488073756
243,17,47.43925209496287
243,18,77.03415026537766
243,21,194.30011599906445
243,22,4.690089166573423
243,23,199.55364616166574
243,24,199.92364470529918
243,27,1.0113865902571988
243,29,7.250525597363006
243,2,13.400654188115874
243,6,74.98134722983819
243,7,3.2625485697231853
243,8,1.0356788106844512
244,10,198.83522562159953
244,12,76.96847896457206
244,14,56.2449411268016
244,17,5.892441160559071
244,18,124.06812499850653
244,21,78.01259628356202
244,22,79.80928015725856
244,23,169.31852125271374
244,24,199.80435944365894
244,27,1.0145598217017968
244,29,197.4761591417825
244,2,14.050668580676962
244,6,76.96189259404105
244,7,3.780289353283206
244,8,1.019763859339545
245,10,199.6558090576722
245,12,199.88073613679632
245,14,56.88221124113412
245,17,47.341015688791416
245,18,199.9439717098077
245,21,23.145241249528354
245,22,196.9526152369538
245,23,199.90528448664128
245,24,6.087614850461165
245,27,1.0528568991124745
245,29,199.84626565291774
245,2,31.161278681755956
245,6,198.47891009734
245,7,1.8636013623721666
245,8,1.0462613038208524
246,10,199.388600463073
246,12,199.96414925667864
246,14,56.65707020538822
246,17,123.13715972930396
246,18,199.7671921941614
246,21,28.03685159461117
246,22,197.75652266890128
246,23,199.8451502547209
246,24,5.9343560940360165
246,27,1.0145276568133628
246,29,200.66127962134638
246,2,7.567235388505372
246,6,199.8736255366426
246,7,1.080718407461867
246,8,1.5737306306799659
247,10,76.92021946415542
247,12,199.91411453901765
247,14,6.108083294866926
247,17,123.42819598596805
247,18,199.99390782364074
247,21,1.0984171570636425
247,22,197.74198820924326
247,23,2.84992712550628
247,24,5.964226664244721
247,27,1.0257901164152123
247,29,199.31570581832614
247,2,9.073424153498463
247,6,199.8853085291143
247,7,1.0995371536632752
247,8,2.26493423561932
248,10,41.297767375941746
248,12,199.89126836303905
248,14,5.8966055279230085
248,17,47.588840214330766
248,18,200.0235340907711
248,21,1.0573116855587088
248,22,198.86181926174564
248,23,1.0456162329573022
248,24,1.0759049256612965
248,27,5.830415284274483
248,29,199.190852836638
248,2,11.991390442245073
248,6,199.9746065909928
248,7,2.011242494178075
248,8,76.90627167159909
249,10,1.4351770736080482
249,12,77.16443467144629
249,14,1.0100043145968325
249,17,1.0220687095135943
249,18,200.0013485169015
249,21,1.211263869124145
249,22,196.83995954224142
249,23,1.0300748954046106
249,24,1.010536393804971
249,27,5.148095908758999
249,29,197.31177753258777
249,2,9.376799515832289
249,6,198.6480394734395
249,7,1.1386507377062312
249,8,6.1998443757047275
250,10,1.5673253199854345
250,12,6.144974408035337
250,14,1.0625208376252022
250,17,1.0528854116157729
250,18,199.94504406603136
250,21,6.65031440055397
250,22,197.27562757474755
250,23,1.020009488800252
250,24,1.007224259224875
250,27,121.95946713671663
250,29,75.79189658215799
250,2,1.2801992647276954
250,6,174.06277744732714
250,7,1.6319756065038935
250,8,6.066542766938704
251,10,5.73780181987083
251,12,5.98114388014966
251,14,1.0226223847441243
251,17,1.0600908166586804
251,18,200.01941062965656
251,21,6.073434333606848
251,22,193.63128304179943
251,23,1.0623821831700315
251,24,1.0214705131523902
251,27,77.16904063192459
251,29,68.09281273010765
251,2,12.214384185018401
251,6,2.0997168845648195
251,7,4.648865319749702
251,8,5.973131820232021
252,10,76.38867417485866
252,12,7.180564686593688
252,14,1.0094633428648476
252,17,1.1268819695354468
252,18,199.88799865797267
252,21,5.7232524797322
252,22,197.08276134153468
252,23,1.2117570001145717
252,24,1.9393117418320653
252,27,2.206124835617919
252,29,5.798331773545853
252,2,1.8358883754385633
252,6,1.0453921419821783
252,7,1.0968501111693714
252,8,123.7638975696475
253,10,191.15169538155507
253,12,6.023571741732481
253,14,1.0221385720619212
253,17,45.25747967462004
253,18,77.12502682127737
253,21,199.54144348349521
253,22,196.95446935651552
253,23,1.047582127282888
253,24,1.0145212395852523
253,27,1.0288817281919551
253,29,76.05964581203419
253,2,1.1710625556515328
253,6,1.1403802497937425
253,7,1.0551921180503925
253,8,199.85799827685057
254,10,7.387526603285686
254,12,76.98305269998076
254,14,1.016817626335423
254,17,38.44507539345328
254,18,124.06543225176081
254,21,199.7756571830785
254,22,197.11491925440163
254,23,6.051023565568417
254,24,1.0200256621128305
254,27,2.5498863803335015
254,29,77.00478784907908
254,2,7.318712758787039
254,6,1.239276538561134
254,7,1.206086354928173
254,8,199.88007281392325
255,10,6.420502737064401
255,12,77.05827392911513
255,14,56.15565372297969
255,17,45.410208816679614
255,18,199.82254910631934
255,21,199.72120836169609
255,22,122.65825863647672
255,23,6.693112500260308
255,24,1.251407076847342
255,27,2.307956861820282
255,29,77.81506313261949
255,2,16.754759804574007
255,6,2.0811978671190103
255,7,3.8483250689961754
255,8,199.66157854749136
256,10,5.806664481341958
256,12,199.97802042517003
256,14,146.00176991710944
256,17,1.0372531088652392
256,18,199.56421838997946
256,21,200.01469987924085
256,22,123.09996155638075
256,23,2.5119765369811984
256,24,15.303827868925652
256,27,1.0081260737261737
256,29,199.1564160541079
256,2,21.514185255726602
256,6,6.299204802629506
256,7,5.7376798777845925
256,8,166.9069248469482
257,10,5.804554697750528
257,12,199.93914651655965
257,14,146.00077468057506
257,17,1.0173933099856411
257,18,77.68623461638218
257,21,199.47769056814047
257,22,124.71052040695814
257,23,1.044835717525534
257,24,5.935675344353076
257,27,1.008848189451017
257,29,199.28190009234592
257,2,14.083499866445537
257,6,76.70049203957977
257,7,7.122906641938875
257,8,122.81283069773424
258,10,6.130748460448588
258,12,199.99874283250048
258,14,146.2801440185546
258,17,1.052532618677197
258,18,77.3947758164307
258,21,199.15810519401086
258,22,157.1003900591939
258,23,1.058959155255114
258,24,1.3716282192068123
258,27,76.9163710925155
258,29,200.19162983581197
258,2,36.67250290905186
258,6,78.1338442368245
258,7,7.689499772017531
258,8,197.0464549983459
259,10,76.99231459889782
259,12,199.9386637380755
259,14,123.26020651512154
259,17,1.784210547927874
259,18,77.12861351001743
259,21,199.45707601080704
259,22,157.05620157438574
259,23,2.505813243766817
259,24,1.0231520176848548
259,27,124.77688345027508
259,29,199.76744230448188
259,2,37.59008002963048
259,6,77.22877324894559
259,7,23.382313179502784
259,8,198.04840871251216
260,10,199.23227356772804
260,12,199.99700851739618
260,14,125.02053110110705
260,17,1.2965454103070961
260,18,199.79756750393256
260,21,27.332253248637983
260,22,75.98716504165031
260,23,2.5303019703533
260,24,1.0221233531160676
260,27,199.4987425776018
260,29,197.91672138866434
260,2,37.14202423084524
260,6,79.61609902289757
260,7,23.722346330427094
260,8,76.97307432068534
261,10,198.61908406501567
261,12,199.9293098839214
261,14,123.2651892612477
261,17,46.98162150513546
261,18,199.668065622794
261,21,1.1698098933250085
261,22,6.333739332301882
261,23,2.050542050774755
261,24,5.720175862672678
261,27,5.684436072764681
261,29,123.57429385008425
261,2,12.636202721364485
261,6,198.81037043404834
261,7,19.73286537079707
261,8,1.037775556172196
262,10,196.4420688587216
262,12,199.93918567623524
262,14,144.97039092784675
262,17,39.912935051793866
262,18,199.7597820469994
262,21,76.05469340148002
262,22,5.242009500345002
262,23,2.497654464518761
262,24,124.37486492243059
262,27,5.886109851422778
262,29,130.19033658436763
262,2,5.8377264971434055
262,6,197.4235035051644
262,7,24.12602210449525
262,8,1.01710324329369
263,10,199.84517377609586
263,12,199.90233556334553
263,14,123.67273458000014
263,17,47.62642813863008
263,18,169.07222389372063
263,21,77.80175688188058
263,22,1.1700219468615738
263,23,1.3208803077891011
263,24,142.0513536525556
263,27,8.972418661189597
263,29,193.25499451472646
263,2,1.418522386397547
263,6,198.16954757852685
263,7,37.605762137237896
263,8,1.007571525689311
264,10,200.13896391780114
264,12,199.94837334212824
264,14,56.26721343204665
264,17,6.113734383168048
264,18,199.94136485432338
264,21,80.91828357712616
264,22,1.0949097615215895
264,23,1.582648734575572
264,24,146.24622651266063
264,27,3.80779585356552
264,29,167.87593588334673
264,2,6.514518196940307
264,6,76.53044349936765
264,7,38.647801681903466
264,8,1.0504430938452103
265,10,199.67277915329848
265,12,199.85343987000977
265,14,1.0862140099229698
265,17,6.141363270673642
265,18,199.79028264331998
265,21,5.449300298643796
265,22,1.4067965323609095
265,23,2.419821291241774
265,24,123.7810677824208
265,27,1.1899317745279734
265,29,192.67306435361496
265,2,14.781643106244864
265,6,76.86233248652012
265,7,22.903632661044533
265,8,5.540873637367797
266,10,76.81966996272283
266,12,199.54717036418018
266,14,1.047047227495766
266,17,6.064740435927219
266,18,169.4378068240369
266,21,76.90128273960057
266,22,81.61600263481019
266,23,1.0224384760702516
266,24,199.71241125579306
266,27,5.975761598378889
266,29,178.393075529461
266,2,120.82577174977266
266,6,74.98006392979562
266,7,1.3255827420772535
266,8,76.97224098201345
267,10,6.032383301382579
267,12,77.07026757938404
267,14,1.04772126695859
267,17,123.59327454869427
267,18,199.9120150662528
267,21,195.04564787930136
267,22,75.6415916112274
267,23,1.005431284943333
267,24,198.89192614612
267,27,20.714322770700125
267,29,77.7386397844851
267,2,47.32129009017838
267,6,90.21778783576434
267,7,1.1768145295088017
267,8,76.95277316804987
268,10,5.929708114881708
268,12,169.00686592191678
268,14,6.000745085512238
268,17,5.980503629484196
268,18,200.00045470304067
268,21,1.2103092387007732
268,22,72.2826958065293
268,23,1.0208215935593699
268,24,199.8480612422336
268,27,5.992692400461188
268,29,77.56962005036092
268,2,121.33398241753757
268,6,79.46107869964057
268,7,1.2213473097465921
268,8,195.54437993805536
269,10,2.2623303506499783
269,12,169.36889195349045
269,14,1.2231396364046725
269,17,1.0646124168450484
269,18,199.99025986701852
269,21,1.1987894436918676
269,22,2.2505567824319623
269,23,1.0092018303257668
269,24,200.00997847188364
269,27,1.0283022037631753
269,29,76.71540816942598
269,2,123.05469853171755
269,6,91.08857154291998
269,7,4.610203870954556
269,8,165.53431991750534
270,10,2.9228603035177017
270,12,199.8978218675784
270,14,1.0138087389334947
270,17,46.73556798105362
270,18,200.00845396090924
270,21,76.38415680481417
270,22,6.287588054345388
270,23,1.059229307646395
270,24,199.93568448077716
270,27,1.017773282345655
270,29,76.54054640089714
270,2,126.01085073171949
270,6,77.79965828424398
270,7,1.1879199042871111
270,8,165.74513132151603
271,10,1.4901919975015612
271,12,199.88239979891284
271,14,1.0216258328228467
271,17,62.020374162697166
271,18,199.59075444743382
271,21,7.50105723746531
271,22,5.304548063200682
271,23,1.02689633115366
271,24,199.92673126982316
271,27,1.0459926911335706
271,29,77.02105386914685
271,2,122.15999179449508
271,6,77.14750386034207
271,7,1.1654466741111769
271,8,199.8010367700697
272,10,6.092178033275555
272,12,199.94259728505656
272,14,5.955699858144653
272,17,1.1055792550593218
272,18,199.78030481243798
272,21,75.94630497638738
272,22,1.0733999337073863
272,23,1.022734746663053
272,24,199.9127033966447
272,27,1.5654887129364505
272,29,75.94293995779773
272,2,122.12353465882485
272,6,76.32804081971106
272,7,1.376783698325492
272,8,199.97801568466963
273,10,77.51931608735876
273,12,199.7488820567288
273,14,56.23423349214057
273,17,1.0072803714776943
273,18,76.97468739666094
273,21,76.58681838908073
273,22,1.0688487113447684
273,23,1.017021617446847
273,24,199.96889195308316
273,27,199.2464871856772
273,29,1.4282155221008905
273,2,121.89564078647558
273,6,78.94145471259722
273,7,3.1529962492895787
273,8,199.7922993062505
274,10,199.57803604885984
274,12,78.1365197973479
274,14,146.01122868009017
274,17,1.0039597856810327
274,18,1.6487958495517392
274,21,199.75426407838108
274,22,1.282124864575036
274,23,1.0236969943030556
274,24,199.91778052597846
274,27,168.863962896259
274,29,1.108016260840711
274,2,146.05915011281598
274,6,199.02827442426562
274,7,8.319348650571788
274,8,169.252167650746
275,10,199.69769376583815
275,12,78.04435587256405
275,14,146.03447389987133
275,17,1.0486401675851533
275,18,1.011467225568292
275,21,199.50998923725666
275,22,1.7544701395976159
275,23,1.2467420508764095
275,24,199.9337609559522
275,27,199.9807490686464
275,29,1.0854790611708969
275,2,122.06095439630505
275,6,199.5520966992464
275,7,9.453615117971205
275,8,169.49609724164839
276,10,192.74025574282877
276,12,199.76403583680025
276,14,56.208342663607425
276,17,1.6129607101799859
276,18,1.0387263463077718
276,21,199.45774064726038
276,22,75.61931976395421
276,23,1.4724942325555463
276,24,199.8204464926848
276,27,199.75294631689357
276,29,1.1234802530674883
276,2,122.26272099119825
276,6,199.16196758163107
276,7,7.578434020736986
276,8,199.97373297314738
277,10,6.6932456243701
277,12,6.244075520407758
277,14,66.15270692050414
277,17,123.81929704158848
277,18,1.0153689922440938
277,21,196.8273139456771
277,22,75.45724848458725
277,23,6.51698502726229
277,24,123.78056166503431
277,27,199.93023776392948
277,29,1.060833643548651
277,2,144.67319393645013
277,6,186.50732654529446
277,7,4.280855689549829
277,8,199.75073914190685
278,10,7.295487320512626
278,12,5.7737141234279425
278,14,1.038140128972134
278,17,126.31465050925648
278,18,1.0108882372494288
278,21,1.6861822522298466
278,22,193.35827675779552
278,23,6.533269723012818
278,24,123.89218783568073
278,27,199.91125458523564
278,29,1.0443672494664902
278,2,121.86106267610784
278,6,111.45326929527265
278,7,1.1454414681885012
278,8,199.51238000863492
279,10,7.221125033075297
279,12,5.980641497463868
279,14,1.0056924949246864
279,17,126.0881118009402
279,18,5.985241190789437
279,21,1.1769438714748177
279,22,166.94623236242288
279,23,6.378835908835265
279,24,123.96501522129316
279,27,200.04786979633064
279,29,1.0509990300636898
279,2,120.42562805294523
279,6,133.7703889915209
279,7,8.793406002803385
279,8,199.98974554341498
280,10,77.47569271905137
280,12,77.01105266896708
280,14,1.0060965075404258
280,17,47.943680945649696
280,18,77.04321766439085
280,21,1.9007322716048634
280,22,194.3239936066281
280,23,1.040765110163916
280,24,146.18998534141178
280,27,200.05539492977
280,29,2.4809248185578174
280,2,121.69055311534397
280,6,7.2780812610255
280,7,1.1292049861602937
280,8,17.67900784880982
281,10,81.11856952865078
281,12,199.44727496974926
281,14,1.0068189458407162
281,17,5.949360804773908
281,18,199.85082337477047
281,21,199.3104896216576
281,22,31.7960596420252
281,23,1.0365743227917188
281,24,124.07204148987117
281,27,200.011733122716
281,29,8.035799451755386
281,2,122.70981042317693
281,6,131.5266612598801
281,7,2.8025963771925935
281,8,1.6320412747354285
282,10,199.0359946525786
282,12,200.01614160635566
282,14,1.0661051700905695
282,17,6.047922817027207
282,18,199.8740928215411
282,21,199.29408124474762
282,22,1.1447795109228018
282,23,1.0137086360176255
282,24,199.64124571867342
282,27,200.0250155248953
282,29,6.483075965201194
282,2,119.42416058928143
282,6,77.77266016984463
282,7,9.560510903529424
282,8,77.1163593345252
283,10,198.1473597838874
283,12,199.75042777005953
283,14,56.391487339301996
283,17,6.222516492060513
283,18,199.71599851963785
283,21,197.85902194035157
283,22,5.660054401453199
283,23,1.6463123442942291
283,24,76.91363205040489
283,27,200.02223913531745
283,29,9.231559132641403
283,2,1.3834466909538965
283,6,74.86817467018344
283,7,21.78988040881056
283,8,91.29798339243962
284,10,200.03725924482205
284,12,169.69043263384697
284,14,199.87743412684472
284,17,47.75673231129546
284,18,8.819123002479387
284,21,77.12577824782818
284,22,75.21415972002261
284,23,1.0427643762850416
284,24,169.1301106292532
284,27,199.96569099538743
284,29,191.51629398009266
284,2,1.26604248410778
284,6,6.415428495769973
284,7,25.475543317495667
284,8,76.99501740009701
285,10,199.02460692675183
285,12,199.82107546881286
285,14,169.06085988078962
285,17,6.0173877386420624
285,18,1.0339561667251613
285,21,196.62657518185082
285,22,75.7705202209178
285,23,1.5226355052928626
285,24,199.90178717021126
285,27,200.0074295623063
285,29,199.8937507078707
285,2,7.954832252186788
285,6,75.66485120119384
285,7,9.890828972767958
285,8,76.97242746052187
286,10,76.53777736889396
286,12,199.82130676595676
286,14,199.99162158775366
286,17,47.849819226933725
286,18,1.0586809675617634
286,21,199.65357807947814
286,22,187.6063949300324
286,23,5.855763696798351
286,24,65.21407553628143
286,27,199.93791239872263
286,29,199.51032586943316
286,2,8.439126008952977
286,6,65.43105728057681
286,7,18.61741581902383
286,8,199.8339517785458
287,10,1.3911390756705946
287,12,199.65155591262777
287,14,199.90985293483456
287,17,124.03516381471476
287,18,1.0091194203270033
287,21,199.81115667373535
287,22,186.14967781333
287,23,7.063258689977268
287,24,75.92739902458054
287,27,200.05065826814254
287,29,200.14073793598183
287,2,6.266437543907977
287,6,76.50296116189868
287,7,25.3924548292152
287,8,199.9535547112461
288,10,77.10643655153743
288,12,199.57681073645944
288,14,199.95053405143346
288,17,124.16525189215119
288,18,1.1030722714453445
288,21,199.65195127609638
288,22,186.07884098886055
288,23,6.530698644260424
288,24,6.002019065975079
288,27,200.0459450181863
288,29,200.3137707047284
288,2,1.210148722434456
288,6,5.438865979569614
288,7,26.149901263609657
288,8,124.141688474799
289,10,76.9580298956703
289,12,199.31922038993508
289,14,199.9697230094699
289,17,105.20842971859705
289,18,1.520655941997616
289,21,62.967148624769074
289,22,92.2346260204093
289,23,6.340277338489733
289,24,6.0093344566600635
289,27,199.91686296110797
289,29,199.98603924813418
289,2,1.1071155395954775
289,6,1.1147366257631213
289,7,26.315958247709663
289,8,123.9431295364368
290,10,195.83072017757613
290,12,1.0353718293963898
290,14,199.93443762388836
290,17,123.83937969136062
290,18,1.2164002533108444
290,21,6.423295723113687
290,22,124.0942952508842
290,23,5.500265467712382
290,24,76.80331597732322
290,27,78.76883890683649
290,29,200.16567306797268
290,2,5.954336143621079
290,6,1.0869285933689032
290,7,24.101809909378357
290,8,124.14168476969431
291,10,199.87149212904302
291,12,1.0076775569168637
291,14,199.9708374763669
291,17,123.49084582697994
291,18,199.0327589512285
291,21,76.60299237065975
291,22,120.6792563240235
291,23,5.307334124427827
291,24,65.37784037619441
291,27,6.102768945266023
291,29,200.11416627562994
291,2,5.682552838085485
291,6,1.2468195239377768
291,7,6.178571196600498
291,8,198.62769694290301
292,10,200.03958224181994
292,12,1.0063621929880557
292,14,199.82461536553018
292,17,122.29490330747228
292,18,199.5119570442902
292,21,76.50670721391072
292,22,197.90924612255483
292,23,6.12913380821699
292,24,123.81204643073887
292,27,1.0655038715416505
292,29,200.3176403771811
292,2,1.1358775518023132
292,6,1.1998247876296706
292,7,7.309533327446278
292,8,199.8749293485691
293,10,200.19390514495709
293,12,1.0059170346328052
293,14,199.97879047181996
293,17,124.20396815375096
293,18,199.79048654961287
293,21,5.894362909947891
293,22,200.21641175967991
293,23,6.859928421982492
293,24,77.87536743540042
293,27,21.919894303524764
293,29,199.7190541271148
293,2,5.780287652071563
293,6,75.47489011272268
293,7,12.18420529889456
293,8,77.02155834137805
294,10,200.3472697185992
294,12,1.0788794405055877
294,14,199.86235858479628
294,17,47.85360223068648
294,18,77.02035557738101
294,21,83.10314180766895
294,22,199.8313015793954
294,23,6.921710056685033
294,24,1.1585181676845286
294,27,198.3347571629966
294,29,199.92694291729057
294,2,9.096554122870227
294,6,176.69343333870856
294,7,124.53695539621576
294,8,1.0073941743149855
295,10,200.00825301497144
295,12,66.48103842250404
295,14,199.83731149675782
295,17,40.33227070931138
295,18,6.290515740006461
295,21,82.19137410371226
295,22,199.15637361071148
295,23,6.730866982966047
295,24,76.97129094743374
295,27,198.9071863496511
295,29,190.85522030612358
295,2,1.1524196462248215
295,6,148.66944502161348
295,7,8.905600169540184
295,8,1.008683909553459
296,10,199.275334806319
296,12,1.0283214789864925
296,14,199.9611303375524
296,17,6.413867690450341
296,18,123.55450064894976
296,21,81.27449841046574
296,22,198.83411065320962
296,23,6.934926304241456
296,24,189.18387644397808
296,27,10.703807971244528
296,29,199.58197038737228
296,2,1.0501441842617214
296,6,198.58230448411607
296,7,6.500182332548428
296,8,1.009389605702469
297,10,140.40462182711727
297,12,1.0123826292736195
297,14,199.99303304170687
297,17,47.811391226443
297,18,199.7909289510297
297,21,76.38477998292949
297,22,123.12244453347618
297,23,6.2359507515505435
297,24,91.08641274492189
297,27,77.14292747602062
297,29,196.1754824961471
297,2,1.0465371101294028
297,6,198.7276152408149
297,7,25.824908782138923
297,8,1.016565969279158
298,10,193.03196703391419
298,12,1.0106322458392167
298,14,199.99681921320365
298,17,1.039780502992925
298,18,169.28618215690275
298,21,5.583880202385809
298,22,75.73773220016069
298,23,6.169836832093994
298,24,1.5700415577546467
298,27,199.67406838530954
298,29,200.0901882144183
298,2,1.0358647190639663
298,6,200.03481774160318
298,7,27.822032138854258
298,8,77.07911669206565
299,10,200.12789590843306
299,12,1.010943022187432
299,14,199.90610757126456
299,17,5.783667100079331
299,18,199.10592434804806
299,21,6.118423261713908
299,22,78.5508114659055
299,23,5.8642639523117825
299,24,1.0350899656672856
299,27,199.9189001263259
299,29,199.9546411040485
299,2,1.330790247976692
299,6,199.1425191892959
299,7,18.615402716730667
299,8,123.95762206466075
300,10,199.34853033080392
300,12,1.010580451405815
300,14,199.72991777378473
300,17,7.1318968621073795
300,18,93.28058569661441
300,21,5.00697842955821
300,22,76.63549233694063
300,23,6.0359304234951905
300,24,3.3884393826723684
300,27,169.15989808804466
300,29,200.36322115583138
300,2,2.8393682080338087
300,6,200.03614670892543
300,7,1.9240518247761504
300,8,199.99868658224435
301,10,79.65073368395267
301,12,1.0104996432993225
301,14,169.28824398892536
301,17,199.10056247338554
301,18,77.06688708935702
301,21,1.2074673139654526
301,22,75.78280580488558
301,23,5.861111358174061
301,24,6.146523865282598
301,27,199.90974604379775
301,29,200.19395432488008
301,2,8.47759576967399
301,6,198.49665943661734
301,7,1.2950827274811538
301,8,200.05244162880018
302,10,78.03755434350674
302,12,1.0529049257545182
302,14,199.9401821594203
302,17,199.64967322270726
302,18,77.06524213221867
302,21,1.0745454682938138
302,22,76.47626970980221
302,23,7.108403115548046
302,24,123.89824137185875
302,27,199.99196790353676
302,29,198.64393542809944
302,2,1.2666574297881106
302,6,197.38858328727295
302,7,1.5358182699988923
302,8,200.07108699488336
303,10,76.43596195813406
303,12,79.2841416086152
303,14,199.93538735631108
303,17,199.94608078759228
303,18,199.97043799902173
303,21,1.4018979167606662
303,22,7.31163934492373
303,23,7.8969496386576585
303,24,77.07259923203266
303,27,200.05356980169867
303,29,199.4271570699454
303,2,9.948017206858825
303,6,199.66849546153597
303,7,3.6248051625422675
303,8,199.9516226077786
304,10,200.1561726404913
304,12,66.9192884702184
304,14,77.30634707247297
304,17,199.76515452778827
304,18,200.02234292574033
304,21,76.8370857756151
304,22,76.45772116883026
304,23,7.019799652461743
304,24,198.04986171065022
304,27,200.06592370262243
304,29,200.038341281432
304,2,23.398392576705813
304,6,200.34733686671314
304,7,6.665732281348777
304,8,200.00670330171138
305,10,200.00579926532347
305,12,66.82284617233782
305,14,77.06328221854675
305,17,199.95707804965716
305,18,199.9973660733112
305,21,48.81993029090716
305,22,179.99561482225067
305,23,2.5935321523000647
305,24,199.86412894188965
305,27,200.07422761851785
305,29,199.44519333604816
305,2,23.653854712925025
305,6,199.92176892060712
305,7,24.119544094991618
305,8,199.88199135296225
306,10,199.97780041908516
306,12,79.4370866576656
306,14,76.9170872189805
306,17,199.96923946480456
306,18,199.97472683241094
306,21,121.2901094054815
306,22,127.17628351200297
306,23,1.1137735356311684
306,24,199.94756736222678
306,27,200.08116517214344
306,29,199.910111570973
306,2,6.94467302820718
306,6,199.44328669797756
306,7,22.915868435811017
306,8,200.08853658919685
307,10,199.58992640267968
307,12,68.07734970652548
307,14,76.89798877809223
307,17,199.95742666330085
307,18,199.93584599984663
307,21,199.31316140115885
307,22,6.6100633966180435
307,23,1.0264982457249607
307,24,199.858418901785
307,27,199.71222804988892
307,29,77.38303435677305
307,2,1.914150046742974
307,6,192.58192413912485
307,7,25.346015630393925
307,8,199.99497434082105
308,10,77.310619007652
308,12,79.27897704768962
308,14,77.06128558608387
308,17,199.93762724509875
308,18,199.9929060272734
308,21,199.88256340984074
308,22,5.79675197792217
308,23,2.5986612244825436
308,24,199.91591783028863
308,27,123.42342675572287
308,29,76.38768446706874
308,2,1.1803708290817123
308,6,197.76474922728667
308,7,25.582954139604286
308,8,200.0783494106703
309,10,79.77073812884557
309,12,79.62119957082398
309,14,199.92393900276207
309,17,199.72750184123532
309,18,199.99568413334
309,21,199.04248316892395
309,22,5.497466663205369
309,23,2.677233956964697
309,24,199.68453769361523
309,27,7.204167470315191
309,29,7.462313981225026
309,2,1.933729400756972
309,6,5.965177219287843
309,7,8.896515184121085
309,8,200.03296983335
310,10,196.12654193218617
310,12,67.03459472475731
310,14,123.63134337042025
310,17,77.06035198857495
310,18,168.82177916067283
310,21,65.88665779659931
310,22,9.077450775174873
310,23,4.24739137323696
310,24,200.0033479273036
310,27,13.131792345703133
310,29,76.62060271288698
310,2,9.045262808347157
310,6,1.1062544594320554
310,7,9.562601273580437
310,8,200.13904122566584
311,10,78.82808504824997
311,12,66.93952341899029
311,14,124.30956818649648
311,17,77.54757991658802
311,18,170.88114702701895
311,21,6.065028752636926
311,22,75.98347903795808
311,23,6.937880559244009
311,24,199.9683115816557
311,27,77.01170818943261
311,29,76.53653206904069
311,2,1.4189764367525124
311,6,1.620774232709172
311,7,9.232972978123106
311,8,200.12547039883137
312,10,75.38054427946891
312,12,171.7861098651561
312,14,145.86982759958605
312,17,199.91674983035082
312,18,199.9320326061972
312,21,78.90640885887163
312,22,198.48989847534196
312,23,3.834097767285035
312,24,199.82463457628856
312,27,5.4181304676952475
312,29,124.83939251493506
312,2,1.0608569375071888
312,6,6.1840813266719366
312,7,10.174862259471023
312,8,200.00185021879363
313,10,76.09358074321536
313,12,199.8573003476555
313,14,76.70941878992555
313,17,199.97140326938205
313,18,199.8675671111429
313,21,77.5697862404421
313,22,198.52185253356248
313,23,2.587728468126511
313,24,199.96368104378593
313,27,1.0060167397645325
313,29,76.99861453426318
313,2,1.0460808358421807
313,6,20.006671277486582
313,7,1.977573401922317
313,8,199.9176838790557
314,10,6.289338872057596
314,12,173.99747890678563
314,14,77.01433218310045
314,17,199.93556685945944
314,18,77.77119648393213
314,21,21.683448925525038
314,22,198.70704757716038
314,23,2.706040689122639
314,24,199.7633867142009
314,27,1.0053541717060424
314,29,80.55046246206219
314,2,1.1304889426348708
314,6,16.53077220118878
314,7,5.276270934827259
314,8,200.01650833017695
315,10,28.41950113043656
315,12,199.90445935010317
315,14,90.80980006955924
315,17,198.06113756720734
315,18,1.031222665705814
315,21,60.036953356758396
315,22,199.32482850333
315,23,6.950700440774739
315,24,1.080401204869283
315,27,1.0080264809867405
315,29,195.00210070260184
315,2,1.0593206099279844
315,6,196.8260849776711
315,7,5.646348974699801
315,8,200.02161226806916
316,10,198.1024917668812
316,12,66.97553789970846
316,14,76.60577520419965
316,17,78.1773985789775
316,18,1.134087510123435
316,21,77.47697066248305
316,22,199.01120782148078
316,23,3.867100419436681
316,24,1.426854883410503
316,27,1.0156615036298797
316,29,199.04608401345646
316,2,1.2993317289612534
316,6,166.1382049002492
316,7,8.864472295246534
316,8,199.97414853323093
317,10,198.698597534755
317,12,5.109693463004994
317,14,5.996946693852999
317,17,77.37708621771186
317,18,1.2225266192762192
317,21,76.70195142255233
317,22,198.85862503468337
317,23,2.4565408020617974
317,24,5.799016325270384
317,27,76.35220444428046
317,29,197.9506047872395
317,2,9.397888329263566
317,6,167.3127234812787
317,7,13.736566146121472
317,8,199.8993275978676
318,10,199.8787220919989
318,12,6.014873183197426
318,14,1.037635141052142
318,17,76.85928938758634
318,18,6.0022222200232465
318,21,5.965868008071216
318,22,199.01372857118528
318,23,1.7430996987123109
318,24,1.0225361330176266
318,27,199.2589147882192
318,29,199.21831987339743
318,2,129.15284289119316
318,6,198.0718351289596
318,7,10.192585593616295
318,8,199.95773313188644
319,10,199.93066744174925
319,12,3.3031332952863273
319,14,5.985549846185473
319,17,77.03658025449946
319,18,24.091001152018414
319,21,1.0358611083904448
319,22,198.85119338120535
319,23,2.7354619367516033
319,24,1.044046140792591
319,27,200.0468795445626
319,29,199.20163675141063
319,2,129.59955689074613
319,6,199.29260340920408
319,7,9.410233919508304
319,8,199.97162942933363
320,10,200.08135961052693
320,12,6.015971689063226
320,14,4.998068991069784
320,17,77.9537535626828
320,18,19.364417494216717
320,21,1.0846343509152283
320,22,76.66193467818137
320,23,2.768412044862398
320,24,5.8439273863638075
320,27,200.01295610478638
320,29,199.77620915152733
320,2,129.49674996331544
320,6,100.7906144502575
320,7,10.631153891853787
320,8,122.55706867380162
321,10,200.10183008142712
321,12,66.69800216669319
321,14,76.96732012492497
321,17,199.8035397313215
321,18,6.951003476549514
321,21,1.1150053520760157
321,22,6.7384914032324525
321,23,1.1529657532983255
321,24,116.41013797897891
321,27,200.05252296488717
321,29,199.01036325682566
321,2,128.56501826620473
321,6,19.807804048963153
321,7,9.477282589825556
321,8,79.06326130668708
322,10,200.36465945065507
322,12,172.4154833787265
322,14,77.28147018887945
322,17,199.8219954956833
322,18,199.4832553057386
322,21,1.280720416653858
322,22,7.966098076855856
322,23,1.1680715149241399
322,24,199.90136397689437
322,27,200.02533569272674
322,29,198.30489824345892
322,2,128.38214510406135
322,6,2.4876409203641843
322,7,197.00451349341225
322,8,122.7475227194665
323,10,200.15020085830415
323,12,173.24638178901742
323,14,199.63997727153958
323,17,199.91769967703738
323,18,199.92000244424852
323,21,1.2689075950296693
323,22,4.991186049010616
323,23,6.002704323364377
323,24,77.06952365759028
323,27,199.81284593570155
323,29,6.354811734945923
323,2,127.02315063144056
323,6,7.8851517632390875
323,7,198.17596481885997
323,8,199.8566297607794
324,10,200.0689056056204
324,12,98.75473877752341
324,14,199.93714864941424
324,17,199.76541618251514
324,18,199.95662231069838
324,21,1.7418506971320182
324,22,6.662176470655944
324,23,2.5789326091068676
324,24,36.737255293941985
324,27,77.20306054778464
324,29,1.5590514473121522
324,2,109.36947821666192
324,6,1.9014942515843838
324,7,199.63262105308647
324,8,200.02418139627727
325,10,198.52672633483513
325,12,1.2087751567458525
325,14,199.9510697631537
325,17,199.9937264317983
325,18,76.96569117878258
325,21,76.63316426999656
325,22,5.9055868912397065
325,23,4.944611127505039
325,24,90.77488622404671
325,27,199.83691153961578
325,29,1.2262615326857116
325,2,129.32874278863997
325,6,77.07111384665619
325,7,198.14815826066953
325,8,200.0656566655313
326,10,199.00734433267888
326,12,58.69977249289897
326,14,199.89943173866882
326,17,199.97447323522778
326,18,6.511483916585095
326,21,198.69802852807194
326,22,5.729894389971623
326,23,5.864068555914709
326,24,5.930409470122925
326,27,200.06248516470106
326,29,1.083001859616229
326,2,126.96866891667189
326,6,78.53091678892507
326,7,198.6938054428702
326,8,200.05300747376972
327,10,199.48639285472103
327,12,5.951401146926137
327,14,199.96312347315362
327,17,199.95143456874703
327,18,5.939410146963623
327,21,198.83021996530246
327,22,1.1662141676611157
327,23,7.180461238251845
327,24,76.96577463993808
327,27,200.05702045226232
327,29,1.1136889149960387
327,2,128.90852733517707
327,6,198.8693248485396
327,7,197.16659572769666
327,8,169.5962199211607
328,10,199.9285813363779
328,12,66.90625148550976
328,14,199.69045875006952
328,17,199.95487237258095
328,18,1.0638695670672607
328,21,200.3877113188512
328,22,4.103929065681917
328,23,7.146378768772584
328,24,199.95298054980498
328,27,200.06606895190387
328,29,5.47919672829876
328,2,128.47843784907604
328,6,199.23773596078345
328,7,77.41312456511854
328,8,200.03933247224597
329,10,179.5066178426437
329,12,173.77081340951324
329,14,199.96500978080346
329,17,199.95828693452145
329,18,1.0133177548476302
329,21,200.53749785535894
329,22,1.7514662543645152
329,23,7.140049074823136
329,24,199.9946081899081
329,27,199.81700309513624
329,29,7.725913984493036
329,2,127.9566535116464
329,6,199.17586252034502
329,7,6.809510427570552
329,8,200.04191047853843
330,10,7.861095910569823
330,12,162.52660481002633
330,14,199.9804595013438
330,17,199.96649237342558
330,18,1.0085764317928703
330,21,200.58318618603326
330,22,75.74626874223091
330,23,3.057384245299955
330,24,199.9153012968573
330,27,199.74101722311826
330,29,7.851185787666647
330,2,127.5141833904083
330,6,197.93605646404882
330,7,76.92839250162564
330,8,77.02537636744066
331,10,1.8362861180425825
331,12,173.81934492988537
331,14,199.96936412403886
331,17,77.08739081092283
331,18,5.955851664617665
331,21,200.13805467871825
331,22,196.6443356094053
331,23,2.768742645370534
331,24,77.03342204113991
331,27,198.2566249177404
331,29,22.35983152327893
331,2,103.24392264415633
331,6,199.99611164554523
331,7,92.92535445565977
331,8,15.135094074157317
332,10,74.87508919244004
332,12,171.52096456528815
332,14,199.99849369587744
332,17,1.2374057259817695
332,18,6.022947418564631
332,21,200.16034172288443
332,22,199.1285888041484
332,23,1.1057251352704414
332,24,77.18571523172612
332,27,199.8380424512752
332,29,8.788724679966233
332,2,49.92773589796172
332,6,199.62486024770456
332,7,198.42025399109505
332,8,199.74919110751597
333,10,76.6724477330398
333,12,173.84307920414045
333,14,76.99899717337013
333,17,1.00890309610497
333,18,196.26705788416893
333,21,200.07772248471557
333,22,198.9428336051334
333,23,2.6634241403235333
333,24,199.77035609268916
333,27,200.01604567896183
333,29,1.3878963394113721
333,2,48.428495647111696
333,6,199.23647952029927
333,7,76.82124344232507
333,8,123.60990550017969
334,10,198.84923266754177
334,12,172.78883264601754
334,14,5.894581469593538
334,17,1.0245718659816596
334,18,196.52938020716172
334,21,200.5905109874623
334,22,198.53736347850426
334,23,5.930954187921787
334,24,199.9563666137765
334,27,200.02425922259704
334,29,1.1134744655504636
334,2,3.290099214560463
334,6,198.8808503955169
334,7,76.50646010507808
334,8,123.89323715512135
335,10,199.5877160744269
335,12,66.5818908153934
335,14,6.176396263147686
335,17,4.471764087459425
335,18,77.06980250449958
335,21,200.8875308306439
335,22,91.57661141493354
335,23,6.992776637023505
335,24,169.50367499884834
335,27,199.75966188678842
335,29,1.1314441993992503
335,2,47.28296668933472
335,6,125.04186320451299
335,7,8.275560405797302
335,8,200.02546120539802
336,10,199.98545458578852
336,12,1.1469718109675442
336,14,76.9741894751443
336,17,6.705323628026569
336,18,77.12072713244206
336,21,200.15420764394793
336,22,77.23663185337078
336,23,6.325264796095544
336,24,199.81783735306908
336,27,199.94102457596378
336,29,1.4794065102866114
336,2,125.83102973285659
336,6,76.95367597754061
336,7,125.96128401840805
336,8,199.92069431643614
337,10,199.53684948408457
337,12,66.93798657837982
337,14,199.96759148178165
337,17,6.050688681724658
337,18,7.023864991386751
337,21,200.86382054402296
337,22,77.30399768049277
337,23,6.467245421238552
337,24,199.95639321793993
337,27,200.06746646687466
337,29,18.00127352424202
337,2,128.3402627211519
337,6,147.80059776907052
337,7,91.53715628920273
337,8,122.9123227367892
338,10,76.82191345007692
338,12,173.7256000392911
338,14,199.84793975879637
338,17,6.092347433803732
338,18,197.5081405808943
338,21,199.93286261884404
338,22,77.79540701979992
338,23,6.306285165035638
338,24,124.42172537994759
338,27,200.00760439348778
338,29,22.21985489054249
338,2,50.50848497799575
338,6,147.74959683351605
338,7,120.78395724244938
338,8,65.17740193348045
339,10,2.5369444427290033
339,12,175.07199161231992
339,14,199.33991581814837
339,17,38.522095735442
339,18,199.9685769197805
339,21,200.66948870665215
339,22,94.53079761729192
339,23,6.106252826679468
339,24,6.260327542317172
339,27,200.0119961324638
339,29,19.296019875807133
339,2,46.79011503592604
339,6,118.79284117109685
339,7,80.61742609195697
339,8,65.3039818385697
340,10,5.9318438877853055
340,12,174.72426882596827
340,14,199.80202425069982
340,17,76.61844253716976
340,18,199.85685132724
340,21,200.33075200428337
340,22,199.07532545463562
340,23,1.1656263926872552
340,24,6.323775340639463
340,27,169.5035174135147
340,29,8.22427810174341
340,2,8.403719842162463
340,6,20.259959851212752
340,7,78.82387613396898
340,8,77.15415841908845
341,10,76.60777027296507
341,12,173.61903974197864
341,14,199.85483000417906
341,17,77.03096736639924
341,18,199.95274504759138
341,21,200.78598809346747
341,22,199.45343371780578
341,23,1.1677877294334007
341,24,89.99535151338958
341,27,199.96598821751613
341,29,1.2204533253150596
341,2,46.02738156730166
341,6,198.01971046171212
341,7,194.74402055034102
341,8,77.37018066374212
342,10,76.73553848750966
342,12,173.80892526464717
342,14,199.6411120464815
342,17,76.79879846196006
342,18,169.41416552144761
342,21,200.16361232537926
342,22,199.35378601766018
342,23,1.1135054887071227
342,24,77.08779354740726
342,27,200.0117049032966
342,29,3.440770124817532
342,2,1.315311521677068
342,6,198.36291927546785
342,7,200.10031017530528
342,8,77.16295918613153
343,10,1.2469518443583612
343,12,135.61056571706618
343,14,199.37634841784828
343,17,1.0204263734036823
343,18,199.93799460621128
343,21,200.89006373513263
343,22,199.0888661942286
343,23,2.4850280686790556
343,24,76.91934855098509
343,27,199.9823887070721
343,29,1.3914136269505153
343,2,1.2533784006324948
343,6,198.20360965801086
343,7,200.0818735037509
343,8,6.0199067644893365
344,10,1.1229465539543944
344,12,1.0261470179943288
344,14,199.74451054933658
344,17,1.0292068952092273
344,18,199.93212692007376
344,21,200.07846117393638
344,22,198.72329845012885
344,23,2.7192635499010773
344,24,77.04856432344796
344,27,199.84484440611405
344,29,1.2540085523744882
344,2,6.874504875116856
344,6,192.29362806306634
344,7,200.15840251530986
344,8,6.120554578883761
345,10,1.1270388025937754
345,12,1.0270383783386496
345,14,199.7787584327187
345,17,1.006668610584432
345,18,200.00487823503772
345,21,199.20402850591995
345,22,80.69625024022494
345,23,6.4283602967802995
345,24,77.13566750577462
345,27,199.6493246537447
345,29,6.182888119241063
345,2,3.571578888979909
345,6,165.5782928859984
345,7,200.29647574708807
345,8,6.01341064962864
346,10,1.4018393062238175
346,12,1.0161324401544742
346,14,6.9097441122306575
346,17,1.0522172984144065
346,18,198.91378147893914
346,21,200.03662348654157
346,22,89.37180658600796
346,23,6.015990250390457
346,24,199.5266253305175
346,27,77.04692100730975
346,29,1.3392591351101046
346,2,49.6056059683264
346,6,77.6730255885886
346,7,200.1246766861858
346,8,199.91309263729403
347,10,77.02840605472167
347,12,1.0290192558576265
347,14,6.246908595671174
347,17,77.01412652497548
347,18,199.95173007063687
347,21,200.30699699925975
347,22,198.7934052908767
347,23,5.9177502728732945
347,24,199.80378349146457
347,27,90.79412604290694
347,29,2.8603030565547853
347,2,129.5926860989272
347,6,197.45173790107975
347,7,199.83835487625882
347,8,199.87509478102734
348,10,199.55877944371332
348,12,66.85010853870949
348,14,2.028859128080847
348,17,77.04940003876638
348,18,169.70932777820389
348,21,200.43390762053255
348,22,74.35444114839382
348,23,1.022233315301635
348,24,199.30319287927398
348,27,77.26286685110598
348,29,6.66434670030401
348,2,130.02011590452304
348,6,195.7046547593281
348,7,198.68467316658
348,8,200.01557634267607
349,10,94.93399734322546
349,12,173.81236983844434
349,14,5.98118639384153
349,17,195.3275899530385
349,18,199.9477467902355
349,21,200.76204977243975
349,22,1.2088462424760094
349,23,1.0947201256101164
349,24,199.8034817010501
349,27,77.0002927909443
349,29,3.8880241929842634
349,2,50.44720530824656
349,6,48.766641719579695
349,7,198.84416073970155
349,8,199.97122168675907
350,10,77.36588950434404
350,12,172.76906008849826
350,14,5.941906708559645
350,17,199.83062406247075
350,18,200.02597366853283
350,21,122.2006645048905
350,22,1.0869496040350712
350,23,1.0990185736719695
350,24,199.95562413899154
350,27,76.77478440375923
350,29,6.128523116935262
350,2,51.105068076139226
350,6,1.3551375287195797
350,7,198.92218350503447
350,8,199.9802356114001
351,10,91.50248133787014
351,12,124.44350193463188
351,14,6.2504367849773645
351,17,199.81000380791775
351,18,200.07784586036425
351,21,77.65533787962346
351,22,1.0825031132943632
351,23,1.0430155567021517
351,24,199.95554048835717
351,27,1.0297010709229348
351,29,7.770016022442578
351,2,50.95484761504883
351,6,1.248447761270429
351,7,198.6037670765639
351,8,199.7950763725894
352,10,78.41036010461801
352,12,1.0395149062911397
352,14,5.293465977482484
352,17,199.73553696003603
352,18,200.02829278740342
352,21,79.51818635578927
352,22,1.0674924483773802
352,23,1.4375108559450218
352,24,199.84254418059132
352,27,1.0180024104050152
352,29,8.00526780800556
352,2,50.41225091402819
352,6,1.1336024988427178
352,7,197.16026011895318
352,8,199.998539145003
353,10,198.55317719615064
353,12,1.0116972959538213
353,14,6.052774458172916
353,17,199.89207959412803
353,18,200.05495218987292
353,21,91.70685273468457
353,22,1.1214890207600596
353,23,2.9346426492893674
353,24,199.6705941875672
353,27,5.9471787317863765
353,29,7.4883919732872375
353,2,1.3421857930262862
353,6,6.1473783975671195
353,7,4.6066336895812565
353,8,199.88960063632086
354,10,199.08539482692987
354,12,1.0261811292393623
354,14,5.496119259282616
354,17,199.8214831381894
354,18,199.98820861413947
354,21,59.99391395674933
354,22,6.672093680642397
354,23,2.583050208939732
354,24,124.0144191332399
354,27,77.0317103415266
354,29,2.626441683438056
354,2,1.6843376777621113
354,6,123.02926144012828
354,7,5.53481961451153
354,8,199.97921680656054
355,10,197.81851034741084
355,12,123.36960163140466
355,14,6.003174094893367
355,17,76.9699664063154
355,18,200.01235110650197
355,21,76.65921572718268
355,22,76.43788827416085
355,23,2.906742708311974
355,24,169.1439872008133
355,27,77.00649393572347
355,29,7.1509276437421745
355,2,1.0854668190700738
355,6,124.95586793669048
355,7,5.940919250784531
355,8,200.00779313084058
356,10,196.9955850989596
356,12,66.92725456698412
356,14,6.52033018641801
356,17,77.03351131566782
356,18,128.8041401674359
356,21,77.8422966831378
356,22,198.86958510030814
356,23,18.861123352038113
356,24,199.8181938843173
356,27,65.05413093553751
356,29,20.50545473889066
356,2,4.993247489872184
356,6,123.03862016912338
356,7,76.35783315060253
356,8,199.96573100498756
357,10,77.37411636469832
357,12,5.868126955794657
357,14,6.525213843127877
357,17,77.07928446903662
357,18,169.185873770874
357,21,1.4718485214927446
357,22,199.58606392362975
357,23,19.74745780698984
357,24,199.99000331857417
357,27,65.28751724447935
357,29,42.57093430144313
357,2,6.373722187193757
357,6,7.778929851813998
357,7,196.78954410334467
357,8,168.97523854185502
358,10,76.9336014928725
358,12,3.0402241504039433
358,14,4.919080751119878
358,17,77.00012145706599
358,18,198.83781556922114
358,21,1.1319571217433901
358,22,198.61178955902727
358,23,8.306062881663388
358,24,199.93819515343299
358,27,77.8199007917646
358,29,23.47445241255863
358,2,121.73789169674458
358,6,11.004122873161158
358,7,199.35410300064927
358,8,199.5656636186451
359,10,6.926941959530362
359,12,1.1301128173902624
359,14,6.017918004851307
359,17,76.98994018230306
359,18,200.0332197175286
359,21,1.0607268649200405
359,22,199.02454071094508
359,23,126.90476316830416
359,24,123.42796737102752
359,27,76.77226398341206
359,29,21.794030483454296
359,2,178.17025052708678
359,6,15.734882145731083
359,7,197.907394462953
359,8,168.04576921652935
360,10,73.91325357462864
360,12,1.0181206086623442
360,14,6.171963624613984
360,17,199.4554483875728
360,18,199.9243604358945
360,21,1.1528601089830879
360,22,200.18717492846812
360,23,127.00131556552199
360,24,14.432363300177618
360,27,90.37514120118657
360,29,60.17116147059992
360,2,197.36979297001858
360,6,6.98297582167785
360,7,76.31898443599694
360,8,168.91004552323074
361,10,77.7405389092046
361,12,1.3070080757994842
361,14,6.033649089236115
361,17,199.79239194030234
361,18,199.96881323683948
361,21,77.9450108710572
361,22,199.94293639075056
361,23,124.00613045157715
361,24,16.84200893465211
361,27,77.22483997163292
361,29,32.27332848024181
361,2,200.28470189963073
361,6,3.9656428985457173
361,7,78.68898215156888
361,8,169.39427072869972
362,10,76.81859408279388
362,12,5.923545667254992
362,14,1.06963906233788
362,17,124.4809042400101
362,18,199.64088171979162
362,21,128.95878814346406
362,22,199.6950280369387
362,23,126.64992609626982
362,24,6.040936174763469
362,27,77.06501952136507
362,29,4.040238970381649
362,2,197.51610581130205
362,6,6.749949448920721
362,7,198.06995668966232
362,8,199.66687701177642
363,10,76.96056552421646
363,12,6.113424273072855
363,14,6.257964063548941
363,17,6.020211411651191
363,18,199.9427716488939
363,21,117.96234415982497
363,22,51.77041096828972
363,23,124.24658068113679
363,24,185.40257027868122
363,27,76.99452593078192
363,29,4.725049668293319
363,2,199.74362926108404
363,6,1.3402930431562772
363,7,170.15312944790554
363,8,5.815991711425095
364,10,143.35563557497093
364,12,66.6573130513329
364,14,6.5544519549253595
364,17,76.96116619686677
364,18,200.02216538195555
364,21,6.385499841052379
364,22,1.23124754250295
364,23,1.1125318620704037
364,24,199.5440782725175
364,27,77.05714608878698
364,29,5.366745151759971
364,2,197.03022902197574
364,6,1.781854038425886
364,7,193.4524525769293
364,8,6.044005765767968
365,10,199.62497901243103
365,12,66.62274271365902
365,14,6.576805346830725
365,17,199.33071241284517
365,18,199.88100624644346
365,21,1.3898779640049974
365,22,1.090780895214708
365,23,1.0917343378446394
365,24,199.7098742759987
365,27,124.10496308953645
365,29,5.277247685140476
365,2,102.48160128394115
365,6,2.0221490952094907
365,7,77.34248419296894
365,8,6.022786841984568
366,10,199.76518669010204
366,12,1.0234019939279815
366,14,6.561562581206867
366,17,199.7564358138436
366,18,79.72443654235137
366,21,1.5439412698473445
366,22,2.3181012379441532
366,23,49.04557355983548
366,24,76.94619512187246
366,27,105.25574293470683
366,29,6.262894240122408
366,2,123.26074609511348
366,6,6.470666073381808
366,7,76.1443601056785
366,8,76.9995336418431
367,10,199.75070501697263
367,12,6.279238430072312
367,14,17.79823127059056
367,17,199.75820042414824
367,18,76.95593001496886
367,21,71.39582410114353
367,22,4.053731486987142
367,23,125.8083723754076
367,24,76.8296145380534
367,27,199.88883160293045
367,29,5.027013131906528
367,2,197.29969117593023
367,6,3.992990128200207
367,7,17.325510971272507
367,8,199.84977387643042
368,10,199.8201089319563
368,12,6.035065849194797
368,14,17.10843733198941
368,17,166.36099211532508
368,18,77.03856992816007
368,21,7.443941013558434
368,22,1.7454775716759345
368,23,121.88413649886016
368,24,76.79172116863994
368,27,199.9956590653345
368,29,5.721536657909137
368,2,197.4910334757839
368,6,6.358143625126326
368,7,74.51566643074175
368,8,199.96412994309412
369,10,198.2320425829828
369,12,111.6086719097887
369,14,17.025998307392726
369,17,198.60662284513754
369,18,199.79542791215565
369,21,76.72085393900828
369,22,2.234078491552727
369,23,121.85474967646638
369,24,75.81511300909445
369,27,199.99659611722043
369,29,1.3334959183450137
369,2,195.57349362993986
369,6,2.881577768079631
369,7,75.97513976949395
369,8,199.9422834678279
370,10,199.08243279904173
370,12,173.08790886841606
370,14,17.084492157953125
370,17,199.83316201864886
370,18,197.09571046286806
370,21,123.65148020279301
370,22,125.37146055158476
370,23,49.759216925219086
370,24,77.08157642395946
370,27,199.9661069423785
370,29,8.043952925430975
370,2,75.88460208794362
370,6,3.8730511973487216
370,7,5.746370791116543
370,8,199.74250304467694
371,10,120.01118134795777
371,12,108.62447690786192
371,14,17.71678693173963
371,17,199.98595240315817
371,18,6.5598067702545295
371,21,200.21056730360792
371,22,50.059903859014774
371,23,49.86826179801595
371,24,76.85495897174874
371,27,124.50597620706218
371,29,18.108259514399585
371,2,75.71856860670668
371,6,5.033145388689678
371,7,8.709110781406643
371,8,6.940738144340647
372,10,75.63295313171828
372,12,1.3141379926050263
372,14,6.553434723057455
372,17,200.04285013945525
372,18,1.143428128515295
372,21,200.15776979024326
372,22,51.34181174290491
372,23,49.510534446591784
372,24,76.83520982296224
372,27,76.995198761541
372,29,7.170913146222943
372,2,196.40666728529123
372,6,11.650908126104751
372,7,76.88361725148111
372,8,76.77715181595278
373,10,76.34692103224593
373,12,6.000157186503137
373,14,6.597042471734746
373,17,199.95979383901758
373,18,77.03623064180847
373,21,200.60670627505618
373,22,70.08636428347764
373,23,199.66581166567767
373,24,76.94607416212376
373,27,7.23473165623332
373,29,1.2155393706022286
373,2,197.37654328321915
373,6,2.8502006212696016
373,7,6.128324687164849
373,8,7.045653952191959
374,10,75.73258213494071
374,12,67.07614181624169
374,14,6.2549436891513235
374,17,200.00565993012987
374,18,77.07010092093695
374,21,199.7086163408079
374,22,77.58228687370035
374,23,200.026454007765
374,24,76.68496160314662
374,27,77.93262149648943
374,29,2.380831041580249
374,2,193.44613752472245
374,6,1.1817668608644114
374,7,6.859263664848633
374,8,65.82786394839691
375,10,73.9231294720963
375,12,199.6912965569122
375,14,6.232151904098358
375,17,199.9205332864974
375,18,199.99232110063778
375,21,200.30985537334345
375,22,199.9142122131765
375,23,200.07961106885747
375,24,1.511945128710316
375,27,199.89724702965506
375,29,7.256853480112822
375,2,6.1481848665203715
375,6,1.7375302732673326
375,7,1.4984151115096989
375,8,199.52122419434457
376,10,123.28052111218012
376,12,199.78174104473894
376,14,6.000182336504977
376,17,200.01149357940375
376,18,199.95871398879788
376,21,195.83603766120157
376,22,199.8159501799767
376,23,199.76605983263883
376,24,6.022509542626258
376,27,199.81763862839648
376,29,6.696628265295288
376,2,6.27079535139157
376,6,7.746527258615474
376,7,6.315839636771632
376,8,199.85215057559364
377,10,127.75115738296269
377,12,199.86852566914584
377,14,16.86997628143497
377,17,199.98785866273724
377,18,200.00834470065817
377,21,200.06092978062645
377,22,197.65723407333078
377,23,200.01342651745287
377,24,77.52897095136211
377,27,200.02341277226375
377,29,6.840823433967797
377,2,122.99399260513628
377,6,12.293776609358595
377,7,7.067933684406274
377,8,199.91696845952848
378,10,104.56411582705839
378,12,199.88501668797096
378,14,16.36543717572054
378,17,200.03426072667278
378,18,199.90791107832592
378,21,200.18519576558023
378,22,199.4749447646367
378,23,199.87180638593495
378,24,65.39732320759825
378,27,199.99781083759476
378,29,7.460149133069098
378,2,133.13262223613734
378,6,9.830564108208872
378,7,4.904879983998535
378,8,199.90823388977415
379,10,76.82802937562738
379,12,199.9353014625089
379,14,16.93430301592632
379,17,199.9532761634975
379,18,200.01891744090716
379,21,200.67004661628425
379,22,200.28513403483885
379,23,200.07152957071608
379,24,76.99980795900562
379,27,200.048305565614
379,29,20.082658527312937
379,2,112.82586575686311
379,6,25.20856071901332
379,7,1.0594029238032605
379,8,77.16358224677303
380,10,198.4522813451106
380,12,199.5929089517882
380,14,17.42153916527706
380,17,199.96472950752096
380,18,199.9170724480051
380,21,200.2908102808712
380,22,200.12029083140962
380,23,199.7693818681775
380,24,65.88244673636834
380,27,199.97914971992114
380,29,122.77716927879004
380,2,132.71615614230237
380,6,24.758335429121782
380,7,76.30883950274131
380,8,6.035211283967139
381,10,199.50185956958433
381,12,77.00374284584476
381,14,14.614134842923683
381,17,199.96215895387076
381,18,200.02825795542694
381,21,199.21210993307238
381,22,200.20666081233247
381,23,200.00653102899213
381,24,76.89776596340494
381,27,199.73690790063586
381,29,18.271850785187603
381,2,76.57548469291643
381,6,5.466364641211233
381,7,8.134232589884009
381,8,6.234503181764386
382,10,200.13127028249033
382,12,76.8522074193054
382,14,6.614736239367265
382,17,199.9264098724082
382,18,199.9489870648933
382,21,166.50451665194615
382,22,200.02058242792822
382,23,200.0193083116165
382,24,65.38869675201126
382,27,199.96675918143143
382,29,7.322047344082171
382,2,75.41611749951961
382,6,1.3779977166698056
382,7,6.996705460229439
382,8,3.687240450824909
383,10,168.18720878002384
383,12,77.56491149111586
383,14,16.977824315843595
383,17,200.01672151266183
383,18,199.91362578676848
383,21,166.4440228568324
383,22,200.1235580021351
383,23,199.98514049310106
383,24,76.90797421418493
383,27,200.04127400678257
383,29,5.894705542767932
383,2,6.526326434608318
383,6,1.9434280487960103
383,7,1.2155124995630635
383,8,76.80898242476461
384,10,198.73887955810505
384,12,147.34050838172678
384,14,16.874150115678823
384,17,6.1273426961562745
384,18,123.99346813449365
384,21,191.62857627389883
384,22,199.55225203654336
384,23,199.80003491262207
384,24,76.91573648603065
384,27,200.0008274764475
384,29,1.460164828545949
384,2,10.74953745195713
384,6,1.2831354676448228
384,7,1.3658220665802825
384,8,76.58159477187614
385,10,190.97867925737276
385,12,124.8794964249869
385,14,17.73592414634215
385,17,1.1977613993368108
385,18,76.92433719529132
385,21,164.18024792524199
385,22,200.21039781458148
385,23,199.9927407239715
385,24,79.29631856838823
385,27,169.95082552546276
385,29,5.825978816338755
385,2,76.01033708396284
385,6,1.5925111972516401
385,7,6.859708507571488
385,8,76.69249972527176
386,10,200.11154734060838
386,12,124.6799417605143
386,14,18.353064784501083
386,17,13.452714362951507
386,18,1.193531172727352
386,21,171.38808803025606
386,22,200.19004641394721
386,23,199.90096277660874
386,24,6.163600263799601
386,27,199.9169739530076
386,29,5.783391701390764
386,2,76.49355271091751
386,6,11.58831014843857
386,7,186.22270732651236
386,8,65.29683410903156
387,10,199.5675534550352
387,12,199.86797862467535
387,14,18.067274198786173
387,17,198.80346620591823
387,18,123.1418581121135
387,21,200.00375515965018
387,22,199.4817969027062
387,23,200.0977394829771
387,24,75.8354255650023
387,27,199.9733333809184
387,29,8.028771445656508
387,2,6.293710876401233
387,6,7.44873620624642
387,7,7.132009175172758
387,8,76.8667009596639
388,10,200.08078257030766
388,12,199.92070133551036
388,14,5.9629054867773705
388,17,199.3901202047654
388,18,7.590328072182846
388,21,200.94481965471698
388,22,13.964521481373033
388,23,200.15642554630813
388,24,76.96104033916717
388,27,199.99536685916857
388,29,6.639565811200201
388,2,6.083917453994551
388,6,10.035213378045105
388,7,1.0867452344225028
388,8,76.66182534178365
389,10,200.13194489128082
389,12,199.87704970567964
389,14,1.0258141869103758
389,17,124.29303337224881
389,18,1.1316731744239665
389,21,200.73328164019745
389,22,123.39719696515142
389,23,199.8902512922868
389,24,75.79148418696813
389,27,200.01512856461417
389,29,9.183974464352502
389,2,6.242496515668263
389,6,7.833434412543208
389,7,1.136573468934629
389,8,89.23714689999618
390,10,81.24930251803079
390,12,77.97821991065092
390,14,5.782380113596661
390,17,199.71515976845126
390,18,77.02043822298302
390,21,200.11687642658526
390,22,199.22992672998055
390,23,199.96682471721218
390,24,66.84534979896267
390,27,200.00185652322918
390,29,8.532527442010538
390,2,7.343510203507201
390,6,6.782963164358443
390,7,2.0002264948822983
390,8,77.23476708246523
391,10,77.2703762405275
391,12,96.45675266913615
391,14,5.342766466328722
391,17,199.935708276892
391,18,190.8723563906717
391,21,200.10393143803745
391,22,196.25419316940034
391,23,79.72570617322326
391,24,77.07913382853424
391,27,200.0325016234253
391,29,2.4959124494274634
391,2,5.856840287184583
391,6,9.67141379176724
391,7,77.28772577269454
391,8,89.62842616696388
392,10,85.98723771170584
392,12,95.94387326894108
392,14,5.956879796409995
392,17,200.02403953986448
392,18,161.56814211340318
392,21,200.61849347886996
392,22,181.33202205124886
392,23,77.67160892985684
392,24,199.05362656815862
392,27,200.00827542604287
392,29,1.095073126945307
392,2,7.270436160421298
392,6,13.309366985008449
392,7,198.27707543530516
392,8,77.0403754708303
393,10,199.7405278050047
393,12,76.93038158117483
393,14,1.0076509129406337
393,17,199.97320651287686
393,18,199.9205559492207
393,21,200.62203308736593
393,22,200.11988992122704
393,23,199.12791157874906
393,24,199.0301654195957
393,27,65.39537409644682
393,29,2.434948538249472
393,2,129.7682980552537
393,6,13.029410988446713
393,7,198.45228754746577
393,8,76.82437779557819
394,10,200.13283394670628
394,12,1.0317361060881538
394,14,1.0088318337664477
394,17,199.97891271482496
394,18,8.205306455878915
394,21,200.37700917322684
394,22,199.6144290537814
394,23,77.20484949683984
394,24,76.95923839840242
394,27,76.94565952560916
394,29,1.4991969831105798
394,2,131.9758102643619
394,6,10.260465492892642
394,7,199.47637382601806
394,8,75.5028293976913
395,10,199.95069005009302
395,12,1.0809486215578572
395,14,1.0139788818028992
395,17,199.96605703217398
395,18,6.193156506663814
395,21,199.8985165804168
395,22,199.062261868091
395,23,89.09265907024512
395,24,79.99502251111366
395,27,6.23316165420396
395,29,2.0169786499312568
395,2,76.71396964456524
395,6,6.37278782836864
395,7,196.46720194465306
395,8,76.96228723807393
396,10,200.12078378211012
396,12,76.95106609194534
396,14,1.5885812753821573
396,17,199.99904393364568
396,18,6.881757976710848
396,21,200.4298719181839
396,22,199.7160167404359
396,23,1.0851121947428248
396,24,76.81015967822105
396,27,6.0142281388149
396,29,2.0638396044317684
396,2,80.34460816270365
396,6,8.296174414789002
396,7,76.00931183411477
396,8,88.88381047449138
397,10,199.7868898307475
397,12,180.55766866778714
397,14,5.875847631246573
397,17,66.40723239509384
397,18,5.642122033012613
397,21,200.52434840496986
397,22,199.78154734805057
397,23,6.168385824418433
397,24,6.4617968962058665
397,27,1.0812960111804124
397,29,14.223779230493985
397,2,76.47547614791087
397,6,1.6138252694400341
397,7,95.2030178229211
397,8,4.576071363514213
398,10,199.45833903829325
398,12,152.42782320650892
398,14,1.024744662849462
398,17,76.8531069809111
398,18,1.035112436583223
398,21,200.52645504233772
398,22,77.38519824691073
398,23,76.96539729826549
398,24,75.24821657511944
398,27,1.1070807063363546
398,29,12.41507682620053
398,2,198.49560390773703
398,6,1.0388536654788048
398,7,1.3784229948199442
398,8,1.017251572064227
399,10,79.86881622658211
399,12,199.68847685724398
399,14,1.0279811270896897
399,17,6.04081429747371
399,18,1.037150899971916
399,21,200.00262791234312
399,22,121.99275144194809
399,23,90.1363628387387
399,24,76.8740995774633
399,27,1.010955029278321
399,29,38.40720223910886
399,2,152.17911925584053
399,6,1.0593037125297338
399,7,1.0870654985372195
399,8,1.023686252880382
400,10,77.26851900584583
400,12,198.27771519139037
400,14,1.1396380709244278
400,17,6.069306174269765
400,18,6.059571505674765
400,21,77.3324896048605
400,22,198.49986133943855
400,23,76.34645550318857
400,24,199.55283999424935
400,27,1.0056056691011341
400,29,38.85363823374622
400,2,142.4049758003526
400,6,1.0891436661546805
400,7,1.3699533989998642
400,8,120.99346210774716
401,10,74.3462576177518
401,12,199.88367283935602
401,14,7.912040965554098
401,17,5.950203886466914
401,18,6.054597342491172
401,21,71.48606148564345
401,22,198.7587481587476
401,23,76.34609673851419
401,24,199.8788536591615
401,27,1.0103958346527324
401,29,8.55496252265315
401,2,198.25576689751477
401,6,1.4509533257800369
401,7,1.1260195466201162
401,8,120.79008134540145
402,10,76.76616010121137
402,12,199.9556451498931
402,14,6.083659200992325
402,17,77.01515196797722
402,18,76.97011357260375
402,21,76.80626289615462
402,22,175.678325879555
402,23,199.38029321595704
402,24,76.96054189795773
402,27,1.0189312911749546
402,29,6.3987511581212715
402,2,199.96896327286126
402,6,1.7950558471081428
402,7,1.86518092793288
402,8,77.02151137402673
403,10,73.07996938091905
403,12,199.93174043062012
403,14,7.104269966719331
403,17,116.10908769095883
403,18,199.79915125515828
403,21,76.71812200864747
403,22,199.50455299376938
403,23,200.02446892154674
403,24,76.7024513598691
403,27,1.0602895564409838
403,29,5.775365972449741
403,2,199.67488102895197
403,6,1.0861654428011527
403,7,77.24500941951418
403,8,76.7886728102739
404,10,76.60085003919392
404,12,199.71777600433597
404,14,6.630542176098761
404,17,199.9081997753098
404,18,199.9842267429958
404,21,1.4922264377766963
404,22,169.05112771319125
404,23,199.23432206334138
404,24,76.88798497443074
404,27,76.70246563704639
404,29,6.594300839360157
404,2,199.80265716180966
404,6,1.0782067664301924
404,7,199.70335763592217
404,8,76.89564998610255
405,10,6.237046384943187
405,12,199.8416795280371
405,14,6.065743194819776
405,17,199.90493071596896
405,18,199.69050013027686
405,21,77.1276014120721
405,22,197.250818182794
405,23,199.50114017265537
405,24,199.19286493219383
405,27,199.636176198778
405,29,24.012144036942036
405,2,199.914114660014
405,6,2.657437662151912
405,7,200.26812697055402
405,8,88.86988171849079
406,10,7.059948695225297
406,12,199.17680170084392
406,14,1.021940085788787
406,17,199.98946746315514
406,18,76.9768752665593
406,21,194.57213821535035
406,22,77.46216394739777
406,23,169.99821364734788
406,24,168.8943251783576
406,27,199.92843222635184
406,29,199.26063274875102
406,2,176.13249901636246
406,6,1.5398627089799974
406,7,199.15500087051336
406,8,6.425000159854148
407,10,6.584778223612144
407,12,76.95148614611628
407,14,6.123754080837662
407,17,77.12960892393868
407,18,5.406275972618892
407,21,197.05476834355957
407,22,6.29300885208359
407,23,200.1945537691761
407,24,199.93328175198198
407,27,199.93568307709654
407,29,199.8326936438727
407,2,198.90090043101046
407,6,7.05416267675291
407,7,88.63921450728996
407,8,1.0665989293463047
408,10,77.45493851495854
408,12,7.146160218233937
408,14,5.970019694803853
408,17,6.050072239113562
408,18,5.763637863090676
408,21,169.98050656430908
408,22,2.6152015354603577
408,23,200.1744612856016
408,24,199.82261520636277
408,27,199.932298497675
408,29,198.3310824209006
408,2,199.7323501574001
408,6,3.399236737210046
408,7,77.29442569377161
408,8,1.01219930950259
409,10,1.2117046082257004
409,12,77.09712025346512
409,14,6.037653327962208
409,17,6.123450721929968
409,18,5.693774218491846
409,21,199.90432447090197
409,22,199.21161129607594
409,23,199.98271736627234
409,24,199.9712687084784
409,27,199.85910048837547
409,29,131.58480177381142
409,2,200.0349211302104
409,6,4.630734763199713
409,7,198.38824116587654
409,8,1.033180872909977
410,10,1.4653791915462642
410,12,76.98060929285477
410,14,1.3351712558540882
410,17,7.47921386067783
410,18,6.62127211132946
410,21,198.93748179345255
410,22,197.92383201637085
410,23,200.19892729843295
410,24,199.9623054239337
410,27,199.7815740118261
410,29,9.216000462930387
410,2,196.93798231978067
410,6,3.735261587531186
410,7,198.9453052936372
410,8,75.41732646641395
411,10,4.076337674789443
411,12,123.7505161280179
411,14,1.3039730937489071
411,17,7.4937884595878534
411,18,5.640820378373534
411,21,126.02965448320667
411,22,79.28176811323448
411,23,200.0127231013053
411,24,123.32674505086595
411,27,101.46934308419118
411,29,8.041080841070999
411,2,76.72469164042607
411,6,1.301640356029409
411,7,198.36514646573008
411,8,77.20857065182788
412,10,5.816266577846198
412,12,199.88883106077066
412,14,1.1049856903472122
412,17,5.891162567163044
412,18,6.320118955089589
412,21,78.1699286273062
412,22,77.48858984684014
412,23,199.87997609105884
412,24,77.01876753399068
412,27,101.53089910117166
412,29,6.439977711427628
412,2,169.7488257643677
412,6,1.7475592374251672
412,7,198.7678579693772
412,8,124.01173931823398
413,10,2.790596267816926
413,12,199.78947380663635
413,14,6.383617719014913
413,17,5.971841662134709
413,18,6.276427450252991
413,21,198.77930538591448
413,22,93.57063594044196
413,23,199.77125571378753
413,24,77.00005853850763
413,27,195.98760463068058
413,29,7.884847326650216
413,2,195.35425982030057
413,6,1.125515041077164
413,7,152.22298553236698
413,8,124.01531559846464
414,10,4.476043874070975
414,12,125.17316077571606
414,14,15.793795757217099
414,17,194.2151231608761
414,18,77.00479466701071
414,21,199.6638107337574
414,22,1.563157323324226
414,23,170.37509899300275
414,24,199.15391588726393
414,27,109.09464921694888
414,29,6.709688023683752
414,2,200.2070325167348
414,6,3.3879824627429076
414,7,76.57677964889479
414,8,76.99665582021579
415,10,144.62208468970508
415,12,198.81985791924558
415,14,31.638719976477596
415,17,76.91578451068212
415,18,198.5717036837166
415,21,200.15305785156679
415,22,1.3207815756163468
415,23,199.83693869904786
415,24,200.0126815374383
415,27,1.613873072465645
415,29,8.327176718283612
415,2,200.26856848229687
415,6,7.995820645162814
415,7,77.26934360654053
415,8,77.2221376232139
416,10,137.0543740486017
416,12,6.080430437204405
416,14,5.873448023146796
416,17,76.94399948802926
416,18,199.7860148362552
416,21,200.33794900072837
416,22,2.424487329237759
416,23,199.35199637499704
416,24,199.992033385585
416,27,1.069595617091193
416,29,7.6917436917803315
416,2,200.02385150249665
416,6,3.465744466654779
416,7,1.733301321020413
416,8,76.9927274935244
417,10,124.1969271655604
417,12,1.1009765766288924
417,14,1.0179783195182053
417,17,76.99318181482354
417,18,199.8387192851379
417,21,199.21843787930965
417,22,1.2792304887143626
417,23,200.04433593758117
417,24,200.03202643809576
417,27,1.0346498521925431
417,29,6.203728714015357
417,2,171.23693996540052
417,6,3.882839834906809
417,7,1.1377079351575723
417,8,76.95383703398744
418,10,107.87320498940666
418,12,6.073251268468099
418,14,5.790857222357649
418,17,6.338442694096447
418,18,199.98288479529052
418,21,5.533334934283714
418,22,2.011331179235075
418,23,200.02010082467845
418,24,200.00764121370054
418,27,2.001112158839459
418,29,1.16032797213047
418,2,195.02184899889858
418,6,1.1772661326000857
418,7,3.034474435166802
418,8,77.05651834788071
419,10,197.5790981399648
419,12,5.766599119878214
419,14,7.111472151289286
419,17,74.39460691128063
419,18,76.9918492986869
419,21,6.084401466774207
419,22,6.099607084170846
419,23,200.28006507539388
419,24,200.0079241116767
419,27,5.962692814121473
419,29,5.799314611481507
419,2,197.66364699943603
419,6,1.1735000988721578
419,7,1.1346244677717503
419,8,199.68848315394365
420,10,198.47137717949516
420,12,5.969306179277337
420,14,6.241747203187997
420,17,199.84987764246588
420,18,5.960132586596971
420,21,75.4787465814907
420,22,10.368063996975984
420,23,199.98930292031386
420,24,199.9377255296365
420,27,5.978502932047706
420,29,6.628594460232641
420,2,199.93870688296363
420,6,1.2564537003278078
420,7,76.91638966193415
420,8,199.23642568192918
421,10,199.39591975446479
421,12,5.235007139569012
421,14,6.156275191716941
421,17,199.9957972020695
421,18,76.62929251723779
421,21,199.70952568700557
421,22,125.08302363818704
421,23,200.1472151892277
421,24,200.0066755268818
421,27,5.8171862616464525
421,29,8.304718927326194
421,2,200.63705888048753
421,6,3.6240107996288162
421,7,199.21959076450403
421,8,199.51694208091095
422,10,200.07598718416375
422,12,6.276410565327451
422,14,7.130576314063407
422,17,199.99891171685542
422,18,199.9902353991609
422,21,200.4538804324606
422,22,132.083703983947
422,23,199.98495969633134
422,24,199.93580687055746
422,27,1.0490369303535307
422,29,8.672144897683237
422,2,199.89496575152555
422,6,3.5761131351467994
422,7,199.53327379134896
422,8,6.02419385261231
423,10,199.5337957998623
423,12,124.0037413144974
423,14,6.204550708718831
423,17,199.88425263945632
423,18,200.07160630276687
423,21,200.3636122293436
423,22,129.38830431081803
423,23,200.07823112333895
423,24,199.93477274577225
423,27,1.0262780423864095
423,29,8.86914519357492
423,2,198.24951199421457
423,6,5.91253177778589
423,7,199.97544682602233
423,8,2.893107528131478
424,10,198.56697163709467
424,12,199.80620045478096
424,14,6.1843676222017985
424,17,124.02919064494921
424,18,200.09143639965717
424,21,170.98055457629866
424,22,5.750507140156461
424,23,170.68799015989399
424,24,199.999878196338
424,27,76.87364286663849
424,29,8.822026063503927
424,2,169.96678603999592
424,6,1.210979494442603
424,7,199.27105769059477
424,8,5.874227828747269
425,10,197.99809816560636
425,12,199.79142528936973
425,14,1.03814000221331
425,17,76.7414259391826
425,18,200.0408674584809
425,21,199.4371951878103
425,22,77.33412049546286
425,23,200.0527388537418
425,24,199.99070813102503
425,27,77.77388325228009
425,29,21.026635787356373
425,2,188.3490681832448
425,6,1.132772915633386
425,7,197.9134803507215
425,8,198.63888074752043
426,10,197.1810216001449
426,12,199.92308467163264
426,14,1.0206955819123311
426,17,123.87872668480898
426,18,199.8684665716225
426,21,200.64788090413902
426,22,124.28719108912009
426,23,199.85520945523112
426,24,200.04309608484073
426,27,65.28781661581245
426,29,19.6938617011372
426,2,198.62982381570046
426,6,1.0444453374522347
426,7,199.18378798963724
426,8,199.91288997453535
427,10,197.71566921262493
427,12,199.9549764649349
427,14,1.2155813546245393
427,17,199.79489537293264
427,18,199.8491725092885
427,21,79.89177381155973
427,22,198.24972638190275
427,23,199.96709083116838
427,24,200.03268620436594
427,27,77.35731136840135
427,29,15.978210047403314
427,2,170.8049484260719
427,6,1.138518461970502
427,7,197.11969928066364
427,8,199.95833910288204
428,10,121.50304820065084
428,12,197.55217545175051
428,14,7.024743037592499
428,17,200.00652111008182
428,18,200.02640331391123
428,21,7.477248847159675
428,22,148.1881219077361
428,23,199.96868126194425
428,24,77.17153982932251
428,27,199.73360170879994
428,29,20.4414469888165
428,2,200.15042118913766
428,6,1.2382101407690096
428,7,200.08246528831646
428,8,199.9546673682943
429,10,9.837597929494681
429,12,5.965631280839735
429,14,1.027848118708543
429,17,199.96493634790198
429,18,199.88502148941714
429,21,77.16142373181015
429,22,77.02634695056275
429,23,199.9463290619414
429,24,77.12424197761695
429,27,199.8687382007788
429,29,21.28660737147448
429,2,200.1728810676284
429,6,2.245015535370927
429,7,199.93417749654574
429,8,199.9621344235878
430,10,3.087495292201266
430,12,6.039022631313493
430,14,5.176690930580302
430,17,200.000105261381
430,18,200.00847784779748
430,21,68.90830412737235
430,22,76.23493742307879
430,23,199.9398774378702
430,24,122.38829827289842
430,27,199.87699741396446
430,29,21.55807773108002
430,2,200.07278829697387
430,6,6.651592274449231
430,7,197.93169895397864
430,8,199.93128150706906
431,10,9.575667496841803
431,12,6.967552537305124
431,14,6.955600027665208
431,17,199.92231903095617
431,18,122.83944285232558
431,21,76.13278285983009
431,22,6.035482740132626
431,23,199.8984113511186
431,24,199.9901343355245
431,27,199.92033103405694
431,29,16.130328180389782
431,2,198.49436618251866
431,6,20.358618762666264
431,7,123.98954802549022
431,8,169.2559489420882
432,10,24.52225210906386
432,12,1.2368885505397564
432,14,5.528335677992578
432,17,199.99680703229072
432,18,199.8588711109793
432,21,9.480327610250697
432,22,76.49173777899564
432,23,199.97947054297705
432,24,199.99468438456975
432,27,199.85670591587078
432,29,17.340393457643078
432,2,170.71361822361072
432,6,20.527802542399975
432,7,122.36340624975337
432,8,199.73231640611866
433,10,2.3349737976892317
433,12,1.0729533303532583
433,14,5.346059224324027
433,17,200.00190452384237
433,18,200.06076631547685
433,21,77.49630181044633
433,22,84.87435363963841
433,23,200.31553417404345
433,24,200.01674800411183
433,27,199.79034127729028
433,29,21.057624611534653
433,2,198.60488613518703
433,6,7.2546536814086116
433,7,195.52754264594552
433,8,64.98336417310973
434,10,1.1575821345366226
434,12,1.18980404308983
434,14,6.258364813212456
434,17,124.39545464677038
434,18,200.03929098735549
434,21,77.2112063719789
434,22,6.073076881019528
434,23,199.33710817408468
434,24,199.6865204454523
434,27,118.20715042619523
434,29,1.4395576482920602
434,2,200.40846879645574
434,6,6.4884628999143255
434,7,199.21156081679734
434,8,64.62101111093727
435,10,9.126758400318653
435,12,76.84474850427071
435,14,6.265835791104117
435,17,77.3584383141949
435,18,200.02484573197285
435,21,148.572949508771
435,22,73.37587644501835
435,23,122.8993234828754
435,24,198.81647401530668
435,27,76.94625253963102
435,29,1.0826980570359221
435,2,199.91468002041697
435,6,3.777246844187282
435,7,167.1067933638034
435,8,76.85744833375014
436,10,5.886884247504083
436,12,177.7913205977548
436,14,6.478971831202786
436,17,124.00399585412316
436,18,200.024368768786
436,21,199.653642260522
436,22,199.48937024099632
436,23,134.54918144590164
436,24,77.05177755758956
436,27,77.00853046475297
436,29,1.0842767381277147
436,2,77.57232976699
436,6,3.9690509972810535
436,7,198.9560095980688
436,8,6.165435564419559
437,10,5.545710269330325
437,12,199.47554136635594
437,14,199.24191713638257
437,17,124.2985023733487
437,18,199.76669763019459
437,21,200.39496337411623
437,22,200.0270320444428
437,23,123.78721064360764
437,24,147.24604291855917
437,27,77.30058019301573
437,29,1.1140625666783766
437,2,9.337107226274357
437,6,1.1700705798147781
437,7,3.934138540656748
437,8,76.82869869993735
438,10,1.2147917470385328
438,12,76.80888481759006
438,14,199.79758696057291
438,17,200.0166486379311
438,18,124.09895864382487
438,21,78.21454593283146
438,22,200.05504378437945
438,23,76.61358465461817
438,24,77.24388575710485
438,27,76.84354839189032
438,29,4.765239617501032
438,2,118.03959990750313
438,6,1.1390123767475064
438,7,1.0723423421861122
438,8,123.89636357606219
439,10,1.4806165244927014
439,12,123.74244070133494
439,14,168.95439609654784
439,17,200.04698781578972
439,18,124.02097901613875
439,21,200.53092764401663
439,22,199.8362975550677
439,23,77.2231018879385
439,24,76.8242128978656
439,27,77.08348142299462
439,29,5.762829022966122
439,2,113.9403587649621
439,6,2.1591573079322615
439,7,1.0753657266614531
439,8,123.55156518519357
440,10,5.534840907815457
440,12,124.43845394405609
440,14,199.89201663653867
440,17,199.9725218826847
440,18,146.42210544524852
440,21,200.80121523268122
440,22,200.03492954597002
440,23,77.35209170771049
440,24,76.96691815418951
440,27,121.41895013028446
440,29,1.3543766520509168
440,2,76.45790142835418
440,6,3.5799472342052723
440,7,1.0461575589824958
440,8,76.97042815174095
441,10,1.159674763440569
441,12,105.60961607459251
441,14,199.6868340559417
441,17,199.81902410891547
441,18,123.2678367139722
441,21,200.57354227963822
441,22,199.80443630322156
441,23,76.75538436117309
441,24,199.40098577172594
441,27,199.8257023587092
441,29,4.218949839946266
441,2,5.776945040247334
441,6,2.290139126935849
441,7,1.055621366301437
441,8,199.84943632110475
442,10,1.053273087706794
442,12,123.2312087275472
442,14,199.9490507218318
442,17,199.86535995155486
442,18,124.00390331020985
442,21,200.37919173223094
442,22,200.15785406673314
442,23,76.86498543764998
442,24,199.79688653823163
442,27,199.91345388954252
442,29,6.5541211706252565
442,2,7.318691780331077
442,6,3.9049265071308232
442,7,5.208784985399118
442,8,199.9513832222465
443,10,1.0478631939644627
443,12,6.044512947064148
443,14,199.9230917280943
443,17,6.28777211488209
443,18,199.40843965144595
443,21,199.96188546445387
443,22,200.55452229160022
443,23,200.04108645796902
443,24,198.30837979006998
443,27,199.81316637942237
443,29,7.724397307616872
443,2,4.684796287051869
443,6,1.5537623403315575
443,7,6.167790290403748
443,8,199.95646207861162
444,10,1.16336710890472
444,12,6.1560086137344205
444,14,199.9109859708234
444,17,6.0657287586415904
444,18,199.97294557781728
444,21,199.84984226414065
444,22,199.36571853887565
444,23,200.1201425305149
444,24,5.913434351560807
444,27,199.58504689182993
444,29,20.08812980063109
444,2,1.1013054963103661
444,6,1.068637853165567
444,7,7.99462879450775
444,8,199.88530846503662
445,10,1.3671914096706652
445,12,6.630837914803225
445,14,199.93761560227296
445,17,17.150535579517843
445,18,168.0897662111132
445,21,167.768971814257
445,22,199.2347902172468
445,23,200.33356721396385
445,24,1.189481689047391
445,27,199.29080913525146
445,29,23.661089104005516
445,2,1.170837565041932
445,6,1.1145069742414726
445,7,5.800534185167657
445,8,199.89570561692477
446,10,5.51669122462382
446,12,1.030625869077729
446,14,199.96093782569244
446,17,17.782520564109024
446,18,199.9737848596435
446,21,159.65857274572875
446,22,193.30463845500128
446,23,122.29003844399094
446,24,6.437336522718883
446,27,199.78098303222757
446,29,23.93921837700087
446,2,10.230160854264335
446,6,2.2879797137104414
446,7,6.327259281028919
446,8,199.85497005719373
447,10,4.816536796480182
447,12,1.0907458088349307
447,14,199.21146802127026
447,17,15.065195844473319
447,18,199.97955515894995
447,21,198.40295978863819
447,22,196.9138340595073
447,23,5.926245827902144
447,24,199.72006612950594
447,27,199.87990889998613
447,29,20.330447489135437
447,2,7.874119502685666
447,6,1.133089582304121
447,7,76.19253745426603
447,8,76.98776456791887
448,10,7.5672893311176415
448,12,6.039608253054507
448,14,123.92126037419627
448,17,15.01327946213372
448,18,200.0335706108843
448,21,198.62048635526392
448,22,200.40708230575603
448,23,76.59573961927249
448,24,199.93528461359614
448,27,199.98514474849472
448,29,3.050018950675488
448,2,6.245495404758139
448,6,2.039144358224102
448,7,78.04184207699426
448,8,3.7753845932533583
449,10,8.882405312842641
449,12,77.0968643718355
449,14,123.84566880110104
449,17,76.69797333972353
449,18,199.94594831092982
449,21,200.28221640978762
449,22,200.1427597929282
449,23,199.61975926143427
449,24,200.0463723198945
449,27,199.96621847923058
449,29,6.082154409048415
449,2,6.11215477815313
449,6,6.173018942608715
449,7,118.8281939391452
449,8,1.1368350100881874
450,10,9.645843153491214
450,12,199.9922987250303
450,14,124.3225201409505
450,17,199.92882765893978
450,18,199.9231733434296
450,21,76.72045620938992
450,22,200.0391205703792
450,23,200.21025089972088
450,24,199.30285225061291
450,27,199.74846675976303
450,29,6.648241245930341
450,2,199.62158784822586
450,6,12.465073385877247
450,7,77.36022948077051
450,8,77.10222611367715
451,10,6.334635042608933
451,12,199.94660702858846
451,14,146.52703303015943
451,17,199.94715672030463
451,18,199.81344558152136
451,21,5.798111014330422
451,22,199.4271860496596
451,23,200.23014333925747
451,24,123.57292071512724
451,27,77.08296418427138
451,29,6.460326504293915
451,2,200.23205873893025
451,6,3.979059170160234
451,7,4.290773253833508
451,8,199.82065986159316
452,10,7.14562300422042
452,12,199.99790555119912
452,14,76.9856013058208
452,17,199.97409967697664
452,18,47.644560010270936
452,21,200.3180711628316
452,22,199.84740906707432
452,23,200.13866068533397
452,24,123.61077552110473
452,27,6.119734539133285
452,29,1.3390272961261889
452,2,200.5093315030995
452,6,1.21437033451255
452,7,1.833260531688147
452,8,199.82425047439554
453,10,3.445187693893989
453,12,199.80775237233556
453,14,1.1127256742892304
453,17,200.01006483101997
453,18,1.0703222930944634
453,21,199.4617182855547
453,22,199.31469726133545
453,23,200.18093174588404
453,24,124.2900666355403
453,27,76.52766267636777
453,29,1.1501721473288142
453,2,199.53845998325608
453,6,1.2437882696499172
453,7,1.0859647103563637
453,8,199.77003547789346
454,10,3.65243635897701
454,12,200.03639305175724
454,14,76.95349164369024
454,17,200.0003848707813
454,18,6.018158033153545
454,21,199.68866092507798
454,22,196.25836289024093
454,23,200.1654801185551
454,24,200.0443989606416
454,27,1.0484453804690332
454,29,1.0697966555320981
454,2,199.97705334392774
454,6,1.9514190291645905
454,7,1.1725693786977982
454,8,199.76616509259142
455,10,6.965289827418755
455,12,200.01057147832896
455,14,76.9444609715877
455,17,198.83099189629897
455,18,47.673278348320245
455,21,200.2048432372456
455,22,7.167808009416877
455,23,169.42979594824442
455,24,199.99398704588145
455,27,1.486934721623406
455,29,2.8603936372521908
455,2,125.97990701827646
455,6,3.7814242005854117
455,7,8.244292747661932
455,8,199.05601658496883
456,10,10.901270579801466
456,12,199.9601563712389
456,14,77.06119003430037
456,17,39.991201820584436
456,18,6.134048406616554
456,21,200.08312403196433
456,22,8.535938083854472
456,23,77.25629032202461
456,24,200.06261743920902
456,27,1.67060020047765
456,29,7.389558853137576
456,2,198.39744728513514
456,6,11.106009270012287
456,7,1.0732928612930412
456,8,76.96621423760003
457,10,7.371763843465204
457,12,199.88276462610193
457,14,141.19810313652104
457,17,1.0120381422413403
457,18,5.238185325494113
457,21,200.44125197469305
457,22,10.170441602065855
457,23,199.88220373088376
457,24,200.09599350678215
457,27,1.7433989005145292
457,29,18.173253946978523
457,2,198.52589614690856
457,6,96.92054115125187
457,7,1.0456383355142007
457,8,123.40180437095445
458,10,7.341093288466407
458,12,199.6868260361727
458,14,141.31155943828713
458,17,1.011290363235162
458,18,1.0175911210965098
458,21,199.98247270267652
458,22,6.193228899274229
458,23,199.89091978095837
458,24,199.9815020403131
458,27,76.62314804044664
458,29,16.455383767286285
458,2,200.8252642447524
458,6,12.395571179424186
458,7,3.4833502415291293
458,8,42.191170014278185
459,10,8.187155566557973
459,12,169.46151590528038
459,14,119.65121524280539
459,17,1.006747947066441
459,18,1.0082718036853249
459,21,200.27468979439814
459,22,6.716034469927893
459,23,200.04915904379774
459,24,76.93519811504635
459,27,125.4613372806233
459,29,15.627674927422417
459,2,200.90979178193453
459,6,4.282291083622046
459,7,76.61414725226439
459,8,1.0626688288766315
460,10,5.93177407722255
460,12,199.9832649190668
460,14,119.99550954146557
460,17,1.04918327926671
460,18,47.29986581751685
460,21,199.41461568772965
460,22,7.771247634769155
460,23,200.06462566437446
460,24,1.3886275767257208
460,27,1.336095204747312
460,29,18.734325912666996
460,2,200.7391696728929
460,6,2.056108693138221
460,7,76.67567215841146
460,8,1.0264657985582042
461,10,6.101117523835262
461,12,198.66789635669983
461,14,199.32523844465956
461,17,77.01345052062655
461,18,40.58602938302446
461,21,195.46316988771846
461,22,6.513934547849507
461,23,200.11139624825785
461,24,76.98722667047362
461,27,1.0641002251686564
461,29,18.881092710440036
461,2,200.63410825657098
461,6,4.165147084276029
461,7,76.70163572903469
461,8,1.036392589093807
462,10,6.900787741003285
462,12,77.12131523556425
462,14,199.68866579854847
462,17,199.92134439684344
462,18,123.11330441484424
462,21,24.679776766305572
462,22,4.8180431061688616
462,23,200.11216774353156
462,24,77.05699034153217
462,27,1.2939041241720362
462,29,19.80916545327675
462,2,200.72128523154524
462,6,1.1116506466406237
462,7,78.20856185504016
462,8,1.0186145596671752
463,10,13.493807785123375
463,12,74.14860546965758
463,14,169.24699626702315
463,17,200.0103997986504
463,18,1.14773436080708
463,21,77.64657564618656
463,22,1.2847586314521913
463,23,200.05844856167198
463,24,124.02523208198613
463,27,1.2218253428389463
463,29,6.153485269550707
463,2,201.14515281279398
463,6,1.082546970020371
463,7,76.9215743873391
463,8,1.0128867672285122
464,10,199.7170653049739
464,12,76.92589830203912
464,14,199.5392374603217
464,17,199.98392247218163
464,18,1.8037490393753715
464,21,197.8385170748579
464,22,5.905402406209526
464,23,199.81845674366764
464,24,199.3959931049309
464,27,76.25286839499506
464,29,5.41712030552013
464,2,200.16527714107238
464,6,1.1240250056016794
464,7,67.34750518322794
464,8,6.801645161724206
465,10,100.24207546660598
465,12,77.54121167821246
465,14,199.72918474623086
465,17,199.97198564459947
465,18,2.2155111073023317
465,21,78.10829692773201
465,22,8.5437440450959
465,23,199.4141046112093
465,24,199.99571190744192
465,27,1.044902172185952
465,29,7.451722117252287
465,2,200.0701612894882
465,6,1.5067018448997163
465,7,76.60402731094554
465,8,6.018642910629605
466,10,62.72511074189335
466,12,199.88104065605287
466,14,199.7951739437539
466,17,200.00343496866293
466,18,123.70665591816028
466,21,76.77788439216783
466,22,6.726943933987827
466,23,145.0921832191695
466,24,199.94651664585493
466,27,1.0573910483566251
466,29,3.267771195317273
466,2,199.77486910391104
466,6,10.205843188172532
466,7,6.352198227000091
466,8,76.67639926527825
467,10,1.32408710960061
467,12,199.21388921843769
467,14,79.03034116446727
467,17,200.03012917140313
467,18,6.0213883003891135
467,21,77.37019499120338
467,22,4.933243222345957
467,23,145.51752742945453
467,24,200.04258298709541
467,27,1.0208603846019593
467,29,1.093343822717342
467,2,193.85457603881886
467,6,3.97863402914681
467,7,76.95367046302376
467,8,123.96789775119473
468,10,1.4107014551792632
468,12,199.59339463449245
468,14,169.2476308840009
468,17,200.00915894525235
468,18,5.927816306490762
468,21,125.54716557128141
468,22,5.088518904769376
468,23,125.32158407221537
468,24,200.13297827910844
468,27,5.8769196636945535
468,29,6.058208501981908
468,2,198.77163350113614
468,6,5.352909669757818
468,7,197.43377532874024
468,8,199.76315465763628
469,10,7.183690196646742
469,12,199.61037672267642
469,14,169.41748009189868
469,17,199.90650697348298
469,18,1.0530082737407758
469,21,199.2636756127549
469,22,1.2688571794913077
469,23,197.3524598273147
469,24,200.15560568409126
469,27,76.7690284647676
469,29,3.774744774936698
469,2,189.81205947105897
469,6,4.580307402920518
469,7,199.31681408726183
469,8,199.5301647481134
470,10,24.792475124999914
470,12,199.48991248800743
470,14,199.7988583834865
470,17,123.91437250503282
470,18,6.025624292295797
470,21,199.67716732648864
470,22,1.2697704151389422
470,23,194.60754294012992
470,24,200.1450943187479
470,27,199.2362408615841
470,29,4.46615982257897
470,2,199.44977884354418
470,6,5.509346188560043
470,7,196.83671391604068
470,8,199.57560172084882
471,10,28.90682797063522
471,12,126.37744102738668
471,14,199.92039574874525
471,17,123.94619690839527
471,18,5.89179591283352
471,21,139.4089662221456
471,22,1.081351360165593
471,23,124.78918925583122
471,24,200.1273905503843
471,27,6.004676996669403
471,29,5.264653706147599
471,2,199.93447756491992
471,6,14.219766179910584
471,7,199.4406159455752
471,8,199.5226362145967
472,10,6.408801788591013
472,12,199.97826158496676
472,14,200.00789086758897
472,17,124.18472001925365
472,18,6.046644919404627
472,21,97.31472994342391
472,22,1.266683801656003
472,23,77.15696855113647
472,24,199.98301815129562
472,27,6.023656000133433
472,29,9.164728114074418
472,2,200.30963952723062
472,6,15.300926223875818
472,7,199.27776515717076
472,8,82.69673647897793
473,10,24.212782693859385
473,12,200.0247400195023
473,14,199.95028590190302
473,17,199.90285530524218
473,18,6.07540831331413
473,21,5.365067159617593
473,22,1.0903879248955775
473,23,124.2401654230823
473,24,199.9258530826523
473,27,76.56151181954361
473,29,8.050710367229323
473,2,199.97377643811683
473,6,5.286367814371355
473,7,200.2701231141455
473,8,168.9850193579334
474,10,39.003991457238165
474,12,199.8886994422808
474,14,199.910022896357
474,17,199.96789673119625
474,18,22.466589195111034
474,21,1.0848986594500873
474,22,1.1230134404684418
474,23,1.037328991451254
474,24,199.8296004405258
474,27,76.68039497014173
474,29,92.04469041666198
474,2,199.24099108823316
474,6,1.0471124083584424
474,7,200.48519617117407
474,8,199.5979475106109
475,10,31.317142329875686
475,12,199.73113579585703
475,14,199.60309930591276
475,17,200.002931545898
475,18,4.419186439832961
475,21,5.669347293895999
475,22,1.116145920003791
475,23,1.0330782644986982
475,24,200.06406888315377
475,27,64.19648573580749
475,29,197.2978522814209
475,2,78.61366023377279
475,6,1.0895597035761935
475,7,199.88923120887458
475,8,199.63716695173693
476,10,27.04749687319261
476,12,200.01758577143605
476,14,124.05224231617402
476,17,200.03036571153712
476,18,4.693641421121525
476,21,3.9589579047750196
476,22,4.1835206398733344
476,23,6.12172683703374
476,24,199.7999948717069
476,27,197.47248296015798
476,29,125.88842636717125
476,2,78.43727703116924
476,6,1.260983786749647
476,7,194.58601841232567
476,8,199.45364661696112
477,10,37.7792662367753
477,12,199.98336290447028
477,14,76.9634885097463
477,17,199.9813450454702
477,18,6.0888644016908655
477,21,6.198618876222428
477,22,6.5076028686601015
477,23,198.9949782629375
477,24,199.99186247516488
477,27,199.15221561613055
477,29,91.82828882597336
477,2,78.30719521112633
477,6,183.5600567362802
477,7,199.7025806902205
477,8,47.55743340937795
478,10,193.52442801512925
478,12,200.05862270260624
478,14,76.89037782574742
478,17,199.1957296532488
478,18,6.01571161378942
478,21,7.700822905724499
478,22,7.6917006953497
478,23,199.9923241817767
478,24,199.91806756581073
478,27,167.13631606319998
478,29,124.76815122676133
478,2,200.32795290726642
478,6,189.25125314884605
478,7,191.0280459598146
478,8,1.1234594578190469
479,10,195.26417240978378
479,12,199.99631207149946
479,14,76.96315672383705
479,17,76.99273323925594
479,18,5.835920503149775
479,21,127.11648227567366
479,22,12.656362717762894
479,23,200.05523409122537
479,24,199.93395822118734
479,27,77.10254207686751
479,29,34.35147543087299
479,2,200.66647303030217
479,6,159.67177583740843
479,7,198.89031699509238
479,8,5.821835194150218
480,10,197.4523214286847
480,12,200.04325604575607
480,14,123.71239508438774
480,17,76.96895368735035
480,18,5.9964875265014745
480,21,199.1537218551608
480,22,3.6954590977365585
480,23,199.97372547710242
480,24,200.14239475296384
480,27,194.91908920822385
480,29,1.2407691548438582
480,2,199.85675133116652
480,6,199.12261687919383
480,7,169.3354086749078
480,8,6.272895950170735
481,10,197.6513803960716
481,12,199.95011405572592
481,14,199.8191509820512
481,17,77.13868931750147
481,18,6.139836350565026
481,21,199.7913504830075
481,22,1.1062037609395312
481,23,169.56512141555137
481,24,199.602062864434
481,27,199.32993119137478
481,29,1.3533776734895924
481,2,199.110645863241
481,6,199.80705994731005
481,7,199.07303613725452
481,8,5.898283737995622
482,10,194.4892244660276
482,12,199.99778867309357
482,14,199.947379724765
482,17,77.08600667831672
482,18,123.96069877526034
482,21,199.6238008415427
482,22,1.2163250125163696
482,23,188.14405913909403
482,24,124.08236764956322
482,27,199.38619043331627
482,29,1.34952808677671
482,2,197.67334640015653
482,6,192.7796200839409
482,7,77.90723020369057
482,8,1.1814091764003452
483,10,133.59331831243756
483,12,200.03296053238384
483,14,199.84444733466196
483,17,124.10520855523819
483,18,124.1862329571033
483,21,198.8531051777356
483,22,4.987196248612526
483,23,199.21504150291247
483,24,199.92208910580214
483,27,199.41308020899947
483,29,1.1941191639002133
483,2,70.53491942925824
483,6,190.3233800804525
483,7,78.95075513372991
483,8,6.036628642251119
484,10,132.1877726889152
484,12,199.96756792139706
484,14,76.83917687885753
484,17,77.24264801213988
484,18,123.86153464106216
484,21,128.85989687758874
484,22,4.990330330172767
484,23,200.01315940839896
484,24,199.91561015046733
484,27,199.36121174932933
484,29,1.1559853803374238
484,2,198.34739785240131
484,6,189.96721649065458
484,7,77.96390457905986
484,8,6.075626112821867
485,10,135.43704635060493
485,12,126.17060551892618
485,14,1.167792941989257
485,17,5.860556147162558
485,18,123.76661902435671
485,21,128.8767242207803
485,22,1.3668845975155886
485,23,200.07178813642525
485,24,199.97293691702475
485,27,199.19806215799954
485,29,1.5918279215100586
485,2,126.4612635097117
485,6,199.71048277430816
485,7,91.28324865066449
485,8,6.011489253248385
486,10,197.8758099295905
486,12,199.86935198021126
486,14,1.0756486749470424
486,17,1.0143176237798026
486,18,123.59129574411921
486,21,77.7544373452265
486,22,1.2161541294057872
486,23,199.97588760789648
486,24,199.9511709313041
486,27,77.60619324121053
486,29,34.91675363665533
486,2,6.188652684039377
486,6,192.18344828024465
486,7,79.42736698684227
486,8,47.572604939433425
487,10,200.58925288536187
487,12,199.87406051601343
487,14,5.743072451235941
487,17,1.0116508683687686
487,18,1.039902129254519
487,21,195.70058011405501
487,22,1.1131841933732183
487,23,5.9112539147939325
487,24,76.8851558331718
487,27,7.9875680699966765
487,29,35.81335413528788
487,2,1.2630589532876944
487,6,92.79481101773284
487,7,77.43957439091155
487,8,82.50686912918952
488,10,195.41039436762932
488,12,199.70238625526892
488,14,1.4746657160528682
488,17,1.0348023439590168
488,18,1.0109808370567812
488,21,199.74834946005646
488,22,1.8872474226366178
488,23,6.855394526200596
488,24,199.8784897363457
488,27,77.31460412521163
488,29,1.2664938555972212
488,2,1.7187526432104474
488,6,73.63763611072832
488,7,79.0261563866729
488,8,69.95948113316602
489,10,74.56265190999376
489,12,76.51491173078846
489,14,1.038217360969341
489,17,123.67409227878045
489,18,1.009740871176283
489,21,197.2136684524918
489,22,4.436446688188958
489,23,1.7959782797067767
489,24,200.1100602705132
489,27,123.72145880866404
489,29,1.112487937080377
489,2,4.782398655557997
489,6,5.734820632857264
489,7,199.06957040464553
489,8,82.66955406334903
490,10,1.1701886024382273
490,12,6.039074643738423
490,14,1.8686471050046685
490,17,199.97292770301232
490,18,1.0070809949468946
490,21,199.64085627100394
490,22,1.535608611256709
490,23,1.330569692337573
490,24,77.07237225903935
490,27,191.4639853445233
490,29,1.1494823806927623
490,2,75.73877685591567
490,6,3.5349596976490174
490,7,167.7344314806168
490,8,5.913998884320145
491,10,1.2101600993667303
491,12,1.090924661736982
491,14,1.5640170405947749
491,17,200.0220553836231
491,18,1.0170133803534438
491,21,196.10868947951386
491,22,1.472303040911855
491,23,7.006061879724307
491,24,6.523245047771199
491,27,123.75913295184199
491,29,1.7936505188626006
491,2,196.93740795315026
491,6,72.9203214153112
491,7,194.36646962113318
491,8,1.0474617627930813
492,10,1.112908368534949
492,12,6.1276379638629805
492,14,76.83374818494325
492,17,200.00095032429232
492,18,4.424175780253851
492,21,198.04246390444482
492,22,5.417015590380759
492,23,199.59457258466037
492,24,76.85004679083471
492,27,199.31157450514115
492,29,33.801372912811416
492,2,199.58607376904192
492,6,4.452592671181993
492,7,173.846322175728
492,8,1.0153721511987128
493,10,1.7170710261935436
493,12,124.11414707586161
493,14,194.64610284898123
493,17,199.89936271050559
493,18,6.049194700172703
493,21,1.5721160412722832
493,22,2.1931080024241782
493,23,199.3656011114366
493,24,77.06959312905721
493,27,199.91653533459856
493,29,90.04493615835601
493,2,191.3566919063997
493,6,1.1842455225895314
493,7,8.371490770104243
493,8,1.0233483558231642
494,10,8.468765058096796
494,12,199.91499702933245
494,14,199.8142815394517
494,17,124.6000003102821
494,18,1.038540618859912
494,21,3.0053342845641087
494,22,1.4007240829376488
494,23,199.89581491174087
494,24,199.86958010957554
494,27,200.0065125596146
494,29,92.15976740525726
494,2,76.737862019807
494,6,1.1098439322114224
494,7,9.82727476478267
494,8,6.030503124411865
495,10,12.68088017542363
495,12,6.013021198783982
495,14,6.097433355164191
495,17,6.034865634970142
495,18,1.0291314118710746
495,21,47.1849536630609
495,22,5.767752096961525
495,23,76.68760357615002
495,24,200.01134562933842
495,27,199.8334015230458
495,29,88.60370454939526
495,2,75.61765729092286
495,6,1.13762861037686
495,7,77.59713399925397
495,8,1.016411630896846
496,10,75.13197286529406
496,12,1.0179727996034904
496,14,1.0081610243229326
496,17,1.0478155677173022
496,18,1.1605330104801936
496,21,118.99391758831682
496,22,17.916279888491793
496,23,6.107845161400202
496,24,200.02158374047877
496,27,199.9780709883287
496,29,1.1504414566140835
496,2,75.87484246453148
496,6,2.675477374882652
496,7,76.60114275806274
496,8,1.0252214393503951
497,10,194.3037256544948
497,12,1.0183134594230796
497,14,1.025042559597552
497,17,1.013489159568084
497,18,1.1641932538561288
497,21,8.000018517878434
497,22,21.784914232659677
497,23,199.64175281760683
497,24,200.1000112029338
497,27,7.539512865891998
497,29,1.6672510054277794
497,2,190.25308873870557
497,6,1.2863679626808509
497,7,124.55282123502812
497,8,5.283747683794856
498,10,194.91914737909275
498,12,4.983230935263196
498,14,1.0135417686493187
498,17,1.015629445553792
498,18,1.0307518504577233
498,21,6.975297670939338
498,22,197.6127738471204
498,23,199.9636713412169
498,24,199.948522443127
498,27,1.0149097010932007
498,29,1.123382538311289
498,2,198.65291008598598
498,6,1.1119425010059045
498,7,200.11703790668798
498,8,6.075863966314498
499,10,154.91177636005233
499,12,6.092477246846714
499,14,1.3649474578170526
499,17,1.0103536703692648
499,18,47.68427705288362
499,21,46.38686711644022
499,22,200.1398471384542
499,23,77.49605622125807
499,24,76.58945487199954
499,27,1.063222992512889
499,29,1.63862388750019
499,2,7.564558795872923
499,6,1.4825359251433141
499,7,200.24187987549263
499,8,5.989785498753412
500,10,7.190049297148809
500,12,5.660212456081552
500,14,6.051707466717909
500,17,1.0082241941294285
500,18,199.9914401804689
500,21,1.5563938080172406
500,22,200.26720121414107
500,23,77.19951256349914
500,24,76.90802353089184
500,27,2.974745930552109
500,29,124.95536270388823
500,2,7.077447766497458
500,6,190.71971156302166
500,7,79.80463466944403
500,8,6.004546347120496
501,10,193.905238671173
501,12,76.8791339170493
501,14,76.72677210159029
501,17,1.0068866560153875
501,18,199.98873837642506
501,21,6.266240252111146
501,22,22.229918801141938
501,23,1.8024761393076425
501,24,90.89260767889694
501,27,1.020852137286236
501,29,198.703429383128
501,2,1.138978601338753
501,6,175.15824275849155
501,7,198.69419709831556
501,8,1.6076802208881127
502,10,6.79196441261089
502,12,76.96847887882838
502,14,77.05572523300295
502,17,1.0065054154476678
502,18,199.89270459179235
502,21,115.48883309304655
502,22,10.879625785604484
502,23,76.94403043518048
502,24,77.05678301454546
502,27,1.012308238829916
502,29,200.0915958140828
502,2,1.3881854600191201
502,6,61.649167351920674
502,7,200.16682301482712
502,8,1.0277513756589678
503,10,1.2114628625444666
503,12,199.75763810239206
503,14,199.61113577273187
503,17,1.0253517973886415
503,18,77.07460014491319
503,21,5.650818248504099
503,22,21.33419843566865
503,23,77.25601276269148
503,24,199.95981136735767
503,27,1.011059192690466
503,29,199.856319369727
503,2,1.5833547681372722
503,6,3.0241859050770166
503,7,201.0768626397503
503,8,1.1146622897026515
504,10,74.44116638897547
504,12,199.67364897056817
504,14,199.7997420765825
504,17,1.0833766542218455
504,18,1.9161662573804326
504,21,5.648794963121149
504,22,20.96965349008249
504,23,124.38047284272449
504,24,200.02922260387137
504,27,1.025515958269443
504,29,199.94842676841608
504,2,2.2466282508956086
504,6,74.64620203319082
504,7,78.06197659134942
504,8,1.2768958633699437
505,10,128.83013127153222
505,12,76.92159998628601
505,14,199.84485520756874
505,17,6.262133032505942
505,18,76.79880994214732
505,21,6.393164806857029
505,22,22.479555370416293
505,23,106.69056188336965
505,24,199.94096793800878
505,27,1.030423436609131
505,29,200.01692471111107
505,2,1.1031725541414248
505,6,73.82958091597091
505,7,8.841136965675501
505,8,118.24003660572085
506,10,176.16817461855445
506,12,1.0436403068032747
506,14,199.83642593070124
506,17,77.10577241812094
506,18,77.11849791272722
506,21,46.2757612267243
506,22,149.88448996659304
506,23,122.8657763652208
506,24,199.9862440813146
506,27,76.22436419884225
506,29,199.05656371925713
506,2,1.1850144838226933
506,6,190.18029187744267
506,7,77.76054401072172
506,8,123.85751034260745
507,10,4.859287065350309
507,12,1.012892064082305
507,14,76.92484045836265
507,17,199.32793899065769
507,18,199.65626493680787
507,21,4.786891019542077
507,22,140.24638580451756
507,23,199.57553923605445
507,24,76.95273126339073
507,27,91.44905699181594
507,29,168.38714599133925
507,2,1.4823119924397596
507,6,2.4414144352222342
507,7,199.6782026412659
507,8,123.92459223546679
508,10,1.19144167780744
508,12,1.0124222201221227
508,14,1.1899604939735933
508,17,199.48008493757663
508,18,199.9074903080649
508,21,1.3495394846953708
508,22,10.373944311036627
508,23,200.14321236994968
508,24,5.959754203140145
508,27,76.82442939233665
508,29,199.9528652184874
508,2,1.144682511618269
508,6,1.2413739319489348
508,7,199.84615928371628
508,8,123.8330055334786
509,10,1.2707479123716565
509,12,1.0190111137717865
509,14,1.0821522515353699
509,17,199.51688939739626
509,18,199.9641914374616
509,21,45.66287984124747
509,22,7.380125783153292
509,23,200.20100617142896
509,24,1.0360910968837467
509,27,76.78650078392302
509,29,200.2557835155234
509,2,3.0716615455483427
509,6,1.556372615629834
509,7,126.63780078141181
509,8,48.14131929806104
510,10,1.2476518644539034
510,12,1.0138726907205944
510,14,5.97147451315354
510,17,199.32633016365298
510,18,199.95571614923364
510,21,118.77292866931296
510,22,7.65519215668549
510,23,200.14130555567246
510,24,1.0480322482247468
510,27,199.29754835370883
510,29,200.0628323827053
510,2,6.4213712122330975
510,6,70.6707096230368
510,7,121.55517590098763
510,8,56.00944994495225
511,10,1.083502585036613
511,12,1.0127939563198338
511,14,87.39706894797601
511,17,124.77049253592878
511,18,199.92363170575013
511,21,118.80393717872873
511,22,6.481835799740553
511,23,200.14108852307203
511,24,6.338480242792148
511,27,199.6064501233599
511,29,199.95187900659639
511,2,6.091923238510415
511,6,82.77932180627445
511,7,120.65417977531837
511,8,47.731036556818836
512,10,1.0850355992880942
512,12,1.0226737941165587
512,14,87.68570791374516
512,17,199.48332721769714
512,18,199.69601610065175
512,21,1.8104415284009128
512,22,16.861968294192305
512,23,200.07316599494706
512,24,199.68022546200538
512,27,199.76958953701325
512,29,199.58895398757835
512,2,6.84181671253766
512,6,74.26295281560677
512,7,121.22235832581067
512,8,124.03555748501523
513,10,1.7634243211193787
513,12,5.550133875645159
513,14,74.02603178054574
513,17,199.7072060426479
513,18,199.86754355012067
513,21,3.376473435372655
513,22,6.035396368463782
513,23,199.9948934332082
513,24,177.8257551199899
513,27,168.12179619089252
513,29,200.2682050368886
513,2,5.1077152244842825
513,6,192.93071231803137
513,7,199.07666615866194
513,8,123.91394334950566
514,10,3.554804759679488
514,12,199.5362685015962
514,14,198.51661456634358
514,17,76.6967306753875
514,18,199.7896248323401
514,21,1.1513647784645884
514,22,1.506123862282872
514,23,200.01566203535117
514,24,198.761656100363
514,27,199.13389112808846
514,29,200.2039098763703
514,2,1.1272774981946265
514,6,199.07294253785176
514,7,200.83566487939956
514,8,47.41728967047698
515,10,79.14928763756599
515,12,200.00867341634336
515,14,199.91184230532383
515,17,1.0154500290703619
515,18,199.98591050928243
515,21,1.1563916535283183
515,22,1.1127382660605754
515,23,200.00741125448513
515,24,198.5363415467214
515,27,199.11635168594563
515,29,199.73731402114294
515,2,1.2819032698075907
515,6,200.31034097218117
515,7,201.35403766900725
515,8,123.9691268095132
516,10,85.6752943874892
516,12,200.04390339717511
516,14,200.1084328093081
516,17,1.0223367023533865
516,18,199.90631815621592
516,21,1.4518804880930245
516,22,1.252366864327935
516,23,200.16112041327372
516,24,168.60077258403953
516,27,1.0629420445131457
516,29,199.90462183854527
516,2,6.0398145280341735
516,6,199.70500666124144
516,7,121.78298680222416
516,8,41.33038621029959
517,10,87.24639651867098
517,12,199.95457899476705
517,14,199.99725666028075
517,17,1.084148291443537
517,18,199.6967484880621
517,21,7.832449345090912
517,22,1.134734446931724
517,23,200.23237307826756
517,24,168.52179361754915
517,27,12.527979448904963
517,29,200.2087601172073
517,2,7.573356947443462
517,6,193.1181185524882
517,7,78.84131859568912
517,8,6.073783790079288
518,10,5.805453343314352
518,12,199.95848252774994
518,14,199.96427661340346
518,17,1.028368822201021
518,18,169.59850111991628
518,21,45.24821039906596
518,22,1.301703535104621
518,23,200.2022053013197
518,24,199.95834659263986
518,27,24.677309374451738
518,29,199.74025325158163
518,2,7.2757708078897965
518,6,193.1388509604209
518,7,77.49835503321829
518,8,5.871919652520119
519,10,125.07230428601703
519,12,199.97852253308676
519,14,199.98332114012712
519,17,1.1653444152671673
519,18,199.99524486766123
519,21,117.36383436365044
519,22,1.119943180282757
519,23,199.8760972900115
519,24,199.99163342642404
519,27,21.005410990727317
519,29,77.24391462369744
519,2,1.1784221182382433
519,6,199.01115117947865
519,7,126.81707633633606
519,8,5.911391759733463
520,10,194.6746466720957
520,12,199.77335182453368
520,14,199.958636724408
520,17,1.013811939647796
520,18,199.9670575042677
520,21,118.16162709843678
520,22,1.2523803355390837
520,23,123.74859900473005
520,24,200.00360288412693
520,27,24.908985085090627
520,29,77.0906747695706
520,2,1.090641401085358
520,6,194.88629180937846
520,7,77.19194753690056
520,8,5.9972291815518295
521,10,187.5630248516124
521,12,5.949575847652724
521,14,199.85404638128685
521,17,1.0269823469632369
521,18,77.02893079024855
521,21,199.5770979636172
521,22,1.8446744542369033
521,23,1.3166728848477498
521,24,199.26134349034123
521,27,12.605179597109961
521,29,6.755319462606588
521,2,1.215207406557774
521,6,199.8453118103899
521,7,91.66923346315816
521,8,2.1877523236740917
522,10,161.18656560142318
522,12,1.0312257171883068
522,14,199.4303257776721
522,17,1.0265959908230076
522,18,199.86489146349726
522,21,199.99307545845886
522,22,2.9976737940671927
522,23,3.6412601114739367
522,24,170.7424161951508
522,27,6.098469220885695
522,29,75.6930129226493
522,2,3.200994113263034
522,6,194.67657439508392
522,7,6.4867195068977725
522,8,5.686550540552243
523,10,74.15426454235833
523,12,1.0401810818295616
523,14,74.01668669447464
523,17,76.69086168162904
523,18,200.03883097989387
523,21,45.468194319545226
523,22,1.6910680136848864
523,23,77.09109665705572
523,24,199.91679821797035
523,27,5.913641755647012
523,29,123.17640055136914
523,2,4.970010690633385
523,6,192.55118287444543
523,7,6.556186927313994
523,8,5.685251673415418
524,10,190.09967952186568
524,12,6.154434452378449
524,14,1.0290624523351006
524,17,199.49854893629103
524,18,198.59419827938603
524,21,11.540509849898415
524,22,1.3576167743897343
524,23,122.72988048077903
524,24,170.12129939612473
524,27,12.478515985483078
524,29,199.73865524941377
524,2,6.567264990590054
524,6,166.39639198984528
524,7,199.61998003075664
524,8,47.57961746871359
525,10,194.97387822205408
525,12,76.83125166424666
525,14,1.044929604521163
525,17,199.52899578404316
525,18,5.949400949876721
525,21,12.450718792096728
525,22,1.1625648142310467
525,23,143.0915317342593
525,24,199.61614958950028
525,27,12.53881945215358
525,29,199.85290319041172
525,2,11.04039829782759
525,6,123.4385052905541
525,7,199.40555834694734
525,8,55.998569530578436
526,10,195.11725451544595
526,12,76.99800708490086
526,14,123.96707588864278
526,17,199.96201506313147
526,18,1.0508365683551726
526,21,5.773390370937577
526,22,1.260123015697258
526,23,143.10225368350993
526,24,128.92332978560776
526,27,12.454764929151777
526,29,199.86394714956722
526,2,1.4556043773168112
526,6,6.66307552435265
526,7,198.21203068375797
526,8,47.83600831047158
527,10,76.92023941123225
527,12,106.07972479378311
527,14,199.0977609997565
527,17,199.85496109334582
527,18,6.005175982435627
527,21,5.897909164641567
527,22,1.1596051491710182
527,23,77.39044551522849
527,24,77.72063920711814
527,27,12.476197546832152
527,29,199.32847117659617
527,2,4.284807613189825
527,6,5.743002745331826
527,7,6.832176461038884
527,8,47.52948861434272
528,10,75.44256187442421
528,12,1.0631593438849327
528,14,199.92051670671242
528,17,199.7447762788205
528,18,123.22991438931282
528,21,1.2252574778000205
528,22,1.3187529899933128
528,23,7.884720647782317
528,24,199.89621469635588
528,27,12.726650684019265
528,29,199.764178501542
528,2,6.085069064390559
528,6,8.616178365686357
528,7,76.80141785087385
528,8,47.74942361969911
529,10,74.98848142538408
529,12,1.0382319596261764
529,14,76.98735480345697
529,17,1.1784883830528903
529,18,199.87624264591508
529,21,1.0930852766267058
529,22,1.1369913744299092
529,23,43.01961656966386
529,24,199.998215436025
529,27,1.1262137206556155
529,29,198.8268077777878
529,2,11.29918900215961
529,6,6.006643614869086
529,7,77.32948578398691
529,8,124.0904821451231
530,10,124.55564500560715
530,12,1.024053363142924
530,14,76.98518824911493
530,17,1.0148980854913414
530,18,76.95242800730897
530,21,4.033088869000546
530,22,1.3442791043686046
530,23,199.8572302748487
530,24,199.68754922860546
530,27,1.0155095200438162
530,29,199.85813212843826
530,2,5.521862646435968
530,6,1.0926156667343982
530,7,199.71136589703946
530,8,199.98482085162308
531,10,146.3967955500663
531,12,1.050201435314368
531,14,1.038312363669431
531,17,1.0085250472263074
531,18,76.89049458231541
531,21,45.40561281638306
531,22,1.1238223112416823
531,23,200.15387870337102
531,24,6.767288324615645
531,27,1.0381069542934138
531,29,199.694089037731
531,2,5.746180403562661
531,6,1.1083828230645512
531,7,199.4932929963018
531,8,199.90001381046133
532,10,186.6846344540877
532,12,1.0237657836036889
532,14,5.87926067270726
532,17,1.0188679183059246
532,18,6.022960137620603
532,21,44.69151672985205
532,22,1.3314947314368857
532,23,200.25217780159952
532,24,1.028235416266742
532,27,1.0179909014162867
532,29,200.1555744704866
532,2,7.099662398147758
532,6,1.0692082672039278
532,7,199.6849117156288
532,8,199.97769247503686
533,10,193.83671648178338
533,12,76.25040695045591
533,14,1.3506339611562692
533,17,1.0390853432269993
533,18,76.87312181738407
533,21,9.389987373552797
533,22,5.476692345860443
533,23,200.35022957514744
533,24,1.16426715629849
533,27,1.0356647387629077
533,29,8.507992131130285
533,2,12.91852480864964
533,6,1.0944636954965627
533,7,199.71663974689457
533,8,199.57921598344825
534,10,194.73207415534276
534,12,6.053115625338357
534,14,1.038182358102843
534,17,5.826970307006405
534,18,90.16867965461628
534,21,108.92650381879457
534,22,2.9004949209145807
534,23,198.64100325382273
534,24,1.0144963080097316
534,27,5.945667925937393
534,29,2.4270011633850332
534,2,25.179680670977774
534,6,1.1842686014017192
534,7,166.99477355678744
534,8,123.91672870620404
535,10,195.15520949748174
535,12,1.019645468665484
535,14,5.988716212158482
535,17,76.9041857469603
535,18,198.45727694072
535,21,118.61329928465736
535,22,5.794855592992221
535,23,199.89695946529088
535,24,1.2321909175111492
535,27,7.801423576889253
535,29,1.0346468975358953
535,2,24.850102878311517
535,6,1.2672705485900524
535,7,199.66230640614012
535,8,6.160119357842025
536,10,197.96801351179633
536,12,1.031044197380878
536,14,5.883274727571075
536,17,76.78721855943186
536,18,6.4436291088148865
536,21,45.60752425584002
536,22,1.4388086089419845
536,23,169.63707739311633
536,24,1.753594650778882
536,27,5.905916388075512
536,29,1.2179016920023817
536,2,22.91580071028912
536,6,4.59909368178676
536,7,200.12083718093382
536,8,47.66525440567824
537,10,197.3540686772624
537,12,6.003593132634735
537,14,76.99795355927566
537,17,137.05809812510236
537,18,77.02229430235371
537,21,117.9430009906198
537,22,5.108583080131059
537,23,199.9491688684632
537,24,1.0115504931505823
537,27,12.51181683118717
537,29,1.7021838827252551
537,2,1.0891972771402725
537,6,5.671915872599672
537,7,199.71877484255776
537,8,47.59086548093054
538,10,198.08722507277722
538,12,76.65039335963493
538,14,199.9075984238901
538,17,76.98012598317247
538,18,90.76292766052264
538,21,115.2731724719953
538,22,15.309459564728064
538,23,200.04498210829064
538,24,1.038285362532388
538,27,32.44925516139756
538,29,1.1791352930495165
538,2,1.1710178609709088
538,6,2.073045159973439
538,7,78.56575653192516
538,8,47.69115496803006
539,10,198.84355651300086
539,12,76.57746831946663
539,14,199.73290474841954
539,17,199.53296348478838
539,18,1.87128417484366
539,21,45.98945362157425
539,22,17.66214812265842
539,23,200.11409806840527
539,24,1.0184409830748096
539,27,32.17133958184753
539,29,7.094743596164068
539,2,1.0777928130174241
539,6,5.591232996236527
539,7,198.73154792112987
539,8,19.994338949391086
540,10,195.45312193830014
540,12,6.139499976325626
540,14,76.9429658059197
540,17,199.450066017901
540,18,1.0686686892821364
540,21,1.5796902439429885
540,22,201.81829008192938
540,23,199.96170509503378
540,24,1.0303512503008976
540,27,6.016762059230808
540,29,3.2013219316585015
540,2,1.062431584325211
540,6,7.399961773585702
540,7,198.6433535542143
540,8,47.537875205716674
541,10,194.5405144376094
541,12,6.846568175206974
541,14,77.11169253137142
541,17,200.06702453090037
541,18,40.817860826753254
541,21,1.100203741745718
541,22,136.7508352481633
541,23,197.07219063460803
541,24,1.1741432875732984
541,27,12.603257340296643
541,29,1.2539008202838366
541,2,1.2071366172417075
541,6,6.142029440755356
541,7,199.66683701586862
541,8,47.66954628011402
542,10,7.119775127194549
542,12,5.804925668362082
542,14,77.13034461611679
542,17,199.22000384738288
542,18,1.066436432205486
542,21,1.1872039827962029
542,22,17.832905908000782
542,23,77.58403936828012
542,24,1.488592621407581
542,27,32.198310539201685
542,29,5.830529401545739
542,2,1.0716348562592375
542,6,1.2993602452450352
542,7,18.76833387547386
542,8,47.69954003233731
543,10,5.727020142583028
543,12,1.0692940872433985
543,14,76.96002063252624
543,17,199.44660287105017
543,18,1.0790777206491593
543,21,5.87465095587574
543,22,4.718740039229883
543,23,77.26875444277857
543,24,1.0602179787375745
543,27,199.68067517227342
543,29,6.4810923655736445
543,2,1.2357557074935417
543,6,3.113265469954463
543,7,6.8125213156632904
543,8,124.57837417119886
544,10,6.840687555080864
544,12,6.137569070723202
544,14,76.8843005566282
544,17,199.94421434348413
544,18,1.0132996930162435
544,21,117.9510328708682
544,22,4.460324507505331
544,23,199.47065250294042
544,24,1.0435853382047322
544,27,199.58177795964824
544,29,1.3831320956359234
544,2,5.911000582675061
544,6,5.618999744369894
544,7,1.1171314414497373
544,8,123.62725757230595
545,10,1.2362975177992366
545,12,199.70584144545688
545,14,15.32366689620288
545,17,6.067533188565799
545,18,1.0149116306652475
545,21,118.28816297051746
545,22,6.075692446549808
545,23,193.52328029088955
545,24,1.1340378988777746
545,27,32.43250226517642
545,29,1.148513431852298
545,2,1.127334415917883
545,6,1.6024443834804984
545,7,1.648448089406016
545,8,47.89583230312164
546,10,1.2768199639672457
546,12,77.7282158599671
546,14,199.90003232488928
546,17,1.1052993764108467
546,18,1.024690268670922
546,21,198.06504177292024
546,22,6.093212093802954
546,23,6.061446602468247
546,24,1.0195493739020434
546,27,32.37100833201078
546,29,16.455238160184887
546,2,1.210154414522773
546,6,1.085547895193145
546,7,1.2474942149775805
546,8,6.19127445609793
547,10,1.081710539045029
547,12,77.74854779676852
547,14,122.68974558945015
547,17,2.2379170441392398
547,18,77.18796559191732
547,21,50.967704751974544
547,22,3.6778166865316364
547,23,6.247215912508383
547,24,1.6753181568539932
547,27,31.914981682539437
547,29,19.75751213795082
547,2,1.549681629352059
547,6,3.015746683185869
547,7,1.0654611191403478
547,8,1.1107158716362997
548,10,6.784086219415352
548,12,123.0707565948187
548,14,199.76907004988266
548,17,1.070916324461633
548,18,1.11784742441708
548,21,125.65131127160188
548,22,17.592253597642546
548,23,6.788985086520277
548,24,6.54277094048568
548,27,26.918496078247088
548,29,8.057596436342768
548,2,6.03055530779966
548,6,200.18346802304345
548,7,1.344581742059445
548,8,1.042288578072601
549,10,5.804403094019966
549,12,76.79734540316593
549,14,199.9579304603545
549,17,2.2595770167633837
549,18,1.1437431062569734
549,21,121.0445875243452
549,22,16.587127464140305
549,23,198.36012635463447
549,24,6.783222347546656
549,27,12.597011170728925
549,29,1.2245539622030275
549,2,3.412929620556196
549,6,200.5045991139207
549,7,1.0831536453858652
549,8,1.0202997945290104
550,10,6.703183416661847
550,12,76.61231238548476
550,14,199.8276935823834
550,17,2.329853987658458
550,18,1.1397798217066892
550,21,122.55879794612017
550,22,6.834819463567843
550,23,200.08067868167234
550,24,193.35312890601455
550,27,32.40171026823094
550,29,20.63964324044108
550,2,1.2663891668059668
550,6,200.20012270175832
550,7,1.2232341858501508
550,8,1.0116512009937166
551,10,6.897299428863123
551,12,4.59541569625575
551,14,6.022451429231629
551,17,2.091879582225891
551,18,1.0289132116420106
551,21,117.90398170134307
551,22,120.97004301897273
551,23,199.52212751711738
551,24,17.12501344590883
551,27,28.715052793157028
551,29,126.3479839543282
551,2,1.0705422226583388
551,6,200.52569728414247
551,7,1.3195062312324723
551,8,1.0134850860788227
552,10,6.495776614613802
552,12,76.16295371337549
552,14,4.870958077117097
552,17,6.1711122138911
552,18,5.641448511478859
552,21,5.86296279027251
552,22,61.81856789606439
552,23,6.050384786069482
552,24,5.82453122016849
552,27,34.160338747678395
552,29,6.611652663882774
552,2,3.5551092263344293
552,6,200.56466022370182
552,7,1.0671735123315351
552,8,1.0276053056029162
553,10,6.50014678460583
553,12,200.01287011581195
553,14,6.041331206742978
553,17,6.4743796807730565
553,18,6.903892188561836
553,21,6.582433784456655
553,22,51.90531054787935
553,23,1.0215270601522917
553,24,1.2019531966700703
553,27,6.323976018290411
553,29,1.159228233601412
553,2,8.200265644455497
553,6,200.48466911844494
553,7,1.4092498796079878
553,8,5.960063193688132
554,10,17.403606918645135
554,12,199.97194223814796
554,14,1.2483412770752729
554,17,6.825228549581443
554,18,199.88638034742127
554,21,1.1803747775371074
554,22,16.845637376694526
554,23,1.0192896525359623
554,24,1.022652214004512
554,27,5.937740251330025
554,29,1.4606919703443009
554,2,198.17803939789172
554,6,200.58148788137765
554,7,5.6610576945898705
554,8,6.012985079411396
555,10,6.839783269221294
555,12,199.91299703191254
555,14,1.0202226124197094
555,17,6.160084907099788
555,18,169.2268109692038
555,21,1.105873848647138
555,22,125.80192174881522
555,23,1.0172681685889398
555,24,1.417289608071919
555,27,5.519582222925018
555,29,6.521787489169367
555,2,199.99465762173264
555,6,201.1514469957559
555,7,1.3554859945210214
555,8,123.842089259222
556,10,6.564884952238584
556,12,199.99571112350537
556,14,1.1250403915207632
556,17,1.0058993306566284
556,18,200.0356747584592
556,21,3.0353239432573824
556,22,7.315702156678228
556,23,1.2067578861071238
556,24,1.3120926947865008
556,27,7.29399268077162
556,29,19.567640872680602
556,2,199.43628979262738
556,6,200.62486059028782
556,7,1.4479276388323195
556,8,47.8792821181274
557,10,3.9401746047552275
557,12,200.0339954139044
557,14,77.11038277265793
557,17,1.8468817810666471
557,18,196.22371742574256
557,21,45.07334430882243
557,22,8.160620853836518
557,23,5.972775286773829
557,24,1.8954670478600728
557,27,6.811861269461406
557,29,199.58078100975206
557,2,198.7594193545959
557,6,200.3504153070029
557,7,2.4883220298340842
557,8,123.88948151909361
558,10,4.446668746812649
558,12,7.543903009804069
558,14,146.4369533396241
558,17,2.279876966086032
558,18,76.73242886758943
558,21,115.04363160157698
558,22,6.575975914077551
558,23,6.047878482621478
558,24,6.020702677542842
558,27,6.433004897242229
558,29,196.95322706016682
558,2,199.1604629877309
558,6,200.7998554813677
558,7,1.1979183885329046
558,8,123.93683086387102
559,10,1.1353742873345518
559,12,1.0498961305960324
559,14,146.9257143841117
559,17,1.037431930694225
559,18,1.0829725221835385
559,21,7.374051931505143
559,22,1.494550885543357
559,23,77.20597823838528
559,24,5.104538016350699
559,27,1.0380689488562673
559,29,8.003606743908954
559,2,200.2776101564418
559,6,200.0842664187499
559,7,1.0635956267369566
559,8,123.92440361758462
560,10,1.5965909458157717
560,12,1.0349856353935616
560,14,124.50515418294678
560,17,5.665159082458522
560,18,76.9927763313804
560,21,6.180348911921202
560,22,1.149335987282603
560,23,199.87818507200276
560,24,5.674772636960097
560,27,17.525300077359
560,29,20.84111075454266
560,2,21.144056071578987
560,6,78.88732355869408
560,7,1.2887098375271702
560,8,123.9577355782532
561,10,9.163517254986884
561,12,1.0153698104913964
561,14,124.49395661586877
561,17,122.78841711980463
561,18,199.89583680103786
561,21,117.19539626419639
561,22,1.4277170458821375
561,23,6.502441591559808
561,24,6.064340621617828
561,27,200.00631687751158
561,29,8.512261163076627
561,2,20.805008356221816
561,6,76.82985756062557
561,7,1.0704695745303456
561,8,45.50038284476083
562,10,6.139610023499103
562,12,1.0299175900828588
562,14,125.39648213827432
562,17,5.793063445474823
562,18,199.99692825571128
562,21,47.76101216858281
562,22,2.742009201321581
562,23,199.4020263468282
562,24,6.210048658041345
562,27,17.487939926393985
562,29,7.876531766615715
562,2,21.77011732318473
562,6,76.96493473043571
562,7,1.3187501482131332
562,8,4.979839289173491
563,10,1.134768989935665
563,12,1.0150699757297568
563,14,198.4742678255443
563,17,1.173590824738193
563,18,199.97449986759204
563,21,120.43282502690975
563,22,9.506267794740682
563,23,76.86427883400289
563,24,6.23046650992508
563,27,6.76657101584705
563,29,4.3917822409565375
563,2,10.561953890867668
563,6,127.26443222721828
563,7,1.6306007612478224
563,8,6.107933800071259
564,10,1.9281200011384172
564,12,1.028017315628017
564,14,168.22642101824832
564,17,1.164191206293585
564,18,198.91178954741878
564,21,118.21313210756225
564,22,111.45228525594408
564,23,1.1532378097549234
564,24,4.148259699990879
564,27,11.106633370652759
564,29,5.03561788861881
564,2,1.1363507207377737
564,6,78.48724447191472
564,7,1.3783596077709683
564,8,1.0514889110617043
565,10,4.65667441409148
565,12,1.0154790731326928
565,14,199.8801916590894
565,17,1.1045626492689242
565,18,1.1328335815388189
565,21,6.508499593475461
565,22,197.9225698036879
565,23,1.0326259478565953
565,24,1.0217313180977579
565,27,6.104317073666356
565,29,7.836540314170349
565,2,1.217824466555891
565,6,76.52918959858975
565,7,6.518523094449307
565,8,123.8641476744377
566,10,7.414676355817843
566,12,1.0265669222074596
566,14,199.98471079154442
566,17,1.010852327763856
566,18,1.0789504840729018
566,21,1.1653890245886929
566,22,5.882104489413543
566,23,76.79153289863632
566,24,6.754125243939173
566,27,1.0224931830434627
566,29,44.240271211422716
566,2,1.124598848871341
566,6,112.05538081193963
566,7,1.7516422949719326
566,8,1.5104660421817409
567,10,17.000522075801314
567,12,1.0966021470142997
567,14,199.97589429445398
567,17,1.0986886572132781
567,18,1.026686680721804
567,21,1.2567599087130548
567,22,4.109264689909388
567,23,123.96234385818585
567,24,100.82918122205139
567,27,1.1377779947634277
567,29,7.627917265269518
567,2,5.959527898897785
567,6,200.02418887627218
567,7,1.6042931862657814
567,8,1.2340972031751538
568,10,3.791243472077603
568,12,77.01497285705177
568,14,77.02592837472979
568,17,1.0101679136785617
568,18,1.239390051709509
568,21,1.0693922945842338
568,22,1.1665262713765925
568,23,123.48861743696007
568,24,200.02700484459717
568,27,6.121878620723528
568,29,5.639309357884639
568,2,6.330948181124117
568,6,201.48037445003044
568,7,2.1272645372533563
568,8,1.1291145922167167
569,10,1.184490923205163
569,12,199.79983498819757
569,14,1.024874776371691
569,17,1.0450607487235806
569,18,77.1218821365502
569,21,1.5093335845449343
569,22,2.0810240294855262
569,23,197.78086263228082
569,24,100.680244564894
569,27,17.041124239646873
569,29,7.056518136701098
569,2,5.90030448566907
569,6,200.16231759005106
569,7,7.576414338019203
569,8,1.024690223809203
570,10,1.4622953310626923
570,12,199.70054503946213
570,14,1.036507164709311
570,17,1.011244255823867
570,18,199.97779260874754
570,21,1.048242551938027
570,22,1.1531034766719355
570,23,199.64276125888603
570,24,39.91394669577654
570,27,6.134058558488788
570,29,5.812873489768195
570,2,6.362059408931177
570,6,199.72056847672496
570,7,6.1163693605626355
570,8,5.946638664423947
571,10,1.0993383353124346
571,12,199.98183086157576
571,14,1.241860516602491
571,17,1.0427499387428028
571,18,199.90109151404218
571,21,1.0958933513733904
571,22,1.4180399144292788
571,23,199.81207351779648
571,24,5.929627759851234
571,27,5.971419785160285
571,29,1.076537975898702
571,2,8.315852365113072
571,6,76.27675247032475
571,7,3.6995811611693186
571,8,1.0258683979265746
572,10,1.6742262263629446
572,12,199.96671249853
572,14,1.080998771643916
572,17,1.0118858403741344
572,18,200.0087211415022
572,21,1.0731758879155624
572,22,3.0041153573893853
572,23,76.81419709178748
572,24,38.815665004730405
572,27,5.751261184308122
572,29,1.0785017161010948
572,2,21.53996397021269
572,6,1.1726715280170565
572,7,1.1402116107903355
572,8,1.2785443409632964
573,10,1.11095121991695
573,12,200.0051440007921
573,14,90.60546392447203
573,17,1.0236511415189005
573,18,199.9364773831144
573,21,1.2470624758107225
573,22,6.212832891782162
573,23,1.1482860079581918
573,24,38.83481138764321
573,27,199.79044353403197
573,29,1.433295470928407
573,2,8.433057367013946
573,6,6.814049652037683
573,7,1.560695085349871
573,8,5.981572409224946
574,10,5.610871455638502
574,12,199.98842363999796
574,14,76.9916089072306
574,17,1.1188135060293014
574,18,169.20766214530545
574,21,2.862933116147602
574,22,6.914004212180428
574,23,6.018164472572946
574,24,3.449314574148057
574,27,6.098349248672745
574,29,5.911089668632287
574,2,21.112710781938883
574,6,189.21123359697668
574,7,6.413740089065383
574,8,6.198187160961998
575,10,7.503278267679457
575,12,76.95845629460773
575,14,200.00029874621546
575,17,1.0053305034024649
575,18,199.93909802505877
575,21,1.1361270846286107
575,22,17.773984198587964
575,23,1.0298496470898517
575,24,6.578526475163858
575,27,5.872362247592713
575,29,7.787731560869303
575,2,5.989709842332211
575,6,199.48570091621463
575,7,1.6116344211658413
575,8,47.7378244414232
576,10,17.472442011703336
576,12,6.009681318957601
576,14,199.92511393014587
576,17,1.0669140253919842
576,18,199.986962244231
576,21,1.3880482699600414
576,22,6.797826198771281
576,23,1.0382201945608982
576,24,124.06059238552149
576,27,1.0146135504561873
576,29,1.8140472224179551
576,2,5.984410798254093
576,6,199.80304156062397
576,7,1.5440676294472728
576,8,47.77096677381423
577,10,5.765310434564001
577,12,5.998283286308815
577,14,200.09203908843773
577,17,1.0282350753304177
577,18,199.71813718804765
577,21,5.195649582118043
577,22,6.212338520853727
577,23,1.1663751568162015
577,24,103.97510409658823
577,27,1.0215246325634493
577,29,2.1002564625080518
577,2,1.1225783802380283
577,6,198.59309426734976
577,7,1.2447281455339865
577,8,124.12082963467303
578,10,1.2457361123468096
578,12,199.96413353794946
578,14,199.78421868838055
578,17,1.007746297822866
578,18,200.10230803845153
578,21,5.833927601223011
578,22,9.139762964292796
578,23,76.582396170717
578,24,124.23510803339595
578,27,1.0140282205915934
578,29,1.1373509513292954
578,2,1.54288866231947
578,6,6.180013620295412
578,7,1.417070746000743
578,8,47.82781506111255
579,10,4.2043821093685425
579,12,6.299517093488562
579,14,199.91773680800137
579,17,1.0455342470561104
579,18,199.740719514222
579,21,1.373855613326167
579,22,5.5488307846496765
579,23,1.0717046705779292
579,24,1.0398703680112598
579,27,1.0538939879421343
579,29,5.8279287513459135
579,2,8.500103702266507
579,6,5.196950699094486
579,7,1.110652771076943
579,8,1.063420337123521
580,10,16.181080916764966
580,12,1.0576429858680487
580,14,77.1298277412036
580,17,1.0124005193488879
580,18,77.07860698662746
580,21,1.1264073693069605
580,22,1.288486812661242
580,23,1.097169101401566
580,24,47.75679564419566
580,27,7.015527617222055
580,29,5.945090515657815
580,2,2.040175624062712
580,6,1.1889214012154752
580,7,1.1330325063433393
580,8,1.5214004504311203
581,10,199.22557205103752
581,12,1.0276633392180468
581,14,199.98594162525094
581,17,1.0666035321044154
581,18,5.1780272085794765
581,21,1.5179658305305972
581,22,3.1073271297828087
581,23,1.0403361664227688
581,24,40.16714141612288
581,27,25.238028357044314
581,29,2.6849665353937597
581,2,1.1473015816928789
581,6,1.7877644976863338
581,7,1.6336405898314843
581,8,47.9987578182804
582,10,4.311697463195294
582,12,1.0179198702252785
582,14,200.0231643261207
582,17,1.037596436861279
582,18,6.280397230611184
582,21,1.090419934591765
582,22,6.2297547609078645
582,23,1.1161752005493926
582,24,47.751002997924914
582,27,25.23593785483193
582,29,1.2205504497080386
582,2,1.379242964605459
582,6,1.1466787774845457
582,7,1.5158476357992139
582,8,207.33569584292658
583,10,2.7288388921577633
583,12,1.0176940779492245
583,14,200.65554838871498
583,17,1.0215626082359515
583,18,77.1486076382242
583,21,1.2178551286314991
583,22,4.654678502452807
583,23,5.946772318691162
583,24,1.0050356564023286
583,27,124.46982021924447
583,29,5.293712127069408
583,2,7.672401776907363
583,6,1.466402971897137
583,7,5.2452364880879045
583,8,207.30444457275377
584,10,1.9035942450085435
584,12,1.047802348066004
584,14,199.97486505734867
584,17,1.0201951677730565
584,18,77.26435229380522
584,21,1.023616737284599
584,22,1.1371387369273784
584,23,1.0379102753982892
584,24,1.0624068061954115
584,27,194.749856190354
584,29,6.20070542419267
584,2,1.2493020294926651
584,6,1.1694096123409947
584,7,3.3376012106318713
584,8,207.24673684692817
585,10,1.143181545246727
585,12,5.53350275106563
585,14,200.04330333377013
585,17,1.0768995232158387
585,18,199.9785842056216
585,21,1.8227640235813762
585,22,1.3365835017115721
585,23,1.0911849987874058
585,24,5.8901401946779135
585,27,6.635195802458698
585,29,16.91230243938656
585,2,8.397430309001376
585,6,1.3074764430225059
585,7,1.1763964983696473
585,8,207.12723841626982
586,10,5.720167169320775
586,12,1.0481193877268251
586,14,126.23130883044682
586,17,1.0151363860610556
586,18,199.84594006797442
586,21,1.1705062185140258
586,22,1.1349803503602653
586,23,1.0359475692111513
586,24,47.59718570667972
586,27,6.659745827562614
586,29,29.032070096108963
586,2,1.51543216901666
586,6,198.7319038061158
586,7,1.9710946619973309
586,8,207.39461398114867
587,10,1.1604539001956071
587,12,1.0249071687261508
587,14,200.0550476903002
587,17,1.0348238426830332
587,18,200.12094033988825
587,21,6.733808527825132
587,22,6.7328649900875766
587,23,76.93255387805216
587,24,5.964986929252395
587,27,6.0107606850683695
587,29,7.407533807314743
587,2,1.3384142486615982
587,6,2.406232385316672
587,7,5.608102984891502
587,8,80.3746029520669
588,10,2.4699554940681328
588,12,5.6384629841924925
588,14,287.9759946946941
588,17,1.9745932064730436
588,18,200.0115011252727
588,21,5.279637408951591
588,22,6.659488345804422
588,23,199.36799519415487
588,24,123.71938253454583
588,27,6.175914714950192
588,29,7.884049548902862
588,2,7.266576667820612
588,6,1.1585720061539835
588,7,7.860928814027559
588,8,79.87142624234326
589,10,16.661716098620396
589,12,5.691209329986618
589,14,77.20604893863428
589,17,1.496389443049267
589,18,200.02256754633123
589,21,6.963670886145199
589,22,8.01387740081508
589,23,199.65618537127625
589,24,199.3769136875199
589,27,17.127865854091556
589,29,6.840954392026826
589,2,119.22643474711278
589,6,1.312674826465104
589,7,4.5555897748902145
589,8,6.03418612160836
590,10,6.260062704617681
590,12,5.561455747126526
590,14,75.08852325481297
590,17,1.0202321601874789
590,18,200.3774501229549
590,21,7.8188715673842655
590,22,7.071695358360632
590,23,199.874994038572
590,24,124.08641962399021
590,27,17.067625443580944
590,29,9.856893498151637
590,2,199.6823791104559
590,6,2.1127590148126187
590,7,1.2056810563974738
590,8,79.86413239831681
591,10,2.7096154539936435
591,12,1.0253719855506298
591,14,124.12067203750978
591,17,1.6577682905482056
591,18,198.91246073311612
591,21,6.09326526274809
591,22,5.7004632269307765
591,23,77.00515871894576
591,24,6.731207952977787
591,27,1.0581448228624306
591,29,7.930944612864379
591,2,123.11116855351715
591,6,1.3954336394137117
591,7,2.862778678949121
591,8,197.9491547087947
592,10,5.98155225236109
592,12,1.021245357485106
592,14,77.06678461256766
592,17,454.46591207539586
592,18,76.97104062357778
592,21,2.6580243387002684
592,22,5.961658739702965
592,23,76.79341243565106
592,24,5.989519844960513
592,27,6.366027933677157
592,29,7.138009184743611
592,2,118.8158793321463
592,6,5.626728315884269
592,7,5.186141927603409
592,8,79.93771860729244
593,10,1.44159656430364
593,12,1.1001375842810304
593,14,77.00063645634245
593,17,199.94330996351465
593,18,1.057757707701437
593,21,1.1385241631547225
593,22,6.202267824976677
593,23,76.74711745155214
593,24,1.019985180296224
593,27,200.25346175994963
593,29,20.040632733931954
593,2,5.762835203309315
593,6,6.1312028927430395
593,7,1.2982877428238992
593,8,199.6029128712344
594,10,5.747671945026762
594,12,1.038006732513393
594,14,1.0361438804464291
594,17,200.06937731505397
594,18,6.032200161707658
594,21,2.0442187638532596
594,22,199.8884280731014
594,23,199.1168711395179
594,24,6.1092971009727295
594,27,6.553082593034522
594,29,123.5155020374967
594,2,1.1527540856745169
594,6,198.35740837087317
594,7,1.1613037554864085
594,8,200.02283276945414
595,10,17.230442656598143
595,12,6.669112796092452
595,14,1.0326833808545397
595,17,199.71535614207394
595,18,77.03697587497443
595,21,2.3424622971009335
595,22,200.00149566450298
595,23,5.789913989993745
595,24,48.07343641944185
595,27,1.1043692223153423
595,29,200.2141442027432
595,2,2.6659451723374765
595,6,199.3998240248241
595,7,1.4348896148619927
595,8,200.11729245095378
596,10,17.3696132617643
596,12,7.060522050632461
596,14,1.2391699688814535
596,17,6.107265045914806
596,18,200.0038522623218
596,21,1.8237144608506193
596,22,216.42771660209715
596,23,1.0460299051699866
596,24,199.9772700018684
596,27,1.011158909082319
596,29,5.991105956912778
596,2,10.043245085093446
596,6,201.15341889378948
596,7,8.048857697140544
596,8,207.67231241634423
597,10,24.841980129071487
597,12,5.990976356842184
597,14,124.82642931760934
597,17,1.0705264724743853
597,18,76.94158965521369
597,21,6.213178499797888
597,22,200.33526436588707
597,23,6.021870872282487
597,24,124.11484823604154
597,27,1.0419236841850124
597,29,5.994550614067906
597,2,8.400110648551705
597,6,198.21566919612187
597,7,4.608651829765317
597,8,176.02001676942388
598,10,24.894306813736723
598,12,1.023852426971123
598,14,105.52479749371035
598,17,1.4830379259802906
598,18,1.0268394057241066
598,21,3.709960154357552
598,22,216.27696647552955
598,23,76.88870477050857
598,24,123.74245307776614
598,27,1.0119368729559188
598,29,1.269877290468127
598,2,7.849829996000239
598,6,18.28227558402392
598,7,6.465468000655854
598,8,207.44170774087922
599,10,200.27017183142001
599,12,5.607457012702837
599,14,199.57655980572542
599,17,1.4244025929880744
599,18,76.53213424817194
599,21,1.1105690580181977
599,22,200.47620456848193
599,23,199.1119139711736
599,24,6.440154148847186
599,27,1.3473302515463217
599,29,1.5414704088164248
599,2,4.483263642594421
599,6,198.78108346049635
599,7,2.6375461502065525
599,8,896.1300281196511
600,10,10.542383748205937
600,12,1.9305531607120385
600,14,6.041159276108673
600,17,199.84562475309218
600,18,77.09348902796172
600,21,2.570399003889206
600,22,213.62692994823257
600,23,199.66703750056163
600,24,124.06904120704492
600,27,1.0112445360510907
600,29,1.0449825922418807
600,2,4.9267641747446485
600,6,120.25771981603049
600,7,4.646934194305442
600,8,207.1699184638895
601,10,1.135880163803512
601,12,1.0294092731983187
601,14,5.990831318624748
601,17,199.9934428798178
601,18,200.00156186606168
601,21,1.8307022341629515
601,22,191.97312134052402
601,23,76.9103534799824
601,24,47.694364316389326
601,27,1.036984946110918
601,29,1.1648430838602892
601,2,6.9820358492200425
601,6,198.48497825070143
601,7,1.127087038177961
601,8,123.41646586284186
602,10,2.7948046092615484
602,12,1.6223551800071259
602,14,1.0969898454658047
602,17,199.8544710043091
602,18,199.69022362303159
602,21,122.0620652232802
602,22,72.89003732622925
602,23,1.030137768724667
602,24,1.0263408199612074
602,27,1.0122716751557825
602,29,20.535127051020357
602,2,198.89464568361112
602,6,198.12426372826258
602,7,1.8456515363429264
602,8,123.60714104965015
603,10,1.1460994213167837
603,12,6.5816970021827155
603,14,6.004061333196629
603,17,77.05590881062331
603,18,6.869673344025853
603,21,122.95211713785417
603,22,1.2455762736215432
603,23,1.3447263121369097
603,24,1.5296889905208853
603,27,1.0705624068129038
603,29,9.509537405576848
603,2,20.59722068729573
603,6,201.3965348481114
603,7,1.1245990358808307
603,8,5.968460579845302
604,10,6.7967020267221905
604,12,6.697638907789547
604,14,5.838607777445993
604,17,104.02583312721086
604,18,76.78516980824499
604,21,5.133560402130392
604,22,3.5420523353162254
604,23,1.0192156792034464
604,24,1.0233550518681465
604,27,1.0127267116147205
604,29,6.115269122211285
604,2,8.087689858240902
604,6,199.22612711089894
604,7,1.6959885697104033
604,8,1.0782357908631204
605,10,4.231266319050097
605,12,6.621993514616942
605,14,77.04669388631287
605,17,77.02009237365812
605,18,76.85135609846874
605,21,1.2052942517175986
605,22,1.1247425184477495
605,23,5.889990773644518
605,24,5.971748284517851
605,27,2.673244098360399
605,29,5.665787912684964
605,2,5.790059763537948
605,6,76.25336110573382
605,7,1.1259094389856248
605,8,1.0163243458083078
606,10,1.142816341486538
606,12,7.171004019749433
606,14,199.8010334638822
606,17,199.73729059236234
606,18,6.009170134468943
606,21,4.221910247493311
606,22,7.569051732911295
606,23,75.9614998876444
606,24,47.923071832844826
606,27,1.0671638099608958
606,29,7.5800482001011025
606,2,7.333517587350525
606,6,6.763875136223924
606,7,1.1381188004987763
606,8,1.0436315634650084
607,10,114.35523046208064
607,12,200.08939660998382
607,14,77.00344854733812
607,17,76.97267901064453
607,18,5.998542277495495
607,21,2.7243043746632156
607,22,76.95704058249716
607,23,76.91435102172444
607,24,47.673329839189286
607,27,1.047019601591296
607,29,8.538725890920007
607,2,19.69946733152486
607,6,1.6192594847474993
607,7,1.092813362987097
607,8,1.024045103409286
608,10,197.88999479184574
608,12,77.02617845565405
608,14,199.9553165755764
608,17,5.859499862022266
608,18,5.922335413611809
608,21,5.143233422965489
608,22,123.05358393779723
608,23,200.04741933383102
608,24,1.035254466912794
608,27,1.0150233826533275
608,29,128.56602429104493
608,2,6.143814577938771
608,6,6.542345373629195
608,7,1.2887699545164846
608,8,5.81981107442602
609,10,200.17257818010137
609,12,123.01110803533119
609,14,200.01647986564197
609,17,1.0507964869102224
609,18,1.0834226185994544
609,21,4.271890809198888
609,22,6.103429003956897
609,23,198.82616369462568
609,24,199.26053043138847
609,27,1.112633520082883
609,29,125.02503709158565
609,2,5.247977060450027
609,6,76.47608348530865
609,7,1.7030273194826664
609,8,6.0801338336415025
610,10,199.79702064013233
610,12,1.035254209557663
610,14,15555.069348197887
610,17,5.893368040673735
610,18,5.943409161087452
610,21,3.096820621864147
610,22,6.179705352536617
610,23,6.17737068392123
610,24,7.187632317649984
610,27,2.76003946822899
610,29,6.086238128081592
610,2,6.147239243679311
610,6,77.2851542504252
610,7,5.36135351276661
610,8,1.032276499367674
611,10,200.93919274372135
611,12,1.5394282673524655
611,14,10594.284335666993
611,17,6.028061034910467
611,18,1.635426628500785
611,21,1.281523923737994
611,22,76.83567287364801
611,23,6.032786914975572
611,24,199.80724003955106
611,27,1.083157457494067
611,29,6.071330797259517
611,2,6.335436202349113
611,6,67.25832594362937
611,7,4.1991986555995435
611,8,1.0787373214711835
612,10,199.64835060992505
612,12,1.0376488203484333
612,14,15554.752535322292
612,17,1.0299629467323494
612,18,1.139315948676897
612,21,6.1774849610478135
612,22,200.3145976708417
612,23,5.920598757924903
612,24,199.6312164729585
612,27,1.0111637644910678
612,29,1.1246315426115434
612,2,18.546405348878707
612,6,198.23391767236527
612,7,6.19467732983645
612,8,1.0766844873271517
613,10,201.50585394729197
613,12,124.1028909103355
613,14,199.92892945428557
613,17,7.139414623737523
613,18,76.73895620921708
613,21,7.935241464885666
613,22,6.175279955063857
613,23,6.12834088965558
613,24,200.7971028252578
613,27,1.0131987153342163
613,29,1.2990322799310752
613,2,1.265012414984287
613,6,167.83008713343736
613,7,6.9676089947781925
613,8,6.070645913904692
614,10,78.14610497087844
614,12,123.1574172177166
614,14,77.06509269747663
614,17,76.88096554949004
614,18,123.85808850675942
614,21,200.05592000221748
614,22,5.670956860196288
614,23,76.9085566025083
614,24,199.9944398977238
614,27,1.028538124387877
614,29,2.0463413043476026
614,2,5.756903560139869
614,6,199.3227446679506
614,7,199.69356906291614
614,8,5.996358694996712
615,10,76.68026896713582
615,12,105.07849072268648
615,14,77.1061800146673
615,17,76.89288351603318
615,18,199.8899603101127
615,21,10.539762086233534
615,22,2.2007573312005806
615,23,1.0372365507011179
615,24,199.983715152005
615,27,2.713423177710519
615,29,16.088074916695298
615,2,8.80279255936776
615,6,198.7790853232448
615,7,6.681997796900535
615,8,1.0262316719629196
616,10,1.1441064143876802
616,12,105.32364554866984
616,14,199.9540598416345
616,17,144.7168650184473
616,18,199.73736964806125
616,21,1.131980693798195
616,22,7.917640263289763
616,23,2.5564909211218803
616,24,6.228293609579316
616,27,1.019359988552439
616,29,6.219660791899664
616,2,1.1826940460479176
616,6,199.20644669729768
616,7,7.361339033915746
616,8,1.0234181066400838
617,10,1.8282579005077213
617,12,199.99294284122846
617,14,200.0894518434967
617,17,6.037691382535903
617,18,6.072558611023955
617,21,5.6178722650068815
617,22,1.2636037986768152
617,23,6.687865406533976
617,24,73.06228680663818
617,27,1.0703364639448096
617,29,3.465429658154974
617,2,1.1272110760850471
617,6,77.08482505554075
617,7,1.3999468624991525
617,8,1.5767259703167336
618,10,1.156430132976567
618,12,77.14465218774511
618,14,200.24702424390432
618,17,6.2585919870085345
618,18,1.0747874568439377
618,21,200.2083607355718
618,22,123.95213910733308
618,23,200.00245388577363
618,24,1.047341111151865
618,27,1.0143458181139073
618,29,1.0821125070067281
618,2,1.396527075117171
618,6,77.96615741537767
618,7,2.3668751650176776
618,8,1.5401856654867756
619,10,5.289027027366182
619,12,77.09000664717189
619,14,199.82030038617367
619,17,76.93252256779425
619,18,5.975595637195972
619,21,7.8068359013540265
619,22,5.228970090640901
619,23,200.0080115062526
619,24,6.165384365461302
619,27,1.0535558105034162
619,29,3.4517461948772237
619,2,1.169774572169691
619,6,199.638840938712
619,7,6.307500884370529
619,8,6.0000691787204055
620,10,3.7248996958192144
620,12,5.981384793595302
620,14,1.2471927281525725
620,17,6.004448727181728
620,18,1.1509874842097925
620,21,2.560607162205351
620,22,76.9369431000787
620,23,206.91621383478622
620,24,76.97586281654618
620,27,1.02357752160936
620,29,7.745449489761929
620,2,6.768500334494142
620,6,76.27205107234465
620,7,2.219931308298395
620,8,5.582936212819416
621,10,77.2614409608035
621,12,1.163136846698778
621,14,1.0321640858859618
621,17,1.0460144761152208
621,18,76.91031351589037
621,21,2.639877026546562
621,22,199.2880514037415
621,23,200.0376117123509
621,24,199.97974020836318
621,27,1.0463754604941191
621,29,11.030007900603925
621,2,3.447614278507839
621,6,86.53254468519609
621,7,1.195777741420463
621,8,6.012593713371933
622,10,126.73563322702024
622,12,199.9519813685169
622,14,5.877533462677568
622,17,199.8797356105012
622,18,76.97543845040695
622,21,1.1863633198765098
622,22,200.13544711861917
622,23,200.17436573106914
622,24,1.044730340907355
622,27,1.0590905547903449
622,29,4.885886226625948
622,2,5.094483839565354
622,6,1.381168466816202
622,7,1.5340727628852064
622,8,5.222793074328778
623,10,1.2305225911193969
623,12,199.98723594190488
623,14,4.765546781134112
623,17,198.54690022717642
623,18,199.93187589028204
623,21,2.565797207898737
623,22,197.83271389595993
623,23,77.0628399967531
623,24,1.182213595283757
623,27,1.0227571700798919
623,29,5.85004461951974
623,2,1.2503053000894577
623,6,5.66575325559114
623,7,1.4995836949465897
623,8,6.022368037090306
624,10,5.729656098879878
624,12,199.99350713817907
624,14,199.96154545477756
624,17,200.03194912793597
624,18,199.75865014018532
624,21,5.672545300967052
624,22,77.13348094650078
624,23,77.04299643683619
624,24,5.936540043710982
624,27,1.0930724986591955
624,29,8.697258517645794
624,2,4.580444432061772
624,6,5.7600564914286965
624,7,2.268507554225601
624,8,5.434907722770621
625,10,77.30267167133269
625,12,77.06870004790919
625,14,16.47466327546792
625,17,199.96511890808952
625,18,5.9996912495603425
625,21,1.1323413079569968
625,22,6.079316860590225
625,23,1.2918845578102898
625,24,123.21453402972558
625,27,1.0139725556033117
625,29,322.4117533203399
625,2,1.2294273917565548
625,6,5.724938630158693
625,7,5.787140491032198
625,8,2.25759687288798
626,10,201.01414222173153
626,12,5.954429879699717
626,14,6.033597759435538
626,17,76.97282120945121
626,18,76.98381963420302
626,21,1.072191203024465
626,22,1.3594782542789736
626,23,1.0409486522336062
626,24,200.13416936605725
626,27,1.010828944436869
626,29,274.6657493687836
626,2,4.327626879867729
626,6,3.736989434217252
626,7,131.22305969523563
626,8,1.0263620168359362
627,10,199.52972630186287
627,12,77.37518239667968
627,14,1.0608286439403205
627,17,1.009618226479454
627,18,199.8836435616954
627,21,1.1638997233148827
627,22,6.003649598229912
627,23,1.2890758822840427
627,24,122.34701329420852
627,27,1.050872948469172
627,29,6772.215200516691
627,2,1.2421349165212827
627,6,5.669186814839951
627,7,6.489929320460056
627,8,1.1613630878463992
628,10,326.02023831678764
628,12,199.90495265514986
628,14,1.4677429517670344
628,17,2.1494757137029032
628,18,201.2875060820382
628,21,3.8391757584489783
628,22,75.12684708518829
628,23,5.971636031399287
628,24,77.04150392580107
628,27,1.0238443701532227
628,29,198.8587444687397
628,2,10.652619044699422
628,6,7.0279671574144
628,7,1.8456402825302025
628,8,1.1456519734492627
629,10,199.06564581384555
629,12,77.46656130459904
629,14,1.0427508766948947
629,17,199.96318578378808
629,18,198.68603552250784
629,21,3.6218475219959188
629,22,77.43096453898983
629,23,6.018768690832919
629,24,8.590367428191902
629,27,1.052105047632413
629,29,199.8737126608684
629,2,6.4097245969836125
629,6,197.21281121241384
629,7,2.814750365403504
629,8,6.362193642270392
630,10,326.4951944477522
630,12,78.23545419371783
630,14,1.429441502883089
630,17,6.046175773929185
630,18,199.4590672060936
630,21,2.7508576230940736
630,22,6.906685813141871
630,23,76.70231691364773
630,24,314.88585865820517
630,27,1.0141720908515561
630,29,77.0786801687423
630,2,3.6415693407725174
630,6,78.84008942451851
630,7,2.7446132309926807
630,8,200.0198358388808
631,10,126.21791137547864
631,12,211.66373493391336
631,14,1.0254047823564565
631,17,5.946835224062965
631,18,199.84080236589443
631,21,1.16457419732152
631,22,62.77789322641791
631,23,76.93022074277715
631,24,200.1844435446885
631,27,1.105980821021454
631,29,197.83564347643343
631,2,122.61343868633793
631,6,1.2736047253769696
631,7,2.509217796235024
631,8,200.01712383493188
632,10,200.51851298289927
632,12,211.12120536420753
632,14,1.0248457991549722
632,17,1.0454174826471043
632,18,199.99293006713356
632,21,2.4297747864850527
632,22,200.05624798611868
632,23,200.00088781627136
632,24,235.56643051451996
632,27,1.0684931402854612
632,29,199.8927961237644
632,2,131.1995108590131
632,6,74.75050167885139
632,7,1.2206611471876188
632,8,199.7446124817526
633,10,203.30798765002777
633,12,211.19473859928635
633,14,1.5060144297098401
633,17,5.955920147811137
633,18,199.79435053976533
633,21,1.1898193751193833
633,22,80.29354926341779
633,23,199.39132713684546
633,24,124.06433027598554
633,27,1.026362958066425
633,29,1.375670758540316
633,2,126.82902116544501
633,6,1.3402568510973734
633,7,2.729346336707534
633,8,1.0543178846129166
634,10,327.88840924058775
634,12,179.20273472951993
634,14,1.51267003703488
634,17,6.036597879311215
634,18,200.15031396290684
634,21,4.44089993380445
634,22,184.11502879053964
634,23,6.044622842286882
634,24,199.92539171246455
634,27,1.1238479044054528
634,29,6.728254871294117
634,2,7.261608307085169
634,6,199.01168912119775
634,7,6.68065213762928
634,8,76.95043709197044
635,10,328.43640086802804
635,12,200.00958074785993
635,14,1.0500078507461779
635,17,5.9830021591589055
635,18,77.01413690005631
635,21,5.597653575866894
635,22,207.74768603746338
635,23,1.2095246934593749
635,24,200.23197731554376
635,27,1.0121093160711991
635,29,115.8485936053665
635,2,1.2741146418205047
635,6,198.1762892773542
635,7,6.21588052769372
635,8,122.60558374488821
636,10,210.56264957742968
636,12,211.12684185426554
636,14,1.4564859190912511
636,17,1.052850466949444
636,18,5.99354459432564
636,21,6.522602878368396
636,22,200.4345438334332
636,23,5.764037211310935
636,24,195.59350164942353
636,27,1.0379982373729688
636,29,126.70695004531119
636,2,5.788060227140868
636,6,221.33807186921572
636,7,1.2897352507035231
636,8,76.25276778936745
637,10,328.67754652353494
637,12,82.02041684987915
637,14,1.4570784868766218
637,17,6.03962423940969
637,18,1.011351331860907
637,21,1.5144642522671206
637,22,201.51158188026457
637,23,77.19033089126526
637,24,77.06416965374761
637,27,1.0108825880377428
637,29,96.74459669489943
637,2,5.805446378246604
637,6,202.39296425232644
637,7,2.503122276672727
637,8,76.98820197752717
638,10,277.414096397806
638,12,199.76086667397158
638,14,1.3455232148210283
638,17,496.05864953802586
638,18,2.188425516478029
638,21,1.1137247059715738
638,22,199.84085077149822
638,23,200.0066214088833
638,24,86.25808179691668
638,27,1.0367387681523148
638,29,77.63485764613175
638,2,199.91777422811356
638,6,199.91916569135805
638,7,6.980876807167503
638,8,8.256406671497565
639,10,328.39380445133077
639,12,178.7093787783335
639,14,1.0296663057453546
639,17,200.13228853969997
639,18,1.0556125739040036
639,21,2.581713843033297
639,22,201.4378341004394
639,23,5804.136154526088
639,24,199.92029873185828
639,27,1.0059367243328496
639,29,200.14742798935612
639,2,195.53686044917987
639,6,200.0570672381514
639,7,5.464719747430785
639,8,77.59951072821646
640,10,213.31193721417813
640,12,211.13019817729386
640,14,1.2477231031885145
640,17,201.73295498280856
640,18,2.3795515410503905
640,21,3.344041130979194
640,22,199.97464224229637
640,23,200.18903111732143
640,24,199.24979282271624
640,27,1.02441573514267
640,29,199.88498701602575
640,2,171.63510137699745
640,6,6.442269310551301
640,7,2.681003644923864
640,8,75.65104979027839
641,10,329.57204132328667
641,12,199.94608525836117
641,14,1.4122261243397798
641,17,200.42541946420835
641,18,1.0619087788006176
641,21,7.844481491504611
641,22,205.7911412664229
641,23,200.0274839976036
641,24,200.14007058086045
641,27,1.0097103656699484
641,29,77.8364207689634
641,2,199.45070853662006
641,6,3.439069470764254
641,7,1.4156243933369403
641,8,199.96105686041528
642,10,327.3903225625742
642,12,200.05899948865647
642,14,1.0177518489820223
642,17,499.08417828857796
642,18,5.85999567179684
642,21,2.875551279943712
642,22,198.3628444929618
642,23,1.3180082999284055
642,24,199.8633089690539
642,27,1.047570306218407
642,29,6.1102253230210195
642,2,77.05476828022587
642,6,1.5249228384367486
642,7,6.423815411081076
642,8,200.06209890339156
643,10,4799.865820210905
643,12,81.3075401941456
643,14,3.293828031079443
643,17,422.74090506249
643,18,1.071478567709456
643,21,1.2264213710907543
643,22,201.31903523984099
643,23,5.9808796925199275
643,24,200.0742385074085
643,27,1.0133827348405884
643,29,196.91707420496357
643,2,201.02566920782778
643,6,30.18032425202213
643,7,8.352357548271405
643,8,200.04770872622998
644,10,324.7781683110905
644,12,81.3340892285462
644,14,1.3486260208472882
644,17,4520.046726980558
644,18,5.795520336304697
644,21,2.614565333337118
644,22,199.28961786042882
644,23,1.6271896002233577
644,24,77.3067886698383
644,27,2.801639318520542
644,29,7.808113184891455
644,2,200.12418404915564
644,6,5.699384191849034
644,7,204.10421251068206
644,8,200.4403065198169
645,10,325.3766417546179
645,12,81.27533552275968
645,14,1.436775642623097
645,17,500.7780261694446
645,18,5.991051704377185
645,21,1.190145448308358
645,22,201.2046577336751
645,23,6.035016039704294
645,24,124.91328789751131
645,27,1.2271831622747391
645,29,125.49173381629764
645,2,1637.1995665390007
645,6,12.088024445687765
645,7,5.816072973990107
645,8,199.98153996942168
646,10,6.917999304696831
646,12,210.99200312987725
646,14,1.3724302222356852
646,17,4519.239800984751
646,18,5.8865984096341855
646,21,2.537337760208704
646,22,82.78102589731523
646,23,180.36786837874408
646,24,199.9235120468128
646,27,2.830212238674253
646,29,199.0681603035648
646,2,200.68761669803555
646,6,5.97902860356301
646,7,1.493482962572968
646,8,200.20520240539423
647,10,200.42172339739207
647,12,200.14573044022092
647,14,3.8735564014318706
647,17,496.36045211599867
647,18,1.044715633020621
647,21,1.2166833534256813
647,22,200.96664705698166
647,23,252.02667311067427
647,24,6.011351787117468
647,27,2.7880913712657494
647,29,201.76546376443795
647,2,199.96377667462545
647,6,71.20071169919477
647,7,2.40795925163091
647,8,199.4961863570516
648,10,5.941465274519321
648,12,9.389878776699442
648,14,1.4421692036374463
648,17,4520.202718152391
648,18,76.83135610561372
648,21,2.433046470106718
648,22,200.12002293125153
648,23,122.88278018796412
648,24,1.014557959789885
648,27,1.083663295759397
648,29,199.9988545874324
648,2,124.3543717771939
648,6,68.448669755917
648,7,1.0875539594009476
648,8,199.9819669531835
649,10,5.867879230864849
649,12,5.999318275996893
649,14,1.032855726682801
649,17,496.1937467150308
649,18,76.96247067663221
649,21,1.3442237056591935
649,22,201.32603604529658
649,23,6.072079386242546
649,24,1.0556761175604723
649,27,1.0154342594784256
649,29,6.190753518213343
649,2,199.68818717128894
649,6,89.15683171565848
649,7,1.1646449431345551
649,8,199.76018173252214
650,10,3.0465023613840096
650,12,1.2355540956404378
650,14,1.3890090626985272
650,17,496.14689112395064
650,18,199.9823943377233
650,21,2.663515550268463
650,22,200.26583673073753
650,23,199.90920921490203
650,24,199.8580419556392
650,27,1.0611965126282399
650,29,1.902999300119478
650,2,80.70971378613748
650,6,74.25804451419856
650,7,2.790084562752782
650,8,200.02563057337375
651,10,199.93567805688676
651,12,1.5727704585872582
651,14,1.0316053756568242
651,17,191.01374586457052
651,18,124.13436481515687
651,21,1.1916483494352283
651,22,207.38549773467432
651,23,123.40732205746622
651,24,199.88753664367806
651,27,1.0151524013448996
651,29,77.55007202488048
651,2,6.562800050488561
651,6,6.488029370230701
651,7,1.3104515972996886
651,8,199.80625229709705
652,10,6.242669800514328
652,12,1.0338799810195332
652,14,1.4257458116212465
652,17,191.03929928494324
652,18,5.603031786828941
652,21,1.1410801640490946
652,22,194.17268409980855
652,23,76.98088350277837
652,24,199.9241824211455
652,27,1.0343112031845785
652,29,199.15087660306688
652,2,5.520104572860418
652,6,1.5257021505267785
652,7,2.086753463838616
652,8,199.79763024138785
653,10,5.177600558971401
653,12,1.4116524392487542
653,14,1.3704825118367643
653,17,6.006660044900821
653,18,5.963801584972746
653,21,1.1998529713104749
653,22,76.18495590630415
653,23,42.71874014128804
653,24,77.11635908265163
653,27,1.0134001875009895
653,29,211.99890950808245
653,2,6.267978462525977
653,6,5.99708762086271
653,7,1.1972768902831865
653,8,6.220787723313372
654,10,1.1731558406604523
654,12,1.0315985218789243
654,14,6.787759685283142
654,17,1.0512910083257208
654,18,1.1012041144097098
654,21,6.176640070363276
654,22,75.46502536139245
654,23,6.328289639398338
654,24,200.00847749387242
654,27,1.0190372900345208
654,29,200.05327467615774
654,2,76.3926875672388
654,6,1.6598664027979917
654,7,2.4467692241030075
654,8,5.235665906570513
655,10,4.700020855376229
655,12,1.3337027377272885
655,14,1.278875683036629
655,17,235.90887410533185
655,18,5.948005639623679
655,21,3.2077373802260554
655,22,123.09290251673447
655,23,1.1022054390702491
655,24,199.77623503416442
655,27,1.1057744088615855
655,29,200.6475192385737
655,2,199.72363854801358
655,6,3.3588359644574277
655,7,1.192600452231533
655,8,5.967140673123842
656,10,1.2231448783768473
656,12,1.2364909642789959
656,14,1.0219830924804527
656,17,200.50797385768905
656,18,5.277263937160032
656,21,199.05785212795695
656,22,5.3066752762583675
656,23,1.2075600681781455
656,24,203.64161348794937
656,27,1.0658390054736342
656,29,76.59261354181623
656,2,8.491260612123552
656,6,5.865029413440005
656,7,2.303082827060837
656,8,6.0153973196680806
657,10,11.875806705779283
657,12,1.0417419824547187
657,14,1.0184829574492744
657,17,496.0595327492976
657,18,6.0354551232431195
657,21,184.7401808409543
657,22,1.1320386615794127
657,23,200.0442971806615
657,24,193.59843946142882
657,27,6.058605237793642
657,29,75.836911711971
657,2,8.458882819763135
657,6,4.8565891634388665
657,7,1.3207249547859874
657,8,6.0000272022548256
658,10,191.48926100407195
658,12,1.0203486142384424
658,14,1.2438381617232688
658,17,203.22400303947933
658,18,199.7018353520341
658,21,209.21705006840605
658,22,1.1804114634524239
658,23,6.287760603525657
658,24,2.217170480597802
658,27,2.5020752920955203
658,29,5.188250205761984
658,2,10.929921967217624
658,6,74.88814726637466
658,7,5.7450310127191635
658,8,6.335602024103332
659,10,7.953705783997528
659,12,1.0190131833032396
659,14,3.557726891306061
659,17,200.1298591844569
659,18,200.0343599649325
659,21,200.82317667582745
659,22,5.373387102166947
659,23,199.78681832449433
659,24,1.0157388641601914
659,27,6.092515455382837
659,29,5.857509333965865
659,2,76.67870099643156
659,6,6.149956126968064
659,7,6.7298051442593865
659,8,6.0761610741983905
660,10,200.14527607799704
660,12,1.0180848595413252
660,14,200.01472442001509
660,17,199.529188918703
660,18,200.69425497035414
660,21,200.61739286045182
660,22,77.21727473189667
660,23,199.998399035414
660,24,1.022329539776918
660,27,2.4367259483988364
660,29,5.761160439482924
660,2,6.482199384855242
660,6,73.79278499712495
660,7,5.828280069057703
660,8,6.080693337006723
661,10,1.0559838660649137
661,12,1.0550651922483218
661,14,1.513978823528706
661,17,235.43426512810223
661,18,199.95680604098672
661,21,7.030006773725921
661,22,79.05140648390373
661,23,216.9200959581609
661,24,6.095144045012217
661,27,6.226869498357196
661,29,6.346266233063814
661,2,1.4597861512636927
661,6,194.07353279630863
661,7,1.1759243790839937
661,8,199.9989713293244
662,10,1.55922369615376
662,12,1.022249529697563
662,14,1.4407894225654754
662,17,123.36537592005676
662,18,199.35089086745486
662,21,5.667374726937265
662,22,6.726648726187289
662,23,200.33506231363532
662,24,1.1973500664600418
662,27,521.2685995633132
662,29,5.276700382914152
662,2,5.283183292383726
662,6,124.70850207766601
662,7,6.395435756349794
662,8,10.373125330381589
663,10,1.7702496715114122
663,12,81.35544063012104
663,14,1.0154781135302557
663,17,6.0063899166799315
663,18,5.632085187460672
663,21,121.54342425087748
663,22,1.2041976389468774
663,23,6.340397630032849
663,24,76.86720566280145
663,27,521.2438926514509
663,29,2.3144446512551498
663,2,5.905456201565485
663,6,1.15969143200167
663,7,2.1283365093781277
663,8,6.0073802689646225
664,10,1.7157096295109302
664,12,126.23254548224948
664,14,107.16261661969288
664,17,1.017899287469383
664,18,6.312083754949255
664,21,200.68425281613642
664,22,2.906467709455497
664,23,124.56005362885352
664,24,6.009035656741336
664,27,521.2096355221302
664,29,107.41196197389878
664,2,199.83709136762292
664,6,1.2502775746892396
664,7,1.6792758884081471
664,8,1.0146851097096576
665,10,1.2532285837282697
665,12,80.63632275137665
665,14,199.68390221088197
665,17,1.0571064178016334
665,18,1.0566143895935582
665,21,77.55656901716023
665,22,1.0978618497107397
665,23,200.0675721842561
665,24,1.0133132532183073
665,27,521.2726495831515
665,29,1.254797981004916
665,2,7.182902181351971
665,6,1.2882761010822061
665,7,1.0367112080793794
665,8,1.0745864867056247
666,10,1.329743370608475
666,12,1.0116922517634275
666,14,104.14948036142039
666,17,1.0161356659930865
666,18,1.0116575604215046
666,21,5.584698367169006
666,22,6.260403555101799
666,23,76.8414453459239
666,24,1.0049817069901243
666,27,200.87902315624333
666,29,76.53910614067534
666,2,1.0953459748868235
666,6,195.37367314543778
666,7,1.1667118631458342
666,8,1.0466995199023426
667,10,1.0523562916800804
667,12,1.0478268397044412
667,14,123.06369444532434
667,17,1.0148341270000332
667,18,6.0042888328591495
667,21,1.0819048636658617
667,22,1.1605069067834173
667,23,5.98793131908597
667,24,73.9995564149347
667,27,199.99988741573813
667,29,200.6131762591137
667,2,5.602097818567553
667,6,77.7366456729499
667,7,1.1084295033035196
667,8,1.0126903430042071
668,10,1.7140858662769203
668,12,80.31708416555178
668,14,6.380069339273088
668,17,1.0049738229760685
668,18,200.0170922734903
668,21,1.1586348840661795
668,22,1.1104533796331653
668,23,123.5239557449901
668,24,1.032758013856599
668,27,6.1633062849687
668,29,200.97234430486543
668,2,20.89411964291764
668,6,195.12335328677136
668,7,1.294163644779315
668,8,1.0264280907254182
669,10,8.571513325077005
669,12,199.98721702631818
669,14,8.020299575829423
669,17,190.97118662031284
669,18,122.92889868487656
669,21,199.9710335486407
669,22,3.470421115854889
669,23,6.004299144123869
669,24,1.7837770746849106
669,27,1.015461408825037
669,29,77.33393782402369
669,2,5.77801812711489
669,6,193.3423547881262
669,7,1.1989187613639827
669,8,1.0181404546263944
670,10,200.2555774813809
670,12,218.22329635187614
670,14,1.1161281392245423
670,17,199.87843356301465
670,18,5.993073959300699
670,21,77.51196566763377
670,22,77.34565859671208
670,23,77.12398506912436
670,24,228.3241895347166
670,27,1.0093906576155793
670,29,77.68906855687658
670,2,77.12498741908438
670,6,8.961710632286076
670,7,1.088449375051512
670,8,6.462957015038782
671,10,130.2560563542803
671,12,83.95746710844773
671,14,1.3622712458187891
671,17,200.02437916735934
671,18,1.2031977472061348
671,21,2.77477418958243
671,22,5.815355119468511
671,23,199.0276462264418
671,24,87.96796944060291
671,27,1.0108841814659644
671,29,124.60010352875123
671,2,5.5750472438500305
671,6,1.4073882409662415
671,7,1.2990835342820033
671,8,1.5282402441672411
672,10,199.8258944998491
672,12,5.991889276485135
672,14,47.59655674028028
672,17,5.953741269318489
672,18,77.00780215181226
672,21,92.97807146897858
672,22,200.0201001434041
672,23,77.07548367500478
672,24,5.843104918693984
672,27,1.0362740522688
672,29,202.06823851898662
672,2,200.16438711229387
672,6,5.449254110859694
672,7,7.490318596316937
672,8,1.011968987214213
