Time,Scenario,Residual
1,10,2.466829176928087e-5
1,12,1.850122531177334e-5
1,14,2.466828999914128e-5
1,17,2.466829356873035e-5
1,18,2.4668299414720707e-5
1,21,2.4668194870791638e-5
1,22,2.4668253543858043e-5
1,23,2.4668433358243647e-5
1,24,2.4668297561092345e-5
1,27,2.46683036460027e-5
1,29,2.4668297387897553e-5
1,2,2.4668301097818812e-5
1,6,2.4668287210261042e-5
1,7,2.4668299857921738e-5
1,8,1.850122517677022e-5
2,10,2.4668298872043692e-5
2,12,2.4668300373065222e-5
2,14,2.4668224279267292e-5
2,17,2.4668319268172922e-5
2,18,2.4668301390029512e-5
2,21,2.4668259937854486e-5
2,22,2.466841920956142e-5
2,23,2.466832631675686e-5
2,24,2.4668258697957413e-5
2,27,2.4668300776298224e-5
2,29,2.466830026115474e-5
2,2,1.8501225365952223e-5
2,6,2.4668293538532282e-5
2,7,2.466830015457333e-5
2,8,2.4668298791219456e-5
3,10,2.4668299357877288e-5
3,12,2.4668301922936564e-5
3,14,2.4668291228380212e-5
3,17,1.850122001201271e-5
3,18,2.466830090153138e-5
3,21,2.4668136205718838e-5
3,22,1.8501253156166797e-5
3,23,2.4668679356132373e-5
3,24,2.4668412888395608e-5
3,27,2.4668301485064603e-5
3,29,2.46683018474414e-5
3,2,2.46683005880044e-5
3,6,2.4668301288777172e-5
3,7,2.4668300130592513e-5
3,8,2.4668299276164873e-5
4,10,2.4668300578234437e-5
4,12,2.4668299740682187e-5
4,14,2.4668329831278868e-5
4,17,2.466829583269714e-5
4,18,2.4668299506203084e-5
4,21,2.46683322293606e-5
4,22,2.466820583002516e-5
4,23,2.4668321518817038e-5
4,24,2.4668286949136586e-5
4,27,1.8501223014055768e-5
4,29,2.466829715341845e-5
4,2,2.4668301473518284e-5
4,6,2.466828522784681e-5
4,7,2.4668298236996122e-5
4,8,2.4668299490215873e-5
5,10,2.4668294536844826e-5
5,12,1.8501224508860048e-5
5,14,2.466821673774433e-5
5,17,2.4668316553899672e-5
5,18,2.4668298782337672e-5
5,21,2.4668222732060485e-5
5,22,2.466836247272397e-5
5,23,2.4668363044710873e-5
5,24,1.8501227624589944e-5
5,27,2.4668307835540304e-5
5,29,2.4668300124375264e-5
5,2,2.4668298398644595e-5
5,6,1.850123052626884e-5
5,7,2.46682984972324e-5
5,8,1.8501225185652004e-5
6,10,1.8501227889267113e-5
6,12,2.4668300129704335e-5
6,14,1.85012213664848e-5
6,17,2.4668299714925013e-5
6,18,2.4668297635699332e-5
6,21,1.850121377344749e-5
6,22,2.466830471803405e-5
6,23,2.4668345317557794e-5
6,24,2.4668319024812035e-5
6,27,1.850122658719755e-5
6,29,1.850122506485974e-5
6,2,2.4668305542263624e-5
6,6,2.4668299639429847e-5
6,7,2.466829907632473e-5
6,8,2.4668299760222112e-5
7,10,2.4668315873555002e-5
7,12,1.8501224443134845e-5
7,14,2.4668179706921478e-5
7,17,2.466829090952416e-5
7,18,2.4668301040975393e-5
7,21,2.4668371405134337e-5
7,22,2.4668280347306393e-5
7,23,2.466830938274711e-5
7,24,1.8501229384959572e-5
7,27,2.466830124525643e-5
7,29,2.46683002504966e-5
7,2,1.850122531621423e-5
7,6,1.8501229329004332e-5
7,7,2.46682999129888e-5
7,8,1.850122483926242e-5
8,10,1.8501229208212067e-5
8,12,2.46683012505855e-5
8,14,1.850118853230498e-5
8,17,2.466830320635438e-5
8,18,2.4668308334696576e-5
8,21,2.466820274360515e-5
8,22,2.4668279031025975e-5
8,23,1.85012264122264e-5
8,24,2.4668310739883736e-5
8,27,1.850122612623295e-5
8,29,2.4668299309027475e-5
8,2,2.4668302180508306e-5
8,6,2.4668288540752314e-5
8,7,2.466829758684952e-5
8,8,2.4668296921603883e-5
9,10,2.4668294685170622e-5
9,12,1.8501224082534407e-5
9,14,2.4668358534540857e-5
9,17,2.466829973268858e-5
9,18,2.4668303536756753e-5
9,21,2.466832606540237e-5
9,22,2.4668190754084662e-5
9,23,2.466826209435169e-5
9,24,1.8501227990519453e-5
9,27,2.466829894665068e-5
9,29,2.4668299555941076e-5
9,2,1.850122437296875e-5
9,6,2.4668269794858588e-5
9,7,2.4668300678598598e-5
9,8,1.850122438362689e-5
10,10,1.8501225657274745e-5
10,12,2.4668296802587975e-5
10,14,1.850123564750561e-5
10,17,2.4668276939365796e-5
10,18,2.466830052672009e-5
10,21,2.466831541880765e-5
10,22,1.8501221330069484e-5
10,23,2.4667549535450917e-5
10,24,2.4668290304674656e-5
10,27,1.850122607560678e-5
10,29,1.8501225372169472e-5
10,2,2.4668300743435623e-5
10,6,2.4668299798413784e-5
10,7,2.4668299203334243e-5
10,8,2.466829994052233e-5
11,10,2.466829672087556e-5
11,12,2.466830082958893e-5
11,14,2.466841973181033e-5
11,17,1.8501220237610028e-5
11,18,2.4668300471653026e-5
11,21,1.8501268733039922e-5
11,22,2.466807770851176e-5
11,23,2.466848364690577e-5
11,24,1.8501223284950186e-5
11,27,2.4668302595287628e-5
11,29,2.4668301648489432e-5
11,2,2.4668301854546826e-5
11,6,2.4668276574324466e-5
11,7,2.4668298723717896e-5
11,8,2.4668300760311013e-5
12,10,1.850122152902145e-5
12,12,2.4668298527430466e-5
12,14,2.466834166003906e-5
12,17,2.466827965719176e-5
12,18,2.4668299916541514e-5
12,21,2.466846305893e-5
12,22,1.8501220734101764e-5
12,23,2.466756314589702e-5
12,24,2.4668300168784185e-5
12,27,1.850122712099278e-5
12,29,2.4668299769103896e-5
12,2,2.466829854164132e-5
12,6,2.4668276474848483e-5
12,7,2.4668301034758144e-5
12,8,2.466830069458581e-5
13,10,2.4668313358233718e-5
13,12,1.850122558622047e-5
13,14,2.4668220165224852e-5
13,17,1.8501218113975426e-5
13,18,2.466829687897132e-5
13,21,1.8501262876391422e-5
13,22,2.4668220303780686e-5
13,23,2.466873032247463e-5
13,24,2.4668306667585682e-5
13,27,2.4668298639340946e-5
13,29,2.4668295554697295e-5
13,2,2.466830038017065e-5
13,6,2.466828274805266e-5
13,7,2.466829875480414e-5
13,8,2.4668301130681414e-5
14,10,2.4668306851438615e-5
14,12,1.850122488988859e-5
14,14,1.8501193561171192e-5
14,17,2.4668275039552157e-5
14,18,2.4668298500785113e-5
14,21,2.4668588441301154e-5
14,22,1.8501245485857964e-5
14,23,2.4668496735102963e-5
14,24,2.4668298022945123e-5
14,27,1.8501225740763516e-5
14,29,1.850122523272546e-5
14,2,2.4668304435593313e-5
14,6,2.4668322932797082e-5
14,7,1.8501225027556245e-5
14,8,1.8501227108558282e-5
15,10,2.4668308331143862e-5
15,12,2.4668299243302272e-5
15,14,2.4668340675049194e-5
15,17,1.850122448576741e-5
15,18,1.8501226010769756e-5
15,21,1.8501258888470318e-5
15,22,2.466819592061853e-5
15,23,2.466849846705088e-5
15,24,2.4668299529295723e-5
15,27,2.4668303119312895e-5
15,29,2.4668299032803986e-5
15,2,1.8501225484079953e-5
15,6,2.466831391245705e-5
15,7,2.4668294491547726e-5
15,8,2.46683002504966e-5
16,10,2.466829419134342e-5
16,12,2.466829943603699e-5
16,14,2.466824512037391e-5
16,17,2.4668287013085433e-5
16,18,2.466829918290614e-5
16,21,2.4668627602864035e-5
16,22,1.8501242045054767e-5
16,23,1.8501400790960076e-5
16,24,1.8501227378564522e-5
16,27,1.850122819391231e-5
16,29,1.850122455238079e-5
16,2,2.4668302916808216e-5
16,6,2.4668290816265426e-5
16,7,2.4668299055896625e-5
16,8,1.850122548052724e-5
17,10,2.4668307628594732e-5
17,12,2.4668300106611696e-5
17,14,2.4668332671673454e-5
17,17,2.4668301231045575e-5
17,18,1.850122546898092e-5
17,21,1.8501111889612787e-5
17,22,2.4668213965739483e-5
17,23,2.4668273310268773e-5
17,24,2.4668325307786176e-5
17,27,2.4668300033781065e-5
17,29,1.850122534552412e-5
17,2,1.8501226369593837e-5
17,6,2.466830715786017e-5
17,7,2.466830263880837e-5
17,8,2.4668301698227424e-5
18,10,2.4668301334074272e-5
18,12,1.8501224829492458e-5
18,14,1.8501227618372695e-5
18,17,1.850122041080482e-5
18,18,2.466829953107208e-5
18,21,2.4668592114807097e-5
18,22,2.4668090177648594e-5
18,23,1.850107045431315e-5
18,24,1.850123191537989e-5
18,27,2.4668303739261432e-5
18,29,2.4668296426000325e-5
18,2,2.4668297326613242e-5
18,6,2.466830651215446e-5
18,7,2.4668299658081594e-5
18,8,1.850122542368382e-5
19,10,2.466829749092625e-5
19,12,2.466829976732754e-5
19,14,2.4668265130145528e-5
19,17,2.466829500136214e-5
19,18,1.8501224730904653e-5
19,21,2.466836344527934e-5
19,22,2.466823977531618e-5
19,23,2.466826868641192e-5
19,24,2.4668307794684097e-5
19,27,2.466830088465599e-5
19,29,1.850122529400977e-5
19,2,1.8501226635159185e-5
19,6,1.8501224127831506e-5
19,7,2.46682983737756e-5
19,8,2.4668299939634153e-5
20,10,1.8501228034040196e-5
20,12,1.850122421487299e-5
20,14,2.4668234040348125e-5
20,17,1.850122781199559e-5
20,18,2.4668300145691546e-5
20,21,2.4668455813170453e-5
20,22,2.4668194507526664e-5
20,23,2.4668324908105888e-5
20,24,1.850122395730125e-5
20,27,2.466829756908595e-5
20,29,2.4668297056607003e-5
20,2,2.4668301662700287e-5
20,6,2.466831477931919e-5
20,7,2.4668301950470095e-5
20,8,1.8501225189204717e-5
21,10,2.466830297542799e-5
21,12,2.466829926106584e-5
21,14,1.8501125692793607e-5
21,17,2.4668276736861117e-5
21,18,2.4668301136898663e-5
21,21,2.4668206263456227e-5
21,22,2.4668267077920802e-5
21,23,2.4667775893938426e-5
21,24,2.4668309904996022e-5
21,27,2.466830033398537e-5
21,29,2.4668300680374955e-5
21,2,1.850122549118538e-5
21,6,1.850122710500557e-5
21,7,1.8501224224642954e-5
21,8,2.4668301056962605e-5
22,10,1.8501226816347582e-5
22,12,1.8501225815370503e-5
22,14,2.4668232073921104e-5
22,17,1.8501222627698155e-5
22,18,2.466830017144872e-5
22,21,2.4668868473298744e-5
22,22,2.4668312786246815e-5
22,23,2.4668180963693942e-5
22,24,1.8501221576983085e-5
22,27,1.8501226945133453e-5
22,29,2.466829996450315e-5
22,2,2.4668309019482138e-5
22,6,2.4668303192143526e-5
22,7,2.466829927882941e-5
22,8,2.4668299982266717e-5
23,10,2.4668303503005973e-5
23,12,2.466829953640115e-5
23,14,1.850118637403142e-5
23,17,2.4668296553898017e-5
23,18,2.4668302199160053e-5
23,21,1.8501238504775586e-5
23,22,2.4668276669359557e-5
23,23,2.466781495780168e-5
23,24,2.4668296129348732e-5
23,27,2.4668297493590785e-5
23,29,2.4668295645291494e-5
23,2,2.466830112624052e-5
23,6,1.8501230823808612e-5
23,7,1.8501224902323088e-5
23,8,2.46682998801262e-5
24,10,2.4668270734551356e-5
24,12,1.8501225304667912e-5
24,14,2.4668309842823533e-5
24,17,1.8501218163713418e-5
24,18,1.850122681279487e-5
24,21,2.466842385828727e-5
24,22,2.4668220007129094e-5
24,23,2.4668057056587145e-5
24,24,1.8501228412404203e-5
24,27,1.8501225662603815e-5
24,29,2.4668300872221494e-5
24,2,1.8501225769185226e-5
24,6,2.466830261660391e-5
24,7,2.4668297876395684e-5
24,8,2.4668299134944505e-5
25,10,2.4668288990170595e-5
25,12,2.466829563552153e-5
25,14,1.850121218893719e-5
25,17,2.4668286680906704e-5
25,18,2.466829670488835e-5
25,21,1.8501198814746544e-5
25,22,2.4668396755522792e-5
25,23,1.85013203282125e-5
25,24,2.4668288096663105e-5
25,27,2.4668299467123234e-5
25,29,1.8501224902323088e-5
25,2,2.4668302595287628e-5
25,6,2.4668296806140688e-5
25,7,1.850122490676398e-5
25,8,2.4668299667851556e-5
26,10,1.850123055469055e-5
26,12,2.466830108804885e-5
26,14,2.46681932178916e-5
26,17,2.4668295752761082e-5
26,18,1.8501224219313883e-5
26,21,2.4668448972420265e-5
26,22,2.4668227800006548e-5
26,23,2.4668070642164253e-5
26,24,1.8501222711186927e-5
26,27,1.850122659252662e-5
26,29,2.4668298134855604e-5
26,2,2.4668300270036525e-5
26,6,2.4668303064245833e-5
26,7,2.466829881164756e-5
26,8,2.4668299870356236e-5
27,10,2.4668326057408763e-5
27,12,2.4668298971519675e-5
27,14,1.850121907764901e-5
27,17,2.4668287291085278e-5
27,18,2.4668299108299152e-5
27,21,1.8501244002600004e-5
27,22,2.4668181432652148e-5
27,23,1.850112660761738e-5
27,24,2.466831287417648e-5
27,27,2.4668301804808834e-5
27,29,2.4668298404861844e-5
27,2,2.466830323477609e-5
27,6,2.466830422420685e-5
27,7,2.4668299943186867e-5
27,8,1.850122540147936e-5
28,10,1.8501225229172746e-5
28,12,2.466830048586388e-5
28,14,2.4668264137162055e-5
28,17,1.8501221572542192e-5
28,18,1.8501225838463142e-5
28,21,2.466853819704795e-5
28,22,2.4668091514357116e-5
28,23,2.466834396486206e-5
28,24,2.4668297539776063e-5
28,27,1.8501225312661518e-5
28,29,2.4668299586139142e-5
28,2,2.4668302174291057e-5
28,6,2.4668301787933444e-5
28,7,2.4668300451224923e-5
28,8,2.4668300619978822e-5
29,10,2.466831935876712e-5
29,12,2.4668299746899436e-5
29,14,1.8501182482921763e-5
29,17,2.4668293757912352e-5
29,18,2.4668299612784494e-5
29,21,1.850134355674271e-5
29,22,1.850122314817071e-5
29,23,2.4668239443137452e-5
29,24,2.4668277187167575e-5
29,27,2.4668302721408963e-5
29,29,1.850122514301944e-5
29,2,2.466830592062763e-5
29,6,2.4668307895936437e-5
29,7,2.4668299048791198e-5
29,8,1.8501225700795487e-5
30,10,2.466830115022134e-5
30,12,2.466829904168577e-5
30,14,2.4668096505919834e-5
30,17,1.8501224348099754e-5
30,18,2.4668298459928906e-5
30,21,2.466846977533521e-5
30,22,2.466829005420834e-5
30,23,2.4668223653101506e-5
30,24,2.4668313152176324e-5
30,27,2.46683000817427e-5
30,29,2.4668294958729575e-5
30,2,2.4668302126329422e-5
30,6,2.466829561953432e-5
30,7,2.466829878411403e-5
30,8,2.466830182434876e-5
31,10,2.4668292242679968e-5
31,12,2.4668298015839696e-5
31,14,2.4668335816713238e-5
31,17,2.4668298447494408e-5
31,18,2.4668290708795837e-5
31,21,2.4668197289301474e-5
31,22,1.8501265881099016e-5
31,23,1.8501185645725116e-5
31,24,1.8501226889178213e-5
31,27,2.466830346570248e-5
31,29,1.8501223649991516e-5
31,2,1.85012250870642e-5
31,6,2.466829193803477e-5
31,7,2.4668298353347495e-5
31,8,1.850122498581186e-5
32,10,2.466833374192845e-5
32,12,1.85012251199268e-5
32,14,1.850119536594974e-5
32,17,1.8501223773448316e-5
32,18,2.4668305025343784e-5
32,21,2.466859808691879e-5
32,22,2.4668125249149853e-5
32,23,1.8501179369856402e-5
32,24,2.4668287066376138e-5
32,27,1.8501227087242e-5
32,29,2.4668297898600144e-5
32,2,2.4668301668029358e-5
32,6,2.4668294346774644e-5
32,7,2.4668300260266562e-5
32,8,2.466829979574925e-5
33,10,2.4668292610385834e-5
33,12,2.46683041726925e-5
33,14,2.4668297870178435e-5
33,17,2.4668284497764148e-5
33,18,2.46683018474414e-5
33,21,2.46686182823197e-5
33,22,2.4668306426001152e-5
33,23,2.4668420545381764e-5
33,24,1.8501222688982466e-5
33,27,2.4668300904195917e-5
33,29,2.4668298846286518e-5
33,2,2.4668301522368097e-5
33,6,2.4668283993278806e-5
33,7,2.46682988223057e-5
33,8,1.850122681279487e-5
34,10,1.850122832891543e-5
34,12,2.4668299636765312e-5
34,14,1.850120488633422e-5
34,17,1.850122318636238e-5
34,18,2.4668298925334398e-5
34,21,1.8501154904093653e-5
34,22,2.466833952574632e-5
34,23,2.4668933697569173e-5
34,24,2.4668301303876206e-5
34,27,1.8501227454059688e-5
34,29,2.466830019898225e-5
34,2,2.4668307565534064e-5
34,6,1.8501225545364264e-5
34,7,1.8501225338418692e-5
34,8,2.4668299358765466e-5
35,10,1.8501231349610237e-5
35,12,2.4668300259378384e-5
35,14,2.4668229150037746e-5
35,17,2.4668288283180573e-5
35,18,1.850122525048903e-5
35,21,2.466812404833263e-5
35,22,1.8501269411608234e-5
35,23,1.8501281674687675e-5
35,24,1.850123051028163e-5
35,27,2.4668299731800403e-5
35,29,2.466829949110405e-5
35,2,2.4668299680286054e-5
35,6,2.4668301749741772e-5
35,7,2.466829918290614e-5
35,8,2.4668300859786996e-5
36,10,2.4668301291441708e-5
36,12,1.8501225150124867e-5
36,14,2.4668074551925656e-5
36,17,1.850122003954624e-5
36,18,2.4668300412145072e-5
36,21,1.8501216851873892e-5
36,22,2.4668254201998252e-5
36,23,1.850122517588204e-5
36,24,2.46683027569361e-5
36,27,1.8501225984124403e-5
36,29,2.4668299038133057e-5
36,2,2.466830262726205e-5
36,6,2.466830089709049e-5
36,7,1.8501225181211112e-5
36,8,2.466829584335528e-5
37,10,1.8501230743872554e-5
37,12,2.4668300445895852e-5
37,14,2.4668277660566673e-5
37,17,2.4668303463926122e-5
37,18,2.466830031266909e-5
37,21,1.850117200774548e-5
37,22,1.8501267606829686e-5
37,23,2.466836502357239e-5
37,24,2.4668296083163455e-5
37,27,2.4668298831187485e-5
37,29,1.8501225008904498e-5
37,2,1.850122550806077e-5
37,6,2.4668306953579133e-5
37,7,2.46682968221279e-5
37,8,1.8501224881894984e-5
38,10,2.4668302879504722e-5
38,12,2.466829960390271e-5
38,14,1.850120916468967e-5
38,17,2.4668307127662104e-5
38,18,1.8501225403255717e-5
38,21,2.4668185895748707e-5
38,22,2.4668412422101937e-5
38,23,2.4668236159541834e-5
38,24,1.8501227350142813e-5
38,27,1.850122640245644e-5
38,29,2.4668295893093273e-5
38,2,2.4668297639252046e-5
38,6,2.4668313125530972e-5
38,7,1.8501225111045017e-5
38,8,2.466830199310266e-5
39,10,2.466829788971836e-5
39,12,1.85012249058758e-5
39,14,2.4668192676102763e-5
39,17,2.46682917186547e-5
39,18,2.466829890224176e-5
39,21,1.850130506841907e-5
39,22,2.466831840308714e-5
39,23,2.466814645085691e-5
39,24,2.466828977887303e-5
39,27,2.4668301652042146e-5
39,29,2.466829879566035e-5
39,2,1.850122427704548e-5
39,6,2.466830774139339e-5
39,7,2.4668303348462928e-5
39,8,1.850122490143491e-5
40,10,1.8501225639511176e-5
40,12,2.4668300207864036e-5
40,14,2.4668317866627376e-5
40,17,2.466829119107672e-5
40,18,1.850122532864873e-5
40,21,2.466878121509808e-5
40,22,2.4668141660910692e-5
40,23,2.4668199929855916e-5
40,24,2.466831617198295e-5
40,27,1.85012260089934e-5
40,29,2.4668297978536202e-5
40,2,2.4668302980757062e-5
40,6,2.4668298628682805e-5
40,7,2.4668299049679376e-5
40,8,2.4668301360719624e-5
41,10,2.466831674041714e-5
41,12,2.466830101521822e-5
41,14,2.4668329388966015e-5
41,17,1.8501228639777878e-5
41,18,2.4668300136809762e-5
41,21,1.8501192502462516e-5
41,22,1.850121982105435e-5
41,23,2.466835965719838e-5
41,24,2.4668298398644595e-5
41,27,2.4668302923913643e-5
41,29,1.8501224767319968e-5
41,2,1.850122605340232e-5
41,6,2.4668312120113e-5
41,7,2.4668299678509698e-5
41,8,1.8501225381051256e-5
42,10,2.466832801406582e-5
42,12,1.8501224690048446e-5
42,14,2.466824284397262e-5
42,17,2.466828671110477e-5
42,18,2.466829992986419e-5
42,21,2.466853416738246e-5
42,22,2.4668298205909878e-5
42,23,1.850128755620517e-5
42,24,2.466829708680507e-5
42,27,2.4668299512420333e-5
42,29,2.466830086866878e-5
42,2,2.466830227376704e-5
42,6,2.4668303648667234e-5
42,7,2.466829820413352e-5
42,8,2.466829984015817e-5
43,10,2.466831037217787e-5
43,12,2.4668299372088143e-5
43,14,1.8501190075070895e-5
43,17,1.8501221347833052e-5
43,18,2.4668300628860607e-5
43,21,2.46686615463787e-5
43,22,1.850119536150885e-5
43,23,2.4668472409672404e-5
43,24,2.466829978331475e-5
43,27,2.4668302073926895e-5
43,29,2.46683045226348e-5
43,2,1.850122459678971e-5
43,6,1.8501224999134536e-5
43,7,2.4668298630459162e-5
43,8,1.8501224753109113e-5
44,10,1.8501225464540028e-5
44,12,2.4668357691659537e-5
44,14,2.4668395484539474e-5
44,17,2.466828813219024e-5
44,18,2.466829982328278e-5
44,21,2.4668421914952887e-5
44,22,2.4668293013618836e-5
44,23,2.4668349772660747e-5
44,24,1.8501231590306588e-5
44,27,2.466829993608144e-5
44,29,2.4668302135211206e-5
44,2,2.4668301069397103e-5
44,6,2.4668272814665215e-5
44,7,2.4668299416497064e-5
44,8,2.4668296415342184e-5
45,10,2.4668294155816284e-5
45,12,2.4668245753645124e-5
45,14,1.8501218086441895e-5
45,17,1.8501225437894675e-5
45,18,2.4668300108388053e-5
45,21,1.8501282007754583e-5
45,22,1.850126689095788e-5
45,23,1.8501278781890562e-5
45,24,2.4668298145513745e-5
45,27,2.4668304697605947e-5
45,29,2.466829728930975e-5
45,2,1.850122563684664e-5
45,6,2.4668304458685952e-5
45,7,2.4668299625218992e-5
45,8,2.4668301915831137e-5
46,10,1.850122205127036e-5
46,12,2.466830476333115e-5
46,14,2.4668250803827618e-5
46,17,2.4668284813955665e-5
46,18,2.4668299487551337e-5
46,21,2.4668464494226328e-5
46,22,2.466828149572109e-5
46,23,2.466899042552484e-5
46,24,1.850123162938644e-5
46,27,2.4668300619978822e-5
46,29,2.466830130209985e-5
46,2,2.4668305901087706e-5
46,6,2.4668305911745847e-5
46,7,2.4668299776209324e-5
46,8,2.4668300849128855e-5
47,10,2.4668316630283016e-5
47,12,2.4668324292598243e-5
47,14,1.850120574697911e-5
47,17,1.8501220441891064e-5
47,18,2.4668300359742545e-5
47,21,1.850124005287057e-5
47,22,1.8501233046919197e-5
47,23,2.466827556624196e-5
47,24,2.4668305558250836e-5
47,27,1.8501227769363027e-5
47,29,2.466830385916552e-5
47,2,2.4668300973473833e-5
47,6,1.8501219344102537e-5
47,7,2.466830315661639e-5
47,8,2.4668304132724472e-5
48,10,1.8501227572187418e-5
48,12,1.8501217092570243e-5
48,14,2.4668361986002196e-5
48,17,2.4668296829233327e-5
48,18,2.4668299754004863e-5
48,21,2.4668237346148203e-5
48,22,2.4668256441984227e-5
48,23,2.4668235047542453e-5
48,24,1.8501233558509966e-5
48,27,2.4668298674868083e-5
48,29,1.8501225278910738e-5
48,2,2.466830178438073e-5
48,6,2.4668303153063675e-5
48,7,2.466829927882941e-5
48,8,2.466830220626548e-5
49,10,2.466830506619999e-5
49,12,2.4668335358413174e-5
49,14,2.4668203941757838e-5
49,17,2.4668300029340173e-5
49,18,2.4668299316132902e-5
49,21,1.8501269525295072e-5
49,22,2.4668646216419177e-5
49,23,2.4668130620852935e-5
49,24,2.466830493297323e-5
49,27,2.4668300583563507e-5
49,29,1.8501223987499316e-5
49,2,2.4668303366226496e-5
49,6,2.466830506087092e-5
49,7,2.4668300353525296e-5
49,8,2.4668299202446065e-5
50,10,1.850123229107936e-5
50,12,2.466829654057534e-5
50,14,2.4668307510467002e-5
50,17,2.4668300095953555e-5
50,18,1.850122556934508e-5
50,21,2.4668312454068086e-5
50,22,2.4668309199782357e-5
50,23,2.4668316592979522e-5
50,24,1.8501233192580457e-5
50,27,2.466830304292955e-5
50,29,2.4668300083519057e-5
50,2,2.4668306869202183e-5
50,6,2.4668322344822968e-5
50,7,2.4668296612517793e-5
50,8,2.4668297852414867e-5
51,10,2.4668308553188467e-5
51,12,2.4668340690148227e-5
51,14,2.4668286282114593e-5
51,17,2.4668302367913952e-5
51,18,2.4668297003316297e-5
51,21,2.4668292554430593e-5
51,22,1.8501207615706505e-5
51,23,1.8501293484796122e-5
51,24,2.4668303625574595e-5
51,27,2.4668301437991147e-5
51,29,2.4668298646446374e-5
51,2,2.4668304683395093e-5
51,6,2.46683326574626e-5
51,7,2.4668299951180472e-5
51,8,2.4668299245966807e-5
52,10,2.4668436316765963e-5
52,12,2.4668312009090698e-5
52,14,2.4668199655408785e-5
52,17,2.466829862601827e-5
52,18,1.8501224865907773e-5
52,21,2.4668230484081732e-5
52,22,2.4668417717421676e-5
52,23,2.4668237433189688e-5
52,24,2.4668307121444855e-5
52,27,2.4668301479735533e-5
52,29,2.4668300016017497e-5
52,2,2.4668303097996613e-5
52,6,2.466829863223552e-5
52,7,2.4668299320573794e-5
52,8,2.4668303186814455e-5
53,10,2.466830574654466e-5
53,12,2.4668350781631432e-5
53,14,2.466835461589767e-5
53,17,2.466829473046772e-5
53,18,2.466830048142299e-5
53,21,1.8501293993722356e-5
53,22,2.4668300303787305e-5
53,23,2.4668370534719486e-5
53,24,2.4668269335670345e-5
53,27,2.466831108094425e-5
53,29,2.466830227909611e-5
53,2,2.4668305125707946e-5
53,6,2.4668277490924595e-5
53,7,2.466830080649629e-5
53,8,2.4668303573172068e-5
54,10,1.850123331514908e-5
54,12,1.8501226630718293e-5
54,14,1.8501183127739296e-5
54,17,2.466828566660695e-5
54,18,2.466830130209985e-5
54,21,2.466867444539389e-5
54,22,2.466845442139487e-5
54,23,2.4668262057048196e-5
54,24,2.466826956926127e-5
54,27,2.466829397196335e-5
54,29,2.4668294504870403e-5
54,2,2.4668302033958867e-5
54,6,2.466830037928247e-5
54,7,2.4668298067354044e-5
54,8,2.46682984190727e-5
55,10,2.4668330445010156e-5
55,12,2.466826380320697e-5
55,14,2.4668177239561828e-5
55,17,2.4668288134854777e-5
55,18,1.8501225810041433e-5
55,21,2.466807846079888e-5
55,22,2.4668299994701215e-5
55,23,1.850123420865657e-5
55,24,2.4668292841312223e-5
55,27,2.4668244061665234e-5
55,29,2.4668299833052743e-5
55,2,2.466830345326798e-5
55,6,2.4668328586940902e-5
55,7,2.466829973801765e-5
55,8,1.8501224500866442e-5
56,10,1.8501228831624417e-5
56,12,2.4668300412145072e-5
56,14,1.850119565283137e-5
56,17,2.466828198954829e-5
56,18,2.4668297342600454e-5
56,21,2.4668334850375118e-5
56,22,2.466814607871015e-5
56,23,2.466832128078522e-5
56,24,1.8501222019295938e-5
56,27,2.4668303852899698e-5
56,29,2.4668299662522486e-5
56,2,2.466830236969031e-5
56,6,2.4668305076858132e-5
56,7,2.466829941205617e-5
56,8,2.46683005755699e-5
57,10,2.46683110294299e-5
57,12,2.4668299415608885e-5
57,14,2.4668199166910654e-5
57,17,1.8501222262656825e-5
57,18,2.4668300045327385e-5
57,21,2.4668415737671978e-5
57,22,2.4668283532314206e-5
57,23,2.466824517721733e-5
57,24,2.466830817482446e-5
57,27,1.8501225568456903e-5
57,29,1.8501225110156838e-5
57,2,1.8501226056066855e-5
57,6,2.4668299298369334e-5
57,7,2.466829935166004e-5
57,8,2.466829806380133e-5
58,10,1.8501232020184943e-5
58,12,2.466829793412728e-5
58,14,1.8501211274113416e-5
58,17,2.4668281094264444e-5
58,18,2.4668300966368406e-5
58,21,1.850123341018417e-5
58,22,2.4668267183614034e-5
58,23,2.466833856917816e-5
58,24,2.4668300732777482e-5
58,27,2.46682921337376e-5
58,29,2.4668299282382122e-5
58,2,2.4668300230956675e-5
58,6,2.466830493297323e-5
58,7,2.4668299838381813e-5
58,8,2.466829957015193e-5
59,10,2.4668313685083376e-5
59,12,2.466830244785001e-5
59,14,2.4668300584451686e-5
59,17,1.850122782354191e-5
59,18,1.8501224626987778e-5
59,21,2.4668707226283004e-5
59,22,1.8501227743605853e-5
59,23,2.4668409585260065e-5
59,24,2.4668279351658384e-5
59,27,1.8501223837397163e-5
59,29,1.8501225700795487e-5
59,2,1.8501225111045017e-5
59,6,2.4668304410724318e-5
59,7,2.466829869973708e-5
59,8,2.466830288572197e-5
60,10,2.4668366607194514e-5
60,12,2.46683016333904e-5
60,14,1.8501181049401794e-5
60,17,2.4668295914409555e-5
60,18,2.4668298281405043e-5
60,21,1.850123201574405e-5
60,22,2.4668196292765288e-5
60,23,1.8501090689682087e-5
60,24,1.850123315172425e-5
60,27,2.46682301643375e-5
60,29,2.466829922731506e-5
60,2,2.4668302321728675e-5
60,6,2.4668297871954792e-5
60,7,2.4668299956509543e-5
60,8,2.4668300687480382e-5
61,10,2.4668301016106398e-5
61,12,2.4668300889985062e-5
61,14,2.4668156551221898e-5
61,17,2.4668301049857178e-5
61,18,2.4668300658170494e-5
61,21,2.4668414990713927e-5
61,22,1.850127812641489e-5
61,23,2.4669662849419183e-5
61,24,2.466829880631849e-5
61,27,1.8501233576273535e-5
61,29,2.4668294797081103e-5
61,2,1.8501226556111305e-5
61,6,2.4668290576457252e-5
61,7,2.4668299647423453e-5
61,8,2.4668301721320063e-5
62,10,2.466830246561358e-5
62,12,2.466830203129433e-5
62,14,2.4668242352809955e-5
62,17,1.850122177682323e-5
62,18,2.4668299758445755e-5
62,21,1.8501062898579335e-5
62,22,2.4668115141679436e-5
62,23,2.4667711743475706e-5
62,24,1.850122531799059e-5
62,27,2.4668342602396365e-5
62,29,2.4668299349883682e-5
62,2,2.4668304220654136e-5
62,6,2.4668299993813037e-5
62,7,2.466830072744841e-5
62,8,2.4668298239660658e-5
63,10,2.4668288384432913e-5
63,12,2.4668303289843152e-5
63,14,2.466834465586487e-5
63,17,2.4668299309027475e-5
63,18,2.4668299956509543e-5
63,21,2.466853099214461e-5
63,22,1.8501237869728016e-5
63,23,2.4668307924358146e-5
63,24,2.4668297234242686e-5
63,27,1.850122590774106e-5
63,29,2.4668300083519057e-5
63,2,2.4668300040886493e-5
63,6,2.4668296672913925e-5
63,7,2.466818006530147e-5
63,8,1.850122650814967e-5
64,10,2.4668306967789988e-5
64,12,1.8501226308309526e-5
64,14,2.466847529003502e-5
64,17,2.4668322931908904e-5
64,18,1.8501225414802036e-5
64,21,2.4668522737414378e-5
64,22,2.4668086062717975e-5
64,23,2.4668170025776703e-5
64,24,2.466827270453109e-5
64,27,2.4668302145869347e-5
64,29,2.466829902481038e-5
64,2,2.4668301117358737e-5
64,6,2.4668292391893942e-5
64,7,2.4668298130414712e-5
64,8,2.4668301293218065e-5
65,10,2.4668303778341283e-5
65,12,2.4668296781271692e-5
65,14,2.466836117953619e-5
65,17,2.4668290203422316e-5
65,18,2.466829788971836e-5
65,21,2.466852924953855e-5
65,22,1.850123599567155e-5
65,23,2.466833411229885e-5
65,24,2.4668297453622756e-5
65,27,2.466830094771666e-5
65,29,2.4668297583296805e-5
65,2,2.4668301106700596e-5
65,6,2.4668291525919983e-5
65,7,2.466830213343485e-5
65,8,1.850122465363313e-5
66,10,1.8501226987766017e-5
66,12,1.850122413138422e-5
66,14,1.850118663782041e-5
66,17,2.4668289890783512e-5
66,18,1.850122466517945e-5
66,21,2.4668289272611332e-5
66,22,2.466830972558398e-5
66,23,2.466826456704041e-5
66,24,2.4668294164698068e-5
66,27,2.466830561154154e-5
66,29,2.466830011549348e-5
66,2,2.46683002504966e-5
66,6,2.466829313974017e-5
66,7,2.4668297078811463e-5
66,8,1.8501224624323243e-5
67,10,2.466830099301376e-5
67,12,2.4668298927110754e-5
67,14,2.4668266357608104e-5
67,17,1.8501221985545158e-5
67,18,2.466829898573053e-5
67,21,2.4668541450445503e-5
67,22,2.466837498893426e-5
67,23,2.4668529819749097e-5
67,24,2.466830652814167e-5
67,27,2.4668302344821313e-5
67,29,2.466830032421541e-5
67,2,2.4668303989727747e-5
67,6,2.4668303275632297e-5
67,7,2.4668300220298534e-5
67,8,2.4668299234420488e-5
68,10,1.8501223795652777e-5
68,12,1.8501225798495113e-5
68,14,1.8501196432652023e-5
68,17,2.4668294114960077e-5
68,18,2.4668299442254238e-5
68,21,2.4668408370231987e-5
68,22,2.4668302575747703e-5
68,23,2.4668274061667717e-5
68,24,1.8501224102074332e-5
68,27,2.466830182878965e-5
68,29,2.4668300265595633e-5
68,2,2.4668300619978822e-5
68,6,2.4668298236107944e-5
68,7,2.4668300023122924e-5
68,8,1.8501224678502126e-5
69,10,2.4668301539243487e-5
69,12,2.4668299565711038e-5
69,14,2.4668464955190927e-5
69,17,1.850122331692461e-5
69,18,2.466830036773615e-5
69,21,2.466919137944501e-5
69,22,2.4668323340470977e-5
69,23,2.4668384270398747e-5
69,24,2.466858302518915e-5
69,27,2.4668302664565545e-5
69,29,2.4668301004560078e-5
69,2,1.8501225532929766e-5
69,6,2.4668304738462155e-5
69,7,2.4668300779850938e-5
69,8,2.4668298657104515e-5
70,10,2.4668313939102404e-5
70,12,2.4668299785979286e-5
70,14,2.466823837021792e-5
70,17,2.466828036062907e-5
70,18,2.4668299173136177e-5
70,21,2.4668391448656735e-5
70,22,2.4668344676292975e-5
70,23,2.466842515680412e-5
70,24,1.8501163855155767e-5
70,27,2.466829971581319e-5
70,29,2.4668299239749558e-5
70,2,2.4668300207864036e-5
70,6,2.4668307154307456e-5
70,7,2.4668299853480846e-5
70,8,1.8501225071965166e-5
71,10,2.466829905234391e-5
71,12,2.4668299943186867e-5
71,14,2.466758149655135e-5
71,17,1.8501222964317776e-5
71,18,2.4668299877461664e-5
71,21,1.850125826408089e-5
71,22,2.4668271225714022e-5
71,23,2.466831027714278e-5
71,24,2.4668834907703996e-5
71,27,2.4668300994790116e-5
71,29,2.4668300383723363e-5
71,2,1.8501224213984813e-5
71,6,2.4668309987596615e-5
71,7,2.4668301218611077e-5
71,8,2.4668302168961986e-5
72,10,2.4668284307693966e-5
72,12,1.850122600188797e-5
72,14,2.4668166732411123e-5
72,17,2.4668277097461555e-5
72,18,2.4668298033603264e-5
72,21,2.466857318417226e-5
72,22,2.46682716094071e-5
72,23,2.4668118335569034e-5
72,24,2.4668300349972583e-5
72,27,2.4668303890251764e-5
72,29,2.4668300113717123e-5
72,2,2.466830297009892e-5
72,6,2.4668303534980396e-5
72,7,2.4668299285046658e-5
72,8,2.4668300078189986e-5
73,10,1.850122913360508e-5
73,12,2.466830548364385e-5
73,14,1.8501177104113253e-5
73,17,2.4668292860852148e-5
73,18,2.466829980640739e-5
73,21,1.850131847991321e-5
73,22,2.466832597480817e-5
73,23,2.466833709657834e-5
73,24,2.466830370195794e-5
73,27,1.850122726754222e-5
73,29,2.4668301556118877e-5
73,2,2.466830184655322e-5
73,6,2.4668299844599062e-5
73,7,2.466829970426687e-5
73,8,1.8501225138578548e-5
74,10,2.466830032954448e-5
74,12,2.4668300696362166e-5
74,14,2.466832927972007e-5
74,17,2.466829404035309e-5
74,18,2.466830023895028e-5
74,21,2.466844586201944e-5
74,22,2.466826833824598e-5
74,23,2.4668293796992202e-5
74,24,2.4668306658703898e-5
74,27,2.466830312819468e-5
74,29,2.4668300461883064e-5
74,2,2.4668298527430466e-5
74,6,2.4668304497765803e-5
74,7,2.466829987923802e-5
74,8,2.4668305962372017e-5
75,10,2.4668305760755516e-5
75,12,2.4668300293129164e-5
75,14,1.8501229500422767e-5
75,17,2.466828502534213e-5
75,18,2.466829971670137e-5
75,21,2.466842862958174e-5
75,22,2.466832037750777e-5
75,23,2.4668396427784955e-5
75,24,2.466828804870147e-5
75,27,1.85012259512618e-5
75,29,2.466830243719187e-5
75,2,2.4668302135211206e-5
75,6,2.4668285139917145e-5
75,7,2.4668300263819276e-5
75,8,2.4668299831276386e-5
76,10,1.8501229472889236e-5
76,12,2.4668300179442326e-5
76,14,2.4668272027739135e-5
76,17,2.4668296803476153e-5
76,18,2.4668298849839232e-5
76,21,2.4668512176972968e-5
76,22,2.4668258307158908e-5
76,23,2.466828812686117e-5
76,24,2.4668307043285154e-5
76,27,2.4668301557895234e-5
76,29,2.4668302025077082e-5
76,2,2.466830145309018e-5
76,6,2.4668295628416104e-5
76,7,2.4668300336649907e-5
76,8,2.466830112091145e-5
77,10,2.466830651126628e-5
77,12,2.466830084557614e-5
77,14,2.4668246725312315e-5
77,17,2.46682877058646e-5
77,18,2.4668300658170494e-5
77,21,2.466837909764763e-5
77,22,2.466818209434507e-5
77,23,2.466833680969671e-5
77,24,2.4668297830210406e-5
77,27,2.4668301660035752e-5
77,29,2.466830204284065e-5
77,2,2.4668301426444827e-5
77,6,2.4668307384345667e-5
77,7,2.4668299718477726e-5
77,8,2.4668299966279505e-5
78,10,2.466830156588884e-5
78,12,2.4668299495544943e-5
78,14,2.4668275388606276e-5
78,17,2.4668304829056353e-5
78,18,2.466830038461154e-5
78,21,2.4668436839903052e-5
78,22,2.4668234253510946e-5
78,23,2.4668447681008843e-5
78,24,2.4668314101639055e-5
78,27,2.4668305402819612e-5
78,29,2.4668300476982097e-5
78,2,2.466830065017689e-5
78,6,2.4668300254937492e-5
78,7,2.4668300619978822e-5
78,8,2.466830005420917e-5
79,10,2.4668299269947624e-5
79,12,2.4668298818752987e-5
79,14,2.4668247792902775e-5
79,17,2.466831021585847e-5
79,18,2.4668300001806642e-5
79,21,2.466835067060913e-5
79,22,1.8501204248622116e-5
79,23,2.466837812065137e-5
79,24,2.46682959330613e-5
79,27,2.466830230751782e-5
79,29,2.4668299223762347e-5
79,2,2.4668301819907867e-5
79,6,2.4668326071619617e-5
79,7,2.4668299898777946e-5
79,8,2.4668300010688426e-5
80,10,2.4668300156349687e-5
80,12,2.4668299264618554e-5
80,14,2.466827686475881e-5
80,17,1.8501218833399946e-5
80,18,2.4668299717589548e-5
80,21,2.466855965632675e-5
80,22,2.4668410761208293e-5
80,23,2.4668333502120277e-5
80,24,2.4668295631968817e-5
80,27,1.8501225179434755e-5
80,29,2.4668299561270146e-5
80,2,2.4668301967345485e-5
80,6,2.466829722713726e-5
80,7,2.4668300032892887e-5
80,8,2.466830006397913e-5
81,10,2.4668310972586482e-5
81,12,2.4668299928976012e-5
81,14,2.4668257960769324e-5
81,17,2.466830208902593e-5
81,18,2.4668299443142416e-5
81,21,2.4668437881736338e-5
81,22,2.4668128874694162e-5
81,23,2.4668325487198217e-5
81,24,2.4668296903840314e-5
81,27,2.4668300888208705e-5
81,29,2.4668301203512044e-5
81,2,2.466829988989616e-5
81,6,2.4668299550612005e-5
81,7,2.4668299663410664e-5
81,8,2.4668299476005018e-5
82,10,1.850122856605907e-5
82,12,2.4668301096930634e-5
82,14,2.466831988190421e-5
82,17,2.4668298313379466e-5
82,18,2.4668301579211516e-5
82,21,2.4668262675220376e-5
82,22,2.466828349678707e-5
82,23,1.8501213119748172e-5
82,24,2.4668305895758635e-5
82,27,1.8501227163625344e-5
82,29,2.4668299245966807e-5
82,2,2.4668300853569747e-5
82,6,2.4668315539599917e-5
82,7,2.4668299236196845e-5
82,8,2.4668301096042455e-5
83,10,2.4668294072327512e-5
83,12,2.466829922820324e-5
83,14,2.466826858604776e-5
83,17,2.4668300937946697e-5
83,18,2.466830005420917e-5
83,21,2.4668314819287218e-5
83,22,2.4668329857036042e-5
83,23,2.466824219204966e-5
83,24,2.466829994673958e-5
83,27,2.466830080649629e-5
83,29,2.4668297992747057e-5
83,2,2.46683004974102e-5
83,6,1.8501228236544875e-5
83,7,2.4668299780650216e-5
83,8,2.466829983926999e-5
84,10,2.4668310637743218e-5
84,12,2.4668299706931407e-5
84,14,2.4668288687301754e-5
84,17,2.4668295842467103e-5
84,18,2.4668300657282316e-5
84,21,2.466835768988318e-5
84,22,2.4668231427327214e-5
84,23,2.466840443471341e-5
84,24,2.4668291866980496e-5
84,27,2.4668302235575368e-5
84,29,2.466829845282348e-5
84,2,2.466829998049036e-5
84,6,2.4668306829234155e-5
84,7,2.4668298792107635e-5
84,8,2.4668299043462127e-5
85,10,2.4668304625663495e-5
85,12,2.4668300639518748e-5
85,14,2.4668320593335125e-5
85,17,2.466829720404462e-5
85,18,2.4668300417474143e-5
85,21,2.4668434718932986e-5
85,22,1.8501257196490428e-5
85,23,2.466822356161913e-5
85,24,2.4668300786956365e-5
85,27,2.4668301605856868e-5
85,29,1.8501225420131107e-5
85,2,2.466830728664604e-5
85,6,2.4668280886430693e-5
85,7,2.4668300629748785e-5
85,8,2.4668299555941076e-5
86,10,2.4668314372533473e-5
86,12,2.4668298863161908e-5
86,14,1.850118269342005e-5
86,17,2.4668302399888375e-5
86,18,2.466829844571805e-5
86,21,2.466863456884738e-5
86,22,2.4668339865030475e-5
86,23,2.466824822278113e-5
86,24,2.4668298724606075e-5
86,27,2.4668303310271256e-5
86,29,2.4668287887052998e-5
86,2,2.466830645531104e-5
86,6,2.466830387071184e-5
86,7,1.8501225164335722e-5
86,8,2.4668299253072234e-5
87,10,2.4668305844244287e-5
87,12,1.8501225228284568e-5
87,14,2.4668104602554308e-5
87,17,2.4668298096663932e-5
87,18,2.46683006661641e-5
87,21,2.4668405652406022e-5
87,22,2.4668376341629994e-5
87,23,1.8501148868033113e-5
87,24,2.466829759129041e-5
87,27,2.4668301257690928e-5
87,29,2.4668299538177507e-5
87,2,2.4668299471564126e-5
87,6,2.4668298287622292e-5
87,7,2.466830030023459e-5
87,8,2.466830003111653e-5
88,10,2.4668298685526224e-5
88,12,2.4668300125263443e-5
88,14,1.8501171343388023e-5
88,17,2.4668309510644804e-5
88,18,2.466829951952576e-5
88,21,2.4668595656862635e-5
88,22,2.4668214583911663e-5
88,23,2.4668176610731507e-5
88,24,2.466831526781732e-5
88,27,2.4668302793351415e-5
88,29,2.466830217340288e-5
88,2,2.4668301007224613e-5
88,6,2.4668300246943886e-5
88,7,1.8501225076406058e-5
88,8,2.4668298179264525e-5
89,10,2.4668296699559278e-5
89,12,2.466829651837088e-5
89,14,2.4668390453896905e-5
89,17,2.4668276687123125e-5
89,18,2.4668299465346877e-5
89,21,2.4668445735898104e-5
89,22,2.4668417781370522e-5
89,23,1.8501225672373778e-5
89,24,2.4668299084318335e-5
89,27,2.466830136249598e-5
89,29,2.46682996660752e-5
89,2,2.466830290792643e-5
89,6,2.4668339949407425e-5
89,7,2.466829903546852e-5
89,8,2.4668300378394292e-5
90,10,2.466829838532192e-5
90,12,2.4668299928087833e-5
90,14,1.8501209792631812e-5
90,17,2.4668297987417986e-5
90,18,2.466829841729634e-5
90,21,2.4668452851983602e-5
90,22,2.4668315676379393e-5
90,23,2.4668325096399712e-5
90,24,2.4668288670426364e-5
90,27,1.8501226393574655e-5
90,29,2.466829617553401e-5
90,2,2.466829982861185e-5
90,6,2.4668288427953655e-5
90,7,1.8501224416489492e-5
90,8,2.466830079583815e-5
91,10,2.466830859049196e-5
91,12,2.4668299563046503e-5
91,14,2.4668387464288344e-5
91,17,2.4668291267460063e-5
91,18,2.466830025582567e-5
91,21,2.4668288235218938e-5
91,22,1.850124762370342e-5
91,23,2.4668147341699864e-5
91,24,2.4668296801699796e-5
91,27,2.46683002504966e-5
91,29,2.4668300444119495e-5
91,2,2.4668298554963997e-5
91,6,2.4668304236641347e-5
91,7,2.4668299838381813e-5
91,8,2.4668299431596097e-5
92,10,2.4668300965480228e-5
92,12,2.4668298291175006e-5
92,14,1.850122125279796e-5
92,17,2.4668302671670972e-5
92,18,2.4668300000030285e-5
92,21,2.4668148014050928e-5
92,22,2.4668291580098867e-5
92,23,2.4668550833162328e-5
92,24,2.4668296124019662e-5
92,27,2.4668300794061793e-5
92,29,2.4668300640406926e-5
92,2,2.4668300170560542e-5
92,6,1.8501224543499006e-5
92,7,2.4668299636765312e-5
92,8,2.4668299989372144e-5
93,10,2.466829430947115e-5
93,12,2.4668300287800093e-5
93,14,2.4668456761745006e-5
93,17,1.8501223036260228e-5
93,18,2.466829881253574e-5
93,21,2.46684855182977e-5
93,22,1.850121724089604e-5
93,23,2.466804363798758e-5
93,24,2.4668312899933653e-5
93,27,2.4668301332297915e-5
93,29,2.4668300929064912e-5
93,2,2.4668302904373718e-5
93,6,2.4668299661634308e-5
93,7,2.4668300305563662e-5
93,8,2.4668300356189832e-5
94,10,2.4668311059627968e-5
94,12,2.4668299164254393e-5
94,14,1.8501240719004386e-5
94,17,2.4668288546081385e-5
94,18,2.4668299619889922e-5
94,21,2.466850091842332e-5
94,22,2.4668300342867155e-5
94,23,2.466819453772473e-5
94,24,2.466829831782036e-5
94,27,2.466830122749286e-5
94,29,2.466829948044591e-5
94,2,2.4668302771146955e-5
94,6,2.4668282862627677e-5
94,7,2.4668299436925167e-5
94,8,2.466830344793891e-5
95,10,1.8501226096923062e-5
95,12,2.466829971581319e-5
95,14,2.4668298163277314e-5
95,17,2.4668295043994704e-5
95,18,2.4668300414809607e-5
95,21,1.8501237773804746e-5
95,22,2.4668335106170503e-5
95,23,2.466838344794553e-5
95,24,1.8501229917866624e-5
95,27,2.4668300827812573e-5
95,29,2.4668300619978822e-5
95,2,2.4668302738284353e-5
95,6,2.466829821567984e-5
95,7,2.4668299678509698e-5
95,8,2.466829953640115e-5
96,10,2.4668306469521895e-5
96,12,2.4668299028363094e-5
96,14,2.4668229753110893e-5
96,17,2.4668293205465375e-5
96,18,2.4668300679486777e-5
96,21,2.4668347066381102e-5
96,22,2.466834785508354e-5
96,23,2.466838580872377e-5
96,24,2.4668307739617035e-5
96,27,2.4668301744412702e-5
96,29,2.4668299186458853e-5
96,2,2.4668300916630415e-5
96,6,2.4668298376440134e-5
96,7,2.4668298257424226e-5
96,8,2.4668298147290102e-5
97,10,1.850122723379144e-5
97,12,1.850122490765216e-5
97,14,2.4668313488795945e-5
97,17,2.4668296278562707e-5
97,18,2.4668301072061638e-5
97,21,2.466854228355686e-5
97,22,2.466845262194539e-5
97,23,2.4668227839974577e-5
97,24,2.4668317486487013e-5
97,27,2.4668302147645704e-5
97,29,2.4668299028363094e-5
97,2,2.4668300836694357e-5
97,6,2.4668301164432194e-5
97,7,2.466830132430431e-5
97,8,2.4668300288688272e-5
98,10,2.4668278964412593e-5
98,12,2.4668298978625103e-5
98,14,2.4668243750802787e-5
98,17,2.4668305430353143e-5
98,18,2.466829944580695e-5
98,21,2.4668466537036693e-5
98,22,2.466835907277698e-5
98,23,2.4668026081364758e-5
98,24,2.466828614888783e-5
98,27,2.4668300135033405e-5
98,29,2.466830018832411e-5
98,2,2.4668298161500957e-5
98,6,2.4668296093821596e-5
98,7,2.4668299411167993e-5
98,8,1.850122569369006e-5
99,10,2.4668302702757217e-5
99,12,1.8501225203415572e-5
99,14,2.4668297449181864e-5
99,17,2.466829293190642e-5
99,18,2.4668299200669708e-5
99,21,2.4668292745388953e-5
99,22,2.466829074698751e-5
99,23,1.850130533398442e-5
99,24,2.4668287450069215e-5
99,27,2.4668299262842197e-5
99,29,2.466829862601827e-5
99,2,2.4668301917607494e-5
99,6,2.4668301866981324e-5
99,7,2.4668299831276386e-5
99,8,2.4668301170649443e-5
100,10,2.4668298769014996e-5
100,12,2.466829843505991e-5
100,14,1.8501202884380064e-5
100,17,2.4668294273055835e-5
100,18,2.4668300101282625e-5
100,21,1.850117793811279e-5
100,22,2.4668307030850656e-5
100,23,2.466812509815952e-5
100,24,2.466830039615786e-5
100,27,2.4668302884833793e-5
100,29,2.4668299243302272e-5
100,2,2.466830018299504e-5
100,6,2.4668301676022963e-5
100,7,2.466830134650877e-5
100,8,1.8501225967249013e-5
101,10,2.4668288748586065e-5
101,12,2.4668298729046967e-5
101,14,2.466830897951411e-5
101,17,2.4668282246231854e-5
101,18,2.4668299526631188e-5
101,21,2.466859725558379e-5
101,22,2.4668345479206266e-5
101,23,2.466829550762384e-5
101,24,2.466829814906646e-5
101,27,2.4668299968055862e-5
101,29,2.4668297646357473e-5
101,2,2.4668299437813346e-5
101,6,2.4668301512598134e-5
101,7,2.466830034641987e-5
101,8,2.46682988347402e-5
102,10,2.466829768099643e-5
102,12,2.4668283307160976e-5
102,14,2.466829090952416e-5
102,17,2.4668296690677494e-5
102,18,2.466830050806834e-5
102,21,2.4668305858455142e-5
102,22,2.4668251153769916e-5
102,23,2.466835250203303e-5
102,24,2.46683005755699e-5
102,27,2.466830097613837e-5
102,29,2.466829996361497e-5
102,2,2.466829993608144e-5
102,6,2.4668285943718615e-5
102,7,2.4668300270036525e-5
102,8,2.466830013236887e-5
103,10,2.4668295015572994e-5
103,12,2.4668301755070843e-5
103,14,2.4668387558435256e-5
103,17,2.466830544278764e-5
103,18,2.466830013148069e-5
103,21,2.4668308480357837e-5
103,22,2.4668201215938268e-5
103,23,2.4668091519686186e-5
103,24,2.4668292609497655e-5
103,27,2.4668298324925786e-5
103,29,2.4668300022234746e-5
103,2,2.4668303294284044e-5
103,6,2.4668288460816257e-5
103,7,2.4668299656305237e-5
103,8,1.8501225404143895e-5
104,10,2.4668321788823278e-5
104,12,2.466829879388399e-5
104,14,2.4668217847967355e-5
104,17,2.4668287553097912e-5
104,18,2.4668299304586583e-5
104,21,2.4668024025231716e-5
104,22,2.466837091397167e-5
104,23,2.4668208491007704e-5
104,24,2.466828505909291e-5
104,27,1.8501225719447234e-5
104,29,1.8501224495537372e-5
104,2,2.4668298225449803e-5
104,6,2.4668294666518875e-5
104,7,2.466829937297632e-5
104,8,2.4668298708618863e-5
105,10,2.466830058178715e-5
105,12,1.8501223994604743e-5
105,14,2.4668266890515156e-5
105,17,1.850122329916104e-5
105,18,2.466830018210686e-5
105,21,2.466837745185302e-5
105,22,2.4668268796546045e-5
105,23,2.4668301296770778e-5
105,24,2.4668296358498765e-5
105,27,2.4668298244989728e-5
105,29,2.466829953728933e-5
105,2,2.466830250913432e-5
105,6,2.466830540992504e-5
105,7,2.4668299680286054e-5
105,8,1.8501224612776923e-5
106,10,2.4668298426178126e-5
106,12,2.4668300333097193e-5
106,14,2.4668292665452896e-5
106,17,2.4668304241970418e-5
106,18,2.4668300665275922e-5
106,21,2.4668498970648045e-5
106,22,2.4668269684724464e-5
106,23,2.466885331831037e-5
106,24,2.4668298459928906e-5
106,27,1.8501225611089467e-5
106,29,2.4668299630548063e-5
106,2,2.466829924951952e-5
106,6,2.466830730352143e-5
106,7,2.4668298927998933e-5
106,8,2.4668300410368715e-5
107,10,2.4668304980046685e-5
107,12,2.4668300003583e-5
107,14,1.8501229151368648e-5
107,17,2.4668294216212416e-5
107,18,2.466830005953824e-5
107,21,2.4668704709185363e-5
107,22,2.4668206657807445e-5
107,23,2.466827905589497e-5
107,24,2.4668287760931662e-5
107,27,2.4668302719632607e-5
107,29,2.4668301388253155e-5
107,2,1.8501225580003222e-5
107,6,2.4668302534891495e-5
107,7,2.4668300612873395e-5
107,8,2.4668299827723672e-5
108,10,2.466830740566195e-5
108,12,2.4668298534535893e-5
108,14,2.4668309150044365e-5
108,17,2.4668289512419506e-5
108,18,2.466829907099566e-5
108,21,2.466843842618971e-5
108,22,2.4668267902150376e-5
108,23,2.4668319862364285e-5
108,24,2.466829219027744e-5
108,27,1.85012258855366e-5
108,29,2.4668297643692938e-5
108,2,2.466830390357444e-5
108,6,2.4668300988572867e-5
108,7,2.4668300135033405e-5
108,8,1.8501223600253525e-5
109,10,2.4668302460284508e-5
109,12,2.4668301945141025e-5
109,14,2.4668278571837732e-5
109,17,2.46682915499008e-5
109,18,2.4668300974362012e-5
109,21,2.4668454109644244e-5
109,22,2.4668197227128985e-5
109,23,2.4668379184689115e-5
109,24,2.4668287117002308e-5
109,27,2.4668301190189368e-5
109,29,2.46682998801262e-5
109,2,2.4668300937946697e-5
109,6,2.4668300974362012e-5
109,7,2.4668298387986454e-5
109,8,2.466830123903918e-5
110,10,1.8501219472888408e-5
110,12,2.4668295567131793e-5
110,14,2.4668269554162237e-5
110,17,2.4668281048079166e-5
110,18,2.4668299634100777e-5
110,21,2.466840138737325e-5
110,22,2.4668426681806466e-5
110,23,2.4668242407877017e-5
110,24,2.466829445602059e-5
110,27,2.4668305856678785e-5
110,29,2.466830008085452e-5
110,2,1.850122611557481e-5
110,6,2.4668307814224022e-5
110,7,2.466830059866254e-5
110,8,2.4668301985109053e-5
111,10,2.466832487790782e-5
111,12,2.466829532110637e-5
111,14,2.466824018654279e-5
111,17,2.466829359093481e-5
111,18,2.4668301167984907e-5
111,21,2.4668318405751677e-5
111,22,2.466832183856127e-5
111,23,2.4668500408608907e-5
111,24,2.4668355446344492e-5
111,27,2.4668300682151312e-5
111,29,2.466830074965287e-5
111,2,2.4668302467389935e-5
111,6,2.4668306737751777e-5
111,7,2.4668300276253774e-5
111,8,2.466829789060654e-5
112,10,2.4668303140629178e-5
112,12,2.466829506797552e-5
112,14,2.4668277463391064e-5
112,17,2.466829466296616e-5
112,18,2.466830039615786e-5
112,21,2.4668606229738543e-5
112,22,2.4668354752677146e-5
112,23,1.8501220542255226e-5
112,24,2.4668308885367196e-5
112,27,2.466829889069544e-5
112,29,2.466829800873427e-5
112,2,1.850122590152381e-5
112,6,2.4668302164521094e-5
112,7,1.8501224719358333e-5
112,8,2.466829892444622e-5
113,10,2.466829836222928e-5
113,12,2.4668299083430156e-5
113,14,2.4668274714478855e-5
113,17,2.466829044944774e-5
113,18,2.466829850789054e-5
113,21,1.8501341433996288e-5
113,22,2.4668098358660018e-5
113,23,2.466837887915574e-5
113,24,2.4668298521213217e-5
113,27,2.466830384673102e-5
113,29,2.4668299184682496e-5
113,2,2.4668302985197954e-5
113,6,2.4668308199693456e-5
113,7,2.4668300377506114e-5
113,8,2.4668288268969718e-5
114,10,1.8501224964495577e-5
114,12,2.466829824410155e-5
114,14,2.466832872372038e-5
114,17,2.4668297230689973e-5
114,18,2.4668299325902865e-5
114,21,2.4668413642459086e-5
114,22,1.8501233604695244e-5
114,23,2.4668415316675407e-5
114,24,2.4668308448383414e-5
114,27,2.4668301479735533e-5
114,29,2.4668299012375883e-5
114,2,2.4668300765640083e-5
114,6,2.466830479175286e-5
114,7,2.466829977798568e-5
114,8,1.8501224285039086e-5
115,10,2.466830960834443e-5
115,12,2.4668298917340792e-5
115,14,2.4668328731713984e-5
115,17,2.4668300754093764e-5
115,18,2.4668299841934527e-5
115,21,2.4668267093019836e-5
115,22,2.4668326791044137e-5
115,23,2.4668593775700742e-5
115,24,2.466830149217003e-5
115,27,2.4668300538266408e-5
115,29,2.466830045300128e-5
115,2,2.4668300897978668e-5
115,6,2.4668304466679558e-5
115,7,2.466829900260592e-5
115,8,2.4668297472274503e-5
116,10,2.4668301151997696e-5
116,12,2.4668300603103432e-5
116,14,2.4668348981293775e-5
116,17,2.4668293049145973e-5
116,18,2.4668300635966034e-5
116,21,2.4668348070910895e-5
116,22,2.4668341035649632e-5
116,23,2.4668384137171984e-5
116,24,2.4668310228292967e-5
116,27,2.4668299181129782e-5
116,29,2.466829841818452e-5
116,2,2.4668302107677675e-5
116,6,2.4668299101193725e-5
116,7,1.8501224885447698e-5
116,8,2.4668299642094382e-5
117,10,2.466828931879661e-5
117,12,2.4668298478580652e-5
117,14,2.46683389626412e-5
117,17,2.466829401193138e-5
117,18,2.4668299854369025e-5
117,21,2.466826168934233e-5
117,22,2.4668298701513436e-5
117,23,2.4668317930576222e-5
117,24,2.4668298287622292e-5
117,27,2.466830187941582e-5
117,29,2.466829740122023e-5
117,2,2.4668300527608267e-5
117,6,2.4668303967523286e-5
117,7,2.4668295778518257e-5
117,8,2.4668297730734423e-5
118,10,2.4668302781805096e-5
118,12,2.4668301742636345e-5
118,14,2.4668293220564408e-5
118,17,2.4668285099060938e-5
118,18,2.4668301175090335e-5
118,21,2.4668132727612146e-5
118,22,2.466838416648187e-5
118,23,2.4668166473063025e-5
118,24,2.4668300241614816e-5
118,27,2.4668303950647896e-5
118,29,1.8501225494738094e-5
118,2,2.4668303024277805e-5
118,6,2.466829918290614e-5
118,7,2.46683005427073e-5
118,8,2.466830013148069e-5
119,10,2.4668302321728675e-5
119,12,2.466829996450315e-5
119,14,2.4668270055983044e-5
119,17,2.4668299573704644e-5
119,18,2.4668299276164873e-5
119,21,2.4668117349690988e-5
119,22,2.4668276006778456e-5
119,23,2.4668293694851684e-5
119,24,2.4668302100572248e-5
119,27,1.850122673907606e-5
119,29,2.4668298842733805e-5
119,2,1.8501225430789248e-5
119,6,2.466829924951952e-5
119,7,2.4668299023922202e-5
119,8,2.4668285279361157e-5
120,10,2.466830072300752e-5
120,12,2.4668298488350615e-5
120,14,1.850118663160316e-5
120,17,2.4668304705599553e-5
120,18,2.4668299292152085e-5
120,21,2.4668311189302017e-5
120,22,2.4668212052603167e-5
120,23,2.4668322187615388e-5
120,24,2.4668297394114802e-5
120,27,2.4668304496877624e-5
120,29,2.4668299561270146e-5
120,2,2.4668302218699978e-5
120,6,2.4668307136543888e-5
120,7,2.4668300140362476e-5
120,8,2.466830043612589e-5
121,10,2.4668308212127954e-5
121,12,2.466830132430431e-5
121,14,2.4668212025957814e-5
121,17,2.4668293987950562e-5
121,18,2.4668299895225232e-5
121,21,2.466837655745735e-5
121,22,2.466832602010527e-5
121,23,2.4668346878975456e-5
121,24,2.4668299590580034e-5
121,27,2.4668300021346568e-5
121,29,2.466829776093249e-5
121,2,2.466830203751158e-5
121,6,2.4668303046482265e-5
121,7,2.4668300039998314e-5
121,8,2.466829822189709e-5
122,10,1.8501230091061416e-5
122,12,2.4668299698049623e-5
122,14,2.466827815172934e-5
122,17,2.4668298591379312e-5
122,18,2.4668299263730376e-5
122,21,2.4668344159373135e-5
122,22,2.4668354760670752e-5
122,23,2.466813778312371e-5
122,24,2.466829640024315e-5
122,27,2.4668301276342675e-5
122,29,2.466829962166628e-5
122,2,2.466830231284689e-5
122,6,2.4668299072772015e-5
122,7,2.4668300251384778e-5
122,8,2.4668297912811e-5
123,10,2.466829058356268e-5
123,12,2.4668299920094228e-5
123,14,2.4668283005624403e-5
123,17,2.4668300675934063e-5
123,18,2.466829985081631e-5
123,21,2.4668398524774204e-5
123,22,2.4668247681880473e-5
123,23,2.466832023007015e-5
123,24,2.466829871039522e-5
123,27,2.4668299813512817e-5
123,29,2.466830049208113e-5
123,2,2.4668314869913388e-5
123,6,2.4668297382568483e-5
123,7,2.466829973268858e-5
123,8,2.4668299847263597e-5
124,10,1.8501229488876447e-5
124,12,2.4668299172247998e-5
124,14,2.466829229685885e-5
124,17,2.466829621461386e-5
124,18,2.466829995739772e-5
124,21,2.466834582559585e-5
124,22,2.4668292857299434e-5
124,23,2.4668332766708545e-5
124,24,2.4668301701780138e-5
124,27,2.4668300932617626e-5
124,29,2.466829750158439e-5
124,2,2.46683015427962e-5
124,6,2.4668302789798702e-5
124,7,1.850122501423357e-5
124,8,2.4668301304764384e-5
125,10,2.46683082307797e-5
125,12,2.4668301343844234e-5
125,14,2.4668217257328706e-5
125,17,2.466826509550657e-5
125,18,2.466830003733378e-5
125,21,2.4668388198811897e-5
125,22,2.4668182001974515e-5
125,23,2.4668338303612813e-5
125,24,2.466831885872267e-5
125,27,2.4668298287622292e-5
125,29,2.4668299658969772e-5
125,2,2.4668300026675638e-5
125,6,2.466830150282817e-5
125,7,2.466829998670761e-5
125,8,2.466829964298256e-5
126,10,2.466830726977065e-5
126,12,2.4668297330165956e-5
126,14,2.4668268571836904e-5
126,17,2.466829953107208e-5
126,18,2.466829978864382e-5
126,21,2.4668350228296276e-5
126,22,2.466829854164132e-5
126,23,2.4668177051268003e-5
126,24,2.46682978675139e-5
126,27,2.4668301255026392e-5
126,29,2.4668300185659575e-5
126,2,2.4668300370400686e-5
126,6,2.466830842795531e-5
126,7,2.466830047609392e-5
126,8,2.4668300373065222e-5
127,10,2.4668301387364977e-5
127,12,2.4668302900821004e-5
127,14,2.466830847858148e-5
127,17,2.4668285825590885e-5
127,18,2.4668299117180936e-5
127,21,2.4668228910229573e-5
127,22,2.4668280487638583e-5
127,23,2.4668342355482764e-5
127,24,2.466829415226357e-5
127,27,2.466830198066816e-5
127,29,2.4668299977825825e-5
127,2,2.4668302879504722e-5
127,6,2.4668296222607466e-5
127,7,2.46683000488801e-5
127,8,2.4668301028540895e-5
128,10,2.4668297593954946e-5
128,12,2.466830007108456e-5
128,14,2.4668219080759002e-5
128,17,2.466830891645344e-5
128,18,2.4668300163455115e-5
128,21,2.4668284667406226e-5
128,22,2.4668404577710135e-5
128,23,2.4668455377963028e-5
128,24,2.4668297461616362e-5
128,27,2.4668297425201047e-5
128,29,2.466830162184408e-5
128,2,2.466830148062371e-5
128,6,2.4668290845575314e-5
128,7,2.466830024960842e-5
128,8,2.466829903724488e-5
129,10,2.466830157032973e-5
129,12,2.4668299650976167e-5
129,14,2.466827665070781e-5
129,17,2.466829262903758e-5
129,18,2.46683013864768e-5
129,21,2.4668375862901826e-5
129,22,2.4668221254131595e-5
129,23,2.4668282818218756e-5
129,24,2.46682969784473e-5
129,27,2.4668304879682523e-5
129,29,2.4668299212216027e-5
129,2,2.4668300231844853e-5
129,6,2.4668298105545716e-5
129,7,2.4668298999941385e-5
129,8,2.4668298804542133e-5
130,10,2.466829442226981e-5
130,12,2.466829846881069e-5
130,14,2.4668207928790764e-5
130,17,2.466830257219499e-5
130,18,2.4668299872132593e-5
130,21,2.4668437315966685e-5
130,22,2.4668319586140797e-5
130,23,2.466839205794713e-5
130,24,2.4668296306096238e-5
130,27,2.466830165470668e-5
130,29,2.466829964298256e-5
130,2,2.4668300184771397e-5
130,6,2.466830526426378e-5
130,7,2.466829925484859e-5
130,8,2.4668298734376037e-5
131,10,2.466831136249681e-5
131,12,2.466829901859313e-5
131,14,2.466839199044557e-5
131,17,2.46682924389674e-5
131,18,2.4668298934216182e-5
131,21,2.466735295136857e-5
131,22,2.4668141596073667e-5
131,23,2.4667907476683126e-5
131,24,2.466831283509663e-5
131,27,2.4668300012464783e-5
131,29,2.4668296436658466e-5
131,2,2.466829989611341e-5
131,6,2.4668301157326766e-5
131,7,2.4668299045238484e-5
131,8,2.466829959235639e-5
132,10,2.466829352254507e-5
132,12,2.4668299764663004e-5
132,14,2.4668280392603492e-5
132,17,2.4668294177132566e-5
132,18,2.466829799629977e-5
132,21,2.4668303097108435e-5
132,22,2.4668396136462434e-5
132,23,2.4668291778162654e-5
132,24,2.4668311886522076e-5
132,27,2.466830123371011e-5
132,29,2.4668300203423144e-5
132,2,2.4668300538266408e-5
132,6,2.4668292588181373e-5
132,7,2.4668300977914726e-5
132,8,2.4668298865826443e-5
133,10,2.4668299886343448e-5
133,12,2.4668299090535584e-5
133,14,2.4668238395975095e-5
133,17,2.4668300405927823e-5
133,18,1.8501225403255717e-5
133,21,2.466831886493992e-5
133,22,2.46683373328338e-5
133,23,2.4668303997721353e-5
133,24,2.4668290168783358e-5
133,27,2.4668302293306965e-5
133,29,2.46683004521131e-5
133,2,2.4668300412145072e-5
133,6,2.4668303883146336e-5
133,7,2.466829921576874e-5
133,8,2.4668297542440598e-5
134,10,2.466830579805901e-5
134,12,2.4668300673269528e-5
134,14,2.4668209017697507e-5
134,17,2.466829613023691e-5
134,18,1.850122529489795e-5
134,21,2.4668478626921342e-5
134,22,2.4668212608602857e-5
134,23,2.466830764191741e-5
134,24,2.4668291469964743e-5
134,27,2.4668301640495827e-5
134,29,2.4668298756580498e-5
134,2,2.466830045833035e-5
134,6,2.466829690561667e-5
134,7,2.4668301720431884e-5
134,8,2.4668301075614352e-5
135,10,2.4668291349172478e-5
135,12,2.4668299965391327e-5
135,14,2.466828850344882e-5
135,17,2.4668297522012494e-5
135,18,2.466830047609392e-5
135,21,2.466846864557226e-5
135,22,2.4668313329812008e-5
135,23,2.4668407045957963e-5
135,24,2.466830779290774e-5
135,27,2.466830026204292e-5
135,29,2.4668300164343293e-5
135,2,2.4668298443941694e-5
135,6,2.4668296712881954e-5
135,7,2.4668299174912534e-5
135,8,2.466830166092393e-5
136,10,2.4668307223585373e-5
136,12,2.4668300123487086e-5
136,14,2.4668317304410436e-5
136,17,2.466829735503495e-5
136,18,2.466830074965287e-5
136,21,2.466840963233352e-5
136,22,2.466844941384494e-5
136,23,2.4668285966811254e-5
136,24,2.4668305232289356e-5
136,27,2.466830154368438e-5
136,29,2.466829877256771e-5
136,2,2.466829970515505e-5
136,6,2.4668282741835412e-5
136,7,2.4668300230956675e-5
136,8,2.4668298413743628e-5
137,10,2.4668310009801075e-5
137,12,2.4668300119934372e-5
137,14,2.466819867485981e-5
137,17,2.4668286016549246e-5
137,18,2.4668300518726483e-5
137,21,2.4668258355120543e-5
137,22,2.4668336481958875e-5
137,23,2.46682831086531e-5
137,24,2.4668299260177662e-5
137,27,2.466830095215755e-5
137,29,2.4668299962726792e-5
137,2,2.466830156588884e-5
137,6,2.4668300825148037e-5
137,7,2.466829969449691e-5
137,8,2.466829992986419e-5
138,10,2.4668301119135094e-5
138,12,2.4668299258401305e-5
138,14,2.4668263090887876e-5
138,17,2.4668298617136486e-5
138,18,2.4668299616337208e-5
138,21,2.4668214892109575e-5
138,22,2.466815531931843e-5
138,23,2.46683371312173e-5
138,24,2.4668312747166965e-5
138,27,2.4668300083519057e-5
138,29,2.4668299285934836e-5
138,2,2.4668300623531536e-5
138,6,2.4668295893093273e-5
138,7,2.4668299990260323e-5
138,8,2.46683002051995e-5
139,10,2.4668302263997077e-5
139,12,2.466830063241332e-5
139,14,2.466828603164828e-5
139,17,2.4668290803830928e-5
139,18,2.466830077363369e-5
139,21,2.466836821657381e-5
139,22,2.4668333627353434e-5
139,23,2.4668198822297427e-5
139,24,2.466830306602219e-5
139,27,2.4668300799390863e-5
139,29,2.4668299748675793e-5
139,2,2.466830306069312e-5
139,6,2.466830306691037e-5
139,7,2.466830061020886e-5
139,8,2.466829701397444e-5
140,10,2.4668315068865354e-5
140,12,2.4668298433283553e-5
140,14,2.4668297051277932e-5
140,17,2.4668304090980087e-5
140,18,2.4668300608432503e-5
140,21,2.466845640469728e-5
140,22,2.466827079494749e-5
140,23,2.4668232506463994e-5
140,24,2.466829668801296e-5
140,27,2.4668300844687963e-5
140,29,2.4668300151908795e-5
140,2,2.466830005332099e-5
140,6,2.4668295295349196e-5
140,7,2.46683000364456e-5
140,8,2.466829919356428e-5
141,10,2.466830154812527e-5
141,12,2.4668297126773098e-5
141,14,2.4668242188496947e-5
141,17,2.4668298538088607e-5
141,18,2.4668298651775444e-5
141,21,2.4668277641914926e-5
141,22,2.46682561879652e-5
141,23,2.466833292658066e-5
141,24,2.4668306975783594e-5
141,27,2.4668301190189368e-5
141,29,2.466829892444622e-5
141,2,2.4668301033869966e-5
141,6,2.4668312521569646e-5
141,7,2.466830127811903e-5
141,8,2.466829867664444e-5
142,10,2.4668295859342493e-5
142,12,2.466829947422866e-5
142,14,2.466833715430994e-5
142,17,2.466829503422474e-5
142,18,2.466830027358924e-5
142,21,2.466846249671306e-5
142,22,2.4668286687123953e-5
142,23,2.4668145541362207e-5
142,24,2.4668286388696004e-5
142,27,2.4668300945940302e-5
142,29,2.466829926106584e-5
142,2,2.4668300624419714e-5
142,6,2.4668302704533573e-5
142,7,2.466830071057302e-5
142,8,2.4668299342778255e-5
143,10,2.4668307435860015e-5
143,12,2.4668300849128855e-5
143,14,2.4668229772650818e-5
143,17,2.4668284467566082e-5
143,18,2.4668301034758144e-5
143,21,2.466833886849429e-5
143,22,2.4668166524577373e-5
143,23,2.4668329468013894e-5
143,24,2.46683056008834e-5
143,27,2.4668300422803213e-5
143,29,2.4668300276253774e-5
143,2,2.466830259884034e-5
143,6,2.466831210856668e-5
143,7,2.4668300033781065e-5
143,8,2.4668304087427373e-5
144,10,2.466830606717707e-5
144,12,2.4668298471475225e-5
144,14,2.46682822773181e-5
144,17,2.466829154457173e-5
144,18,2.466830173464274e-5
144,21,2.466839105874641e-5
144,22,2.4668284521744965e-5
144,23,2.4668104035896476e-5
144,24,2.466829415226357e-5
144,27,2.4668302282648824e-5
144,29,2.4668298689967116e-5
144,2,2.466830240344109e-5
144,6,2.4668298456376192e-5
144,7,2.4668299398733495e-5
144,8,2.466830019987043e-5
145,10,2.466830136871323e-5
145,12,2.466829950886762e-5
145,14,2.466826473490613e-5
145,17,2.4668296252805533e-5
145,18,2.4668299192676102e-5
145,21,2.466856263971806e-5
145,22,2.4668294458685125e-5
145,23,2.4668235100833158e-5
145,24,2.466831234571032e-5
145,27,2.4668303300501293e-5
145,29,2.4668299275276695e-5
145,2,2.4668302007313514e-5
145,6,2.4668297133878525e-5
145,7,2.4668300316221803e-5
145,8,2.4668301614738652e-5
146,10,2.4668303028718697e-5
146,12,2.4668299765551183e-5
146,14,2.4668273016281717e-5
146,17,2.466828982417013e-5
146,18,2.466829987390895e-5
146,21,2.4668346907397165e-5
146,22,2.4668330945942785e-5
146,23,2.4668197182720064e-5
146,24,2.4668296195962114e-5
146,27,2.466830674219267e-5
146,29,2.466830270098086e-5
146,2,2.466829919356428e-5
146,6,2.4668307621489305e-5
146,7,2.466830002045839e-5
146,8,2.4668297863961186e-5
147,10,2.4668297301744246e-5
147,12,2.46682993285674e-5
147,14,2.4668240501846128e-5
147,17,2.4668293902685434e-5
147,18,2.4668300910413166e-5
147,21,2.466839520032238e-5
147,22,2.466827326230714e-5
147,23,2.4668234995139926e-5
147,24,2.466830126834907e-5
147,27,2.4668301525032632e-5
147,29,2.466830035707801e-5
147,2,2.466829788438929e-5
147,6,2.4668301586316943e-5
147,7,2.4668300294017342e-5
147,8,2.466829925573677e-5
148,10,2.4668298516772325e-5
148,12,2.466829929481662e-5
148,14,2.4668308576281106e-5
148,17,2.4668299507091263e-5
148,18,2.466830023362121e-5
148,21,2.4668607133904175e-5
148,22,2.4668339685618434e-5
148,23,2.4668317629483738e-5
148,24,2.4668329912991283e-5
148,27,2.4668300669716814e-5
148,29,2.4668299882790734e-5
148,2,2.466830194158831e-5
148,6,2.4668301314534347e-5
148,7,2.4668299931640547e-5
148,8,2.4668301252361857e-5
149,10,2.466829827785233e-5
149,12,2.466830112624052e-5
149,14,2.466828806024779e-5
149,17,2.466829389380365e-5
149,18,2.4668300780739116e-5
149,21,2.4668216084933192e-5
149,22,2.4668272472716524e-5
149,23,2.4668337959887765e-5
149,24,2.4668296418894897e-5
149,27,2.4668300613761573e-5
149,29,2.4668299849039954e-5
149,2,2.4668299253960413e-5
149,6,2.4668306585873268e-5
149,7,2.4668299635877133e-5
149,8,2.4668298055807725e-5
150,10,2.4668301871422216e-5
150,12,2.4668299436925167e-5
150,14,2.4668290889096056e-5
150,17,2.4668301241703716e-5
150,18,2.4668300597774362e-5
150,21,2.4668392690330165e-5
150,22,2.4668273116645878e-5
150,23,2.466831770675526e-5
150,24,2.4668302613051196e-5
150,27,1.8501226287881423e-5
150,29,2.4668300248720243e-5
150,2,2.466830062175518e-5
150,6,2.466830138025955e-5
150,7,2.4668299742458544e-5
150,8,2.466830051428559e-5
151,10,2.4668301900732104e-5
151,12,2.466829978331475e-5
151,14,2.4668355528056907e-5
151,17,2.4668298205909878e-5
151,18,2.4668300534713694e-5
151,21,2.4667954377832757e-5
151,22,2.4668287967877234e-5
151,23,2.466817671020749e-5
151,24,2.4668299707819585e-5
151,27,2.466830148684096e-5
151,29,2.4668301225716505e-5
151,2,2.466830340974724e-5
151,6,2.466829139891047e-5
151,7,2.4668300035557422e-5
151,8,2.466830144154386e-5
152,10,2.4668303222341592e-5
152,12,2.4668300894425954e-5
152,14,2.4668291281670918e-5
152,17,2.4668296474850138e-5
152,18,2.466829961011996e-5
152,21,2.466846717918969e-5
152,22,2.466826389735388e-5
152,23,2.466837582737469e-5
152,24,2.4668297115226778e-5
152,27,2.466829946889959e-5
152,29,2.4668299826835494e-5
152,2,2.4668301266572712e-5
152,6,2.466830926017849e-5
152,7,2.466829953728933e-5
152,8,2.4668298781449494e-5
153,10,2.466830419489696e-5
153,12,2.466830027891831e-5
153,14,2.466825546232343e-5
153,17,2.4668300254937492e-5
153,18,2.4668300940611232e-5
153,21,2.466835949466173e-5
153,22,2.4668340690148227e-5
153,23,2.466822134117308e-5
153,24,2.4668297112562243e-5
153,27,2.466830094771666e-5
153,29,2.4668300888208705e-5
153,2,2.466830174530088e-5
153,6,2.4668304118513618e-5
153,7,2.4668299652752523e-5
153,8,2.466830039704604e-5
154,10,2.4668314386744328e-5
154,12,2.466829888980726e-5
154,14,2.466830244785001e-5
154,17,2.466830290348554e-5
154,18,2.466830039171697e-5
154,21,2.466851772275902e-5
154,22,2.4668329612786977e-5
154,23,2.4668368192592993e-5
154,24,2.4668292987861662e-5
154,27,2.4668301072949816e-5
154,29,2.466830035174894e-5
154,2,2.466830080738447e-5
154,6,2.4668299585250963e-5
154,7,2.466829988989616e-5
154,8,2.466829886227373e-5
155,10,2.4668300298458234e-5
155,12,2.466829895730882e-5
155,14,2.4668256958904067e-5
155,17,2.466830325698055e-5
155,18,2.4668300170560542e-5
155,21,2.4668338206801366e-5
155,22,2.4668345084855048e-5
155,23,2.4668212468270667e-5
155,24,1.850122634561302e-5
155,27,2.466830050362745e-5
155,29,2.466830095926298e-5
155,2,2.466830091929495e-5
155,6,2.4668296870089534e-5
155,7,2.4668299674068805e-5
155,8,2.466830013236887e-5
156,10,2.466830404479481e-5
156,12,2.4668299282382122e-5
156,14,2.466825538416373e-5
156,17,2.4668300870445137e-5
156,18,2.4668300325991765e-5
156,21,2.4668162499352775e-5
156,22,2.4668305940167556e-5
156,23,2.466824760993802e-5
156,24,2.4668298672203548e-5
156,27,2.4668299680286054e-5
156,29,2.4668299809071925e-5
156,2,2.4668299307251118e-5
156,6,2.466830060487979e-5
156,7,2.4668299900554302e-5
156,8,2.4668299978714003e-5
157,10,2.466830072300752e-5
157,12,2.4668301314534347e-5
157,14,2.4668322396337317e-5
157,17,2.4668296902952136e-5
157,18,2.4668300253161135e-5
157,21,2.466833044856287e-5
157,22,2.4668302711639e-5
157,23,2.466796284661399e-5
157,24,2.4668295721674838e-5
157,27,2.4668300904195917e-5
157,29,2.46683010818316e-5
157,2,2.4668299916541514e-5
157,6,2.4668307705866255e-5
157,7,2.4668300202534965e-5
157,8,2.4668293091778537e-5
158,10,2.466829765879197e-5
158,12,2.466829947511684e-5
158,14,2.466827274982819e-5
158,17,2.4668304507535765e-5
158,18,2.4668300158126044e-5
158,21,2.466914295506939e-5
158,22,2.4668229882784942e-5
158,23,2.4668203773003938e-5
158,24,2.4668309560382795e-5
158,27,2.4668300984131974e-5
158,29,2.466830202063619e-5
158,2,2.4668300970809298e-5
158,6,2.4668302764929706e-5
158,7,2.4668299309915653e-5
158,8,2.46682995879155e-5
159,10,2.4668305788289047e-5
159,12,2.4668298903129937e-5
159,14,2.466824214142349e-5
159,17,2.466829773339896e-5
159,18,2.4668300488528416e-5
159,21,2.466856856386812e-5
159,22,2.466831282887938e-5
159,23,2.4668277597506005e-5
159,24,2.4668299591468212e-5
159,27,2.466830073366566e-5
159,29,2.4668299999142107e-5
159,2,2.4668301844776863e-5
159,6,2.4668303932884328e-5
159,7,2.466830005953824e-5
159,8,2.4668301073837995e-5
160,10,2.4668301325192488e-5
160,12,2.4668300427244105e-5
160,14,2.4668172659225718e-5
160,17,2.4668302540220566e-5
160,18,2.466830030112277e-5
160,21,1.8501271553006404e-5
160,22,2.4668227221802397e-5
160,23,2.466837373038544e-5
160,24,2.4668306375374982e-5
160,27,2.4668300853569747e-5
160,29,2.4668299382746284e-5
160,2,2.466830093084127e-5
160,6,2.4668301946029203e-5
160,7,2.4668299865027166e-5
160,8,1.8501225286016165e-5
161,10,2.4668299237085023e-5
161,12,2.4668298745922357e-5
161,14,2.4668257537996396e-5
161,17,2.466829196112741e-5
161,18,2.46682997442349e-5
161,21,2.4668454059906253e-5
161,22,2.4668281222162136e-5
161,23,2.4668248304493545e-5
161,24,2.466829334313303e-5
161,27,2.4668300465435777e-5
161,29,2.466830068925674e-5
161,2,2.466830381919749e-5
161,6,2.4668305592889794e-5
161,7,2.46683001723369e-5
161,8,2.4668300656394138e-5
162,10,2.466830045833035e-5
162,12,2.4668300003583e-5
162,14,2.4668309657194243e-5
162,17,2.4668301462860143e-5
162,18,2.4668300124375264e-5
162,21,1.8501182672991945e-5
162,22,2.466834801762019e-5
162,23,2.4668214526180066e-5
162,24,2.4668306301656173e-5
162,27,2.4668302203600945e-5
162,29,2.4668299107410974e-5
162,2,2.4668301024988182e-5
162,6,2.4668293431950872e-5
162,7,2.4668300288688272e-5
162,8,2.4668299707819585e-5
163,10,2.4668319551501838e-5
163,12,2.4668299243302272e-5
163,14,2.4668203803202005e-5
163,17,2.466829602454368e-5
163,18,2.4668301153774053e-5
163,21,2.466830471803405e-5
163,22,2.4668276829231672e-5
163,23,2.4668298590491133e-5
163,24,2.4668299391628068e-5
163,27,2.4668300175889613e-5
163,29,2.4668298695296187e-5
163,2,2.466830372327422e-5
163,6,2.466830071057302e-5
163,7,2.4668300066643667e-5
163,8,2.46683002504966e-5
164,10,2.4668304758890258e-5
164,12,2.466829898040146e-5
164,14,2.466830499869843e-5
164,17,2.4668295903751414e-5
164,18,2.466830012171073e-5
164,21,2.4668296694230207e-5
164,22,2.4668316463305473e-5
164,23,2.4668256146220813e-5
164,24,2.4668295972141152e-5
164,27,2.466830005420917e-5
164,29,2.4668299338337363e-5
164,2,2.4668301591646014e-5
164,6,2.4668301299435313e-5
164,7,2.4668298949315215e-5
164,8,2.4668299011487704e-5
165,10,2.4668306187081157e-5
165,12,2.466829975045215e-5
165,14,2.4668259533733305e-5
165,17,2.46682960689526e-5
165,18,2.466829999825393e-5
165,21,2.4668347138323554e-5
165,22,2.4668345834477634e-5
165,23,2.4668432278218688e-5
165,24,2.4668306093822423e-5
165,27,2.4668300268260168e-5
165,29,2.4668300574681723e-5
165,2,2.4668301343844234e-5
165,6,2.4668302955888066e-5
165,7,2.466829998581943e-5
165,8,2.4668301001895543e-5
166,10,2.4668294571483784e-5
166,12,2.466830050895652e-5
166,14,2.4668339933420214e-5
166,17,2.4668290817153604e-5
166,18,2.466830077807458e-5
166,21,2.4668381361614422e-5
166,22,2.466823635316473e-5
166,23,2.4668324274834674e-5
166,24,2.4668298229890695e-5
166,27,2.4668300813601718e-5
166,29,2.4668299555941076e-5
166,2,2.4668300953933908e-5
166,6,2.466829053204833e-5
166,7,2.4668299386298997e-5
166,8,2.46683015427962e-5
167,10,2.46683031273065e-5
167,12,2.4668299690056017e-5
167,14,2.4668296526364486e-5
167,17,2.466829996361497e-5
167,18,2.4668300674157706e-5
167,21,2.4668322426535383e-5
167,22,2.4668290143026184e-5
167,23,2.4668397625049465e-5
167,24,2.466830192471292e-5
167,27,2.4668301673358428e-5
167,29,2.466830047520574e-5
167,2,2.4668301349173305e-5
167,6,2.4668300220298534e-5
167,7,2.4668298973296032e-5
167,8,2.4668301771058054e-5
168,10,2.466831002401193e-5
168,12,2.466830161029776e-5
168,14,2.4668292414098403e-5
168,17,2.4668295876217883e-5
168,18,2.4668299577257358e-5
168,21,2.466832452974188e-5
168,22,2.466831182257323e-5
168,23,2.46682691811273e-5
168,24,2.466829502267842e-5
168,27,2.4668300062202775e-5
168,29,2.4668299619001743e-5
168,2,2.466830063863057e-5
168,6,2.466830866953984e-5
168,7,2.4668299205998778e-5
168,8,2.4668300965480228e-5
169,10,2.466829662495229e-5
169,12,2.4668297847085796e-5
169,14,2.466829197711462e-5
169,17,2.4668294892116194e-5
169,18,2.4668301021435468e-5
169,21,2.466838092374246e-5
169,22,2.466828906566576e-5
169,23,2.4668284899220794e-5
169,24,2.4668294273944014e-5
169,27,2.466830099212558e-5
169,29,2.466830031710998e-5
169,2,2.4668302025077082e-5
169,6,2.4668297885277468e-5
169,7,2.4668300726560233e-5
169,8,2.466830030645184e-5
170,10,2.466830561154154e-5
170,12,2.4668298799213062e-5
170,14,2.4668264940963525e-5
170,17,2.4668303466590658e-5
170,18,2.4668301050745356e-5
170,21,2.4668443835196285e-5
170,22,2.4668285027118486e-5
170,23,2.466826011637835e-5
170,24,2.466831272229797e-5
170,27,2.4668300540930943e-5
170,29,2.4668301052521713e-5
170,2,2.4668301145780447e-5
170,6,2.4668298582497528e-5
170,7,2.4668299304586583e-5
170,8,2.4668299663410664e-5
171,10,2.4668299915653336e-5
171,12,2.466829989078434e-5
171,14,2.4668194434696034e-5
171,17,2.466829014569072e-5
171,18,2.4668300460106707e-5
171,21,2.4668247078807326e-5
171,22,2.466827843239372e-5
171,23,2.4668319177578724e-5
171,24,2.4668301645824897e-5
171,27,2.466829950886762e-5
171,29,2.4668299353436396e-5
171,2,2.4668300163455115e-5
171,6,2.466830077363369e-5
171,7,2.4668300398822396e-5
171,8,2.4668301445096574e-5
172,10,2.4668305677266744e-5
172,12,2.4668300017793854e-5
172,14,2.4668211090705938e-5
172,17,2.4668303731267827e-5
172,18,2.4668300696362166e-5
172,21,2.4668288420848228e-5
172,22,2.4668359862367595e-5
172,23,2.4668314797970936e-5
172,24,2.4668299582586428e-5
172,27,2.466830160408051e-5
172,29,2.4668298933328003e-5
172,2,2.4668300584451686e-5
172,6,2.4668301283448102e-5
172,7,2.4668299455576914e-5
172,8,2.4668299276164873e-5
173,10,2.466829868819076e-5
173,12,2.466830076208737e-5
173,14,2.4668285714568583e-5
173,17,2.466828952751854e-5
173,18,2.4668298815200274e-5
173,21,2.466831910563627e-5
173,22,2.4668272814665215e-5
173,23,2.466834742786972e-5
173,24,2.4668299293040263e-5
173,27,2.4668301636054935e-5
173,29,2.466829773251078e-5
173,2,2.4668301072949816e-5
173,6,2.4668300119046194e-5
173,7,2.466830031799816e-5
173,8,2.4668295901975057e-5
174,10,2.46683089057953e-5
174,12,2.4668298975960568e-5
174,14,2.4668267272431876e-5
174,17,2.4668303540309466e-5
174,18,2.466830041392143e-5
174,21,2.466845850079835e-5
174,22,2.4668307582409454e-5
174,23,2.4668275208306056e-5
174,24,2.4668314956066695e-5
174,27,2.4668301112917845e-5
174,29,2.4668300585339864e-5
174,2,2.4668301479735533e-5
174,6,2.4668300580898972e-5
174,7,2.4668300016017497e-5
174,8,2.4668298739705108e-5
175,10,2.4668296752849983e-5
175,12,2.466829887826094e-5
175,14,2.466828323122172e-5
175,17,2.4668294634544452e-5
175,18,2.4668300224739426e-5
175,21,2.4668389457360718e-5
175,22,2.466825635583092e-5
175,23,2.4668354473789122e-5
175,24,2.4668302069486003e-5
175,27,2.466830076741644e-5
175,29,2.4668299490215873e-5
175,2,2.4668299578145536e-5
175,6,2.466829959235639e-5
175,7,2.4668300393493325e-5
175,8,2.4668299313468367e-5
176,10,2.466829533354087e-5
176,12,2.4668299085206513e-5
176,14,2.466827185187981e-5
176,17,2.4668299586139142e-5
176,18,2.4668300112828945e-5
176,21,2.466843386716988e-5
176,22,2.46682731157577e-5
176,23,2.4668272240901956e-5
176,24,2.4668298971519675e-5
176,27,2.4668300556918155e-5
176,29,2.4668299644758918e-5
176,2,2.4668302112118567e-5
176,6,2.4668306221720115e-5
176,7,2.4668300192765003e-5
176,8,2.4668299818841888e-5
177,10,2.466830680880605e-5
177,12,2.4668299955621364e-5
177,14,2.4668272624595033e-5
177,17,2.4668280206974202e-5
177,18,2.4668300703467594e-5
177,21,2.4668400877558838e-5
177,22,2.4668303272079584e-5
177,23,2.466829416292171e-5
177,24,2.4668302782693274e-5
177,27,2.466830162806133e-5
177,29,2.4668299847263597e-5
177,2,2.4668301449537466e-5
177,6,2.466829737901577e-5
177,7,2.4668300105723517e-5
177,8,2.4668301225716505e-5
178,10,2.4668305293573667e-5
178,12,2.46682996207781e-5
178,14,2.466809789591906e-5
178,17,2.4668300145691546e-5
178,18,2.466830048675206e-5
178,21,2.466855249050326e-5
178,22,2.4668308308939402e-5
178,23,2.4668233522540106e-5
178,24,2.466830978775647e-5
178,27,2.4668300974362012e-5
178,29,2.46682995301839e-5
178,2,2.466830122305197e-5
178,6,2.466830976555201e-5
178,7,2.4668300214969463e-5
178,8,2.466829914826718e-5
179,10,2.466830405456477e-5
179,12,2.4668300797614506e-5
179,14,2.466828243896657e-5
179,17,2.4668296913610277e-5
179,18,2.4668302047281543e-5
179,21,2.466849960924833e-5
179,22,2.4668308581610177e-5
179,23,2.466829565950235e-5
179,24,2.4668303696628868e-5
179,27,2.4668301310093455e-5
179,29,2.4668300095065376e-5
179,2,2.4668299775321145e-5
179,6,2.466829921043967e-5
179,7,2.4668300129704335e-5
179,8,2.466830052494373e-5
180,10,2.466829559200079e-5
180,12,2.466830001512932e-5
180,14,2.4668302013530763e-5
180,17,2.4668319552390017e-5
180,18,2.466830001512932e-5
180,21,2.466827509461922e-5
180,22,2.4668333265864817e-5
180,23,2.4668283213458153e-5
180,24,2.466829632119527e-5
180,27,2.466830143710297e-5
180,29,2.4668300657282316e-5
180,2,2.4668300397934217e-5
180,6,2.466829786129665e-5
180,7,2.4668299900554302e-5
180,8,2.466829939695714e-5
181,10,2.4668307509578824e-5
181,12,2.4668299352548217e-5
181,14,2.4668284763329495e-5
181,17,2.466829667557846e-5
181,18,2.466829995739772e-5
181,21,2.4668471009015036e-5
181,22,2.466829321967623e-5
181,23,2.466835154635305e-5
181,24,2.4668305332653517e-5
181,27,2.4668302438968226e-5
181,29,2.466830079050908e-5
181,2,2.4668302354591276e-5
181,6,2.4668301045416285e-5
181,7,2.4668298920893506e-5
181,8,2.4668301246144608e-5
182,10,2.4668309813513645e-5
182,12,2.4668299414720707e-5
182,14,2.4668299533736615e-5
182,17,2.466829095393308e-5
182,18,2.4668300018682032e-5
182,21,2.4668404272176758e-5
182,22,2.466823452085265e-5
182,23,2.4668279886341793e-5
182,24,2.4668299511532155e-5
182,27,2.4668300471653026e-5
182,29,2.4668300208752214e-5
182,2,2.4668301405128545e-5
182,6,2.4668297633034797e-5
182,7,2.466830029490552e-5
182,8,2.466830012171073e-5
183,10,2.466829663028136e-5
183,12,2.466829936320636e-5
183,14,2.4668281925599445e-5
183,17,2.4668299113628223e-5
183,18,2.4668300144803368e-5
183,21,2.4668384023485146e-5
183,22,2.466828746339189e-5
183,23,2.4668311938924603e-5
183,24,2.466829752467703e-5
183,27,2.466830942893239e-5
183,29,2.4668298995500493e-5
183,2,2.4668302687658183e-5
183,6,2.4668307722741645e-5
183,7,2.466829955949379e-5
183,8,2.466830212100035e-5
184,10,2.4668301764840805e-5
184,12,2.4668298169494562e-5
184,14,2.4668226188850895e-5
184,17,2.4668299577257358e-5
184,18,2.466830051517377e-5
184,21,2.466829164582407e-5
184,22,2.466832849190581e-5
184,23,2.4668133824512495e-5
184,24,2.46682902576012e-5
184,27,2.4668301758623556e-5
184,29,2.4668300415697786e-5
184,2,2.4668301713326457e-5
184,6,2.466831385650181e-5
184,7,2.4668299436925167e-5
184,8,2.466829952041394e-5
185,10,2.4668297972318953e-5
185,12,2.466829931702108e-5
185,14,2.4668199334776375e-5
185,17,2.466829701397444e-5
185,18,2.4668298937768895e-5
185,21,2.4668446100939434e-5
185,22,2.4668298836516556e-5
185,23,2.4668321599641274e-5
185,24,2.4668302304853285e-5
185,27,2.4668300898866846e-5
185,29,2.4668300532937337e-5
185,2,2.4668302883945614e-5
185,6,2.466829825475969e-5
185,7,2.466829937919357e-5
185,8,2.4668301157326766e-5
186,10,2.466830353320404e-5
186,12,2.4668300611985217e-5
186,14,2.4668313794329322e-5
186,17,2.4668295312224586e-5
186,18,2.4668299523078474e-5
186,21,2.4668391730209294e-5
186,22,2.4668272881278597e-5
186,23,2.4668438895147915e-5
186,24,2.4668303631791844e-5
186,27,2.4668303388430957e-5
186,29,2.4668299453800557e-5
186,2,2.4668300529384624e-5
186,6,2.4668305322883555e-5
186,7,2.4668299548835648e-5
186,8,2.466830131808706e-5
187,10,2.4668294396512636e-5
187,12,2.466829982861185e-5
187,14,2.466821319657697e-5
187,17,2.4668291282559096e-5
187,18,2.466830264413744e-5
187,21,2.466837850167991e-5
187,22,2.4668308643782666e-5
187,23,2.4668218108203632e-5
187,24,2.4668297106344994e-5
187,27,2.4668300623531536e-5
187,29,2.4668298629570984e-5
187,2,2.4668300915742236e-5
187,6,2.4668305733221985e-5
187,7,2.466830004266285e-5
187,8,2.4668301810137905e-5
188,10,2.466829705305429e-5
188,12,2.4668301163544015e-5
188,14,2.4668297876395684e-5
188,17,2.4668302461172686e-5
188,18,2.4668300237173924e-5
188,21,2.46685301323879e-5
188,22,2.4668260523164065e-5
188,23,2.466826340974393e-5
188,24,2.4668299404950744e-5
188,27,2.4668303525210433e-5
188,29,2.4668299866803522e-5
188,2,2.466830232439321e-5
188,6,2.4668299747787614e-5
188,7,2.4668299802854676e-5
188,8,2.4668300639518748e-5
189,10,2.4668298427066304e-5
189,12,2.4668299276164873e-5
189,14,2.4668203488786844e-5
189,17,2.4668290607543497e-5
189,18,2.4668300692809453e-5
189,21,2.4668235900193736e-5
189,22,2.4668309989372972e-5
189,23,2.4668403139749273e-5
189,24,2.4668297072594214e-5
189,27,2.46683012052884e-5
189,29,2.4668299747787614e-5
189,2,2.4668299904995195e-5
189,6,2.4668303995944996e-5
189,7,2.4668298520325038e-5
189,8,2.4668299927199655e-5
190,10,2.4668297701424535e-5
190,12,2.4668299989372144e-5
190,14,2.4668301702668316e-5
190,17,2.466829936764725e-5
190,18,2.4668299959174078e-5
190,21,2.4668260344640203e-5
190,22,2.4668303046482265e-5
190,23,2.4668307378128418e-5
190,24,2.4668298917340792e-5
190,27,2.4668301277230853e-5
190,29,2.4668300282471023e-5
190,2,2.466830091396588e-5
190,6,2.4668299196228816e-5
190,7,2.4668299861474452e-5
190,8,2.4668301136898663e-5
191,10,2.46683026006167e-5
191,12,2.4668299686503303e-5
191,14,2.4668287474050032e-5
191,17,2.466829732128417e-5
191,18,2.4668300294017342e-5
191,21,2.4668390025794906e-5
191,22,2.4668336206623565e-5
191,23,2.466830219027827e-5
191,24,2.4668306560116093e-5
191,27,2.4668307428754588e-5
191,29,2.4668300697250345e-5
191,2,2.4668303995056817e-5
191,6,2.466829448355412e-5
191,7,2.4668299369423607e-5
191,8,2.4668299971608576e-5
192,10,2.4668295576013577e-5
192,12,2.466829977887386e-5
192,14,2.4668314399178826e-5
192,17,2.4668301634278578e-5
192,18,2.4668300546260014e-5
192,21,2.4668330141253136e-5
192,22,2.466833045478012e-5
192,23,2.466831082870158e-5
192,24,2.4668306557451558e-5
192,27,2.466830203129433e-5
192,29,2.466829949199223e-5
192,2,2.466830258374131e-5
192,6,2.4668303387542778e-5
192,7,2.4668300397934217e-5
192,8,2.466830131808706e-5
193,10,2.4668286955353835e-5
193,12,2.4668299825059137e-5
193,14,2.4668256009441336e-5
193,17,2.4668291985108226e-5
193,18,2.4668300504515628e-5
193,21,2.4668343247213897e-5
193,22,2.4668238125968855e-5
193,23,2.4668276125794364e-5
193,24,2.4668302297747857e-5
193,27,2.466830195313463e-5
193,29,2.4668299357877288e-5
193,2,2.4668300619090644e-5
193,6,2.466830401104403e-5
193,7,2.4668299927199655e-5
193,8,2.466830101433004e-5
194,10,2.466831137315495e-5
194,12,2.4668299539953864e-5
194,14,2.4668295511176552e-5
194,17,2.4668294688723336e-5
194,18,2.4668300091512663e-5
194,21,2.466833774317223e-5
194,22,2.4668330652843906e-5
194,23,2.4668228851609797e-5
194,24,2.46683026334793e-5
194,27,2.466830083402982e-5
194,29,2.466829938452264e-5
194,2,2.4668300119046194e-5
194,6,2.466829647929103e-5
194,7,2.4668299835717278e-5
194,8,2.4668303220565235e-5
195,10,2.4668299634100777e-5
195,12,2.4668299600349997e-5
195,14,2.466829860381381e-5
195,17,2.4668289792195708e-5
195,18,2.4668299897889767e-5
195,21,2.4668409669637015e-5
195,22,2.466834298164855e-5
195,23,2.466834925307637e-5
195,24,2.4668285516504795e-5
195,27,2.4668300122598907e-5
195,29,2.466829888536637e-5
195,2,2.4668302653907404e-5
195,6,2.4668303129082858e-5
195,7,2.466829948044591e-5
195,8,2.466830081271354e-5
196,10,2.4668303749031395e-5
196,12,2.4668300898866846e-5
196,14,2.466827814018302e-5
196,17,2.4668297111674065e-5
196,18,2.4668300398822396e-5
196,21,2.4668411382933186e-5
196,22,2.4668258824966927e-5
196,23,2.4668140748751455e-5
196,24,2.4668303349351106e-5
196,27,2.4668301993990838e-5
196,29,2.4668299096752833e-5
196,2,2.4668301933594705e-5
196,6,2.46682984519353e-5
196,7,2.4668300243391172e-5
196,8,2.4668297759156133e-5
197,10,2.4668302743613424e-5
197,12,2.4668299027474916e-5
197,14,2.4668214649636866e-5
197,17,2.4668299865027166e-5
197,18,2.466830059244529e-5
197,21,2.4668483299628008e-5
197,22,2.4668324554610876e-5
197,23,2.466826102676123e-5
197,24,2.466829291680739e-5
197,27,2.466830099301376e-5
197,29,2.4668299555941076e-5
197,2,2.4668301096042455e-5
197,6,2.46683077369525e-5
197,7,2.4668300603103432e-5
197,8,2.4668298286734114e-5
198,10,2.4668297370133985e-5
198,12,2.4668300117269837e-5
198,14,2.466835559911118e-5
198,17,2.4668291624507788e-5
198,18,2.4668299799301963e-5
198,21,2.4668332181398966e-5
198,22,2.466825392755112e-5
198,23,2.4668006873618253e-5
198,24,2.4668296992658156e-5
198,27,2.4668300871333315e-5
198,29,2.4668301574770624e-5
198,2,2.466830030112277e-5
198,6,2.466829902036949e-5
198,7,2.4668299871244415e-5
198,8,2.466829892977529e-5
199,10,2.4668293530538676e-5
199,12,2.4668298223673446e-5
199,14,2.466831860559182e-5
199,17,2.466829504577106e-5
199,18,2.466830061642611e-5
199,21,2.4668380914860677e-5
199,22,2.4668314011933035e-5
199,23,2.4668325145249526e-5
199,24,2.4668295699470377e-5
199,27,2.466830079494997e-5
199,29,2.4668300375729757e-5
199,2,2.4668300974362012e-5
199,6,2.4668294688723336e-5
199,7,2.4668300039110136e-5
199,8,2.466830072744841e-5
200,10,2.466831366643163e-5
200,12,2.4668298911123543e-5
200,14,2.4668384717152492e-5
200,17,2.466828908254115e-5
200,18,2.466829967229245e-5
200,21,2.466845665249906e-5
200,22,2.4668296112473342e-5
200,23,2.4668253248982808e-5
200,24,2.4668294778429356e-5
200,27,2.4668301023211825e-5
200,29,2.4668300051544634e-5
200,2,2.4668299897889767e-5
200,6,2.4668329300148173e-5
200,7,2.4668300129704335e-5
200,8,2.4668300945052124e-5
201,10,2.4668307209374518e-5
201,12,2.4668299205998778e-5
201,14,2.4668284697604292e-5
201,17,2.466829362912648e-5
201,18,2.466829997516129e-5
201,21,2.4668409359662746e-5
201,22,2.466829711966767e-5
201,23,2.4668295942831264e-5
201,24,2.4668305486308384e-5
201,27,2.466830057112901e-5
201,29,2.4668298467034333e-5
201,2,2.4668302484265325e-5
201,6,2.466830241409923e-5
201,7,2.4668300101282625e-5
201,8,2.4668300238062102e-5
202,10,2.466829756908595e-5
202,12,2.4668300016905675e-5
202,14,2.4668282138762265e-5
202,17,2.4668297554875096e-5
202,18,2.466829902569856e-5
202,21,2.4668417296425105e-5
202,22,2.4668315282028175e-5
202,23,2.4668286501494663e-5
202,24,2.4668303912456224e-5
202,27,2.4668300758534656e-5
202,29,2.4668297797347805e-5
202,2,2.4668303001185166e-5
202,6,2.466830106584439e-5
202,7,2.4668299578145536e-5
202,8,2.466829957015193e-5
203,10,2.4668305720787487e-5
203,12,2.4668299242414093e-5
203,14,2.466826773162012e-5
203,17,2.466829481484467e-5
203,18,2.4668300184771397e-5
203,21,2.466820562041505e-5
203,22,2.4668350468992628e-5
203,23,2.4668312476272547e-5
203,24,2.4668294533292112e-5
203,27,2.4668300564023582e-5
203,29,2.4668302637032014e-5
203,2,2.466830203751158e-5
203,6,2.466830746694626e-5
203,7,2.4668299628771706e-5
203,8,2.4668300566688117e-5
204,10,2.466831038994144e-5
204,12,2.466829946889959e-5
204,14,2.466830763481198e-5
204,17,2.4668290896201484e-5
204,18,2.4668300613761573e-5
204,21,2.466831861802632e-5
204,22,2.4668264728688882e-5
204,23,2.4668356450874285e-5
204,24,2.466831251890511e-5
204,27,2.4668302568642275e-5
204,29,2.4668300293129164e-5
204,2,2.4668304677177844e-5
204,6,2.4668300302899127e-5
204,7,2.4668299917429692e-5
204,8,2.4668299905883373e-5
205,10,2.466830533709441e-5
205,12,2.4668300028451995e-5
205,14,2.4668271681349552e-5
205,17,2.466829811975657e-5
205,18,2.466829903013945e-5
205,21,2.466824069813356e-5
205,22,2.4668309353437223e-5
205,23,2.4668224485324686e-5
205,24,2.4668305782071798e-5
205,27,2.4668299855257203e-5
205,29,2.466830135272602e-5
205,2,2.4668300381947006e-5
205,6,2.4668301370489587e-5
205,7,2.4668299905883373e-5
205,8,2.4668299984043074e-5
206,10,2.4668305540487268e-5
206,12,2.4668301067620746e-5
206,14,2.466838832138052e-5
206,17,2.4668294861918127e-5
206,18,2.4668299864138987e-5
206,21,2.4668402996752548e-5
206,22,2.466829725555897e-5
206,23,2.466834454395439e-5
206,24,2.466829965985795e-5
206,27,2.4668299068331123e-5
206,29,2.4668299989372144e-5
206,2,2.4668299977825825e-5
206,6,2.4668288187257303e-5
206,7,2.4668299712260477e-5
206,8,2.466830010927623e-5
207,10,2.4668303360009247e-5
207,12,2.466830017144872e-5
207,14,2.4668287894158425e-5
207,17,2.466829706371243e-5
207,18,2.4668300533825516e-5
207,21,2.466831979841544e-5
207,22,2.46682619087224e-5
207,23,2.466832100633809e-5
207,24,2.466829968206241e-5
207,27,2.466829973979401e-5
207,29,2.4668298995500493e-5
207,2,2.4668303051811336e-5
207,6,2.4668305441899463e-5
207,7,2.4668300524055553e-5
207,8,2.46682988223057e-5
208,10,2.4668305474762064e-5
208,12,2.466829962610717e-5
208,14,2.4668309830389035e-5
208,17,2.466829496761136e-5
208,18,2.4668299933416904e-5
208,21,2.466849334759047e-5
208,22,2.4668323073129272e-5
208,23,2.4668321645826552e-5
208,24,2.4668307257336153e-5
208,27,2.466830177372259e-5
208,29,2.4668300472541205e-5
208,2,2.4668301793262515e-5
208,6,2.4668305088404452e-5
208,7,2.466830049829838e-5
208,8,2.4668300820707145e-5
209,10,2.4668302147645704e-5
209,12,2.4668300356189832e-5
209,14,2.466824687896718e-5
209,17,2.4668298557628532e-5
209,18,2.4668299751340328e-5
209,21,2.4668394215332512e-5
209,22,2.4668313821862853e-5
209,23,2.4668324309473633e-5
209,24,2.4668294171803495e-5
209,27,2.466830064928871e-5
209,29,2.466829828851047e-5
209,2,2.4668301718655528e-5
209,6,2.466830705660783e-5
209,7,2.4668299487551337e-5
209,8,2.4668298236107944e-5
210,10,2.4668304384967144e-5
210,12,2.4668299151819895e-5
210,14,2.4668309952069478e-5
210,17,2.466830844394252e-5
210,18,2.46683001146053e-5
210,21,2.466846912874132e-5
210,22,2.466822371793853e-5
210,23,2.4668292729401742e-5
210,24,2.4668287010420897e-5
210,27,2.4668301406904902e-5
210,29,2.466829989611341e-5
210,2,2.4668301834118722e-5
210,6,2.4668306430442044e-5
210,7,2.4668300173225077e-5
210,8,2.466830052583191e-5
211,10,2.4668299386298997e-5
211,12,2.466829942360249e-5
211,14,2.4668302018859833e-5
211,17,2.466829803093873e-5
211,18,2.4668300322439052e-5
211,21,2.4668327286647695e-5
211,22,2.466830480862825e-5
211,23,2.4668267706751124e-5
211,24,2.4668301347396948e-5
211,27,2.4668300742547444e-5
211,29,2.4668300680374955e-5
211,2,2.4668300875774207e-5
211,6,2.4668302203600945e-5
211,7,2.4668298691743473e-5
211,8,2.4668300153685152e-5
212,10,2.46682953486399e-5
212,12,2.4668299953845008e-5
212,14,2.4668256741300354e-5
212,17,2.4668299257513127e-5
212,18,2.466830077363369e-5
212,21,2.466836396841643e-5
212,22,2.466826330316252e-5
212,23,2.4668328078902846e-5
212,24,2.4668298994612314e-5
212,27,2.4668301145780447e-5
212,29,2.4668300299346413e-5
212,2,2.4668301701780138e-5
212,6,2.4668295010243924e-5
212,7,2.4668299325902865e-5
212,8,2.4668300146579725e-5
213,10,2.4668297357699487e-5
213,12,2.4668300096841733e-5
213,14,2.4668266336291822e-5
213,17,2.466829780534141e-5
213,18,2.4668299857921738e-5
213,21,2.4668386632065165e-5
213,22,2.466831166003658e-5
213,23,2.466834295855591e-5
213,24,2.4668308103770187e-5
213,27,2.4668300915742236e-5
213,29,2.4668299641206204e-5
213,2,2.466830253222696e-5
213,6,2.4668297009533546e-5
213,7,2.4668300113717123e-5
213,8,2.4668300613761573e-5
214,10,2.466830626435268e-5
214,12,2.4668299225538703e-5
214,14,2.4668260931726138e-5
214,17,2.466830028424738e-5
214,18,2.4668300280694666e-5
214,21,2.4668413670880796e-5
214,22,2.4668321940701787e-5
214,23,2.4668331501054297e-5
214,24,2.4668297341712275e-5
214,27,2.466829911540458e-5
214,29,2.466829882852295e-5
214,2,2.466829863223552e-5
214,6,2.4668294142493608e-5
214,7,2.466830002578746e-5
214,8,2.4668301473518284e-5
215,10,2.466830184655322e-5
215,12,2.466830019454136e-5
215,14,2.4668301243480073e-5
215,17,2.466829454483843e-5
215,18,2.466830044678403e-5
215,21,2.4668247990078385e-5
215,22,2.4668286262574668e-5
215,23,2.4668354787316105e-5
215,24,2.4668305671049495e-5
215,27,2.4668300642183283e-5
215,29,2.46683005880044e-5
215,2,2.466830018921229e-5
215,6,2.46683001270398e-5
215,7,2.4668300296681878e-5
215,8,2.4668299495544943e-5
216,10,2.4668303226782484e-5
216,12,2.4668301079167065e-5
216,14,2.466821075763903e-5
216,17,2.4668294847707273e-5
216,18,2.4668299910324265e-5
216,21,2.466835714542981e-5
216,22,2.466829316283281e-5
216,23,2.4668458166843266e-5
216,24,2.4668292843976758e-5
216,27,2.4668301653818503e-5
216,29,2.4668298248542442e-5
216,2,2.4668300339314442e-5
216,6,2.4668316832787696e-5
216,7,2.4668299270835803e-5
216,8,2.4668300349084404e-5
217,10,2.4668301819907867e-5
217,12,2.4668300847352498e-5
217,14,2.466831194603003e-5
217,17,2.4668299730912224e-5
217,18,2.46683000817427e-5
217,21,2.4668400810057278e-5
217,22,2.4668308587827426e-5
217,23,2.4668380539161205e-5
217,24,2.4668298061136795e-5
217,27,2.466830208902593e-5
217,29,2.4668297285757035e-5
217,2,2.4668299307251118e-5
217,6,2.4668297960772634e-5
217,7,2.4668298556740353e-5
217,8,2.4668300381947006e-5
218,10,2.46683062306019e-5
218,12,2.4668301398023118e-5
218,14,2.4668373789005216e-5
218,17,2.4668296221719288e-5
218,18,2.4668299197116994e-5
218,21,2.466835201886397e-5
218,22,2.4668328516774807e-5
218,23,2.466830743408366e-5
218,24,2.466829183056518e-5
218,27,2.466830019454136e-5
218,29,2.466829912073365e-5
218,2,2.466830038461154e-5
218,6,2.4668297543328777e-5
218,7,2.4668300263819276e-5
218,8,2.4668300416585964e-5
219,10,2.4668298413743628e-5
219,12,2.4668299428043383e-5
219,14,2.4668281001893888e-5
219,17,2.466829954173022e-5
219,18,2.4668300906860452e-5
219,21,2.4668219050560936e-5
219,22,2.4668292501139888e-5
219,23,2.466839970161061e-5
219,24,2.4668293593599344e-5
219,27,2.466829971581319e-5
219,29,2.466830144154386e-5
219,2,2.4668304332564617e-5
219,6,2.466830195313463e-5
219,7,2.466830001424114e-5
219,8,2.4668300527608267e-5
220,10,2.4668298010510625e-5
220,12,2.4668299820618245e-5
220,14,2.466831561154237e-5
220,17,2.4668294012819558e-5
220,18,2.4668299956509543e-5
220,21,2.4668306080499747e-5
220,22,2.4668288207685407e-5
220,23,2.4668270993011276e-5
220,24,2.4668293293395038e-5
220,27,2.4668300968144763e-5
220,29,2.4668300987684688e-5
220,2,2.4668305068864527e-5
220,6,2.466830294789446e-5
220,7,2.466829990144248e-5
220,8,2.466829995295683e-5
221,10,2.466830322855884e-5
221,12,2.4668299674956984e-5
221,14,2.466829270719728e-5
221,17,2.4668293821861198e-5
221,18,2.4668301052521713e-5
221,21,2.4668267857741455e-5
221,22,2.466831470027131e-5
221,23,1.8501218649547013e-5
221,24,2.4668298408414557e-5
221,27,2.466830054181912e-5
221,29,2.4668300577346258e-5
221,2,2.4668301887409427e-5
221,6,2.4668297764485203e-5
221,7,2.46682994520242e-5
221,8,2.4668299960950435e-5
222,10,2.4668304964059473e-5
222,12,2.4668299595909104e-5
222,14,2.4668281558781757e-5
222,17,2.4668293875151903e-5
222,18,2.4668300033781065e-5
222,21,2.4668455530729716e-5
222,22,2.466826409452949e-5
222,23,2.466834355452363e-5
222,24,2.466828737457405e-5
222,27,2.466830121061747e-5
222,29,2.4668299489327694e-5
222,2,2.466830275782428e-5
222,6,2.4668300720342984e-5
222,7,2.4668299532848437e-5
222,8,2.4668299837493635e-5
223,10,2.4668295814933572e-5
223,12,2.4668299526631188e-5
223,14,2.4668305933950307e-5
223,17,2.4668299417385242e-5
223,18,2.4668300588892578e-5
223,21,2.466826127367483e-5
223,22,2.4668287814222367e-5
223,23,2.4668289016815947e-5
223,24,2.466830168934564e-5
223,27,2.46683010036719e-5
223,29,2.4668298370222885e-5
223,2,2.4668300496522022e-5
223,6,2.4668302201824588e-5
223,7,2.4668300534713694e-5
223,8,2.46683003286563e-5
224,10,2.4668302411434695e-5
224,12,2.466830243719187e-5
224,14,2.466829275338256e-5
224,17,2.4668292923024637e-5
224,18,2.4668299561270146e-5
224,21,2.4668461661825347e-5
224,22,2.466821886226711e-5
224,23,2.466835883119245e-5
224,24,2.4668295066199164e-5
224,27,2.4668300590668935e-5
224,29,2.466829966518702e-5
224,2,2.466830169556289e-5
224,6,2.4668304422270637e-5
224,7,2.466829949199223e-5
224,8,2.4668300052432812e-5
225,10,2.4668312921249935e-5
225,12,2.466830061553793e-5
225,14,2.466825280311724e-5
225,17,2.466829626524003e-5
225,18,2.466830039704604e-5
225,21,2.466817099477936e-5
225,22,2.4668322314624902e-5
225,23,2.4668232471825036e-5
225,24,2.4668302007313514e-5
225,27,2.4668301876751286e-5
225,29,2.4668301423780292e-5
225,2,2.4668301247032787e-5
225,6,2.4668298932439825e-5
225,7,2.4668299594132748e-5
225,8,2.466830051428559e-5
226,10,2.466830300473788e-5
226,12,2.4668299743346722e-5
226,14,2.4668276235928488e-5
226,17,2.466829752467703e-5
226,18,2.4668299100305546e-5
226,21,2.466826920333176e-5
226,22,2.4668300948604838e-5
226,23,2.4668426731544457e-5
226,24,2.4668294429375237e-5
226,27,2.4668300658170494e-5
226,29,2.4668298240548836e-5
226,2,2.4668300842911606e-5
226,6,2.4668298773455888e-5
226,7,2.4668300107499874e-5
226,8,2.4668298202357164e-5
227,10,2.4668301449537466e-5
227,12,2.466830025671385e-5
227,14,2.4668311640496654e-5
227,17,2.4668301428221184e-5
227,18,2.4668300454777636e-5
227,21,2.4668383383996684e-5
227,22,2.466830198066816e-5
227,23,2.4668254942739054e-5
227,24,2.4668303119312895e-5
227,27,2.4668299909436087e-5
227,29,2.4668299652752523e-5
227,2,2.4668300797614506e-5
227,6,2.466830466740788e-5
227,7,2.4668299861474452e-5
227,8,2.4668300248720243e-5
228,10,2.466830088554417e-5
228,12,2.4668300254937492e-5
228,14,2.466829650238367e-5
228,17,2.466830087488603e-5
228,18,2.466829651925906e-5
228,21,2.4668338274302926e-5
228,22,2.466829524827574e-5
228,23,2.466827649350023e-5
228,24,2.4668304677177844e-5
228,27,2.4668301170649443e-5
228,29,2.4668300051544634e-5
228,2,2.466830078429183e-5
228,6,2.4668291300322664e-5
228,7,2.4668299202446065e-5
228,8,2.4668299939634153e-5
229,10,2.4668303450603446e-5
229,12,2.466829974956397e-5
229,14,2.466831003022918e-5
229,17,2.4668292486040855e-5
229,18,2.4668300586228042e-5
229,21,2.466824825653191e-5
229,22,2.4668275254491334e-5
229,23,2.466835033310133e-5
229,24,2.4668296005891932e-5
229,27,2.4668301007224613e-5
229,29,2.4668301303876206e-5
229,2,2.466830185277047e-5
229,6,2.4668300682151312e-5
229,7,2.46683000817427e-5
229,8,2.466829989078434e-5
230,10,2.4668296825680613e-5
230,12,2.4668299316132902e-5
230,14,2.4668227892377104e-5
230,17,2.466830160496869e-5
230,18,2.4668297432306474e-5
230,21,2.4668362970992064e-5
230,22,2.4668291417562216e-5
230,23,2.466812343548952e-5
230,24,2.4668299337449184e-5
230,27,2.466829981173646e-5
230,29,2.4668301174202156e-5
230,2,2.4668301113806024e-5
230,6,2.4668301600527798e-5
230,7,2.4668299569263752e-5
230,8,2.466829881697663e-5
231,10,2.46683081197574e-5
231,12,2.4668300478758454e-5
231,14,2.4668260248716933e-5
231,17,2.466829848035701e-5
231,18,2.4668299833052743e-5
231,21,2.466824648017507e-5
231,22,2.4668285842466275e-5
231,23,2.4668393292515134e-5
231,24,2.4668298280516865e-5
231,27,2.4668301342956056e-5
231,29,2.4668298515884146e-5
231,2,2.4668300119934372e-5
231,6,2.466830671288278e-5
231,7,2.466829930103387e-5
231,8,2.466829916070168e-5
232,10,2.466830321257163e-5
232,12,2.4668300482311167e-5
232,14,2.4668310066644494e-5
232,17,2.4668294396512636e-5
232,18,2.4668299546171113e-5
232,21,2.466841345505344e-5
232,22,2.466832569858468e-5
232,23,2.466836316461496e-5
232,24,2.4668307594843952e-5
232,27,2.466830012171073e-5
232,29,2.4668299467123234e-5
232,2,2.4668301102259704e-5
232,6,2.4668294960505932e-5
232,7,2.4668300034669244e-5
232,8,2.466830047431756e-5
233,10,2.4668309852593495e-5
233,12,2.4668298611807415e-5
233,14,2.466827684255435e-5
233,17,2.4668294333451968e-5
233,18,2.466830004799192e-5
233,21,2.4668317332832146e-5
233,22,2.4668322981646895e-5
233,23,2.466836619330337e-5
233,24,2.466829874325782e-5
233,27,2.466830185188229e-5
233,29,2.4668299729135867e-5
233,2,2.466830000891207e-5
233,6,2.4668300897978668e-5
233,7,2.4668299996477572e-5
233,8,2.466830022207489e-5
234,10,2.4668293105101213e-5
234,12,2.4668300405927823e-5
234,14,2.4668245325543126e-5
234,17,2.466829567016049e-5
234,18,2.466830003733378e-5
234,21,2.4668363573177032e-5
234,22,2.4668279968942386e-5
234,23,2.4668244263281736e-5
234,24,2.46683009130777e-5
234,27,2.466830001512932e-5
234,29,2.4668298397756416e-5
234,2,2.466830335201564e-5
234,6,2.4668300507180163e-5
234,7,2.466830001512932e-5
234,8,2.466829973890583e-5
235,10,2.466830732572589e-5
235,12,2.466829964298256e-5
235,14,2.466828944758248e-5
235,17,2.4668294975604965e-5
235,18,2.4668300140362476e-5
235,21,2.466825591085353e-5
235,22,2.4668321125353998e-5
235,23,2.466825812685869e-5
235,24,2.4668301592534192e-5
235,27,2.46683008802151e-5
235,29,2.4668298798324884e-5
235,2,2.4668301921160207e-5
235,6,2.4668302422981014e-5
235,7,2.4668300332209014e-5
235,8,2.4668300977026547e-5
236,10,2.4668309696274093e-5
236,12,2.466830127278996e-5
236,14,2.466828774494445e-5
236,17,2.466829949820948e-5
236,18,2.4668299174024355e-5
236,21,2.466836006664863e-5
236,22,2.4668317450959876e-5
236,23,2.466828581138003e-5
236,24,2.46683051852159e-5
236,27,2.4668300759422834e-5
236,29,2.4668300678598598e-5
236,2,2.466830245850815e-5
236,6,2.4668301687569283e-5
236,7,2.4668299606567246e-5
236,8,2.4668300920183128e-5
237,10,2.4668309486663986e-5
237,12,2.4668299500874014e-5
237,14,2.4668300433461354e-5
237,17,2.46682966862366e-5
237,18,2.466830055869451e-5
237,21,2.4668327040622273e-5
237,22,2.466829642333579e-5
237,23,2.466829160141515e-5
237,24,2.466829187142139e-5
237,27,2.4668300566688117e-5
237,29,2.466830065994685e-5
237,2,2.4668299869468058e-5
237,6,2.466830120617658e-5
237,7,2.466829960479089e-5
237,8,2.4668301100483347e-5
238,10,2.4668300336649907e-5
238,12,2.466830078429183e-5
238,14,2.4668306096486958e-5
238,17,2.4668296330077055e-5
238,18,2.4668300341978977e-5
238,21,2.4668486099166387e-5
238,22,2.46681351825373e-5
238,23,2.4668238935099396e-5
238,24,2.4668292017970828e-5
238,27,2.466830104808082e-5
238,29,2.466830051428559e-5
238,2,2.4668301220387434e-5
238,6,2.4668302311070534e-5
238,7,2.4668300528496445e-5
238,8,2.4668299399621674e-5
239,10,2.4668303472807906e-5
239,12,2.4668299460905985e-5
239,14,2.4668303983510498e-5
239,17,2.4668298469698868e-5
239,18,2.4668300277141952e-5
239,21,2.466839478909577e-5
239,22,2.4668274078543106e-5
239,23,2.4668256576987346e-5
239,24,2.4668299134944505e-5
239,27,2.466830048142299e-5
239,29,2.4668300983243796e-5
239,2,2.46683019256011e-5
239,6,2.466828861091841e-5
239,7,2.4668299854369025e-5
239,8,2.466830027891831e-5
240,10,2.4668313875153558e-5
240,12,2.4668299695385087e-5
240,14,2.4668263001181856e-5
240,17,2.4668298127750177e-5
240,18,2.466829995206865e-5
240,21,2.466840761616851e-5
240,22,2.4668345135481218e-5
240,23,2.4668316553899672e-5
240,24,2.4668302114783103e-5
240,27,2.466830081715443e-5
240,29,2.4668299461794163e-5
240,2,2.4668298627794627e-5
240,6,2.4668303783670353e-5
240,7,2.4668298947538858e-5
240,8,2.4668300563135404e-5
241,10,2.466830676439713e-5
241,12,2.466829979486107e-5
241,14,2.4668216061840553e-5
241,17,2.4668285145246216e-5
241,18,2.4668298936880717e-5
241,21,2.4668208687295134e-5
241,22,2.4668332378574576e-5
241,23,2.4668232858182648e-5
241,24,2.4668301460195607e-5
241,27,2.4668301556118877e-5
241,29,2.466830042546775e-5
241,2,2.4668301855435004e-5
241,6,2.4668299921870585e-5
241,7,2.466829977265661e-5
241,8,2.466830002578746e-5
242,10,2.4668297100127745e-5
242,12,2.466830011016441e-5
242,14,2.4668289927198828e-5
242,17,2.4668298341801176e-5
242,18,2.4668300695473988e-5
242,21,2.466840972825679e-5
242,22,2.466833417535952e-5
242,23,2.4668432152097353e-5
242,24,2.4668302529562425e-5
242,27,2.4668302671670972e-5
242,29,2.4668299555052897e-5
242,2,2.466830156500066e-5
242,6,2.4668299583474607e-5
242,7,2.4668300680374955e-5
242,8,2.4668300639518748e-5
243,10,2.466829629277356e-5
243,12,2.4668301276342675e-5
243,14,2.4668256986437598e-5
243,17,2.4668298605590167e-5
243,18,2.4668300024011103e-5
243,21,2.466835780889909e-5
243,22,2.4668331913169084e-5
243,23,2.4668493528778868e-5
243,24,2.46682986988489e-5
243,27,2.4668300500962914e-5
243,29,2.4668299118069115e-5
243,2,2.4668303181485385e-5
243,6,2.4668303345798392e-5
243,7,2.466830023983846e-5
243,8,2.4668300813601718e-5
244,10,2.4668296454422034e-5
244,12,2.4668300066643667e-5
244,14,2.4668265283800395e-5
244,17,2.4668295409924212e-5
244,18,2.4668300392605147e-5
244,21,2.466841030646094e-5
244,22,2.466820016433502e-5
244,23,2.4668280384609886e-5
244,24,2.4668293946206177e-5
244,27,2.4668302838648515e-5
244,29,2.4668299976049468e-5
244,2,2.4668302399888375e-5
244,6,2.466829941294435e-5
244,7,2.4668298888030904e-5
244,8,2.4668301370489587e-5
245,10,2.4668303423958093e-5
245,12,2.4668299746011257e-5
245,14,2.4668274314798566e-5
245,17,2.4668295159457898e-5
245,18,2.4668300238062102e-5
245,21,2.466834162184739e-5
245,22,2.466830438052625e-5
245,23,2.4668204818389938e-5
245,24,2.4668299150931716e-5
245,27,2.4668300912189522e-5
245,29,2.466829815350735e-5
245,2,2.4668301219499256e-5
245,6,2.4668293496787896e-5
245,7,2.466830012082255e-5
245,8,2.4668301798591585e-5
246,10,2.4668294075880226e-5
246,12,2.466829929481662e-5
246,14,2.466833550673897e-5
246,17,2.4668299372088143e-5
246,18,2.4668299900554302e-5
246,21,2.466832254555129e-5
246,22,2.4668302557984134e-5
246,23,2.4668349887235763e-5
246,24,2.4668285972140325e-5
246,27,2.4668301129793235e-5
246,29,2.4668299461794163e-5
246,2,2.4668301024988182e-5
246,6,2.4668306452646505e-5
246,7,2.466830010927623e-5
246,8,2.4668298471475225e-5
247,10,2.466830773162343e-5
247,12,2.4668300897978668e-5
247,14,2.4668272675221203e-5
247,17,2.466829226932532e-5
247,18,2.466829994762776e-5
247,21,2.466830316727453e-5
247,22,2.4668278462591786e-5
247,23,2.4668306711106425e-5
247,24,2.4668301680463856e-5
247,27,2.4668302057051505e-5
247,29,2.466830144243204e-5
247,2,2.466830319036717e-5
247,6,2.4668306139119522e-5
247,7,2.4668300243391172e-5
247,8,2.4668299299257512e-5
248,10,2.466830526426378e-5
248,12,2.4668300506291985e-5
248,14,2.4668271751515647e-5
248,17,2.46682964517575e-5
248,18,2.466829970426687e-5
248,21,2.466838487080736e-5
248,22,2.4668289866802695e-5
248,23,2.4668110029324453e-5
248,24,2.4668291925600272e-5
248,27,2.4668301431773898e-5
248,29,2.466829864822273e-5
248,2,2.4668301046304464e-5
248,6,2.4668303439057127e-5
248,7,2.466830022207489e-5
248,8,2.4668299810848282e-5
249,10,2.466830539216147e-5
249,12,2.466830029490552e-5
249,14,2.4668276755512863e-5
249,17,2.466829876723864e-5
249,18,2.4668299934305082e-5
249,21,2.4668401059635414e-5
249,22,2.4668300371288865e-5
249,23,2.4668368719282796e-5
249,24,2.4668299061225696e-5
249,27,2.4668301164432194e-5
249,29,2.4668299982266717e-5
249,2,2.466830008085452e-5
249,6,2.4668297545993312e-5
249,7,2.466829982950003e-5
249,8,2.4668300202534965e-5
250,10,2.466830084557614e-5
250,12,2.466830028424738e-5
250,14,2.4668306993547162e-5
250,17,2.4668301612074117e-5
250,18,2.466830019365318e-5
250,21,2.4668315516507278e-5
250,22,2.4668316505938037e-5
250,23,2.466831385117274e-5
250,24,2.4668305871777818e-5
250,27,2.4668301856323183e-5
250,29,2.4668299864138987e-5
250,2,2.466830115466223e-5
250,6,2.4668297819552265e-5
250,7,2.4668299488439516e-5
250,8,2.466830168934564e-5
251,10,2.46683001599024e-5
251,12,2.4668300393493325e-5
251,14,2.4668314041242922e-5
251,17,2.4668289171358992e-5
251,18,2.4668300443231317e-5
251,21,2.4668392510918125e-5
251,22,2.466829294966999e-5
251,23,2.466838496051338e-5
251,24,2.466829413627636e-5
251,27,2.4668300468100313e-5
251,29,2.4668301427333006e-5
251,2,2.466830234038042e-5
251,6,2.4668300893537776e-5
251,7,2.4668299854369025e-5
251,8,2.466829858605024e-5
252,10,2.466831116443302e-5
252,12,2.466830015546151e-5
252,14,2.466829786662572e-5
252,17,2.466829249492264e-5
252,18,2.4668300994790116e-5
252,21,2.466827368241553e-5
252,22,2.4668322864407344e-5
252,23,2.466821631141869e-5
252,24,2.4668301843000506e-5
252,27,2.4668302216035443e-5
252,29,2.466830022296307e-5
252,2,2.4668301400687653e-5
252,6,2.4668300938834875e-5
252,7,2.466830021052857e-5
252,8,2.4668298347130246e-5
253,10,2.4668296786600763e-5
253,12,2.4668299920094228e-5
253,14,2.4668317815113028e-5
253,17,2.466828794212006e-5
253,18,2.4668299724694975e-5
253,21,2.4668436362063062e-5
253,22,2.4668310162567764e-5
253,23,2.466825619773516e-5
253,24,2.4668296668473033e-5
253,27,2.4668300627972428e-5
253,29,2.466829751934796e-5
253,2,2.466830120617658e-5
253,6,2.4668301951358274e-5
253,7,2.4668300546260014e-5
253,8,2.466829957104011e-5
254,10,2.4668310194542187e-5
254,12,2.466829978864382e-5
254,14,2.4668321875864763e-5
254,17,2.466829742253651e-5
254,18,2.466830044678403e-5
254,21,2.4668392669902062e-5
254,22,2.46683069713427e-5
254,23,2.466819569058032e-5
254,24,2.4668313073128445e-5
254,27,2.4668300804719934e-5
254,29,2.466830016079058e-5
254,2,2.4668300322439052e-5
254,6,2.4668305091957166e-5
254,7,2.4668300203423144e-5
254,8,2.466830069458581e-5
255,10,2.466829632652434e-5
255,12,2.466829875480414e-5
255,14,2.466829999736575e-5
255,17,2.466829765968015e-5
255,18,2.466829991387698e-5
255,21,2.466844212456465e-5
255,22,2.46682966080769e-5
255,23,2.4668359102086868e-5
255,24,2.4668296925156596e-5
255,27,2.4668300377506114e-5
255,29,2.4668298846286518e-5
255,2,2.4668300983243796e-5
255,6,2.4668301360719624e-5
255,7,2.466830001424114e-5
255,8,2.4668297169405662e-5
256,10,2.466830679814791e-5
256,12,2.4668300296681878e-5
256,14,2.4668256932258714e-5
256,17,2.4668296943808343e-5
256,18,2.466829978420293e-5
256,21,2.4668303743702324e-5
256,22,2.4668244377856752e-5
256,23,2.4668310734554666e-5
256,24,2.4668299586139142e-5
256,27,2.466829977887386e-5
256,29,2.4668299183794318e-5
256,2,2.46683005427073e-5
256,6,2.4668305744768304e-5
256,7,2.466829968827966e-5
256,8,2.466829595615394e-5
257,10,2.466830016611965e-5
257,12,2.4668300086183592e-5
257,14,2.4668280998341174e-5
257,17,2.4668292473606357e-5
257,18,2.466830101433004e-5
257,21,2.466840688963856e-5
257,22,2.4668301322527952e-5
257,23,2.4668232565971948e-5
257,24,2.4668294081209297e-5
257,27,2.4668300437902246e-5
257,29,2.4668300007135713e-5
257,2,2.4668300586228042e-5
257,6,2.4668296463303818e-5
257,7,2.4668299905883373e-5
257,8,2.4668299870356236e-5
258,10,2.4668304351216364e-5
258,12,2.4668300214969463e-5
258,14,2.4668254870796602e-5
258,17,2.4668295195873213e-5
258,18,2.466830285907662e-5
258,21,2.4668224996915455e-5
258,22,2.4668235682590023e-5
258,23,2.4668335868227587e-5
258,24,2.46682987770086e-5
258,27,2.4668300055985526e-5
258,29,2.4668299934305082e-5
258,2,2.4668300653729602e-5
258,6,2.4668301884744892e-5
258,7,2.4668300468100313e-5
258,8,2.4668302168073808e-5
259,10,2.4668293204577196e-5
259,12,2.4668298791219456e-5
259,14,2.4668295149687935e-5
259,17,2.466829658587244e-5
259,18,2.466830054892455e-5
259,21,2.466831625191901e-5
259,22,2.4668345503187084e-5
259,23,2.4668337396782647e-5
259,24,2.466829461233999e-5
259,27,2.4668304064334734e-5
259,29,2.4668298730823324e-5
259,2,2.4668300198094073e-5
259,6,2.4668297442076437e-5
259,7,2.4668299791308357e-5
259,8,2.466829926106584e-5
260,10,2.4668299686503303e-5
260,12,2.466829961456085e-5
260,14,2.4668235462321775e-5
260,17,2.466829779912416e-5
260,18,2.466830035174894e-5
260,21,2.46682859978975e-5
260,22,2.4668298658880872e-5
260,23,2.4668147509565586e-5
260,24,2.466830710190493e-5
260,27,2.4668301910502066e-5
260,29,2.466829948666316e-5
260,2,2.4668303569619354e-5
260,6,2.4668301766617162e-5
260,7,2.4668302641472906e-5
260,8,2.46683004645476e-5
261,10,2.4668298481245188e-5
261,12,2.466830132963338e-5
261,14,2.4668278924444564e-5
261,17,2.466829683278604e-5
261,18,2.4668300291352807e-5
261,21,2.466838449421971e-5
261,22,2.4668244509307158e-5
261,23,2.466858453153975e-5
261,24,2.466829767566736e-5
261,27,2.4668301255026392e-5
261,29,2.4668298522989573e-5
261,2,2.466829749625532e-5
261,6,2.4668302647690155e-5
261,7,2.466829833380757e-5
261,8,2.4668300437902246e-5
262,10,2.4668295912633198e-5
262,12,2.466829970515505e-5
262,14,2.4668296520147237e-5
262,17,2.4668300299346413e-5
262,18,2.466829892977529e-5
262,21,2.4668321644050195e-5
262,22,2.4668292843976758e-5
262,23,2.466827134028904e-5
262,24,2.4668299417385242e-5
262,27,2.466830114489227e-5
262,29,2.4668299184682496e-5
262,2,2.466830120084751e-5
262,6,2.466830274627796e-5
262,7,2.4668298380881026e-5
262,8,2.4668299094976476e-5
263,10,2.4668300545371835e-5
263,12,2.4668300792285436e-5
263,14,2.4668291737306447e-5
263,17,2.4668292765817057e-5
263,18,2.4668299809960104e-5
263,21,2.466822482549702e-5
263,22,2.4668268065575205e-5
263,23,2.4668162443397534e-5
263,24,2.466830828140587e-5
263,27,2.4668301196406617e-5
263,29,2.4668299903218838e-5
263,2,2.4668300332209014e-5
263,6,2.4668302737396175e-5
263,7,2.4668299336561006e-5
263,8,2.4668299825947315e-5
264,10,2.466829909852919e-5
264,12,2.466829979486107e-5
264,14,2.4668289558604783e-5
264,17,2.466830031799816e-5
264,18,2.4668299397845317e-5
264,21,2.4668403347583023e-5
264,22,2.4668250003578862e-5
264,23,2.4668313428399813e-5
264,24,2.4668297825769514e-5
264,27,2.466830086245153e-5
264,29,2.46682998348291e-5
264,2,2.4668300456553993e-5
264,6,2.466829937297632e-5
264,7,2.4668299388075354e-5
264,8,2.46683017568472e-5
265,10,2.466830249847618e-5
265,12,2.466829980551921e-5
265,14,2.466824042812732e-5
265,17,2.4668302096131356e-5
265,18,2.466830049296931e-5
265,21,2.466848695181767e-5
265,22,2.466831240077738e-5
265,23,2.4668163522534314e-5
265,24,2.4668302456731794e-5
265,27,2.4668301770169876e-5
265,29,2.4668298690855295e-5
265,2,2.4668301389141334e-5
265,6,2.466830023895028e-5
265,7,2.4668300786956365e-5
265,8,2.4668298656216336e-5
266,10,2.466830872638326e-5
266,12,2.46683002051995e-5
266,14,2.4668275255379513e-5
266,17,2.4668294862806306e-5
266,18,2.4668299775321145e-5
266,21,2.4668322819110244e-5
266,22,2.4668218888024285e-5
266,23,2.4668480048006813e-5
266,24,2.466829896352607e-5
266,27,2.4668301718655528e-5
266,29,2.466829999203668e-5
266,2,2.4668301817243332e-5
266,6,2.46683001146053e-5
266,7,2.466830003200471e-5
266,8,2.4668300527608267e-5
267,10,2.4668298387098275e-5
267,12,2.466830009328902e-5
267,14,2.4668227319502023e-5
267,17,2.4668299134056326e-5
267,18,2.466829996450315e-5
267,21,2.466833921044298e-5
267,22,2.4668318231668707e-5
267,23,2.4668307563757708e-5
267,24,2.466831104719347e-5
267,27,2.4668300231844853e-5
267,29,2.4668297960772634e-5
267,2,2.466830145930743e-5
267,6,2.4668301466412856e-5
267,7,2.4668299909436087e-5
267,8,2.4668298642005482e-5
268,10,2.4668296420671254e-5
268,12,2.4668299973384933e-5
268,14,2.4668263894689346e-5
268,17,2.4668294941854185e-5
268,18,2.4668300568464474e-5
268,21,2.466825983393761e-5
268,22,2.466829936764725e-5
268,23,2.466826337510497e-5
268,24,2.4668297408325657e-5
268,27,2.466830087932692e-5
268,29,2.4668301423780292e-5
268,2,2.466829933478465e-5
268,6,2.4668301850994112e-5
268,7,2.4668300220298534e-5
268,8,2.4668299482222267e-5
269,10,2.4668295099061766e-5
269,12,2.466830045921853e-5
269,14,2.4668312667230907e-5
269,17,2.466829741276655e-5
269,18,2.466830040859236e-5
269,21,2.4668321502829826e-5
269,22,2.4668292840424044e-5
269,23,2.4668270660832547e-5
269,24,2.4668286307871767e-5
269,27,2.466830153124988e-5
269,29,2.466829956393468e-5
269,2,2.466830030734002e-5
269,6,2.46683048930052e-5
269,7,2.4668299133168148e-5
269,8,2.466829882763477e-5
270,10,2.4668300704355772e-5
270,12,2.4668300084407235e-5
270,14,2.466819010304988e-5
270,17,2.4668295064422807e-5
270,18,2.4668299470675947e-5
270,21,2.4668449586151553e-5
270,22,2.4668341550793116e-5
270,23,2.466835138470458e-5
270,24,2.466830547120935e-5
270,27,2.4668300747876515e-5
270,29,2.4668300026675638e-5
270,2,2.4668300000030285e-5
270,6,2.466830629810346e-5
270,7,2.466829981173646e-5
270,8,2.466829951952576e-5
271,10,2.466830313441193e-5
271,12,2.4668298488350615e-5
271,14,2.4668281718653873e-5
271,17,2.466829403413584e-5
271,18,2.466830111647056e-5
271,21,2.466823744828872e-5
271,22,2.4668326257248907e-5
271,23,2.4668347712086813e-5
271,24,2.466830842706713e-5
271,27,2.466830059333347e-5
271,29,2.4668299769992075e-5
271,2,2.4668301467301035e-5
271,6,2.466830026115474e-5
271,7,2.4668300707908486e-5
271,8,2.466830117686669e-5
272,10,2.4668303391095492e-5
272,12,2.466830047431756e-5
272,14,2.4668304975605793e-5
272,17,2.4668294329899254e-5
272,18,2.4668299140273575e-5
272,21,2.4668438918240554e-5
272,22,2.466832172487443e-5
272,23,2.466848147175682e-5
272,24,2.4668298376440134e-5
272,27,2.4668302213370907e-5
272,29,2.466829949199223e-5
272,2,2.4668301455754715e-5
272,6,2.4668294670959767e-5
272,7,2.4668300293129164e-5
272,8,2.4668300810937183e-5
273,10,2.46682970361789e-5
273,12,2.466830003111653e-5
273,14,2.4668269555050415e-5
273,17,2.4668302658348296e-5
273,18,2.4668299774432967e-5
273,21,2.466819509372442e-5
273,22,2.4668337898603454e-5
273,23,2.4668253088222514e-5
273,24,2.4668302057051505e-5
273,27,2.466830089087324e-5
273,29,2.4668299226426882e-5
273,2,2.4668302727626212e-5
273,6,2.466830443825785e-5
273,7,2.4668301103147883e-5
273,8,2.466829827252326e-5
274,10,2.4668303771235855e-5
274,12,2.4668300482311167e-5
274,14,2.4668293245433404e-5
274,17,2.4668295975693866e-5
274,18,2.466829961544903e-5
274,21,2.4668367095692645e-5
274,22,2.4668279310802177e-5
274,23,2.4668502487834587e-5
274,24,2.466830345948523e-5
274,27,2.466829964831163e-5
274,29,2.4668300865116066e-5
274,2,2.4668299522190296e-5
274,6,2.466828747049732e-5
274,7,2.4668300260266562e-5
274,8,2.466830046365942e-5
275,10,2.4668298860497373e-5
275,12,2.4668300370400686e-5
275,14,2.4668213049139354e-5
275,17,2.4668295806051788e-5
275,18,2.466829949820948e-5
275,21,2.4668287988305337e-5
275,22,2.46682748361593e-5
275,23,2.4668394331683885e-5
275,24,2.466829625902278e-5
275,27,2.4668301325192488e-5
275,29,2.4668300389052433e-5
275,2,2.4668301168873086e-5
275,6,2.4668294424934345e-5
275,7,2.4668300285135558e-5
275,8,2.4668300375729757e-5
276,10,2.466829958702732e-5
276,12,2.4668300405927823e-5
276,14,2.4668275157679886e-5
276,17,2.466828987035541e-5
276,18,2.4668300405039645e-5
276,21,2.4668271829675348e-5
276,22,2.4668195686139427e-5
276,23,2.4668280418360666e-5
276,24,2.4668304957842224e-5
276,27,2.4668299664298843e-5
276,29,2.4668299493768586e-5
276,2,2.4668300539154586e-5
276,6,2.466831064218411e-5
276,7,2.4668300572905366e-5
276,8,2.4668301378483193e-5
277,10,2.4668304895669735e-5
277,12,2.4668300135921584e-5
277,14,2.4668295241170313e-5
277,17,2.4668293369778382e-5
277,18,2.46683000488801e-5
277,21,2.4668300163455115e-5
277,22,2.4668294604346386e-5
277,23,2.466830226754979e-5
277,24,2.4668304697605947e-5
277,27,2.4668299653640702e-5
277,29,2.4668298223673446e-5
277,2,2.466830126834907e-5
277,6,2.466830117864305e-5
277,7,2.4668300071972737e-5
277,8,2.46683002957937e-5
278,10,2.466830635938777e-5
278,12,2.4668300657282316e-5
278,14,2.466828956038114e-5
278,17,2.466829367442358e-5
278,18,2.4668299921870585e-5
278,21,2.466830355007943e-5
278,22,2.466829629987899e-5
278,23,2.466836058445665e-5
278,24,2.4668298241437014e-5
278,27,2.4668301607633225e-5
278,29,2.4668300265595633e-5
278,2,2.4668300838470714e-5
278,6,2.466830367797712e-5
278,7,2.4668299477781375e-5
278,8,2.4668301697339245e-5
279,10,2.4668311525921638e-5
279,12,2.466830021141675e-5
279,14,2.4668288917339964e-5
279,17,2.4668300341978977e-5
279,18,2.4668299804631033e-5
279,21,2.4668336291888693e-5
279,22,2.466831774050604e-5
279,23,2.466826021763069e-5
279,24,2.4668301412233973e-5
279,27,2.466830159963962e-5
279,29,2.4668299915653336e-5
279,2,2.4668300410368715e-5
279,6,2.466829890668265e-5
279,7,2.466829994762776e-5
279,8,2.4668300500074736e-5
280,10,2.4668298234331587e-5
280,12,2.4668299589691856e-5
280,14,2.4668306474850965e-5
280,17,2.4668299667851556e-5
280,18,2.4668299909436087e-5
280,21,2.4668355416146426e-5
280,22,2.4668298252983334e-5
280,23,2.46684127240826e-5
280,24,2.4668307941233536e-5
280,27,2.4668300634189677e-5
280,29,2.4668298769903174e-5
280,2,2.4668301079167065e-5
280,6,2.466830616221216e-5
280,7,2.46683001723369e-5
280,8,2.4668299091423762e-5
281,10,2.4668299658081594e-5
281,12,2.4668301389141334e-5
281,14,2.466826398261901e-5
281,17,2.4668290529383796e-5
281,18,2.4668299821506423e-5
281,21,2.4668387379911394e-5
281,22,2.4668249059445202e-5
281,23,2.4668242382119843e-5
281,24,2.4668303360897426e-5
281,27,2.4668300547148192e-5
281,29,2.4668299320573794e-5
281,2,2.4668301899843925e-5
281,6,2.4668300588892578e-5
281,7,2.4668300398822396e-5
281,8,2.466830181280244e-5
282,10,2.4668308941322437e-5
282,12,2.466830027270106e-5
282,14,2.466832005687536e-5
282,17,2.4668304253516737e-5
282,18,2.466829955327654e-5
282,21,2.4668332785360292e-5
282,22,2.4668260642179973e-5
282,23,2.4668417627715655e-5
282,24,2.466830331826486e-5
282,27,2.4668301355390554e-5
282,29,2.466830038549972e-5
282,2,2.4668299652752523e-5
282,6,2.466830385206009e-5
282,7,2.4668300212304928e-5
282,8,2.466830173375456e-5
283,10,2.4668308076236656e-5
283,12,2.466830068925674e-5
283,14,2.4668297626817548e-5
283,17,2.466829163516593e-5
283,18,2.4668300945052124e-5
283,21,2.466831903991107e-5
283,22,2.4668289698048795e-5
283,23,2.466830975400569e-5
283,24,2.4668285967699433e-5
283,27,2.4668300218522177e-5
283,29,2.4668299478669553e-5
283,2,2.466830044145496e-5
283,6,2.466830184033597e-5
283,7,2.4668299674956984e-5
283,8,2.4668302244457152e-5
284,10,2.4668307329278605e-5
284,12,2.466829836667017e-5
284,14,2.4668285617757135e-5
284,17,2.4668296010332824e-5
284,18,2.4668301349173305e-5
284,21,2.4668300549812727e-5
284,22,2.4668252687654046e-5
284,23,2.466836508663306e-5
284,24,2.4668299348107325e-5
284,27,2.4668301158214945e-5
284,29,2.466830018832411e-5
284,2,2.4668301342067878e-5
284,6,2.466830269476361e-5
284,7,2.4668298994612314e-5
284,8,2.4668300805608112e-5
285,10,2.4668309736242122e-5
285,12,2.4668300813601718e-5
285,14,2.466829183589425e-5
285,17,2.4668293737484248e-5
285,18,2.4668299248631342e-5
285,21,2.4668210691913828e-5
285,22,2.4668318166831682e-5
285,23,2.4668207291966837e-5
285,24,2.4668290211415922e-5
285,27,2.4668300685704025e-5
285,29,2.466829961456085e-5
285,2,2.4668302454955437e-5
285,6,2.466830423575317e-5
285,7,2.4668299787755643e-5
285,8,2.466829973979401e-5
286,10,2.4668304104302763e-5
286,12,2.4668299617225387e-5
286,14,2.466821423219301e-5
286,17,2.466829651925906e-5
286,18,2.4668300366847973e-5
286,21,2.4668273616690328e-5
286,22,2.4668298673979905e-5
286,23,2.4668328378218973e-5
286,24,2.4668301382924085e-5
286,27,2.466830108716067e-5
286,29,2.4668299582586428e-5
286,2,2.4668301702668316e-5
286,6,2.4668304992481183e-5
286,7,2.466830115022134e-5
286,8,2.4668301315422525e-5
287,10,2.466829359093481e-5
287,12,2.4668300484087524e-5
287,14,2.4668294643426236e-5
287,17,2.466829939073989e-5
287,18,2.4668300044439206e-5
287,21,2.4668330922850146e-5
287,22,2.4668301861652253e-5
287,23,2.4668226160429185e-5
287,24,2.4668304857478063e-5
287,27,2.466829975045215e-5
287,29,2.4668300136809762e-5
287,2,2.4668298798324884e-5
287,6,2.4668297216479118e-5
287,7,2.4668300779850938e-5
287,8,2.466830070613213e-5
288,10,2.4668297761820668e-5
288,12,2.4668299527519366e-5
288,14,2.4668278948425382e-5
288,17,2.4668294176244387e-5
288,18,2.4668300398822396e-5
288,21,2.466834516834382e-5
288,22,2.4668269253069752e-5
288,23,2.466842472337305e-5
288,24,2.4668307094799502e-5
288,27,2.466830169556289e-5
288,29,2.4668300365071616e-5
288,2,2.4668299212216027e-5
288,6,2.4668307232467157e-5
288,7,2.466829917047164e-5
288,8,2.466829984548724e-5
289,10,2.4668297896823788e-5
289,12,2.4668300286023737e-5
289,14,2.4668273871597535e-5
289,17,2.466830771474804e-5
289,18,2.466829995206865e-5
289,21,2.4668276114248044e-5
289,22,2.4668340358857677e-5
289,23,2.4668222621038183e-5
289,24,2.4668302108565854e-5
289,27,2.4668301977115448e-5
289,29,2.466829987390895e-5
289,2,2.4668300427244105e-5
289,6,2.466830213343485e-5
289,7,2.466830007019638e-5
289,8,2.466829914826718e-5
290,10,2.4668295330876333e-5
290,12,2.4668299757557577e-5
290,14,2.4668252120108036e-5
290,17,2.4668297478491752e-5
290,18,2.4668300234509388e-5
290,21,2.4668399633220872e-5
290,22,2.4668310095066204e-5
290,23,2.4668300147467903e-5
290,24,2.4668305383279687e-5
290,27,2.4668303040265016e-5
290,29,2.4668298904906294e-5
290,2,2.4668300872221494e-5
290,6,2.4668309358766294e-5
290,7,2.4668300699026702e-5
290,8,2.466829996983222e-5
291,10,2.4668305692365777e-5
291,12,2.466829992453512e-5
291,14,2.4668331042754232e-5
291,17,2.4668289095863827e-5
291,18,2.46683000364456e-5
291,21,2.466821509106154e-5
291,22,2.466831933745084e-5
291,23,2.466836238212977e-5
291,24,2.4668306540576168e-5
291,27,2.46683000817427e-5
291,29,2.466829901326406e-5
291,2,2.466830081182536e-5
291,6,2.4668300404151466e-5
291,7,2.4668299746899436e-5
291,8,2.4668302261332542e-5
292,10,2.4668299658081594e-5
292,12,2.4668298948427037e-5
292,14,2.4668262664562235e-5
292,17,2.46682968221279e-5
292,18,2.466830039082879e-5
292,21,2.46684407478881e-5
292,22,2.4668259914761848e-5
292,23,2.4668287291085278e-5
292,24,2.4668296145335944e-5
292,27,2.4668301954910987e-5
292,29,2.466829962699535e-5
292,2,2.4668299281493944e-5
292,6,2.466830007552545e-5
292,7,2.466829954705929e-5
292,8,2.466830041303325e-5
293,10,2.4668290177665142e-5
293,12,2.466830013769794e-5
293,14,2.4668352959444917e-5
293,17,2.4668297877283862e-5
293,18,2.4668299473340483e-5
293,21,2.4668276586758964e-5
293,22,2.466833071235186e-5
293,23,2.4668516118708794e-5
293,24,2.4668309420938783e-5
293,27,2.4668300680374955e-5
293,29,2.4668300071972737e-5
293,2,2.4668300000918464e-5
293,6,2.46682994067271e-5
293,7,2.466830090863681e-5
293,8,2.4668300000918464e-5
294,10,2.4668297713859033e-5
294,12,2.4668300055097347e-5
294,14,2.4668294715368688e-5
294,17,2.4668300679486777e-5
294,18,2.4668299411167993e-5
294,21,2.4668424845941672e-5
294,22,2.466837556802659e-5
294,23,2.466832044500933e-5
294,24,2.4668299774432967e-5
294,27,2.4668302517127927e-5
294,29,2.4668299579921893e-5
294,2,2.466830170089196e-5
294,6,2.4668300224739426e-5
294,7,2.4668300049768277e-5
294,8,2.466829966074613e-5
295,10,2.466830585401425e-5
295,12,2.4668300276253774e-5
295,14,2.4668303164609995e-5
295,17,2.466829771563539e-5
295,18,2.4668299360541823e-5
295,21,2.466848332627336e-5
295,22,2.4668295895757808e-5
295,23,2.4668383095338697e-5
295,24,2.466830353231586e-5
295,27,2.4668300173225077e-5
295,29,2.466830058711622e-5
295,2,2.466830093528216e-5
295,6,2.4668299050567555e-5
295,7,2.4668299532848437e-5
295,8,2.466830003733378e-5
296,10,2.4668305789177225e-5
296,12,2.466829868730258e-5
296,14,2.466829844038898e-5
296,17,2.4668294665630697e-5
296,18,2.466830020608768e-5
296,21,2.466826081271023e-5
296,22,2.4668269595018444e-5
296,23,2.466831928060742e-5
296,24,2.466829945824145e-5
296,27,2.4668301083607957e-5
296,29,2.4668299336561006e-5
296,2,2.4668300006247534e-5
296,6,2.4668300670604992e-5
296,7,2.466829902569856e-5
296,8,2.466829892977529e-5
297,10,2.4668286976670117e-5
297,12,2.4668299874797128e-5
297,14,2.466833167424909e-5
297,17,2.466829668090753e-5
297,18,2.466829974956397e-5
297,21,2.4668199678501423e-5
297,22,2.4668272033956384e-5
297,23,2.466828798741716e-5
297,24,2.4668295307783694e-5
297,27,2.466830056491176e-5
297,29,2.466830044678403e-5
297,2,2.4668300718566627e-5
297,6,2.466830258907038e-5
297,7,2.466829787817204e-5
297,8,2.466829931169201e-5
298,10,2.466830596059566e-5
298,12,2.4668299301922048e-5
298,14,2.4668260905968964e-5
298,17,2.4668284651419015e-5
298,18,2.4668301361607803e-5
298,21,2.466835565062553e-5
298,22,2.4668281165318717e-5
298,23,2.466816165824781e-5
298,24,2.466830041392143e-5
298,27,2.4668301044528107e-5
298,29,2.46683001146053e-5
298,2,2.4668300060426418e-5
298,6,2.4668300696362166e-5
298,7,2.4668299993813037e-5
298,8,2.466830038017065e-5
299,10,2.4668310150133266e-5
299,12,2.4668299796637427e-5
299,14,2.466827099745217e-5
299,17,2.4668292367913125e-5
299,18,2.4668300181218683e-5
299,21,2.4668323297838413e-5
299,22,2.466825230307279e-5
299,23,2.4668352039292074e-5
299,24,2.466830489922245e-5
299,27,2.4668300404151466e-5
299,29,2.466830062175518e-5
299,2,2.4668300813601718e-5
299,6,2.4668300844687963e-5
299,7,2.4668296999763584e-5
299,8,2.466830080738447e-5
300,10,2.4668302265773434e-5
300,12,2.4668299735353116e-5
300,14,2.4668232607716334e-5
300,17,2.4668288681084505e-5
300,18,2.466830059244529e-5
300,21,2.466834558401132e-5
300,22,2.4668264043015142e-5
300,23,2.4668407875516607e-5
300,24,2.466829085889799e-5
300,27,2.466830190339664e-5
300,29,2.4668298860497373e-5
300,2,2.4668300950381195e-5
300,6,2.4668298413743628e-5
300,7,2.4668299857921738e-5
300,8,2.4668301264796355e-5
301,10,2.466829878855492e-5
301,12,2.4668299504426727e-5
301,14,2.4668274353878417e-5
301,17,2.4668306625841296e-5
301,18,2.4668299476893196e-5
301,21,2.4668409822403703e-5
301,22,2.4668280357076355e-5
301,23,2.4668370132374662e-5
301,24,2.466830656722152e-5
301,27,2.4668301491281852e-5
301,29,2.466829936853543e-5
301,2,2.466830179503887e-5
301,6,2.466830566216771e-5
301,7,2.466830036862433e-5
301,8,2.4668300358854367e-5
302,10,2.4668297511354353e-5
302,12,2.4668300692809453e-5
302,14,2.466827282798789e-5
302,17,2.4668297965213526e-5
302,18,2.4668300450336744e-5
302,21,2.4668326561005927e-5
302,22,2.466825434943587e-5
302,23,2.466821524294005e-5
302,24,2.466829948577498e-5
302,27,2.4668301427333006e-5
302,29,2.466829863134734e-5
302,2,2.4668299451136022e-5
302,6,2.4668298363117458e-5
302,7,2.4668299229091417e-5
302,8,2.4668299956509543e-5
303,10,2.4668295256269346e-5
303,12,2.4668300775410046e-5
303,14,2.4668313153064503e-5
303,17,2.4668294837049132e-5
303,18,2.4668300186547754e-5
303,21,2.4668274118511135e-5
303,22,2.466831349234866e-5
303,23,2.466836549164242e-5
303,24,2.466829933478465e-5
303,27,2.4668301038310858e-5
303,29,2.466829896263789e-5
303,2,2.46683009130777e-5
303,6,2.4668295722563016e-5
303,7,2.466830008263088e-5
303,8,2.4668300343755334e-5
304,10,2.466830371794515e-5
304,12,2.4668300931729448e-5
304,14,2.4668275867334444e-5
304,17,2.4668299135832683e-5
304,18,2.466829989700159e-5
304,21,2.4668347897716103e-5
304,22,2.466831322767149e-5
304,23,2.466833818282055e-5
304,24,2.466829779379509e-5
304,27,2.466830089176142e-5
304,29,2.4668299793084714e-5
304,2,2.466830120084751e-5
304,6,2.4668295935725837e-5
304,7,2.4668299967167684e-5
304,8,2.466829959324457e-5
305,10,2.4668301882080357e-5
305,12,2.4668299726471332e-5
305,14,2.4668275826478236e-5
305,17,2.4668300026675638e-5
305,18,2.4668300917518593e-5
305,21,2.46683550262361e-5
305,22,2.466828558755907e-5
305,23,2.466840950443583e-5
305,24,2.466829917047164e-5
305,27,2.466830106584439e-5
305,29,2.466829949199223e-5
305,2,2.4668301478847354e-5
305,6,2.466828290614842e-5
305,7,2.466830050273927e-5
305,8,2.466829939073989e-5
306,10,2.46682935953757e-5
306,12,2.4668302057939684e-5
306,14,2.466829046543495e-5
306,17,2.4668296792818012e-5
306,18,2.466830041303325e-5
306,21,2.4668364016378064e-5
306,22,2.4668264391181083e-5
306,23,2.466827041747166e-5
306,24,2.466829603520182e-5
306,27,2.466830231817596e-5
306,29,2.4668298218344376e-5
306,2,2.4668300500962914e-5
306,6,2.4668297961660812e-5
306,7,2.4668300971697477e-5
306,8,2.466829978864382e-5
307,10,2.4668295465879453e-5
307,12,2.4668299166918928e-5
307,14,2.4668279997364095e-5
307,17,2.466829995295683e-5
307,18,2.4668299516861225e-5
307,21,2.4668359412949314e-5
307,22,2.466825496671987e-5
307,23,2.4668370940617024e-5
307,24,2.4668298315155823e-5
307,27,2.4668301114694202e-5
307,29,2.466830038549972e-5
307,2,2.466829973357676e-5
307,6,2.4668303614916454e-5
307,7,2.4668298348906603e-5
307,8,2.4668299125174542e-5
308,10,2.4668296121355127e-5
308,12,2.4668298848951054e-5
308,14,2.4668298088670326e-5
308,17,2.46682965752143e-5
308,18,2.4668299433372454e-5
308,21,2.4668462713428596e-5
308,22,2.466829550762384e-5
308,23,2.4668335794508778e-5
308,24,2.4668296966900982e-5
308,27,2.4668301978003626e-5
308,29,2.4668300382835184e-5
308,2,2.466830005420917e-5
308,6,2.4668304815733677e-5
308,7,2.4668299415608885e-5
308,8,2.4668299976049468e-5
309,10,2.466829663738679e-5
309,12,2.4668301056074426e-5
309,14,2.4668298877372763e-5
309,17,2.4668299265506732e-5
309,18,2.4668300095953555e-5
309,21,2.4668241927372492e-5
309,22,2.4668284899220794e-5
309,23,2.4668465781196858e-5
309,24,2.4668295772301008e-5
309,27,2.4668301517039026e-5
309,29,2.466829990233066e-5
309,2,2.4668301906949353e-5
309,6,2.466830377922946e-5
309,7,2.466829955860561e-5
309,8,2.4668299827723672e-5
310,10,2.4668298291175006e-5
310,12,2.466829950353855e-5
310,14,2.4668334363653344e-5
310,17,2.4668294278384906e-5
310,18,2.466829979486107e-5
310,21,2.4668502550007076e-5
310,22,2.4668310562248053e-5
310,23,2.4668293459484403e-5
310,24,2.466829974956397e-5
310,27,2.4668301305652562e-5
310,29,2.4668299572816466e-5
310,2,2.466830057645808e-5
310,6,2.4668302603281234e-5
310,7,2.466830027270106e-5
310,8,2.4668299900554302e-5
311,10,2.466830228442518e-5
311,12,2.4668300276253774e-5
311,14,2.4668322031295986e-5
311,17,2.4668282460282853e-5
311,18,2.4668302804897735e-5
311,21,2.466838403858418e-5
311,22,2.4668330475208222e-5
311,23,2.466826376945619e-5
311,24,2.4668304492436732e-5
311,27,2.4668299517749404e-5
311,29,2.46682998801262e-5
311,2,2.466829982861185e-5
311,6,2.4668306349617808e-5
311,7,2.4668299976049468e-5
311,8,2.4668299483110445e-5
312,10,2.4668302202712766e-5
312,12,2.4668298703289793e-5
312,14,2.46682334239523e-5
312,17,2.466829723246633e-5
312,18,2.46682999911485e-5
312,21,2.4668431947816316e-5
312,22,2.466824691449432e-5
312,23,2.4668326886079228e-5
312,24,2.466829999203668e-5
312,27,2.466830073988291e-5
312,29,2.4668300246055708e-5
312,2,2.4668299251295878e-5
312,6,2.4668302848418477e-5
312,7,2.4668299793084714e-5
312,8,2.4668302720520785e-5
313,10,2.4668297303520603e-5
313,12,2.466830032421541e-5
313,14,2.4668275023564945e-5
313,17,2.466830173997181e-5
313,18,2.4668299690056017e-5
313,21,2.4668169591457456e-5
313,22,2.4668294473784158e-5
313,23,2.4668232487812247e-5
313,24,2.466831523495472e-5
313,27,2.4668300821595324e-5
313,29,2.46682995879155e-5
313,2,2.4668301220387434e-5
313,6,2.4668298981289638e-5
313,7,2.4668299720254083e-5
313,8,2.4668299134056326e-5
314,10,2.4668302752495208e-5
314,12,2.46682989910596e-5
314,14,2.4668249446690993e-5
314,17,2.466829768721368e-5
314,18,2.4668301564112483e-5
314,21,2.466842130033342e-5
314,22,2.4668236608071936e-5
314,23,2.4668355915302698e-5
314,24,2.4668310849129682e-5
314,27,2.4668301005448257e-5
314,29,2.466829769964818e-5
314,2,2.4668301016106398e-5
314,6,2.466830424641131e-5
314,7,2.4668299533736615e-5
314,8,2.4668300158126044e-5
315,10,2.466829215119759e-5
315,12,2.466829977176843e-5
315,14,2.4668350635081993e-5
315,17,2.4668298943097966e-5
315,18,2.4668300718566627e-5
315,21,2.4668385283810323e-5
315,22,2.4668304782871076e-5
315,23,2.4668293300500466e-5
315,24,2.4668292183172014e-5
315,27,2.4668300533825516e-5
315,29,2.4668297836427655e-5
315,2,2.4668301220387434e-5
315,6,2.4668296577878834e-5
315,7,2.46683008677806e-5
315,8,2.466830142466847e-5
316,10,2.4668297413654727e-5
316,12,2.4668301431773898e-5
316,14,2.4668251895398896e-5
316,17,2.4668294469343266e-5
316,18,2.4668299826835494e-5
316,21,2.466839711079416e-5
316,22,2.4668272152972293e-5
316,23,2.4668360883772777e-5
316,24,2.4668299101193725e-5
316,27,2.466830065550596e-5
316,29,2.466830047431756e-5
316,2,2.4668301269237247e-5
316,6,2.4668300608432503e-5
316,7,2.4668297472274503e-5
316,8,2.4668300566688117e-5
317,10,2.466830395331243e-5
317,12,2.466829940228621e-5
317,14,2.4668295139029794e-5
317,17,2.46682967439682e-5
317,18,2.4668300201646787e-5
317,21,2.466840073633847e-5
317,22,2.466831921399404e-5
317,23,2.4668218758350235e-5
317,24,2.466830052583191e-5
317,27,2.466830014924426e-5
317,29,2.4668299793972892e-5
317,2,2.4668302783581453e-5
317,6,2.4668305857566963e-5
317,7,2.466830200908987e-5
317,8,2.4668300831365286e-5
318,10,2.4668295125707118e-5
318,12,2.4668300299346413e-5
318,14,2.466825783997706e-5
318,17,2.4668295351304437e-5
318,18,2.4668300285135558e-5
318,21,2.466828811087396e-5
318,22,2.466829585578978e-5
318,23,2.4668452890175274e-5
318,24,2.4668303905350797e-5
318,27,2.4668300691033096e-5
318,29,2.4668300254937492e-5
318,2,2.466830076119919e-5
318,6,2.4668290440565954e-5
318,7,2.4668299335672828e-5
318,8,2.4668300235397567e-5
319,10,2.4668301173313978e-5
319,12,2.4668299347219147e-5
319,14,2.4668291781715368e-5
319,17,2.4668301240815538e-5
319,18,2.4668302699204503e-5
319,21,2.4668242511793892e-5
319,22,2.466827316016662e-5
319,23,2.4668286285667307e-5
319,24,2.4668296576990656e-5
319,27,2.466830188652125e-5
319,29,2.4668299849928133e-5
319,2,2.4668301220387434e-5
319,6,2.46683080167287e-5
319,7,2.4668299714925013e-5
319,8,2.46682997113723e-5
320,10,2.4668299453800557e-5
320,12,2.4668299881014377e-5
320,14,2.4668309600350824e-5
320,17,2.4668297566421415e-5
320,18,2.4668296898511244e-5
320,21,2.466828108538266e-5
320,22,2.4668278935990884e-5
320,23,2.4668365385949187e-5
320,24,2.4668306868314005e-5
320,27,2.4668300937058518e-5
320,29,2.4668300209640392e-5
320,2,2.466830261038666e-5
320,6,2.466830023895028e-5
320,7,2.4668299984043074e-5
320,8,2.4668300510732877e-5
321,10,2.466830916425522e-5
321,12,2.4668301617403188e-5
321,14,2.4668317242237947e-5
321,17,2.4668306193298406e-5
321,18,2.4668299321461973e-5
321,21,2.466838176662378e-5
321,22,2.466829846259344e-5
321,23,2.466831697045535e-5
321,24,2.4668301387364977e-5
321,27,2.4668301955799166e-5
321,29,2.4668301162655837e-5
321,2,2.466830077274551e-5
321,6,2.466829583891439e-5
321,7,2.466829863667641e-5
321,8,2.4668298888030904e-5
322,10,2.4668305232289356e-5
322,12,2.466830177283441e-5
322,14,2.466825995295352e-5
322,17,2.4668300230068496e-5
322,18,2.466830019454136e-5
322,21,2.4668321064957865e-5
322,22,2.466837127457211e-5
322,23,2.466821854696377e-5
322,24,2.4668298078900364e-5
322,27,2.4668301198182974e-5
322,29,2.4668298706842506e-5
322,2,2.466830236347306e-5
322,6,2.466830175062995e-5
322,7,2.466829964298256e-5
322,8,2.466830068925674e-5
323,10,2.4668314561715476e-5
323,12,2.466830034020262e-5
323,14,2.466827902214419e-5
323,17,2.466829689495853e-5
323,18,2.4668300254049313e-5
323,21,2.4668320885545825e-5
323,22,2.4668313443498846e-5
323,23,2.466841442139156e-5
323,24,2.4668292763152522e-5
323,27,2.4668300046215563e-5
323,29,2.4668300106611696e-5
323,2,2.4668301741748166e-5
323,6,2.4668305969477444e-5
323,7,2.46683001599024e-5
323,8,2.4668298426178126e-5
324,10,2.466829938541082e-5
324,12,2.46683021272176e-5
324,14,2.46682984847979e-5
324,17,2.466829384406566e-5
324,18,2.4668300016017497e-5
324,21,2.46683522151514e-5
324,22,2.466821479352177e-5
324,23,2.4668345194100993e-5
324,24,2.4668293442609013e-5
324,27,2.46683000817427e-5
324,29,2.4668300230956675e-5
324,2,2.466830128433628e-5
324,6,2.46683052758101e-5
324,7,2.4668299914765157e-5
324,8,2.4668297662344685e-5
325,10,2.466829365221912e-5
325,12,2.4668300032892887e-5
325,14,2.4668286871865064e-5
325,17,2.4668292497587174e-5
325,18,2.4668300238062102e-5
325,21,2.466804372236453e-5
325,22,2.466828383962394e-5
325,23,2.466824789681965e-5
325,24,2.466829681679883e-5
325,27,2.4668300771857332e-5
325,29,2.4668299579921893e-5
325,2,2.466830153657895e-5
325,6,2.4668298380881026e-5
325,7,2.4668300021346568e-5
325,8,2.4668298904018116e-5
326,10,2.4668300690144918e-5
326,12,2.4668304335229152e-5
326,14,2.4668253903570303e-5
326,17,2.466830022207489e-5
326,18,2.466829845282348e-5
326,21,2.4668442081043906e-5
326,22,2.4668224841484232e-5
326,23,2.4668316866538476e-5
326,24,2.4668302837760336e-5
326,27,2.4668300332209014e-5
326,29,2.466830110936513e-5
326,2,2.466830081804261e-5
326,6,2.466829527669745e-5
326,7,2.4668299768215718e-5
326,8,2.4668300642183283e-5
327,10,2.4668290771856505e-5
327,12,2.4668300400598753e-5
327,14,2.4668283931994495e-5
327,17,2.466829838443374e-5
327,18,2.4668300086183592e-5
327,21,2.4668357985646594e-5
327,22,2.466832748737602e-5
327,23,2.4668303916897116e-5
327,24,2.466829449510044e-5
327,27,2.4668300287800093e-5
327,29,2.466830140779308e-5
327,2,2.4668302338604065e-5
327,6,2.466830148062371e-5
327,7,2.466829991387698e-5
327,8,2.466829927794123e-5
328,10,2.466829975489304e-5
328,12,2.4668300045327385e-5
328,14,2.4668290461882236e-5
328,17,2.4668293212570802e-5
328,18,2.4668300837582535e-5
328,21,2.4668435347763307e-5
328,22,2.466826664093702e-5
328,23,2.466826598368499e-5
328,24,2.4668299128727256e-5
328,27,2.4668300119934372e-5
328,29,2.4668299274388517e-5
328,2,2.4668301224828326e-5
328,6,2.4668299436925167e-5
328,7,2.4668299977825825e-5
328,8,2.4668299000829563e-5
329,10,2.4668305136366087e-5
329,12,2.466830039082879e-5
329,14,2.4668277917250236e-5
329,17,2.466829889602451e-5
329,18,2.4668300640406926e-5
329,21,2.4668452983434008e-5
329,22,2.4668336586763928e-5
329,23,2.4668277327499766e-5
329,24,2.466829685587868e-5
329,27,2.466830148684096e-5
329,29,2.466830062619607e-5
329,2,2.466830098057926e-5
329,6,2.46682981597246e-5
329,7,2.4668299972496754e-5
329,8,2.466829866065723e-5
330,10,2.4668305025343784e-5
330,12,2.466829783909219e-5
330,14,2.4668217315060303e-5
330,17,2.4668296190633043e-5
330,18,2.46683002957937e-5
330,21,2.4668446231501662e-5
330,22,2.4668271308314615e-5
330,23,2.466833380943001e-5
330,24,2.466829719338648e-5
330,27,2.4668300991237402e-5
330,29,2.4668298882701833e-5
330,2,2.466830338043735e-5
330,6,2.4668296599195116e-5
330,7,2.466829953107208e-5
330,8,2.4668300639518748e-5
331,10,2.4668299578145536e-5
331,12,2.4668299293928442e-5
331,14,2.4668319558607266e-5
331,17,2.4668303103325684e-5
331,18,2.4668300258490206e-5
331,21,2.4668221778156862e-5
331,22,2.46683132107961e-5
331,23,2.466824400215728e-5
331,24,2.4668294053675766e-5
331,27,2.4668303213459808e-5
331,29,2.466829992986419e-5
331,2,2.4668303579389317e-5
331,6,2.4668295869112455e-5
331,7,2.4668299391628068e-5
331,8,2.4668300854457925e-5
332,10,2.4668302788910523e-5
332,12,2.466829902481038e-5
332,14,2.466830353853311e-5
332,17,2.466830152592081e-5
332,18,2.466830004177467e-5
332,21,2.4668384337900306e-5
332,22,2.4668279757555922e-5
332,23,2.4668174972042323e-5
332,24,2.4668305028896498e-5
332,27,2.4668301114694202e-5
332,29,2.4668299922758763e-5
332,2,2.466830081271354e-5
332,6,2.4668304323682833e-5
332,7,2.466830054803637e-5
332,8,2.4668301382924085e-5
333,10,2.4668306980224486e-5
333,12,2.46683005427073e-5
333,14,2.4668332379462754e-5
333,17,2.4668293698404398e-5
333,18,2.4668298308938574e-5
333,21,2.4668327943899726e-5
333,22,2.4668350263823413e-5
333,23,2.4668267577077074e-5
333,24,2.466828990943526e-5
333,27,2.4668302016195298e-5
333,29,2.4668299495544943e-5
333,2,2.4668301674246607e-5
333,6,2.4668300577346258e-5
333,7,2.4668299432484275e-5
333,8,2.4668298984842352e-5
334,10,2.4668309412057e-5
334,12,2.4668298972407854e-5
334,14,2.4668292401663905e-5
334,17,2.4668302400776554e-5
334,18,2.46682994067271e-5
334,21,2.4668311051634362e-5
334,22,2.4668253600701462e-5
334,23,2.46684101394834e-5
334,24,2.4668300074637273e-5
334,27,2.466830071057302e-5
334,29,2.4668299505314906e-5
334,2,2.4668300028451995e-5
334,6,2.466829457326014e-5
334,7,2.4668299434260632e-5
334,8,2.4668300500074736e-5
335,10,2.4668293760576887e-5
335,12,2.4668300327768122e-5
335,14,2.4668271006333953e-5
335,17,2.4668298877372763e-5
335,18,2.466830030645184e-5
335,21,2.4668345565359573e-5
335,22,2.4668325274035396e-5
335,23,2.4668210625300446e-5
335,24,2.4668295705687626e-5
335,27,2.46683030162842e-5
335,29,2.4668299737129473e-5
335,2,2.4668299372088143e-5
335,6,2.4668300701691237e-5
335,7,2.4668299601238175e-5
335,8,2.46683003286563e-5
336,10,2.4668305124819767e-5
336,12,2.466830028424738e-5
336,14,2.466826898483987e-5
336,17,2.466830029046463e-5
336,18,2.4668300798502685e-5
336,21,2.4668294988039463e-5
336,22,2.466830457148461e-5
336,23,2.4668385840698193e-5
336,24,2.4668303704622474e-5
336,27,2.4668301056962605e-5
336,29,2.466830009772991e-5
336,2,2.466830016611965e-5
336,6,2.4668301395358583e-5
336,7,2.4668299510643976e-5
336,8,2.466829897418421e-5
337,10,2.466830696068456e-5
337,12,2.4668300236285745e-5
337,14,2.4668284803297524e-5
337,17,2.466831287950555e-5
337,18,2.466829986857988e-5
337,21,2.466833804781743e-5
337,22,2.466833041481209e-5
337,23,2.4668316777720634e-5
337,24,2.466830010927623e-5
337,27,2.4668299860586274e-5
337,29,2.466829838443374e-5
337,2,2.4668301905172996e-5
337,6,2.46683036007056e-5
337,7,2.466829968295059e-5
337,8,2.4668299427155205e-5
338,10,2.466830669067832e-5
338,12,2.466830165026579e-5
338,14,2.466830317349178e-5
338,17,2.466829981795371e-5
338,18,2.466829936320636e-5
338,21,2.4668380866010864e-5
338,22,2.4668241296765814e-5
338,23,2.4668419319695545e-5
338,24,2.4668302724961677e-5
338,27,2.466829956393468e-5
338,29,2.46682990363567e-5
338,2,2.466830057024083e-5
338,6,2.4668302006425336e-5
338,7,2.4668300375729757e-5
338,8,2.4668299825947315e-5
339,10,2.4668299128727256e-5
339,12,2.4668300260266562e-5
339,14,2.466833670933255e-5
339,17,2.4668293804985808e-5
339,18,2.466830025671385e-5
339,21,2.4668332459398812e-5
339,22,2.4668317175624566e-5
339,23,2.4668262012639275e-5
339,24,2.4668296846108717e-5
339,27,2.4668301429109363e-5
339,29,2.4668300731889303e-5
339,2,2.466830102587636e-5
339,6,2.4668299163366214e-5
339,7,2.4668299928976012e-5
339,8,2.4668299858809917e-5
340,10,2.4668297644581116e-5
340,12,2.466829888536637e-5
340,14,2.466836065284639e-5
340,17,2.4668300802943577e-5
340,18,2.466830014302701e-5
340,21,2.4668361502833136e-5
340,22,2.466828237146501e-5
340,23,2.4668349946743717e-5
340,24,2.4668299316132902e-5
340,27,2.4668301096042455e-5
340,29,2.466830009772991e-5
340,2,2.4668299568375573e-5
340,6,2.466830295944078e-5
340,7,2.4668299979602182e-5
340,8,2.4668299793084714e-5
341,10,2.4668297275098894e-5
341,12,2.4668298799213062e-5
341,14,2.4668349432488412e-5
341,17,2.466828889691186e-5
341,18,2.4668300108388053e-5
341,21,2.4668120201631893e-5
341,22,2.4668315581344302e-5
341,23,2.466822714719541e-5
341,24,2.4668291223051142e-5
341,27,2.4668301404240367e-5
341,29,2.46683000364456e-5
341,2,2.4668300473429383e-5
341,6,2.4668303334252073e-5
341,7,2.4668299357877288e-5
341,8,2.466829986325081e-5
342,10,2.4668305065311813e-5
342,12,2.4668300107499874e-5
342,14,2.466829052671926e-5
342,17,2.4668304624775317e-5
342,18,2.466829907632473e-5
342,21,2.4668426902962892e-5
342,22,2.466828000091681e-5
342,23,2.466833806469282e-5
342,24,2.4668286612516965e-5
342,27,2.4668300207864036e-5
342,29,2.4668300179442326e-5
342,2,2.4668300354413475e-5
342,6,2.466830847946966e-5
342,7,2.4668299752228506e-5
342,8,2.466830041392143e-5
343,10,2.4668304170916144e-5
343,12,2.466829975045215e-5
343,14,2.4668299253072234e-5
343,17,2.4668289670515264e-5
343,18,2.466830000891207e-5
343,21,2.4668330238952763e-5
343,22,2.4668287061047067e-5
343,23,2.4668284938300644e-5
343,24,2.4668295730556622e-5
343,27,2.46683008020554e-5
343,29,2.46682996660752e-5
343,2,2.466830028957645e-5
343,6,2.4668301634278578e-5
343,7,2.4668299437813346e-5
343,8,2.4668300641295104e-5
344,10,2.4668307083253183e-5
344,12,2.466829927172398e-5
344,14,2.4668221451307204e-5
344,17,2.4668302692099076e-5
344,18,2.466829980729557e-5
344,21,2.4668361608526368e-5
344,22,2.4668319094089952e-5
344,23,2.4668347777812016e-5
344,24,2.46683078932719e-5
344,27,2.4668300631525142e-5
344,29,2.4668299269947624e-5
344,2,2.4668300277141952e-5
344,6,2.466830485836624e-5
344,7,2.4668300606656146e-5
344,8,2.466830047609392e-5
345,10,2.4668303681529835e-5
345,12,2.466829993519326e-5
345,14,2.466829397285153e-5
345,17,2.466829841285545e-5
345,18,2.4668299449359665e-5
345,21,2.466839033310464e-5
345,22,2.466828066971516e-5
345,23,2.4668365139035586e-5
345,24,2.466829555203276e-5
345,27,2.466830222314087e-5
345,29,2.466829885605648e-5
345,2,2.4668300634189677e-5
345,6,2.4668305473873886e-5
345,7,2.4668299625218992e-5
345,8,2.4668300584451686e-5
346,10,2.4668298292063184e-5
346,12,2.4668300589780756e-5
346,14,2.466823224533954e-5
346,17,2.4668301271013604e-5
346,18,2.4668300062202775e-5
346,21,2.4668364143387578e-5
346,22,2.4668298540753142e-5
346,23,2.4668447821341033e-5
346,24,2.466828668357124e-5
346,27,2.466830038549972e-5
346,29,2.4668299144714467e-5
346,2,2.466830035796619e-5
346,6,2.4668310892650425e-5
346,7,2.4668299977825825e-5
346,8,2.46683002504966e-5
347,10,2.4668307655240085e-5
347,12,2.466830146374832e-5
347,14,2.466832634606675e-5
347,17,2.4668295768748294e-5
347,18,2.4668299623442635e-5
347,21,2.4668198706834232e-5
347,22,2.4668269110073027e-5
347,23,2.466837546233336e-5
347,24,2.4668290230955847e-5
347,27,2.4668299174024355e-5
347,29,2.4668300495633844e-5
347,2,2.4668300813601718e-5
347,6,2.466829526426295e-5
347,7,2.4668299881902556e-5
347,8,2.4668299844599062e-5
348,10,2.4668298899577223e-5
348,12,2.4668299864138987e-5
348,14,2.4668283439055472e-5
348,17,2.4668293195695412e-5
348,18,2.4668299847263597e-5
348,21,2.466829917757707e-5
348,22,2.4668315724341028e-5
348,23,2.466855299054771e-5
348,24,2.4668294599905494e-5
348,27,2.4668300567576296e-5
348,29,2.4668298320484894e-5
348,2,2.466830253133878e-5
348,6,2.4668299917429692e-5
348,7,2.4668300246943886e-5
348,8,2.466829891911715e-5
349,10,2.4668299078989264e-5
349,12,2.466829990233066e-5
349,14,2.466830117864305e-5
349,17,2.4668292126328595e-5
349,18,2.4668300214969463e-5
349,21,2.4668384265069676e-5
349,22,2.46682822773181e-5
349,23,2.4668366246594076e-5
349,24,2.4668299922758763e-5
349,27,2.4668299759333934e-5
349,29,2.466829941383253e-5
349,2,2.4668300303787305e-5
349,6,2.4668305186104078e-5
349,7,2.4668299304586583e-5
349,8,2.4668300757646477e-5
350,10,2.4668297640140224e-5
350,12,2.466830162717315e-5
350,14,2.4668244734904476e-5
350,17,2.4668306952690955e-5
350,18,2.4668301398911296e-5
350,21,2.466852203841796e-5
350,22,2.466830329694858e-5
350,23,2.4668303479025155e-5
350,24,2.4668301557895234e-5
350,27,2.4668299490215873e-5
350,29,2.466830053204916e-5
350,2,2.466829942360249e-5
350,6,2.4668299619001743e-5
350,7,2.4668299803742855e-5
350,8,2.466829904168577e-5
351,10,2.4668298713059755e-5
351,12,2.4668300263819276e-5
351,14,2.4668220184764778e-5
351,17,2.4668288332030386e-5
351,18,2.466829986857988e-5
351,21,2.46685392033541e-5
351,22,2.4668326880750158e-5
351,23,2.4668342443412428e-5
351,24,2.4668297803565054e-5
351,27,2.4668300482311167e-5
351,29,2.4668300117269837e-5
351,2,2.4668300411256894e-5
351,6,2.4668303391095492e-5
351,7,2.4668300043551028e-5
351,8,2.4668299780650216e-5
352,10,2.4668294856589057e-5
352,12,2.466829972114226e-5
352,14,2.4668294931196044e-5
352,17,2.4668294712704153e-5
352,18,2.466830082337168e-5
352,21,2.466835845904569e-5
352,22,2.4668324941856667e-5
352,23,2.4668298785890386e-5
352,24,2.466829767655554e-5
352,27,2.4668300966368406e-5
352,29,2.4668300063090953e-5
352,2,2.466830275160703e-5
352,6,2.466830074521198e-5
352,7,2.4668299982266717e-5
352,8,2.4668298983954173e-5
353,10,2.466830344260984e-5
353,12,2.466829971581319e-5
353,14,2.4668256921600573e-5
353,17,2.4668295104390836e-5
353,18,2.4668300140362476e-5
353,21,2.466832349057313e-5
353,22,2.4668323185039753e-5
353,23,2.4668342062383886e-5
353,24,2.4668298343577533e-5
353,27,2.466830086955696e-5
353,29,2.46683000364456e-5
353,2,2.4668302204489123e-5
353,6,2.4668299219321455e-5
353,7,2.4668299611008138e-5
353,8,2.4668300365959794e-5
354,10,2.466829750691346e-5
354,12,2.4668300448560387e-5
354,14,2.4668303472807906e-5
354,17,2.466830096903294e-5
354,18,2.4668300292240986e-5
354,21,2.466839456438663e-5
354,22,2.4668271404237885e-5
354,23,2.466832153924514e-5
354,24,2.466830401104403e-5
354,27,2.4668300204311322e-5
354,29,2.4668300296681878e-5
354,2,2.4668301792374336e-5
354,6,2.4668301748853594e-5
354,7,2.4668299325014686e-5
354,8,2.4668300265595633e-5
355,10,2.466830123371011e-5
355,12,2.466830006486731e-5
355,14,2.4668295915297733e-5
355,17,2.466829688341221e-5
355,18,2.466830014302701e-5
355,21,2.466817767210472e-5
355,22,2.4668301269237247e-5
355,23,2.466828972913504e-5
355,24,2.4668304018149456e-5
355,27,2.46683012052884e-5
355,29,2.4668299827723672e-5
355,2,2.4668300775410046e-5
355,6,2.4668304282826625e-5
355,7,2.4668299797525606e-5
355,8,2.4668299539065686e-5
356,10,2.4668298365781993e-5
356,12,2.4668298759245033e-5
356,14,2.466825430946784e-5
356,17,2.466830076830462e-5
356,18,2.4668300230068496e-5
356,21,2.4668332152977257e-5
356,22,2.4668251279003073e-5
356,23,2.4668312550879534e-5
356,24,2.466830076830462e-5
356,27,2.4668300962815692e-5
356,29,2.466829844571805e-5
356,2,2.4668301583652408e-5
356,6,2.4668294177132566e-5
356,7,2.4668300410368715e-5
356,8,2.4668300550700906e-5
357,10,2.466829687275407e-5
357,12,2.4668299275276695e-5
357,14,2.4668359726476297e-5
357,17,2.466829591174502e-5
357,18,2.4668299223762347e-5
357,21,2.4668359727364475e-5
357,22,2.4668265784733023e-5
357,23,2.4668224564372565e-5
357,24,2.4668293053586865e-5
357,27,2.466830119374208e-5
357,29,2.4668299584362785e-5
357,2,2.4668299762886647e-5
357,6,2.4668304726915835e-5
357,7,2.466829909764101e-5
357,8,2.4668300904195917e-5
358,10,2.466830052494373e-5
358,12,2.4668299421826134e-5
358,14,2.466824426594627e-5
358,17,2.4668301131569592e-5
358,18,2.466829984104635e-5
358,21,2.466835325609651e-5
358,22,2.4668255622195545e-5
358,23,2.4668195213628508e-5
358,24,2.4668297961660812e-5
358,27,2.4668298825858415e-5
358,29,2.4668298478580652e-5
358,2,2.466829954705929e-5
358,6,2.4668303795216673e-5
358,7,2.4668300242502994e-5
358,8,2.4668299110963687e-5
359,10,2.466830471359316e-5
359,12,2.466829968295059e-5
359,14,2.4668293661100904e-5
359,17,2.466829258995773e-5
359,18,2.4668301114694202e-5
359,21,2.466820440716333e-5
359,22,2.4668319905885028e-5
359,23,2.4668300595998005e-5
359,24,2.4668300026675638e-5
359,27,2.4668301932706527e-5
359,29,2.466830153657895e-5
359,2,2.4668300678598598e-5
359,6,2.4668303910679867e-5
359,7,2.4668299124286364e-5
359,8,2.46683010365345e-5
360,10,2.466830567460221e-5
360,12,2.466830003733378e-5
360,14,2.466828358649309e-5
360,17,2.4668300432573176e-5
360,18,2.4668300332209014e-5
360,21,2.466817475443861e-5
360,22,2.4668288679308148e-5
360,23,2.4668382724968296e-5
360,24,2.4668300955710265e-5
360,27,2.466830058178715e-5
360,29,2.466829858072117e-5
360,2,2.4668301310093455e-5
360,6,2.4668307007758017e-5
360,7,2.4668299803742855e-5
360,8,2.4668298582497528e-5
361,10,2.4668292429197436e-5
361,12,2.4668300369512508e-5
361,14,2.466828749714267e-5
361,17,2.4668296457974748e-5
361,18,2.4668299010599526e-5
361,21,2.466841257309227e-5
361,22,2.4668290175888785e-5
361,23,2.466826786573506e-5
361,24,2.4668297920804605e-5
361,27,2.4668301001007364e-5
361,29,2.4668299644758918e-5
361,2,2.4668299713148656e-5
361,6,2.4668302298636036e-5
361,7,2.4668298527430466e-5
361,8,2.4668301255026392e-5
362,10,2.4668299060337517e-5
362,12,2.46682998223946e-5
362,14,2.466829411940097e-5
362,17,2.466830253222696e-5
362,18,2.4668300175001434e-5
362,21,2.466829589931052e-5
362,22,2.466826860203497e-5
362,23,2.4668448605602578e-5
362,24,2.466830074521198e-5
362,27,2.4668300461883064e-5
362,29,2.4668298303609504e-5
362,2,2.4668302912367324e-5
362,6,2.4668300523167375e-5
362,7,2.466830037928247e-5
362,8,2.4668301080943422e-5
363,10,2.4668300389052433e-5
363,12,2.466830052050284e-5
363,14,2.4668277761819013e-5
363,17,2.4668298222785268e-5
363,18,2.4668298994612314e-5
363,21,2.4668335266042618e-5
363,22,2.4668300364183438e-5
363,23,2.4668316825682268e-5
363,24,2.466829872194154e-5
363,27,2.466830189185032e-5
363,29,2.46682998676917e-5
363,2,2.4668301741748166e-5
363,6,2.466829566927231e-5
363,7,2.4668300190100467e-5
363,8,2.4668301246144608e-5
364,10,2.4668290203422316e-5
364,12,2.466829890757083e-5
364,14,2.4668303264085978e-5
364,17,2.4668303479913334e-5
364,18,2.4668299709595942e-5
364,21,2.4668353023393763e-5
364,22,2.466831733105579e-5
364,23,2.4668326544130537e-5
364,24,2.4668293644225514e-5
364,27,2.4668301247920965e-5
364,29,2.4668300562247225e-5
364,2,2.466830218939009e-5
364,6,2.466829951952576e-5
364,7,2.466830059244529e-5
364,8,2.4668298832963842e-5
365,10,2.4668308181929888e-5
365,12,2.4668298668650834e-5
365,14,2.4668330738997213e-5
365,17,2.466828693492573e-5
365,18,2.46683000817427e-5
365,21,2.4668437772490392e-5
365,22,2.4668345614209386e-5
365,23,2.4668412136996665e-5
365,24,2.4668299286823014e-5
365,27,2.4668297112562243e-5
365,29,2.4668300427244105e-5
365,2,2.4668300971697477e-5
365,6,2.4668292693874605e-5
365,7,2.4668299976937647e-5
365,8,2.4668299477781375e-5
366,10,2.4668303067798547e-5
366,12,2.466830119374208e-5
366,14,2.4668291749740945e-5
366,17,2.4668297927910032e-5
366,18,2.4668299754004863e-5
366,21,2.4668231981550548e-5
366,22,2.46683301963202e-5
366,23,2.466829792879821e-5
366,24,2.4668299852592668e-5
366,27,2.466830065461778e-5
366,29,2.4668299639429847e-5
366,2,2.4668302326169567e-5
366,6,2.4668302103236783e-5
366,7,2.4668300271812882e-5
366,8,2.466830079050908e-5
367,10,2.4668307789355026e-5
367,12,2.4668300016905675e-5
367,14,2.466830313352375e-5
367,17,2.4668298703289793e-5
367,18,2.466830038461154e-5
367,21,2.4668313757914007e-5
367,22,2.4668306013886365e-5
367,23,2.466841522430485e-5
367,24,2.466830400482678e-5
367,27,2.4668300021346568e-5
367,29,2.4668299859698095e-5
367,2,2.4668297427865582e-5
367,6,2.466830611869142e-5
367,7,2.4668298538088607e-5
367,8,2.4668299692720552e-5
368,10,2.4668301199071152e-5
368,12,2.4668300695473988e-5
368,14,2.466829934633097e-5
368,17,2.4668297713859033e-5
368,18,2.4668300219410355e-5
368,21,2.4668252762261034e-5
368,22,2.4668289260176834e-5
368,23,2.4668289738016824e-5
368,24,2.4668297993635235e-5
368,27,2.4668300535601873e-5
368,29,2.466829960923178e-5
368,2,2.466830163783129e-5
368,6,2.4668302759600635e-5
368,7,2.4668299650087988e-5
368,8,2.4668300414809607e-5
369,10,2.4668290241613988e-5
369,12,2.4668299691832374e-5
369,14,2.4668282684991993e-5
369,17,2.4668295768748294e-5
369,18,2.4668299578145536e-5
369,21,2.4668426041429825e-5
369,22,2.466829582736807e-5
369,23,2.466829801317516e-5
369,24,2.4668300490304773e-5
369,27,2.4668300938834875e-5
369,29,2.4668300653729602e-5
369,2,2.4668301073837995e-5
369,6,2.4668299853480846e-5
369,7,2.4668299663410664e-5
369,8,2.466830024516753e-5
370,10,2.4668299172247998e-5
370,12,2.4668299535512972e-5
370,14,2.466823090152559e-5
370,17,2.4668303181485385e-5
370,18,2.4668298995500493e-5
370,21,2.4668519232662334e-5
370,22,2.466828121416853e-5
370,23,2.4668395099958218e-5
370,24,2.4668292810225978e-5
370,27,2.4668300659058673e-5
370,29,2.4668300388164255e-5
370,2,2.4668299949404116e-5
370,6,2.4668295286467412e-5
370,7,2.4668299511532155e-5
370,8,2.466830133496245e-5
371,10,2.466830239722384e-5
371,12,2.4668299217545098e-5
371,14,2.466833133141222e-5
371,17,2.4668289703377866e-5
371,18,2.4668299864138987e-5
371,21,2.4668382842207848e-5
371,22,2.466827388492021e-5
371,23,2.4668261215943232e-5
371,24,2.4668298224561624e-5
371,27,2.466830123371011e-5
371,29,2.4668300585339864e-5
371,2,2.4668301067620746e-5
371,6,2.4668295346863545e-5
371,7,2.4668299269947624e-5
371,8,2.4668299578145536e-5
372,10,2.466830639402673e-5
372,12,2.4668299602126353e-5
372,14,2.4668289827722845e-5
372,17,2.4668297348817703e-5
372,18,2.466830076741644e-5
372,21,2.4668290832252637e-5
372,22,2.4668321071175114e-5
372,23,2.4668413177941773e-5
372,24,2.466829726088804e-5
372,27,2.466829997516129e-5
372,29,2.4668300389940612e-5
372,2,2.4668301196406617e-5
372,6,2.466829908076562e-5
372,7,2.4668300208752214e-5
372,8,2.4668301173313978e-5
373,10,2.4668301592534192e-5
373,12,2.4668300061314596e-5
373,14,2.4668294031471305e-5
373,17,2.4668297633922975e-5
373,18,2.4668300004471178e-5
373,21,2.4668369129621226e-5
373,22,2.4668296297214454e-5
373,23,2.466830019898225e-5
373,24,2.4668295251828454e-5
373,27,2.4668302349262206e-5
373,29,2.466830001512932e-5
373,2,2.466830214409299e-5
373,6,2.4668298865826443e-5
373,7,2.4668300163455115e-5
373,8,2.466829779468327e-5
374,10,2.4668306362940484e-5
374,12,2.4668300528496445e-5
374,14,2.4668300299346413e-5
374,17,2.466829689495853e-5
374,18,2.466830051517377e-5
374,21,2.4668411615635932e-5
374,22,2.466832355807469e-5
374,23,2.466834786574168e-5
374,24,2.46682952829147e-5
374,27,2.466830026648381e-5
374,29,2.4668300389052433e-5
374,2,2.466830052672009e-5
374,6,2.4668302001096265e-5
374,7,2.4668300282471023e-5
374,8,2.466829980551921e-5
375,10,2.466830254377328e-5
375,12,2.4668299960950435e-5
375,14,2.4668296179974902e-5
375,17,2.4668293002072517e-5
375,18,2.4668300540042765e-5
375,21,2.4668456580556608e-5
375,22,2.4668286411788642e-5
375,23,2.4668307661457334e-5
375,24,2.4668299355212753e-5
375,27,2.4668301744412702e-5
375,29,2.466829986857988e-5
375,2,2.4668302142316634e-5
375,6,2.466830090153138e-5
375,7,2.4668299943186867e-5
375,8,2.4668299908547908e-5
376,10,2.4668299162478036e-5
376,12,2.4668299936969618e-5
376,14,2.4668264019034325e-5
376,17,2.4668300875774207e-5
376,18,2.4668299900554302e-5
376,21,2.466830309355572e-5
376,22,2.4668319412057826e-5
376,23,2.466852801852326e-5
376,24,2.4668312049946906e-5
376,27,2.466830192471292e-5
376,29,2.466830164937761e-5
376,2,2.4668301922048386e-5
376,6,2.4668298330254856e-5
376,7,2.466829921576874e-5
376,8,2.4668299801966498e-5
377,10,2.4668307518460608e-5
377,12,2.466830045921853e-5
377,14,2.4668268927108272e-5
377,17,2.466829233682688e-5
377,18,2.4668299683838768e-5
377,21,2.4668287708529135e-5
377,22,2.4668271368710748e-5
377,23,2.4668241426439863e-5
377,24,2.466830158187605e-5
377,27,2.4668301855435004e-5
377,29,2.4668300144803368e-5
377,2,2.466829994762776e-5
377,6,2.4668306772390736e-5
377,7,2.4668300405927823e-5
377,8,2.4668299034580343e-5
378,10,2.4668306957131847e-5
378,12,2.466830082870075e-5
378,14,2.466826742697492e-5
378,17,2.4668293862717405e-5
378,18,2.4668300085295414e-5
378,21,2.466837565773261e-5
378,22,2.4668339492883717e-5
378,23,2.466818186341868e-5
378,24,2.46682971924983e-5
378,27,2.4668301012553684e-5
378,29,2.4668297739616207e-5
378,2,2.466830287595201e-5
378,6,2.4668305103503485e-5
378,7,2.4668300079966343e-5
378,8,2.466830050362745e-5
379,10,2.466831050806917e-5
379,12,2.46682998676917e-5
379,14,2.466830087932692e-5
379,17,2.4668295797170003e-5
379,18,2.466830076652826e-5
379,21,2.4668421511719885e-5
379,22,2.4668310746100985e-5
379,23,2.4668178915554506e-5
379,24,2.466829864911091e-5
379,27,2.4668301681352034e-5
379,29,2.4668300136809762e-5
379,2,2.4668301585428765e-5
379,6,2.466831063596686e-5
379,7,2.4668299741570365e-5
379,8,2.4668300855346104e-5
380,10,2.466830776004514e-5
380,12,2.4668300030228352e-5
380,14,2.466828045655234e-5
380,17,2.4668301811026083e-5
380,18,2.466830094238759e-5
380,21,2.4668176438424894e-5
380,22,2.466830722447355e-5
380,23,2.4668263900018417e-5
380,24,2.4668304885899772e-5
380,27,2.4668300658170494e-5
380,29,2.4668300260266562e-5
380,2,2.4668300190988646e-5
380,6,2.4668294091867438e-5
380,7,2.4668299860586274e-5
380,8,2.4668299928976012e-5
381,10,2.4668297830210406e-5
381,12,2.466829964831163e-5
381,14,2.4668304253516737e-5
381,17,2.4668294836160953e-5
381,18,2.466830037484158e-5
381,21,2.4668397696991917e-5
381,22,2.4668245483638884e-5
381,23,2.4668245937498057e-5
381,24,2.4668298464369798e-5
381,27,2.466830174530088e-5
381,29,2.4668298511443254e-5
381,2,2.4668300377506114e-5
381,6,2.4668294409835312e-5
381,7,2.4668300045327385e-5
381,8,2.466830011549348e-5
382,10,2.4668303935548863e-5
382,12,2.46682999129888e-5
382,14,2.4668284645201766e-5
382,17,2.4668299004382277e-5
382,18,2.4668299877461664e-5
382,21,2.4668223626456154e-5
382,22,2.4668319737131128e-5
382,23,2.4668345636413846e-5
382,24,2.466831120351287e-5
382,27,2.466830103120543e-5
382,29,2.4668300567576296e-5
382,2,2.46683017115501e-5
382,6,2.466830385916552e-5
382,7,2.466829944047788e-5
382,8,2.4668300180330505e-5
383,10,2.4668302637920192e-5
383,12,2.4668299780650216e-5
383,14,2.466830943426146e-5
383,17,2.466829764724565e-5
383,18,2.466829963232442e-5
383,21,2.466837763659413e-5
383,22,2.4668300830477108e-5
383,23,2.4668216913603658e-5
383,24,2.466829545610949e-5
383,27,2.466830048586388e-5
383,29,2.4668300614649752e-5
383,2,2.4668300720342984e-5
383,6,2.4668297823993157e-5
383,7,2.4668299954733186e-5
383,8,2.466830234038042e-5
384,10,2.4668302083696858e-5
384,12,2.4668299912100622e-5
384,14,2.466830297631617e-5
384,17,2.4668292502028066e-5
384,18,2.4668299762886647e-5
384,21,2.46681834594753e-5
384,22,2.4668298700625257e-5
384,23,2.466834248782135e-5
384,24,2.4668304241970418e-5
384,27,2.4668301410457616e-5
384,29,2.466830040237511e-5
384,2,2.4668300381058827e-5
384,6,2.466830353853311e-5
384,7,2.4668300223851247e-5
384,8,2.46682991145164e-5
385,10,2.4668302527786068e-5
385,12,2.4668298981289638e-5
385,14,2.4668278761019735e-5
385,17,2.466828969005519e-5
385,18,2.4668299956509543e-5
385,21,2.4668432399899132e-5
385,22,2.466827390268378e-5
385,23,2.4668294620333597e-5
385,24,2.46682964064604e-5
385,27,2.4668301338515164e-5
385,29,2.4668300052432812e-5
385,2,2.4668300995678294e-5
385,6,2.4668303632680022e-5
385,7,2.4668300050656455e-5
385,8,2.4668300538266408e-5
386,10,2.466830103742268e-5
386,12,2.46682995879155e-5
386,14,2.4668218747692094e-5
386,17,2.4668295621310676e-5
386,18,2.466830031178091e-5
386,21,2.4668341473521593e-5
386,22,2.466829659208969e-5
386,23,2.466834173375787e-5
386,24,2.4668297073482393e-5
386,27,2.4668300622643358e-5
386,29,2.4668300529384624e-5
386,2,2.4668300977914726e-5
386,6,2.466830246561358e-5
386,7,2.4668300198094073e-5
386,8,2.4668301624508615e-5
387,10,2.466830429792566e-5
387,12,2.4668300063090953e-5
387,14,2.4668289081652972e-5
387,17,2.466829673686277e-5
387,18,2.4668301686681104e-5
387,21,2.4668385738557674e-5
387,22,2.4668280190098812e-5
387,23,2.4668290160789752e-5
387,24,2.4668294643426236e-5
387,27,2.4668301263019998e-5
387,29,2.4668300791397257e-5
387,2,2.466830104363993e-5
387,6,2.4668301883856714e-5
387,7,2.46683001270398e-5
387,8,2.4668299813512817e-5
388,10,2.4668299860586274e-5
388,12,2.466830076830462e-5
388,14,2.466827731328891e-5
388,17,2.4668297223584545e-5
388,18,2.4668294209995167e-5
388,21,2.466828186697967e-5
388,22,2.4668287617934936e-5
388,23,2.4668331221278095e-5
388,24,2.4668303837849237e-5
388,27,2.466830076830462e-5
388,29,2.4668299888119805e-5
388,2,2.4668301877639465e-5
388,6,2.466830483616178e-5
388,7,2.4668300298458234e-5
388,8,2.4668299276164873e-5
389,10,2.4668300119046194e-5
389,12,2.4668299539065686e-5
389,14,2.466828793146192e-5
389,17,2.4668299624330814e-5
389,18,2.4668301039199036e-5
389,21,2.4668398815208548e-5
389,22,2.4668334913435785e-5
389,23,2.4668334740240994e-5
389,24,2.4668301787933444e-5
389,27,2.4668299833052743e-5
389,29,2.4668298988395065e-5
389,2,2.4668301827013295e-5
389,6,2.4668301191965725e-5
389,7,2.4668298967966962e-5
389,8,2.466830019987043e-5
390,10,2.466830218317284e-5
390,12,2.466830082337168e-5
390,14,2.4668253622905922e-5
390,17,2.466830256597774e-5
390,18,2.4668300200758608e-5
390,21,2.4668400576466354e-5
390,22,2.4668309483111273e-5
390,23,2.46684087441551e-5
390,24,2.466830498892847e-5
390,27,2.4668300796726328e-5
390,29,2.4668300740771087e-5
390,2,2.4668300140362476e-5
390,6,2.466830372949147e-5
390,7,2.466829976111029e-5
390,8,2.4668299857921738e-5
391,10,2.466830761882477e-5
391,12,2.4668299816177353e-5
391,14,2.4668299646535274e-5
391,17,2.4668294794416568e-5
391,18,2.466830009950627e-5
391,21,2.4668239723801832e-5
391,22,2.466830688874211e-5
391,23,2.4668372367031566e-5
391,24,2.46683004521131e-5
391,27,2.4668301556118877e-5
391,29,2.4668300504515628e-5
391,2,2.4668299894337054e-5
391,6,2.466830617997573e-5
391,7,2.466829995206865e-5
391,8,2.466830068836856e-5
392,10,2.466829795721992e-5
392,12,2.4668299302810226e-5
392,14,2.466831679104331e-5
392,17,2.4668306678243823e-5
392,18,2.4668300223851247e-5
392,21,2.4668405325556364e-5
392,22,2.4668320850018688e-5
392,23,2.4668153523421665e-5
392,24,2.4668307600173023e-5
392,27,2.4668301679575677e-5
392,29,2.4668300478758454e-5
392,2,2.4668303535868574e-5
392,6,2.466830201441894e-5
392,7,2.4668299416497064e-5
392,8,2.4668300230956675e-5
393,10,2.4668303411523596e-5
393,12,2.4668299208663313e-5
393,14,2.466824358116071e-5
393,17,2.4668299039021235e-5
393,18,2.466829934544279e-5
393,21,2.4668361617408152e-5
393,22,2.466826391511745e-5
393,23,2.466830295322353e-5
393,24,2.4668301540131665e-5
393,27,2.4668300892649597e-5
393,29,2.4668299796637427e-5
393,2,2.4668300760311013e-5
393,6,2.4668299248631342e-5
393,7,2.466830040859236e-5
393,8,2.466829970426687e-5
394,10,2.4668301243480073e-5
394,12,2.466829913139179e-5
394,14,2.46682800630893e-5
394,17,2.4668286476625667e-5
394,18,2.466829919978153e-5
394,21,2.4668342164524404e-5
394,22,2.4668295665719597e-5
394,23,2.4668377364811533e-5
394,24,2.4668301382035906e-5
394,27,2.4668301679575677e-5
394,29,2.4668299622554457e-5
394,2,2.4668301045416285e-5
394,6,2.466830308289758e-5
394,7,2.4668299858809917e-5
394,8,2.4668299195340637e-5
395,10,2.4668308919117976e-5
395,12,2.4668300111940766e-5
395,14,2.466828225422546e-5
395,17,2.4668294272167657e-5
395,18,2.4668299280605765e-5
395,21,2.4668404369876384e-5
395,22,2.466824879654439e-5
395,23,2.466827375702252e-5
395,24,2.4668309094089125e-5
395,27,2.466830147085375e-5
395,29,2.466830004177467e-5
395,2,2.466830022296307e-5
395,6,2.466829915359625e-5
395,7,2.466829985703356e-5
395,8,2.4668300540042765e-5
396,10,2.4668298532759536e-5
396,12,2.4668300209640392e-5
396,14,2.4668285886875196e-5
396,17,2.466829379788038e-5
396,18,2.466829991387698e-5
396,21,2.4668300187435932e-5
396,22,2.4668315895759463e-5
396,23,2.466839292303291e-5
396,24,2.4668302359920347e-5
396,27,2.4668300651065067e-5
396,29,2.4668300010688426e-5
396,2,2.466829958081007e-5
396,6,2.4668300203423144e-5
396,7,2.4668299591468212e-5
396,8,2.4668301392694048e-5
397,10,2.4668308993724963e-5
397,12,2.466829990144248e-5
397,14,2.4668276989103788e-5
397,17,2.4668300050656455e-5
397,18,2.4668300462771242e-5
397,21,2.466852409099829e-5
397,22,2.466824595881434e-5
397,23,2.466828510439001e-5
397,24,2.4668309509756625e-5
397,27,2.466830107117346e-5
397,29,2.4668300107499874e-5
397,2,2.4668301114694202e-5
397,6,2.466830171687917e-5
397,7,2.4668299928976012e-5
397,8,2.466829876723864e-5
398,10,2.4668304646979777e-5
398,12,2.4668300079966343e-5
398,14,2.466830357139571e-5
398,17,2.466829995739772e-5
398,18,2.466830084113525e-5
398,21,2.4668256674686972e-5
398,22,2.4668322654797237e-5
398,23,2.4668412621053903e-5
398,24,2.46683148077409e-5
398,27,2.4668300961927514e-5
398,29,2.4668300200758608e-5
398,2,2.4668300484087524e-5
398,6,2.4668301394470404e-5
398,7,2.466830027270106e-5
398,8,2.4668299751340328e-5
399,10,2.4668299569263752e-5
399,12,2.466829774938617e-5
399,14,2.4668229683832976e-5
399,17,2.466829621461386e-5
399,18,2.4668299973384933e-5
399,21,2.4668382067716266e-5
399,22,2.4668282987860835e-5
399,23,2.466840685588778e-5
399,24,2.4668301965569128e-5
399,27,2.4668299943186867e-5
399,29,2.4668299577257358e-5
399,2,2.4668300622643358e-5
399,6,2.466829727776343e-5
399,7,2.466829995295683e-5
399,8,2.4668300113717123e-5
400,10,2.4668299315244724e-5
400,12,2.4668300909524987e-5
400,14,2.466832599079538e-5
400,17,2.4668292576635054e-5
400,18,2.4668300219410355e-5
400,21,2.4668353692192113e-5
400,22,2.466833079672881e-5
400,23,2.4668274337003027e-5
400,24,2.466829954173022e-5
400,27,2.4668300669716814e-5
400,29,2.4668300445895852e-5
400,2,2.466830089709049e-5
400,6,2.4668296336294304e-5
400,7,2.4668299769103896e-5
400,8,2.4668300060426418e-5
401,10,2.4668303777453104e-5
401,12,2.4668299826835494e-5
401,14,2.4668307232467157e-5
401,17,2.466830094238759e-5
401,18,2.4668300487640238e-5
401,21,2.466839314863023e-5
401,22,2.4668285937501366e-5
401,23,2.4668289626106343e-5
401,24,2.466830300917877e-5
401,27,2.466830089087324e-5
401,29,2.4668301011665505e-5
401,2,2.4668300200758608e-5
401,6,2.4668298649999088e-5
401,7,2.466829950265037e-5
401,8,2.4668300186547754e-5
402,10,2.466830530956088e-5
402,12,2.466830054892455e-5
402,14,2.466823712232724e-5
402,17,2.466829187675046e-5
402,18,2.466829981795371e-5
402,21,2.4668204906319602e-5
402,22,2.466830953462562e-5
402,23,2.4668274249073363e-5
402,24,2.4668310398823223e-5
402,27,2.4668299613672673e-5
402,29,2.4668299825059137e-5
402,2,2.4668300477870275e-5
402,6,2.4668295099949944e-5
402,7,2.4668300395269682e-5
402,8,2.466830140335219e-5
403,10,2.4668305568908977e-5
403,12,2.4668299438701524e-5
403,14,2.4668322874177306e-5
403,17,2.4668298869379157e-5
403,18,2.4668300018682032e-5
403,21,2.4668385599113662e-5
403,22,2.4668237592173625e-5
403,23,2.4668321356280387e-5
403,24,2.4668305560027193e-5
403,27,2.4668301291441708e-5
403,29,2.4668299506203084e-5
403,2,2.466830105429807e-5
403,6,2.46682993738645e-5
403,7,2.4668299433372454e-5
403,8,2.4668300032892887e-5
404,10,2.4668301715102814e-5
404,12,2.466829996983222e-5
404,14,2.4668239919201085e-5
404,17,2.4668298240548836e-5
404,18,2.4668300302010948e-5
404,21,2.466824963942571e-5
404,22,2.4668303598041064e-5
404,23,2.4668416797268833e-5
404,24,2.4668294668295232e-5
404,27,2.4668299642094382e-5
404,29,2.4668299540842042e-5
404,2,2.4668299277053052e-5
404,6,2.466829980729557e-5
404,7,2.4668300330432658e-5
404,8,2.466829992453512e-5
405,10,2.4668302231134476e-5
405,12,2.466830043079682e-5
405,14,2.4668298111762965e-5
405,17,2.466829662584047e-5
405,18,2.466830007641363e-5
405,21,2.466838272763283e-5
405,22,2.4668297964325347e-5
405,23,2.466814120705152e-5
405,24,2.4668298308050396e-5
405,27,2.4668301331409737e-5
405,29,2.4668299471564126e-5
405,2,2.466830015013244e-5
405,6,2.4668302202712766e-5
405,7,2.466829947955773e-5
405,8,2.466830112091145e-5
406,10,2.466830631941974e-5
406,12,2.4668300349972583e-5
406,14,2.466826100278041e-5
406,17,2.4668299264618554e-5
406,18,2.4668299625218992e-5
406,21,2.466843277204589e-5
406,22,2.466827852742881e-5
406,23,2.466833143799363e-5
406,24,2.4668303809427528e-5
406,27,2.466830160408051e-5
406,29,2.4668299247743164e-5
406,2,2.466829981262464e-5
406,6,2.4668303601593777e-5
406,7,2.466829949110405e-5
406,8,2.466830062175518e-5
407,10,2.466829521985403e-5
407,12,2.4668298707730685e-5
407,14,2.46682845244095e-5
407,17,2.4668285914408727e-5
407,18,2.4668300454777636e-5
407,21,2.4668430823382437e-5
407,22,2.4668288578943987e-5
407,23,2.4668329985821913e-5
407,24,2.466830014924426e-5
407,27,2.4668301564112483e-5
407,29,2.466829831693218e-5
407,2,2.466830184122415e-5
407,6,2.4668301590757835e-5
407,7,2.4668299892560697e-5
407,8,2.4668300707908486e-5
408,10,2.466830576430823e-5
408,12,2.4668301038310858e-5
408,14,2.4668288372886593e-5
408,17,2.4668302242680795e-5
408,18,2.4668300627972428e-5
408,21,2.4668365006697002e-5
408,22,2.466834957903785e-5
408,23,2.4668225445445557e-5
408,24,2.466829792968639e-5
408,27,2.4668299793972892e-5
408,29,2.4668300198094073e-5
408,2,2.4668299848151776e-5
408,6,2.46682974971435e-5
408,7,2.466829904257395e-5
408,8,2.4668300770969154e-5
409,10,2.46682994191616e-5
409,12,2.466829953107208e-5
409,14,2.4668289041684943e-5
409,17,2.4668294133611823e-5
409,18,2.4668300140362476e-5
409,21,2.4668324241972073e-5
409,22,2.4668193946197903e-5
409,23,2.4668323443499673e-5
409,24,2.4668295777630078e-5
409,27,2.466829995295683e-5
409,29,2.466829893599254e-5
409,2,2.4668300680374955e-5
409,6,2.4668300892649597e-5
409,7,2.466829946268234e-5
409,8,2.4668300675934063e-5
410,10,2.4668299117180936e-5
410,12,2.4668299527519366e-5
410,14,2.466828048852676e-5
410,17,2.466830121683472e-5
410,18,2.4668301263019998e-5
410,21,2.4668360850021998e-5
410,22,2.466833230219123e-5
410,23,2.4668208671307923e-5
410,24,2.4668307008646195e-5
410,27,2.4668302016195298e-5
410,29,2.466830061020886e-5
410,2,2.466830037928247e-5
410,6,2.4668300712349378e-5
410,7,2.466830027358924e-5
410,8,2.4668299831276386e-5
411,10,2.4668303384878243e-5
411,12,2.466830078518001e-5
411,14,2.4668303957753324e-5
411,17,2.466829854164132e-5
411,18,2.4668299993813037e-5
411,21,2.466846629722852e-5
411,22,2.4668290445006846e-5
411,23,2.4668386564563605e-5
411,24,2.46683031726036e-5
411,27,2.466830122749286e-5
411,29,2.4668300738106552e-5
411,2,2.466829969449691e-5
411,6,2.4668299057672982e-5
411,7,2.4668299920982406e-5
411,8,2.4668300690144918e-5
412,10,2.4668292419427473e-5
412,12,2.4668300127927978e-5
412,14,2.4668273049144318e-5
412,17,2.466829273650717e-5
412,18,2.46682983613411e-5
412,21,2.466815977619774e-5
412,22,2.466831398706404e-5
412,23,2.466827223823742e-5
412,24,2.466829890757083e-5
412,27,2.466829866509812e-5
412,29,2.46682999911485e-5
412,2,2.466830081804261e-5
412,6,2.4668302236463546e-5
412,7,2.4668299852592668e-5
412,8,2.466829968206241e-5
413,10,2.466830645531104e-5
413,12,2.466830046365942e-5
413,14,2.46682808944243e-5
413,17,2.4668294318352935e-5
413,18,2.4668301382924085e-5
413,21,2.466837280312717e-5
413,22,2.4668311071174287e-5
413,23,2.4668292901708355e-5
413,24,2.4668298054031368e-5
413,27,2.4668300646624175e-5
413,29,2.46682990692193e-5
413,2,2.466830039615786e-5
413,6,2.466829934633097e-5
413,7,2.466829958169825e-5
413,8,2.4668299937857796e-5
414,10,2.466829379876856e-5
414,12,2.4668301246144608e-5
414,14,2.4668318333809225e-5
414,17,2.4668291807472542e-5
414,18,2.4668300212304928e-5
414,21,2.4668324062560032e-5
414,22,2.466832634606675e-5
414,23,2.46683517213242e-5
414,24,2.4668296454422034e-5
414,27,2.46683016333904e-5
414,29,2.4668299990260323e-5
414,2,2.466830058267533e-5
414,6,2.466830211567128e-5
414,7,2.466829946889959e-5
414,8,2.4668299196228816e-5
415,10,2.4668305143471514e-5
415,12,2.466829898040146e-5
415,14,2.4668316524589784e-5
415,17,2.4668298680197154e-5
415,18,2.4668300517838304e-5
415,21,2.4668478067368937e-5
415,22,2.4668324758003735e-5
415,23,2.4668335493416294e-5
415,24,2.466829849190333e-5
415,27,2.466830096459205e-5
415,29,2.466829904168577e-5
415,2,2.4668300434349533e-5
415,6,2.4668297539776063e-5
415,7,2.4668299431596097e-5
415,8,2.46683014646365e-5
416,10,2.4668298769903174e-5
416,12,2.4668300276253774e-5
416,14,2.466827534597371e-5
416,17,2.466829356873035e-5
416,18,2.4668300198094073e-5
416,21,2.4668295598218037e-5
416,22,2.466827479530309e-5
416,23,2.4668137456274053e-5
416,24,2.4668302872399295e-5
416,27,2.4668300291352807e-5
416,29,2.4668298830299307e-5
416,2,2.4668301180419405e-5
416,6,2.46683051399188e-5
416,7,2.4668299970720398e-5
416,8,2.4668299900554302e-5
417,10,2.4668297297303354e-5
417,12,2.466830013769794e-5
417,14,2.466825226488112e-5
417,17,2.4668299861474452e-5
417,18,2.466830036862433e-5
417,21,2.4668402468286388e-5
417,22,2.466831467273778e-5
417,23,2.4668245594661187e-5
417,24,2.4668298297392255e-5
417,27,2.4668300680374955e-5
417,29,2.4668301794150693e-5
417,2,2.466830072833659e-5
417,6,2.4668298433283553e-5
417,7,2.466829961456085e-5
417,8,2.4668300416585964e-5
418,10,2.4668302954999888e-5
418,12,2.4668299365870894e-5
418,14,2.4668269515082386e-5
418,17,2.466829709213414e-5
418,18,2.4668299409391636e-5
418,21,2.4668332113897407e-5
418,22,2.466828765612661e-5
418,23,2.466824380498167e-5
418,24,2.466829484948363e-5
418,27,2.4668301944252846e-5
418,29,2.4668299701602336e-5
418,2,2.4668301673358428e-5
418,6,2.4668310154574158e-5
418,7,2.4668299746011257e-5
418,8,2.4668300968144763e-5
419,10,2.466830153835531e-5
419,12,2.466830008707177e-5
419,14,2.4668270763861244e-5
419,17,2.4668299432484275e-5
419,18,2.4668299793084714e-5
419,21,2.466836636738634e-5
419,22,2.466832999381552e-5
419,23,2.4668327706756088e-5
419,24,2.466830078518001e-5
419,27,2.4668300765640083e-5
419,29,2.4668299031915808e-5
419,2,2.4668301064068032e-5
419,6,2.4668300225627604e-5
419,7,2.4668300438790425e-5
419,8,2.4668300478758454e-5
420,10,2.4668298432395375e-5
420,12,2.466829975489304e-5
420,14,2.4668263434612925e-5
420,17,2.4668298550523104e-5
420,18,2.4668300196317716e-5
420,21,2.4668217004197857e-5
420,22,2.4668311605857696e-5
420,23,2.466830204816972e-5
420,24,2.4668306553010666e-5
420,27,2.4668300675045884e-5
420,29,2.4668299285046658e-5
420,2,2.466829821567984e-5
420,6,2.4668298841845626e-5
420,7,2.4668299813512817e-5
420,8,2.4668300375729757e-5
421,10,2.4668301922048386e-5
421,12,2.466830111558238e-5
421,14,2.46682992051106e-5
421,17,2.466829161118511e-5
421,18,2.466830039171697e-5
421,21,2.4668514993386736e-5
421,22,2.466828232083884e-5
421,23,2.4668367331059926e-5
421,24,2.4668302590846736e-5
421,27,2.4668300904195917e-5
421,29,2.4668299499097657e-5
421,2,2.4668301336738807e-5
421,6,2.466830657965602e-5
421,7,2.4668299636765312e-5
421,8,2.4668300111052588e-5
422,10,2.46683048930052e-5
422,12,2.466830008795995e-5
422,14,2.466830481928639e-5
422,17,2.4668296796370726e-5
422,18,2.4668300309116376e-5
422,21,2.4668441582775813e-5
422,22,2.4668302741837067e-5
422,23,2.46682499032147e-5
422,24,2.4668299489327694e-5
422,27,2.466829961011996e-5
422,29,2.4668298460817084e-5
422,2,2.4668299460905985e-5
422,6,2.4668305795394474e-5
422,7,2.466830041392143e-5
422,8,2.466830012082255e-5
423,10,2.4668305585784367e-5
423,12,2.4668300421026856e-5
423,14,2.4668304177133393e-5
423,17,2.4668301557007055e-5
423,18,2.4668300699026702e-5
423,21,2.4668385754544886e-5
423,22,2.4668308796549354e-5
423,23,2.4668246185299836e-5
423,24,2.466830219560734e-5
423,27,2.4668301258579106e-5
423,29,2.4668299202446065e-5
423,2,2.4668300883767813e-5
423,6,2.4668299673180627e-5
423,7,2.466829985170449e-5
423,8,2.4668302613051196e-5
424,10,2.4668311270126253e-5
424,12,2.4668301105812418e-5
424,14,2.4668282845752287e-5
424,17,2.4668293818308484e-5
424,18,2.466829972203044e-5
424,21,2.4668338454603145e-5
424,22,2.4668289997364923e-5
424,23,2.46683399627301e-5
424,24,2.4668298397756416e-5
424,27,2.4668301714214635e-5
424,29,2.4668299078101086e-5
424,2,2.4668301410457616e-5
424,6,2.466831082159615e-5
424,7,2.4668300831365286e-5
424,8,2.4668300270036525e-5
425,10,2.4668307471387152e-5
425,12,2.4668299482222267e-5
425,14,2.466821252333773e-5
425,17,2.4668297601948552e-5
425,18,2.4668299833052743e-5
425,21,2.4668377247571982e-5
425,22,2.4668316011222657e-5
425,23,2.4668213407963435e-5
425,24,2.4668294031471305e-5
425,27,2.4668301129793235e-5
425,29,2.466830111025331e-5
425,2,2.4668301454866537e-5
425,6,2.4668302410546517e-5
425,7,2.4668299743346722e-5
425,8,2.4668299299257512e-5
426,10,2.4668300369512508e-5
426,12,2.4668300073749094e-5
426,14,2.4668300024011103e-5
426,17,2.466829216807298e-5
426,18,2.4668299118069115e-5
426,21,2.4668360740776052e-5
426,22,2.4668282081030668e-5
426,23,2.466833010039693e-5
426,24,2.4668299175800712e-5
426,27,2.46683026334793e-5
426,29,2.4668300366847973e-5
426,2,2.4668301131569592e-5
426,6,2.4668305643515964e-5
426,7,2.4668299971608576e-5
426,8,2.4668300185659575e-5
427,10,2.4668301499275458e-5
427,12,2.4668301561447947e-5
427,14,2.4668304801522822e-5
427,17,2.4668297527341565e-5
427,18,2.4668300629748785e-5
427,21,2.4668400285143832e-5
427,22,2.4668213161938013e-5
427,23,2.466818833379847e-5
427,24,2.4668301204400223e-5
427,27,2.4668303002073344e-5
427,29,2.466829866509812e-5
427,2,2.4668299883678912e-5
427,6,2.466829905234391e-5
427,7,2.4668299624330814e-5
427,8,2.4668299568375573e-5
428,10,2.4668304091868265e-5
428,12,2.466830279690413e-5
428,14,2.4668310101283453e-5
428,17,2.4668298808094846e-5
428,18,2.46682994067271e-5
428,21,2.4668276113359866e-5
428,22,2.4668318665099775e-5
428,23,2.4668257784909997e-5
428,24,2.4668300910413166e-5
428,27,2.4668300432573176e-5
428,29,2.466829945291238e-5
428,2,2.466830155434252e-5
428,6,2.4668303097996613e-5
428,7,2.4668299720254083e-5
428,8,2.4668300695473988e-5
429,10,2.4668299172247998e-5
429,12,2.4668299192676102e-5
429,14,2.466827295322105e-5
429,17,2.4668301371377765e-5
429,18,2.4668300462771242e-5
429,21,2.46683937508152e-5
429,22,2.4668327646359955e-5
429,23,2.466822362823251e-5
429,24,2.466830968650413e-5
429,27,2.4668300572905366e-5
429,29,2.4668297988306165e-5
429,2,2.466830052672009e-5
429,6,2.4668301046304464e-5
429,7,2.466830031799816e-5
429,8,2.4668300814489896e-5
430,10,2.4668295814933572e-5
430,12,2.466830125680275e-5
430,14,2.4668305852237893e-5
430,17,2.4668296015661895e-5
430,18,2.4668300625307893e-5
430,21,2.4668338274302926e-5
430,22,2.4668311068509752e-5
430,23,2.4668346502387806e-5
430,24,2.466829930547476e-5
430,27,2.4668300760311013e-5
430,29,2.4668299870356236e-5
430,2,2.46683009255122e-5
430,6,2.4668295869112455e-5
430,7,2.4668299628771706e-5
430,8,2.466830012082255e-5
431,10,2.4668299701602336e-5
431,12,2.4668298681085332e-5
431,14,2.4668295477425772e-5
431,17,2.4668298887142726e-5
431,18,2.466830069369763e-5
431,21,2.466837232617536e-5
431,22,2.46682972830925e-5
431,23,2.4668225647950237e-5
431,24,2.4668297626817548e-5
431,27,2.4668299987595788e-5
431,29,2.4668300505403806e-5
431,2,2.4668300696362166e-5
431,6,2.4668304068775626e-5
431,7,2.4668300226515782e-5
431,8,2.4668300198094073e-5
432,10,2.4668307412767376e-5
432,12,2.466829988989616e-5
432,14,2.466825303493181e-5
432,17,2.4668304916986017e-5
432,18,2.4668299725583154e-5
432,21,2.4668311808362375e-5
432,22,2.4668313078457516e-5
432,23,2.4668261078275577e-5
432,24,2.4668297122332206e-5
432,27,2.4668300535601873e-5
432,29,2.4668300230956675e-5
432,2,2.4668301783492552e-5
432,6,2.4668300556918155e-5
432,7,2.466830034641987e-5
432,8,2.4668300713237556e-5
433,10,2.4668304789088324e-5
433,12,2.4668300231844853e-5
433,14,2.4668298746810535e-5
433,17,2.4668281858986063e-5
433,18,2.4668299894337054e-5
433,21,2.466835430059433e-5
433,22,2.466833768188792e-5
433,23,2.4668263334248763e-5
433,24,2.466830240877016e-5
433,27,2.46683013411797e-5
433,29,2.466829897507239e-5
433,2,2.4668301017882754e-5
433,6,2.4668299161589857e-5
433,7,2.466830063241332e-5
433,8,2.4668300644847818e-5
434,10,2.4668283459483575e-5
434,12,2.4668300079078165e-5
434,14,2.4668278620687545e-5
434,17,2.4668299707819585e-5
434,18,2.4668299147379003e-5
434,21,2.4668128631333275e-5
434,22,2.4668313370668216e-5
434,23,2.466827511682368e-5
434,24,2.4668297032626185e-5
434,27,2.4668301675134785e-5
434,29,2.4668299391628068e-5
434,2,2.466830230130057e-5
434,6,2.466829918734703e-5
434,7,2.4668299734464938e-5
434,8,2.4668300079966343e-5
435,10,2.4668294891228015e-5
435,12,2.4668300521391018e-5
435,14,2.4668239103853296e-5
435,17,2.466829989611341e-5
435,18,2.4668301122687808e-5
435,21,2.466840868375897e-5
435,22,2.4668256981108527e-5
435,23,2.4668313619358173e-5
435,24,2.4668303484354226e-5
435,27,2.4668300083519057e-5
435,29,2.4668297736951672e-5
435,2,2.4668299933416904e-5
435,6,2.4668296308760773e-5
435,7,2.466829935610093e-5
435,8,2.4668299664298843e-5
436,10,2.4668306240371862e-5
436,12,2.4668297994523414e-5
436,14,2.4668272843086925e-5
436,17,2.4668295442786814e-5
436,18,2.466830162184408e-5
436,21,2.4668317239573412e-5
436,22,2.466829347280708e-5
436,23,2.4668265514726784e-5
436,24,2.466829696867734e-5
436,27,2.4668303440833483e-5
436,29,2.4668301399799475e-5
436,2,2.466829936143e-5
436,6,2.4668302714303536e-5
436,7,2.466829944669513e-5
436,8,2.4668301049857178e-5
437,10,2.4668305806052615e-5
437,12,2.4668298405750022e-5
437,14,2.4668305778519084e-5
437,17,2.466829370284529e-5
437,18,2.466829995206865e-5
437,21,2.466834488679126e-5
437,22,2.46683161329031e-5
437,23,2.4668267043281844e-5
437,24,2.4668301744412702e-5
437,27,2.466830031710998e-5
437,29,2.466830006486731e-5
437,2,2.4668299387187176e-5
437,6,2.466830353320404e-5
437,7,2.4668300001806642e-5
437,8,2.4668300796726328e-5
438,10,2.466830071057302e-5
438,12,2.4668300178554148e-5
438,14,2.4668242330605494e-5
438,17,2.466828930725029e-5
438,18,2.4668300875774207e-5
438,21,2.4668353140633315e-5
438,22,2.4668322206267135e-5
438,23,2.466826555647117e-5
438,24,2.4668313134412756e-5
438,27,2.466830113334595e-5
438,29,2.4668300572017188e-5
438,2,2.4668299428043383e-5
438,6,2.4668302422092836e-5
438,7,2.4668299335672828e-5
438,8,2.4668298624241913e-5
439,10,2.4668296044083604e-5
439,12,2.4668300078189986e-5
439,14,2.466827350833256e-5
439,17,2.466829494451872e-5
439,18,2.4668300701691237e-5
439,21,2.466837953019052e-5
439,22,2.466831299141603e-5
439,23,2.466822013769132e-5
439,24,2.466830273473164e-5
439,27,2.4668301052521713e-5
439,29,2.466830016523147e-5
439,2,2.466830051428559e-5
439,6,2.4668296314089844e-5
439,7,2.4668299942298688e-5
439,8,2.4668300162566936e-5
440,10,2.4668297695207286e-5
440,12,2.4668299651864345e-5
440,14,2.466825913227666e-5
440,17,2.4668294325458362e-5
440,18,2.4668299493768586e-5
440,21,2.4668202587285748e-5
440,22,2.4668228435942297e-5
440,23,2.4668330103949643e-5
440,24,2.4668306527253492e-5
440,27,2.46682986206892e-5
440,29,2.4668299434260632e-5
440,2,2.466830146374832e-5
440,6,2.4668297291974284e-5
440,7,2.4668299916541514e-5
440,8,2.466829945291238e-5
441,10,2.4668293177043665e-5
441,12,2.4668299748675793e-5
441,14,2.4668289562157497e-5
441,17,2.466829384850655e-5
441,18,2.4668300310004554e-5
441,21,2.4668448020293e-5
441,22,2.4668329297483638e-5
441,23,2.4668416554796124e-5
441,24,2.4668306113362348e-5
441,27,2.4668301400687653e-5
441,29,2.466830046987667e-5
441,2,2.466830121061747e-5
441,6,2.4668299029251273e-5
441,7,2.466829962699535e-5
441,8,2.466830084557614e-5
442,10,2.466830326230962e-5
442,12,2.4668300611097038e-5
442,14,2.466827284486328e-5
442,17,2.466828912695007e-5
442,18,2.466829872815879e-5
442,21,2.466846849369375e-5
442,22,2.466825352254176e-5
442,23,2.4668302165409273e-5
442,24,2.466830358294203e-5
442,27,2.466830073988291e-5
442,29,2.4668299657193415e-5
442,2,2.466829965452888e-5
442,6,2.4668304635433458e-5
442,7,2.4668299690944195e-5
442,8,2.466830026648381e-5
443,10,2.4668304509312122e-5
443,12,2.466829996450315e-5
443,14,2.466834122838435e-5
443,17,2.466830291414368e-5
443,18,2.4668300543595478e-5
443,21,2.466846049653526e-5
443,22,2.466830343639259e-5
443,23,2.466836448977716e-5
443,24,2.4668299242414093e-5
443,27,2.4668299651864345e-5
443,29,2.4668300282471023e-5
443,2,2.4668300095065376e-5
443,6,2.4668299696273266e-5
443,7,2.4668300241614816e-5
443,8,2.466830066083503e-5
444,10,2.4668299380969927e-5
444,12,2.4668299725583154e-5
444,14,2.4668309818842715e-5
444,17,2.4668292884832965e-5
444,18,2.466829957015193e-5
444,21,2.4668312527786895e-5
444,22,2.4668301535690773e-5
444,23,2.466831142378112e-5
444,24,2.4668299515084868e-5
444,27,2.466830077274551e-5
444,29,2.4668301457531072e-5
444,2,2.4668300779850938e-5
444,6,2.4668291630725037e-5
444,7,2.46683007114612e-5
444,8,2.4668298897800867e-5
445,10,2.466830365666084e-5
445,12,2.46683001599024e-5
445,14,2.466834110492755e-5
445,17,2.466829934011372e-5
445,18,2.466830004799192e-5
445,21,2.466837081271933e-5
445,22,2.4668294149599035e-5
445,23,2.4668369246860777e-5
445,24,2.4668300500074736e-5
445,27,2.4668301613850474e-5
445,29,2.466829845815255e-5
445,2,2.466830063241332e-5
445,6,2.4668300135921584e-5
445,7,2.4668299720254083e-5
445,8,2.4668300451224923e-5
446,10,2.466829369662804e-5
446,12,2.466829868197351e-5
446,14,2.466826503866315e-5
446,17,2.4668296809693402e-5
446,18,2.4668300377506114e-5
446,21,2.4668361036539466e-5
446,22,2.4668217955436944e-5
446,23,2.4668334913435785e-5
446,24,2.4668308391539995e-5
446,27,2.4668301050745356e-5
446,29,2.4668298972407854e-5
446,2,2.466830207126236e-5
446,6,2.4668302722297142e-5
446,7,2.4668300647512353e-5
446,8,2.4668298859609195e-5
447,10,2.4668294408947133e-5
447,12,2.4668300429020462e-5
447,14,2.466832742431535e-5
447,17,2.4668293164609167e-5
447,18,2.4668300225627604e-5
447,21,2.466833324099582e-5
447,22,2.4668282331496982e-5
447,23,2.4668254038573423e-5
447,24,2.4668305290020953e-5
447,27,2.4668300399710574e-5
447,29,2.46682994973213e-5
447,2,2.4668301837671436e-5
447,6,2.466830874858772e-5
447,7,2.466829977354479e-5
447,8,2.4668299926311477e-5
448,10,2.4668298404861844e-5
448,12,2.4668300096841733e-5
448,14,2.4668296148888658e-5
448,17,2.4668292903484712e-5
448,18,2.4668299473340483e-5
448,21,2.466835665071443e-5
448,22,2.466831517189405e-5
448,23,2.4668298404861844e-5
448,24,2.466829588332331e-5
448,27,2.466830188652125e-5
448,29,2.466829994141051e-5
448,2,2.4668301572994267e-5
448,6,2.466830441516521e-5
448,7,2.4668299801966498e-5
448,8,2.4668300313557268e-5
449,10,2.4668301162655837e-5
449,12,2.466829994762776e-5
449,14,2.466826267255584e-5
449,17,2.4668302360808525e-5
449,18,2.4668300111052588e-5
449,21,2.4668411975348192e-5
449,22,2.4668312093467648e-5
449,23,2.4668323533205694e-5
449,24,2.4668291413121324e-5
449,27,2.4668300805608112e-5
449,29,2.4668300393493325e-5
449,2,2.4668301169761264e-5
449,6,2.4668302738284353e-5
449,7,2.466829980107832e-5
449,8,2.466830081271354e-5
450,10,2.4668299472452304e-5
450,12,2.4668300471653026e-5
450,14,2.4668304204666924e-5
450,17,2.4668294037688554e-5
450,18,2.4668299639429847e-5
450,21,2.466837205084005e-5
450,22,2.4668246962455953e-5
450,23,2.4668304495989446e-5
450,24,2.4668305655950462e-5
450,27,2.4668301892738498e-5
450,29,2.4668300395269682e-5
450,2,2.46683026663419e-5
450,6,2.4668298038932335e-5
450,7,2.4668300085295414e-5
450,8,2.4668300472541205e-5
451,10,2.4668304944519548e-5
451,12,2.4668299774432967e-5
451,14,2.4668319007936645e-5
451,17,2.4668299650087988e-5
451,18,2.4668300889096884e-5
451,21,2.4668254368087617e-5
451,22,2.4668291120910624e-5
451,23,2.4668285146134394e-5
451,24,2.466828927438769e-5
451,27,2.4668300921959485e-5
451,29,2.466829976199847e-5
451,2,2.4668300681263133e-5
451,6,2.4668301101371526e-5
451,7,2.4668299565711038e-5
451,8,2.466830042457957e-5
452,10,2.4668309292152912e-5
452,12,2.46682998801262e-5
452,14,2.4668292473606357e-5
452,17,2.4668293608698377e-5
452,18,2.4668300178554148e-5
452,21,2.4668420691931203e-5
452,22,2.466830811354015e-5
452,23,2.46681476365751e-5
452,24,2.4668296454422034e-5
452,27,2.4668302769370598e-5
452,29,2.4668300691033096e-5
452,2,2.4668300449448566e-5
452,6,2.466830157210609e-5
452,7,2.466829941205617e-5
452,8,2.4668301620067723e-5
453,10,2.4668299888119805e-5
453,12,2.4668300561359047e-5
453,14,2.4668296030760928e-5
453,17,2.466829505110013e-5
453,18,2.466830019898225e-5
453,21,2.4668448610931648e-5
453,22,2.466828270453192e-5
453,23,2.4668268856054e-5
453,24,2.4668299550612005e-5
453,27,2.4668299078989264e-5
453,29,2.4668300248720243e-5
453,2,2.466830059866254e-5
453,6,2.466829909320012e-5
453,7,2.466829960923178e-5
453,8,2.466830112091145e-5
454,10,2.466830337510828e-5
454,12,2.4668300354413475e-5
454,14,2.4668351190193505e-5
454,17,2.466829803093873e-5
454,18,2.466830009861809e-5
454,21,2.4668366060964786e-5
454,22,2.4668284948070607e-5
454,23,2.4668366438440614e-5
454,24,2.466830781600038e-5
454,27,2.466830125591457e-5
454,29,2.466830007641363e-5
454,2,2.4668301540131665e-5
454,6,2.4668299978714003e-5
454,7,2.46682998801262e-5
454,8,2.4668299387187176e-5
455,10,2.466830185277047e-5
455,12,2.4668299709595942e-5
455,14,2.4668287355922303e-5
455,17,2.466829591796227e-5
455,18,2.4668299359653645e-5
455,21,2.466834382985894e-5
455,22,2.4668313010955956e-5
455,23,2.466821052227175e-5
455,24,2.4668306832786868e-5
455,27,2.4668300405927823e-5
455,29,2.466829942893156e-5
455,2,2.4668300569352652e-5
455,6,2.4668298836516556e-5
455,7,2.4668299965391327e-5
455,8,2.4668299634100777e-5
456,10,2.466830576874912e-5
456,12,2.466829899638867e-5
456,14,2.466830157210609e-5
456,17,2.46682992051106e-5
456,18,2.4668300321550873e-5
456,21,2.466841668624653e-5
456,22,2.4668316894072007e-5
456,23,2.4668220529378004e-5
456,24,2.466830377478857e-5
456,27,2.466829923264413e-5
456,29,2.4668299050567555e-5
456,2,2.4668301455754715e-5
456,6,2.466830403768938e-5
456,7,2.466829991920605e-5
456,8,2.4668300583563507e-5
457,10,2.4668305851349714e-5
457,12,2.4668299534624794e-5
457,14,2.466821903723826e-5
457,17,2.4668296972230053e-5
457,18,2.466830012615162e-5
457,21,2.4668309083430984e-5
457,22,2.4668278554074163e-5
457,23,2.4668405814942673e-5
457,24,2.4668306484620928e-5
457,27,2.4668300157237866e-5
457,29,2.46683009130777e-5
457,2,2.4668300971697477e-5
457,6,2.4668300360630724e-5
457,7,2.4668299431596097e-5
457,8,2.4668299146490824e-5
458,10,2.466829681679883e-5
458,12,2.4668300586228042e-5
458,14,2.4668274305028604e-5
458,17,2.46682986206892e-5
458,18,2.4668300063090953e-5
458,21,2.466837910386488e-5
458,22,2.4668248946646543e-5
458,23,2.466823906832616e-5
458,24,2.466829326408515e-5
458,27,2.4668300779850938e-5
458,29,2.4668299342778255e-5
458,2,2.4668302143204812e-5
458,6,2.4668299461794163e-5
458,7,2.466830006397913e-5
458,8,2.4668300381058827e-5
459,10,2.4668303185926277e-5
459,12,2.4668298470587047e-5
459,14,2.466820339641629e-5
459,17,2.4668296646268573e-5
459,18,2.466829970515505e-5
459,21,2.4668351971790514e-5
459,22,2.4668363233892876e-5
459,23,2.4668298087782148e-5
459,24,2.466830080027904e-5
459,27,2.4668301338515164e-5
459,29,2.466829964387074e-5
459,2,2.4668301108476953e-5
459,6,2.4668296583207905e-5
459,7,2.4668300069308202e-5
459,8,2.466829991387698e-5
460,10,2.4668294756224896e-5
460,12,2.4668300451224923e-5
460,14,2.4668284506645932e-5
460,17,2.466830194247649e-5
460,18,2.466830103120543e-5
460,21,2.4668210180323058e-5
460,22,2.4668238121527963e-5
460,23,2.466835452086258e-5
460,24,2.4668298937768895e-5
460,27,2.466830044145496e-5
460,29,2.466830041392143e-5
460,2,2.4668299796637427e-5
460,6,2.4668300984131974e-5
460,7,2.466830005420917e-5
460,8,2.4668300286023737e-5
461,10,2.4668304637209815e-5
461,12,2.46683003286563e-5
461,14,2.466822358382359e-5
461,17,2.4668295004026675e-5
461,18,2.466829990765973e-5
461,21,2.4668384248194286e-5
461,22,2.466830650060814e-5
461,23,2.466827832048324e-5
461,24,2.4668298228114338e-5
461,27,2.4668300631525142e-5
461,29,2.4668299161589857e-5
461,2,2.4668300579122615e-5
461,6,2.4668292861740326e-5
461,7,2.4668299875685307e-5
461,8,2.4668300507180163e-5
462,10,2.466830879921389e-5
462,12,2.4668300021346568e-5
462,14,2.466835916159482e-5
462,17,2.466829569325313e-5
462,18,2.4668299792196535e-5
462,21,2.4668386290116473e-5
462,22,2.4668276326522687e-5
462,23,2.4668288923557213e-5
462,24,2.466829892977529e-5
462,27,2.4668300056873704e-5
462,29,2.466829924419045e-5
462,2,2.4668301304764384e-5
462,6,2.466829905412027e-5
462,7,2.4668300302010948e-5
462,8,2.4668300206975857e-5
463,10,2.4668297348817703e-5
463,12,2.466829953728933e-5
463,14,2.466826659031085e-5
463,17,2.4668295452556777e-5
463,18,2.4668299871244415e-5
463,21,2.466841251624885e-5
463,22,2.4668277132100513e-5
463,23,2.466832204550684e-5
463,24,2.466830494363137e-5
463,27,2.4668300729224768e-5
463,29,2.466829988989616e-5
463,2,2.4668301421115757e-5
463,6,2.466830288572197e-5
463,7,2.466830048142299e-5
463,8,2.4668300680374955e-5
464,10,2.466831012437609e-5
464,12,2.4668298415519985e-5
464,14,2.466827781422154e-5
464,17,2.46682992051106e-5
464,18,2.4668300061314596e-5
464,21,2.4668421136020413e-5
464,22,2.4668237895930645e-5
464,23,2.4668191179522125e-5
464,24,2.4668308244990556e-5
464,27,2.4668300699026702e-5
464,29,2.4668298764574104e-5
464,2,2.466830291414368e-5
464,6,2.4668300262931098e-5
464,7,2.466830002489928e-5
464,8,2.4668299552388362e-5
465,10,2.466830254910235e-5
465,12,2.4668300248720243e-5
465,14,2.4668240418357357e-5
465,17,2.4668296437546644e-5
465,18,2.4668300294017342e-5
465,21,2.4668370439684395e-5
465,22,2.4668329109189813e-5
465,23,2.4668344719813717e-5
465,24,2.4668296882524032e-5
465,27,2.466830295411171e-5
465,29,2.4668299595909104e-5
465,2,2.4668300808272647e-5
465,6,2.4668294749119468e-5
465,7,2.4668300476982097e-5
465,8,2.4668300588892578e-5
466,10,2.4668308007846917e-5
466,12,2.4668299714925013e-5
466,14,2.466828897063067e-5
466,17,2.4668294718921402e-5
466,18,2.4668300467212134e-5
466,21,2.4668252805781776e-5
466,22,2.4668253359116932e-5
466,23,2.466824963853753e-5
466,24,2.466830389824537e-5
466,27,2.4668300528496445e-5
466,29,2.4668300445007674e-5
466,2,2.4668299897889767e-5
466,6,2.4668299062113874e-5
466,7,2.46682994520242e-5
466,8,2.4668299995589393e-5
467,10,2.466829700153994e-5
467,12,2.4668300028451995e-5
467,14,2.4668282161854904e-5
467,17,2.4668296228824715e-5
467,18,2.4668300220298534e-5
467,21,2.466844295501147e-5
467,22,2.4668326454424516e-5
467,23,2.4668489904122737e-5
467,24,2.4668303685970727e-5
467,27,2.4668300743435623e-5
467,29,2.4668299403174387e-5
467,2,2.4668299644758918e-5
467,6,2.4668291981555512e-5
467,7,2.466830034020262e-5
467,8,2.4668300163455115e-5
468,10,2.4668304569708255e-5
468,12,2.4668300027563816e-5
468,14,2.4668255129256522e-5
468,17,2.4668291324303482e-5
468,18,2.466829905856116e-5
468,21,2.4668374184244612e-5
468,22,2.4668290344642685e-5
468,23,2.4668286341622547e-5
468,24,2.4668308678421624e-5
468,27,2.466830019454136e-5
468,29,2.4668299348995504e-5
468,2,2.4668299931640547e-5
468,6,2.4668301968233664e-5
468,7,2.4668299780650216e-5
468,8,2.4668300517838304e-5
469,10,2.4668304705599553e-5
469,12,2.4668299354324574e-5
469,14,2.4668288878260114e-5
469,17,2.4668290457441344e-5
469,18,2.466829969982598e-5
469,21,2.46685453975104e-5
469,22,2.46682948219501e-5
469,23,2.4668255806048478e-5
469,24,2.466829427660855e-5
469,27,2.4668300738106552e-5
469,29,2.4668300411256894e-5
469,2,2.4668300521391018e-5
469,6,2.466830303760048e-5
469,7,2.4668299582586428e-5
469,8,2.4668299746899436e-5
470,10,2.466830814640275e-5
470,12,2.4668300996566472e-5
470,14,2.4668322530452258e-5
470,17,2.466829749625532e-5
470,18,2.4668299029251273e-5
470,21,2.466826689317969e-5
470,22,2.4668272754269083e-5
470,23,2.4668251817239195e-5
470,24,2.4668304490660375e-5
470,27,2.4668300382835184e-5
470,29,2.4668298467034333e-5
470,2,2.4668301443320217e-5
470,6,2.4668298992835958e-5
470,7,2.4668299634988955e-5
470,8,2.466830078429183e-5
471,10,2.4668298842733805e-5
471,12,2.466829931790926e-5
471,14,2.4668233344016244e-5
471,17,2.466829356784217e-5
471,18,2.4668300406816e-5
471,21,2.4668333715283097e-5
471,22,2.4668328443944176e-5
471,23,2.466824581137672e-5
471,24,2.4668297189833766e-5
471,27,2.4668300943275767e-5
471,29,2.46683001723369e-5
471,2,2.4668301816355154e-5
471,6,2.466830575276191e-5
471,7,2.466830030734002e-5
471,8,2.4668301990438124e-5
472,10,2.466832470471303e-5
472,12,2.4668298988395065e-5
472,14,2.4668273265859852e-5
472,17,2.4668296867425e-5
472,18,2.46682994067271e-5
472,21,2.46683695381833e-5
472,22,2.4668312661013658e-5
472,23,2.4668169896990833e-5
472,24,2.46682998348291e-5
472,27,2.4668298797436705e-5
472,29,2.466829950265037e-5
472,2,2.466830139180587e-5
472,6,2.4668301139563198e-5
472,7,2.466829998670761e-5
472,8,2.466830040859236e-5
473,10,2.466830625813543e-5
473,12,2.4668299928976012e-5
473,14,2.4668238594038883e-5
473,17,2.4668298587826598e-5
473,18,2.466830077363369e-5
473,21,2.466836606895839e-5
473,22,2.4668204404498795e-5
473,23,2.46681817062111e-5
473,24,2.466829834535389e-5
473,27,2.4668301377595014e-5
473,29,2.4668299575481e-5
473,2,2.4668302040176115e-5
473,6,2.4668307137432066e-5
473,7,2.4668299951180472e-5
473,8,2.4668298179264525e-5
474,10,2.4668301349173305e-5
474,12,2.466829892355804e-5
474,14,2.4668276899397767e-5
474,17,2.4668293063356828e-5
474,18,2.4668299372088143e-5
474,21,2.4668299111851866e-5
474,22,2.4668341951361583e-5
474,23,2.4668259574589513e-5
474,24,2.4668298504337827e-5
474,27,2.4668300583563507e-5
474,29,2.4668297686325502e-5
474,2,2.4668299585250963e-5
474,6,2.466830062175518e-5
474,7,2.4668299900554302e-5
474,8,2.4668301366048695e-5
475,10,2.4668293198359947e-5
475,12,2.4668300354413475e-5
475,14,2.4668297706753606e-5
475,17,2.466829823877248e-5
475,18,2.4668300293129164e-5
475,21,2.466831841552164e-5
475,22,2.466829601743825e-5
475,23,2.4668340999234317e-5
475,24,2.4668301141339555e-5
475,27,2.466830080027904e-5
475,29,2.4668300731001125e-5
475,2,2.466830116176766e-5
475,6,2.4668299470675947e-5
475,7,2.466829943603699e-5
475,8,2.466830050362745e-5
476,10,2.466830952485566e-5
476,12,2.4668299625218992e-5
476,14,2.4668342462952353e-5
476,17,2.466829667113757e-5
476,18,2.4668298933328003e-5
476,21,2.4668272599726038e-5
476,22,2.4668351557011192e-5
476,23,2.466822083579956e-5
476,24,2.466830174530088e-5
476,27,2.4668302635255657e-5
476,29,2.466829944136606e-5
476,2,2.4668303182373563e-5
476,6,2.4668302737396175e-5
476,7,2.4668300190988646e-5
476,8,2.4668300292240986e-5
477,10,2.466829954794747e-5
477,12,2.4668299265506732e-5
477,14,2.4668248198800313e-5
477,17,2.4668294707375082e-5
477,18,2.4668300895314133e-5
477,21,2.4668176066278136e-5
477,22,2.4668289314355718e-5
477,23,2.4668271567662714e-5
477,24,2.4668298679308975e-5
477,27,2.466830126124364e-5
477,29,2.4668300989461045e-5
477,2,2.466830172220824e-5
477,6,2.466830016523147e-5
477,7,2.4668299938745974e-5
477,8,2.466829998137854e-5
478,10,2.466830366110173e-5
478,12,2.4668299712260477e-5
478,14,2.4668298816088452e-5
478,17,2.4668293947094355e-5
478,18,2.466830140779308e-5
478,21,2.4668262169846855e-5
478,22,2.4668265316662996e-5
478,23,2.466838321790732e-5
478,24,2.4668301372265944e-5
478,27,2.4668300237173924e-5
478,29,2.4668300007135713e-5
478,2,2.4668300229180318e-5
478,6,2.46683051852159e-5
478,7,2.4668300381947006e-5
478,8,2.466830096903294e-5
479,10,2.4668304253516737e-5
479,12,2.4668299701602336e-5
479,14,2.4668326262577978e-5
479,17,2.4668295519170158e-5
479,18,2.466830017144872e-5
479,21,2.4668439698061206e-5
479,22,2.4668258994609005e-5
479,23,2.4668241835890115e-5
479,24,2.4668297410990192e-5
479,27,2.4668301165320372e-5
479,29,2.4668300595998005e-5
479,2,2.4668302311070534e-5
479,6,2.466829684966143e-5
479,7,2.466829998137854e-5
479,8,2.4668300325103587e-5
480,10,2.4668303126418323e-5
480,12,2.4668300488528416e-5
480,14,2.4668315748321845e-5
480,17,2.466829843417173e-5
480,18,2.4668299168695285e-5
480,21,2.4668324633658756e-5
480,22,2.4668318890697094e-5
480,23,2.4668222703638776e-5
480,24,2.466829428637851e-5
480,27,2.466829820413352e-5
480,29,2.4668299548835648e-5
480,2,2.4668301692898353e-5
480,6,2.466829120173486e-5
480,7,2.4668299623442635e-5
480,8,2.4668299134056326e-5
481,10,2.4668298712171577e-5
481,12,2.4668299321461973e-5
481,14,2.466826976110781e-5
481,17,2.466828953195943e-5
481,18,2.466830061642611e-5
481,21,2.466836667203154e-5
481,22,2.4668300678598598e-5
481,23,2.466824779556731e-5
481,24,2.4668299785091108e-5
481,27,2.4668300764751905e-5
481,29,2.4668299471564126e-5
481,2,2.466830085090521e-5
481,6,2.4668291316309876e-5
481,7,2.46682999129888e-5
481,8,2.4668300288688272e-5
482,10,2.466830101433004e-5
482,12,2.4668299569263752e-5
482,14,2.4668275567130138e-5
482,17,2.4668293986174206e-5
482,18,2.4668300889985062e-5
482,21,2.466836649173132e-5
482,22,2.4668320979692737e-5
482,23,2.466830299940881e-5
482,24,2.46683122888669e-5
482,27,2.466829985170449e-5
482,29,2.4668299467123234e-5
482,2,2.466830034020262e-5
482,6,2.4668297377239412e-5
482,7,2.466830040237511e-5
482,8,2.466830040859236e-5
483,10,2.4668301547237093e-5
483,12,2.4668299729135867e-5
483,14,2.466831530067992e-5
483,17,2.466829297276263e-5
483,18,2.4668300175889613e-5
483,21,2.466843034998334e-5
483,22,2.4668288367557523e-5
483,23,2.4668313004738707e-5
483,24,2.4668303011843307e-5
483,27,2.4668301046304464e-5
483,29,2.4668300308228197e-5
483,2,2.4668301343844234e-5
483,6,2.4668299827723672e-5
483,7,2.4668300022234746e-5
483,8,2.466830027891831e-5
484,10,2.4668303877817266e-5
484,12,2.4668299473340483e-5
484,14,2.466830425262856e-5
484,17,2.4668301355390554e-5
484,18,2.4668299636765312e-5
484,21,2.4668261275451187e-5
484,22,2.466831673508807e-5
484,23,2.4668325095511534e-5
484,24,2.4668303153951854e-5
484,27,2.4668298871155514e-5
484,29,2.4668300355301653e-5
484,2,2.466830232972228e-5
484,6,2.466830852387858e-5
484,7,2.4668300225627604e-5
484,8,2.466830057024083e-5
485,10,2.4668297728069888e-5
485,12,2.466829882319388e-5
485,14,2.466828504132934e-5
485,17,2.4668289885454442e-5
485,18,2.4668300627972428e-5
485,21,2.4668404599914595e-5
485,22,2.46683213269705e-5
485,23,2.4668195810484406e-5
485,24,2.4668297270658002e-5
485,27,2.466830123371011e-5
485,29,2.4668299667851556e-5
485,2,2.4668300113717123e-5
485,6,2.46683056914776e-5
485,7,2.4668300445895852e-5
485,8,2.466830024960842e-5
486,10,2.466830057024083e-5
486,12,2.4668299984043074e-5
486,14,2.4668287708529135e-5
486,17,2.466829976111029e-5
486,18,2.466830001424114e-5
486,21,2.466827229508084e-5
486,22,2.4668295083074554e-5
486,23,2.4668368483915515e-5
486,24,2.4668291244367424e-5
486,27,2.4668301473518284e-5
486,29,2.4668300517838304e-5
486,2,2.4668300776298224e-5
486,6,2.4668300091512663e-5
486,7,2.466830020608768e-5
486,8,2.4668301204400223e-5
487,10,2.466830711878032e-5
487,12,2.4668299318797438e-5
487,14,2.4668217683654348e-5
487,17,2.4668297453622756e-5
487,18,2.4668300258490206e-5
487,21,2.4668335497857186e-5
487,22,2.4668263541194335e-5
487,23,2.466823394176032e-5
487,24,2.4668295460550382e-5
487,27,2.4668306417119368e-5
487,29,2.466829917757707e-5
487,2,2.466830099745465e-5
487,6,2.4668305158570547e-5
487,7,2.4668300068420024e-5
487,8,2.466829861003106e-5
488,10,2.4668305576902583e-5
488,12,2.4668299285934836e-5
488,14,2.466829216274391e-5
488,17,2.4668296785712585e-5
488,18,2.466830052583191e-5
488,21,2.4668347064604745e-5
488,22,2.4668301501051815e-5
488,23,2.466825169733511e-5
488,24,2.4668303894692656e-5
488,27,2.466830022207489e-5
488,29,2.4668299078101086e-5
488,2,2.4668301226604683e-5
488,6,2.4668297809782302e-5
488,7,2.466829976643936e-5
488,8,2.4668297128549455e-5
489,10,2.4668308010511453e-5
489,12,2.4668299241525915e-5
489,14,2.4668292138763093e-5
489,17,2.4668302814667697e-5
489,18,2.4668299280605765e-5
489,21,2.4668334086541677e-5
489,22,2.4668267520233655e-5
489,23,2.4668296357610586e-5
489,24,2.466829667113757e-5
489,27,2.4668299858809917e-5
489,29,2.4668298790331278e-5
489,2,1.850122549651445e-5
489,6,2.4668301263908177e-5
489,7,2.466829989700159e-5
489,8,2.4668301962904593e-5
490,10,2.4668315991682732e-5
490,12,2.466829911540458e-5
490,14,2.4668324818399867e-5
490,17,2.466830058711622e-5
490,18,2.4668300586228042e-5
490,21,2.466829356162492e-5
490,22,2.466831204106512e-5
490,23,2.4668190411247792e-5
490,24,2.466830299940881e-5
490,27,2.4668300230956675e-5
490,29,2.4668301754182664e-5
490,2,2.466830192027203e-5
490,6,2.4668299641206204e-5
490,7,2.4668299493768586e-5
490,8,2.466829934544279e-5
491,10,2.4668307694319935e-5
491,12,2.466829941205617e-5
491,14,2.466826461144933e-5
491,17,2.4668292628149402e-5
491,18,2.4668300516061947e-5
491,21,1.8501228383094315e-5
491,22,2.4668277248451886e-5
491,23,2.46684300018174e-5
491,24,2.4668305688813064e-5
491,27,2.46683018021443e-5
491,29,1.850122510393959e-5
491,2,2.466830040770418e-5
491,6,2.4668302244457152e-5
491,7,2.4668299264618554e-5
491,8,2.466829891822897e-5
492,10,2.466830100988915e-5
492,12,2.46683005098447e-5
492,14,2.4668294515528544e-5
492,17,2.4668302327057745e-5
492,18,2.466830000269482e-5
492,21,2.4668259966276196e-5
492,22,2.4668304872577096e-5
492,23,2.4668151658246984e-5
492,24,2.46683010818316e-5
492,27,2.4668299905883373e-5
492,29,2.466829868730258e-5
492,2,2.4668301763952627e-5
492,6,1.8501224379186e-5
492,7,2.4668300320662695e-5
492,8,2.4668300939723053e-5
493,10,2.4668305199426754e-5
493,12,2.4668299819730066e-5
493,14,2.4668247883496974e-5
493,17,2.4668290463658593e-5
493,18,2.4668299865027166e-5
493,21,1.850126686253617e-5
493,22,2.466829765879197e-5
493,23,2.4668379478676172e-5
493,24,2.466830406699927e-5
493,27,2.466830116176766e-5
493,29,2.4668299414720707e-5
493,2,2.4668300713237556e-5
493,6,2.4668305444563998e-5
493,7,2.466829955327654e-5
493,8,2.466829911007551e-5
494,10,2.4668299826835494e-5
494,12,2.466830015013244e-5
494,14,2.4668251771053917e-5
494,17,2.4668298967966962e-5
494,18,2.4668300330432658e-5
494,21,2.4668373630909457e-5
494,22,2.4668318661547062e-5
494,23,2.4668301191077546e-5
494,24,2.4668298101993003e-5
494,27,2.4668301249697322e-5
494,29,2.4668301056962605e-5
494,2,2.46683010942661e-5
494,6,2.466830231284689e-5
494,7,2.4668301090713385e-5
494,8,2.466830145930743e-5
495,10,2.4668303709951545e-5
495,12,2.466830023983846e-5
495,14,2.4668313135300934e-5
495,17,2.466830042546775e-5
495,18,2.4668300434349533e-5
495,21,2.4668319805520866e-5
495,22,2.466824356339714e-5
495,23,2.4668295646179672e-5
495,24,2.46683046007945e-5
495,27,2.466830146374832e-5
495,29,2.4668300263819276e-5
495,2,2.4668303952424253e-5
495,6,2.466830240788198e-5
495,7,2.4668300850017033e-5
495,8,2.4668299184682496e-5
496,10,2.4668301832342365e-5
496,12,2.4668299343666433e-5
496,14,2.4668241224823362e-5
496,17,2.4668296269680923e-5
496,18,2.466830027891831e-5
496,21,2.4668333653998786e-5
496,22,2.4668299602126353e-5
496,23,2.4668120016002604e-5
496,24,2.4668301636054935e-5
496,27,2.4668300574681723e-5
496,29,2.466829853098318e-5
496,2,2.466830038017065e-5
496,6,2.466830051961466e-5
496,7,2.4668299928087833e-5
496,8,2.4668299487551337e-5
497,10,2.466830442049428e-5
497,12,2.4668299792196535e-5
497,14,2.4668292491369925e-5
497,17,2.4668289485774153e-5
497,18,1.8501224970712826e-5
497,21,2.4668187286636112e-5
497,22,2.4668290209639565e-5
497,23,2.4668219571921668e-5
497,24,2.466830533709441e-5
497,27,2.4668302832431266e-5
497,29,2.4668300089736306e-5
497,2,2.466830225777983e-5
497,6,2.466830012171073e-5
497,7,2.4668300163455115e-5
497,8,2.466830085090521e-5
498,10,2.466829968206241e-5
498,12,2.466829934011372e-5
498,14,2.466828495695239e-5
498,17,2.466829994141051e-5
498,18,2.4668298296504076e-5
498,21,2.4668257858628806e-5
498,22,2.466832435654709e-5
498,23,2.4668167069918923e-5
498,24,2.4668304005714958e-5
498,27,2.4668300235397567e-5
498,29,2.4668299438701524e-5
498,2,2.4668302794239594e-5
498,6,2.4668305492525633e-5
498,7,2.4668299977825825e-5
498,8,2.4668299594132748e-5
499,10,2.4668304137165364e-5
499,12,2.466829939518078e-5
499,14,2.4668343171718732e-5
499,17,2.4668295572460863e-5
499,18,2.4668299881014377e-5
499,21,2.4668456745757794e-5
499,22,2.4668309444031422e-5
499,23,2.466841203307979e-5
499,24,2.4668303171715422e-5
499,27,2.466830161118594e-5
499,29,2.4668299499097657e-5
499,2,2.4668301533026238e-5
499,6,2.4668301378483193e-5
499,7,2.4668300962815692e-5
499,8,2.466830072211934e-5
500,10,2.466829486014177e-5
500,12,2.46683004192505e-5
500,14,2.466825270719397e-5
500,17,2.4668296379815047e-5
500,18,2.466830089709049e-5
500,21,2.4668369938751766e-5
500,22,2.466831295233618e-5
500,23,2.4668190348187125e-5
500,24,2.4668291034757317e-5
500,27,2.4668301575658802e-5
500,29,2.466830031266909e-5
500,2,2.4668302101460426e-5
500,6,2.466829631053713e-5
500,7,2.4668298720165183e-5
500,8,2.4668298914676257e-5
501,10,2.4668331019661593e-5
501,12,2.4668300618202466e-5
501,14,2.4668270185657093e-5
501,17,2.466829836844653e-5
501,18,2.466830031266909e-5
501,21,2.466826765790131e-5
501,22,2.466829931702108e-5
501,23,2.4668247674775046e-5
501,24,2.4668286414453178e-5
501,27,2.466830038017065e-5
501,29,1.850122474422733e-5
501,2,2.4668300724783876e-5
501,6,2.466829272407267e-5
501,7,2.4668298512331432e-5
501,8,2.4668300881103278e-5
502,10,2.4668300523167375e-5
502,12,2.466829887914912e-5
502,14,2.4668302541996923e-5
502,17,2.46682983284785e-5
502,18,2.46683002833592e-5
502,21,2.4668404525307608e-5
502,22,2.4668302570418632e-5
502,23,2.466829855940489e-5
502,24,2.4668300337538085e-5
502,27,2.4668301128905057e-5
502,29,2.466830127367814e-5
502,2,2.4668299953845008e-5
502,6,2.466830247005447e-5
502,7,2.466830030023459e-5
502,8,2.466829916070168e-5
503,10,2.4668299696273266e-5
503,12,2.466830029046463e-5
503,14,2.466832558756238e-5
503,17,2.466830016079058e-5
503,18,2.466830042546775e-5
503,21,2.46685159126514e-5
503,22,2.4668292725849028e-5
503,23,2.4668407768047018e-5
503,24,2.4668314943632197e-5
503,27,2.4668300957486622e-5
503,29,2.466829995295683e-5
503,2,2.466830272851439e-5
503,6,2.466829959857364e-5
503,7,2.466830167158207e-5
503,8,2.4668300347308048e-5
504,10,2.4668301513486313e-5
504,12,2.4668299051455733e-5
504,14,2.4668268044258923e-5
504,17,2.466829628744449e-5
504,18,2.466830016523147e-5
504,21,2.466835571190984e-5
504,22,2.4668265602656447e-5
504,23,2.4668258040705382e-5
504,24,2.4668322030407808e-5
504,27,2.4668301333186093e-5
504,29,2.4668299515084868e-5
504,2,2.46682995426184e-5
504,6,2.4668296038754534e-5
504,7,2.4668299416497064e-5
504,8,2.4668300699026702e-5
505,10,2.4668304047459344e-5
505,12,2.4668297887053825e-5
505,14,2.4668296739527307e-5
505,17,2.466829633274159e-5
505,18,2.4668300782515473e-5
505,21,2.4668293493235183e-5
505,22,2.466825092017899e-5
505,23,2.4668128434157666e-5
505,24,2.466830242475737e-5
505,27,2.46683008802151e-5
505,29,2.4668298189922666e-5
505,2,2.466830117864305e-5
505,6,2.466830123371011e-5
505,7,2.4668300387276076e-5
505,8,2.4668300702579415e-5
506,10,2.466831287417648e-5
506,12,2.4668298776120423e-5
506,14,2.466832384495632e-5
506,17,2.466829222402822e-5
506,18,2.466829959235639e-5
506,21,2.4668227131208198e-5
506,22,2.4668281817241677e-5
506,23,2.4668230885538378e-5
506,24,2.4668310373954228e-5
506,27,1.850122543434196e-5
506,29,2.466829930103387e-5
506,2,2.4668302208041837e-5
506,6,2.4668303022501448e-5
506,7,2.4668299209551492e-5
506,8,2.4668298477692474e-5
507,10,2.4668299022145845e-5
507,12,2.4668298706842506e-5
507,14,2.466826114400078e-5
507,17,2.466829612490784e-5
507,18,2.4668300170560542e-5
507,21,2.4668356910062528e-5
507,22,2.4667910878406474e-5
507,23,2.4668326597421242e-5
507,24,2.4668300314445446e-5
507,27,2.466830224090444e-5
507,29,2.4668297132102168e-5
507,2,2.4668301231045575e-5
507,6,1.8501225816258682e-5
507,7,2.466829905234391e-5
507,8,2.4668300238062102e-5
508,10,2.4668302275543397e-5
508,12,2.4668300292240986e-5
508,14,2.466827792169113e-5
508,17,2.466829299407891e-5
508,18,2.4668299451136022e-5
508,21,2.4668420090634413e-5
508,22,2.4668271240813056e-5
508,23,2.4668374852154784e-5
508,24,2.4668301120023273e-5
508,27,2.4668301375818658e-5
508,29,2.4668298157060065e-5
508,2,2.466829999736575e-5
508,6,2.4668313172604428e-5
508,7,2.466829981262464e-5
508,8,2.4668299388963533e-5
509,10,2.4668299068331123e-5
509,12,2.4668300923735842e-5
509,14,2.4668322357257466e-5
509,17,2.4668301271013604e-5
509,18,2.466829861003106e-5
509,21,2.4668217826651073e-5
509,22,2.4668321705334506e-5
509,23,2.466826867575378e-5
509,24,2.466829859759656e-5
509,27,2.4668300113717123e-5
509,29,2.466829966074613e-5
509,2,2.4668300634189677e-5
509,6,2.466829779468327e-5
509,7,2.466830021141675e-5
509,8,2.4668300179442326e-5
510,10,2.4668301089825206e-5
510,12,2.466829862601827e-5
510,14,2.4668272038397276e-5
510,17,2.4668296747520913e-5
510,18,2.4668300382835184e-5
510,21,2.4668405621319778e-5
510,22,2.466830933833819e-5
510,23,2.4668217269763204e-5
510,24,2.4668299307251118e-5
510,27,2.4668301240815538e-5
510,29,2.466830007552545e-5
510,2,2.4668300955710265e-5
510,6,2.4668303587382923e-5
510,7,2.4668300543595478e-5
510,8,2.4668297583296805e-5
511,10,2.4668305448116712e-5
511,12,2.466830040237511e-5
511,14,2.466821208457759e-5
511,17,2.4668295099949944e-5
511,18,2.4668300349084404e-5
511,21,2.4668311090714212e-5
511,22,2.4668257593951637e-5
511,23,2.4668185329979053e-5
511,24,2.466830017144872e-5
511,27,1.850122529489795e-5
511,29,2.466829947422866e-5
511,2,2.466830099301376e-5
511,6,2.466830654501706e-5
511,7,2.4668299917429692e-5
511,8,2.4668299949404116e-5
512,10,2.4668307661457334e-5
512,12,2.466829966074613e-5
512,14,2.4668291001006537e-5
512,17,2.466829806468951e-5
512,18,2.466830055958269e-5
512,21,2.4668254091864128e-5
512,22,2.466810546764009e-5
512,23,2.4668387143655934e-5
512,24,2.4668301855435004e-5
512,27,2.4668303270303227e-5
512,29,2.466830072211934e-5
512,2,2.4668303280961368e-5
512,6,2.4668302070374182e-5
512,7,2.4668300669716814e-5
512,8,2.466830031799816e-5
513,10,2.466830054181912e-5
513,12,2.4668300549812727e-5
513,14,2.466826670310951e-5
513,17,2.4668293889362758e-5
513,18,2.4668298768126817e-5
513,21,2.4668388030057997e-5
513,22,2.4668243858272376e-5
513,23,2.4668298602037453e-5
513,24,2.4668294490659548e-5
513,27,2.4668300567576296e-5
513,29,2.466829979574925e-5
513,2,2.466830105429807e-5
513,6,2.4668305161235082e-5
513,7,2.4668300336649907e-5
513,8,2.466830004177467e-5
514,10,1.8501226258571535e-5
514,12,2.466830098057926e-5
514,14,2.466832498004834e-5
514,17,2.4668296550345303e-5
514,18,2.466830065461778e-5
514,21,2.466833890757414e-5
514,22,2.4668245796277688e-5
514,23,2.4668302652131047e-5
514,24,2.4668301760399913e-5
514,27,2.4668300854457925e-5
514,29,2.4668300325103587e-5
514,2,2.4668301832342365e-5
514,6,2.4668300280694666e-5
514,7,2.4668300500074736e-5
514,8,2.4668300286023737e-5
515,10,2.466830390268626e-5
515,12,2.466829968295059e-5
515,14,2.4668280374839924e-5
515,17,2.4668294913432476e-5
515,18,2.4668301274566318e-5
515,21,2.4668468841859692e-5
515,22,2.466824072033802e-5
515,23,2.4668271376704354e-5
515,24,2.4668297593066768e-5
515,27,2.4668302541996923e-5
515,29,2.4668299451136022e-5
515,2,2.4668301108476953e-5
515,6,2.466829241587476e-5
515,7,2.4668299467123234e-5
515,8,2.466829982417096e-5
516,10,1.8501224050559983e-5
516,12,2.466829798475345e-5
516,14,2.466827141223149e-5
516,17,2.466830088643235e-5
516,18,2.466830001957021e-5
516,21,2.4668411422013037e-5
516,22,2.466829630431988e-5
516,23,2.4668459943200105e-5
516,24,2.466830342573445e-5
516,27,2.466830252689789e-5
516,29,2.4668301088937028e-5
516,2,2.4668300415697786e-5
516,6,2.4668301882080357e-5
516,7,2.4668299920982406e-5
516,8,2.466829944580695e-5
517,10,2.4668314286380166e-5
517,12,2.466829993519326e-5
517,14,2.4668234982705428e-5
517,17,2.466829834535389e-5
517,18,2.466830061020886e-5
517,21,2.4668297458951827e-5
517,22,2.4668301008112792e-5
517,23,2.466831653258339e-5
517,24,2.4668301220387434e-5
517,27,2.4668298375551956e-5
517,29,2.4668299422714313e-5
517,2,2.466830098146744e-5
517,6,2.466829163960682e-5
517,7,2.4668299976937647e-5
517,8,2.466829948133409e-5
518,10,2.4668298623353735e-5
518,12,2.4668297831098585e-5
518,14,2.4668330319777e-5
518,17,2.466829269653914e-5
518,18,2.466830038549972e-5
518,21,2.4668400953054004e-5
518,22,2.466834850167743e-5
518,23,2.4668428981300394e-5
518,24,2.466830514080698e-5
518,27,2.4668299813512817e-5
518,29,2.4668298049590476e-5
518,2,2.4668300732777482e-5
518,6,2.4668297927910032e-5
518,7,2.46683001146053e-5
518,8,2.4668299144714467e-5
519,10,2.4668305512953737e-5
519,12,2.4668299544394756e-5
519,14,2.466831594816199e-5
519,17,2.46682903481954e-5
519,18,2.466830014835608e-5
519,21,2.466836106762571e-5
519,22,2.466828745362193e-5
519,23,2.4668446705788938e-5
519,24,2.466830163871947e-5
519,27,2.466830124525643e-5
519,29,2.466829966074613e-5
519,2,2.4668301643160362e-5
519,6,2.4668298922669862e-5
519,7,2.4668299425378848e-5
519,8,2.4668300431684997e-5
520,10,2.4668308100217473e-5
520,12,2.4668299409391636e-5
520,14,2.4668281025874705e-5
520,17,1.850122560398404e-5
520,18,2.4668300530272802e-5
520,21,2.4668380400605372e-5
520,22,2.4668311970010848e-5
520,23,2.4668243121972466e-5
520,24,2.4668299939634153e-5
520,27,2.4668300791397257e-5
520,29,2.4668299382746284e-5
520,2,2.4668300125263443e-5
520,6,2.4668301371377765e-5
520,7,2.4668298820529344e-5
520,8,2.466829993608144e-5
521,10,2.46683056914776e-5
521,12,2.4668300336649907e-5
521,14,2.466830730440961e-5
521,17,2.4668296070728957e-5
521,18,2.4668300241614816e-5
521,21,2.4668385411708016e-5
521,22,2.46683234177425e-5
521,23,2.4668352146761663e-5
521,24,2.46683002051995e-5
521,27,2.466830345948523e-5
521,29,2.4668300957486622e-5
521,2,2.466830232350503e-5
521,6,2.4668296848773252e-5
521,7,2.4668298562069424e-5
521,8,2.46682997566694e-5
522,10,2.4668301816355154e-5
522,12,2.466829999736575e-5
522,14,2.4668283700179927e-5
522,17,1.8501222368350057e-5
522,18,2.466830068392767e-5
522,21,2.4668406447325708e-5
522,22,2.4668284456019762e-5
522,23,2.4668356647161716e-5
522,24,2.4668301067620746e-5
522,27,2.466830857361657e-5
522,29,2.466829945824145e-5
522,2,2.4668301563224304e-5
522,6,2.46683032631978e-5
522,7,2.466829986325081e-5
522,8,2.4668299482222267e-5
523,10,2.466829810909843e-5
523,12,2.466829961456085e-5
523,14,2.466831135627956e-5
523,17,2.4668287749385343e-5
523,18,2.466829850877872e-5
523,21,2.466822254909573e-5
523,22,2.466829550140659e-5
523,23,2.4668354392076708e-5
523,24,2.4668292216034615e-5
523,27,2.4668301074726173e-5
523,29,2.4668299107410974e-5
523,2,2.466830004177467e-5
523,6,2.4668304098085514e-5
523,7,2.466830012171073e-5
523,8,2.4668299780650216e-5
524,10,2.4668302160080202e-5
524,12,2.466829969360873e-5
524,14,2.4668291637830464e-5
524,17,2.4668297742280743e-5
524,18,1.850122568303192e-5
524,21,2.4668405253613912e-5
524,22,2.4668293514551465e-5
524,23,2.4668336369160215e-5
524,24,1.850122740165716e-5
524,27,2.46683028350958e-5
524,29,2.4668301579211516e-5
524,2,2.4668301270125426e-5
524,6,2.466830806824305e-5
524,7,2.4668300022234746e-5
524,8,2.4668298927998933e-5
525,10,2.4668300691033096e-5
525,12,2.4668301478847354e-5
525,14,2.466829437697271e-5
525,17,2.4668301338515164e-5
525,18,2.466830026648381e-5
525,21,2.4668345214529097e-5
525,22,2.4668343405309656e-5
525,23,2.466829877789678e-5
525,24,2.4668285903750586e-5
525,27,2.4668299818841888e-5
525,29,2.4668298891583618e-5
525,2,2.466830065550596e-5
525,6,2.4668298920893506e-5
525,7,2.4668300162566936e-5
525,8,2.4668301647601254e-5
526,10,2.46682995301839e-5
526,12,2.4668299226426882e-5
526,14,2.4668276900285946e-5
526,17,2.4668296682683888e-5
526,18,2.4668300951269373e-5
526,21,2.4668185178100543e-5
526,22,2.4668371812808232e-5
526,23,2.4668419341011827e-5
526,24,2.466830183589508e-5
526,27,2.4668302932795427e-5
526,29,2.466830199221448e-5
526,2,2.4668300192765003e-5
526,6,2.466830041303325e-5
526,7,2.4668299973384933e-5
526,8,2.4668301122687808e-5
527,10,2.466829994673958e-5
527,12,2.4668299905883373e-5
527,14,2.4668264503979742e-5
527,17,2.4668297398555694e-5
527,18,2.4668300207864036e-5
527,21,2.466828192826398e-5
527,22,1.850121866731058e-5
527,23,2.4668280150130784e-5
527,24,2.4668309391628895e-5
527,27,2.4668299714036834e-5
527,29,2.4668300434349533e-5
527,2,2.4668300032892887e-5
527,6,2.4668305294461845e-5
527,7,2.466829963143624e-5
527,8,2.466830024516753e-5
528,10,2.46683017897098e-5
528,12,1.8501224602118782e-5
528,14,2.466831023273386e-5
528,17,2.4668300551589084e-5
528,18,2.4668300530272802e-5
528,21,2.4668394011051475e-5
528,22,2.4668341636058244e-5
528,23,2.4668264885896463e-5
528,24,2.46683031850381e-5
528,27,2.466830353320404e-5
528,29,2.4668299590580034e-5
528,2,1.85012248277161e-5
528,6,2.466829913227997e-5
528,7,2.466829967762152e-5
528,8,2.4668302288866073e-5
529,10,2.466830366198991e-5
529,12,2.466830044678403e-5
529,14,1.8501225820699574e-5
529,17,2.466829853098318e-5
529,18,2.46683001270398e-5
529,21,2.466846660542643e-5
529,22,2.4668219809065306e-5
529,23,2.466825338842682e-5
529,24,2.4668294796192924e-5
529,27,2.4668301021435468e-5
529,29,2.4668298723717896e-5
529,2,2.466830185721136e-5
529,6,2.466830453329294e-5
529,7,2.4668300032892887e-5
529,8,2.4668299881014377e-5
530,10,2.46683022178118e-5
530,12,2.4668299760222112e-5
530,14,2.466831577851991e-5
530,17,2.46682915951979e-5
530,18,2.466830008085452e-5
530,21,2.466822612312569e-5
530,22,2.4668170785169252e-5
530,23,2.466833824410486e-5
530,24,1.8501225556910583e-5
530,27,1.850122584556857e-5
530,29,2.466829976732754e-5
530,2,1.85012256261885e-5
530,6,2.4668295458774026e-5
530,7,2.4668298939545252e-5
530,8,2.4668298534535893e-5
531,10,2.4668296751073626e-5
531,12,2.466829947955773e-5
531,14,2.466833854164463e-5
531,17,2.4668297364804914e-5
531,18,2.466830002578746e-5
531,21,2.4668470037347845e-5
531,22,2.466829556801997e-5
531,23,2.466822618529818e-5
531,24,2.4668290732776654e-5
531,27,2.4668300709684843e-5
531,29,2.4668300034669244e-5
531,2,2.46683026334793e-5
531,6,2.4668298840957448e-5
531,7,2.46682995426184e-5
531,8,2.4668298888030904e-5
532,10,2.4668300186547754e-5
532,12,2.4668299292152085e-5
532,14,2.466832841996336e-5
532,17,2.4668298769903174e-5
532,18,2.4668299858809917e-5
532,21,2.4668192061483296e-5
532,22,2.4668239110070544e-5
532,23,2.4668313360898253e-5
532,24,2.4668298689078938e-5
532,27,2.466830175595902e-5
532,29,2.4668299242414093e-5
532,2,2.4668305948161162e-5
532,6,2.4668298824970236e-5
532,7,2.466830050273927e-5
532,8,2.4668298718388826e-5
533,10,2.466830351099958e-5
533,12,2.466829801317516e-5
533,14,2.4668290507179336e-5
533,17,2.4668292616603082e-5
533,18,2.4668300113717123e-5
533,21,1.850123407276527e-5
533,22,2.466828396840981e-5
533,23,2.4668350960155294e-5
533,24,2.466829746250454e-5
533,27,2.4668301444208396e-5
533,29,2.4668299927199655e-5
533,2,2.4668300282471023e-5
533,6,2.4668302669894615e-5
533,7,2.466829896352607e-5
533,8,2.466829978864382e-5
534,10,2.466830130121167e-5
534,12,2.4668299769103896e-5
534,14,2.4668336127575685e-5
534,17,2.4668290405926996e-5
534,18,2.4668299286823014e-5
534,21,2.466831198510988e-5
534,22,2.466832699798971e-5
534,23,1.8501148471905537e-5
534,24,2.4668292273766212e-5
534,27,2.4668299645647096e-5
534,29,2.466830042457957e-5
534,2,2.4668300937058518e-5
534,6,2.4668299989372144e-5
534,7,2.4668299302810226e-5
534,8,2.4668299437813346e-5
535,10,2.4668301376706836e-5
535,12,2.4668298787666743e-5
535,14,2.4668273523431594e-5
535,17,2.4668293369778382e-5
535,18,2.466830109959517e-5
535,21,2.4668288950202566e-5
535,22,2.4668318913789733e-5
535,23,2.4668139243289033e-5
535,24,2.466830044767221e-5
535,27,2.466830032954448e-5
535,29,2.466829889602451e-5
535,2,2.4668300738106552e-5
535,6,2.4668302726738034e-5
535,7,2.4668299325902865e-5
535,8,2.466829889069544e-5
536,10,2.4668306424224795e-5
536,12,2.4668299777097502e-5
536,14,2.4668257863069698e-5
536,17,1.8501226010769756e-5
536,18,1.850122530555609e-5
536,21,2.466826804692346e-5
536,22,2.46682746674054e-5
536,23,2.466824345770391e-5
536,24,2.4668295274921093e-5
536,27,2.4668302484265325e-5
536,29,2.4668300140362476e-5
536,2,2.4668302534003317e-5
536,6,2.4668304777542005e-5
536,7,2.4668300162566936e-5
536,8,2.4668299333008292e-5
537,10,2.4668305183439543e-5
537,12,2.466829919978153e-5
537,14,2.4668265304228498e-5
537,17,2.4668298742369643e-5
537,18,2.466830034020262e-5
537,21,2.4668563473717597e-5
537,22,2.4668306148001307e-5
537,23,2.466830346037341e-5
537,24,2.4668298739705108e-5
537,27,2.46683035882711e-5
537,29,2.466830000891207e-5
537,2,1.8501225368616758e-5
537,6,2.466829816594185e-5
537,7,2.4668299791308357e-5
537,8,2.4668300386387898e-5
538,10,2.466829528824377e-5
538,12,2.4668300308228197e-5
538,14,2.4668299782426573e-5
538,17,1.8501220194089285e-5
538,18,2.466829972735951e-5
538,21,1.8501243584267968e-5
538,22,2.4668255885984536e-5
538,23,2.4668154904539108e-5
538,24,2.4668301922048386e-5
538,27,2.4668294335228325e-5
538,29,1.850122510305141e-5
538,2,2.466829930547476e-5
538,6,2.466829644021118e-5
538,7,2.466829998670761e-5
538,8,2.466830118930119e-5
539,10,2.46682939328835e-5
539,12,2.466829946978777e-5
539,14,2.466829020075778e-5
539,17,2.466828412561739e-5
539,18,2.4668299484886802e-5
539,21,2.4668243931991185e-5
539,22,2.4668252644133304e-5
539,23,2.4668225677260125e-5
539,24,2.4668306906505677e-5
539,27,2.4668301279895388e-5
539,29,2.4668298234331587e-5
539,2,2.4668303748143217e-5
539,6,2.4668298571839387e-5
539,7,2.4668299945851402e-5
539,8,2.4668301078278887e-5
540,10,2.4668302068597825e-5
540,12,2.4668300697250345e-5
540,14,2.466831374547951e-5
540,17,1.850122524871267e-5
540,18,1.850122533930687e-5
540,21,2.46682756550598e-5
540,22,2.4668247314174607e-5
540,23,2.4668183288945045e-5
540,24,2.4668300016905675e-5
540,27,2.4668300731001125e-5
540,29,1.8501224920086656e-5
540,2,1.8501225797606935e-5
540,6,2.466830532021902e-5
540,7,2.4668299713148656e-5
540,8,2.4668299729135867e-5
541,10,2.46683025881822e-5
541,12,2.4668299714036834e-5
541,14,2.4668287533557987e-5
541,17,2.46682982050217e-5
541,18,2.4668298386210097e-5
541,21,2.4668300135033405e-5
541,22,1.8501235878432e-5
541,23,2.4668260263815966e-5
541,24,2.4668296890517638e-5
541,27,2.466830445957413e-5
541,29,2.4668299108299152e-5
541,2,2.4668300911301344e-5
541,6,2.466832813752262e-5
541,7,2.466829995206865e-5
541,8,2.4668300934393983e-5
542,10,2.466829831160311e-5
542,12,2.4668300690144918e-5
542,14,2.4668306362940484e-5
542,17,1.8501221233258036e-5
542,18,2.466830022740396e-5
542,21,2.46683713820417e-5
542,22,2.466819816859811e-5
542,23,2.4668306962460917e-5
542,24,1.8501222420752583e-5
542,27,2.466829991387698e-5
542,29,2.4668299307251118e-5
542,2,1.85012257496453e-5
542,6,1.8501226983325125e-5
542,7,2.4668303317376683e-5
542,8,2.466830070524395e-5
543,10,2.4668298307162217e-5
543,12,2.4668300623531536e-5
543,14,2.466837184122994e-5
543,17,2.4668305721675665e-5
543,18,2.4668300606656146e-5
543,21,2.4667801765687614e-5
543,22,1.8501226358047518e-5
543,23,2.46682877964588e-5
543,24,2.4668287015749968e-5
543,27,2.4668301349173305e-5
543,29,1.8501224784195358e-5
543,2,2.466830123459829e-5
543,6,2.4668310612874222e-5
543,7,2.4668299091423762e-5
543,8,2.46683007114612e-5
544,10,2.4668295876217883e-5
544,12,2.4668299140273575e-5
544,14,1.8501205738097326e-5
544,17,2.4668269768213236e-5
544,18,2.466830037484158e-5
544,21,2.466836397285732e-5
544,22,2.4668269398731013e-5
544,23,2.4668279040795937e-5
544,24,1.8501223482125795e-5
544,27,2.4668300808272647e-5
544,29,2.4668299664298843e-5
544,2,2.4668301415786686e-5
544,6,2.466830133585063e-5
544,7,2.4668299200669708e-5
544,8,1.8501225230060925e-5
545,10,1.8501224180234033e-5
545,12,2.4668299352548217e-5
545,14,2.466827342395561e-5
545,17,2.466829525360481e-5
545,18,2.4668300254049313e-5
545,21,2.4668193974619612e-5
545,22,1.8501201131115863e-5
545,23,2.4668449575493412e-5
545,24,2.4668293042928724e-5
545,27,2.4668297376351234e-5
545,29,2.4668295845131638e-5
545,2,2.4668301112917845e-5
545,6,2.4668296741303664e-5
545,7,2.4668300483199346e-5
545,8,2.4668297543328777e-5
546,10,2.46683192690611e-5
546,12,1.8501223678413226e-5
546,14,2.4668417751172456e-5
546,17,2.4668293852947443e-5
546,18,1.850122533486598e-5
546,21,2.4668315934839313e-5
546,22,2.4668268594929543e-5
546,23,1.8501256739078542e-5
546,24,2.4668300355301653e-5
546,27,2.4668301050745356e-5
546,29,2.4668299084318335e-5
546,2,2.4668300011576605e-5
546,6,2.466830156055977e-5
546,7,2.4668300451224923e-5
546,8,2.4668300905084095e-5
547,10,2.4668309655417886e-5
547,12,2.4668312287090544e-5
547,14,2.466828137670518e-5
547,17,2.466831012615245e-5
547,18,2.4668299596797283e-5
547,21,1.8501159910755405e-5
547,22,2.4668277119666016e-5
547,23,2.4668060087051913e-5
547,24,2.4668301225716505e-5
547,27,2.466829868286169e-5
547,29,2.4668299865027166e-5
547,2,2.4668300674157706e-5
547,6,2.4668300903307738e-5
547,7,2.4668300033781065e-5
547,8,2.466829973268858e-5
548,10,2.466831097969191e-5
548,12,2.4668299955621364e-5
548,14,2.4668313319153867e-5
548,17,2.4668294409835312e-5
548,18,2.4668300731001125e-5
548,21,2.4668473504796395e-5
548,22,2.4668348037160115e-5
548,23,2.466818349322608e-5
548,24,2.46682963283007e-5
548,27,2.466830933833819e-5
548,29,2.466829687186589e-5
548,2,2.4668300254049313e-5
548,6,2.4668304648756134e-5
548,7,2.4668299922758763e-5
548,8,1.8501225237166352e-5
549,10,1.8501225945044553e-5
549,12,2.4668299450247844e-5
549,14,2.46683145030957e-5
549,17,2.4668298054919546e-5
549,18,2.466830015013244e-5
549,21,1.8501254378300303e-5
549,22,1.8501243362223363e-5
549,23,2.4668381056969224e-5
549,24,2.4668307780473242e-5
549,27,1.8501226461076214e-5
549,29,2.4668302343933135e-5
549,2,2.466829995295683e-5
549,6,2.4668307149866564e-5
549,7,2.4668299949404116e-5
549,8,2.466829948577498e-5
550,10,2.4668294617669062e-5
550,12,2.46682999911485e-5
550,14,2.4668304742014868e-5
550,17,2.4668291507268236e-5
550,18,2.4668301692010175e-5
550,21,2.4668403227678937e-5
550,22,2.4668289666074372e-5
550,23,2.466795211741868e-5
550,24,2.466829886849098e-5
550,27,2.4668292574858697e-5
550,29,2.466829976643936e-5
550,2,2.466830107117346e-5
550,6,2.4668302165409273e-5
550,7,2.4668299358765466e-5
550,8,2.4668301080055244e-5
551,10,1.850122192870174e-5
551,12,2.466830007552545e-5
551,14,1.85012030557985e-5
551,17,2.466828658675979e-5
551,18,2.4668300305563662e-5
551,21,2.4668281487727484e-5
551,22,2.466829328184872e-5
551,23,1.850120431967639e-5
551,24,2.4668307937680822e-5
551,27,2.4668318395093536e-5
551,29,2.4668301095154277e-5
551,2,2.4668300246943886e-5
551,6,2.4668300596886183e-5
551,7,2.46682990034941e-5
551,8,2.4668301080055244e-5
552,10,2.466829901415224e-5
552,12,1.850122521585007e-5
552,14,2.4668294111407363e-5
552,17,2.466829729996789e-5
552,18,2.46683002957937e-5
552,21,2.4668392167193076e-5
552,22,1.8501210618637742e-5
552,23,2.4668287085916063e-5
552,24,2.4668279958284245e-5
552,27,2.4668303241881517e-5
552,29,2.466829885694466e-5
552,2,2.4668300217633998e-5
552,6,2.466828843594726e-5
552,7,2.466829265745929e-5
552,8,1.8501225321543302e-5
553,10,2.46683024194283e-5
553,12,2.4668300578234437e-5
553,14,2.4668285741213936e-5
553,17,2.4668294403618063e-5
553,18,1.8501225588885006e-5
553,21,2.466839828496603e-5
553,22,2.4668237883496147e-5
553,23,2.4668366658708862e-5
553,24,2.4668300796726328e-5
553,27,1.8501225540035193e-5
553,29,1.8501224815281603e-5
553,2,2.4668301799479764e-5
553,6,2.4668297073482393e-5
553,7,2.466830078429183e-5
553,8,2.4668301162655837e-5
554,10,2.4668300798502685e-5
554,12,2.4668298439500802e-5
554,14,2.4668181985987303e-5
554,17,2.466830114489227e-5
554,18,2.466830172842549e-5
554,21,2.4668306870090362e-5
554,22,1.850122773916496e-5
554,23,2.4668258427951173e-5
554,24,1.8501226968226092e-5
554,27,2.4668298943986144e-5
554,29,2.46682977893542e-5
554,2,2.4668300377506114e-5
554,6,2.46682962830036e-5
554,7,2.4668299674956984e-5
554,8,1.8501225494738094e-5
555,10,1.8501228676193193e-5
555,12,2.4668299933416904e-5
555,14,1.8501185976127488e-5
555,17,2.466829773339896e-5
555,18,1.8501225332201443e-5
555,21,2.4668314612341646e-5
555,22,2.4668258010507316e-5
555,23,2.4668169940511575e-5
555,24,2.466830002578746e-5
555,27,1.8501225320655124e-5
555,29,2.4668299358765466e-5
555,2,2.4668302984309776e-5
555,6,2.466830005865006e-5
555,7,1.8501225017786282e-5
555,8,2.466830093528216e-5
556,10,2.4668298161500957e-5
556,12,2.4668298954644285e-5
556,14,2.4668288387985626e-5
556,17,2.4668308093112046e-5
556,18,2.4668301231045575e-5
556,21,2.4668297551322382e-5
556,22,2.4668291326968017e-5
556,23,2.4668268800098758e-5
556,24,2.4668290733664833e-5
556,27,2.466830208280868e-5
556,29,2.4668300055985526e-5
556,2,2.466829902481038e-5
556,6,2.466831658942681e-5
556,7,2.4668298995500493e-5
556,8,1.8501224644751346e-5
557,10,1.8501227425637978e-5
557,12,2.4668300432573176e-5
557,14,2.466829558489536e-5
557,17,2.466829351632782e-5
557,18,1.8501224285039086e-5
557,21,2.466813440626936e-5
557,22,2.4668285847795346e-5
557,23,2.4668225369062213e-5
557,24,2.466830490899241e-5
557,27,1.850122636337659e-5
557,29,2.4668297913699178e-5
557,2,2.4668300540042765e-5
557,6,2.4668298261865118e-5
557,7,2.4668299904995195e-5
557,8,2.46682998223946e-5
558,10,2.466831623415544e-5
558,12,1.850122528423981e-5
558,14,2.466833269121338e-5
558,17,2.466828191760584e-5
558,18,2.4668300597774362e-5
558,21,2.4668228593149877e-5
558,22,2.4668254385851185e-5
558,23,1.8501259670067327e-5
558,24,2.4668323660215208e-5
558,27,2.466830348257787e-5
558,29,2.4668300967256584e-5
558,2,2.4668300921959485e-5
558,6,2.4668304603459035e-5
558,7,2.4668300085295414e-5
558,8,2.4668301803920656e-5
559,10,1.8501227585510094e-5
559,12,1.8501224655409487e-5
559,14,2.4668328608257184e-5
559,17,2.466829589931052e-5
559,18,2.466830026204292e-5
559,21,1.850125142954795e-5
559,22,2.4668304090091908e-5
559,23,2.466836465941924e-5
559,24,2.466829690650485e-5
559,27,2.4668302501140715e-5
559,29,2.4668300238062102e-5
559,2,2.4668301601415976e-5
559,6,2.466829623148925e-5
559,7,2.4668299870356236e-5
559,8,2.466830005865006e-5
560,10,2.466829613112509e-5
560,12,2.4668298689967116e-5
560,14,2.4668287972318126e-5
560,17,2.466829741276655e-5
560,18,2.4668300164343293e-5
560,21,2.4668247506021146e-5
560,22,2.4668268778782476e-5
560,23,2.4668422393681055e-5
560,24,2.466829859226749e-5
560,27,2.4668296898511244e-5
560,29,2.4668298752139606e-5
560,2,2.4668303620245524e-5
560,6,2.4668303202801667e-5
560,7,2.4668298988395065e-5
560,8,2.4668301618291366e-5
561,10,2.466829475888943e-5
561,12,1.8501224881006806e-5
561,14,2.4668251897175253e-5
561,17,2.4668300642183283e-5
561,18,2.4668300173225077e-5
561,21,2.4668337852418176e-5
561,22,2.466832013592324e-5
561,23,2.466830429082023e-5
561,24,2.4668301124464165e-5
561,27,2.4668300995678294e-5
561,29,2.4668299147379003e-5
561,2,1.8501225016009926e-5
561,6,2.4668295807828144e-5
561,7,1.850122529933884e-5
561,8,2.4668301865204967e-5
562,10,2.4668291767504513e-5
562,12,2.4668299180241604e-5
562,14,2.4668302242680795e-5
562,17,2.466828753089345e-5
562,18,2.4668300203423144e-5
562,21,1.850119608004519e-5
562,22,2.4668264854810218e-5
562,23,2.466817087665163e-5
562,24,2.4668296824792435e-5
562,27,2.466830214498117e-5
562,29,2.466830179681523e-5
562,2,2.4668300460994885e-5
562,6,2.46683040163731e-5
562,7,2.4668299793972892e-5
562,8,2.4668299417385242e-5
563,10,1.850122885826977e-5
563,12,1.8501224719358333e-5
563,14,2.4668324049237356e-5
563,17,1.8501227263989506e-5
563,18,2.466830019365318e-5
563,21,2.4668378634906674e-5
563,22,2.4668218073564674e-5
563,23,2.46683011271287e-5
563,24,2.466830711789214e-5
563,27,2.46682942250942e-5
563,29,2.4668300527608267e-5
563,2,2.4668300675934063e-5
563,6,2.4668300988572867e-5
563,7,2.4668300620867e-5
563,8,2.466830044145496e-5
564,10,2.4668306732422707e-5
564,12,2.4668297458951827e-5
564,14,2.4668263231220067e-5
564,17,2.4668296486396457e-5
564,18,2.466829982950003e-5
564,21,1.8501202696974417e-5
564,22,2.466833827785564e-5
564,23,2.466826745628481e-5
564,24,2.4668298703289793e-5
564,27,2.4668299803742855e-5
564,29,2.4668300381947006e-5
564,2,2.4668302642361084e-5
564,6,2.4668298121532928e-5
564,7,1.8501225050648884e-5
564,8,2.4668299990260323e-5
565,10,2.466829493386058e-5
565,12,1.8501225286904344e-5
565,14,2.4668228683744076e-5
565,17,2.466830647218643e-5
565,18,1.850122495739015e-5
565,21,2.4668415227857565e-5
565,22,2.4668242987857525e-5
565,23,2.466831995029395e-5
565,24,2.4668290706131302e-5
565,27,2.4668300235397567e-5
565,29,2.466829965541706e-5
565,2,2.466830116176766e-5
565,6,2.4668302415875587e-5
565,7,2.466830093617034e-5
565,8,2.466829936853543e-5
566,10,2.466830515057694e-5
566,12,2.4668300017793854e-5
566,14,2.4668320765641738e-5
566,17,2.4668302595287628e-5
566,18,2.4668299697161444e-5
566,21,1.8501249289926136e-5
566,22,2.466829094860401e-5
566,23,2.4668190278909208e-5
566,24,2.4668300729224768e-5
566,27,2.4668301485064603e-5
566,29,2.4668294948071434e-5
566,2,2.466830142022758e-5
566,6,2.466829604053089e-5
566,7,1.8501224404054994e-5
566,8,1.8501225179434755e-5
567,10,2.4668344068778936e-5
567,12,2.4668299257513127e-5
567,14,2.466829106584356e-5
567,17,2.4668299309027475e-5
567,18,2.4668299754004863e-5
567,21,2.4668499977842373e-5
567,22,2.4668381467307654e-5
567,23,2.4668103098868244e-5
567,24,1.8501224793077142e-5
567,27,2.4668299004382277e-5
567,29,2.4668299073660194e-5
567,2,2.4668299618113565e-5
567,6,2.4668302688546362e-5
567,7,2.4668299358765466e-5
567,8,2.4668300086183592e-5
568,10,2.4668315400155905e-5
568,12,2.466829950353855e-5
568,14,2.4668209298361887e-5
568,17,2.4668295779406435e-5
568,18,2.4668299690944195e-5
568,21,1.8501157539319024e-5
568,22,2.466821145485909e-5
568,23,2.466829844660623e-5
568,24,2.466828670044663e-5
568,27,1.850122585711489e-5
568,29,2.4668299146490824e-5
568,2,2.4668301214170185e-5
568,6,2.466830134650877e-5
568,7,2.466829953728933e-5
568,8,2.4668301516150848e-5
569,10,1.850123112312474e-5
569,12,2.4668300086183592e-5
569,14,2.4668200035549148e-5
569,17,2.4668311391806697e-5
569,18,2.4668300260266562e-5
569,21,2.4668262073923586e-5
569,22,2.4668326535248752e-5
569,23,2.4668321184861952e-5
569,24,1.850122624968975e-5
569,27,2.466830643843565e-5
569,29,2.4668298476804296e-5
569,2,2.466829955416472e-5
569,6,2.466832873881941e-5
569,7,2.466830044678403e-5
569,8,1.850122478330718e-5
570,10,2.466830622971372e-5
570,12,2.466830019365318e-5
570,14,2.4668278159722945e-5
570,17,1.8501220644395744e-5
570,18,2.4668300274477417e-5
570,21,2.4668426439333757e-5
570,22,2.466817677237998e-5
570,23,2.4668293068685898e-5
570,24,2.4668301709773743e-5
570,27,1.850122558177958e-5
570,29,2.4668299253072234e-5
570,2,2.466830243630369e-5
570,6,2.4668287201379258e-5
570,7,2.4668299331231935e-5
570,8,2.466829877789678e-5
571,10,1.8501226175082763e-5
571,12,2.466829988545527e-5
571,14,2.466825573144149e-5
571,17,2.4668289248630515e-5
571,18,2.4668300208752214e-5
571,21,2.466822088642573e-5
571,22,2.4668324122956165e-5
571,23,2.4668270015126836e-5
571,24,2.466829785063851e-5
571,27,2.466830095304573e-5
571,29,2.466829942360249e-5
571,2,2.4668299270835803e-5
571,6,2.4668300156349687e-5
571,7,1.850122501956264e-5
571,8,1.8501224751332757e-5
572,10,2.4668302328834102e-5
572,12,2.4668299926311477e-5
572,14,1.8501171697771213e-5
572,17,2.466830459013636e-5
572,18,2.4668300327768122e-5
572,21,2.466818683810601e-5
572,22,2.4668241461967e-5
572,23,2.466825800873096e-5
572,24,2.4668302947006282e-5
572,27,2.466830039615786e-5
572,29,2.4668298909347186e-5
572,2,2.466831077185816e-5
572,6,2.4668301709773743e-5
572,7,2.4668299903218838e-5
572,8,2.46683002504966e-5
573,10,1.8501228064238262e-5
573,12,2.4668299342778255e-5
573,14,2.466821710900291e-5
573,17,2.4668295262486595e-5
573,18,2.4668299881902556e-5
573,21,2.466827376235159e-5
573,22,2.4668318030940384e-5
573,23,1.850127319169559e-5
573,24,2.4668300961039336e-5
573,27,2.4668300912189522e-5
573,29,2.4668300304675483e-5
573,2,2.4668301247920965e-5
573,6,2.466830141401033e-5
573,7,1.850122477264904e-5
573,8,2.466829930014569e-5
574,10,2.4668316477516328e-5
574,12,2.4668300361518902e-5
574,14,2.4668263675309277e-5
574,17,2.4668313254316843e-5
574,18,2.4668300437014068e-5
574,21,2.4668400577354532e-5
574,22,2.46686234968152e-5
574,23,2.466898035979881e-5
574,24,2.4668294098972865e-5
574,27,2.4668301021435468e-5
574,29,2.4668298920005327e-5
574,2,2.4668300291352807e-5
574,6,2.4668306805253337e-5
574,7,2.4668299168695285e-5
574,8,1.8501225422795642e-5
575,10,1.8501228850276163e-5
575,12,1.8501225386380327e-5
575,14,2.466791928945611e-5
575,17,2.4668300830477108e-5
575,18,2.4668300577346258e-5
575,21,1.8501229871681346e-5
575,22,2.4668283638895616e-5
575,23,2.466828952751854e-5
575,24,2.4668307285757862e-5
575,27,2.4668302780916918e-5
575,29,2.4668301075614352e-5
575,2,2.466830124525643e-5
575,6,2.4668303349351106e-5
575,7,1.8501224444023023e-5
575,8,2.4668298904018116e-5
576,10,2.4668299589691856e-5
576,12,2.466829754688149e-5
576,14,2.466828044944691e-5
576,17,2.466829513547708e-5
576,18,2.4668300285135558e-5
576,21,2.4668372148539675e-5
576,22,1.8501262524672768e-5
576,23,2.466817716051395e-5
576,24,2.4668299490215873e-5
576,27,2.466830162717315e-5
576,29,1.8501224899658553e-5
576,2,2.466830773162343e-5
576,6,2.466829522074221e-5
576,7,2.4668299381858105e-5
576,8,1.850122491209305e-5
577,10,2.4668300043551028e-5
577,12,1.8501225027556245e-5
577,14,2.466829348346522e-5
577,17,2.466830106051532e-5
577,18,2.466830052583191e-5
577,21,2.4668281603190678e-5
577,22,2.4668329109189813e-5
577,23,1.8501267359916085e-5
577,24,1.850122115154562e-5
577,27,2.466830156588884e-5
577,29,2.466829986236263e-5
577,2,2.4668302739172532e-5
577,6,2.4668301601415976e-5
577,7,2.46682989457625e-5
577,8,2.4668300685704025e-5
578,10,2.4668302160080202e-5
578,12,2.466830001957021e-5
578,14,1.8501204632315194e-5
578,17,1.850121960167428e-5
578,18,2.4668301281671745e-5
578,21,1.8501226703548923e-5
578,22,2.4668291616514182e-5
578,23,2.4668363747260003e-5
578,24,2.4668312001097092e-5
578,27,2.4668302017083477e-5
578,29,1.8501224769096325e-5
578,2,1.85012257167827e-5
578,6,1.8501228581158102e-5
578,7,2.4668299166918928e-5
578,8,1.8501224364086966e-5
579,10,2.4668322403442744e-5
579,12,1.850122526736442e-5
579,14,2.4668223796098232e-5
579,17,2.46682858291436e-5
579,18,1.850122488455952e-5
579,21,2.466829988989616e-5
579,22,2.4668368720170974e-5
579,23,1.850120197666172e-5
579,24,2.466830040770418e-5
579,27,2.4668301271013604e-5
579,29,2.46682997566694e-5
579,2,2.4668301681352034e-5
579,6,2.466831398617586e-5
579,7,1.8501225388156683e-5
579,8,2.466829934633097e-5
580,10,2.4668305757202802e-5
580,12,2.4668300888208705e-5
580,14,1.8501225355294082e-5
580,17,1.8501220835354104e-5
580,18,2.4668300757646477e-5
580,21,2.4668699047936116e-5
580,22,2.466832404124375e-5
580,23,2.4668179754883113e-5
580,24,2.466829986236263e-5
580,27,2.4668300113717123e-5
580,29,2.466829934633097e-5
580,2,1.850122538371579e-5
580,6,2.466829635583423e-5
580,7,2.4668301260355463e-5
580,8,1.850122603652693e-5
581,10,2.4668300296681878e-5
581,12,2.4668298686414403e-5
581,14,2.4668192068588723e-5
581,17,2.4668302637920192e-5
581,18,2.466829978864382e-5
581,21,2.4668375088410244e-5
581,22,2.466833264058721e-5
581,23,2.46683228333211e-5
581,24,2.466830132341613e-5
581,27,2.4668300389940612e-5
581,29,2.4668297739616207e-5
581,2,1.8501226129785664e-5
581,6,2.466830219027827e-5
581,7,2.4668299785091108e-5
581,8,2.4668299887231626e-5
582,10,1.8501226426437256e-5
582,12,2.4668299218433276e-5
582,14,1.850118135582335e-5
582,17,1.8501221379807475e-5
582,18,2.4668300490304773e-5
582,21,1.85012594160483e-5
582,22,2.4668373445280167e-5
582,23,2.466836599079869e-5
582,24,2.4668304217101422e-5
582,27,2.4668301411345794e-5
582,29,1.850122506397156e-5
582,2,2.4668302462949043e-5
582,6,1.850122546898092e-5
582,7,2.466829915448443e-5
582,8,2.4668298534535893e-5
583,10,2.466830388136998e-5
583,12,2.4668299433372454e-5
583,14,2.4668242520675676e-5
583,17,2.4668302534891495e-5
583,18,2.466829895197975e-5
583,21,2.4668460365084854e-5
583,22,2.4668319469789424e-5
583,23,2.4668357114343564e-5
583,24,2.4668306144448593e-5
583,27,2.4668300723895698e-5
583,29,2.4668299984043074e-5
583,2,2.4668301860764075e-5
583,6,2.4668300230956675e-5
583,7,2.466829974512308e-5
583,8,2.4668300000918464e-5
584,10,2.4668299543506578e-5
584,12,2.4668300280694666e-5
584,14,1.8501189955166808e-5
584,17,2.4668298690855295e-5
584,18,2.4668300111940766e-5
584,21,2.466849612936528e-5
584,22,2.466832935876795e-5
584,23,2.4668362452295867e-5
584,24,2.4668300333097193e-5
584,27,2.4668299966279505e-5
584,29,2.4668299582586428e-5
584,2,2.4668303429287164e-5
584,6,2.4668311100484175e-5
584,7,2.466829998137854e-5
584,8,2.4668302073926895e-5
585,10,2.4668289805518384e-5
585,12,1.8501224066547195e-5
585,14,2.4668215095502433e-5
585,17,2.4668288164164665e-5
585,18,2.466830125591457e-5
585,21,1.8501222007749618e-5
585,22,2.4668294869911733e-5
585,23,2.4668174039454982e-5
585,24,1.8501235059531496e-5
585,27,1.8501225033773494e-5
585,29,2.4668301398911296e-5
585,2,2.4668303057140406e-5
585,6,2.4668297410990192e-5
585,7,2.4668299865915344e-5
585,8,2.4668298712171577e-5
586,10,2.466829978864382e-5
586,12,2.4668300315333624e-5
586,14,2.46682313331803e-5
586,17,2.4668302355479454e-5
586,18,2.46683002504966e-5
586,21,2.4668284995144063e-5
586,22,2.4668319397846972e-5
586,23,2.466833547298819e-5
586,24,2.4668295628416104e-5
586,27,2.466829964387074e-5
586,29,2.4668296621399577e-5
586,2,2.4668301460195607e-5
586,6,2.4668296204843898e-5
586,7,2.466829922198599e-5
586,8,2.466830080027904e-5
587,10,2.4668306097375137e-5
587,12,1.8501224178457676e-5
587,14,2.466812692514253e-5
587,17,2.4668309145603473e-5
587,18,2.4668299808183747e-5
587,21,2.4668609849065604e-5
587,22,2.4668354887680266e-5
587,23,2.466833949110736e-5
587,24,2.466832919978401e-5
587,27,2.4668304433816957e-5
587,29,2.4668300723895698e-5
587,2,2.46682958549016e-5
587,6,2.4668292648577506e-5
587,7,2.4668299780650216e-5
587,8,1.850122511548591e-5
588,10,2.466829759839584e-5
588,12,2.466830108716067e-5
588,14,2.466821219648807e-5
588,17,2.466832055603163e-5
588,18,2.466830029046463e-5
588,21,1.850123819302496e-5
588,22,1.85012213664848e-5
588,23,1.8501299676287886e-5
588,24,2.4668300607544325e-5
588,27,1.8501225765632512e-5
588,29,2.4668300040886493e-5
588,2,2.466830001512932e-5
588,6,2.4668289849039127e-5
588,7,2.4668300198094073e-5
588,8,2.4668297419871976e-5
589,10,2.4668305114161626e-5
589,12,1.850122487390138e-5
589,14,1.850123089219835e-5
589,17,2.4668278737927096e-5
589,18,2.466829788971836e-5
589,21,2.4668502734748188e-5
589,22,2.4668342867961712e-5
589,23,2.466810302870215e-5
589,24,2.4668297482932644e-5
589,27,2.4668300977914726e-5
589,29,2.466829881253574e-5
589,2,2.4668297262664396e-5
589,6,2.466832238923189e-5
589,7,2.4668299415608885e-5
589,8,1.850122518209929e-5
590,10,2.4668301533026238e-5
590,12,2.466830036240708e-5
590,14,2.4668274535954993e-5
590,17,1.8501221830113934e-5
590,18,2.4668300490304773e-5
590,21,1.8501257550873618e-5
590,22,2.466803935607942e-5
590,23,2.4668562933705118e-5
590,24,2.4668302314623247e-5
590,27,2.466830682656962e-5
590,29,2.4668298466146155e-5
590,2,2.46682943609855e-5
590,6,2.4668297525565208e-5
590,7,2.4668300325103587e-5
590,8,2.4668299731800403e-5
591,10,2.4668301753294486e-5
591,12,2.4668301906949353e-5
591,14,2.466798205080778e-5
591,17,2.466829758063227e-5
591,18,1.8501224992917287e-5
591,21,2.4668470693711697e-5
591,22,2.4668269930749886e-5
591,23,1.8501253788549832e-5
591,24,2.4668301113806024e-5
591,27,2.4668299708707764e-5
591,29,2.466829941294435e-5
591,2,1.850122566615653e-5
591,6,1.8501226039191465e-5
591,7,1.850122427171641e-5
591,8,2.4668295361962578e-5
592,10,2.466832706549127e-5
592,12,1.8501225106604124e-5
592,14,2.466818149393646e-5
592,17,2.466830009772991e-5
592,18,2.4668300562247225e-5
592,21,2.46683094573541e-5
592,22,2.466823493652015e-5
592,23,2.4668150849116444e-5
592,24,2.46682924265329e-5
592,27,2.4668300433461354e-5
592,29,2.466829778846602e-5
592,2,2.4668300248720243e-5
592,6,2.4668288890694612e-5
592,7,1.850122501423357e-5
592,8,2.466829977265661e-5
593,10,2.4668305740327412e-5
593,12,2.4668299600349997e-5
593,14,2.4668107594827404e-5
593,17,1.8501222296407605e-5
593,18,2.4668298970631497e-5
593,21,1.850113603740766e-5
593,22,1.8501244029245356e-5
593,23,1.8501247481594874e-5
593,24,2.4668295286467412e-5
593,27,2.466830152059174e-5
593,29,2.4668309968944868e-5
593,2,2.4668300247832065e-5
593,6,1.8501230530709734e-5
593,7,2.4668301097818812e-5
593,8,2.4668300580010794e-5
594,10,2.4668276578765358e-5
594,12,2.4668299303698404e-5
594,14,2.4668291338514337e-5
594,17,2.466829012348626e-5
594,18,2.4668299307251118e-5
594,21,2.4668614800660293e-5
594,22,2.466828325520254e-5
594,23,2.4668265327321137e-5
594,24,2.4668272922134804e-5
594,27,1.850122546898092e-5
594,29,2.466829854785857e-5
594,2,2.4668300641295104e-5
594,6,2.4668304809516428e-5
594,7,1.850122433921797e-5
594,8,2.46683005880044e-5
595,10,2.4668297545993312e-5
595,12,2.4668302534003317e-5
595,14,2.4668194845034463e-5
595,17,2.466829216363209e-5
595,18,1.8501225432565604e-5
595,21,2.4668371620961693e-5
595,22,2.4668175402808856e-5
595,23,2.4668345276701586e-5
595,24,1.850123187097097e-5
595,27,2.4668302354591276e-5
595,29,2.466830016700783e-5
595,2,2.4668301320751596e-5
595,6,2.4668309893449702e-5
595,7,2.4668299877461664e-5
595,8,2.46683003739534e-5
596,10,1.8501226892730926e-5
596,12,1.8501226085376743e-5
596,14,1.850119422464047e-5
596,17,2.466829491609701e-5
596,18,2.4668298821417523e-5
596,21,1.8501285790506472e-5
596,22,2.46682728111125e-5
596,23,1.8501190660380473e-5
596,24,2.4668287993634408e-5
596,27,1.8501225802936005e-5
596,29,1.8501224566591645e-5
596,2,2.4668302947006282e-5
596,6,2.4668291009000143e-5
596,7,2.4668299938745974e-5
596,8,2.466830780356588e-5
597,10,2.4668311163544843e-5
597,12,2.4668299959174078e-5
597,14,2.466832227554505e-5
597,17,2.4668290649287883e-5
597,18,1.8501225372169472e-5
597,21,2.4668633695767994e-5
597,22,1.8501218129962638e-5
597,23,2.466836927261795e-5
597,24,1.8501230941048163e-5
597,27,2.4668302662789188e-5
597,29,2.4668297561092345e-5
597,2,2.466829977176843e-5
597,6,2.4668290953044902e-5
597,7,1.8501224857914167e-5
597,8,2.4668303320041218e-5
598,10,1.8501225376610364e-5
598,12,2.4668298930663468e-5
598,14,1.850121983704156e-5
598,17,2.466831053027363e-5
598,18,2.4668299557717432e-5
598,21,1.850122517055297e-5
598,22,2.466823450397726e-5
598,23,2.4668288859608367e-5
598,24,2.4668279557715778e-5
598,27,1.8501226674239035e-5
598,29,1.8501223762790175e-5
598,2,2.466830366110173e-5
598,6,1.8501225532041587e-5
598,7,2.4668298758356855e-5
598,8,2.4668299819730066e-5
599,10,2.4668302108565854e-5
599,12,2.4668299101193725e-5
599,14,2.466826298253011e-5
599,17,1.850122005642163e-5
599,18,2.4668291461971137e-5
599,21,2.466851704241435e-5
599,22,1.8501244366753156e-5
599,23,2.4668354400958492e-5
599,24,1.8501227399880804e-5
599,27,2.4668300597774362e-5
599,29,2.4668298430619018e-5
599,2,1.8501226293210493e-5
599,6,2.466829591796227e-5
599,7,2.46682980238333e-5
599,8,2.466853015992143e-5
600,10,2.4668281936257586e-5
600,12,2.4668300185659575e-5
600,14,1.8501195176767737e-5
600,17,2.4668289479556904e-5
600,18,2.4668300203423144e-5
600,21,2.466859798655463e-5
600,22,2.4668218157053445e-5
600,23,2.4668240600433933e-5
600,24,2.4668296414454005e-5
600,27,1.850122589530656e-5
600,29,2.4668296397578615e-5
600,2,2.4668300634189677e-5
600,6,1.8501224460010235e-5
600,7,2.4668300437014068e-5
600,8,2.466829930103387e-5
601,10,2.466831640290934e-5
601,12,1.8501225278910738e-5
601,14,2.4668275536043893e-5
601,17,2.4668289483109618e-5
601,18,2.4668290647511526e-5
601,21,1.8501212742272344e-5
601,22,1.8501214962718393e-5
601,23,2.4668453092679954e-5
601,24,2.4668290873108845e-5
601,27,2.466830170622103e-5
601,29,1.850122457014436e-5
601,2,1.850122681279487e-5
601,6,2.4668300815378075e-5
601,7,1.8501224954725615e-5
601,8,1.8501226505485135e-5
602,10,2.4668308133968253e-5
602,12,2.4668300586228042e-5
602,14,1.8501214493760187e-5
602,17,2.4668286696893915e-5
602,18,2.4668300372177043e-5
602,21,2.4668416768847123e-5
602,22,2.466828355274231e-5
602,23,2.466827226754731e-5
602,24,1.8501225033773494e-5
602,27,1.8501225112821373e-5
602,29,2.4668299175800712e-5
602,2,2.466830236880213e-5
602,6,1.8501229764211757e-5
602,7,2.4668300529384624e-5
602,8,2.4668299666963378e-5
603,10,1.8501225281575273e-5
603,12,1.8501225520495268e-5
603,14,2.4668300953933908e-5
603,17,1.850122367574869e-5
603,18,2.4668299156260787e-5
603,21,2.4667936912692312e-5
603,22,1.8501228709055795e-5
603,23,2.4668216432210954e-5
603,24,2.4668291509044593e-5
603,27,2.466830510083895e-5
603,29,2.466830001424114e-5
603,2,1.850122551960709e-5
603,6,2.466830325253966e-5
603,7,1.8501225343747763e-5
603,8,2.4668299617225387e-5
604,10,2.4668308975961395e-5
604,12,1.850122486679595e-5
604,14,1.8501204839260765e-5
604,17,2.466828133229626e-5
604,18,2.4668299893448875e-5
604,21,1.850113262147346e-5
604,22,2.466830993341773e-5
604,23,2.4668138308925336e-5
604,24,1.850123037527851e-5
604,27,2.4668301827013295e-5
604,29,2.4668298274299616e-5
604,2,2.4668301384700442e-5
604,6,2.46682949001098e-5
604,7,2.46683006661641e-5
604,8,2.466829919445246e-5
605,10,2.466829740033205e-5
605,12,2.466830089087324e-5
605,14,2.466831405989467e-5
605,17,1.850121929791726e-5
605,18,2.466830057645808e-5
605,21,1.850123763613709e-5
605,22,2.466829126301917e-5
605,23,2.4668363893809442e-5
605,24,2.466829939518078e-5
605,27,2.4668300830477108e-5
605,29,2.4668301061403497e-5
605,2,2.466830421354871e-5
605,6,1.8501228106870826e-5
605,7,1.850122509239327e-5
605,8,2.4668301641384005e-5
606,10,1.850122142155186e-5
606,12,2.4668298394203703e-5
606,14,2.466819047430846e-5
606,17,2.4668286307871767e-5
606,18,1.8501225150124867e-5
606,21,2.4668233830738018e-5
606,22,2.4668223843171688e-5
606,23,2.466814630519565e-5
606,24,2.466832366998517e-5
606,27,1.850122544588828e-5
606,29,2.4668298447494408e-5
606,2,2.466830114933316e-5
606,6,2.4668292653018398e-5
606,7,2.4668299111851866e-5
606,8,2.4668299202446065e-5
607,10,2.4668329900556785e-5
607,12,2.46682992504077e-5
607,14,2.4668216969558898e-5
607,17,1.8501221685340852e-5
607,18,2.4668299381858105e-5
607,21,1.850127978375582e-5
607,22,2.4668317188947242e-5
607,23,1.8501133685511206e-5
607,24,2.466830376235407e-5
607,27,2.4668300765640083e-5
607,29,1.8501224257505555e-5
607,2,2.466830254821417e-5
607,6,1.8501222311506638e-5
607,7,2.4668299243302272e-5
607,8,1.8501225512501662e-5
608,10,1.850122665469911e-5
608,12,2.4668298299168612e-5
608,14,2.466840007375737e-5
608,17,2.466829436009732e-5
608,18,2.4668298729935145e-5
608,21,2.4668334475563825e-5
608,22,2.466832617198378e-5
608,23,2.4668102490466026e-5
608,24,2.4668301308317098e-5
608,27,1.8501225292233414e-5
608,29,2.4668299583474607e-5
608,2,2.4668299133168148e-5
608,6,2.4668285330875506e-5
608,7,2.4668300127927978e-5
608,8,2.466830744385362e-5
609,10,2.466831613823217e-5
609,12,2.466829903013945e-5
609,14,1.8501224511524583e-5
609,17,1.8501224158029572e-5
609,18,2.4668298146401924e-5
609,21,1.8501277453175646e-5
609,22,1.850123802960013e-5
609,23,1.8501279192228992e-5
609,24,2.4668300698138523e-5
609,27,2.466829990677155e-5
609,29,2.4668300254937492e-5
609,2,2.466829959235639e-5
609,6,2.4668308042485876e-5
609,7,1.8501224449352094e-5
609,8,2.4668298486574258e-5
610,10,1.8501228152167926e-5
610,12,1.8501225812705968e-5
610,14,2.4668038543840254e-5
610,17,2.4668290850016206e-5
610,18,1.8501225293121593e-5
610,21,2.4668461636068173e-5
610,22,2.4668165325536506e-5
610,23,2.466814349944002e-5
610,24,1.850123449997909e-5
610,27,2.4668300130592513e-5
610,29,2.4668300718566627e-5
610,2,2.466830085801064e-5
610,6,2.4668302506469786e-5
610,7,2.4668299893448875e-5
610,8,2.4668299242414093e-5
611,10,2.4668315882436787e-5
611,12,2.4668298189922666e-5
611,14,1.8501317326169442e-5
611,17,2.4668258927995623e-5
611,18,1.8501224498201907e-5
611,21,1.8501268090886924e-5
611,22,1.8501242198709633e-5
611,23,2.4668442422992598e-5
611,24,2.466829876013321e-5
611,27,2.4668300881103278e-5
611,29,2.46682971596357e-5
611,2,1.8501225554246048e-5
611,6,1.8501231003220653e-5
611,7,1.8501225230949103e-5
611,8,2.4668299591468212e-5
612,10,1.850122679591948e-5
612,12,1.8501225000022714e-5
612,14,2.466833056335993e-5
612,17,2.466829707969964e-5
612,18,2.466829996450315e-5
612,21,2.4668667741423178e-5
612,22,2.4668158198792867e-5
612,23,2.4668278779671482e-5
612,24,1.8501225382827613e-5
612,27,1.850122575053348e-5
612,29,2.4668301164432194e-5
612,2,2.466830494363137e-5
612,6,2.4668307209374518e-5
612,7,2.4668300426355927e-5
612,8,2.4668299920094228e-5
613,10,2.4668304956065867e-5
613,12,2.4668297138319417e-5
613,14,1.8501193543407624e-5
613,17,2.466828078073746e-5
613,18,2.466830071767845e-5
613,21,1.8501261125791757e-5
613,22,1.8501254864133898e-5
613,23,2.466841886672455e-5
613,24,2.4668303153063675e-5
613,27,2.46683080620258e-5
613,29,2.4668299455576914e-5
613,2,1.850122624968975e-5
613,6,1.8501227995848524e-5
613,7,1.8501224650080417e-5
613,8,2.466829851854868e-5
614,10,2.4668300011576605e-5
614,12,1.8501225038214386e-5
614,14,2.466821852031842e-5
614,17,1.8501223615352558e-5
614,18,2.46683005427073e-5
614,21,2.4668472683231357e-5
614,22,2.4668150039985903e-5
614,23,2.466815734880612e-5
614,24,2.466830723601987e-5
614,27,1.850122498581186e-5
614,29,2.46682997113723e-5
614,2,2.466830524028296e-5
614,6,2.466831037217787e-5
614,7,2.4668299122510007e-5
614,8,2.466830021585764e-5
615,10,2.4668304165587074e-5
615,12,2.466830116176766e-5
615,14,1.8501210532484436e-5
615,17,2.4668282835094146e-5
615,18,2.466829872105336e-5
615,21,2.4668278717498993e-5
615,22,1.8501255303782216e-5
615,23,2.4668371233715902e-5
615,24,2.4668280692807798e-5
615,27,2.466830310510204e-5
615,29,1.85012263340667e-5
615,2,2.4668305165675974e-5
615,6,1.8501226645817326e-5
615,7,1.850122500712814e-5
615,8,2.466830211567128e-5
616,10,1.8501222649902616e-5
616,12,1.8501225145683975e-5
616,14,2.4668287540663414e-5
616,17,2.46682886606564e-5
616,18,2.4668300714125735e-5
616,21,2.4668490564039303e-5
616,22,2.4668222737389556e-5
616,23,2.4668179258391376e-5
616,24,1.8501230984568906e-5
616,27,1.850122534463594e-5
616,29,1.8501224835709706e-5
616,2,2.4668305689701242e-5
616,6,2.4668304717145872e-5
616,7,2.4668297843533082e-5
616,8,1.8501226404232796e-5
617,10,2.4668294233975985e-5
617,12,2.4668296612517793e-5
617,14,1.850122092683648e-5
617,17,2.46682982503188e-5
617,18,2.4668299111851866e-5
617,21,1.8501141813231925e-5
617,22,2.4668300470764848e-5
617,23,1.850120447688397e-5
617,24,2.4668262462057555e-5
617,27,2.4668300291352807e-5
617,29,2.4668297904817393e-5
617,2,2.4668298101104824e-5
617,6,2.4668279579920238e-5
617,7,1.850122491298123e-5
617,8,2.4668300236285745e-5
618,10,1.8501221409117363e-5
618,12,1.850122463054049e-5
618,14,2.4668254676285528e-5
618,17,1.8501215415689387e-5
618,18,1.8501225419242928e-5
618,21,2.4668493058044305e-5
618,22,2.4668333783672836e-5
618,23,2.466811579715511e-5
618,24,1.8501226647593683e-5
618,27,1.8501226128897486e-5
618,29,2.4668299910324265e-5
618,2,2.466829967140427e-5
618,6,2.4668306355835057e-5
618,7,2.466829944047788e-5
618,8,1.8501226077383137e-5
619,10,2.4668313268527697e-5
619,12,2.4668299921870585e-5
619,14,2.4667955340618164e-5
619,17,2.4668289343665606e-5
619,18,2.466830070613213e-5
619,21,2.4668230360624932e-5
619,22,2.466836419845464e-5
619,23,2.4668624066137568e-5
619,24,2.4668310947717487e-5
619,27,2.466830029490552e-5
619,29,2.466829976732754e-5
619,2,1.8501226302980456e-5
619,6,2.4668295655949635e-5
619,7,1.8501224815281603e-5
619,8,2.4668299108299152e-5
620,10,1.850123058311226e-5
620,12,1.8501224500866442e-5
620,14,2.46682801865461e-5
620,17,2.466830302161327e-5
620,18,1.850122531710241e-5
620,21,2.4668232484259534e-5
620,22,2.4668171821673468e-5
620,23,2.46680502922203e-5
620,24,1.8501228017164806e-5
620,27,1.850122668933807e-5
620,29,1.8501223999933814e-5
620,2,2.4668302883057436e-5
620,6,1.8501218946198605e-5
620,7,2.466829982417096e-5
620,8,1.850122591928738e-5
621,10,2.4668310253161962e-5
621,12,2.4668289933416077e-5
621,14,2.466816971935515e-5
621,17,1.85012276716634e-5
621,18,2.4668298273411438e-5
621,21,2.466839378456598e-5
621,22,1.850122853674918e-5
621,23,1.8501300081297245e-5
621,24,2.4668228316926388e-5
621,27,2.4668300595109827e-5
621,29,2.4668298353347495e-5
621,2,1.8501226342060306e-5
621,6,2.4668298854280124e-5
621,7,2.4668298697960722e-5
621,8,2.4668301843888685e-5
622,10,2.466836946535267e-5
622,12,2.4668300882879635e-5
622,14,2.4668311207065585e-5
622,17,2.4668307919029075e-5
622,18,2.4668301651153968e-5
622,21,1.8501153729921782e-5
622,22,2.4668049631415556e-5
622,23,2.46680656807996e-5
622,24,2.466829708680507e-5
622,27,2.4668300948604838e-5
622,29,1.8501223970623926e-5
622,2,2.4668300836694357e-5
622,6,1.8501222921685212e-5
622,7,2.4668300360630724e-5
622,8,1.8501225540035193e-5
623,10,2.4668300007135713e-5
623,12,1.8501224686495732e-5
623,14,1.85011954787484e-5
623,17,1.8501220945488228e-5
623,18,2.4668298116203857e-5
623,21,2.466861015548716e-5
623,22,1.8501233470580303e-5
623,23,1.8501304325013734e-5
623,24,2.466830189096214e-5
623,27,1.8501225764744333e-5
623,29,2.4668300472541205e-5
623,2,1.850122600366433e-5
623,6,2.4668322071264015e-5
623,7,2.4668298338248462e-5
623,8,2.466830006575549e-5
624,10,2.466830680436516e-5
624,12,2.4668299586139142e-5
624,14,2.466821302782307e-5
624,17,2.4668286922491234e-5
624,18,1.850122501867446e-5
624,21,2.4668610201672436e-5
624,22,2.4668288400420124e-5
624,23,2.466828905500762e-5
624,24,1.8501224027467345e-5
624,27,2.466830095926298e-5
624,29,1.8501223975064818e-5
624,2,2.4668300929064912e-5
624,6,2.4668297734287137e-5
624,7,2.4668300303787305e-5
624,8,1.8501225354405904e-5
625,10,1.8501224133160576e-5
625,12,1.8501224998246357e-5
625,14,1.850121856072917e-5
625,17,2.4668299316132902e-5
625,18,2.466829969449691e-5
625,21,2.46685451958939e-5
625,22,1.8501180038654752e-5
625,23,2.466798405720283e-5
625,24,2.4668305457886675e-5
625,27,2.466829984104635e-5
625,29,2.4668297447405507e-5
625,2,1.850122616620098e-5
625,6,2.4668296694230207e-5
625,7,1.850122491742212e-5
625,8,2.466830152592081e-5
626,10,2.4668290169671536e-5
626,12,1.850122647528707e-5
626,14,2.4668408045158685e-5
626,17,2.466829132607984e-5
626,18,2.4668297267993466e-5
626,21,2.4668220294010723e-5
626,22,1.8501238674417664e-5
626,23,2.4668359782431537e-5
626,24,2.4668301371377765e-5
626,27,2.466830098679651e-5
626,29,1.8501224343658862e-5
626,2,2.4668300433461354e-5
626,6,2.466828185543335e-5
626,7,2.4668292255114466e-5
626,8,2.4668302508246143e-5
627,10,1.8501224135825112e-5
627,12,2.4668300510732877e-5
627,14,1.850121951729733e-5
627,17,2.4668300747876515e-5
627,18,1.850122537394583e-5
627,21,2.4668215064416188e-5
627,22,2.46682509938978e-5
627,23,1.8501228558953642e-5
627,24,1.8501227077472038e-5
627,27,2.4668302012642584e-5
627,29,2.4668259995586084e-5
627,2,1.8501226082712208e-5
627,6,1.8501224326783472e-5
627,7,1.8501224239741987e-5
627,8,2.4668298920893506e-5
628,10,2.466830044234314e-5
628,12,2.4668298526542287e-5
628,14,2.4668318133080902e-5
628,17,2.4668295235841242e-5
628,18,2.4668297914587356e-5
628,21,1.850124369529027e-5
628,22,2.466822013325043e-5
628,23,2.4668573878727784e-5
628,24,2.4668297795571448e-5
628,27,2.4668298359564744e-5
628,29,1.850122483393335e-5
628,2,2.4668300454777636e-5
628,6,1.8501226988654196e-5
628,7,2.4668299903218838e-5
628,8,2.46683005098447e-5
629,10,1.8501221796363154e-5
629,12,2.466829946978777e-5
629,14,1.850123785107627e-5
629,17,2.466830325786873e-5
629,18,1.8501224323230758e-5
629,21,2.4668220691026477e-5
629,22,1.850124820279575e-5
629,23,1.8501266545456474e-5
629,24,1.8501225303779734e-5
629,27,2.4668299207775135e-5
629,29,2.4668299852592668e-5
629,2,1.8501225087952378e-5
629,6,2.466828960479006e-5
629,7,2.466830023983846e-5
629,8,2.4668297576191378e-5
630,10,2.4668318264531308e-5
630,12,1.85012247948535e-5
630,14,2.4668217021073247e-5
630,17,1.8501223991940208e-5
630,18,2.4668298756580498e-5
630,21,1.8501189805064655e-5
630,22,2.4668268830296824e-5
630,23,2.4668301922048386e-5
630,24,2.4668292901708355e-5
630,27,1.8501226955791594e-5
630,29,2.466829904257395e-5
630,2,2.4668301120023273e-5
630,6,2.4668291743523696e-5
630,7,1.8501225235389995e-5
630,8,2.4668300147467903e-5
631,10,1.8501227792455666e-5
631,12,2.4668297522900673e-5
631,14,2.466827967406715e-5
631,17,2.46682803553e-5
631,18,1.850122590063563e-5
631,21,1.850113427348532e-5
631,22,1.850120536506239e-5
631,23,1.850117076074298e-5
631,24,1.850123358515532e-5
631,27,2.4668301426444827e-5
631,29,1.8501224986700038e-5
631,2,2.4668300159014223e-5
631,6,2.4668309466235883e-5
631,7,2.4668300254049313e-5
631,8,2.4668286020990138e-5
632,10,2.466830713032664e-5
632,12,2.4668298369334707e-5
632,14,2.4668346272349595e-5
632,17,1.850122067459381e-5
632,18,2.466829953107208e-5
632,21,2.4668312386566527e-5
632,22,2.4668246039638575e-5
632,23,2.4668622560675146e-5
632,24,2.466827634073354e-5
632,27,1.8501225454770065e-5
632,29,2.4668302108565854e-5
632,2,2.466830350478233e-5
632,6,2.4668308909348013e-5
632,7,1.8501224815281603e-5
632,8,2.466829593927855e-5
633,10,2.466827849456621e-5
633,12,2.466829676084359e-5
633,14,2.466824459279593e-5
633,17,2.4668306327413347e-5
633,18,1.8501225634182106e-5
633,21,1.8501168973728e-5
633,22,2.4668225995228e-5
633,23,2.466826472513617e-5
633,24,1.850122566526835e-5
633,27,1.8501224875677735e-5
633,29,1.8501224292144514e-5
633,2,2.4668301547237093e-5
633,6,1.850122586155578e-5
633,7,2.466830001512932e-5
633,8,2.466829686653682e-5
634,10,2.4668322739174187e-5
634,12,1.8501225270028954e-5
634,14,2.4668264165583764e-5
634,17,1.850122833602086e-5
634,18,2.4668298555852175e-5
634,21,2.4668598378241313e-5
634,22,1.8501236104029317e-5
634,23,1.8501268050030717e-5
634,24,2.4668300754981942e-5
634,27,2.4668300204311322e-5
634,29,2.4668300547148192e-5
634,2,1.8501226461964393e-5
634,6,2.466829942981974e-5
634,7,2.466829918201796e-5
634,8,1.85012259965589e-5
635,10,2.4668388599380364e-5
635,12,2.4668298388874632e-5
635,14,1.8501199303244675e-5
635,17,2.4668296303431703e-5
635,18,2.4668300825148037e-5
635,21,1.8501294388961753e-5
635,22,2.4668115822024106e-5
635,23,2.4668079587897296e-5
635,24,2.4668286454421207e-5
635,27,1.8501226264788784e-5
635,29,1.8501223916445042e-5
635,2,1.8501224679390305e-5
635,6,1.8501226403344617e-5
635,7,2.4668299657193415e-5
635,8,2.4668294066998442e-5
636,10,2.4668368665103912e-5
636,12,2.4668296399354972e-5
636,14,2.4668074079414737e-5
636,17,1.8501225167000257e-5
636,18,2.4668300260266562e-5
636,21,2.466810983925427e-5
636,22,1.850125558178206e-5
636,23,2.46682530518072e-5
636,24,1.8501220209188318e-5
636,27,2.466830145841925e-5
636,29,1.850122449642555e-5
636,2,2.4668303309383077e-5
636,6,2.466830093617034e-5
636,7,1.8501225129696763e-5
636,8,1.85012253792749e-5
637,10,2.466832030290078e-5
637,12,1.8501224509748226e-5
637,14,2.4668245937498057e-5
637,17,2.4668293384877416e-5
637,18,2.466829950797944e-5
637,21,2.4669925895004496e-5
637,22,2.4668242421199693e-5
637,23,2.466821477664638e-5
637,24,2.466829752467703e-5
637,27,1.8501225353517725e-5
637,29,2.466829611869059e-5
637,2,1.8501225611977645e-5
637,6,1.850122903679363e-5
637,7,2.4668300417474143e-5
637,8,2.4668304794417395e-5
638,10,1.850122838487067e-5
638,12,2.4668299653640702e-5
638,14,2.4668266462413158e-5
638,17,2.466829836222928e-5
638,18,2.466830256686592e-5
638,21,2.4668279361428347e-5
638,22,2.466829117420133e-5
638,23,1.8501263354231412e-5
638,24,2.466832427217014e-5
638,27,2.4668300270036525e-5
638,29,1.8501224317901688e-5
638,2,2.4668303822750204e-5
638,6,2.4668266276783868e-5
638,7,2.4668296987329086e-5
638,8,1.8501225836686785e-5
639,10,2.4668303222341592e-5
639,12,1.8501224102074332e-5
639,14,1.850122451951819e-5
639,17,1.8501215061306198e-5
639,18,1.8501225765632512e-5
639,21,2.46685579297079e-5
639,22,2.466823579183597e-5
639,23,2.4667781783449527e-5
639,24,2.466832092196114e-5
639,27,2.4668305046660066e-5
639,29,2.4668300797614506e-5
639,2,1.850122706414936e-5
639,6,2.4668289636764484e-5
639,7,2.4668300397934217e-5
639,8,2.4668308583386533e-5
640,10,1.8501227804001985e-5
640,12,2.466829874947507e-5
640,14,2.4668269064775927e-5
640,17,2.466828689051681e-5
640,18,2.4668299854369025e-5
640,21,1.8501267015302858e-5
640,22,1.8501237606827203e-5
640,23,1.8501115207847363e-5
640,24,1.8501221499711562e-5
640,27,2.46683010365345e-5
640,29,2.466829873259968e-5
640,2,2.4668297303520603e-5
640,6,2.466830073455384e-5
640,7,1.8501223790323706e-5
640,8,1.8501224888112233e-5
641,10,2.4668306497943604e-5
641,12,1.850122381608088e-5
641,14,1.8501200055531797e-5
641,17,1.8501219532396362e-5
641,18,1.8501225621747608e-5
641,21,2.46681535713833e-5
641,22,2.4668135528926882e-5
641,23,2.4668152850182423e-5
641,24,2.4668322115672936e-5
641,27,1.850122630564499e-5
641,29,2.466829913139179e-5
641,2,2.466830681413512e-5
641,6,1.850122785729269e-5
641,7,1.850122525048903e-5
641,8,2.4668297971430775e-5
642,10,1.850122654278863e-5
642,12,2.4668297051277932e-5
642,14,2.4668108290271107e-5
642,17,2.4668188341792074e-5
642,18,2.4668299174024355e-5
642,21,1.8501308096219304e-5
642,22,2.4668454992493594e-5
642,23,1.8501196570319678e-5
642,24,1.8501221333622198e-5
642,27,2.4668301652042146e-5
642,29,2.466829914293811e-5
642,2,2.4668302591734914e-5
642,6,1.8501224583467035e-5
642,7,2.466829782754587e-5
642,8,2.4668297880836576e-5
643,10,2.466833917047495e-5
643,12,1.8501224365863322e-5
643,14,2.4668299714036834e-5
643,17,1.8501218188582413e-5
643,18,1.8501225127920407e-5
643,21,1.8501207327936697e-5
643,22,2.466828543035149e-5
643,23,2.4668238943093e-5
643,24,2.466828649794195e-5
643,27,1.8501225104827768e-5
643,29,2.466829596770026e-5
643,2,2.4668305092845344e-5
643,6,2.466827901148605e-5
643,7,1.850122459146064e-5
643,8,2.466830388136998e-5
644,10,1.8501229618550497e-5
644,12,2.4668299277053052e-5
644,14,2.4668254210880036e-5
644,17,2.466812588064471e-5
644,18,2.4668300090624484e-5
644,21,2.466847747051304e-5
644,22,1.8501217258659608e-5
644,23,1.850133604897053e-5
644,24,1.8501219953392933e-5
644,27,2.466830209968407e-5
644,29,2.4668292358143162e-5
644,2,1.850122651347874e-5
644,6,2.466828296743273e-5
644,7,2.4668301428221184e-5
644,8,2.4668304176245215e-5
645,10,2.4668296482843743e-5
645,12,1.850122546276367e-5
645,14,2.4668333159283407e-5
645,17,1.8501226349165734e-5
645,18,1.8501225607536753e-5
645,21,1.8501257193825893e-5
645,22,2.46680773816621e-5
645,23,2.4668373223235562e-5
645,24,2.4668302236463546e-5
645,27,1.8501225790501508e-5
645,29,2.4668297921692783e-5
645,2,2.4668101468172665e-5
645,6,1.850121875790478e-5
645,7,1.8501225037326208e-5
645,8,1.8501225009792677e-5
646,10,1.85012316062938e-5
646,12,2.4668297466945432e-5
646,14,1.8501243393309608e-5
646,17,2.4668014201090216e-5
646,18,2.466829845282348e-5
646,21,2.4668504586600193e-5
646,22,1.850121386315351e-5
646,23,1.8501353024724665e-5
646,24,1.8501224730016474e-5
646,27,2.4668300833141643e-5
646,29,1.8501225286904344e-5
646,2,1.8501226134226556e-5
646,6,2.4668305231401177e-5
646,7,2.4668300163455115e-5
646,8,2.466830292569e-5
647,10,2.4668303058028584e-5
647,12,2.4668298662433585e-5
647,14,2.466828764369211e-5
647,17,1.8501218743693926e-5
647,18,2.4668300028451995e-5
647,21,1.8501227748934923e-5
647,22,2.4668344241973728e-5
647,23,2.4668135944594383e-5
647,24,2.466827106495373e-5
647,27,1.85012267950313e-5
647,29,2.466830207126236e-5
647,2,2.4668305350417086e-5
647,6,2.4668295893093273e-5
647,7,2.4668299316132902e-5
647,8,1.8501225349076833e-5
648,10,2.4668303387542778e-5
648,12,1.8501225043543457e-5
648,14,2.466825448443899e-5
648,17,2.466852492233329e-5
648,18,2.4668300516950126e-5
648,21,2.4668429576379935e-5
648,22,1.8501265197201633e-5
648,23,1.8501275937943262e-5
648,24,2.4668267396776855e-5
648,27,2.4668303675312586e-5
648,29,2.4668300237173924e-5
648,2,1.850122744162519e-5
648,6,1.850122762103723e-5
648,7,2.4668299690944195e-5
648,8,2.4668299422714313e-5
649,10,2.4668317822218455e-5
649,12,2.466829972824769e-5
649,14,1.8501203030041324e-5
649,17,2.4668295743879298e-5
649,18,2.4668299869468058e-5
649,21,2.466816786306225e-5
649,22,2.4668154008367082e-5
649,23,2.4668430160801336e-5
649,24,1.8501222387889982e-5
649,27,1.850122568214374e-5
649,29,2.466829863756459e-5
649,2,2.466830046365942e-5
649,6,2.466830632030792e-5
649,7,2.4668299375640856e-5
649,8,1.850122504798435e-5
650,10,1.850123013458216e-5
650,12,2.466829678215987e-5
650,14,2.466844660986567e-5
650,17,2.4668281903394984e-5
650,18,2.466829516389879e-5
650,21,2.4668526258153634e-5
650,22,1.8501240959700738e-5
650,23,2.4668446510389685e-5
650,24,2.4668288196139088e-5
650,27,2.4668301534802595e-5
650,29,1.8501224590572463e-5
650,2,1.8501226164424622e-5
650,6,1.850122236124463e-5
650,7,2.4668299404950744e-5
650,8,2.4668297511354353e-5
651,10,2.4668291379370544e-5
651,12,1.8501224914757586e-5
651,14,1.850117450441502e-5
651,17,2.4668272747163655e-5
651,18,1.8501225135025834e-5
651,21,2.4668233816527163e-5
651,22,2.4668216537904186e-5
651,23,2.4668244309467013e-5
651,24,1.85012290998543e-5
651,27,1.850122609781124e-5
651,29,2.466829756464506e-5
651,2,2.466829932945558e-5
651,6,2.4668307895936437e-5
651,7,2.4668298934216182e-5
651,8,1.8501224582578857e-5
652,10,1.8501230918843703e-5
652,12,1.8501224245071057e-5
652,14,2.4668335086630577e-5
652,17,1.8501221099143095e-5
652,18,1.850122467583759e-5
652,21,2.4668659327709008e-5
652,22,1.8501234413825784e-5
652,23,2.466829180214347e-5
652,24,2.4668307226249908e-5
652,27,2.4668301861652253e-5
652,29,1.8501225389044862e-5
652,2,2.4668299835717278e-5
652,6,2.466829767655554e-5
652,7,2.466829809222304e-5
652,8,2.466830029490552e-5
653,10,2.466831223824073e-5
653,12,2.466829904257395e-5
653,14,1.8501174213092497e-5
653,17,2.4668266394911598e-5
653,18,2.4668300062202775e-5
653,21,1.8501231710210675e-5
653,22,2.4668354043910767e-5
653,23,1.8501198534970342e-5
653,24,1.850122106805685e-5
653,27,1.8501226096923062e-5
653,29,2.466829809222304e-5
653,2,2.466830337599646e-5
653,6,2.4668302112118567e-5
653,7,1.8501224685607554e-5
653,8,2.4668298870267336e-5
654,10,1.8501227506462214e-5
654,12,1.8501223607358952e-5
654,14,2.4668264829941222e-5
654,17,1.850122564839296e-5
654,18,1.8501224857914167e-5
654,21,2.4668384648762753e-5
654,22,1.8501221712874383e-5
654,23,2.4668221898949128e-5
654,24,2.4668305368180654e-5
654,27,2.466830072300752e-5
654,29,2.4668299909436087e-5
654,2,2.466830130121167e-5
654,6,2.466829475356036e-5
654,7,2.466829963232442e-5
654,8,2.4668298213903483e-5
655,10,2.4668309588804505e-5
655,12,2.466830028957645e-5
655,14,1.8501204922749537e-5
655,17,2.4668289393403597e-5
655,18,2.466830078340365e-5
655,21,1.850110878010014e-5
655,22,2.4668298411079093e-5
655,23,2.466652180910245e-5
655,24,1.8501225724776305e-5
655,27,2.4668305071529062e-5
655,29,2.4668299904995195e-5
655,2,2.4668300859786996e-5
655,6,2.466830991654234e-5
655,7,1.8501224668732164e-5
655,8,2.4668301449537466e-5
656,10,1.850122642377272e-5
656,12,1.850122421576117e-5
656,14,2.4668319577259012e-5
656,17,1.8501221459743533e-5
656,18,2.4668299765551183e-5
656,21,2.4668516898529447e-5
656,22,2.466829946357052e-5
656,23,2.4668389712267924e-5
656,24,2.4668286692453023e-5
656,27,1.850122598057169e-5
656,29,2.4668297542440598e-5
656,2,1.8501224521294546e-5
656,6,1.8501226026756967e-5
656,7,2.4668299697161444e-5
656,8,2.4668299359653645e-5
657,10,1.8501229602563285e-5
657,12,1.850122542901289e-5
657,14,2.4668283379547518e-5
657,17,2.4668283565176807e-5
657,18,2.4668300314445446e-5
657,21,1.8501273383542127e-5
657,22,1.8501241584978345e-5
657,23,2.4667766428621007e-5
657,24,1.850122327073933e-5
657,27,2.4668303415964488e-5
657,29,2.4668299431596097e-5
657,2,2.466830085090521e-5
657,6,1.850122247404329e-5
657,7,1.8501224599454247e-5
657,8,2.466830101433004e-5
658,10,2.4668297506025283e-5
658,12,2.4668300147467903e-5
658,14,1.8501257283531913e-5
658,17,1.850121625679435e-5
658,18,1.8501225587996828e-5
658,21,2.466869273298755e-5
658,22,2.466828325431436e-5
658,23,2.4668495850477257e-5
658,24,2.4668301876751286e-5
658,27,1.850122521496189e-5
658,29,1.850122460922421e-5
658,2,1.8501225392597576e-5
658,6,2.4668296514818167e-5
658,7,2.4668299349883682e-5
658,8,1.850122328317383e-5
659,10,1.8501227933676034e-5
659,12,2.4668297353258595e-5
659,14,1.850120801716315e-5
659,17,2.4668286860318744e-5
659,18,2.4668303495012367e-5
659,21,1.850122214630545e-5
659,22,2.466836896530822e-5
659,23,1.8501314031027505e-5
659,24,2.466825094415981e-5
659,27,2.4668299953845008e-5
659,29,2.466829594993669e-5
659,2,2.4668301208841115e-5
659,6,2.466830130742892e-5
659,7,2.4668299569263752e-5
659,8,2.4668297225360902e-5
660,10,2.466829913139179e-5
660,12,2.4668300127927978e-5
660,14,2.4668299099417368e-5
660,17,1.8501223129518962e-5
660,18,2.4668299094088297e-5
660,21,2.4667974723335817e-5
660,22,1.8501255083513968e-5
660,23,2.4668449955633776e-5
660,24,1.850122139401833e-5
660,27,1.8501226702660745e-5
660,29,2.4668296639163145e-5
660,2,2.466830290970279e-5
660,6,2.4668304731356727e-5
660,7,1.850122487834227e-5
660,8,1.8501225321543302e-5
661,10,2.4668299347219147e-5
661,12,2.4668300083519057e-5
661,14,1.850122101210161e-5
661,17,2.4668300522279196e-5
661,18,1.8501225201639215e-5
661,21,1.8501181567209812e-5
661,22,2.4668320065757143e-5
661,23,2.466749314589123e-5
661,24,2.4668290119045366e-5
661,27,2.4668299333008292e-5
661,29,2.466829959324457e-5
661,2,2.4668303158392746e-5
661,6,2.4668305969477444e-5
661,7,2.4668299835717278e-5
661,8,2.4668299078101086e-5
662,10,2.4668308285846763e-5
662,12,1.8501224319678045e-5
662,14,2.4668309823283607e-5
662,17,1.8501221363820264e-5
662,18,2.4668297534446992e-5
662,21,2.4668790756798842e-5
662,22,2.466823571189991e-5
662,23,2.4668215340639676e-5
662,24,1.8501223532751965e-5
662,27,2.4668302423869193e-5
662,29,1.8501224460010235e-5
662,2,2.466829894665068e-5
662,6,2.4668296609853257e-5
662,7,2.4668300078189986e-5
662,8,2.466829936320636e-5
663,10,2.4668290625307066e-5
663,12,2.4668301010777327e-5
663,14,2.4667999076299907e-5
663,17,2.4668273028716214e-5
663,18,1.850122527269349e-5
663,21,2.4668789419202142e-5
663,22,1.8501192239561703e-5
663,23,1.8501411767957165e-5
663,24,2.466830738878656e-5
663,27,2.4668308777897607e-5
663,29,1.8501225600431326e-5
663,2,2.4668301018770933e-5
663,6,2.466829834535389e-5
663,7,2.4668300130592513e-5
663,8,2.4668300647512353e-5
664,10,2.466829624836464e-5
664,12,2.4668299832164564e-5
664,14,2.4668259226423572e-5
664,17,2.4668297101904102e-5
664,18,2.4668300950381195e-5
664,21,2.466821886848436e-5
664,22,2.4668275658612515e-5
664,23,2.4668268965299944e-5
664,24,2.4668310835807006e-5
664,27,2.4668300652841424e-5
664,29,2.4668307370134812e-5
664,2,2.4668299802854676e-5
664,6,2.466830602720904e-5
664,7,2.4668300124375264e-5
664,8,2.4668297747609813e-5
665,10,1.850122652058417e-5
665,12,2.4668299612784494e-5
665,14,2.46682821538613e-5
665,17,2.4668302443409118e-5
665,18,2.466830060399161e-5
665,21,1.8501238158386002e-5
665,22,2.4668301800367942e-5
665,23,1.850113169332701e-5
665,24,1.850122289948075e-5
665,27,2.466831395775415e-5
665,29,2.466829801850423e-5
665,2,2.466830087399785e-5
665,6,2.4668292209817366e-5
665,7,2.4668297453622756e-5
665,8,2.4668300316221803e-5
666,10,2.4668299071883837e-5
666,12,2.4668300786956365e-5
666,14,2.4668236152436407e-5
666,17,1.8501223797429134e-5
666,18,2.466829867042719e-5
666,21,2.4668413643347264e-5
666,22,2.4668369555946867e-5
666,23,1.8501112249325047e-5
666,24,2.4668257572635355e-5
666,27,2.4668306178199373e-5
666,29,2.4668300378394292e-5
666,2,2.46682992504077e-5
666,6,2.466834416736674e-5
666,7,2.466829976732754e-5
666,8,2.4668301068508924e-5
667,10,2.4668300421026856e-5
667,12,2.4668300078189986e-5
667,14,2.4668156748397507e-5
667,17,2.4668296993546335e-5
667,18,2.4668300682151312e-5
667,21,2.4668267260885557e-5
667,22,2.4668308449271592e-5
667,23,2.4668229174018563e-5
667,24,2.4668303170827244e-5
667,27,2.466830303227141e-5
667,29,2.4668298269858724e-5
667,2,2.4668303288066795e-5
667,6,2.4668299990260323e-5
667,7,1.8501225031997137e-5
667,8,2.4668301698227424e-5
668,10,2.4668299628771706e-5
668,12,2.466830029490552e-5
668,14,1.8501185017782973e-5
668,17,2.4668279965389672e-5
668,18,2.466830087488603e-5
668,21,2.466844741899621e-5
668,22,2.466829289815564e-5
668,23,2.4668535896665844e-5
668,24,2.4668313201026137e-5
668,27,1.8501226167089158e-5
668,29,2.466829879388399e-5
668,2,1.850122535085319e-5
668,6,2.466830536018705e-5
668,7,2.4668299125174542e-5
668,8,2.4668299585250963e-5
669,10,1.8501226079159494e-5
669,12,2.466830148151189e-5
669,14,2.4668169220198877e-5
669,17,2.4668232151192626e-5
669,18,1.8501224373856928e-5
669,21,2.4669129919274724e-5
669,22,2.466829802472148e-5
669,23,2.4667901963759675e-5
669,24,1.8501228900014155e-5
669,27,1.8501225315326053e-5
669,29,2.466829686120775e-5
669,2,2.4668301763952627e-5
669,6,2.4668302378572093e-5
669,7,1.8501225134137655e-5
669,8,2.466830239722384e-5
670,10,2.466830490366334e-5
670,12,2.4668300627972428e-5
670,14,2.4668289196227988e-5
670,17,2.4668307801789524e-5
670,18,2.466830027891831e-5
670,21,2.4668314837050787e-5
670,22,2.466826586999815e-5
670,23,2.466763304553865e-5
670,24,2.4668279777984026e-5
670,27,2.4668300871333315e-5
670,29,2.4668297649910187e-5
670,2,2.466830529268549e-5
670,6,2.4668291093377093e-5
670,7,2.4668297920804605e-5
670,8,2.4668300050656455e-5
671,10,2.466830626879357e-5
671,12,1.8501224893441304e-5
671,14,2.4668286322082622e-5
671,17,2.4668294274832192e-5
671,18,2.4668301275454496e-5
671,21,2.466827051250675e-5
671,22,2.4668287226248253e-5
671,23,1.8501300003137544e-5
671,24,2.4668297780472415e-5
671,27,2.4668300510732877e-5
671,29,2.4668300786068187e-5
671,2,2.4668301935371062e-5
671,6,1.8501225578226865e-5
671,7,2.46683001146053e-5
671,8,2.466830133585063e-5
672,10,2.466832285019649e-5
672,12,2.4668298274299616e-5
672,14,2.46680363318319e-5
672,17,2.4668307347042173e-5
672,18,2.466829911007551e-5
672,21,2.4668656779525122e-5
672,22,2.4668255909077175e-5
672,23,2.466821848123857e-5
672,24,2.4668301280783567e-5
672,27,2.466830067238135e-5
672,29,2.466829924951952e-5
672,2,2.4668304428487886e-5
672,6,2.46682963158662e-5
672,7,1.8501224753997292e-5
672,8,2.4668297618823942e-5
