Time,Scenario,Dto,dfix_to,dflex_to
1,10,59.710962,53.739341098155606,5.930891353684979
1,12,54.5862926,49.1271868588125,5.44890277650529
1,14,51.070361500000004,45.96287880227062,5.097820632679905
1,17,60.199753,54.17927177327603,6.014029789723201
1,18,63.468266799999995,57.120899053743095,6.339150379229941
1,21,62.34314,56.10827038882683,6.218892048644581
1,22,63.5789882,57.22053206770241,6.345397604705008
1,23,59.1135659,53.20168029876453,5.8503788252323075
1,24,53.4938833,48.14403382482505,5.34118457517889
1,27,61.9129049,55.72109065898466,6.15221965342948
1,29,57.0991298,51.38870820643027,5.697465852942425
1,2,55.66605919999999,50.09892608244471,5.550281212443545
1,6,67.0900092,60.38040405132872,6.69376992941153
1,7,53.3822505,48.04350618872611,5.3210810166920695
1,8,52.539381799999994,47.28497635220244,5.242753667707809
2,10,67.6730952,60.90517841842885,6.749632828551258
2,12,61.572590000000005,55.4147789849957,6.144233082581228
2,14,59.1438356,53.228952227092186,5.908135100793403
2,17,81.4382834,73.29375570925359,8.062170947378725
2,18,73.6368669,66.2725393424483,7.294189394306748
2,21,57.898664700000005,52.10825750622521,5.771425371381501
2,22,81.9246997,73.73148903971638,8.173074755306315
2,23,66.1881515,59.56870723299718,6.548539914527639
2,24,70.29810140000001,63.26770244994442,7.02515232878385
2,27,55.09100300000001,49.58143023516459,5.4534283746162595
2,29,63.901805700000004,57.511050726827264,6.37611166218177
2,2,70.2089618,63.18732698001763,6.9932582667505
2,6,61.4775414,55.329185591643686,6.127097652950926
2,7,64.1928161,57.77290066962453,6.398113758714998
2,8,59.9071681,53.915943892284396,5.984041169816472
3,10,76.5652372,68.90799606135103,7.634443773954654
3,12,64.56668669999999,58.10947100908026,6.449886694913553
3,14,71.6515361,64.48576524284181,7.155003937869632
3,17,60.144932600000004,54.12992034355145,6.004978568851261
3,18,66.3432243,59.708336787969486,6.56784901188725
3,21,82.9270951,74.63361095793303,8.267235016368003
3,22,60.4509462,54.40526307515318,6.024143905789779
3,23,64.9816736,58.4829452816155,6.432682782387224
3,24,66.271881,59.64413540356737,6.585798651403408
3,27,76.9627759,69.26583886906498,7.619076307612925
3,29,83.3904061,75.05058921859988,8.317550529874854
3,2,57.3207656,51.588117109477714,5.71213669543928
3,6,71.600275,64.43963567384753,7.088330487400114
3,7,52.7151347,47.44306394082171,5.250337917723786
3,8,53.8481793,48.462896458206515,5.3761661979604405
4,10,56.4043198,50.76332993913212,5.620792389131782
4,12,83.0563938,74.75004268764162,8.296117910549398
4,14,52.9877056,47.6884784853947,5.290863190256319
4,17,83.266937,74.93952836185315,8.316093178148217
4,18,77.5445593,69.7894340309041,7.676362165518656
4,21,63.7917584,57.4119954958435,6.361142741790551
4,22,84.741783,76.26683196974601,8.453059155979338
4,23,72.275389,65.04716926936835,7.207987147241932
4,24,85.662745,77.09573661583474,8.555825758098997
4,27,56.8067977,51.12562920972965,5.655771066025864
4,29,69.7824881,62.8035898489192,6.95957318511491
4,2,75.26220409999999,67.73532418875845,7.513268978953575
4,6,88.904112,80.01288191724908,8.797120853304298
4,7,66.7967643,60.11648594864936,6.6649668255918755
4,8,71.383422,64.24446863290049,7.129538895151521
5,10,77.4714678,69.72360134066201,7.726311971016062
5,12,60.507571000000006,54.456289288301974,6.041080862680342
5,14,69.4930796,62.54317871469307,6.941645716586887
5,17,68.6733899,61.80546986617793,6.861063317380827
5,18,65.7489459,59.17348848284343,6.565626383311736
5,21,84.9058263,76.41444315323156,8.463996407724522
5,22,69.7043338,62.73328455547765,6.956014150051926
5,23,71.1988969,64.0784008251607,7.112309736003575
5,24,62.278794000000005,56.05037584476509,6.218364689832135
5,27,71.1395692,64.02501317365108,7.043307392246277
5,29,86.391096,77.75115331361008,8.613285057245573
5,2,60.9166882,54.82442461915037,6.071968640141408
5,6,72.5988867,65.33829090941653,7.205952400280833
5,7,86.0866986,77.47720640242966,8.583659960474089
5,8,55.7971821,50.216973433664464,5.568966948527736
6,10,57.572601899999995,51.81473948662441,5.733819814121318
6,12,82.6383289,74.373789981293,8.254972413255068
6,14,53.095454,47.785423843216876,5.297402195952788
6,17,67.9474843,61.15216413164901,6.789410822758866
6,18,72.1701664,64.95254285335815,7.212125906454631
6,21,63.899186799999995,57.5086706151428,6.369647021862692
6,22,55.84092149999999,50.25627977091951,5.524389007026178
6,23,68.4802841,61.63165286547814,6.835384233942746
6,24,84.58899840000001,76.12937585946773,8.449121608446108
6,27,59.995247299999996,53.99520454423054,5.973470446239319
6,29,61.174160300000004,55.05610118842348,6.093265933725061
6,2,79.9493479,71.95365448472528,7.972309143993778
6,6,90.1798132,81.1610074881069,8.995436525690803
6,7,70.7212847,63.64850157391712,7.053722153060215
6,8,83.0223256,74.7193836910809,8.249703957434546
7,10,86.1592002,77.54249466448911,8.594573701987828
7,12,60.784427799999996,54.70545802457297,6.068743788941987
7,14,84.1526283,75.73664449281313,8.405160042487376
7,17,74.969729,67.47211914589045,7.489646095093407
7,18,90.39639969999999,81.35598321507422,8.949056728408262
7,21,67.3894082,60.64987677694156,6.725502325380026
7,22,77.8110478,70.0292293641284,7.699356125895227
7,23,90.3364388,81.30200365881393,8.943070435785701
7,24,59.3852493,53.446205094938485,5.9276286874887765
7,27,87.20976449999999,78.48804254282587,8.64698776317324
7,29,82.9273223,74.63382746809299,8.272685481221272
7,2,62.2599019,56.033180188057486,6.195268230421061
7,6,71.3784854,64.23992958725582,7.112491195649367
7,7,82.2445223,74.01928081110785,8.19997695240353
7,8,61.216144699999994,55.093999612389446,6.111881514830054
8,10,59.6876554,53.718269371001675,5.944286662496391
8,12,82.5043364,74.25319788487229,8.241580605166229
8,14,57.97691940000001,52.17872145648163,5.788175969133761
8,17,87.7002135,78.92943592367696,8.759134645741117
8,18,80.994152,72.89405495754771,8.018649260383489
8,21,69.6841758,62.715139417925165,6.952972215410257
8,22,62.56865809999999,56.31118525221695,6.221314611196697
8,23,69.6395514,62.67497240336648,6.915784414192768
8,24,85.89959640000001,77.30890186983635,8.579787475811154
8,27,60.877997699999995,54.78966988110941,6.0260645330666245
8,29,65.68674709999999,59.11742741661859,6.547257021783134
8,2,61.7894956,55.60996163791298,6.16104450087905
8,6,88.3295108,79.49567333908786,8.73747505447936
8,7,72.5550516,65.29890412638227,7.24132139076474
8,8,85.8634939,77.27640979937145,8.576998492618863
9,10,86.6152527,77.95293315822448,8.570751102444987
9,12,60.918649800000004,54.826256668898175,6.082154948261038
9,14,85.7583515,77.18178043985638,8.566433404227991
9,17,66.50696889999999,59.855701370544764,6.642008479093706
9,18,83.5147109,75.16253457865015,8.268662476883476
9,21,80.0030429,72.0018695181033,7.962597253282975
9,22,90.1711653,81.15321867401288,8.972092703656426
9,23,89.3428115,80.40775413290912,8.844036550448571
9,24,60.7231081,54.65026951929968,6.062455547466949
9,27,86.6152527,77.95298700785999,8.574638892133358
9,29,84.6959155,76.22549333756679,8.44159027414238
9,2,67.33607219999999,60.60178513961641,6.709703012786861
9,6,81.867739,73.68023872534324,8.102323464248641
9,7,83.0805321,74.77170388042093,8.285510004349403
9,8,63.89206360000001,57.50230585581454,6.379773764219105
10,10,61.7761244,55.59788738718142,6.152525035530853
10,12,81.37218250000001,73.23426997703018,8.128698615254754
10,14,60.9215352,54.82885291736448,6.082615546124251
10,17,87.10703749999999,78.39558432248917,8.700293099854886
10,18,68.1036716,61.292719854423034,6.741817688262698
10,21,86.9922003,78.29217789763445,8.674320051686271
10,22,62.826032899999994,56.54282062915409,6.260439859771155
10,23,79.9110501,71.91926934471695,7.91166288907577
10,24,84.92710650000001,76.43367023885435,8.482912477153535
10,27,61.7761244,55.59797617160709,6.114915972798668
10,29,76.6338482,68.96955165122036,7.62518961635624
10,2,52.68115209999999,47.41248322375399,5.247012292730323
10,6,78.6160646,70.7537369798501,7.789166285856336
10,7,60.036333500000005,54.03211045428291,5.9837315579840125
10,8,76.8797094,69.19108930476635,7.682052200047651
11,10,88.9586553,80.06197110951865,8.87028255983284
11,12,60.319851400000005,54.287345543826504,6.022809311848469
11,14,86.2352822,77.6110139569115,8.612966126319892
11,17,60.7231081,54.650268813570996,6.062636516418456
11,18,73.2133331,65.89137990451674,7.248410110329839
11,21,60.5711105,54.51340845283124,6.035082006845619
11,22,87.6023103,78.84128586836155,8.718081913572501
11,23,89.65787200000001,80.69130398161421,8.874006333655773
11,24,60.8817177,54.793013779862875,6.077725730012612
11,27,88.9586553,80.06202818426291,8.806635089134751
11,29,66.7944323,60.114385991021344,6.664449319681389
11,2,65.0770674,58.568765807358155,6.490802546046787
11,6,80.0539658,72.0478723789378,7.924175523061132
11,7,65.5693897,59.01186594214524,6.54343586604959
11,8,86.1259719,77.51261827687121,8.598442958196227
12,10,62.6741874,56.406147623945884,6.2449067052283995
12,12,76.1794695,68.56086015982561,7.606410449585496
12,14,66.1162562,59.504063775772046,6.603117850734407
12,17,86.416132,77.77377797845882,8.631932534933043
12,18,78.8015664,70.9207315998527,7.846900775134827
12,21,84.58899840000001,76.12933956051107,8.43912094469896
12,22,59.5919356,53.63215094832664,5.925361418043045
12,23,74.53806870000001,67.08363246368162,7.379697481926077
12,24,86.0516526,77.44575010674998,8.594683729445288
12,27,62.6741874,56.406227449345096,6.204045260887534
12,29,59.4865439,53.53732872286221,5.931742312374915
12,2,82.6906613,74.42082548351783,8.231341685668045
12,6,69.31711320000001,62.38479433024782,6.860847378689186
12,7,66.27097090000001,59.643261077260036,6.6097910147692716
12,8,60.620011,54.55749139446655,6.053114170037547
13,10,87.2321592,78.50813951066563,8.698663819575389
13,12,79.255476,71.32922413460481,7.910499884260681
13,14,86.2847673,77.65554557196434,8.617870016763076
13,17,63.60615979999999,57.24499299565193,6.350444275736147
13,18,74.9272285,67.43387411604164,7.4862798865339775
13,21,59.3852493,53.446132509270534,5.915603928255028
13,22,85.7980142,77.21743824375048,8.493167549941253
13,23,84.5738476,76.1157419538991,8.373172360765933
13,24,69.5684018,62.61097337991973,6.887546759055711
13,27,86.6407737,77.9759556928253,8.577452976546784
13,29,71.2132527,64.0912932912119,7.107005782590281
13,2,65.925449,59.33228406788608,6.5733016522635035
13,6,79.7627756,71.78580055947043,7.895096054628452
13,7,82.3959708,74.15560463556646,8.217309640450084
13,8,69.34824689999999,62.41284105579956,6.866156766954064
14,10,67.5302117,60.776550904003166,6.732391096934587
14,12,60.395418899999996,54.355346845298236,6.028368481493116
14,14,59.192406600000005,53.272649471789165,5.909622918271231
14,17,79.6472521,71.6818490270493,7.885276605409249
14,18,85.3323424,76.7983753456716,8.497679647500227
14,21,85.89959640000001,77.30886315042017,8.569274383037252
14,22,59.17769510000001,53.259325218517425,5.85266016533525
14,23,80.510553,72.45880322785715,8.039767350798563
14,24,58.7838443,52.904953173580616,5.869017489208082
14,27,61.630016600000005,55.46648041409849,6.100475595378
14,29,85.22327200000001,76.70001333559874,8.486215075049182
14,2,83.6612445,75.29431154835541,8.339749441173897
14,6,78.1944196,70.37427940143338,7.7398645785271984
14,7,64.7095932,58.23787527794365,6.439555434438572
14,8,57.214136100000005,51.49220812750411,5.7065499673328635
15,10,86.010544,77.40867672050278,8.57334797058294
15,12,72.94693410000001,65.65162097893695,7.287285700957218
15,14,83.8161831,75.43384768807354,8.372575348080831
15,17,57.050165799999995,51.344632511414936,5.692326733944847
15,18,66.5280453,59.87466408712345,6.6237370751060105
15,21,60.7231081,54.6502049788367,6.050162182527188
15,22,86.2781707,77.64956135977022,7.014299424267504
15,23,92.9292456,83.63550117313555,9.26488044862347
15,24,81.4846064,73.33544362544754,8.137997646994371
15,27,83.2165351,74.89416121806467,8.237822951264933
15,29,70.5598288,63.50320049745965,7.0390356082322185
15,2,58.199609200000005,52.37904709921405,5.797725939823403
15,6,77.30950949999999,69.5778561441195,7.7118447802603365
15,7,73.5540199,66.19798626519643,7.345771783020847
15,8,81.7041713,73.53305709037087,8.160803213941897
16,10,60.3491279,54.31363079972634,6.013220499565876
16,12,73.1054353,65.79426570969373,7.30161953805606
16,14,63.922630000000005,57.529821173920126,6.384706454160289
16,17,69.8825386,62.89369746871712,6.9835751336847744
16,18,86.9015552,78.2106557382232,8.603255267978467
16,21,85.8989487,77.30827973227117,8.50069612712436
16,22,60.5271533,54.473838780916076,6.016950002594412
16,23,70.0534164,63.0474518999155,6.991206246999116
16,24,60.6220643,54.55933338222456,6.053040579221814
16,27,78.2565274,70.43019720376898,7.813668728612869
16,29,86.4626672,77.81545833086318,8.60974006630462
16,2,81.35878699999999,73.22215987768668,8.115067443987058
16,6,86.6772001,78.00866829761583,8.576102325036961
16,7,73.2180424,65.89556885887625,7.3045113609349475
16,8,58.404732800000005,52.563750264303216,5.829690392699977
17,10,76.5544889,68.89832266995451,7.633257606041053
17,12,87.9231188,79.13004855123904,8.781165215497564
17,14,79.5740655,71.61595401425143,7.943752089300934
17,17,86.26751569999999,77.64002658328864,8.617697372923319
17,18,68.8022796,61.921457558803226,6.81071945118535
17,21,61.933690500000004,55.73971869042141,6.170387958856879
17,22,87.3484208,78.61278353490782,8.712358863129792
17,23,88.5760269,79.71765484095984,8.844367688529317
17,24,86.26751569999999,77.64002698168962,8.6177189882239
17,27,63.1671256,56.84987121044312,6.3081678866337825
17,29,59.528760199999994,53.57527027702753,5.929933430893096
17,2,59.7198955,53.747276776586055,5.948127905005595
17,6,71.9410114,64.74628522374329,7.121026115520354
17,7,73.33220390000001,65.998340642619,7.3205786116397125
17,8,81.1643098,73.04718634541281,8.08324634086008
18,10,57.455321299999994,51.709222222384994,5.725050175826411
18,12,63.9362305,57.54205046870944,6.383078028650455
18,14,54.913398199999996,49.42158134996379,5.482548580760215
18,17,61.21108159999999,55.08943765929428,6.110685560103066
18,18,86.1845003,77.56531241626877,8.48097724489609
18,21,86.0516526,77.4457086148609,8.583119145801739
18,22,70.6283402,63.56488370487903,7.048664688726642
18,23,68.7097607,61.83816902706923,6.856440547949541
18,24,61.21108159999999,55.08943845808066,6.110832896211442
18,27,66.55602830000001,59.89986131380139,6.648754115373994
18,29,77.11443890000001,69.40232241344616,7.698452273871352
18,2,85.9228408,77.32976454532118,8.570926770987313
18,6,69.4437791,62.498791831189735,6.912797284499581
18,7,58.463691600000004,52.61671566129288,5.824074944982841
18,8,58.7773163,52.89907212093519,5.851445522200806
19,10,78.2301025,70.4063540635874,7.800024346246073
19,12,87.5454617,78.79016725269007,8.745411625377479
19,14,67.7936913,61.01374788825066,6.77296770560055
19,17,87.66245459999999,78.89545958073778,8.756375691875585
19,18,67.4076695,60.66632047792375,6.672660741021828
19,21,65.6059012,59.04471844305178,6.543260572223916
19,22,66.2834007,59.654481843929155,6.615163432349271
19,23,86.5245607,77.87135105919992,8.636696314980234
19,24,87.66245459999999,78.89545998196954,8.757135419573746
19,27,73.7739752,66.39592740673203,7.364405515493466
19,29,61.2157539,55.09355012822962,6.098780918429944
19,2,62.01798670000001,55.81555396490752,6.178650045366604
19,6,62.0396274,55.83500451343605,6.133388016232347
19,7,70.5275152,63.47412545940561,7.0369578804082416
19,8,82.5743754,74.31623239035022,8.223546954137898
20,10,59.08299890000001,53.174108926742605,5.887217794841678
20,12,63.743047399999995,57.36819019151135,6.364365631433725
20,14,87.9986607,79.19804054615302,8.790658436560753
20,17,61.512027,55.360285901702824,6.138470124627818
20,18,83.35844730000001,75.02188913128037,8.252419599435672
20,21,67.03466399999999,60.33059761127396,6.687551094333486
20,22,90.33623750000001,81.30179250421732,8.97151424710893
20,23,65.8908357,59.30117408100875,6.576777279379048
20,24,61.512027,55.36028672714088,6.140901422749032
20,27,68.2176766,61.395328628245515,6.793866088069255
20,29,82.5467082,74.2912735363126,8.2339929408391
20,2,82.593894,74.3336932803395,8.231348524198262
20,6,85.58323180000001,77.02412737304613,8.468473649524002
20,7,87.3619673,78.62496391059656,8.713313344398212
20,8,61.2157539,55.093647890557115,6.1110699749697535
21,10,86.3990897,77.75838896615807,8.617933013743706
21,12,84.618431,76.15586384597705,8.452563847644091
21,14,60.0807828,54.072180403509776,5.998387659371134
21,17,85.6760694,77.10772984412854,8.4667283960905
21,18,68.91656929999999,62.02432951032058,6.848455344890871
21,21,71.31786869999999,64.18545067910443,7.115624986503433
21,22,69.2576339,62.331225979376086,6.881712312337461
21,23,71.6454212,64.48027058983456,7.157209745148484
21,24,86.7038015,78.0326795415181,8.661048951556781
21,27,88.1483388,79.33274932781529,8.803918033403326
21,29,69.8028603,62.82194906115343,6.965563821565618
21,2,79.19889810000001,71.27822627461939,7.892947545535779
21,6,65.8806344,59.29189584881644,6.5143658082152625
21,7,65.5664937,59.00917524993895,6.484259520330724
21,8,83.0148393,74.71264518195336,8.291221223839802
22,10,60.0330397,54.02912626202807,5.980172221430917
22,12,63.8758736,57.4877349074658,6.378136634642068
22,14,88.0553599,79.24906933741553,8.7963254503746
22,17,60.9803325,54.8817651800616,6.035864058915862
22,18,66.4697893,59.82225112214689,6.605485769048728
22,21,87.2664082,78.53898151110533,8.636335135456
22,22,89.4387866,80.4939816698166,8.8718002370442
22,23,69.0697398,62.162162541995265,6.895086906622279
22,24,62.0114165,55.809735990269175,6.191375755353951
22,27,61.7602163,55.583661528366775,6.166785170830206
22,29,59.51071329999999,53.55905017156751,5.930722660394107
22,2,68.8515346,61.96576774608864,6.871085090594088
22,6,85.4329575,76.88888185101656,8.454567025706606
22,7,87.538873,78.78413972811094,8.65935486893776
22,8,62.946075199999996,56.650927845415715,6.286043277863744
23,10,82.64220610000001,74.37704170332151,8.22392986308628
23,12,83.6487939,75.28320063530647,8.356222129314006
23,14,61.821189600000004,55.638531539318,6.172285323825229
23,17,87.2208737,78.49803838393184,8.61139815714704
23,18,86.34416999999999,77.70901476473819,8.496551587632789
23,21,62.33030899999999,56.096671654294624,6.196390815532972
23,22,74.8504119,67.36469071658537,7.447550918520014
23,23,75.7742448,68.19617804220742,7.57073863408295
23,24,87.2208737,78.49803903611823,8.71240381477586
23,27,87.1503006,78.43452564886574,8.704830884054706
23,29,72.4100627,65.16840696250749,7.22560947755863
23,2,67.1997938,60.47916556068629,6.699225089012038
23,6,66.7405988,60.06585763720833,6.648995275618699
23,7,93.4236263,84.08020226661706,9.298547692128183
23,8,77.29446039999999,69.56435099236073,7.719910364062001
24,10,77.4207995,69.67802185009472,7.724114407630268
24,12,61.592077999999994,55.43233337275273,6.146260893666943
24,14,89.6872238,80.7177316845126,8.95910527371021
24,17,63.432053499999995,57.08829869588533,6.302302662774652
24,18,66.8015816,60.120844217256156,6.611341927946489
24,21,87.66245459999999,78.89542350444246,8.723851768376045
24,22,88.4614327,79.61448825843853,8.75402504302081
24,23,86.9754182,78.27711895154461,8.68516174269893
24,24,63.432053499999995,57.088299469566486,6.3338215139515235
24,27,63.5255894,57.17247982797979,6.341863368205526
24,29,88.20848289999999,79.38680084537101,8.496700562381974
24,2,70.4654419,63.41823862276796,7.027514793065099
24,6,86.0816602,77.47270507838091,8.586229260724714
24,7,76.29461640000001,68.66446688694495,7.6130052209245465
24,8,60.984292399999994,54.885341525335164,6.0903271430063075
25,10,89.4367276,80.4922369261025,8.921315449137172
25,12,83.7676291,75.39015033421794,8.2948219815032
25,14,64.0211598,57.61848837648196,6.392606919406848
25,17,85.0535489,76.54746588099492,8.442811822881463
25,18,86.1204835,77.50769884018477,8.474537119739075
25,21,61.512027,55.36021376615275,6.113527307656538
25,22,66.0064212,59.40514987620346,6.529166038168866
25,23,66.79061750000001,60.11096100686513,6.6663311933237885
25,24,85.7254809,77.15219839105524,8.562963814544624
25,27,89.4367276,80.49229019092844,8.887192985105536
25,29,65.5664937,59.00917835381708,6.5321934660925525
25,2,90.4179991,81.37536320315027,9.019124525947207
25,6,69.3280342,62.39456153080051,6.910823466393802
25,7,72.3057875,65.07444774873423,7.202230288888282
25,8,70.7577996,63.681419847351265,7.068845596085972
26,10,64.0034703,57.60247965223332,6.377200480471484
26,12,61.0829769,54.97415369744898,6.074780529738381
26,14,90.3488093,81.31315293852502,9.025228715584976
26,17,64.8238764,58.34094340395517,6.474301715922307
26,18,67.6716507,60.90389883476334,6.658665154487708
26,21,86.7038015,78.03264030483095,8.580121461814398
26,22,88.0366685,79.2321998848097,8.709692615320183
26,23,85.18291190000001,76.66388056342545,8.506451839651781
26,24,61.7282024,55.554842722868145,6.162298942367333
26,27,64.0034703,57.60256852402246,6.389619101596719
26,29,87.7206806,78.94780866613013,8.75136675783919
26,2,70.7090406,63.63746434729158,7.050388397953254
26,6,86.1513561,77.53541401305802,8.590800980568094
26,7,69.7769048,62.79852239243,6.954530925514114
26,8,87.3619673,78.62502385311458,8.68106428946659
27,10,88.68398549999999,79.81477072821974,8.845403406560074
27,12,78.6473759,70.78196312347441,7.814500129493434
27,14,65.25307959999999,58.72720559020763,6.515705287796361
27,17,76.0276817,68.42425948383669,7.592336203509229
27,18,86.4927701,77.84275266134729,8.56272149622672
27,21,62.0114165,55.80967061642287,6.132955577796635
27,22,73.6295154,66.26593788342831,7.259603331289489
27,23,64.47869899999999,58.03024994634755,6.434703119796699
27,24,68.81943700000001,61.93689823031598,6.871290974353448
27,27,87.2042855,78.48311244879798,8.710474355648138
27,29,68.4947486,61.644612806463044,6.828525583738706
27,2,91.20457830000001,82.08325679718267,9.094796566992672
27,6,73.48456490000001,66.13546691241895,7.335004140936481
27,7,75.5531697,67.99717342125129,7.539311056769526
27,8,65.5664937,59.00927611999632,6.513811909325905
28,10,65.1500441,58.63439735603649,6.492154106050095
28,12,61.1627232,55.04592763406033,6.107292488653107
28,14,87.8307272,79.04690281650221,8.77415708552161
28,17,60.7112549,54.63960351324849,6.061312192118007
28,18,68.14446269999999,61.329428013243586,6.745668635694854
28,21,85.6474079,77.08189852037025,8.475896036767969
28,22,92.41454850000001,83.1722574059673,9.108405692147052
28,23,83.7856642,75.40636781469166,8.36643105560363
28,24,78.2061842,70.38488060104973,7.807929395574719
28,27,62.2259588,56.002820622886155,6.2114583450106515
28,29,80.5491624,72.49349951441287,8.03448462699787
28,2,74.5479137,67.09242292593729,7.433274908762259
28,6,75.0715634,67.56357734461474,7.442750580689879
28,7,77.9079959,70.1164757437714,7.771360174028306
28,8,87.7206806,78.94786351700763,8.668946685207912
29,10,87.28359999999999,78.55444481237753,8.706930947886567
29,12,75.8768678,68.28850583597489,7.5722234224727725
29,14,61.8938809,55.70395308338511,6.179548564529045
29,17,86.7724918,78.09450072388725,8.667338155156498
29,18,80.1206315,72.10789230694175,7.884521211218842
29,21,60.63178,54.56799883679723,6.015982645070155
29,22,65.1375299,58.623126094602505,6.485598709369877
29,23,68.56729940000001,61.70998486836059,6.849058249459225
29,24,64.6807159,58.21209999907662,6.462537238585628
29,27,87.28359999999999,78.55449477299737,8.692867936014396
29,29,57.785650700000005,52.006390405540415,5.748948673918629
29,2,84.3877904,75.94826562064357,8.423043769610066
29,6,72.2550728,65.02888504022657,7.201002700575356
29,7,66.2397912,59.6152184895751,6.60989960186203
29,8,61.2029559,55.082126720257754,6.057965020277282
30,10,63.455600000000004,57.109421368311494,6.323855872030415
30,12,68.14206779999999,61.32728064965681,6.805645333972866
30,14,73.34469569999999,66.00960444670794,7.3279293719055385
30,17,62.5615709,56.30486639992496,6.245242778066745
30,18,67.8102094,61.02860987489691,6.713064305088386
30,21,85.0535489,76.54742732242832,8.436205348365544
30,22,89.36519349999999,80.42786932737937,8.910547484318624
30,23,64.902018,58.411250663389005,6.479918836707155
30,24,87.760616,78.98380349236035,8.766660935018574
30,27,68.7946015,61.91456212987972,6.852148606386779
30,29,83.37079560000001,75.03294960009698,8.31635326129878
30,2,91.2221056,82.09899443685379,9.089136721361038
30,6,59.457455,53.511072364613,5.906660687324991
30,7,65.3098119,58.7782451266089,6.51700740587723
30,8,84.87662639999999,76.38823924536433,8.402854209781513
31,10,80.65237739999999,72.58638666363406,8.007963123995847
31,12,83.9601287,75.5633984177233,8.385963883210554
31,14,83.8210567,75.43822901562065,8.372104423068823
31,17,88.5544576,79.69825367077314,8.84512137536033
31,18,73.9300626,66.53643670140468,7.275463325957031
31,21,68.9090325,62.017521749501924,6.858437019849339
31,22,64.72691999999999,58.25359296025593,6.448972509359561
31,23,76.2908712,68.66108164454157,7.61149364628915
31,24,63.60479959999999,57.243767060241424,6.3504450471902825
31,27,81.5620295,73.4051261850837,8.074379573472672
31,29,60.5630794,54.50613363740768,6.032274201969875
31,2,66.3953043,59.755086962881116,6.611623608728831
31,6,76.446056,68.80071897499842,7.562429240073704
31,7,79.8277583,71.84428529105799,7.9698834119249025
31,8,58.931625200000006,53.037948646973994,5.833113488661318
32,10,68.811216,61.92948964682979,6.865469077359739
32,12,62.0568598,55.85063585934183,6.195034200021621
32,14,62.5372653,56.28299610159112,6.244327622139286
32,17,62.642508500000005,56.37771264508312,6.253797789198442
32,18,76.9141233,69.22206522793167,7.569061539817504
32,21,64.6807159,58.2120821698238,6.40227972018589
32,22,88.685027,79.81572176133162,8.846555029427462
32,23,60.8965795,54.80636781777035,6.075367520250058
32,24,89.1043413,80.19314365503288,8.899742294780404
32,27,63.0690612,56.761610594550554,6.279682061723436
32,29,85.1776861,76.65911986652603,8.495053667096329
32,2,89.957695,80.96099006724069,8.917520313607444
32,6,66.4286822,59.785176637165044,6.58053703715302
32,7,67.11444519999999,60.402357131125214,6.691497997834956
32,8,83.37079560000001,75.03300448989324,8.25376316575047
33,10,84.8910418,76.4011953808119,8.471503388370856
33,12,86.72533100000001,78.05205667668648,8.661944222412814
33,14,93.0527853,83.74670805734286,9.295388344438457
33,17,86.8696169,78.18191154753858,8.676777346759378
33,18,71.5551628,64.39904440684477,7.111081605670025
33,21,87.760616,78.98376426814517,8.68502136210078
33,22,73.4623906,66.11547590928494,7.325757466567807
33,23,82.0674571,73.85994626201213,8.18649312529611
33,24,64.4638662,58.016922005622575,6.436072616993112
33,27,92.1093604,82.89763574630969,9.173352222531626
33,29,62.625114,56.36199913863698,6.243033860813404
33,2,93.5435304,84.18821213620247,9.318516561231105
33,6,85.3627895,76.82571018451146,8.45709383014788
33,7,84.5371348,76.08261226903635,8.428427613333875
33,8,60.5630794,54.506243455024084,6.014223420541726
34,10,92.0965087,82.88594037646362,9.176985878747665
34,12,71.32216249999999,64.18933553896093,7.1224796606547
34,14,67.4625658,60.71572414703966,6.736486725944811
34,17,62.2430832,56.01823331712181,6.214508462675438
34,18,88.4664791,79.61907476772957,8.758263140837741
34,21,63.60479959999999,57.24370182488146,6.299538896377776
34,22,90.82990629999999,81.74605590724616,9.054735860933148
34,23,81.3076965,73.1762341927985,8.12288510351027
34,24,87.39200969999999,78.65205995982556,8.728672840645848
34,27,68.5919347,61.73214926974814,6.849428132878001
34,29,75.0293578,67.52570482527118,7.4809493865332355
34,2,76.0443215,68.4392140233883,7.588840754213336
34,6,67.2787546,60.550217414936604,6.654369471661493
34,7,62.290767800000005,56.0610634647951,6.206498214220302
34,8,84.1487074,75.7331175221809,8.315752315786202
35,10,65.1166913,58.60435497999737,6.486226558515259
35,12,88.6887004,79.81906538959099,8.856228402184943
35,14,91.55409300000001,82.39788536015782,9.142314199410965
35,17,87.67369240000001,78.90557257480408,8.757136145929216
35,18,69.7248578,62.75176768622258,6.901945888396115
35,21,88.7621156,79.88509186597798,8.783146824559465
35,22,64.9757156,58.47751657738795,6.475801046447542
35,23,71.4941307,64.34404355371488,7.130875908543492
35,24,63.9743867,57.57639467660314,6.387794287612753
35,27,93.0022675,83.70124547621495,9.289635941832959
35,29,57.556546600000004,51.80032516653391,5.736323110439138
35,2,62.383431300000005,56.14448072496774,6.217550352129318
35,6,82.8953778,74.60497620345765,8.197249307718879
35,7,82.9196288,74.62690181770063,8.234134216417344
35,8,65.4861989,58.93703070216481,6.471992619345617
36,10,92.7951645,83.51480119585972,9.25627907432096
36,12,65.9540774,59.358095279640246,6.5818928826210685
36,14,81.87738949999999,73.68895956199749,8.182500042437724
36,17,63.37486020000001,57.03682287309511,6.3275939608630525
36,18,85.9507243,77.35489645907005,8.557124250003364
36,21,87.7238257,78.95044017192993,8.707794299289008
36,22,86.0047435,77.40349332177436,8.579563570933486
36,23,65.2759918,58.74777207477241,6.509881457530914
36,24,85.2179718,76.69543293721375,8.508497891667947
36,27,66.2810075,59.65233240213322,6.618014131091374
36,29,73.7405192,66.36576114973778,7.3515949294267005
36,2,82.2708128,74.04295897680231,8.139788005874351
36,6,87.7716337,78.9936079499533,8.74732264673252
36,7,63.1157222,56.803503098572925,6.287904193859427
36,8,84.4436257,75.9985404680533,8.344838378289124
37,10,66.4311561,59.78737584827446,6.617037994018275
37,12,75.3275901,67.79416063368649,7.517348048254444
37,14,92.3166581,83.08419323427722,9.220165510611562
37,17,88.111808,79.29987177931709,8.800619382323342
37,18,90.14570979999999,81.13035601768182,9.000918349712022
37,21,62.642508500000005,56.377648823527686,6.242024249241518
37,22,61.030732099999994,54.92705568834541,6.080236223383663
37,23,84.81679840000001,76.33435170570885,8.42437866218566
37,24,92.1279753,82.91436754572659,9.19679789530681
37,27,92.7951645,83.51485422996676,9.042874617245072
37,29,59.7590464,53.78253796584831,5.9545220060994914
37,2,63.4894461,57.139839326930904,6.309391910937291
37,6,70.8180351,63.73556358451079,7.061204384359645
37,7,72.067339,64.85998567857321,7.196948943847925
37,8,63.6238914,57.260952976000155,6.298009308714452
38,10,89.9647413,80.96738483700297,8.898382039186327
38,12,85.1715152,76.65363373268971,8.506375377712752
38,14,61.2447253,55.11971863226977,6.114685889097006
38,17,69.42383439999999,62.4808634555352,6.936074582600161
38,18,71.18848129999999,64.06901874620112,7.108066153628016
38,21,85.5248923,76.97160608458444,8.526759840620452
38,22,71.2899512,64.16032790270722,7.114006700892554
38,23,88.98791419999999,80.08827866510052,8.875628763367837
38,24,65.0967502,58.58651215988934,6.499329712860554
38,27,66.4311561,59.78746437604318,6.499030883900378
38,29,79.7887211,71.80915337659492,7.966136253182329
38,2,91.19668180000001,82.07617577546219,9.074508092826624
38,6,81.2941795,73.16401760192075,8.08434747997865
38,7,62.3686697,56.13117458519854,6.214989669156819
38,8,86.2206967,77.59789005015435,8.520404861955571
39,10,93.3628064,84.0255972904031,9.300984598848757
39,12,63.526036100000006,57.17287903065352,6.341241673024673
39,14,79.21318600000001,71.29119285231401,7.913734542431286
39,17,58.014680799999994,52.212713765065736,5.793259438931058
39,18,87.7541908,78.97801938560511,8.739279888633021
39,21,71.9987914,64.79825452389188,7.179829870498188
39,22,72.1930867,64.97313408308075,7.202408519862073
39,23,78.4061112,70.56482863752,7.831770196230049
39,24,88.111808,79.29987223302048,8.800593214437994
39,27,91.550505,82.39467139005312,8.92079767766583
39,29,71.7907266,64.61102486906044,7.166584024266305
39,2,67.7441628,60.969062662801136,6.733920478530366
39,6,79.65252430000001,71.68655712960155,7.927363756732163
39,7,80.495992,72.44570357618565,8.040055106018313
39,8,61.928535100000005,55.735144566850344,6.119151134832486
40,10,67.0970417,60.38666725400855,6.6852286317072505
40,12,85.0984344,76.5878568966367,8.495808603290264
40,14,64.6932242,58.223340548646654,6.459745337027027
40,17,79.9015132,71.91067448936255,7.980439574648265
40,18,73.2202831,65.89762457219801,7.248264477206735
40,21,87.67369240000001,78.90553377855728,8.676485542290855
40,22,90.1195085,81.10673837149793,8.966586292505996
40,23,72.16183459999999,64.94502309961221,7.205323620890804
40,24,69.3637296,62.426769545747845,6.929949514076806
40,27,67.0970417,60.386755914728425,6.641704244683795
40,29,84.89091429999999,76.40102077118598,8.46566648279638
40,2,91.6862714,82.51680168916187,9.069557013480797
40,6,74.4494322,67.00379974472987,7.402504676385528
40,7,82.5544457,74.29826353991592,8.238958391404038
40,8,81.99487429999999,73.79468713707082,8.102964485501284
41,10,91.0518245,81.94581022213356,9.082517357086887
41,12,74.16232529999999,66.74546655172917,7.409216640297726
41,14,64.95159000000001,58.4558853644618,6.490374764612457
41,17,59.9952904,53.9952391490123,5.989904764303852
41,18,84.7095799,76.23790076039943,8.386512945601948
41,21,63.37486020000001,57.03675820371796,6.26789288843533
41,22,65.4156656,58.8734668692229,6.468969052386133
41,23,84.55235,76.09636733596004,8.440863922432351
41,24,59.003270799999996,53.10243817406369,5.892185432233334
41,27,91.0518245,81.94586341663417,9.013692751045037
41,29,62.3642538,56.12719015018025,6.213413349146263
41,2,67.3557321,60.6194776999743,6.660993286913739
41,6,84.6496759,76.18387281506286,8.435734359164927
41,7,81.2155912,73.09332368879654,8.10770563637954
41,8,59.71547940000001,53.74341066033144,5.910607255434261
42,10,69.6013241,62.64059394624304,6.949490097731569
42,12,61.7273755,55.55407432347289,6.157373848949462
42,14,81.72645589999999,73.55311022633941,8.163784564473165
42,17,88.1212647,79.30838379028337,8.801832933231845
42,18,72.4583476,65.21187863288681,7.2336668463290215
42,21,88.111808,79.29981234912084,6.231299941890769
42,22,89.6871633,80.717638869133,8.873744380417005
42,23,69.3255564,62.39237447967498,6.918047145423503
42,24,75.57225869999999,68.01439384148411,7.550835331124597
42,27,63.1778851,56.85955291279807,6.253971078202467
42,29,82.13995109999999,73.92513238298517,8.185635449163875
42,2,91.70390569999999,82.5326724775385,9.074379324198235
42,6,68.1354692,61.32130182675797,6.797042757795729
42,7,70.4540576,63.40803095239744,7.031540467252812
42,8,82.9196288,74.6269582238274,8.194305349402503
43,10,87.9834338,79.18428496123435,8.77375562618757
43,12,69.60757029999999,62.64622573516876,6.9171638989989095
43,14,56.7253068,51.05228089206358,5.663120430226268
43,17,61.908429600000005,55.71704795783735,6.181054252474765
43,18,83.58597089999999,75.22666115871368,8.34998409750383
43,21,65.7235684,59.15064307216279,6.505498670061861
43,22,64.4496053,58.00399895134351,6.373117510045328
43,23,69.4288208,62.48534796635062,6.935520749864298
43,24,89.85703430000001,80.87054538338303,8.97205733670654
43,27,80.4580251,72.41153281873949,7.839713464563502
43,29,70.5307146,63.47702572013946,7.040051172082461
43,2,67.4651519,60.71795570014463,6.721702319742983
43,6,73.3544002,66.01823593471201,7.310634851038728
43,7,83.4812686,75.1324138408412,8.334066128477227
43,8,61.340339099999994,55.20577035610178,6.060764070924861
44,10,63.104067500000006,56.793024859578914,6.286841580424854
44,12,83.72496980000001,75.35175358334509,7.014736640358423
44,14,85.2631536,76.73610659198356,8.516938921013605
44,17,87.6749879,78.90673851363881,8.757269313417725
44,18,66.53728890000001,59.882976783871996,6.642216645376769
44,21,79.9015132,71.91062596802857,7.9055140412912195
44,22,90.04241090000001,81.03735496712866,8.907846258083088
44,23,77.75894129999999,69.98236152517013,7.762759453956231
44,24,61.908429600000005,55.71704866700656,6.181086708272709
44,27,60.0821289,54.07339899829215,5.9474783549354395
44,29,67.7910041,61.01129901068476,6.764999628831841
44,2,90.37764109999999,81.33904620553403,8.992986326694503
44,6,71.5403724,64.38570589750772,7.140733743340512
44,7,73.1994055,65.87875297198639,7.2639690163682085
44,8,83.76220450000001,75.38526725230616,8.277407817266882
45,10,88.78045490000001,79.90159714541352,8.8557509554858
45,12,73.1968026,65.87650923203068,6.132585251314773
45,14,58.2082981,52.38696268415586,5.761985540197935
45,17,62.65956499999999,56.393063350859606,6.25612291178011
45,18,78.25985039999999,70.43319482259628,7.815838088322299
45,21,59.9952904,53.995175273238274,5.976938639899404
45,22,61.778280699999996,55.59984204334118,6.109516492469112
45,23,64.3188604,57.88638425240697,6.4169996401213565
45,24,87.6749879,78.90673893997204,8.758109581968606
45,27,72.0279395,64.8245359160533,7.131190579895094
45,29,86.1423113,77.52722209884666,8.58513354646403
45,2,67.9211013,61.12830621722206,6.767146731732559
45,6,89.2188017,80.29600474712672,8.88750720138312
45,7,93.60377170000001,84.24252211410528,9.262112610261061
45,8,62.23241470000001,56.00863936864339,6.160481375436409
46,10,61.832696,55.64880147100098,6.160533207083461
46,12,63.49751259999999,57.14722714465061,5.953174857165962
46,14,83.58242609999999,75.22346614638094,8.274319117784808
46,17,88.8311621,79.94728533698755,8.872767723120605
46,18,65.8968347,59.30658713160367,6.580443811796932
46,21,88.1212647,79.30834547527448,8.790395334461644
46,22,88.3245683,79.49131143207303,8.738671313187291
46,23,81.11271450000001,73.00075413170829,8.104098230319176
46,24,62.65956499999999,56.39306406008866,6.256139152179646
46,27,89.6266677,80.66323113665278,8.873051632571402
46,29,85.0007232,76.49981770892552,8.47292595384591
46,2,91.6026958,82.44157931199169,9.064355884482264
46,6,92.3397756,83.1048189954388,9.129730727787488
46,7,73.54615100000001,66.19082056474586,7.275170781269168
46,8,73.6871779,66.3178104323201,7.293428174351361
47,10,88.0431291,79.23801440767915,8.780340800537868
47,12,81.1928614,73.07287898663952,6.802441148580756
47,14,60.41441400000001,54.37244810834747,6.015123888247358
47,17,64.01113389999999,57.60946371221036,6.3903404586847925
47,18,79.3740976,71.43600294213208,7.925948427161162
47,21,61.908429600000005,55.716984133429236,6.168738869508625
47,22,60.780730000000005,54.7020549645172,6.010281059329937
47,23,70.9390151,63.84449209430142,7.082356670430294
47,24,89.3815178,80.44260012442103,8.928354539473037
47,27,64.8958549,58.40570907912441,6.424090083240998
47,29,79.59570889999999,71.63544541458907,7.947130323513942
47,2,66.5261464,59.87288782920284,6.580667721793986
47,6,72.3253632,65.09213091776195,7.154370301798778
47,7,92.1980488,82.97738332205445,9.099774916485945
47,8,68.3882564,61.54885593713518,6.770920138706124
48,10,63.425605600000004,57.082392388873416,6.31734577449677
48,12,60.745996700000006,54.67086588314937,5.089327436201282
48,14,85.00557140000001,76.50428467084689,8.41548766719693
48,17,89.8483364,80.86273331710188,8.895149600043558
48,18,71.0539209,63.94792031556096,7.096510705427698
48,21,86.6379287,77.97335918962375,8.6438134472788
48,22,84.6646567,76.19741828929398,8.375214663259577
48,23,87.0961714,78.38576804841382,8.692233420363511
48,24,65.7226388,59.149806518558705,6.5627032025173895
48,27,87.6751481,78.90688461443972,8.679966921960911
48,29,92.65788470000001,83.39110074805355,9.228001756445652
48,2,74.3347644,66.90060345280038,7.3659567657575415
48,6,81.1981182,73.07758408860644,8.03636846150532
48,7,71.5158756,64.36359036973202,7.092649872178396
48,8,86.1244087,77.5112225324321,8.525537584734009
49,10,91.37862100000001,82.23992426070608,9.115168145301007
49,12,82.61943600000001,74.35678486173481,6.921644562873097
49,14,73.56859209999999,66.21110954872124,7.283552295498711
49,17,67.3126832,60.58083401972921,6.673320877546967
49,18,89.2351554,80.31087350817477,8.91299588722954
49,21,61.6067556,55.44546905282961,6.137321557418717
49,22,66.7414508,60.066735062084994,6.606981324957824
49,23,75.00420559999999,67.5031368426568,7.49026941086698
49,24,89.8483364,80.86273387833981,8.975317044233153
49,27,64.9014057,58.41070474996019,6.424624342805068
49,29,68.3169929,61.48460408662297,6.807573452036812
49,2,66.3811834,59.74247530797885,6.5696682438263
49,6,87.53290989999999,78.77881663287039,8.66102556747601
49,7,90.61887159999999,81.55606463819568,8.985659354380976
49,8,76.098383,68.48789649357852,7.520232563817827
50,10,66.12958289999999,59.5159626629869,6.58866105442465
50,12,63.7413075,57.366622546909575,5.34038991835082
50,14,55.090632799999995,49.58109073863027,5.4531343646667825
50,17,90.4486079,81.40296874123014,8.954297260207976
50,18,69.52045890000001,62.56781065703034,6.941630905675715
50,21,85.2424231,76.71742170579768,8.5055506767161
50,22,85.9514588,77.35553710849275,8.515619305306153
50,23,85.42603749999999,76.88267856342019,8.52815358210709
50,24,63.9336237,57.539705920475114,6.38344194033289
50,27,90.12145620000001,81.10853785177657,8.921997952445096
50,29,90.72360900000001,81.65040272886567,9.048972619764074
50,2,88.3343115,79.50006153242803,8.740291935021142
50,6,81.4312348,73.28738518057669,8.059320229216917
50,7,74.7731985,67.29522691871527,7.4226303812155106
50,8,88.9286959,80.0350502622614,8.787122059627768
51,10,90.2360273,81.21159496573574,9.00022005437757
51,12,84.4536791,76.00758432581797,7.075652445587138
51,14,74.5201769,67.06751989480041,7.3773047977267145
51,17,63.0894164,56.77993338632971,6.245529592562164
51,18,86.68049740000001,78.01170674653119,8.658757720569524
51,21,73.749986,66.37429905414777,7.352937069906422
51,22,62.44967259999999,56.204076846537134,6.176056409211939
51,23,63.691693900000004,57.321952132141874,6.356085355940633
51,24,85.1975687,76.67704320614175,8.502346993727116
51,27,68.1845846,61.365539377537395,6.749816885749128
51,29,82.0151939,73.8129441574271,8.185434587594752
51,2,76.0165095,68.41418153503373,7.523421417415746
51,6,78.8214229,70.93857029995743,7.800224763205944
51,7,77.1763474,69.45788337731618,7.685183460628295
51,8,76.93906630000001,69.24450260365825,7.603201120645331
52,10,71.2756666,64.1474880611608,7.1120439013787635
52,12,66.15447169999999,59.538454101202966,6.201828436249742
52,14,63.3172887,56.98502645248045,6.26871270411703
52,17,69.0721538,62.16435510092669,6.838467056120212
52,18,69.31269180000001,62.38082205593589,6.9208828154365065
52,21,91.0679222,81.96028528232951,9.081033421350947
52,22,87.7388815,78.96420258798152,8.752689123232518
52,23,80.3480717,72.31256600992492,8.023327578178456
52,24,90.9629921,81.86590707527039,9.03826600646238
52,27,91.0842362,81.97501291787474,9.015873121252618
52,29,68.8342868,61.95019425887229,6.8623500320409825
52,2,70.85289329999999,63.766979224065494,7.012681287195956
52,6,74.2062542,66.78494589444747,7.383079170964124
52,7,71.6716022,64.50377914755683,7.148213784546729
52,8,87.1413627,78.42646952067787,8.626115825757541
53,10,91.7424389,82.5673614220422,9.152141202894333
53,12,85.36808289999999,76.8305398732619,7.152266281310245
53,14,83.77005480000001,75.39233036435166,8.29308726061981
53,17,67.0096843,60.30814399423478,6.633883404177059
53,18,85.02102409999999,76.51818301433433,8.489725189116287
53,21,63.9336237,57.53964138868971,6.370909250977127
53,22,77.44336419999999,69.69834775084207,7.70852168491349
53,23,61.1927949,55.07297239287669,6.1076637222321795
53,24,70.3031487,63.272239008177365,7.023727445706567
53,27,79.5816497,71.62280775012671,7.878559062012342
53,29,84.0705035,75.66266506461744,8.384626553526385
53,2,77.5758692,69.81760573863492,7.678915888147394
53,6,75.90569980000001,68.31443622282625,7.571211596322453
53,7,87.1261956,78.41270715616908,8.683442133113909
53,8,78.3250916,70.49191439718317,7.795272435023361
54,10,65.9093579,59.31774810112074,6.565428659535342
54,12,62.9233755,56.63048805965059,5.2717811482198185
54,14,60.2950681,54.26503783240758,6.003240045914628
54,17,85.79241549999999,77.2124403609141,8.493533783361746
54,18,86.7965953,78.11618180142536,8.666312562566523
54,21,89.3157283,80.38334865175283,8.909932980708817
54,22,77.3950319,69.65484921335072,7.724063552805297
54,23,71.5748267,64.41669838769577,7.142768694370168
54,24,64.7827607,58.3039394412357,6.472960846240918
54,27,90.2066326,81.18516421664832,6.267993386304825
54,29,71.0727229,63.96482685998388,7.094672747851914
54,2,65.47826450000001,58.929836960321154,6.531492442016912
54,6,63.225981600000004,56.902714448218084,6.296567794403586
54,7,79.8240905,71.84097774252159,7.967312526375046
54,8,90.40816910000001,81.36657917044094,8.934784080461815
55,10,91.4395365,82.29475188197898,9.12202667257348
55,12,83.027925,74.72441925990984,6.956212746552575
55,14,84.0113428,75.60948866772006,8.342749800964604
55,17,65.2080927,58.68671860456216,6.454839351313932
55,18,68.99082560000001,62.09114237831857,6.888128678444332
55,21,67.6875522,60.91819346867039,6.753169445515892
55,22,82.5221968,74.2691888839737,8.225467621136673
55,23,77.9882003,70.1886308640209,7.7771871680270666
55,24,86.8057521,78.12443420381265,8.671259300175995
55,27,72.92400409999999,65.63099044371866,5.067112597767439
55,29,88.3833077,79.54401822047505,8.801256559173655
55,2,65.0573182,58.550978326079694,6.4880504526961
55,6,77.6781109,69.90962963092828,7.75649122346807
55,7,65.0896064,58.57999416711927,6.485851825337714
55,8,69.4649067,62.517814170854315,6.876172217877283
56,10,64.92791559999999,58.43445849895845,6.4680690299715815
56,12,62.82352169999999,56.540630501126124,6.218973220801589
56,14,60.327713100000004,54.29441544473263,6.006198903394743
56,17,88.1930965,79.37302789158956,8.730820292412918
56,18,87.5936445,78.8335312745772,8.75001700042379
56,21,64.995002,58.494911494949775,6.482278884036738
56,22,73.8812731,66.49250231620525,7.354543432320299
56,23,59.105530900000005,53.19445570279738,5.899587777285591
56,24,62.207458800000005,55.98617237233455,6.21096571473838
56,27,91.7424389,75.44500760086177,0.009036005739304192
56,29,82.2892043,74.05950405653839,8.202706682112852
56,2,76.35058930000001,68.71480960580092,7.613770959000092
56,6,85.80074909999999,77.21978686837453,8.547084623294685
56,7,85.02221610000001,76.51918964646552,8.477606962464739
56,8,88.6677168,79.80018707554055,8.76237442358958
57,10,90.3571268,81.32059247168185,9.013950987333148
57,12,77.2135237,69.49149114076955,7.64250488427924
57,14,84.71611,76.24377406059747,8.412856155815668
57,17,63.8673192,57.480034137037784,6.359191854057617
57,18,72.31082260000001,65.07911970036382,7.221767542987745
57,21,75.12962250000001,67.61597118802237,7.492611423613132
57,22,59.700739000000006,53.730082187980855,5.904398023999557
57,23,70.4986074,63.448138391026944,7.040299784184906
57,24,87.2230945,78.50003773729114,8.712667636158208
57,27,65.9093579,59.317742321543065,1.368961486291393
57,29,65.6306988,59.066866104501,6.53074477670491
57,2,58.543557,52.688597159809476,5.832087904875267
57,6,78.2485388,70.42297445140771,7.806320820305621
57,7,65.3628623,58.82593213946118,6.514077484063304
57,8,67.6796143,60.911070512486944,6.687837636825741
58,10,64.8168992,58.33454469473654,6.456989775708119
58,12,67.2596825,60.533142788463586,6.658657690784069
58,14,58.57783439999999,52.71953641540387,5.8315077295340325
58,17,87.89754330000001,79.1070364565132,8.779472345265443
58,18,83.7720706,75.39414265906018,8.36665827520415
58,21,58.3392948,52.50479353783136,5.8123713957663075
58,22,82.3780379,74.13947059053608,8.14903711976547
58,23,74.07751900000001,66.66909990273905,7.392530204129993
58,24,66.6821016,60.013318392148896,6.659265675525091
58,27,91.4395365,81.89081010834495,0.009100646559852267
58,29,89.04450609999999,80.13923568602056,8.881921452982326
58,2,83.7396456,75.36490765270564,8.352193528172071
58,6,85.6736424,77.10539193338899,8.534472697158352
58,7,81.32598250000001,73.19256529925008,8.104339541848773
58,8,84.94318990000001,76.44813996102111,8.409009855237914
59,10,90.192277,81.17216620588292,8.988939680514942
59,12,77.5185346,69.76601554471677,7.6456571462639475
59,14,83.9453919,75.5501333732753,8.31056941451773
59,17,62.225162999999995,56.00210529033918,6.212717789532718
59,18,67.651264,60.88555133801958,6.754744648176098
59,21,86.8057521,78.12439546463442,8.659118710467048
59,22,63.0882335,56.778798601870136,6.27211907667529
59,23,87.9987302,79.19807984322999,8.785192652314526
59,24,88.9962402,80.09585230534977,8.835383953982799
59,27,64.92791559999999,58.434548408948686,4.5114601226342534
59,29,70.2450973,63.21988141919075,6.999221363175043
59,2,62.5865333,56.32724098979717,6.234853182569678
59,6,78.02609430000001,70.22277302285073,7.783320527863262
59,7,75.5970915,68.03671385352634,7.545625623631043
59,8,73.2054374,65.88427466515503,7.314171319620779
60,10,78.60007540000001,70.73938575950797,7.847126554581077
60,12,66.7017627,60.0310140745562,6.627040693317492
60,14,57.9956429,52.19557228965959,5.761676267982219
60,17,84.4739073,76.02577118154638,8.432240586385868
60,18,73.2202734,65.8976210248862,7.31256132536878
60,21,62.207458800000005,55.98610784005881,6.198600292609597
60,22,91.2379972,82.11337296105233,9.101510138809525
60,23,66.40089300000001,59.76020799678161,6.626722955150504
60,24,62.225162999999995,56.002105865646634,6.181929315400736
60,27,90.3571268,81.32063604747866,5.778078360604277
60,29,91.3244094,82.19106574967805,9.101700750335313
60,2,86.6733701,78.0052344417821,8.645123795850383
60,6,87.1593393,78.4425302794318,8.684376027554775
60,7,58.832249700000006,52.94843705845742,5.862963657549414
60,8,67.5223079,60.769496327949135,6.742964054727709
61,10,79.6580256,71.6914127176929,7.93630367086721
61,12,87.9010927,79.11020450913139,8.738722922288062
61,14,80.6478486,72.58237281248776,7.984744295081726
61,17,89.618397,80.65577980819623,8.87154739424537
61,18,62.9926907,56.69288253202881,6.2902604752310625
61,21,86.732301,78.0582901237498,8.65263218961814
61,22,67.0913274,60.381539294409514,6.685805079564906
61,23,81.3429704,73.20798194851483,8.126930674198306
61,24,86.5486652,77.89305907252293,8.628618830168705
61,27,64.8168992,58.33463461673099,4.503825945503762
61,29,82.0497235,73.84400676588169,8.185505021926968
61,2,63.5631705,57.20620608866349,6.332977764685614
61,6,89.88225589999999,80.89310727771992,8.933842733979285
61,7,73.0316834,65.72782032980423,7.270505356863328
61,8,88.2610915,79.43420753002077,8.810755820263251
62,10,83.3747228,75.03635069323386,8.301133393412032
62,12,76.9584733,69.2619722064822,7.653892811585483
62,14,56.9026296,51.21187452332683,5.665573111206256
62,17,62.47496580000001,56.22692542132951,6.1840778287633755
62,18,71.2111371,64.0893949909767,7.107444947990568
62,21,62.090222100000005,55.88059581882587,6.18688329781312
62,22,93.1384151,83.8237327096026,9.29130740156428
62,23,76.5179977,68.865547490029,7.644480113633639
62,24,61.3631331,55.226283416705016,6.114866249123497
62,27,90.31346190000001,81.28133940981859,6.2754312222585655
62,29,92.323241,83.09004992557932,9.1346301238291
62,2,86.75565200000001,78.07928233742139,8.65265913919298
62,6,71.2565358,64.13019603136914,7.086239713626331
62,7,65.0626906,58.55584683006843,6.457607538313154
62,8,89.5695458,80.6118099959153,8.942420839732003
63,10,67.1821224,60.463300562785065,6.699722986919407
63,12,89.2943106,80.36411122673486,8.917537948758062
63,14,74.6248241,67.16170147132878,7.387632608466814
63,17,84.6899208,76.22020368191362,8.384279513734363
63,18,71.9913275,64.79157111132577,7.187526624326391
63,21,87.89754330000001,79.10699816019026,8.76895684731764
63,22,67.5200619,60.767396623642185,6.727777534624444
63,23,84.81976300000001,76.3370200876574,8.464830213464394
63,24,84.6899208,76.22020416133131,8.409040987397079
63,27,64.74966739999999,58.27413648448462,6.432861397140704
63,29,73.0557276,65.74945368381293,7.226684128550348
63,2,70.09023690000001,63.080546334558385,6.987944716094144
63,6,82.8686345,74.5809323819121,8.237247211889029
63,7,85.0659443,76.55849082875375,3.7884711314389974
63,8,66.776346,60.09813283034991,6.644728577245653
64,10,69.7814688,62.802673217777766,6.958480134033422
64,12,66.7952018,60.1151051523564,6.669836837372193
64,14,62.5018654,56.25115250023831,6.187914752746806
64,17,67.3131339,60.58125233730394,6.664374257629461
64,18,62.063711600000005,55.856790812578524,6.194477153481204
64,21,71.12466069999999,64.01154822660686,7.093843792632775
64,22,90.992955,81.89283669830618,9.027704903812813
64,23,84.7066116,76.2351755330154,8.451137729252975
64,24,68.76471790000001,61.887664531865575,6.869280964570505
64,27,87.9373764,79.14288790341996,8.757970971585154
64,29,91.2785124,82.14967504584028,9.020723074047236
64,2,79.0586976,71.15210982229736,7.887056044785609
64,6,72.1325745,64.91865572618438,7.1768744023859625
64,7,65.2944404,58.76435114200896,6.456862099363369
64,8,87.2977818,78.56725048287882,8.626519747608455
65,10,88.0685464,79.26088561796115,8.784611805710536
65,12,86.1615843,77.5446903593154,8.606233871821487
65,14,85.30762750000001,76.77613367512483,8.445229774080008
65,17,66.20036230000001,59.57976727524188,6.614208931452024
65,18,80.74413729999999,72.66903376636327,8.065705820670395
65,21,78.9586645,71.06208420260558,7.876297657947267
65,22,64.8082432,58.32678256181496,6.430416326646246
65,23,64.8882095,58.398816642331546,6.4764601733269815
65,24,62.5308448,56.27722752831219,6.244845290290292
65,27,64.55438380000001,58.098388221015526,6.445955576788428
65,29,76.8551269,69.16891080222433,7.605000920104754
65,2,72.3537991,65.11754697630246,7.197393324766497
65,6,73.41290120000001,66.07085434454248,7.3123507530468
65,7,81.2450284,73.11968468367019,8.031556213774541
65,8,92.5379546,83.28334030305489,9.159522648715138
66,10,63.673824,57.305800711764626,6.342101208067111
66,12,63.3240578,56.9911003077189,6.321905419018726
66,14,59.37083079999999,53.43322947134725,5.877157219754315
66,17,87.4319646,78.68801963578618,8.732968742434785
66,18,63.365801499999996,57.02867198678408,6.326739975599233
66,21,72.2155451,64.99325502448838,7.192295676514392
66,22,89.63413,80.6698543047134,8.864804292545589
66,23,75.26388,67.73679838877517,7.508103157143936
66,24,67.8799726,61.091396372877874,6.720017252099424
66,27,81.17860089999999,73.06004522677691,8.108393547496359
66,29,79.5583697,71.60171042724613,7.8669327381483205
66,2,84.5462672,76.09084836525514,8.365218664387667
66,6,71.0337728,63.929719203299875,7.08183277506552
66,7,76.4895089,68.83988267226631,7.570794372422876
66,8,70.2450973,63.21997920214696,7.013149525071969
67,10,89.278625,80.34994530461381,8.834522345815573
67,12,85.4118402,76.86992528743588,8.530645231683003
67,14,84.7204467,76.2476769980227,8.387300248678567
67,17,63.04582010000001,56.74068961558178,6.294716690260872
67,18,80.4941786,72.44407308863823,8.040727940929612
67,21,78.5615684,70.7047073893796,7.837853943989158
67,22,75.5844718,68.02534406341807,7.478442977232347
67,23,67.4648998,60.7178238296326,6.73594018518723
67,24,87.9123575,79.12036843941438,8.755087877411142
67,27,59.8618362,53.875135782757276,5.977096881782105
67,29,71.264054,64.13699332891099,7.051482381424118
67,2,69.95447970000001,62.958403599308205,6.947563518703287
67,6,58.949545,53.05390081527953,5.86528207025023
67,7,62.679573600000005,56.410985089147204,6.236157227178617
67,8,92.65577449999999,83.38940477227865,9.221709818109954
68,10,62.95552909999999,56.65930948566091,6.267286539397981
68,12,64.3129555,57.88110474650979,6.394827880496377
68,14,58.8278761,52.94457162430811,5.822766580148498
68,17,88.31324790000001,79.48116701735805,8.821010168973496
68,18,73.5634747,66.20650441340914,7.349746370641785
68,21,61.7449621,55.56985371334354,6.151121964227537
68,22,89.0414643,80.13644455450273,8.805301167838438
68,23,69.9008728,62.91014730774193,6.973230957668667
68,24,64.8118844,58.33013526970603,6.439221544007342
68,27,71.28220950000001,64.15338504203233,7.120642385944633
68,29,78.7301635,70.85626926567883,7.7813391638287435
68,2,68.72691640000001,61.85360924382255,6.857208349201469
68,6,70.1943598,63.17419472469642,6.990960672002639
68,7,77.8704549,70.08260012872171,7.7463176193717125
68,8,70.80684240000001,63.7255447568651,7.009041814893105
69,10,73.2608434,65.93389599319873,7.288156944953766
69,12,75.6164685,68.05418457333771,7.4866272764530395
69,14,79.0543947,71.14829005412291,7.827093313476154
69,17,63.615163100000004,57.253093413588964,6.351602350536743
69,18,64.9172539,58.4249699616192,6.482690722894679
69,21,71.13289280000001,64.01899518288604,7.1033840736712035
69,22,70.5422969,63.48742721229415,6.980366399210027
69,23,68.3918974,61.55211508995492,6.826181487115407
69,24,88.31324790000001,79.48116293352159,7.175281377236775
69,27,86.7611903,78.084320593569,8.663538237117438
69,29,72.1730063,64.95504247799177,7.138925126643908
69,2,60.410670700000004,54.368967224123914,5.972782706629189
69,6,68.2095384,61.38795291990205,6.748873959230937
69,7,73.24309650000001,65.91806472262641,7.288699837799402
69,8,86.05425410000001,77.44809667029081,8.565066195309203
70,10,91.6198583,82.4570190033246,9.137236625444057
70,12,58.2051669,52.384147590870086,5.787299814942167
70,14,58.165696600000004,52.34861905332917,5.757384563189452
70,17,89.212481,80.29046999642853,8.911154991285436
70,18,71.9387431,64.7442642676366,7.189192540560898
70,21,89.85610899999999,80.86961065208592,8.952800611064797
70,22,80.5419095,72.48697647822087,7.967469066190716
70,23,83.5507143,75.1948936677703,8.26918578480888
70,24,63.615163100000004,57.25308806966076,5.351740884209563
70,27,90.0295806,81.02583213580508,8.944845151973414
70,29,88.0446697,79.23930715871533,8.70539645529836
70,2,87.9417275,79.14674449884039,8.70200602933156
70,6,80.2569173,72.23042670049598,7.937635077188502
70,7,61.4306824,55.286945632069255,6.087999653804463
70,8,67.0420759,60.33725915299226,6.689027146909379
71,10,69.8452125,62.86003170423373,6.96395401958997
71,12,77.0745695,69.36645091134139,7.664605799986483
71,14,72.30292630000001,65.07202698589994,7.158719259378736
71,17,63.5953267,57.2352377229298,6.349034581342416
71,18,67.2525203,60.52667888875122,6.713780940127754
71,21,63.04582010000001,56.74062579015491,6.28223312140854
71,22,60.991131700000004,54.891439184351604,6.033212321418261
71,23,73.37103019999999,66.03329012306851,7.262960515021422
71,24,89.212481,80.2904559725391,3.6963138862279505
71,27,67.3403033,60.60569347762987,6.6662816846064805
71,29,74.9327003,67.4387398315382,7.414419843565673
71,2,65.1151062,58.60293439736504,6.472609853692017
71,6,71.9835273,64.78451772224015,7.149167328397594
71,7,77.1570038,69.440472941519,7.644476766904072
71,8,89.2660778,80.3386950606912,8.912959257602296
72,10,90.9686956,81.87097056020914,9.071149886187408
72,12,63.209754,56.888232890267815,6.285042432420852
72,14,87.3584483,78.62185475092575,8.648575687523973
72,17,86.9878171,78.28829163990409,8.688848164126462
72,18,64.59133,58.13165499974125,6.454365330710692
72,21,88.31324790000001,79.48112872199425,8.810521830865436
72,22,79.7605564,71.78368644830967,7.886510233355579
72,23,84.0185047,75.61592209040029,8.347163075725748
72,24,67.47225110000001,60.724442313520086,6.679045636256899
72,27,90.1154195,81.10310486839549,8.921199832608352
72,29,85.94501319999999,77.34963458498015,8.499085151131418
72,2,87.6392117,78.87448740828789,8.67247860316777
72,6,80.7319053,72.65787041922808,8.021888243899912
72,7,65.44866230000001,58.903186341158936,6.493335392081487
72,8,91.4680208,82.3204162758069,9.130912840202448
73,10,66.4653968,59.818178284220735,6.620683202802822
73,12,77.2610221,69.53426583264294,7.620242182168352
73,14,61.1385519,55.02416345838194,6.103255429163518
73,17,66.5039795,59.85300570891166,6.621868325928658
73,18,80.9833145,72.88428618044868,8.088207141750953
73,21,63.615163100000004,57.25302959071726,6.339120629865753
73,22,71.6635804,64.49657270976122,7.091380559174006
73,23,67.1604215,60.443784882738925,6.699975103177795
73,24,88.03084340000001,79.2269837807458,8.713576467169291
73,27,62.966254,56.66908256886378,6.232762032397054
73,29,74.0404423,66.6357189135285,7.326445001678749
73,2,68.86596510000001,61.978686456959956,6.811280033150198
73,6,71.3645692,64.22746076489747,7.08699300973915
73,7,67.177261,60.4588372270587,6.677385918859582
73,8,72.9098595,65.61822390445224,7.252776600894647
74,10,72.0315284,64.82752316491451,7.1660513321913735
74,12,87.1105104,78.39869878356122,8.59048275825935
74,14,89.1574739,80.24096117456345,8.826536814864301
74,17,90.2331727,81.20906550368669,8.932067297215804
74,18,70.7788457,63.700365460110284,7.072696431574883
74,21,90.2389096,81.21420767363838,9.002867426433724
74,22,90.0525795,81.04643950630138,8.905047069618357
74,23,83.9463966,75.55102339375983,8.376064259580938
74,24,75.70555060000001,68.13435071563852,7.49492256430788
74,27,88.8019404,79.92098800379308,8.80477628392602
74,29,83.4865712,75.13699550590187,8.253076139986645
74,2,90.4605103,81.4135189572453,8.944844981011878
74,6,80.3624982,72.32537355471032,7.982992406640547
74,7,61.5027812,55.35192375302699,6.133043074222884
74,8,72.7720246,65.49421097317239,7.192074223356713
75,10,85.6989847,77.1282957142145,8.5478478867809
75,12,74.0826812,66.673781431433,7.333990720524898
75,14,64.9428198,58.447974217288596,6.428573972864881
75,17,88.3491961,79.51349740940856,8.74508124568586
75,18,78.9497528,71.05408251361636,7.881544950150149
75,21,68.0489604,61.243425102617564,6.783895168854649
75,22,75.9217177,68.3288624575217,7.51138304847028
75,23,66.8042882,60.123268040015546,6.667423473188693
75,24,90.2331727,81.2090664066086,8.931958897182426
75,27,62.445838200000004,56.20071009735947,6.216902943445662
75,29,72.8864197,65.59710500343334,7.22084358964031
75,2,91.8531672,82.66692396155568,9.084089427843763
75,6,73.5566275,66.20030850864403,7.321114676933489
75,7,64.5274119,58.07399640369916,6.427901083514492
75,8,88.49693429999999,79.64648217429328,8.745322439607282
76,10,58.8366095,52.952335454373404,5.860173435859555
76,12,87.8473178,79.06182292043499,8.695978596961037
76,14,84.59802789999999,76.13746895317259,8.421412315718992
76,17,61.9111824,55.719531589759136,6.164755687741844
76,18,74.8352727,67.3511133856918,7.477542210738307
76,21,87.6374018,78.87281224243252,8.732912465915335
76,22,88.7117029,79.83964111748769,8.770744366528339
76,23,86.6196063,77.9568837332084,8.64705280521616
76,24,70.8545709,63.76850923192566,7.014536085500039
76,27,89.10048830000001,80.18967766671882,8.821401403215082
76,29,81.32598250000001,73.19256631414271,8.043054811366796
76,2,68.4890161,61.639445433548204,6.774444900181817
76,6,81.4532148,73.30706681994643,8.096246074626377
76,7,63.703222000000004,57.33230153073981,6.352792583609402
76,8,67.2462224,60.52102153718422,6.646434037289628
77,10,72.8634335,65.57635628831179,7.260161686418347
77,12,89.12629840000001,80.21287890985573,8.821473272803178
77,14,87.20258050000001,78.48156481971256,8.707408890528592
77,17,68.3157557,61.483601387908294,6.824901067306267
77,18,64.74810869999999,58.27274230133744,6.466145545893566
77,21,74.13952280000001,66.72489797905793,7.373036175800345
77,22,74.7574319,67.28100550886646,7.3970555421261395
77,23,68.9719628,62.07415946783314,6.885126178526546
77,24,74.6836696,67.21465142725505,7.392977692254692
77,27,77.6757021,69.90747284218943,7.690172497506682
77,29,71.31403710000001,64.18197007862187,7.055878028876404
77,2,84.0231898,75.62001169364619,8.308875071547988
77,6,64.2277159,57.804308861594876,6.352424867455283
77,7,79.6571601,71.69063951657114,7.938059238918959
77,8,85.94501319999999,77.34976154642847,8.498644400625498
78,10,69.36732669999999,62.42998243063922,6.9234285428667395
78,12,72.1081452,64.8967169101323,7.202034766141637
78,14,65.56719629999999,59.00991004050293,6.5475225692298835
78,17,68.6819127,61.813139535908235,6.861659295443845
78,18,75.62551450000001,68.06228977907689,7.548169103283001
78,21,88.47051350000001,79.6226664064192,8.826166779346977
78,22,88.3637191,79.52655050315904,8.74352877789974
78,23,82.0421548,73.83720354885732,8.187669387474863
78,24,65.4793679,58.930873689751124,6.520933926493235
78,27,70.1793158,63.16079092220402,7.0106708980080015
78,29,80.1854028,72.16603476975077,7.928753261822918
78,2,76.9101752,69.21847852525329,7.612249542988186
78,6,77.7475957,69.97204067959973,7.6879255770618995
78,7,68.9565396,62.06024214133429,6.877396907687942
78,8,73.5277572,66.17435542980311,7.2792219025844975
79,10,61.2791222,55.150610129036004,6.10743018976976
79,12,73.57647320000001,66.21820064454641,7.284176105925483
79,14,84.5229411,76.0699091866502,8.43971575400217
79,17,88.4189752,79.57631838607486,8.830928591513361
79,18,65.9654609,59.36835453937232,6.589379256747898
79,21,64.1066875,57.695428968243974,6.392390888085057
79,22,60.363529299999996,54.32656573562338,5.968571554662395
79,23,84.81782460000001,76.3352339206307,8.45847092502322
79,24,71.4265337,64.2832534100836,7.110964873232148
79,27,67.1644025,60.44739522750586,6.710378731633521
79,29,67.6923094,60.92245033870259,6.6974204203826515
79,2,59.6642671,53.697237459419775,5.900253746231866
79,6,65.4992764,58.948779773078705,6.483244571783631
79,7,77.6318005,69.8678333157418,7.735885268277228
79,8,83.2364111,74.91204301449741,8.239212692179706
80,10,85.9684592,77.3707485889915,8.565683440514228
80,12,82.5177094,74.26521754829449,8.168037347281745
80,14,84.9207775,76.4279409712773,8.475554662928873
80,17,63.22180469999999,56.899076721943494,6.312797982518016
80,18,67.8159531,61.033763557551424,6.770074872011536
80,21,70.0920632,63.08224909231027,6.9969847369999965
80,22,87.6710329,78.90309607773153,8.671915280795805
80,23,66.290294,59.66068312732855,6.617872953009952
80,24,68.2735033,61.445571471895,6.784249330783226
80,27,58.0604519,52.253900284216044,5.796053587629905
80,29,69.831946,62.84803239410308,6.905143953861031
80,2,70.6369144,63.57249846433559,6.984926814364907
80,6,66.69752079999999,60.02706851725634,6.594762326318393
80,7,67.8157087,61.03350415357297,6.763468953530874
80,8,72.5881977,65.32875997160421,7.18621592406933
81,10,86.4258549,77.78241553771656,8.398577775085862
81,12,67.5524805,60.796656979936174,6.6624280395208615
81,14,59.346278399999996,53.41114075533507,5.925813234329557
81,17,84.9833364,76.48427427556365,8.488945602019275
81,18,62.3998576,56.15934159220231,6.232819317621773
81,21,63.1098263,56.79824692751555,6.290525884752568
81,22,75.6888548,68.11931597224063,7.535911000639835
81,23,73.9710708,66.5733106869441,7.384295603134732
81,24,87.826165,79.04278033671461,8.725704726192832
81,27,86.2282266,77.60466698661392,8.612675033021684
81,29,65.05221610000001,58.5463850970626,6.435998450387128
81,2,63.3237831,56.99081498995438,6.265291305215225
81,6,65.946143,59.35092085037367,6.576650122360145
81,7,77.0208173,69.31796901708027,7.676434374274775
81,8,81.8873856,73.69793167514742,8.105501736474462
82,10,62.338889200000004,56.10435699376893,6.209141690780541
82,12,72.9793445,65.68077114035638,7.196727029205694
82,14,74.562824,67.10589929394243,7.446858989026658
82,17,64.0971231,57.686857776117314,6.400693647435235
82,18,66.0135247,59.41161441486645,6.595114890682854
82,21,89.281761,80.35276281261385,8.90298007900306
82,22,79.7085209,71.73692241171364,7.946857933748415
82,23,68.8809703,61.99220227373826,6.867770902697187
82,24,72.4471039,65.20177530132376,7.214918554730126
82,27,63.433926500000005,57.08998400566819,6.3327027863341
82,29,68.2095042,61.38784879229818,6.744718692751569
82,2,67.9014415,61.110552014129794,6.734054189036726
82,6,80.5078834,72.45634362225016,8.028171028878184
82,7,67.2042101,60.48315607716435,6.701772331633913
82,8,75.5970915,68.03674374695277,7.484630591538212
83,10,85.4770256,76.92852890612424,8.524847795794392
83,12,64.5729878,58.11513996525491,6.368518427892978
83,14,53.8710405,48.48347051971172,5.378796816439758
83,17,84.96612569999999,76.46878479409122,8.487277127563969
83,18,77.9947243,70.19457368979434,7.787875127131736
83,21,76.42465729999999,68.78152203990106,7.627750173047554
83,22,59.9272215,53.93392327792755,5.972802288622077
83,23,60.0121965,54.010430742950206,5.987021951494124
83,24,84.0498957,75.64417450803332,8.391817907741267
83,27,85.1227842,76.60977821550938,8.427207873083724
83,29,73.56298340000001,66.20602521708167,7.280130123065512
83,2,67.3413399,60.60658846031091,6.6873608838579175
83,6,61.768481099999995,55.590994057054914,6.138448866038998
83,7,75.9579224,68.36135705090062,7.5569506646748215
83,8,58.5178927,52.66559814112355,5.80067755029821
84,10,71.4086165,64.26709635079807,7.122434157106875
84,12,70.93169110000001,63.837904479443075,7.019814406720717
84,14,68.9237938,62.03080117846308,6.879696836521185
84,17,61.2518392,55.12612473254658,6.115954876227123
84,18,84.4336876,75.98955940598347,8.426357105194436
84,21,62.640802799999996,56.37612256458743,6.242798740399586
84,22,77.6725829,69.90460793610373,7.745369982363475
84,23,68.5284143,61.6749242997418,6.833805167231113
84,24,71.82578170000001,64.64259071577005,7.1736889513922435
84,27,71.9882703,64.78883669186244,7.127315693022579
84,29,87.2944993,78.5641345311518,8.63177274778941
84,2,81.5203477,73.36745066147257,8.100822209077958
84,6,75.17427260000001,67.65619184862403,7.441157649785722
84,7,67.3549727,60.61884059574332,6.682167406476682
84,8,69.8481494,62.86272279143007,6.923090715225548
85,10,73.2255086,65.90229352005028,7.30537325913341
85,12,65.8130869,59.231216903121975,6.515243828574275
85,14,74.098756,66.68822816815455,7.39764545088894
85,17,81.4958679,73.34557068761936,8.13766349746652
85,18,63.845235499999994,57.460162623625735,6.374739459566191
85,21,83.8536376,75.46747129050338,8.357304677647631
85,22,60.59793140000001,54.53754844120626,6.037834321024527
85,23,68.6445761,61.7795250468012,6.854758535888747
85,24,83.8536376,75.46754391085871,8.372274662946124
85,27,85.5860543,77.02669658333183,8.471768439439995
85,29,62.522324,56.269451959078204,6.229036036625522
85,2,73.490953,66.14121778908161,7.301712576868458
85,6,70.3981748,63.35774288438387,6.968008835685938
85,7,77.5163253,69.76397044748039,7.691096435441213
85,8,65.32670470000001,58.79347879105936,6.467251261548048
86,10,83.1154613,74.80309303728573,8.283338852761045
86,12,80.4144528,72.3723214231907,7.9973089483681745
86,14,54.1648096,48.74785545019651,5.407209208398411
86,17,82.4977699,74.24726986705585,8.235979319417307
86,18,81.6541314,73.48801949779077,8.083686662411507
86,21,71.0853558,63.9761801494314,7.059113806764864
86,22,87.7206312,78.94773421903128,8.678493634148746
86,23,85.3496783,76.8139688869753,8.522976757466479
86,24,86.4494431,77.80373746795942,8.62972774289484
86,27,73.97149429999999,66.57371632698192,7.3887702810342235
86,29,77.6154186,69.8531991054747,7.748769186674435
86,2,86.8944493,78.20419200767951,8.597486299799376
86,6,74.89893239999999,67.4082101433701,7.402660748746116
86,7,58.95646409999999,53.060145337643604,5.86757718044977
86,8,68.2095042,61.38795986718872,6.751644990423506
87,10,73.3778679,66.0394126319013,7.319762487895673
87,12,58.8943021,53.00435818196144,5.855292758749722
87,14,83.0931851,74.78315459921144,8.226388924762777
87,17,60.7174945,54.64521661483734,6.061453493319462
87,18,66.63863309999999,59.974196246222036,6.596766543490653
87,21,82.1044208,73.89317638577076,8.147897514673437
87,22,74.4741225,67.02603660947324,7.395886576075085
87,23,65.220474,58.6978410595012,6.508792549950972
87,24,62.7049445,56.433909592831355,6.260764384945554
87,27,84.56744710000001,76.10995919026706,8.44281018208305
87,29,63.276794300000006,56.94849062623937,6.30610906709266
87,2,67.2647444,60.53761145673625,6.6533032232163345
87,6,66.24931819999999,59.62379448082097,6.556340236867126
87,7,65.0756569,58.56752441595744,6.496671294878957
87,8,68.8581991,61.97179334655045,6.816906934619193
88,10,85.2757826,76.74728819982245,8.491623060710236
88,12,80.3015717,72.27072756541445,7.985921782904993
88,14,60.423313199999996,54.38045456473942,5.980948199079673
88,17,82.7258445,74.45254961311386,8.189702096935381
88,18,79.46843609999999,71.5208978251127,7.912101933892488
88,21,70.6887245,63.61921564832752,7.050727662877972
88,22,88.28600039999999,79.45653408424896,8.760881761612303
88,23,85.7712236,77.19335602420234,8.564185655376566
88,24,83.2871159,74.957689535883,8.245298290916331
88,27,69.5479357,62.59255821019146,6.950191121488928
88,29,71.2180695,64.09562138452185,7.106267746127232
88,2,88.0110731,79.20907245272238,8.704352347478986
88,6,63.337922999999996,57.00356059854481,6.302899468419889
88,7,58.8630435,52.976113581502666,5.861959159568428
88,8,84.9888882,76.48925747733367,8.4583162834007
89,10,82.4387824,74.19410178195476,8.216536137634794
89,12,72.1850749,64.96595522801609,7.173012367043682
89,14,83.5053037,75.15405876050569,8.266994183358486
89,17,66.1794014,59.56090227164444,6.552042503373235
89,18,72.3060627,65.07483915045769,7.158353761328439
89,21,82.4122713,74.17023977200239,8.211311596529265
89,22,80.4111985,72.36936881348231,7.958987617163606
89,23,65.7568507,59.180575465342486,6.561740966327523
89,24,63.06425060000001,56.75728181153696,6.242769578331967
89,27,81.3036293,73.17255120319797,8.104284700404893
89,29,76.15729300000001,68.54079158691816,7.588015430665319
89,2,81.2212799,73.09843598195127,8.106538300973327
89,6,69.6380724,62.67365933335497,6.893012900796317
89,7,81.8683938,73.68079509494778,8.16478880444345
89,8,72.4311941,65.18745654055594,7.210130325513903
90,10,58.9964614,53.09621470599901,5.87669499287558
90,12,69.6862352,62.71701618442807,6.960210857986092
90,14,61.894293899999994,55.70432124994473,6.126389039028639
90,17,60.41949089999999,54.37702675405142,6.016796715224245
90,18,80.8863479,72.79702203288693,8.055515123769295
90,21,67.2181442,60.49572282060103,6.651442321355511
90,22,88.5508436,79.69489100254029,8.80513508401448
90,23,75.859189,68.27261991041615,7.571825987087245
90,24,83.1391251,74.8244976822099,8.230473929592138
90,27,59.4651972,53.51816170588499,5.907939338475233
90,29,65.3545577,58.81850129318738,6.518307001328773
90,2,72.1312855,64.91750823743685,7.178676898576343
90,6,75.04731220000001,67.54191372691074,7.488998512783079
90,7,62.2526864,56.02677767031336,6.176638138491156
90,8,80.4725697,72.42461622516382,8.00944713463764
91,10,73.8044409,66.42325476924692,7.352669643704451
91,12,84.3476517,75.91213841663027,8.418387330279833
91,14,85.71181610000001,77.13990092801038,8.485532832574435
91,17,63.68978,57.32025790439342,6.360596624636252
91,18,65.4252132,58.88212468879126,6.509920611065076
91,21,71.9937022,64.79359820605757,7.168692216846313
91,22,64.5531585,58.09719694659547,6.430070218072638
91,23,81.6603854,73.4936370364702,8.153439064739008
91,24,61.04193409999999,54.93721743955353,6.042805949599132
91,27,86.9765025,78.27810879227272,8.643231994609994
91,29,69.1008471,62.18991551443118,6.873723374910266
91,2,62.22142710000001,55.99866933078461,6.154153743506614
91,6,81.1022615,72.9912787117337,8.084831367038685
91,7,80.9326266,72.83861682329282,8.030619024680515
91,8,71.1318442,64.01805436248647,7.042039258901709
92,10,78.4658847,70.61843865647919,7.8113114259994525
92,12,78.5855201,70.7263045959249,7.8525936825570986
92,14,62.5500028,56.29445378942628,6.227243872156141
92,17,82.6759105,74.4076118918459,8.257668207075533
92,18,77.650322,69.88461735631049,7.726799512215942
92,21,62.3157509,56.08362043328786,6.216195992615369
92,22,89.3502386,80.41440991185522,8.891504780271678
92,23,65.8280419,59.244654784861176,6.570741147366451
92,24,71.43245569999999,64.2885780939821,7.129525287776679
92,27,67.0110823,60.30939758422432,6.691054286908566
92,29,61.9972145,55.796918177174746,6.183429975427391
92,2,73.7809247,66.40208070516128,7.296364594172834
92,6,65.1711771,58.653404929738215,6.4665021022723295
92,7,63.9391916,57.544630006983155,6.340634555771032
92,8,82.5907881,74.33098788134654,8.175362797597453
93,10,66.8032311,60.12232240870891,6.66801858473375
93,12,62.8073175,56.52604133690832,6.27086296657384
93,14,86.3049526,77.67371875870867,8.595319509000849
93,17,59.1269182,53.21371163996996,5.902541404548173
93,18,69.1832805,62.26436119203416,6.909124410075267
93,21,65.5991874,59.03868102976763,6.544143507093068
93,22,64.0841532,57.67509623463411,6.38339975496657
93,23,72.17928810000001,64.96074404597424,7.210177312925768
93,24,61.137862600000005,55.02355704991871,6.1060741645255385
93,27,86.0600614,77.45330410104448,8.592943067721993
93,29,64.5274119,58.07399875774466,6.427930431372681
93,2,70.4175285,63.37512079810602,6.967442499646773
93,6,79.0559409,71.14957237414414,7.819461713424546
93,7,82.1200946,73.90721285139608,8.166977174370048
93,8,72.052132,64.84631337653632,7.125719464707001
94,10,85.9865746,77.38713312636254,8.577976903794545
94,12,76.1891183,68.56955498012893,7.609023039348951
94,14,62.124262900000005,55.91129154434,6.184796851632624
94,17,81.9537226,73.7576498009668,8.113464145419853
94,18,67.57093280000001,60.8132621431154,6.748007224858867
94,21,82.6759105,74.40757358695613,8.24668690513467
94,22,89.9808823,80.98198012759595,8.94886647882077
94,23,64.3273788,57.89408337683667,6.423107306663426
94,24,73.68327120000001,66.31431069363599,7.337449035169844
94,27,73.2528362,65.92692734208872,7.31698363477249
94,29,66.0191048,59.41654648613205,6.58045306999799
94,2,87.8520072,79.06593380723587,8.689362331779927
94,6,73.1120122,65.80014086099489,7.234412924441039
94,7,81.972893,73.77477878821716,8.156349538622209
94,8,64.2098257,57.78829573549025,6.379622330875997
95,10,62.8571252,56.570764953635205,6.261073858887356
95,12,61.8674768,55.680198332167926,6.1243222003000035
95,14,86.10050820000001,77.48970587462698,8.567455308303757
95,17,62.68879870000001,56.4193756969636,6.205421873103332
95,18,59.7484024,53.7730495172191,5.914657949906537
95,21,59.1269182,53.213647815721494,5.890937248435707
95,22,62.1387618,55.92428223498919,6.177630699554692
95,23,69.1280069,62.21458162167328,6.89749030752385
95,24,55.7868592,50.20768778963738,5.52197204303577
95,27,84.2731048,75.84506507003358,8.41589314901824
95,29,58.60827990000001,52.74674958927048,5.830936134902106
95,2,75.4816584,67.93279845242634,7.510118870896931
95,6,78.6277315,70.764132132192,7.8131241737491415
95,7,62.864841999999996,56.577712758438224,6.253555879418396
95,8,67.4201547,60.67754861971862,6.7152224755810215
96,10,86.6798208,78.01104453880185,8.646331052465852
96,12,76.22291960000001,68.59996462733821,7.545060974131828
96,14,69.3377567,62.40339763180269,6.928823451972971
96,17,82.44502729999999,74.19980167976655,8.160850489067265
96,18,66.1277346,59.514384884298124,6.545638882076319
96,21,80.8301771,72.74639396347442,8.057224687371777
96,22,78.6913212,70.82140497958909,7.782427439802815
96,23,68.4626068,61.61575294297658,6.833243126384001
96,24,81.0171513,72.9147334566808,8.020035643555325
96,27,87.5211846,78.76829750447853,8.737012177031275
96,29,79.6571601,71.69064179789234,7.937100759993936
96,2,88.4298872,79.58597728137096,8.808102018221728
96,6,78.8158844,70.9334921946102,7.8339751722864195
96,7,80.2771801,72.24871581542922,7.943201674131109
96,8,62.12145569999999,55.908785099957214,6.186818295839646
97,10,62.682545499999996,56.41365869832905,6.245204515922407
97,12,68.6394436,61.7749115463326,6.825730670110442
97,14,72.8820729,65.59322385639256,7.276105705070831
97,17,71.3572825,64.22094576689591,7.064314857318155
97,18,66.7983177,60.11791769627252,6.612979685948093
97,21,70.3027083,63.27179813090467,7.011081605663896
97,22,70.3314057,63.297626948222366,6.959375164676214
97,23,79.2140332,71.29191147009865,7.902153988870041
97,24,72.7140026,65.44199013194394,7.242814712049919
97,27,62.1460939,55.93094804637133,6.205345521389032
97,29,69.8678,62.880377007371095,6.937779587635059
97,2,76.259653,68.63299063935375,7.606943311480343
97,6,61.460619699999995,55.313963148899816,6.087398618148111
97,7,67.6997039,60.92913602119096,6.70054522566176
97,8,69.8525205,62.86666574399781,6.974505260187877
98,10,81.9434622,73.74837373421613,8.174313693804168
98,12,88.7088337,79.83719196310555,8.82220298232655
98,14,69.7937186,62.8137512251978,6.971581195413065
98,17,83.200635,74.87984209737964,8.235603184784075
98,18,79.582855,71.62387367476671,7.877570851385403
98,21,81.6405632,73.47570912760122,8.134278710744228
98,22,76.8390343,69.15437839358131,7.599557160044268
98,23,75.7168736,68.14454051860672,7.560117005994483
98,24,75.30601300000001,67.77477803319431,7.483940820373372
98,27,83.6363291,75.27196956247695,8.350544320899079
98,29,78.0689652,70.26119835181792,7.76917110515656
98,2,85.8249587,77.24156416740854,8.548925968523042
98,6,67.81488949999999,61.032666449252716,6.703468920130215
98,7,67.7571285,60.98071261101981,6.719709326810539
98,8,56.075591300000006,50.46754297265445,5.597716187926229
99,10,63.7974148,57.41701750748967,6.3551814116562495
99,12,67.3630258,60.62613926960725,6.643119765663792
99,14,88.5286466,79.67501939413779,8.842441200177975
99,17,72.49093909999999,65.24122694504271,7.1765373595802116
99,18,71.9997247,64.799140504518,7.128055762726912
99,21,84.3316525,75.89768059440436,8.405138954272031
99,22,69.8323576,62.84848473010774,6.910042313376997
99,23,63.233538700000004,56.909616330177585,6.307572580056986
99,24,79.0629226,71.15595521721951,7.896893860714412
99,27,77.338239,69.60376152734328,7.713859493164344
99,29,68.1682892,61.350824600722866,6.795345642947603
99,2,74.03538549999999,66.63116159036586,7.38398310669376
99,6,62.6527987,56.386942082967934,6.199139638787693
99,7,60.2072017,54.18591295690387,5.977150128137853
99,8,80.5737815,72.51571510646436,8.024321825168995
100,10,84.459238,76.012405082575,8.410094196987085
100,12,90.0238158,81.02066345221783,8.897276489937585
100,14,61.5771449,55.41889600742797,6.148390342284548
100,17,84.400669,75.95986237303543,8.354489640445212
100,18,79.1267183,71.213332230295,7.830936123705783
100,21,60.410260900000004,54.368645203642465,6.019213991851514
100,22,88.71698099999999,79.8444281779038,8.775744823609493
100,23,80.9613197,72.86448551178424,8.081268823748452
100,24,68.7388796,61.86440859801106,6.846003153257546
100,27,63.16614980000001,56.849004080662546,6.311455949500668
100,29,76.4301546,68.78631949815804,7.611166738898446
100,2,83.38237269999999,75.04325777662501,8.304718240243284
100,6,68.5807205,61.72190797883038,6.787844639577473
100,7,62.7981409,56.51766721723263,6.253032272835044
100,8,59.085225900000005,53.17619095797947,5.8824886681771495
101,10,77.3452965,69.61004270600385,7.71231929929745
101,12,80.0127838,72.01083004969185,7.891852098048331
101,14,82.5280596,74.27454762851349,8.24407480526722
101,17,69.0006844,62.100026938123406,6.830930697841825
101,18,72.1900908,64.97046835498344,7.146881183354302
101,21,83.84594589999999,75.46059538416924,8.364370708737686
101,22,75.2758092,67.74754429950693,7.448846334688566
101,23,67.1956865,60.47552309338623,6.704394035325733
101,24,56.125614999999996,50.51256961480363,5.584889793806028
101,27,68.37277309999999,61.534900573531644,6.825554648029484
101,29,69.4463935,62.501121166534006,6.9282394650741015
101,2,73.7233352,66.35032627199492,7.335912257361435
101,6,65.7732054,59.195270061547994,6.516630004156507
101,7,62.0494697,55.843942571634486,6.178039583345366
101,8,76.98065079999999,69.28191278341768,7.664160280089058
102,10,78.0248367,70.22164126398779,7.783753610795372
102,12,96.34560570000001,86.7101618498123,3.551357205494708
102,14,62.1322424,55.91847890700956,6.186444242531283
102,17,72.5092847,65.25772291067555,7.177378978743784
102,18,78.3966527,70.55629685440981,7.759789284298088
102,21,66.5509389,59.895224693547846,6.635204876553878
102,22,88.5955826,79.73517064948504,8.763511764662093
102,23,79.6434919,71.678411365467,7.9452708162201375
102,24,72.57535179999999,65.31717461999415,7.224755266809862
102,27,65.37513940000001,58.837067979916355,6.496267500350609
102,29,76.4111041,68.76917424499693,7.609940046463433
102,2,82.377755,74.13921783811475,8.216182483326287
102,6,80.1568939,72.14046577744196,7.931486605963606
102,7,77.2617606,69.53478038750295,7.683565313240204
102,8,80.46980980000001,72.42212935540131,7.965566945577336
103,10,60.6384724,54.57403844135714,6.044328975217472
103,12,82.5440777,74.28896744065032,8.14063856862532
103,14,87.51906310000001,78.7664028635851,8.71524922119298
103,17,65.53868229999999,58.98426317629131,6.498759110759213
103,18,70.5855406,63.526386994042234,6.988117154646674
103,21,84.45334220000001,76.00723353054485,8.422795525193482
103,22,74.8004618,67.3197320604171,7.401440663417676
103,23,72.3354684,65.10129503546658,7.220017000593012
103,24,72.0485962,64.84312628536924,7.133106555497193
103,27,85.42227319999999,76.87931573561431,8.456828950395787
103,29,79.94423619999999,71.94896270582323,7.96240012916487
103,2,68.073763,61.26577502152467,6.791687086319802
103,6,64.8999937,58.409362352137634,6.4198730973973
103,7,78.1523184,70.33627469259243,7.771155602396501
103,8,58.2343042,52.410368706033694,5.785429330755092
104,10,65.261673,58.73492274557961,6.512064135675288
104,12,91.7061999,82.53479232840995,9.132700743462328
104,14,63.873788600000005,57.485857607924885,6.359979331620612
104,17,84.4101072,75.96837385243317,8.35659252030125
104,18,78.2461456,70.4208592373269,7.791981400265977
104,21,64.4282951,57.98490656444297,6.4311168508873955
104,22,87.4771082,78.72857533632457,8.654402752318838
104,23,79.4733276,71.52527423890437,7.929726272595722
104,24,74.3290447,66.89551386263066,7.426609474390874
104,27,62.6585132,56.39211849828959,6.202291004493725
104,29,60.4350162,54.39090496686998,6.022002388351931
104,2,59.0414077,53.13668015655869,5.883159656781397
104,6,78.7992457,70.91851723344367,7.820904437368438
104,7,69.3509946,62.415297487330335,6.92429919810475
104,8,78.0513801,70.24557560702884,7.795509177334051
105,10,69.6874239,62.71793310165548,6.939237036964693
105,12,68.1847189,61.36564969437269,6.790848360191207
105,14,85.0333263,76.52924697812945,8.417103819635999
105,17,62.165789000000004,55.94866910182347,6.189332335593519
105,18,62.514807299999994,56.262786739577614,6.220518659026818
105,21,69.6693709,62.70175340791802,6.94209230122997
105,22,75.2055589,67.68431996190623,7.482835035836941
105,23,80.1758777,72.15755403762414,7.998617229343354
105,24,84.00260080000001,75.60162108151397,8.365764513458055
105,27,85.6619154,77.09499165195915,8.480535835114296
105,29,76.9067097,69.21521501349783,7.6593749998935765
105,2,71.1559533,64.03961111769974,7.08689828731156
105,6,71.9065897,64.71527441813866,7.126016133109953
105,7,77.1868984,69.46744023369638,7.680873725984431
105,8,58.8818253,52.99313225083565,5.878657371833465
106,10,76.1199937,68.50721445378787,7.5829754632489
106,12,79.7570408,71.78065051702904,7.964561531315476
106,14,84.6562636,76.18989800743034,8.380025699566273
106,17,76.05553350000001,68.44933580999789,7.529847208482258
106,18,76.4854298,68.83623155845194,7.638477929365617
106,21,65.6324119,59.06857159311075,6.545387704356482
106,22,91.552544,82.3963751546376,9.120796626427214
106,23,64.2963436,57.8661633883779,6.422764748461984
106,24,65.52732230000001,58.97402829693478,6.5251704366981915
106,27,63.124484300000006,56.81148858934359,6.2716380033698504
106,29,77.92273560000001,70.12968978744216,7.765807009775232
106,2,76.6920701,69.02204203660548,7.606956620287679
106,6,78.7823337,70.90323859157456,7.810464385610006
106,7,68.7807501,61.902040329261915,6.8247952831588155
106,8,75.4399202,67.89527510331506,7.533174165909152
107,10,61.5013289,55.350594186548015,6.128381066855475
107,12,71.4283554,64.28491115039994,7.113175889515576
107,14,59.3621574,53.42542035038142,5.909600476472407
107,17,83.15622019999999,74.83986921347433,8.24348125079138
107,18,58.932894000000005,53.039097569092185,5.8839536506046715
107,21,76.1157323,68.50349097304108,7.596647897093313
107,22,80.2010761,72.18022445983264,7.997020891837723
107,23,66.46049040000001,59.813839750109885,6.631881568475326
107,24,82.1635018,73.94642709874871,8.183695379088551
107,27,85.9316725,77.33777078808215,8.53940183096182
107,29,61.874021400000004,55.68604544768546,6.171128122899673
107,2,60.00136379999999,54.000609583778065,5.933161516440774
107,6,70.0854365,63.076252112988215,6.935022714516155
107,7,77.1930532,69.47291724045405,7.651292589690988
107,8,80.0380232,72.03351685657032,7.989283026264133
108,10,85.4314243,76.88742183068837,8.512347236204379
108,12,74.3565744,66.92028736020583,7.428017166435802
108,14,84.2953676,75.86510848886071,8.34522508742289
108,17,70.8404045,63.75576001944703,7.013166657003611
108,18,66.235515,59.611382865617045,6.611328267939881
108,21,83.4404753,75.09562879911233,8.316654888097801
108,22,70.201161,63.1803142882967,6.990145560221841
108,23,66.8438295,60.15886428213357,6.672982135884417
108,24,69.2907157,62.36105218967875,6.9003732129470565
108,27,62.33779929999999,56.10347896532517,6.223213160104095
108,29,60.9632495,54.86635101378642,6.0784096861841395
108,2,76.2490754,68.6234986468551,7.547056326902868
108,6,77.7293616,69.95563019445451,7.686430309545678
108,7,64.34232920000001,57.90749231522113,6.4061613801344
108,8,58.899605799999996,53.009134537258895,5.879632536048966
109,10,87.7674623,78.98981183458585,8.74168159990305
109,12,86.1725544,77.55454168628589,8.530336101061158
109,14,59.90987,53.918362728493264,5.93028346750306
109,17,82.1310697,73.91724254464273,8.129777371199557
109,18,61.065172999999994,54.958136179739995,6.098409396700654
109,21,71.5397176,64.38509586560833,7.1353551825141475
109,22,86.391463,77.75152473243509,8.595336527506497
109,23,76.5465928,68.89127512385254,7.6442348765724075
109,24,78.6617835,70.79493348338028,7.857801167335984
109,27,84.3864074,75.94703353377854,8.413270637817387
109,29,68.1741143,61.355999512111346,6.791859832669507
109,2,83.16653149999999,74.84896491192794,8.221882818196361
109,6,72.3454179,65.11023850953129,7.160535274817057
109,7,62.139782499999995,55.92524394289903,6.166745185086989
109,8,76.7479313,69.07247090198075,7.641473948052058
110,10,62.6585132,56.392028774573646,6.196410063431465
110,12,75.8866453,68.29734314710389,7.513528528681544
110,14,74.4703314,67.02264250518938,7.371244638856536
110,17,70.1068082,63.095529662718164,6.940495194299735
110,18,62.23156949999999,56.00787008128086,6.212805029464398
110,21,82.6654013,74.39806886609905,8.239168584617053
110,22,67.2972607,60.56695005771556,6.699535909633112
110,23,71.7056711,64.53445025839493,7.153828115136839
110,24,63.771115599999995,57.39346427372786,6.370702201636602
110,27,72.84522319999999,65.56008138115361,7.238989032247997
110,29,65.89060599999999,59.30092492190936,6.569836285641428
110,2,61.1620886,55.04525302238282,6.092704738084423
110,6,58.766543299999995,52.88930112923348,5.8417555860369665
110,7,65.23609,58.71175370487745,6.472577801955858
110,8,69.4230933,62.48018963048666,6.916718249257215
111,10,84.7779555,76.29938573008755,8.389197452898044
111,12,76.65262659999999,68.98671821778551,7.635114339159506
111,14,65.0845899,58.57557657485747,6.443272259420164
111,17,80.2345553,72.21039591093877,7.941981436637484
111,18,61.4734899,55.325617010196396,6.137522962959676
111,21,72.4185396,65.17604138113909,7.22479337032743
111,22,75.2530124,67.72690745159287,7.477096975723596
111,23,82.0670798,73.8596490785268,8.192301251663961
111,24,64.5500751,58.09452723918457,6.450954684942614
111,27,80.6216259,72.55875883414761,8.009994696342766
111,29,80.1661988,72.14878734383905,7.989548408755456
111,2,82.04425260000001,73.83906831483895,8.163176324341212
111,6,65.3663577,58.82906637638687,6.512316187930994
111,7,66.0226698,59.419742525154106,6.550194934247906
111,8,63.2094914,56.88799843972923,6.257362290452454
112,10,69.3655402,62.428324269874075,6.914285769950401
112,12,64.0840291,57.67508748919761,6.344692521517407
112,14,74.0831792,66.67420886026973,7.3329282185728175
112,17,65.11086230000001,58.59922053967098,6.445808216504658
112,18,73.75876609999999,66.38225064121441,7.364292290762313
112,21,83.8268088,75.44335281618847,8.359091230048382
112,22,66.6115284,59.949766505971645,6.627006730792923
112,23,62.66647640000001,56.39926519888283,6.252884468399774
112,24,80.4921094,72.44221103573507,8.040759476410425
112,27,66.24655419999999,59.621333796302096,6.582814557719014
112,29,71.1202863,64.00759219728008,7.092559718361347
112,2,60.5625629,54.50568508484594,6.03359912376513
112,6,61.39330160000001,55.25343541932474,6.11146161846349
112,7,55.044842800000005,49.53968312798498,5.4755504179690355
112,8,60.965696300000005,54.86861005500272,6.035554449198312
113,10,86.6536734,77.98748771352906,8.639851014987416
113,12,68.6987449,61.82827217637491,6.800077571000164
113,14,68.6056234,61.744475641497885,6.791871259158567
113,17,68.5948089,61.7347286598787,6.848574632632282
113,18,72.1583211,64.94186391237584,7.2031285298655865
113,21,58.716049999999996,52.84386998013933,5.850109173779795
113,22,86.3120851,77.68009427597556,8.58855301396934
113,23,81.0298919,72.92619646650753,8.090175724269837
113,24,58.4605527,52.61398612758117,5.836013345244342
113,27,68.2299351,61.406360430251226,6.803960565924262
113,29,81.69711530000001,73.5266472279576,8.148465769212395
113,2,73.868128,66.48065364634078,7.371336494709273
113,6,73.93043540000001,66.53664819524238,7.349128925355138
113,7,76.73419299999999,69.06006323841613,7.654112675374153
113,8,73.3269772,65.99365016638512,7.285127143778548
114,10,61.971626,55.77382325665611,6.17221614026328
114,12,69.9820165,62.983226150079325,6.9287235257164
114,14,86.6096898,77.94796056065147,8.573259927562775
114,17,59.172931500000004,53.255134896344934,5.91029490145192
114,18,59.139270499999995,53.22482374054658,5.874575757290651
114,21,79.51427580000001,71.56212959051673,7.931907992287782
114,22,61.0874797,54.978127692081124,6.072177678502167
114,23,64.6519749,58.18620107850376,6.452615721455279
114,24,80.0958823,72.08559950794461,7.998383543959392
114,27,61.717711900000005,55.545422048913885,6.153157292181822
114,29,64.4415648,57.996774068159496,6.422949328277708
114,2,80.7514693,72.6755747215975,8.054668163615482
114,6,66.66182189999999,59.99502139493081,6.59564411234259
114,7,58.7813951,52.902646073358646,5.855774630534452
114,8,59.5090259,53.557607384631645,5.940559761179213
115,10,83.6856587,75.3163323219068,8.348727919476001
115,12,79.2562504,71.32993622908721,7.845373770978309
115,14,75.0602641,67.55359670141661,7.430969549887105
115,17,65.66759210000001,59.100254755188,6.55537388092856
115,18,74.44801389999999,67.0025675170323,7.369618571937468
115,21,63.950680299999995,57.55504757976324,6.381236744717343
115,22,84.3172295,75.88468970759241,8.339985019230946
115,23,79.2872377,71.35781158725445,7.913818887992128
115,24,68.4699291,61.622351286302454,6.803502443169877
115,27,82.7354641,74.46120157123296,8.220743785452806
115,29,81.7145496,73.54225534159666,8.141385815191839
115,2,58.225167,52.402060816388165,5.80131530313596
115,6,73.922817,66.52981636139481,7.312074514643759
115,7,76.7058884,69.03458472679932,7.649736377502934
115,8,81.8683938,73.68085507515369,8.176948296030872
116,10,59.0974023,53.18704672782214,5.886187415115088
116,12,69.89577270000001,62.905599837107154,6.919538231799048
116,14,87.9464551,79.15103786311457,8.718644959966156
116,17,61.1274128,55.01414948646601,6.105139904692817
116,18,66.73172389999999,60.05798316128557,6.645617890869841
116,21,60.6993045,54.628848432625894,6.058897689700937
116,22,71.2768234,64.14849184217067,7.091765198461709
116,23,83.5450473,75.18976468081941,8.33320813513347
116,24,79.7156725,71.74341374791514,7.8912287159734396
116,27,76.2981942,68.66773017225,7.622732969952247
116,29,71.19484700000001,64.07469618058788,7.099763934469895
116,2,73.3430464,66.00805251808369,7.296052222630813
116,6,66.0299259,59.426311354752634,6.532433048111023
116,7,57.7444626,51.96941575146787,5.752283236567998
116,8,62.2526864,56.02687821924414,6.215465189240791
117,10,80.25618329999999,72.22982609836018,8.004962373074399
117,12,79.2577561,71.33129134650369,7.845530062746443
117,14,86.83342809999999,78.14932309668657,8.595329828597091
117,17,77.7112053,69.93940994626121,7.737854708415673
117,18,74.631317,67.16752747183213,7.450079146678925
117,21,78.9747926,71.07651958118001,7.866918630975968
117,22,82.9160785,74.62367861261319,8.24144066340557
117,23,65.2752662,58.74716119629025,6.48380043987765
117,24,68.7447744,61.8697113586342,6.805832442136527
117,27,60.0553705,54.04931269616624,5.995175517153245
117,29,80.6469353,72.5814942755839,8.043746204911182
117,2,58.04099,52.236320988804096,5.784670474427961
117,6,73.8845653,66.49536475389438,7.306742397781508
117,7,71.37434110000001,64.2362825916105,7.125294858879692
117,8,79.8978944,71.9074241841095,7.980573428849022
118,10,56.73902199999999,51.0645498839273,5.652918786270824
118,12,71.0170855,63.9147742937908,7.030779279267587
118,14,64.5421584,58.08738240193939,6.388892383323622
118,17,68.9298308,62.03626019859901,6.849624009294889
118,18,67.388868,60.64940927832759,6.731826121416971
118,21,69.6218717,62.659059913075325,6.9445527128753906
118,22,72.47556469999999,65.22735177416568,7.195436050769748
118,23,79.34881150000001,71.41321031564935,7.852674974100611
118,24,78.8444396,70.95930874398987,7.850351308763811
118,27,81.6060931,73.4447874871129,8.151039022352341
118,29,60.6018398,54.54103270643179,6.037073102110152
118,2,75.82122869999999,68.2383827400227,7.559848874891309
118,6,66.56960079999999,59.91202694165668,6.586857644509307
118,7,62.2387837,56.014303751345196,6.204554507803244
118,8,64.0055263,57.60441903185169,6.389774284163532
119,10,68.32851,61.49496410218834,6.806173519022564
119,12,72.0500786,64.84445925231529,7.1757179821930235
119,14,87.7645234,78.98731641500707,8.688495713639737
119,17,81.1905851,73.07081467321818,8.073609462111264
119,18,74.0342272,66.63015670977045,7.391371633924649
119,21,81.04487019999999,72.9396431855481,8.083086816205412
119,22,86.9310485,78.2370891476796,8.631932104143948
119,23,79.6889881,71.71935722635769,7.913957991220186
119,24,62.99957309999999,56.69907801386022,6.273737024293496
119,27,58.7921072,52.91238374974999,5.8684224444060495
119,29,78.8002693,70.91951074270901,7.858838581189869
119,2,61.8291331,55.64558735345191,6.1598826210791895
119,6,74.1049855,66.69375530143796,7.3393202337126
119,7,69.3966058,62.45629793322309,6.921345889681586
119,8,81.7145496,73.54238101998293,8.14841160013059
120,10,59.790483699999996,53.81088380328035,5.961960298551308
120,12,77.6599982,69.89333601836175,7.73408533667809
120,14,62.278704399999995,56.05029066770723,6.164635690185079
120,17,74.6008775,67.1401585911359,7.4138741864783855
120,18,78.1980684,70.37756598284521,7.783901303418685
120,21,58.4605527,52.613913530036946,5.823316878915744
120,22,72.5055366,65.25431940800948,7.204188796841467
120,23,59.9214833,53.92879934545755,5.979265483557196
120,24,67.36503780000001,60.627946003748235,6.722256011820595
120,27,74.562782,67.10587620571006,7.450216011586847
120,29,58.9692133,53.07171304776114,5.877519718657379
120,2,88.28541720000001,79.45606740299515,8.80662195306289
120,6,66.7446872,60.06959944576041,6.603779791918105
120,7,52.51681419999999,47.26454218472333,5.227767762474964
120,8,71.3928401,64.25294778509988,7.130191160039211
121,10,72.65009380000001,65.38439427476668,7.2431712369624
121,12,69.4730069,62.52512145054321,6.878284189593362
121,14,85.67822120000001,77.10966482270545,8.482139638953273
121,17,71.9933021,64.79336681762658,7.194758685063497
121,18,61.5386049,55.38421479154651,6.092096253242897
121,21,80.4813007,72.43239713149731,8.021127806615317
121,22,84.2912016,75.86127703438683,8.33817490833077
121,23,67.5286322,60.77516356281606,6.73933789988169
121,24,63.745678,57.37055873930691,6.347039587915848
121,27,57.27318580000001,51.54536389692153,5.716018801477468
121,29,69.7007774,62.73002012723772,6.948012618222406
121,2,70.109718,63.098054022427945,6.971095198834299
121,6,72.1444937,64.92931605645988,7.171391920503173
121,7,63.6376078,57.27316067671563,6.33740409914146
121,8,79.9005248,71.9097743520807,7.977444393690115
122,10,57.2157331,51.493574611831086,5.699720495790204
122,12,80.77743290000001,72.69896197480138,8.06003432610426
122,14,63.0144288,56.71243634360935,6.246896102944255
122,17,53.7333814,48.35957496220319,5.364253564215786
122,18,72.49800669999999,65.24757137640576,7.217758592014688
122,21,69.003842,62.10283250058132,6.828009848840559
122,22,72.3987732,65.15826133144401,7.165701984703305
122,23,61.6964553,55.52627345023184,6.159936547347944
122,24,50.059378200000005,45.052997242146255,4.954423956467776
122,27,66.176621,59.5583993429979,6.608397333179804
122,29,55.1381076,49.623742688534946,5.494237663558
122,2,88.3233326,79.49010330388049,8.735217124709708
122,6,62.6787164,56.410257160460574,6.25009319809746
122,7,56.7915231,51.11183201080821,5.661929066206228
122,8,70.1959051,63.17571734301945,7.011015992178756
123,10,84.2304422,75.80662489635495,8.401923081355916
123,12,72.6273191,65.36396820395355,7.253910329127387
123,14,82.6267711,74.36337553370757,8.179656961540541
123,17,67.84253220000001,61.05768212007491,6.772676212624221
123,18,63.1156655,56.803561658107625,6.248332219851533
123,21,79.7156725,71.7433485721239,7.885544044462826
123,22,58.0763958,52.26820199178008,5.744920921486402
123,23,65.0756487,58.56747796175315,6.491417832661347
123,24,64.9588976,58.4624364186057,6.429582903763519
123,27,70.7663245,63.68907255615513,7.063948001458462
123,29,62.7981409,56.51766974599543,6.255343042753507
123,2,78.9237109,71.0306597494706,7.813299502605383
123,6,64.05175709999999,57.64590528828319,6.378985088452946
123,7,60.977467399999995,54.879114494544005,6.076407490847217
123,8,78.9113336,71.01951443074081,7.878378908661134
124,10,61.1452239,55.03002664637479,6.086895084765444
124,12,88.9682312,80.07064657358879,8.8861324554382
124,14,67.7443769,60.96936039405551,6.731350525873921
124,17,67.65043800000001,60.884802978851944,6.754113480131788
124,18,64.05175709999999,57.64601928785477,6.339874404355634
124,21,71.7821417,64.60329510348205,7.105077715194386
124,22,75.05532790000001,67.54904347176256,7.476808579885986
124,23,62.45472600000001,56.20871055165403,6.235702474573416
124,24,59.1347772,53.22079488444418,5.854002529188953
124,27,65.8155681,59.23345093622232,6.5731063312756115
124,29,62.0494697,55.84394386402737,6.18818397707292
124,2,65.49358790000001,58.943576015221375,6.477456295788659
124,6,60.159238800000004,54.142774163331964,6.0013630869478956
124,7,55.5505892,49.99496083659778,5.534433670672826
124,8,65.8952001,59.30511907599032,6.562237637762358
125,10,77.4974229,69.7469795961013,7.731180236353196
125,12,67.3081707,60.57677274329199,6.720382733730134
125,14,70.935141,63.84100925591417,7.066608201895119
125,17,61.5554564,55.39939434703502,6.149979012858508
125,18,59.389797,53.45031414281494,5.879554566987104
125,21,63.852429799999996,57.46660634394328,6.367559742272136
125,22,66.54141220000001,59.886659099035576,6.636106455215388
125,23,75.3295081,67.79588471435076,7.518683587344574
125,24,76.0878114,68.47836997086323,7.531877933917313
125,27,86.0317148,77.42780805912636,8.593047037359932
125,29,77.2617606,69.5347835864859,7.697128442955502
125,2,83.0366234,74.73211054956518,8.211940388537837
125,6,60.1251354,54.11205983439031,5.948604535624083
125,7,70.91782359999999,63.825349518138545,7.069507658779221
125,8,67.7571285,60.980825789899036,6.745933930260526
126,10,64.4737142,58.02571539737922,6.425559928452111
126,12,84.367957,75.93043347738227,8.401327545927149
126,14,61.6360016,55.47187612051348,6.141442065063047
126,17,66.4618779,59.81512451203052,6.5796664723037
126,18,62.5164484,56.26425494402557,6.2397976638424755
126,21,67.36503780000001,60.62787345636174,6.712074057182589
126,22,83.5550471,75.19874525540261,8.32846616114303
126,23,77.8099211,70.028222710038,7.763581193676561
126,24,65.9597831,59.36324315448916,6.529911730985678
126,27,61.91649,55.72430422523952,6.181133634574544
126,29,80.1892548,72.16947733705817,7.98680507563571
126,2,68.4029601,61.562030587652416,6.768545012917535
126,6,70.6151109,63.552990238599754,6.990129685783451
126,7,60.5191482,54.46665266955695,6.033567618959851
126,8,60.2072017,54.18596941150334,5.96034547507742
127,10,81.8679625,73.68027939577331,8.150773862240202
127,12,73.3956539,66.0554629078153,7.330586768353396
127,14,69.0790889,62.17055761656025,6.893144796782541
127,17,78.8361812,70.95186589992866,7.8032796484146925
127,18,59.9859012,53.98679901092592,5.9908779186124095
127,21,69.5835484,62.6244806516805,6.929563336746484
127,22,69.5171741,62.56481898004714,6.915984196548499
127,23,59.435312100000004,53.49123972825893,5.929269892159845
127,24,78.54234919999999,70.68742590184631,7.774433335060245
127,27,82.9409082,74.64609959577501,8.281752343946637
127,29,57.88455689999999,52.0955015077045,5.766296671600588
127,2,73.8312232,66.44733047091133,7.337550520665687
127,6,76.7096212,69.03787258465341,7.585283630153253
127,7,71.8672412,64.6798071550538,7.163216699598295
127,8,62.7981409,56.51777949253015,6.215936328768169
128,10,73.93176369999999,66.53793126508683,7.377480956630627
128,12,82.9486456,74.6530516948003,8.257931262425831
128,14,66.7866355,60.107404348492956,6.6514699656999134
128,17,71.7392507,64.56472007762918,7.102609417912843
128,18,75.1256503,67.61243169830523,7.479981113725953
128,21,51.851921499999996,46.666229525485036,5.1662961903261495
128,22,82.0376083,73.83306307379686,8.158273249619116
128,23,76.6921959,69.0223092201546,7.6544065845241525
128,24,65.8694762,59.28196599907208,6.520783013367566
128,27,70.94956529999999,63.85400335957022,7.085903745893708
128,29,78.16572699999999,70.34843267550077,7.796406146365821
128,2,64.2006631,57.779995883455115,6.386767211241041
128,6,68.29713149999999,61.46678968717861,6.757749345569512
128,7,60.4429043,54.39803382180304,6.026060977862334
128,8,66.4863879,59.837187225347485,6.582328589865442
129,10,67.9839423,61.184910078745624,6.779214691956005
129,12,70.981379,63.882637601580555,7.027172205139948
129,14,79.978824,71.98022536863115,7.9819030424192645
129,17,57.9360479,52.14194089273843,5.7348299763592125
129,18,69.4972712,62.5469544498225,6.880338252618409
129,21,65.2593919,58.73277700612313,6.497461753093962
129,22,67.9987969,61.19829256532894,6.764700892468653
129,23,64.3001251,57.869548196344454,6.416040277297614
129,24,76.80958369999999,69.12795882058444,7.603287670717987
129,27,81.868154,73.68063233443323,8.175105845629663
129,29,57.8283824,52.04492982937098,5.758776981769013
129,2,69.39856800000001,62.45797904455785,6.896870767600415
129,6,76.8031215,69.12205431347681,7.596457260348264
129,7,66.54609339999999,59.89087772932342,6.638924288753433
129,8,66.806436,60.125222605673656,6.613700434859734
130,10,80.8834897,72.79435178229865,8.062295936085695
130,12,81.28356169999999,73.15449898467423,8.058075257529465
130,14,69.1073102,62.19598957196668,6.90218684051383
130,17,78.1415051,70.32666874649405,7.734722711680672
130,18,76.3273135,68.69390944221678,7.566079233185738
130,21,59.386099400000006,53.4469473848808,5.918840496474772
130,22,83.1408346,74.82595664410266,8.22433256034014
130,23,75.5539917,67.99788344547007,7.535231281021206
130,24,64.9080055,58.41665064599664,6.4255797530331495
130,27,70.3473812,63.31204370307693,7.02392452318855
130,29,77.318591,69.58596379999534,7.648712633728493
130,2,73.9377566,66.54322881527959,7.346691059307523
130,6,66.9671571,60.26981680586408,6.677234182905754
130,7,65.4744475,58.92635759749572,6.515612628859758
130,8,78.9056624,71.01442219536261,7.811613906572377
131,10,76.9011758,69.21028959241836,7.663162626401256
131,12,68.6516381,61.78588941022995,6.796379297458716
131,14,83.0154337,74.71317803287249,8.291254537439611
131,17,67.0015554,60.30082710857639,6.63291225468692
131,18,67.2494433,60.52392422671641,6.65750237408729
131,21,72.59954400000001,65.33896354720852,7.186512124987858
131,22,70.1689221,63.15138620902539,6.942924007973706
131,23,69.10611399999999,62.19491565689644,6.90250218097998
131,24,76.91991139999999,69.2272528012568,7.614224936077804
131,27,83.4976611,75.14716586707468,8.33354465263574
131,29,71.2331314,64.10917650755269,7.0494396547026525
131,2,58.7123288,52.84047538292479,5.846868669830613
131,6,75.44660789999999,67.90120483139272,7.51875019637544
131,7,61.91007080000001,55.71848799876616,6.12736504955314
131,8,58.8548615,52.9688650509282,5.875146477544576
132,10,63.640337300000006,57.275744324027336,6.351888025231623
132,12,78.3954228,70.55519510455395,7.759909313734838
132,14,57.6958737,51.92577949865749,5.759529992843836
132,17,77.0339096,69.32984636587872,7.625368876194281
132,18,76.41785709999999,68.77541532479106,7.609732845832989
132,21,56.746775299999996,51.07153897237087,5.619193308094343
132,22,82.9091079,74.61741524456274,8.26617059045653
132,23,59.7062941,53.735104679121406,5.928201211047362
132,24,67.0015554,60.30082753202589,6.63286665541991
132,27,70.3166444,63.28437998842331,7.02054897283724
132,29,68.6877446,61.81833764969611,6.850956896069824
132,2,82.1915624,73.97159841445819,8.19257908991375
132,6,65.1259718,58.612765931914026,6.4936531102352
132,7,70.9589287,63.86230570802756,7.053986869011583
132,8,77.318591,69.58606264315942,7.719925925996116
133,10,72.7350879,65.46082838863802,7.245413855467041
133,12,65.3625289,58.82572020963366,6.470774913952308
133,14,80.39845129999999,72.35790712644912,8.028581787327598
133,17,65.9439786,59.34902350649361,6.567838665129423
133,18,73.4700194,66.12236260128483,7.313169442555988
133,21,77.9269258,70.13346675644472,7.731732085606088
133,22,71.2009458,64.08020891007246,7.103007295035965
133,23,73.6031342,66.24214111598587,7.3091065364482075
133,24,76.6149664,68.95280736570653,7.584245727184819
133,27,80.3624358,72.32549662957707,8.024037772773175
133,29,77.5550124,69.79868183175522,7.7234408136555155
133,2,72.1271152,64.9137302847698,7.193352855289499
133,6,67.37311849999999,60.635133880662515,6.712873181618401
133,7,57.3155433,51.58344108048661,5.713748360835251
133,8,67.9652916,61.1681827912114,6.787575496592414
134,10,65.3277979,58.79440730103656,6.4784133259625625
134,12,71.655316,64.48915702220076,7.092667412849823
134,14,69.4833849,62.53445173335838,6.94019262159002
134,17,60.0620727,54.05535341540026,5.967841578876676
134,18,58.7738293,52.89592506588145,5.865781960225499
134,21,66.3304993,59.696852679328124,6.56377712309563
134,22,80.1471213,72.1316655969241,7.991574784421635
134,23,63.4460319,57.10087990014557,6.303436024769644
134,24,63.091160300000006,56.781505613949435,6.24575647815032
134,27,64.5246438,58.071630179605215,6.444102587313941
134,29,76.2425806,68.61754968835513,7.596535585981033
134,2,82.4685626,74.22088130227422,8.218597939651342
134,6,62.7618441,56.485079257892515,6.258781674323252
134,7,63.0480685,56.742599934111716,6.278148273105965
134,8,78.6237333,70.76068641194037,7.829725691526989
135,10,84.49620089999999,76.04576006324392,8.384374817276099
135,12,62.6454953,56.38041336633082,6.201839889700282
135,14,79.65389379999999,71.6878143850648,7.954740994895344
135,17,68.6853597,61.81620642711341,6.797753866059106
135,18,75.5347973,67.98067423662067,7.545570946186292
135,21,78.1415051,70.32658588326066,7.727759670143253
135,22,57.5607079,51.80407316435002,5.72205813794698
135,23,67.632073,60.86826703252434,6.7180803523011186
135,24,68.69973900000001,61.829168431019696,6.8012362999516585
135,27,69.6150081,62.65290137461949,6.9496183564902845
135,29,55.6052788,50.04418284656739,5.539358583624943
135,2,73.2762229,65.94792923250148,7.309009017166435
135,6,62.213021999999995,55.99115298527857,6.205942950673204
135,7,55.9812669,50.38261550863195,5.538804722494045
135,8,64.08873229999999,57.67931070670287,6.4005410613631915
136,10,72.4838883,65.23482750754668,7.228714790065884
136,12,67.8781716,61.08975985544443,6.776204552566463
136,14,68.6820243,61.813232975061226,6.858940599087915
136,17,63.9489657,57.55352442858323,6.33079774913859
136,18,59.1371337,53.222904504975006,5.903645139862043
136,21,67.0015554,60.30078843470373,6.629379668605563
136,22,66.92073979999999,60.22808965902971,6.624398792279235
136,23,56.178954000000004,50.56056417290232,5.606947798092967
136,24,60.0620727,54.05535376607627,5.945901115185163
136,27,61.7476791,55.57238585105538,6.164835628736713
136,29,67.3181614,60.585629821130524,6.703880333177489
136,2,84.6983904,76.22766236977877,8.436056252358604
136,6,74.2179623,66.79548701717643,7.4035829168362515
136,7,61.0282776,54.92475792793458,6.031514437760545
136,8,77.233122,69.50913479842073,7.710934502654802
137,10,82.9461613,74.6507495604916,8.267841330216175
137,12,63.3629908,57.0261524972823,6.328812688441614
137,14,82.3939386,74.15382850914801,8.22693370411419
137,17,79.8441903,71.85908888785151,7.904519708032529
137,18,74.9613157,67.46452346057065,7.483028442836842
137,21,76.70551719999999,69.03423470085968,7.587339447180311
137,22,80.253523,72.22741085578566,7.93935135057893
137,23,62.6232417,56.36034892993707,6.2477002164248
137,24,68.65837769999999,61.791936655605376,6.795855245131572
137,27,67.6142674,60.85225481401087,6.748482229423267
137,29,60.0619439,54.05518771283003,5.988885731155734
137,2,74.1936696,66.77361590278441,7.399494506706329
137,6,61.81391240000001,55.63190745611096,6.159801136307511
137,7,56.79097360000001,51.111336804803976,5.618195655324789
137,8,64.1583325,57.74195398659616,6.408533426440384
138,10,86.1608511,77.54384021472896,8.517089572048835
138,12,77.3971469,69.65675933547894,7.728080838244387
138,14,81.4790032,73.33038709479861,8.133844102907256
138,17,57.1848747,51.46588584697556,5.660128156190403
138,18,75.4352623,67.8910827937273,7.532757216756694
138,21,63.8854633,57.49633572802557,6.321106354613608
138,22,66.81916249999999,60.136631839971784,6.654590260368978
138,23,60.65153840000001,54.58585717844035,6.045980147051525
138,24,65.7822072,59.20342709097861,6.512392908366422
138,27,62.5967767,56.33656454481002,6.249194421382298
138,29,65.09113880000001,58.58132865336473,6.4816601421315205
138,2,77.4957405,69.74547710239443,7.734106410740134
138,6,74.6448786,67.17959947552767,7.433952420945774
138,7,74.0086915,66.60708055727339,7.319794278978024
138,8,67.15681839999999,60.4405519589221,6.70488634520049
139,10,61.1606428,55.04395933784602,6.092698014507042
139,12,66.5350607,59.88098805384193,6.625999998541719
139,14,57.553679599999995,51.797811867326075,5.745486846093418
139,17,81.0981158,72.98760010025684,8.028185372044424
139,18,59.8350661,53.8510446969661,5.974844792468361
139,21,68.887253,61.99785304857865,6.812596238821867
139,22,75.0898297,67.58012227596339,7.474276132759874
139,23,75.5854799,68.02625127055718,7.480508774822218
139,24,80.74565,72.67037248708273,8.003859542080658
139,27,80.6623076,72.5953786697255,8.05403896796614
139,29,62.0099344,55.80835389010773,6.1824270809223165
139,2,87.7304736,78.95653673590844,8.74201142443263
139,6,74.4276273,66.98399130353388,7.405444367284551
139,7,62.877053800000006,56.58875661523081,6.221050889534159
139,8,59.967605199999994,53.97033382286268,5.958573250072677
140,10,83.0239366,74.72078024320197,8.281420191853814
140,12,79.8312109,71.84739583594252,7.931374507246507
140,14,73.5694308,66.2118400377368,7.343844037636722
140,17,69.3311332,62.3974271646002,6.9044688427955085
140,18,68.0859883,61.27679660002501,6.797785764238414
140,21,60.59571030000001,54.53558635094436,5.995391840589639
140,22,63.542384399999996,57.18756325821653,6.310916595829127
140,23,65.254783,58.72873400979477,6.459034370677039
140,24,67.7588658,60.98240037251808,6.707848013599687
140,27,68.2759846,61.447803749153906,6.819285646085
140,29,76.53449260000001,68.88028298845468,7.6269178115891085
140,2,78.97844979999999,71.07983577850983,7.813622687255678
140,6,63.656533599999996,57.29027943023833,6.34712180742074
140,7,76.3016161,68.67065843925114,7.583050412174104
140,8,63.893690199999995,57.50376459475419,6.361274859531969
141,10,65.1777025,58.659306438247285,6.497130472845916
141,12,67.52419499999999,60.77120036787868,6.702934281827749
141,14,62.8743587,56.58638688406027,6.279337909531919
141,17,83.0433787,74.73832898939992,8.270133600462826
141,18,62.9049556,56.613923820235264,6.282043008209154
141,21,67.4087587,60.6672209007344,6.666128065047301
141,22,72.6244384,65.36124279573562,7.223460872058355
141,23,71.5752741,64.41713771488703,7.086147620101057
141,24,81.0981158,72.98760078545949,8.027860390768913
141,27,80.5900779,72.53038255672428,8.050112453359258
141,29,78.1701546,70.35233015191645,7.785332442992122
141,2,70.821736,63.73893346251413,7.068148736781245
141,6,72.6454747,65.38024349885922,7.243981573706946
141,7,65.7410916,59.16637008122667,6.504941946136551
141,8,62.0099344,55.80841258686235,6.192555846740592
142,10,83.2901207,74.96033333013577,8.306546159058794
142,12,80.9680109,72.87050891209651,8.044980070998745
142,14,70.0782643,63.06981455353503,6.976045445004715
142,17,62.0518341,55.84611317930207,6.178367385785195
142,18,64.3641296,57.927155804277334,6.425076506177998
142,21,63.330038099999996,56.99645447399344,6.265860676804323
142,22,62.570442699999994,56.31282435679502,6.239349758894813
142,23,66.32808650000001,59.69470286248572,6.565651068997343
142,24,69.3311332,62.397427494366134,6.8635111560187125
142,27,58.721286500000005,52.84864573289173,5.861803158353493
142,29,57.732324,51.958478086503945,5.749086065510126
142,2,75.866208,68.27888605515666,7.566464209462643
142,6,57.8819553,52.09316873952226,5.766228400314979
142,7,79.3652969,71.42797945074147,7.857261454276567
142,8,76.53449260000001,68.88038075856599,7.620626868961905
143,10,59.1512357,53.23549632299531,5.891536246223789
143,12,68.4411993,61.59649543988192,6.775489719414747
143,14,65.04824430000001,58.54286593016872,6.4780207900188245
143,17,81.3642195,73.22709383698353,8.124695441525128
143,18,62.3992944,56.158833840435776,6.177488256200537
143,21,80.7270606,72.65362542931913,8.05168036296996
143,22,70.8464076,63.76111789507983,7.06601807240376
143,23,75.4666177,67.91925997735265,7.467787986058752
143,24,81.0983317,72.9877950956096,8.027915779671769
143,27,82.0078268,73.80634252580865,8.19129064021771
143,29,74.7008102,67.22983406573229,7.431882776082058
143,2,68.6153021,61.7531108428375,6.840504171296293
143,6,74.3346905,66.90047478226673,7.406974474889397
143,7,64.673368,58.20541930557878,6.398692528496669
143,8,67.436311,60.692105542234266,6.676100290966329
144,10,79.7559716,71.77963986908634,7.954775633323929
144,12,79.84662639999999,71.86127242703749,7.904065172705723
144,14,80.55738099999999,72.50092949531015,8.041982258659385
144,17,84.7000252,76.22926778777163,8.432156265245576
144,18,76.1005779,68.48986090352409,7.5337383175939445
144,21,61.5766809,55.418429001390855,6.122832240796511
144,22,55.8309775,50.247338923289846,5.563196466094293
144,23,76.69055970000001,69.02081357410718,7.589925627927677
144,24,70.21604380000001,63.19383941698645,6.9511423862645625
144,27,60.9214684,54.82879564012577,6.082978845396023
144,29,68.8867489,61.99745077376631,6.873098675620665
144,2,90.3232744,81.2900351121726,8.999972081660664
144,6,71.4632232,64.31616090660644,7.117693345234011
144,7,76.7111248,69.03924826040388,7.640556126789343
144,8,76.2516243,68.62579504265507,7.547734026443743
145,10,55.931664999999995,50.33793554779122,5.572660789248516
145,12,65.09957990000001,58.58906576231904,6.444546329789231
145,14,69.4433716,62.49844108229738,6.936444506571397
145,17,59.7299425,53.75642823396646,5.946726486797009
145,18,66.1693227,59.55182761703644,6.550772626269742
145,21,82.237249,74.01277800578174,8.182014981203432
145,22,70.4080868,63.36662383322707,7.01061881235408
145,23,57.44443030000001,51.69946826417445,5.684777788993103
145,24,81.2032619,73.08223137273302,8.03830790554372
145,27,80.2003242,72.17960758415319,8.011611250712564
145,29,75.76162910000001,68.18465233737842,7.545130066654125
145,2,75.759164,68.18253780281812,7.554548208320316
145,6,60.2730982,54.24519709323982,6.006992697022062
145,7,61.140294399999995,55.02568415796072,6.096294643910362
145,8,67.25661360000001,60.53038086224381,6.658452698601209
146,10,70.11139159999999,63.09950037811608,6.981512332151045
146,12,72.11165430000001,64.89986413198066,7.1382210366727
146,14,79.45941140000001,71.51277930088253,7.934747807618481
146,17,80.78977569999999,72.7100935234918,7.997246376108191
146,18,74.42124530000001,66.97846462171383,7.408708629204443
146,21,61.84799760000001,55.66260394385962,6.11728816728242
146,22,52.2926226,47.0628495355704,5.189339278703111
146,23,72.9702664,65.6725871427433,7.232491394191139
146,24,69.59216310000001,62.632352159876554,6.889409960415396
146,27,67.3242873,60.59129370358382,6.727859262249296
146,29,66.64250419999999,59.9776389132508,6.647346453056589
146,2,87.7512058,78.97524152330286,8.748623116570457
146,6,74.17203119999999,66.75400733370424,7.383844112699443
146,7,65.99532500000001,59.39510555481234,6.574403643821182
146,8,75.72319320000001,68.15022636036,7.507889566794825
147,10,70.8579874,63.771485972373746,7.0604911138953765
147,12,63.134770399999994,56.82075597897988,6.250160346348126
147,14,68.51169999999999,61.659943682005604,6.8421598173959435
147,17,78.23356179999999,70.40952301879602,7.744128844674726
147,18,65.5670755,59.00981038697675,6.529608260577569
147,21,82.53326709999999,74.27914827297712,8.163909993979807
147,22,66.1216079,59.508772108745745,6.57728437251579
147,23,61.27445110000001,55.14647143589392,6.065070403733071
147,24,80.9909959,72.89118684840462,8.016876085552033
147,27,52.48518060000001,47.23620925037536,5.239766337645628
147,29,75.1698918,67.65209385959514,7.486071508141215
147,2,75.7618023,68.18491714268832,7.537581620518809
147,6,63.440529999999995,57.09587251092133,6.324532671562561
147,7,57.6644017,51.89741525325598,5.749778948087714
147,8,56.2949649,50.66497709346521,5.572171219768177
148,10,54.4953427,49.04525784496773,5.429306362640377
148,12,71.6174038,64.45504302807578,7.115353949862905
148,14,80.0164914,72.01414907175126,7.98645879875163
148,17,55.035076100000005,49.53108897534104,5.4936061008528005
148,18,73.4055221,66.06433112212304,7.308594757588538
148,21,69.2603378,62.333669311696724,6.852705254174132
148,22,60.4139933,54.37204442437348,6.017436819310914
148,23,63.3162612,56.984060327988125,6.3009796254928645
148,24,66.6980786,60.027703460571324,6.6030028902582965
148,27,68.5599423,61.70334757578709,6.844021654620657
148,29,77.1745889,69.45630395968716,7.6856417183742565
148,2,87.134806,78.42044097667224,8.681526449446041
148,6,59.205141100000006,53.28405247048261,5.900351739361952
148,7,63.229829699999996,56.90619891483746,6.299782998176567
148,8,74.79005439999999,67.31041129538906,7.404367035532301
149,10,71.64431610000001,64.47925962762056,7.152230405786048
149,12,60.50145260000001,54.45079189447941,6.04180692480119
149,14,67.0922081,60.38241194726627,6.642384080036673
149,17,68.2703029,61.44267206201872,6.8154016294509825
149,18,64.2476594,57.82234642073964,6.3603881831608655
149,21,81.2032619,73.0821662059949,8.032562695570926
149,22,69.8713995,62.88353148967543,6.949092021138684
149,23,57.8588368,52.07245112988506,5.747992744345845
149,24,68.2703029,61.44267267948519,6.75749650416874
149,27,70.6170266,63.55470083673518,7.048091809785083
149,29,59.197379500000004,53.27704253019708,5.897733796592501
149,2,76.2455535,68.62030121357753,7.605635761822324
149,6,56.275748899999996,50.64765270868028,5.6115553963423865
149,7,54.5718047,49.114099983172494,5.440455229923464
149,8,63.238728300000005,56.914324282847225,6.298650501890556
150,10,58.409265600000005,52.56774358719617,5.81885286268261
150,12,63.2052513,56.884192579597595,6.314382566068804
150,14,78.0381637,70.23367100255021,7.725539360313665
150,17,58.85315,52.96733497793348,5.857700732184678
150,18,74.13326099999999,66.71928116217661,7.364361429236674
150,21,69.59216310000001,62.63231306736854,6.8860100753582145
150,22,63.4860494,57.136837584682304,6.319840429107365
150,23,62.626035300000005,56.362862887332604,6.219742815854871
150,24,58.8195068,52.93705596037151,5.82294200551457
150,27,55.4156514,49.87360545966516,5.532370314627579
150,29,72.9154867,65.62320885689914,7.265744060413312
150,2,84.829307,76.34553092199556,8.453648264196659
150,6,60.968147800000004,54.87065936054078,6.068267910200413
150,7,60.8982458,54.80779348153473,6.067069396659992
150,8,63.375297200000006,57.03720692365416,6.325467023599359
151,10,80.197166,72.17667753234556,7.995087241797643
151,12,72.4145142,65.17243565416265,7.230838180025729
151,14,64.17738,57.75909174136878,6.35344504001789
151,17,64.65312899999999,58.187250579664145,6.43672279014973
151,18,63.334844700000005,57.000821169420256,6.325225736118085
151,21,80.3149184,72.28267442495593,8.00658192222294
151,22,60.7164981,54.644199373578,6.044592613960855
151,23,59.671599900000004,53.70391915522588,5.906372173262502
151,24,64.0722351,57.66445488565853,6.379201896365792
151,27,78.9369387,71.04256380534609,7.883217615391397
151,29,61.109082699999995,54.99760363981597,6.093656837132751
151,2,70.16306759999999,63.146108181696086,6.942237422385497
151,6,58.4031772,52.56231648180614,5.821564125336356
151,7,54.30554480000001,48.87447296190109,5.4143943386720155
151,8,57.1314863,51.41785130083305,5.705744854215243
152,10,81.2449309,73.1195898872725,8.09238283616973
152,12,63.6843492,57.315371435187814,6.360637535032918
152,14,63.4391004,57.094639790148065,6.302727223028965
152,17,59.4538424,53.50795040545201,5.8859444363457385
152,18,73.03684630000001,65.73253133777932,7.293630453017244
152,21,64.2902134,57.86060448949136,6.41074636098858
152,22,75.5245964,67.97136035205342,7.522248943723552
152,23,77.4067264,69.66536288252108,7.66115086490995
152,24,60.59401,54.53409275693909,5.998562015529548
152,27,67.0977253,60.38737954643113,6.701594649269335
152,29,63.6376078,57.27316335809825,6.337388901138447
152,2,73.7248495,66.35161371932723,7.300957335939018
152,6,73.6733635,66.30528600297997,7.33831527850945
152,7,65.0695343,58.56188220009751,6.480305188736059
152,8,62.664895200000004,56.39787928294424,6.261330693282928
153,10,58.721286500000005,52.848545746286604,5.848662091908114
153,12,76.98570959999999,69.2864721569373,7.68754670077651
153,14,55.7029747,50.13220208497312,5.534612881149155
153,17,77.9998981,70.19922770662484,7.721101108806679
153,18,61.510771,55.35916280082104,6.141846058434755
153,21,67.0603681,60.353684427296905,6.683031642343355
153,22,64.4353626,57.99124217935076,6.4186146538000255
153,23,64.12405890000001,57.71109391888162,6.347179161893313
153,24,78.0877446,70.2782804831696,7.72925160906868
153,27,79.2448284,71.31965960111276,7.913421152453905
153,29,56.7915231,51.11183320423218,5.6626219784783745
153,2,65.80506229999999,59.22394092023287,6.51066184976369
153,6,63.0399799,56.735395299805504,6.284055744809263
153,7,66.4462353,59.80087497440988,6.615529342845322
153,8,59.592908099999995,53.633107634777254,5.9512846560644235
154,10,80.84632470000001,72.76088960035301,8.056174347287053
154,12,65.3397537,58.8052143927898,6.524324748358077
154,14,65.0690761,58.561593882259054,6.477691265468124
154,17,64.5752816,58.11720251672638,6.392743742571715
154,18,53.49650929999999,48.14637548910931,5.323803138390602
154,21,58.3565942,52.52040163197036,5.819523175918176
154,22,75.1215547,67.60867418962326,7.456562509636204
154,23,76.7596022,69.08295123889923,7.596833607090142
154,24,75.8402603,68.25556934911731,7.550623174163943
154,27,69.1221336,62.209332848649964,6.904770469156988
154,29,60.4001978,54.35954156998623,6.015713815152485
154,2,70.3125271,63.280552754445175,6.953344954026464
154,6,72.6219984,65.35904866553788,7.234241271670146
154,7,53.7001131,48.329548256112965,5.34956890768366
154,8,71.91505649999999,64.72293224917497,7.181937819536563
155,10,82.6409756,74.37604185132476,8.231174789796494
155,12,71.74706640000001,64.57174539517204,7.165874184705621
155,14,57.124916400000004,51.41194622751972,5.7071379004536995
155,17,77.4752475,69.7270466695424,7.669029212638712
155,18,63.751730699999996,57.375993358640095,6.346018297336578
155,21,64.7940074,58.313953985687874,6.453811991218559
155,22,63.664973,57.29789531814674,6.341366838697946
155,23,67.23463079999999,60.510585043237725,6.690662801759
155,24,54.239545,48.815115538662575,5.41429588924236
155,27,80.10988420000001,72.09819951986219,7.999219022208899
155,29,63.3306228,56.99700833652421,6.2685145340787765
155,2,64.311138,57.879421915671045,6.362786565177928
155,6,62.1904741,55.970851167374214,6.201596628181692
155,7,72.9924702,65.69249085445973,7.2568893564694
155,8,60.952720400000004,54.85692909281516,6.087716015515175
156,10,60.706134899999995,54.634917331942354,6.048684005547663
156,12,76.7397316,69.06508267641716,7.660614813274689
156,14,61.3187182,55.18632695812725,6.125533944626184
156,17,63.3853451,57.04626991051899,6.274918116277822
156,18,61.61072789999999,55.449092149351614,6.145783138681201
156,21,60.774773,54.69674464215395,6.060526803309814
156,22,65.1820176,58.66323018555565,6.501939295859295
156,23,79.8776626,71.88917207311238,7.949932820530513
156,24,75.7120817,68.14022725956582,7.563030432209025
156,27,66.8948675,60.20481110712049,6.681737652630944
156,29,71.53447320000001,64.38024670350855,7.071559112643083
156,2,68.34974539999999,61.51402123119654,6.765767321453873
156,6,72.2288547,65.00524067020889,7.196084259822812
156,7,60.7730011,54.69512269964417,6.013039891100776
156,8,71.5823192,64.4234645776364,7.147079442903596
157,10,81.3956644,73.25529060770798,8.111038141656179
157,12,62.2380995,56.01375418319671,6.214905192731382
157,14,76.7682701,69.09078002495079,7.666856810229024
157,17,78.05276789999999,70.24681319020222,7.726426812075844
157,18,63.30034249999999,56.969730768238186,6.315326342834779
157,21,78.1223165,70.30933069638198,7.7269272114057355
157,22,71.35122080000001,64.21539454223881,7.108765081690736
157,23,69.0699745,62.16237859392279,6.877253678938117
157,24,56.875671000000004,51.187611666824964,5.678698048881261
157,27,79.8674802,71.88003433664316,7.9741269904138665
157,29,64.8492186,58.363635919777835,6.412989668339918
157,2,61.771391799999996,55.593676176750336,6.111529766563566
157,6,60.889370899999996,54.79986575495389,6.070997633613652
157,7,73.9295587,66.53586171083258,7.311883914201687
157,8,61.8262429,55.64309339270218,6.157936454144423
158,10,67.9633523,61.16638401624196,6.776936291928004
158,12,76.0987355,68.48819170606978,7.596597960394322
158,14,76.92777050000001,69.23430348130805,7.6771065876785105
158,17,63.1580046,56.8416644792214,6.252356391361553
158,18,52.162542,46.94583906377126,5.208181558092723
158,21,66.0232336,59.420339172336256,6.535137434983811
158,22,69.5677298,62.61025220593483,6.921054303618399
158,23,76.6426689,68.97771256362334,7.628562533008969
158,24,78.05276789999999,70.24681414138068,7.794291236734238
158,27,63.6769265,57.30869266650187,6.3601259517081905
158,29,62.766443800000005,56.48924201999525,6.263899440366589
158,2,71.47913489999999,64.3305047154416,7.069166147163235
158,6,73.2036937,65.88258710566431,7.290664220439754
158,7,61.2652656,55.13815643587072,6.06085478386538
158,8,70.4441993,63.39915781542473,7.008377379778925
159,10,78.5055061,70.65419810377574,7.824094557176165
159,12,72.9911443,65.69139126511973,7.287046612117542
159,14,60.465364,54.41830263812392,6.007049024603561
159,17,78.4407502,70.59599392148054,7.764854016120623
159,18,60.8714218,54.78374886395918,6.076931582897185
159,21,77.0643522,69.35721891898548,7.6256542440019714
159,22,54.00591970000001,48.60479471225974,5.3807910231762435
159,23,63.1516366,56.83592386034823,6.2510470529345925
159,24,61.61516339999999,55.45311902240958,6.152586126693723
159,27,72.8622372,65.57537961627366,7.274696069807847
159,29,71.301178,64.17024859962785,7.097154546825413
159,2,65.3062237,58.7749859456847,6.460910509651172
159,6,59.2856659,53.35654830852831,5.870738340022817
159,7,73.8980521,66.50749051606925,7.307604328915427
159,8,71.22292449999999,64.10000361457375,7.049512059721144
160,10,63.0319281,56.72814466189238,6.283559718853731
160,12,61.253022800000004,55.12719362956079,6.115703311872887
160,14,77.63926450000001,69.8746626682609,7.730687495899349
160,17,63.714004599999996,57.34205969227264,6.307402080882796
160,18,63.942523699999995,57.54768831950492,6.379526720937417
160,21,54.793693600000005,49.3137821454977,5.41870248877894
160,22,68.6361825,61.77193018375246,6.844691199963615
160,23,68.60348880000001,61.74251272318656,6.827067924781714
160,24,77.21617710000001,69.49389195259951,7.688825314809328
160,27,58.6146246,52.752662927948386,5.8537810859697474
160,29,70.8054746,63.72421619185047,7.055996018162664
160,2,81.77334400000001,73.59520427295642,8.088246620743455
160,6,63.9245745,57.531441054546356,6.336618471532797
160,7,61.380565,55.241919632249186,6.0721939371478015
160,8,53.4253758,48.08237459721565,5.318721098728317
161,10,68.61992810000001,61.75723791026003,6.835744075032564
161,12,65.17822340000001,58.65985011171387,6.511451191665273
161,14,65.550255,58.99466952828311,6.489450496198477
161,17,77.02322219999999,69.32022779412492,7.624283009913777
161,18,53.4867592,48.13761882971405,5.313278253833449
161,21,77.66180609999999,69.89492229318473,7.685004473588019
161,22,53.3819096,48.04321110859911,5.3207145130020095
161,23,59.482404700000004,53.533646969323215,5.93859013869978
161,24,65.50931519999999,58.95782592622583,6.4853236458116275
161,27,66.99805669999999,60.29766398218527,6.687992994954498
161,29,58.7100027,52.83843268947547,5.85239395166685
161,2,70.25498,63.22883250954004,6.9513811883221335
161,6,64.390455,57.95070547318842,6.384771702048493
161,7,71.8095622,64.6278961592765,7.140265146306069
161,8,70.6962519,63.62601439585505,7.039216655921264
162,10,59.273539500000005,53.345635156547644,5.90911753581639
162,12,67.4657955,60.71862858132464,6.7357404125922065
162,14,75.9172665,68.32487166085662,7.5146905834656765
162,17,59.742465,53.767708248712715,5.914201344557245
162,18,72.3927505,65.1528504621383,7.166240827867557
162,21,55.08473430000001,49.575717110489926,5.487617943314178
162,22,57.59156359999999,51.83189090815391,5.745306785575696
162,23,63.438582200000006,57.09415363207278,6.313992756966276
162,24,76.7727988,69.09484973770819,7.610841371518423
162,27,57.296018000000004,51.56593062248038,5.722182631116172
162,29,70.3864617,63.34704733932632,6.992825471633586
162,2,82.48427550000001,74.2349763180226,8.15533533052987
162,6,51.3875733,46.248301157050385,5.119402524898041
162,7,58.993861700000004,53.09391319937441,5.881479894411494
162,8,60.503155500000005,54.45233155949886,6.026089559270395
163,10,64.1338788,57.71991217357609,6.397668951154939
163,12,57.9808259,52.182251179709155,5.7911394399052325
163,14,64.7597698,58.28323866720617,6.411068519333601
163,17,66.5249223,59.87185155601805,6.623707829795891
163,18,63.0399799,56.73544526597986,6.2407854612121785
163,21,75.4630671,67.91607663762532,7.527199608455277
163,22,65.4099015,58.86822202484765,6.5128912555121286
163,23,57.0621244,51.35541530750428,5.648117838589472
163,24,58.7883783,52.90903886080197,5.819732664449991
163,27,63.8906918,57.501062322394,6.37712450270586
163,29,57.742474200000004,51.96768438964076,5.712847648718685
163,2,70.12006170000001,63.10740322332284,6.937825022061422
163,6,59.95874,53.96225708923181,5.973514325296089
163,7,64.30891749999999,57.877353321019534,6.406072938095026
163,8,50.640312200000004,45.575843497635475,5.012578251070932
164,10,80.28387359999999,72.25471359269557,8.002793509766546
164,12,67.49483389999999,60.74476289097594,6.738641804860437
164,14,75.883196,68.29421860854995,7.51180947740233
164,17,54.9152916,49.4232938391573,5.468463490639696
164,18,72.3890011,65.14947082232098,7.1655310184990535
164,21,53.562953400000005,48.20614352149671,5.337719110832296
164,22,55.1758188,49.657726524769686,5.501717782503804
164,23,61.1245453,55.01152764500518,6.048446974273949
164,24,67.1879683,60.46858781184859,6.6507497381265495
164,27,55.670799,50.103246845071276,5.5600324666634195
164,29,63.38589019999999,57.04661826928687,6.266508579857724
164,2,84.6123041,76.15024392404347,8.369301181891352
164,6,52.625946400000004,47.36284591928878,5.245773579284435
164,7,56.142267999999994,50.527515668930825,5.597998790565887
164,8,60.6062947,54.54514194481949,5.999326336715994
165,10,65.9123762,59.320512733753674,6.5684577880814645
165,12,60.503058700000004,54.452237370236055,6.041933960832807
165,14,59.1929022,53.27310673901298,5.859938416079365
165,17,62.90807229999999,56.616717696907884,6.26345321431098
165,18,61.6550025,55.488977530289134,6.103660485929814
165,21,67.1585781,60.44206150481772,6.691475095510402
165,22,66.7274727,60.05408286625791,6.64993274224885
165,23,55.6029522,50.04217303411128,5.535591905881766
165,24,54.1365581,48.7224416427267,5.359206228314983
165,27,64.4493284,58.00383046116516,6.433697652952441
165,29,62.248639,56.02310286255405,6.184634720568441
165,2,69.8788638,62.890322673112586,6.913644207239308
165,6,57.72559819999999,51.95239278583097,5.745751550099651
165,7,63.5607359,57.20397656655657,6.328923154365718
165,8,55.9227703,50.330015207450444,5.5837904504571005
166,10,79.4659718,71.51861729082982,7.8613115309455175
166,12,77.1603839,69.44367100333494,7.702685346082627
166,14,62.85336769999999,56.56749516505372,6.27724579357854
166,17,58.120622899999994,52.308065342488,5.787753277092204
166,18,72.2288547,65.0053404419651,7.1496898829241635
166,21,54.7184101,49.24606726591611,5.456237565419362
166,22,55.297648099999996,49.767364013064345,5.510983585769134
166,23,61.3299911,55.196434551220776,6.119400646106033
166,24,65.1848582,58.66579905629561,6.461464098984232
166,27,58.2755461,52.447496054084525,5.820129557757297
166,29,50.2758911,45.24776779576825,5.0069603191231
166,2,81.6450586,73.47974854533388,8.075701776492737
166,6,52.770471500000006,47.492929951212375,5.261743564947456
166,7,57.6971224,51.92685370036321,5.751078956920652
166,8,74.0086915,66.60718159563261,7.390158884002658
167,10,66.8464254,60.161159346168105,6.663815400471306
167,12,76.2624979,68.63557644793705,7.612024809179536
167,14,51.8999553,46.70949864924172,5.179138743972096
167,17,78.4435261,70.59848505078479,7.764654860194448
167,18,61.6296156,55.466130304890704,6.101191800684856
167,21,64.30093310000001,57.8702055934389,6.406058773966234
167,22,67.3701054,60.6324462854152,6.687076538557461
167,23,58.5826567,52.72388151872531,5.848811676397432
167,24,58.120622899999994,52.30806566743128,5.755431106612365
167,27,75.1342448,67.62016974884155,7.5022966499172306
167,29,60.5186038,54.46612104084045,6.029203410542321
167,2,65.4872134,58.937875129473746,6.478895601237261
167,6,58.3207127,52.487990713480556,5.8051262220805775
167,7,74.7254693,67.25219748799609,7.431436700759167
167,8,62.877053800000006,56.58881343658991,6.280265306112496
168,10,80.1335709,72.11941732903462,7.985138120375824
168,12,58.5956152,52.735547802881044,5.849786016780975
168,14,64.82664580000001,58.34341297705159,6.467149925640134
168,17,64.3477687,57.91244369348979,6.370264102130929
168,18,73.1651458,65.847990645529,7.242111503693052
168,21,58.120622899999994,52.308029007309706,5.750461855687579
168,22,56.7390365,51.064611906958476,5.633956981850406
168,23,72.07388850000001,64.865849711205,7.192624814661858
168,24,78.43686389999999,70.59249396082274,7.764292202277822
168,27,59.6635927,53.696724210668194,5.958661625105309
168,29,56.941040099999995,51.24635655773517,5.673244979033159
168,2,69.4897181,62.54004689555244,6.881374166300327
168,6,55.6416758,50.076995333179774,5.549286366338014
168,7,63.2803965,56.95175690763599,6.260439340100097
168,8,75.7257053,68.15248734114401,7.563822233398192
169,10,65.73845820000001,59.16399372056256,6.55497252778416
169,12,77.85875,70.07219814552187,7.773231725096525
169,14,66.6667939,59.99951275209746,6.635427954540548
169,17,77.2457129,69.52047063639412,7.6464933697481845
169,18,59.1107085,53.19913483490765,5.8517329124709745
169,21,78.43686389999999,70.59242064484322,7.75801618737898
169,22,64.830138,58.346439542071415,6.446760643237519
169,23,68.53279289999999,61.67888721471235,6.83784771278362
169,24,63.47011500000001,57.12256249517336,6.283345967891325
169,27,74.74909029999999,67.2735340170117,7.464167834076
169,29,60.9037167,54.812658988075505,6.06174732879603
169,2,60.376154299999996,54.33797045233414,5.973127540258212
169,6,69.964468,62.96731216631824,6.970819350803353
169,7,76.3652364,68.72793516956865,7.551961066109025
169,8,59.1549995,53.238988942300374,5.905655173598182
170,10,78.9442122,71.04902989501521,7.869863729643696
170,12,66.97469980000001,60.276660924720744,6.689356251215788
170,14,52.4865209,47.23741007604134,5.239608532599728
170,17,62.430748300000005,56.18714007079166,6.180350080513082
170,18,63.694625699999996,57.32460791704852,6.327725939787139
170,21,62.7262367,56.45303841478388,6.206120296707352
170,22,54.732554,49.258795225203286,5.457898589171039
170,23,56.9456567,51.250576573198,5.6672221684393165
170,24,77.07607589999999,69.36780194859641,7.629898723046576
170,27,61.191161699999995,55.07152499178696,6.111493798848491
170,29,74.23386400000001,66.80970211974622,7.377531962658714
170,2,68.191722,61.371846366631615,6.7429311175673705
170,6,68.79185580000001,61.91192933873944,6.8498111038086
170,7,63.8990757,57.508567492938084,6.321897720741146
170,8,79.3652969,71.42808012982844,7.856589919686006
171,10,63.1614472,56.84471079346249,6.298210740236144
171,12,78.7516274,70.87577645945217,7.862585345203235
171,14,76.55946780000001,68.90285502879188,7.644970107380257
171,17,76.5284747,68.8749624725328,7.586877290757616
171,18,55.74514069999999,50.170152869127726,5.55117056273693
171,21,76.964388,69.26721619843829,7.613052194762049
171,22,63.602437300000005,57.24154056482217,6.334577822831169
171,23,72.7629171,65.48596925398577,7.227644451536384
171,24,61.4937058,55.343809274238325,6.087509633223946
171,27,75.3163554,67.78406118511828,7.518137631143068
171,29,62.212279800000005,55.99046235522997,6.1548097208497925
171,2,62.857561,56.57121059767032,6.218491580573212
171,6,53.472577099999995,48.124766247019096,5.325373302422659
171,7,78.38825130000001,70.54858476867281,7.749784262027228
171,8,65.52481470000001,58.971775332375366,6.48690670967072
172,10,71.798394,64.61785504279136,7.1565742509113734
172,12,75.65477059999999,68.0886271063169,7.551262560262494
172,14,64.15038320000001,57.73479795260708,6.407686726361136
172,17,60.0773844,54.069130516554495,5.947340633308755
172,18,59.775725,53.7976311745958,5.967452078067904
172,21,63.351339900000006,57.01562926953042,6.268276987025339
172,22,53.5289484,48.17556054574843,5.337656277874248
172,23,62.9428129,56.64798432466055,6.230350203083159
172,24,76.7715843,69.09375274624936,7.59915672403146
172,27,61.3827381,55.24394285213517,6.1300183084245266
172,29,76.07622590000001,68.46785797568599,7.5250449695520505
172,2,80.8973393,72.80679252353983,8.000608348653186
172,6,71.2463707,64.12105530815224,7.1000624665464604
172,7,75.9590214,68.3623452452584,7.5121414929153465
172,8,76.8053026,69.12410091459635,7.646700064890235
173,10,58.5156942,52.66356830681944,5.83381157360055
173,12,60.882895500000004,54.79408036703403,6.076655775762784
173,14,74.2590545,66.83249544097066,7.413689085517132
173,17,74.9026626,67.4117480486817,7.41470465950317
173,18,53.7922052,48.41252684868509,5.34524672819242
173,21,76.5284747,68.8748979786594,7.569832866860516
173,22,59.9517943,53.955993037539734,5.962705326647262
173,23,71.0685812,63.96108132573121,7.033298447584818
173,24,62.4335659,56.189677230120516,6.180725440402542
173,27,73.0142999,65.71223757853426,7.289492473897448
173,29,63.139003599999995,56.82449456480529,6.245845478087692
173,2,68.132184,61.31833039889924,6.740956175421111
173,6,57.662065299999995,51.89530396355016,5.746960827825283
173,7,60.312592200000005,54.28073253168293,6.009984444933628
173,8,61.05409830000001,54.94817682174934,6.077599317499738
174,10,66.12325580000001,59.51025438979813,6.587415545222485
174,12,78.9780348,71.07954114495448,7.882155549297886
174,14,73.8517376,66.46590035883564,7.369952259801489
174,17,62.7914254,56.51175589052384,6.216768505227398
174,18,56.497964,50.847677262094535,5.6181234267952895
174,21,61.4418145,55.297069499390254,6.07908899180152
174,22,51.0620064,45.95533368910719,5.069633051183291
174,23,60.7861314,54.70698954109855,6.016799627708359
174,24,75.8278611,68.2444169436672,7.506170816146911
174,27,59.1098172,53.19832286227812,5.900443063221007
174,29,77.6734185,69.9053061018589,7.72289599870144
174,2,81.8676715,73.68009820372845,8.09754084995647
174,6,72.4225063,65.17952534414549,7.214941544194373
174,7,77.7032398,69.93212806503976,7.743004394989486
174,8,63.2125517,56.89074216725871,6.302484679912652
175,10,57.139570500000005,51.42508149770367,5.698017184806936
175,12,67.42707759999999,60.683796370289116,6.732401175974403
175,14,56.2851737,50.65616941687416,5.5715703186599645
175,17,64.60746499999999,58.14614918775699,6.394777162672132
175,18,52.7485102,47.47321190793553,5.2218572892854995
175,21,76.0506757,68.44487274900136,7.578154410574284
175,22,58.2860394,52.45682750015997,5.781090217855832
175,23,68.8264945,61.9432226121723,6.811411353741873
175,24,63.1147829,56.80276746843662,6.248205547623676
175,27,49.6502433,44.68477639223855,4.954407775740608
175,29,65.84618169999999,59.26094774199342,6.550367636989969
175,2,67.5072915,60.7559280177414,6.678827747397398
175,6,61.03446,54.93044459063933,6.083384789252324
175,7,63.6383112,57.27387750723212,6.330006225908625
175,8,55.6361113,50.07202890566858,5.540491652398143
176,10,63.184884,56.86575902402116,6.295410748418935
176,12,77.1424692,69.4275515915431,7.701671533557559
176,14,75.18639999999999,67.6671023013131,7.442395139593367
176,17,63.468455199999994,57.121045028838154,6.317717374158996
176,18,58.9948035,53.09479962058905,5.838879177177242
176,21,62.2925661,56.06274226916998,6.1969913299437644
176,22,49.359768700000004,44.423327541643886,4.899916955152367
176,23,56.30647439999999,50.67533533405763,5.605505653202787
176,24,74.4365657,66.99225089743052,7.367659589851252
176,27,64.35010410000001,57.91453311440512,6.424495393862865
176,29,76.74570870000001,69.0703757054037,7.6480661934708465
176,2,80.0716261,72.06365858072132,7.960321395432797
176,6,72.55014469999999,65.29439773448674,7.174866564736029
176,7,74.4642911,67.01710207932841,7.418846722425692
176,8,61.5168492,55.36462448592501,6.123884163232075
177,10,57.6062793,51.84514733669861,5.747677780912138
177,12,62.285802000000004,56.05669099428161,6.2202734997860265
177,14,61.3884401,55.249069836715016,6.077139203968368
177,17,56.480563800000006,50.83203097812087,5.64227758076573
177,18,55.43408050000001,49.890202056736044,5.487768799543205
177,21,74.2267864,66.80338715321435,7.341335883949952
177,22,57.780035,52.001455745899655,5.733204343287954
177,23,58.6920738,52.8223370099848,5.854595675574985
177,24,58.1642223,52.347304746186204,5.75799500662911
177,27,53.5547322,48.19880494511769,5.348845024298072
177,29,61.973181600000004,55.775281207826765,6.1791658590127785
177,2,65.9716284,59.37384002221346,6.5773076829879376
177,6,58.6637411,52.796813302671715,5.803529005408765
177,7,60.1329048,54.11904216953271,5.99496891829485
177,8,54.4191883,48.976807260604545,5.419097351082788
178,10,73.9327274,66.53874581819193,7.369798761555334
178,12,65.6829566,59.11409176917423,6.558195690482576
178,14,71.3436019,64.20864059221546,7.106220968498735
178,17,53.8938189,48.50397184059079,5.381126957005267
178,18,69.964468,62.96741191060322,6.925524783484597
178,21,59.8418895,53.857170909756135,5.922200182686467
178,22,52.546524299999994,47.2913711496931,5.215744456600853
178,23,52.6552688,47.38928478411001,5.242140101873177
178,24,64.05582629999999,57.64968697630241,6.340607438914836
178,27,65.5676954,59.010339390584114,6.543343904494153
178,29,66.17387620000001,59.55578302398279,6.589682411064894
178,2,79.786924,71.80746529915524,7.893062544717934
178,6,60.776051900000006,54.69784169862773,6.053308855491875
178,7,64.8719033,58.3840632610012,6.4647915604863755
178,8,64.238012,57.81364759324238,6.3954554574002245
179,10,60.5653228,54.508221158508185,6.038357129288506
179,12,56.464002300000004,50.81712223903419,5.638559526666707
179,14,53.354691700000004,48.01876097046037,5.31221744224467
179,17,74.6710391,67.20327943362983,7.434244777341015
179,18,60.1495662,54.13409782298199,5.954626817005558
179,21,54.2002963,48.77977220673435,5.40356721790915
179,22,51.4394106,46.294871378839105,5.1160674245435915
179,23,59.0257129,53.12258748221666,5.860904528069085
179,24,54.6914624,49.221852287755766,5.425449693362742
179,27,58.804947500000004,52.92395418524901,5.87373605965535
179,29,58.1142496,52.30227542549118,5.780427369498463
179,2,66.0843958,59.47533416296454,6.538149453206771
179,6,53.5172506,48.165016746365865,5.334376028002347
179,7,55.6315056,50.06781569570172,5.503179536044869
179,8,64.69161249999999,58.22188787335646,6.458571806005552
180,10,74.7635522,67.28646068384063,7.450503478508202
180,12,65.9112487,59.31955268447622,6.5800976157405575
180,14,66.656485,59.99025226312876,6.597971348384362
180,17,66.6767858,60.00854457042143,6.641000047223191
180,18,71.9111545,64.71941299881173,7.118239112622198
180,21,57.092378499999995,51.382630248590786,5.694571916384507
180,22,55.812058300000004,50.23035145879054,5.567575631296956
180,23,56.04321289999999,50.43840525922835,5.567595941311889
180,24,63.458674699999996,57.11223662571643,6.332683144092476
180,27,77.2124523,69.49053575561544,7.709699922841355
180,29,62.6616368,56.39484338458428,6.198455635029663
180,2,78.17275380000001,70.35471615782387,7.732614605892238
180,6,58.935903599999996,53.04169915154505,5.87004474734558
180,7,62.9357684,56.641545116280646,6.223618010175369
180,8,55.614950500000006,50.05297532798164,5.552711474194499
181,10,60.3825924,54.3437653234582,6.018771938754863
181,12,59.26293929999999,53.336140586909984,5.918035781023791
181,14,57.4608757,51.71429872492637,5.711030700934945
181,17,52.4100962,47.16862958396503,5.217599195655538
181,18,59.52679010000001,53.57360382350156,5.892864123118433
181,21,73.2232157,65.90021027926414,7.299100826189314
181,22,66.010694,59.40896643131834,6.576601065720788
181,23,71.6396787,64.47506445197627,7.130196065994377
181,24,54.5736859,49.11585212681827,5.450245271492407
181,27,62.238878799999995,56.01446136211976,6.216212589937443
181,29,54.7786301,49.30023639514978,5.418423635177466
181,2,60.6950338,54.6249441564854,6.035988220764795
181,6,54.9440666,49.449134140544906,5.477208334455435
181,7,59.8713011,53.88360912862572,5.9234063774413395
181,8,73.0130838,65.71114039999486,7.29004528444087
182,10,74.9275247,67.43402052196481,7.465142137666493
182,12,73.4033975,66.06241926068635,7.32902023493245
182,14,63.740807200000006,57.366163405369676,6.361948208111033
182,17,72.88155979999999,65.59277679961049,7.25750052172085
182,18,71.929281,64.73572958539398,7.1201950927631525
182,21,60.2095983,54.18808583674295,5.988795454907159
182,22,55.3591732,49.822743903977006,5.519968270831377
182,23,60.9308015,54.83719153147834,6.066262883823197
182,24,73.152856,65.83693802611526,7.305149729416772
182,27,75.2488501,67.72331066888545,7.512501289406992
182,29,59.789556499999996,53.80996835983342,5.911185312848619
182,2,67.4248394,60.68167485546434,6.718572111776319
182,6,70.0079993,63.00652424196814,6.978000420104907
182,7,77.0507398,69.34486245253706,7.618808089626641
182,8,60.7730011,54.69518326952777,6.069747805637474
183,10,61.5232538,55.37035871047423,6.135102116046017
183,12,61.0781483,54.96981306411928,6.100235760787471
183,14,55.7169584,50.14478523088551,5.548049322313074
183,17,64.8874225,58.398132437863076,6.466212285745559
183,18,61.03446,54.93049462292359,6.042218992241357
183,21,75.1787564,67.66013763657631,7.435491105510796
183,22,64.7175365,58.24513580563956,6.447425035281292
183,23,71.2260221,64.10277706408377,7.088913953859682
183,24,61.066924199999995,54.95971159288438,6.09857822271591
183,27,63.8521095,57.46636276341908,6.3218578662835085
183,29,54.786496299999996,49.307325688948886,5.419840458396275
183,2,57.7918909,52.01215630771318,5.762540057874517
183,6,59.358413600000006,53.42201320306283,5.917765799276276
183,7,65.0848584,58.57576580366946,6.439517185759296
183,8,73.862882,66.47595141491405,7.362853043200372
184,10,72.81677789999999,65.53436663839366,7.255240214145334
184,12,73.3007234,65.97001630464092,7.3193949246718555
184,14,75.2133564,67.69136610947058,7.4453005398025445
184,17,54.0252193,48.622234132566966,5.379412912795389
184,18,72.55014469999999,65.29449867478912,7.181479571847705
184,21,61.0774472,54.96914840495478,6.04403588318396
184,22,55.2053935,49.68434945045261,5.49806375715587
184,23,61.0609048,54.954283236082766,6.04401473053256
184,24,74.7958865,67.31564578599767,7.4317324234414395
184,27,75.1064908,67.5951884470936,7.478097492841443
184,29,63.24839169999999,56.92290547179654,6.254438611260728
184,2,64.5465596,58.09124781643487,6.431264953697199
184,6,70.8720974,63.78419594575412,7.063239580609847
184,7,75.92805919999999,68.33445954235575,7.507539357544836
184,8,61.4935197,55.34364368079858,6.087710715123007
185,10,59.1098172,53.19823396429193,5.88814907666543
185,12,61.589927,55.43041034222112,6.151587184157564
185,14,65.9512689,59.35558021797817,6.529142766387978
185,17,63.3044441,56.97344189057175,6.318482827484843
185,18,58.6637411,52.79686715370664,5.80740847383376
185,21,73.480948,66.13216649790043,7.269947740826085
185,22,63.6782709,57.30979012717721,6.341475085312586
185,23,73.2795388,65.95092412612426,7.25217967450621
185,24,59.614087500000004,53.65217010141545,5.923551902561281
185,27,60.6812998,54.61265366811252,6.060027947494433
185,29,58.4799089,52.63136522413128,5.785444958589701
185,2,58.6113934,52.74969702734094,5.843793428684485
185,6,58.418910700000005,52.57646388602092,5.8233593071714935
185,7,64.6930218,58.22311624181897,6.400750657345672
185,8,73.5803975,66.22172050416948,7.294640542992792
186,10,53.421689900000004,48.07895443424243,5.319805071206382
186,12,72.3825361,65.14365278943691,7.227004860789475
186,14,77.5414931,69.78666160327748,7.6753760894704195
186,17,53.922244799999994,48.529556593876634,5.383629773682581
186,18,60.7958358,54.71572476268796,6.017890766213715
186,21,56.9668495,51.26963162101313,5.665012811698159
186,22,52.9494767,47.654034170145344,5.2789124018200235
186,23,61.390453199999996,55.25087395716998,6.076631942399445
186,24,73.9501304,66.55447559784709,7.347450574297773
186,27,74.0049403,66.60380541847512,7.3888845854202305
186,29,72.978793,65.6801676542444,7.216803036163629
186,2,74.89595030000001,67.4055954252748,7.46281955199135
186,6,70.51411130000001,63.46198637133686,7.024903689283243
186,7,80.0185959,72.01590742418145,7.912793571938653
186,8,62.879898499999996,56.591374277201254,6.224982844238383
187,10,62.2564919,56.03024850584974,6.206640242420814
187,12,60.0712181,54.06358540796861,5.999836445910158
187,14,64.5697894,58.11225892246935,6.3922400089254285
187,17,59.372961700000005,53.435160354278274,5.930286197352096
187,18,54.0827955,48.6740556310773,5.384535307823811
187,21,72.9202609,65.62755299298973,7.216125377873307
187,22,65.0332228,58.529250765357205,6.479022679299628
187,23,72.3305032,65.09680025549737,7.158211443972193
187,24,59.0189655,53.116565489083456,5.893695507655483
187,27,56.230834900000005,50.60727267447941,5.599442122108754
187,29,60.922239600000005,54.82943727361699,6.027024677447528
187,2,61.8954354,55.70531079134447,6.157035824503382
187,6,59.0112369,53.10955717307805,5.883237401929238
187,7,65.2358701,58.71167094650813,6.454261915067097
187,8,72.4692658,65.22170863564858,7.173442599820321
188,10,47.6085627,42.847203963032754,4.740941850167681
188,12,72.0606614,64.85397346048116,7.196011371824564
188,14,74.6791302,67.21056385225043,7.392225820064696
188,17,46.658588,41.99232181155775,4.657399778470902
188,18,58.1780057,52.35970042798564,5.808373876925895
188,21,59.1655653,53.24848897053552,5.904008413137522
188,22,53.26770990000001,47.94044130930555,5.310664353756152
188,23,61.621027299999994,55.4583886603036,6.099444768186202
188,24,73.00468,65.70357848702936,7.2889909113127045
188,27,64.9334983,58.43958563843013,6.464974328347346
188,29,73.6229338,66.25991685577034,7.320742342483818
188,2,74.5214452,67.06855845554863,7.40555797600556
188,6,70.7704298,63.69268482488874,7.052724182722767
188,7,76.5274586,68.87393375350538,7.568009732858231
188,8,58.6503741,52.78483797380421,5.80617177485803
189,10,64.46245350000001,58.01552729563482,6.373138684890078
189,12,56.1821146,50.56342146306008,5.609429980694263
189,14,63.799832099999996,57.41930484902416,6.316046252157614
189,17,60.471081500000004,54.42344952177989,6.037891012973143
189,18,56.443064,50.798277831110106,5.620698960140364
189,21,48.024190700000005,43.22128863492187,4.782436730565059
189,22,60.9002574,54.80962959920882,6.06786912612162
189,23,70.2747915,63.24667743089162,6.954730678163769
189,24,57.806957999999995,52.025769176574144,5.772619956835125
189,27,52.355597700000004,47.11959252973107,5.202003184999919
189,29,61.2652656,55.138158154904716,6.0937083491964925
189,2,61.3669878,55.22970794685117,6.100606795364635
189,6,63.392038299999996,57.05219594025137,6.3153245227691865
189,7,62.3766332,56.138372418693656,6.170655961324227
189,8,64.5156048,58.06347857118715,6.395111776178581
190,10,58.414007,52.572062792720324,5.7793059598932235
190,12,69.5322978,62.578467969070196,6.940559860314291
190,14,75.88044889999999,68.29173614667312,7.511236131718414
190,17,51.3328354,46.19911294742904,5.081589977481652
190,18,70.6844289,63.6153705297192,6.996888329535718
190,21,61.0874487,54.97811696208439,6.073375795745879
190,22,52.560850800000004,47.30427783490727,5.240515160956233
190,23,57.146798,51.43161918021174,5.656368024266455
190,24,63.29821369999999,56.96784238912156,6.3198081544736615
190,27,65.1243476,58.61134547353584,6.4755979436963464
190,29,73.92213389999999,66.52918232066415,7.349789877170654
190,2,75.7703663,68.192561826756,7.532338199088217
190,6,55.5143372,49.96230058037869,5.524513834191058
190,7,74.0719444,66.66403098005337,7.383165031976112
190,8,55.6799274,50.11146151699678,5.512039474129521
191,10,77.2074013,69.48590276289545,7.636428638274288
191,12,55.80483040000001,50.22387234115867,5.570969940007798
191,14,64.56868879999999,58.111269316253676,6.416080131023588
191,17,60.8740261,54.78609349089577,6.025725998290355
191,18,60.0697922,54.06230190911245,5.94670412618203
191,21,51.4619161,46.31524336276162,5.117420462757762
191,22,62.2749895,56.046864543722165,6.2037459380123146
191,23,60.38873769999999,54.3493143918392,6.009513416112003
191,24,53.866249700000004,48.47916563675022,5.37951549615946
191,27,63.0867185,56.77751745167319,6.246026063230435
191,29,60.40100940000001,54.3603233511403,5.974732884902056
191,2,63.0667596,56.75949245783165,6.2731845393594
191,6,69.9892265,62.98957642136183,6.969474890797622
191,7,58.242979500000004,52.41812560972667,5.805932882664101
191,8,62.8352893,56.55121272984495,6.2195738318868905
192,10,59.803824999999996,53.82286864646711,5.9156884277599024
192,12,61.812339699999995,55.63056702805133,6.170110890839751
192,14,77.356555,69.62021920375221,7.722151885064791
192,17,53.913338700000004,48.52154369673603,5.33702929344949
192,18,70.9760031,63.87778479409089,7.025726102347884
192,21,60.471081500000004,54.42339178928036,6.012011125086247
192,22,53.5389504,48.18455893602366,5.331034855501983
192,23,52.932659699999995,47.638934150267715,5.258400209232021
192,24,61.087124800000005,54.97788141840943,6.0990276754767345
192,27,74.83158159999999,67.34777237399558,7.407353626161563
192,29,71.8095622,64.62789737343837,7.102614933415617
192,2,75.0883039,67.57871082768743,7.426336875854579
192,6,56.78423299999999,51.10528069109396,5.661610574869684
192,7,67.4774038,60.72897891441528,6.722620457672561
192,8,59.378066,53.4397544176583,5.878195878964466
193,10,74.3196143,66.88693062261419,7.351365269091222
193,12,52.412929,47.171191150099084,5.234005795468553
193,14,61.5081892,55.35684609151456,6.142583166347624
193,17,73.52263740000001,66.16973738652787,7.320934009266438
193,18,59.9236062,53.930735767286706,5.9322294221578575
193,21,52.0371059,46.83291657059517,5.188500424469779
193,22,67.85400440000001,61.067913636849845,6.731795279150377
193,23,58.4655238,52.61843834440149,5.806074565737714
193,24,52.0095375,46.80814154702817,5.194219823904331
193,27,61.444438899999994,55.29947293189117,6.082874435491201
193,29,59.0558197,53.149679998822194,5.842564942517495
193,2,62.734664699999996,56.46060993334147,6.240596384980453
193,6,60.5804459,54.521773012068415,6.033457228743745
193,7,56.3646604,50.72765460681376,5.618503582833402
193,8,75.3930022,67.85304622676745,7.462966501240304
194,10,60.7585806,54.68215511382846,6.0111772879907495
194,12,60.7725734,54.69478916493352,6.0675440969403365
194,14,67.3746423,60.636587899229404,6.725718328133819
194,17,59.5164119,53.56426148192966,5.94388767648264
194,18,70.51411130000001,63.46208614459646,6.979884998682353
194,21,61.9903195,55.7906590172751,6.174021661183356
194,22,55.2570025,49.730794228250566,5.502471108563504
194,23,56.10770109999999,50.49644254931815,5.553587431366685
194,24,61.512027,55.3602867261362,6.140900861503788
194,27,74.7522501,67.2763710129244,7.399497242169477
194,29,64.5513716,58.09556169266535,6.414990484325659
194,2,74.3890392,66.9493798088331,7.412255350869603
194,6,52.59590709999999,47.33582343547536,5.24336107101266
194,7,70.0919852,63.08206442521119,6.982441950743771
194,8,64.1095469,57.69804649299131,6.3466848755122545
195,10,75.4740996,67.92594616857916,7.464907509808507
195,12,54.2153078,48.79331470989965,5.4119828641153855
195,14,57.13543060000001,51.421398052969785,5.705035469090097
195,17,73.6017236,66.24091429013794,7.32884961976586
195,18,68.14542,61.33027567809066,6.744750086679006
195,21,55.503199800000004,49.95237123906174,5.534600042134596
195,22,66.9814069,60.28261154971279,6.665867608553967
195,23,71.6712068,64.50343917177112,7.092930215830045
195,24,52.1932866,46.9735141480218,5.21177328095725
195,27,59.3402506,53.40571898410661,5.88313300376215
195,29,55.6799274,50.111406002589156,5.508421946933212
195,2,59.0086785,53.10725466809324,5.884007649380904
195,6,59.1919784,53.272164241373105,5.8949403710076185
195,7,61.511353899999996,55.359639050712424,6.132888546899364
195,8,76.34281539999999,68.70787520553478,7.601817978032166
196,10,60.1786795,54.160245300278426,5.985660653804513
196,12,69.703861,62.73287337116591,6.957686642201914
196,14,63.8110157,57.4293604943128,6.371606577515031
196,17,60.2448156,54.219818462325286,5.986023195329079
196,18,56.174161899999994,50.55626232937019,5.581086185190259
196,21,75.37812980000001,67.83959834631685,7.513408323956574
196,22,53.8037733,48.422893598306615,5.356581672096019
196,23,61.6187326,55.456324893899726,6.0993356602060835
196,24,61.6815668,55.51287107246248,6.157027104989022
196,27,74.4065133,66.96521975202938,7.3656521020734536
196,29,63.0827013,56.77378555542462,6.238115947351021
196,2,64.181115,57.76233581920354,6.392496666286721
196,6,54.997112599999994,49.49687987680429,5.483084153382949
196,7,75.45564900000001,67.90931559159644,7.517465415893033
196,8,62.134210499999995,55.92025903390042,6.204716669673601
197,10,75.1064908,67.59508849729407,7.483177371637609
197,12,59.5223922,53.5696468104148,5.942541988933327
197,14,55.5655157,50.00848687552438,5.548056576533993
197,17,73.4748359,66.12671651647669,7.336335095286377
197,18,70.86053009999999,63.77386032936152,7.074954107285701
197,21,59.6510074,53.68535902007832,5.947408624060661
197,22,63.207973100000004,56.88654115181936,6.271850385968575
197,23,71.52520650000001,64.37202419697012,7.11704218458079
197,24,56.5709393,50.913364611170856,5.619326122594068
197,27,58.9042516,53.01332361671233,5.831172316374072
197,29,58.99913719999999,53.09866166106744,5.8365514658469655
197,2,54.610080100000005,49.14854902040273,5.415778121804135
197,6,74.13405870000001,66.71993305846857,7.389769999535444
197,7,61.0085153,54.907078773306736,6.081481751197735
197,8,78.4493301,70.60372037433181,7.8344506016259094
198,10,59.492282900000006,53.54248946477159,5.916806428914989
198,12,73.01385259999999,65.71183219361329,7.289130376833949
198,14,76.2464545,68.62115219341628,7.592853712442962
198,17,60.2518942,54.226191211601645,6.017127001898574
198,18,59.1705723,53.25301100480571,5.909653814991747
198,21,74.9692047,67.47156841133422,7.4155800724800045
198,22,53.4521618,48.10644609590802,5.306507464614875
198,23,62.704345599999996,56.43336866467429,6.243336863435983
198,24,75.4724497,67.92454280049326,7.470656617862315
198,27,73.0782885,65.76982377937502,7.260284621237217
198,29,75.5212022,67.96832932621514,7.469862230059434
198,2,63.0829939,56.77405055608839,6.258886712124358
198,6,58.54780280000001,52.692453712663976,5.835615109925908
198,7,75.76690459999999,68.18947045025355,7.549315953278757
198,8,62.864869899999995,56.57784620713589,6.278548311903482
199,10,73.1238913,65.8107908138832,7.271168718247295
199,12,60.825463899999995,54.742400129564125,6.074407355777795
199,14,62.9292698,56.635804567401486,6.2843779787521745
199,17,75.8413012,68.25650933503574,7.571704430357021
199,18,69.7197611,62.74717805351541,6.961030307425564
199,21,60.369454700000006,54.33195490444348,5.972772356618257
199,22,62.713721899999996,56.44173199310363,6.248035528315465
199,23,71.1426124,64.02770922602323,7.098697107314206
199,24,60.7003975,54.629840591787634,6.009109073633586
199,27,57.01422350000001,51.31231799810602,5.694012351542502
199,29,63.2803965,56.95175884977619,6.309196637445282
199,2,56.398436,50.75804860115825,5.5791827442359
199,6,72.1698763,64.95219492180092,7.193843455489421
199,7,61.892415899999996,55.70258160150955,6.167747815745381
199,8,77.39857860000001,69.6580479622972,7.728250254446073
200,10,57.26730679999999,51.54003876118065,5.665582907511675
200,12,72.16002780000001,64.9434000776122,7.204487433220626
200,14,74.59777720000001,67.13734295441954,7.447531310158157
200,17,58.6732062,52.80538560283439,5.85936976549643
200,18,56.0635322,50.45670161479688,5.5827684649011715
200,21,74.45945160000001,67.01279500242937,7.365019062666109
200,22,53.9271933,48.53397741872143,5.370214248582353
200,23,60.738499999999995,54.6641203029078,6.063134386437092
200,24,74.7550803,67.27892042363423,7.399808431987206
200,27,64.3435377,57.90862625777367,6.423603797902086
200,29,76.3652364,68.72793888036388,7.609471954468256
200,2,74.0727839,66.66477856068929,7.326849067678561
200,6,62.9567556,56.660531826634006,6.253935431265755
200,7,74.2677781,66.84026945566401,7.399292561088152
200,8,65.2525371,58.72672866180791,6.498307892649958
201,10,65.2009106,58.68015061539737,6.455723031355331
201,12,59.615587500000004,53.65352093055848,5.9532767544806156
201,14,63.216491500000004,56.89430259930722,6.313312247431175
201,17,65.154323,58.638316970860686,6.5032443491545155
201,18,60.132115600000006,54.118382499426964,6.002794477275438
201,21,60.3228192,54.28998671376317,5.968431340085674
201,22,62.7486865,56.47315109652756,6.239198014696303
201,23,70.9795842,63.88098525908347,7.083262172119094
201,24,60.2448156,54.21981889913045,5.984085585168808
201,27,52.34436839999999,47.1094862915868,5.212518491776677
201,29,63.8990757,57.50856935132971,6.37235471229802
201,2,62.683057600000005,56.41416359849763,6.201977633816913
201,6,72.6401565,65.37536590967518,7.20509665512207
201,7,62.4583095,56.211890946739814,6.227628446089785
201,8,74.3245527,66.89144719177622,7.3568987024559975
202,10,52.96886739999999,47.67147611542783,5.240353442535466
202,12,71.7415401,64.56676189815609,7.162016774888809
202,14,74.09016510000001,66.68050384741137,7.397254198721536
202,17,53.164483,47.84758296775777,5.308845968585939
202,18,55.46131869999999,49.91472178412844,5.523848742817728
202,21,75.5288515,67.97526198247516,7.472142307319607
202,22,51.5059661,46.35489053344984,5.126556167494123
202,23,67.0502312,60.34459443946517,6.688971363277004
202,24,73.4748359,66.12671702754535,7.297947873254012
202,27,64.1575002,57.7411911659993,6.387392054979375
202,29,78.2769525,70.44846691691262,7.800324466413762
202,2,74.1260889,66.71272550161169,7.330448652309091
202,6,69.6673951,62.699930813410624,6.93027215437188
202,7,77.19283340000001,69.47276670417055,7.692063497585731
202,8,60.1735703,54.15570143873307,5.956958098121535
203,10,63.843326,57.45835060531733,6.3422874548383374
203,12,60.871602800000005,54.78392474127226,6.078991212843779
203,14,61.932952500000006,55.739128501206196,6.167507213184766
203,17,63.862266999999996,57.475481668146855,6.374198332978755
203,18,54.6224404,49.159724369384065,5.406802315680996
203,21,53.280519500000004,47.951961468499626,5.30964665483327
203,22,57.0517894,51.34605101814772,5.677277932975164
203,23,56.177275699999996,50.559040294374114,5.590727664358866
203,24,58.9992564,53.09882632942519,5.853806098886617
203,27,54.973970900000005,49.47610482384972,5.442019308194203
203,29,64.8991162,58.40859719294857,6.472237633951115
203,2,59.016003100000006,53.11383643099411,5.83805628269707
203,6,54.9723294,49.47454165952613,5.476895228612678
203,7,62.7773214,56.498989095538214,6.258721839516298
203,8,65.2499382,58.72437603772856,6.482283132734706
204,10,58.3223214,52.489542828011906,5.7701210597706565
204,12,74.7331416,67.25917749022517,7.460884469677107
204,14,74.6578184,67.19137940780558,7.432930661009895
204,17,57.65681729999999,51.89064427016013,5.728902109480182
204,18,73.9322303,66.53836903201714,7.31869971349044
204,21,64.7021936,58.23133657332105,6.4454679499025005
204,22,48.8064129,43.92531207598134,4.84466364522907
204,23,69.5803752,62.621709032258195,6.9250873080243345
204,24,73.4906969,66.14100005679107,7.340025759540932
204,27,75.1518543,67.63602023532198,7.439458611812096
204,29,77.2934137,69.56327110270531,7.700290790674765
204,2,72.05286960000001,64.8469143526782,7.1865133527575065
204,6,69.8732375,62.88521947824697,6.963152223618938
204,7,74.9632673,67.46620391117109,7.471319006091463
204,8,56.3184703,50.6861437928734,5.583713476998067
205,10,76.0029959,68.40193494435664,7.55551621558471
205,12,59.4148425,53.47285300700385,5.931806385112172
205,14,61.0269541,54.9237377483319,6.077536657620085
205,17,75.7883504,68.20885393499609,7.536024373949546
205,18,60.09598940000001,54.08587744308063,6.001874834198176
205,21,57.1194616,51.407012004254554,5.684467952080849
205,22,59.7242646,53.7512553798203,5.926975395414397
205,23,56.7293833,51.055951274704874,5.635610406156289
205,24,49.8924215,44.902744816676915,4.979860337008266
205,27,60.0196107,54.01713720406146,5.94160879077576
205,29,65.4109061,58.86920766599295,6.523048320514459
205,2,51.4486888,46.30326196083963,5.1227646406381675
205,6,55.21256329999999,49.69077884627119,5.5035722635214395
205,7,60.1774536,54.15913566909101,5.999309807813177
205,8,62.9357684,56.64164592253955,6.22975734246233
206,10,61.392977,55.2531068015745,6.107068455856395
206,12,67.23606939999999,60.511882177235286,6.7111880157489665
206,14,73.4518975,66.10607778457666,7.335551752906829
206,17,61.0607304,54.954136701705586,6.044836360067639
206,18,72.86428360000001,65.57721754302115,7.274475853557759
206,21,57.7276775,51.95437831356332,5.725020836019355
206,22,48.9858122,44.08676127954856,4.881387322042756
206,23,59.5672113,53.60994771818538,5.927612541875064
206,24,63.9712453,57.573571056062164,6.387673573938659
206,27,75.2887629,67.75923873450989,7.48012365077827
206,29,74.4642911,67.01710444686914,7.418859193475621
206,2,73.5081891,66.15664913208164,7.327085265511049
206,6,58.745497400000005,52.870369525217086,5.854506791049527
206,7,65.1180746,58.60560303339154,6.487835387939412
206,8,58.923162399999995,53.03034509435147,5.833154697495451
207,10,74.83158159999999,67.3476721715187,7.438966522447244
207,12,55.022237600000004,49.51954458030141,5.492553175758342
207,14,53.740556500000004,48.36603584387219,5.319594829920999
207,17,74.7577522,67.28132434651157,7.4110159592887594
207,18,61.6730514,55.50522151037457,6.15997599577245
207,21,75.8502536,68.26447926184329,7.500940194444443
207,22,64.2876689,57.85830536666874,6.409713613086779
207,23,52.407645300000006,47.16642577019247,5.21756145073037
207,24,49.9310146,44.937484312503166,4.985513298849979
207,27,60.459793399999995,54.41329883563948,5.9853674771438765
207,29,60.1735703,54.15564655005818,5.999627714251615
207,2,59.6455009,53.68037976665595,5.946472778386274
207,6,50.7407451,45.66617527194718,5.050119628473137
207,7,56.022034399999995,50.419302843099075,5.5856598760792
207,8,77.0411378,69.33635694001224,7.626319288051105
208,10,60.59349160000001,54.533576449909155,5.994986630640713
208,12,67.1430031,60.428126743304844,6.704552803625043
208,14,64.0172231,57.61493504125215,6.336317298663462
208,17,59.5003115,53.54977111396538,5.890211869178262
208,18,70.9734104,63.87545163003317,7.086294299535023
208,21,61.0607304,54.95410044038929,6.04148844279965
208,22,49.3435975,44.40875236221851,4.896298752082375
208,23,60.2127961,54.19096153271129,5.991380837037458
208,24,62.51188559999999,56.26015387175047,6.241388315229863
208,27,76.6710348,69.00326730262545,7.589739899575865
208,29,65.2499382,58.724266192722986,6.499959247610386
208,2,72.4494175,65.2037638070665,7.221374005708864
208,6,56.3747574,50.736703346636205,5.608380311114089
208,7,63.2859065,56.95663251586696,6.302133528243786
208,8,61.9828534,55.78403769951878,6.145050620373954
209,10,74.7906683,67.31084977952295,7.396393792748252
209,12,54.258868400000004,48.83251302568043,5.417194405512174
209,14,54.63932460000001,49.17492696595447,5.409038859175651
209,17,73.6355168,66.27132979401313,7.289452120284968
209,18,66.8554734,60.16933999017236,6.655733822858224
209,21,74.7577522,67.2812517804999,7.393678699170734
209,22,68.571009,61.71323943204246,6.805030185960045
209,23,60.8101766,54.728589442956434,6.037914685839259
209,24,55.884942,50.2959702938744,5.581006361546067
209,27,58.394181999999994,52.55426422701052,5.780576773309629
209,29,56.150877300000005,50.53525736079951,5.590715229177718
209,2,57.21459169999999,51.49258752662586,5.704357185683154
209,6,51.43155780000001,46.2879150566443,5.105305820912173
209,7,55.12092750000001,49.608305750874564,5.494862446659575
209,8,75.4766712,67.92835463752496,7.471742319227985
210,10,59.3402506,53.40566125470382,5.870134473453223
210,12,76.5848601,68.92571675904028,7.6489926996468975
210,14,59.4076485,53.466380071087926,5.88140527412623
210,17,58.046045199999995,52.240942721479136,5.746080761216856
210,18,55.3137624,49.781905900806144,5.475104350054823
210,21,60.7739943,54.696040416125896,6.013045278957579
210,22,56.0819423,50.47322579244624,5.556893363553611
210,23,52.46872019999999,47.221376740328,5.235607192405987
210,24,74.7437453,67.26872831653533,7.46503214021869
210,27,75.68306249999999,68.11410492555385,7.4921459044881455
210,29,64.0981166,57.68763641702428,6.3777669762693385
210,2,64.4349553,57.99080490799587,6.4201272574147685
210,6,62.190126899999996,55.97049663441765,6.171106306554191
210,7,64.3558599,57.91961637494569,6.411803269335351
210,8,62.9515559,56.655863702024504,6.2319517806356135
211,10,74.4065133,66.9651389637259,7.359890398342613
211,12,61.5948128,55.434805688756605,6.15160824048355
211,14,76.0806521,68.47192739474362,7.531342418528401
211,17,74.9749478,67.47681162368004,7.422384335522719
211,18,72.5547318,65.2986270268937,7.1819386711571225
211,21,74.5123485,67.06040175757121,7.370286112596407
211,22,68.38624420000001,61.546952676545715,6.7862765936348985
211,23,70.75079480000001,63.67508216628657,7.06127413178738
211,24,57.94619720000001,52.15108103512941,5.786687695212788
211,27,58.7150105,52.843007209911086,5.846588004894794
211,29,58.923162399999995,53.030289674963235,5.836284727981095
211,2,54.243178400000005,48.81834558297472,5.407454983814105
211,6,54.6820848,49.213340267711644,5.426487131938176
211,7,60.8429506,54.758089519769534,6.06735068083512
211,8,79.8228993,71.83991547229122,7.901511296267
212,10,58.9042516,53.01326591226327,5.827005736785555
212,12,73.66400229999999,66.29696418702761,7.355696107167965
212,14,63.40235,57.06157351154396,6.276615056808388
212,17,52.5599347,47.30348293980715,5.232514467964949
212,18,60.906299399999995,54.815151953540905,6.02958618395829
212,21,59.662407200000004,53.69561823946011,5.902731569022358
212,22,55.5792955,50.02084413070069,5.532948898584922
212,23,66.1846395,59.56554718684445,6.600636783003497
212,24,74.67861740000001,67.21011015042855,7.457607537716784
212,27,74.19860990000001,66.77811054669168,7.410171271512549
212,29,77.0411378,69.33625822272072,7.619911506545024
212,2,63.643820500000004,57.27877546632014,6.339063487249007
212,6,71.68165909999999,64.51280342449422,7.135851091983859
212,7,66.2386454,59.61416480773848,6.606157122657433
212,8,65.2358701,58.71172767370024,6.45817656451041
213,10,72.4553047,65.20906801715088,7.166666521301725
213,12,61.7019937,55.53126855278443,6.162574215785076
213,14,77.0204519,69.31773338784657,7.668398572917488
213,17,72.1491947,64.93365918671755,7.185240750299174
213,18,69.8593087,62.87276576120449,6.926109431377648
213,21,76.40281759999999,68.76180766685627,7.557367027091064
213,22,66.97987090000001,60.28121705429889,6.664652909121281
213,23,50.142505400000005,45.12779374085321,5.001976315150043
213,24,59.788841500000004,53.80944726084062,5.970630430879571
213,27,56.1743059,50.55639706019854,5.5937898249860964
213,29,61.9828534,55.783969352136914,6.131493565322379
213,2,56.1025172,50.491724911342814,5.591992007689372
213,6,59.349585299999994,53.41406765625001,5.909351666854044
213,7,61.4418196,55.29694393922032,6.116231384132647
213,8,76.5274586,68.87404721641609,7.575245889129935
214,10,55.395580200000005,49.85550093525784,5.480308613785435
214,12,76.0929996,68.48304084401116,7.598412210249489
214,14,65.3101258,58.778555441445214,6.522502614678418
214,17,50.179359999999996,45.16098629728758,5.009129228686819
214,18,56.1523872,50.53667113619352,5.5588407258593815
214,21,59.207750000000004,53.28642241409838,5.8571385313303015
214,22,57.25023769999999,51.5246885811092,5.684163654184085
214,23,68.8053428,61.92418671891843,6.866091695956189
214,24,74.4139881,66.97193674798156,7.428267201609638
214,27,63.894793400000005,57.50476939028714,6.3817658844151275
214,29,75.4525716,67.9065933245248,7.507549491402752
214,2,73.9819912,66.58308478651314,7.375387260683679
214,6,72.23844969999999,65.01388948352819,7.169936755468799
214,7,74.7612589,67.28437059418748,7.4493575737274975
214,8,63.4479089,57.10257798934832,6.281178159735179
215,10,64.3706325,57.93293280446386,6.375067977356811
215,12,59.5721794,53.61445191450126,5.9491563441419375
215,14,78.4760959,70.62780056753407,7.835831320558769
215,17,63.42758429999999,57.08427659054192,6.33336493499572
215,18,59.073513899999995,53.16564698589521,5.847173296359427
215,21,73.90913,66.51751925338402,7.311232320045229
215,22,66.5251922,59.87199434111769,6.61178058043859
215,23,67.5673661,60.81001833352805,6.741570624183488
215,24,60.2874538,54.2581940394231,6.020472547370996
215,27,47.089688699999996,42.38030785193288,4.699405390225618
215,29,62.0775615,55.869212281361655,6.174024024898214
215,2,57.7201772,51.94759223699826,5.752831588830604
215,6,58.36591800000001,52.52876494245411,5.793224180217952
215,7,61.78480160000001,55.60573968843775,6.161223012366752
215,8,74.7942309,67.31415725484365,7.415502202920286
216,10,51.33536600000001,46.20132847980333,5.077473420541398
216,12,72.2606178,65.03393249760826,7.215942432755212
216,14,66.56727289999999,59.909976962747365,6.629163257419279
216,17,51.585121099999995,46.42616911234971,5.151582218895378
216,18,51.8054056,46.624424252415544,5.128368430494217
216,21,57.7940037,52.01407117866906,5.717789908932137
216,22,54.7621238,49.285407491825204,5.4368965056825065
216,23,56.37775189999999,50.73947809013799,5.627100303409764
216,24,75.2693527,67.74176880398562,7.51636929658988
216,27,62.9585977,56.66219218231785,6.285239597552924
216,29,79.8534973,71.8673703286194,7.940054090021791
216,2,73.1709822,65.85317558128223,7.2945077524497695
216,6,70.618735,63.55617180759353,7.030791065679357
216,7,74.3951441,66.95485072891249,7.410992273127669
216,8,59.261784799999994,53.33510236236417,5.875862956517009
217,10,62.93903159999999,56.644493317010955,6.244925674260134
217,12,60.860740199999995,54.774148497192904,6.077965601131547
217,14,77.8791183,70.09052573912159,7.746803502913802
217,17,60.0503463,54.04478898553643,5.9954176688056
217,18,56.4510214,50.80543152969478,5.5879056841547445
217,21,63.5624821,57.205616801338984,6.318653976933621
217,22,59.7728743,53.794982124438086,5.945910082324939
217,23,70.4577742,63.41136075498648,7.0311807573009535
217,24,59.207750000000004,53.286467682537385,5.910615223350278
217,27,52.102293700000004,46.891622000246606,5.188304415215904
217,29,63.130153099999994,56.81653593149549,6.2936168185946295
217,2,60.0046206,54.00358942612149,5.98129659348395
217,6,59.3875957,53.44827193652485,5.9139872040777695
217,7,62.9554672,56.65929729772173,6.274384609368241
217,8,67.4774038,60.729078686710416,6.679480278187994
218,10,57.0242193,51.32126235717725,5.661557206992102
218,12,70.1987616,63.17827967016815,7.0099506264506015
218,14,62.8212146,56.5385545477842,6.218948162408326
218,17,50.790141399999996,45.71069315128559,5.071123754899083
218,18,51.0511685,45.94561743883114,5.083478095287491
218,21,52.3281817,47.094878756504265,5.20418271779085
218,22,50.5798944,45.521433988167544,5.035594800824104
218,23,55.84071,50.25614500394193,5.573448898999164
218,24,73.9093243,66.51775495022468,7.380290649131673
218,27,63.980926800000006,57.58228372545822,6.3890976397523085
218,29,76.5274586,68.873937438136,7.624832166680633
218,2,73.5905817,66.23077470989968,7.330118933418376
218,6,69.7397046,62.765068789301615,6.943601422134813
218,7,60.696213,54.625904418783385,6.041845311509547
218,8,56.6873316,51.01811662946676,5.611907168657584
219,10,76.1561698,68.53981514961454,7.55923204990471
219,12,54.3986764,48.95834375644679,5.432205752648087
219,14,75.3619991,67.82514588081723,7.460170434663608
219,17,60.7710391,54.69340620874412,6.050405313094271
219,18,62.814487799999995,56.532501463978654,6.273263571469463
219,21,59.054589899999996,53.148552642820114,5.869978912354168
219,22,59.7530182,53.77711179441257,5.943811709084494
219,23,69.8699149,62.88230862942047,6.9750805096847825
219,24,56.92215710000001,51.22945376268424,5.68441055471563
219,27,54.247411,48.82220612637605,5.401607634416543
219,29,63.4479089,57.10252250162615,6.27784348652033
219,2,59.103195799999995,53.19230961094555,5.887664775416101
219,6,54.6613333,49.19467087977955,5.440666419717956
219,7,71.8840251,64.69490026630238,7.163645166620542
219,8,71.35158849999999,64.2158003010852,7.102936604974229
220,10,57.2899567,51.560402322377044,5.666486166062367
220,12,61.0836548,54.97475974757241,6.0986390503480274
220,14,60.0376912,54.03340956037191,5.943482326180384
220,17,53.567180400000005,48.210004201082526,5.302699135441502
220,18,51.2775495,46.14934926074445,5.118922878368727
220,21,51.6177498,46.45549950174328,5.133887483663139
220,22,52.472529,47.22478499834827,5.208581409309797
220,23,62.7630562,56.48616462078973,6.260447363797116
220,24,62.490565,56.2409715404241,6.240535201291991
220,27,75.00336990000001,67.5023803669891,7.42438149268643
220,29,74.7664123,67.28902487518509,7.394831627531337
220,2,71.6464024,64.48105682018424,7.135681956295094
220,6,60.64346739999999,54.57851680147112,6.0348947340378425
220,7,55.1550761,49.639033968910375,5.498108549137392
220,8,60.8785115,54.79014168059654,6.0655438644555915
221,10,75.1882218,67.66866988213509,7.437253894082137
221,12,51.4935944,46.343797924187854,5.142015307743117
221,14,65.41024159999999,58.86864394393365,6.476014169529301
221,17,71.8979697,64.70755031003708,7.117224062671433
221,18,71.4664141,64.3191558740743,7.1357919392205735
221,21,61.80565850000001,55.624490696047644,6.143848040313496
221,22,64.2783014,57.84983987672561,6.39628746049467
221,23,49.6070864,44.64589212044736,4.945284769976094
221,24,50.798330400000005,45.718063648137324,5.072733339171292
221,27,58.59813619999999,52.73782239026786,5.800846084356367
221,29,58.043171400000006,52.23829550592961,5.742043261895894
221,2,57.9520739,52.15630992692244,5.775349731072205
221,6,51.814127600000006,46.632220621771566,5.158203129433611
221,7,61.86757349999999,55.68018006530311,6.163817339621539
221,8,74.711721,67.23990615929645,7.439848376775361
222,10,60.0067591,54.0055131698827,5.936152648425938
222,12,58.214588199999994,52.39262164942822,5.81066423872023
222,14,55.8829212,50.294150282617004,5.552313340650039
222,17,58.231139600000006,52.407529338788926,5.764614537203179
222,18,59.2096996,53.28822425379668,5.913299772393248
222,21,54.690534,49.22097545570052,5.436524713998392
222,22,54.530371099999996,49.07682902229342,5.429663674264918
222,23,66.4181144,59.7757149550849,6.629698122822733
222,24,59.647435699999996,53.6821822317481,5.957033166829065
222,27,74.1167223,66.70441034531362,7.336955557704155
222,29,67.0086642,60.30714066421442,6.638138907455284
222,2,68.3674318,61.53005206675121,6.818605718457251
222,6,58.8268126,52.94351790355783,5.851483708015984
222,7,51.486329600000005,46.33719369102505,5.131580414463309
222,8,70.7222777,63.649419162065094,7.039257755490578
223,10,75.7396147,68.16492797066913,7.49238761741994
223,12,50.67363580000001,45.605842129512524,5.016452482081978
223,14,60.3991488,54.3587095617639,6.01357882832598
223,17,72.979527,65.6809369332842,7.223940871273937
223,18,71.4019301,64.26112427485874,7.131071726723841
223,21,73.057253,65.75081775241334,7.262841037100838
223,22,66.2687111,59.641191490655736,6.594928799717377
223,23,55.623206,50.06040136782057,5.553114216134273
223,24,46.272332999999996,41.64469634626536,4.61882803924718
223,27,60.51850090000001,54.46613408689847,5.990988847042102
223,29,55.4793949,49.930918703874525,5.487951903237651
223,2,48.2286753,43.40530435039536,4.803593846938167
223,6,55.4240501,49.88112399529406,5.518579260049331
223,7,59.3134409,53.38149496477294,5.909989232552498
223,8,54.6952127,49.22521695533412,5.460344554727831
224,10,58.394181999999994,52.5542020908459,5.776194534364937
224,12,60.9551688,54.85912564559942,6.068848933694037
224,14,53.078801,47.770467313794924,5.254444459690588
224,17,59.1319111,53.218215938338844,5.8538621021656505
224,18,57.268492800000004,51.54115232535607,5.702321371847362
224,21,56.904957,51.21393331467523,5.659559210979591
224,22,53.7712089,48.39358177066837,5.352921038616292
224,23,59.6328616,53.669042319959495,5.951265089687495
224,24,61.477580200000006,55.32929229784882,6.138931740924971
224,27,73.5052469,66.1540955301491,7.2769672702216734
224,29,69.94813309999999,62.95258040996077,6.916387805310432
224,2,61.123384599999994,55.01043170475377,6.0906897241990565
224,6,70.189032,63.1694175755308,6.984958986914236
224,7,55.04097409999999,49.53634837976302,5.486971241719102
224,8,76.6487955,68.98325246586653,7.653976520430531
225,10,74.04788740000001,66.64241692600093,7.333754230756217
225,12,53.7846174,48.40569694230386,5.3247519287550835
225,14,62.515502,56.26340647629616,6.18810510320083
225,17,76.00719769999999,68.40581466443574,7.567760305451715
225,18,70.618735,63.55625191054014,7.031649726407874
225,21,71.8865051,64.69717473993022,7.148562072853057
225,22,63.936252100000004,57.541998445945154,6.362147962684874
225,23,51.034300099999996,45.93042183506816,5.051107930164885
225,24,53.9391549,48.54477865268599,5.385903960052147
225,27,55.6673311,50.10011729509163,5.557229787939891
225,29,60.8785115,54.79008283235307,6.0557420673122
225,2,49.5547697,44.598808480807925,4.937725592291815
225,6,59.8918549,53.9021135632863,5.964526525110861
225,7,73.596732,66.23633398370582,7.335881723070562
225,8,63.0513657,56.745692645679476,6.2976798168668635
226,10,51.3803283,46.241746497472406,5.115403678289219
226,12,70.5430066,63.48809184046829,6.982841956742246
226,14,57.5744462,51.816510267287626,5.69958595403951
226,17,60.478149699999996,54.42981916811367,6.022618574260264
226,18,59.6716598,53.70398543356592,5.958936600985518
226,21,59.1319111,53.21817994848383,5.87936365819967
226,22,53.7670438,48.389840811856615,5.337394048611129
226,23,60.4356308,54.39151752516855,5.980670606351895
226,24,73.1262348,65.81296986756942,7.299668749847686
226,27,74.5301148,67.07645509604106,7.441653496688353
226,29,74.711721,67.23982588801464,7.430275168953772
226,2,58.4618893,52.615081869751556,5.821040191621232
226,6,71.1404801,64.02569495030694,7.086403577691457
226,7,67.5450087,60.78966955479713,6.718124558961765
226,8,74.99421699999999,67.49414833159108,7.489181937692517
227,10,74.3226768,66.88968748709544,7.391095384592269
227,12,57.5094926,51.75805439050814,5.693189520040589
227,14,73.4859184,66.13668350319409,7.274065334190521
227,17,72.2764305,65.04815949595094,7.216138103156676
227,18,70.6454504,63.58029323943397,7.034078477305847
227,21,76.00719769999999,68.40574256220148,7.5561544741105875
227,22,62.9835242,56.68453900563882,6.248392834367919
227,23,53.6172808,48.255085726887074,5.307074039994489
227,24,57.9495852,52.15413241897403,5.785320982995019
227,27,69.6287256,62.665238325214304,6.931279800364654
227,29,61.3686658,55.23121745543026,6.104077942356915
227,2,49.7979326,44.817662644119316,4.963729765678525
227,6,60.2512782,54.225587858406406,6.007529072540891
227,7,55.869230599999995,50.28173521023069,5.565073687224855
227,8,60.6957524,54.62565913211408,6.06177816848459
228,10,57.0408717,51.33624528866271,5.673138981900956
228,12,69.6090452,62.6475346134766,6.89024768335273
228,14,60.1659512,54.14884034742898,5.956036550653784
228,17,53.9919067,48.592255429731026,5.392077936045258
228,18,56.532111799999996,50.878420055049155,5.616845038120799
228,21,60.478149699999996,54.429782835265335,5.984003095758614
228,22,51.041736400000005,45.93708762670651,5.066733160587335
228,23,61.4342644,55.29028460666844,6.079819754409822
228,24,72.1746213,64.95653717103048,7.20492484566459
228,27,49.5794225,44.62105178346814,4.907505524280447
228,29,76.89718450000001,69.20668712419271,7.644579315412451
228,2,59.207622699999995,53.286216453304576,5.894656518507463
228,6,73.1415099,65.82664764803958,7.289730195024681
228,7,74.6414606,67.17655226835394,7.405334168063912
228,8,77.19283340000001,69.47287905209681,7.707666526967133
229,10,64.9694598,58.47188185087994,6.460187504361629
229,12,58.1940462,52.37414673563977,5.760952368628396
229,14,72.2094421,64.98787387322457,7.148209915093076
229,17,63.502541300000004,57.15173166281067,6.339771589660007
229,18,61.104118299999996,54.99317646376261,6.0756709987479285
229,21,72.4563339,65.20999513799603,7.165982969512745
229,22,58.1809064,52.362209365793326,5.792672720920711
229,23,56.592367200000005,50.93263437074993,5.601390110841386
229,24,56.3788224,50.740457206543944,5.629399933611742
229,27,64.5917561,58.13201759033654,6.393573950359483
229,29,61.892415899999996,55.70258241924498,6.1231782466556455
229,2,55.5409217,49.98631394345288,5.537672040475702
229,6,59.104492799999996,53.1934697138667,5.8831224629435495
229,7,70.7920905,63.71210612742689,7.020535669524711
229,8,63.8282958,57.4449230012436,6.356341363686221
230,10,52.4480748,47.20276238338508,5.1878736083387125
230,12,69.5006352,62.549966546761965,6.879516517946487
230,14,57.5760665,51.81796512269121,5.69956670027284
230,17,51.1968797,46.076755194824486,5.11278423297731
230,18,51.878805299999996,46.69048241446987,5.154308459557817
230,21,54.876687700000005,49.388511895009145,5.428955638144592
230,22,49.1758135,44.25777659979787,4.902417205753327
230,23,72.1204711,64.90777864486033,7.137948641139758
230,24,74.61876840000001,67.15624656015379,7.4507139095681385
230,27,52.5056612,47.25464833743744,5.197835163905351
230,29,74.3980674,66.95753973381983,7.359564310943397
230,2,68.3997886,61.55915054293064,6.818955003956955
230,6,71.6307487,64.46696414203807,7.128805852793559
230,7,57.38388,51.64491677222818,5.718058286582015
230,8,75.9078049,68.31636437364918,7.55777704681833
231,10,64.0986424,57.688118528786895,6.337975110379079
231,12,56.7420489,51.067359819071676,5.617081407289472
231,14,71.22432429999999,64.10127633739197,7.050696988869874
231,17,61.2438723,55.118954590062756,6.115155421127722
231,18,58.10266360000001,52.291895484222465,5.801327462800033
231,21,62.842868900000006,56.55797058824097,6.214992841858997
231,22,55.3972516,49.85695964290968,5.517296469425958
231,23,60.612327799999996,54.55056790277224,6.021830128361194
231,24,59.7629328,53.78612964343266,5.966345421225681
231,27,61.254007200000004,55.12807519668893,6.063290355521126
231,29,62.507547699999996,56.25620548363374,6.184338606159678
231,2,48.5202665,43.667706933646535,4.829268395058229
231,6,63.2596787,56.933132252744606,6.302786785765978
231,7,64.94879399999999,58.45332858899745,6.4803846114459
231,8,60.2095097,54.188046590655624,5.960535106994439
232,10,52.102293700000004,46.89157142731691,5.154156405158577
232,12,67.7019354,60.931159301813416,6.711961732647241
232,14,57.368373299999995,51.63104438788471,5.699985256955461
232,17,54.2954268,48.86542076883647,5.374921916915268
232,18,55.15208700000001,49.63640883160709,5.508062500575627
232,21,51.111073399999995,45.99949480704451,5.0564882802299005
232,22,48.9376221,44.043403169728066,4.877932564953687
232,23,71.5323236,64.37844594809704,7.138350743455516
232,24,72.3174526,65.08507973704455,7.220228078691818
232,27,53.0619462,47.75529905501095,5.252706997752371
232,29,77.4551683,69.70888319268941,7.718705918532481
232,2,69.5141812,62.562116247031916,6.902096586357687
232,6,72.5073517,65.25586757920767,7.221938430982631
232,7,73.6397715,66.27504158909275,7.3374125887977355
232,8,65.67154,59.10381394727165,6.50048993064851
233,10,63.5143177,57.162245428942626,6.280957786322401
233,12,55.151143499999996,49.63556050501265,5.459687884835806
233,14,70.6466445,63.581367496394506,7.0406636758981955
233,17,74.56343720000001,67.10644247880754,7.3807925663916345
233,18,70.189032,63.169517823507014,7.007919772953455
233,21,62.358511699999994,56.12204302883369,6.211538740715438
233,22,59.3166875,53.384417994860264,5.901599154585024
233,23,60.8932342,54.80338272614596,6.062810414124346
233,24,54.876687700000005,49.38855113087212,5.479793179633175
233,27,72.0374621,64.83309406617931,7.13107172624256
233,29,60.236656700000005,54.21240116670855,6.003299544375876
233,2,48.288816600000004,43.45940332650915,4.787898246032434
233,6,62.2273813,56.00400024883076,6.185449672362346
233,7,69.08053629999999,62.17168640590689,6.875281575801386
233,8,55.8899589,50.300488059403676,5.532839724410216
234,10,55.82517849999999,50.242131465953406,5.522467810335532
234,12,62.3036983,56.07278831094523,6.203046891070646
234,14,53.408291,48.067005589183715,5.323786336420163
234,17,59.921072900000006,53.92845475930246,5.931938115779511
234,18,58.073489,52.26564449642135,5.799762881521355
234,21,54.886128199999995,49.397012111408834,5.472974693585294
234,22,53.476491800000005,48.128346720744055,5.324513698582342
234,23,71.58047090000001,64.42177086745191,7.109021360283433
234,24,62.8545817,56.56858342871995,6.276091158728007
234,27,57.6703394,51.90281511048494,5.709117180079326
234,29,75.01466359999999,67.51247158753084,7.460258404340121
234,2,70.3249038,63.29171942862002,7.003724048193288
234,6,50.0728726,45.06500404366431,4.947510908452647
234,7,51.3891721,46.24969361932017,5.116111427063507
234,8,62.6420734,56.377320097251705,6.201093184198109
235,10,75.00336990000001,67.5022794043584,7.417587072114442
235,12,51.23157270000001,46.10797876829864,5.101241159224818
235,14,60.6629192,54.596094903117375,6.055973728768758
235,17,74.547757,67.09233355990989,7.379402631320481
235,18,70.3727118,63.33483666733746,7.028247504607118
235,21,74.7127089,67.24072526623752,7.446989472940546
235,22,67.67131429999999,60.903509818363425,6.715239342576369
235,23,60.73744250000001,54.6631699557648,6.012040494743545
235,24,48.273669600000005,43.44588807528019,4.819295121853329
235,27,73.0605833,65.75388915049655,7.232014325556614
235,29,59.1882353,53.26884834775561,5.855459595193697
235,2,57.3233421,51.59045680552131,5.713853198843732
235,6,61.7917707,55.61196787099227,6.110622007556069
235,7,71.9021075,64.71119643725316,7.166301409838563
235,8,55.1771045,49.658925236304135,5.462252270937622
236,10,59.8898296,53.90028669951123,5.925237127387117
236,12,60.8648271,54.777818971811605,6.07645650620444
236,14,50.0952513,45.08529939090802,5.002860558290281
236,17,58.5738546,52.715968947917204,5.7984727508375
236,18,58.761711299999995,52.88503863738597,5.867779939758253
236,21,57.2770062,51.548770217306654,5.709876053829034
236,22,56.6589913,50.992568704020954,5.6255945943603685
236,23,70.3196004,63.28701050961926,6.9595506746420215
236,24,60.9657859,54.868677444728945,6.086125806383551
236,27,57.551000200000004,51.79540900567782,5.697172676454458
236,29,65.6536375,59.087606023705135,6.492717123267354
236,2,70.5638602,63.50678811592227,7.032328475043236
236,6,53.487036200000006,48.13782770592518,5.291419664313497
236,7,55.9741631,50.376205137240795,5.578803535342955
236,8,65.3978725,58.8575155514511,6.473356074532731
237,10,75.6772043,68.10873865576461,7.48508290534402
237,12,51.1060571,45.995013360237806,5.088479398618664
237,14,58.7096701,52.83818753099721,5.860822523630499
237,17,73.32419329999999,65.99113363831776,7.258104123354807
237,18,72.90135,65.6105806636574,7.278002006422932
237,21,73.2672212,65.93979845216741,7.285088741684253
237,22,67.6451747,60.879969084468975,6.728597092973682
237,23,55.8937319,50.303868618807925,5.532249578167196
237,24,52.998531400000005,47.69822560115221,5.291928534389656
237,27,72.7456526,65.47046130579959,7.201338875521915
237,29,55.248595099999996,49.723206509027925,5.494594351422681
237,2,53.705489299999996,48.334425449561735,5.35180127297225
237,6,61.7676833,55.59027533769309,6.107820510734403
237,7,63.0236937,56.720678257790034,6.2788457157215545
237,8,59.209029599999994,53.28762311408831,5.861473748965902
238,10,60.808538,54.72711210698922,6.01578799777588
238,12,68.5536819,61.697722029611555,6.825899741633948
238,14,49.5562262,44.60017935313435,4.948544411387013
238,17,58.274253200000004,52.446331208943484,5.768893958650283
238,18,62.0527759,55.84697016774157,6.143062331881531
238,21,60.4918732,54.44213682334214,5.985456031441922
238,22,58.8823985,52.99365729387161,5.829238112378766
238,23,62.5502969,56.29470447710278,6.225266660246776
238,24,73.2706109,65.94291641817634,7.316025440180505
238,27,56.2063937,50.585273592303,5.563960669072934
238,29,62.6420734,56.37721027177286,6.2389438907452615
238,2,62.716903800000004,56.44455835160523,6.246257513560634
238,6,55.3103435,49.77877950457212,5.471346924181907
238,7,53.7405993,48.36601096328311,5.356231224567317
238,8,73.73758839999999,66.36319333564967,7.342319765726166
239,10,76.03067019999999,68.42685492084527,7.520058292536967
239,12,57.3621496,51.62544703489365,5.712171870152976
239,14,69.8286687,62.845196381764005,6.972060649077512
239,17,72.72375989999999,65.45074882890547,7.216008678439374
239,18,72.9230885,65.63015009953106,7.218781539062445
239,21,73.32419329999999,65.99106112150751,7.251851109650115
239,22,65.9731322,59.37517289462989,6.5587616789638385
239,23,54.3366402,48.90250312204673,5.409274310781556
239,24,58.6077116,52.7464394886147,5.85237749325762
239,27,74.2680619,66.84062159840694,7.352436335980169
239,29,55.1771045,49.65887028576087,5.4996222880339145
239,2,51.678798199999996,46.51042538669785,5.15006660466368
239,6,71.3840293,64.24493854325827,7.0614430207400245
239,7,57.8386403,52.05420551341528,5.764633173351335
239,8,57.8197364,52.03726699880021,5.757182923617249
240,10,61.3083988,55.17698676214897,6.065624648685745
240,12,69.782108,62.80328622214466,6.966415865482728
240,14,56.9395534,51.245112351626375,5.686117902845141
240,17,56.772684,51.09492987793273,5.626444990979435
240,18,58.4050073,52.564005487420424,5.781555574572845
240,21,58.274253200000004,52.446294949531726,5.7655871541452415
240,22,51.59271520000001,46.43295612240892,5.1305053813678345
240,23,60.7475195,54.67221490637069,6.044920868498046
240,24,73.5599106,66.20328563130796,7.345399715354295
240,27,59.1917409,53.272070252541596,5.882198963978081
240,29,65.3978725,58.85740563943932,6.512585201162298
240,2,62.0460118,55.840761179735004,6.177929393600567
240,6,58.294489500000005,52.46447967145598,5.767041063947414
240,7,54.8490625,49.36362961639247,5.468138102180293
240,8,73.2156638,65.89346568881109,7.29031072914191
241,10,74.44681829999999,67.00137041101529,7.398580141453795
241,12,67.2847433,60.55567949412442,6.716907991100889
241,14,72.9207158,65.62800955707753,7.281369052342845
241,17,70.4613989,63.414649119485105,7.024949534634762
241,18,71.6087311,64.44723976808125,7.088979403914488
241,21,72.7460251,65.47072590749895,7.195428504219773
241,22,58.083433299999996,52.274512159609834,5.786707825899807
241,23,55.1812996,49.66268567684692,5.461657064358203
241,24,58.5738546,52.71596951696721,5.849984116839741
241,27,62.2144743,55.99248450413419,6.174008515042084
241,29,60.0563581,54.05016050132129,5.9868823419645745
241,2,53.1656693,47.84858698265649,5.297510375211788
241,6,71.4887509,64.33917844049786,7.10849907162854
241,7,71.6309956,64.46717589570964,7.138390288540749
241,8,72.4292598,65.18569499474903,7.1688961627515235
242,10,56.9874052,51.28812586126931,5.667394806965048
242,12,49.1227696,44.21006319502705,4.903054985957563
242,14,58.108644899999994,52.29728366163528,5.802798569465472
242,17,53.3104764,47.97897492480813,5.315495395128824
242,18,58.0102254,52.208709597069266,5.776799049897505
242,21,56.976455699999995,51.27828501887801,5.636878367270973
242,22,50.1550442,45.139075816649175,5.000838439822262
242,23,71.1419738,64.02714383696572,7.041163546130706
242,24,73.3145045,65.98241786693296,7.31987409832273
242,27,54.0296481,48.62622900449434,5.380961544328311
242,29,73.8221223,66.43913869642414,7.353462346462384
242,2,70.98475950000001,63.88558403790041,7.072523670544242
242,6,60.5199173,54.46736051299225,6.020016214163539
242,7,56.190082600000004,50.5705308977338,5.601171906433442
242,8,52.7326709,47.45894338599274,5.263044383039557
243,10,63.9432833,57.548311411637115,6.355938261824589
243,12,69.1904229,62.27078537992475,6.908720360418679
243,14,73.9503169,66.55463842423465,7.3826665848343636
243,17,60.7412441,54.66659100390389,6.055037984093679
243,18,62.35202829999999,56.11628186955111,6.207575553015427
243,21,71.2845604,64.15542029246514,7.051367599851654
243,22,60.4266163,54.383344557200346,6.018719345764268
243,23,61.595485599999996,55.43540135870379,6.09700816964545
243,24,57.2767371,51.548574797925745,5.670071563162589
243,27,52.524501099999995,47.271603234936165,5.245243520688779
243,29,60.0603036,54.053697789240616,5.987039954315756
243,2,57.3999389,51.65939320945803,5.7207219952350705
243,6,71.35193840000001,64.21602313767889,7.0926997093636786
243,7,70.3185638,63.285998558625344,7.007048432061031
243,8,73.4950611,66.14492433364275,7.340230561865774
244,10,52.9017107,47.611030795469254,5.232849608968433
244,12,55.9280657,50.33478090124426,5.568900016312428
244,14,58.0938588,52.283977233202826,5.790327418422955
244,17,47.6260176,42.86301004299285,4.755344788268654
244,18,53.487036200000006,48.137878230364464,5.314455541216432
244,21,52.2178107,46.995545806816935,5.19319857209359
244,22,51.0910163,45.981435579533475,5.080546124860416
244,23,72.07388850000001,64.86584931174899,7.143242826553166
244,24,72.72375989999999,65.45074955507258,7.19865698350545
244,27,73.9398617,66.54523752819132,7.383862213297834
244,29,73.2156638,65.8933767539738,7.242126172487618
244,2,73.1264633,65.81310883040128,7.2880263841408945
244,6,59.0388691,53.13442086613907,5.8716348918628265
244,7,56.0595763,50.45307634716181,5.5881107723326275
244,8,57.9576326,52.16137245376522,5.787556289479726
245,10,59.824703199999995,53.84163542653382,5.9163588022159
245,12,69.0720139,62.164219697164945,6.837694925766597
245,14,71.6620543,64.49522496114311,7.141367689353236
245,17,58.5815408,52.72287662826372,5.839629208833349
245,18,62.225387,56.00231085065597,6.1595793397777445
245,21,60.8955626,54.805401351253835,6.062765667550536
245,22,66.13625760000001,59.52195582826061,6.539328578777455
245,23,60.342101199999995,54.30736268415162,5.972611684680044
245,24,56.772684,51.09493044380924,5.669002556671745
245,27,68.498783,61.64829984521044,6.83737425953382
245,29,62.05693049999999,55.85065386634857,6.139573861848411
245,2,58.6769445,52.8086812566786,5.844725365960053
245,6,70.2370233,63.212643017464195,6.947883543878024
245,7,69.6918743,62.722021126780504,6.9487683941322915
245,8,71.3628723,64.22597277081931,7.1271496362057505
246,10,53.0619462,47.75524136036144,5.248660521941579
246,12,55.01183079999999,49.51017595697229,5.4455547343273345
246,14,54.199928,48.77947094127213,5.401672102894087
246,17,49.0979887,44.18776898177604,4.87804053058045
246,18,53.8527005,48.4669685618582,5.330860408749672
246,21,50.941290699999996,45.84666955615268,5.072339832123497
246,22,53.941978199999994,48.54728331708138,5.3369830129326346
246,23,71.6771267,64.50878337861364,7.094590408463313
246,24,70.39222269999999,63.352393791219775,7.028872997846274
246,27,52.814401499999995,47.53250522836625,5.27292080070164
246,29,74.3942306,66.95408661597169,7.35896682042011
246,2,74.5537351,67.0976314733163,7.430313252345372
246,6,57.7118846,51.94014580372758,5.708972188020617
246,7,55.7873846,50.208106174988906,5.56123827109422
246,8,55.1550761,49.63909816362027,5.508016382065494
247,10,70.2145922,63.192484527203064,6.985536548101101
247,12,67.5245372,60.771502419855445,6.684352646667087
247,14,70.1121649,63.10034051497661,7.000332516484499
247,17,71.73776579999999,64.56337031219125,7.127754238474115
247,18,71.3840293,64.24501196316793,7.066514716602343
247,21,41.002564,36.90177430199449,4.073470071652774
247,22,64.3566086,57.920302758722755,6.36408665319572
247,23,59.2939773,53.36406045676713,5.918987900376335
247,24,52.2178107,46.99558472485642,5.214142917925236
247,27,75.05725650000001,67.55088094452651,7.4949836159940775
247,29,58.3821089,52.543330279775965,5.774859954174935
247,2,59.728097700000006,53.75471612645925,5.953606172270379
247,6,69.0596307,62.15299055614441,6.830585138870641
247,7,71.459946,64.31319771093153,7.118050117485534
247,8,62.388817100000004,56.14938818695486,6.227559153064813
248,10,48.1553503,43.33929391280424,4.789748226796906
248,12,54.5010058,49.050442171563255,5.39530832985124
248,14,51.7355974,46.56159577997765,5.165909138634399
248,17,60.158380099999995,54.142015311026015,5.996424673388705
248,18,58.294489500000005,52.46454175374342,5.770699885382754
248,21,57.5661369,51.80895809107832,5.735339858003535
248,22,53.27089350000001,47.94330962402895,5.270224725349439
248,23,69.6449993,62.6798911489722,6.953469992883042
248,24,60.8955626,54.80547407332315,6.07930445185898
248,27,58.6118173,52.750136381337974,5.853060735985182
248,29,72.3321023,65.09815160522132,7.152853269341646
248,2,71.84824880000001,64.66272682112537,7.160691113007645
248,6,54.1136414,48.701762741582755,5.35303900292547
248,7,67.4043282,60.66311355997838,6.708290055383954
248,8,52.4460602,47.20100971051683,5.222609941273745
249,10,72.12949429999999,64.91585159881018,7.190679290297504
249,12,61.2548329,55.12881193939917,6.09767053917343
249,14,61.466544,55.31935355250202,6.136850461577075
249,17,52.093578699999995,46.88375956059881,5.199242146455918
249,18,71.7171948,64.54485804451252,7.099500580646533
249,21,49.781785299999996,44.803140324731764,4.962283204178476
249,22,64.948269,58.452792033666064,6.4227557291233985
249,23,55.099201099999995,49.58878690500917,5.498381242690166
249,24,48.36856,43.53129314416122,4.830369858168245
249,27,73.4785695,66.13008325768791,7.338175270851445
249,29,57.095195200000006,51.38513484700019,5.648626391884263
249,2,57.0298488,51.32631534825006,5.684207515501888
249,6,59.8421939,53.85733326315929,5.9156871737422625
249,7,52.597865399999996,47.33754486636721,5.240646919567145
249,8,60.27182679999999,54.24412162491059,6.016739904218826
250,10,65.2563391,58.729994925425935,6.497061032116186
250,12,50.8978123,45.80759830612518,5.082198270296264
250,14,49.1538655,44.23805930088016,4.9085707115839545
250,17,73.30961959999999,65.97801769760757,7.319673409413711
250,18,58.5185933,52.66623324545595,5.792903340112483
250,21,71.57676699999999,64.41841339372911,7.134158310505493
250,22,53.34830699999999,48.01298111445534,5.278014985945305
250,23,69.95527580000001,62.959121915772535,6.981804028241742
250,24,58.5815408,52.72287739037583,5.8486747440836835
250,27,51.0262509,45.92318268668555,5.0692096557742214
250,29,61.943287000000005,55.74830811051738,6.155716131566009
250,2,71.5454223,64.3901759107724,7.13113560571592
250,6,57.2788634,51.550333876614815,5.663673185084532
250,7,69.47252689999999,62.52457264146417,6.922863428935002
250,8,53.1514997,47.83589552670857,5.306900703806599
251,10,48.5228528,43.670025224850725,4.828991033273026
251,12,58.8711144,52.98349471019186,5.877283316649255
251,14,60.0377407,54.03344548167227,5.994572470848867
251,17,57.666897399999996,51.899716351187514,5.759571979032227
251,18,70.4390838,63.39456725274585,6.9728135827873245
251,21,57.4543653,51.70840337749328,5.728714904867857
251,22,64.4209523,57.97821156215574,6.370873774888261
251,23,62.9160406,56.62384926432091,6.275727139180176
251,24,49.0979887,44.18776956512107,4.902564117723242
251,27,73.015124,65.7129763280226,7.269646561748638
251,29,52.047403,46.84216575365938,5.177225530025261
251,2,54.58258190000001,49.1237961885954,5.439628946566083
251,6,47.323592500000004,42.590744296714725,4.713469240300101
251,7,52.9182333,47.625873182716916,5.272290179090966
251,8,72.25217819999999,65.0263370127425,7.214231704468391
252,10,72.7456526,65.47038843504701,7.234567146107589
252,12,52.49144019999999,47.241848717976474,5.2410395072885105
252,14,50.9794041,45.88102592600235,5.0904989383766575
252,17,71.9909494,64.79122586958903,7.187898948027965
252,18,60.5731254,54.51529822274284,5.99661162608969
252,21,73.30961959999999,65.97794586957723,7.304602580987624
252,22,52.9594801,47.66304025319889,5.239534807129411
252,23,49.6561479,44.690081570135675,4.9540713675185515
252,24,71.57676699999999,64.41847149571682,7.147520008351317
252,27,59.8256815,53.84260599570096,5.975556401575224
252,29,60.1720316,54.15419392221373,5.99252507732706
252,2,62.5071244,56.25575878182784,6.226244555477693
252,6,55.21411739999999,49.69215793103316,5.501996832209086
252,7,47.5806872,42.821952218682426,4.728055876585586
252,8,59.8398623,53.855365326482854,5.945649323322104
253,10,57.7691137,51.99165649769199,5.715848527257367
253,12,69.3540548,62.41805268227051,6.925081005439227
253,14,70.1880943,63.1686841266959,7.010625661753508
253,17,57.07460090000001,51.36665457727559,5.691330591649255
253,18,71.16350059999999,64.04652737104227,7.08479968779218
253,21,56.880075399999996,51.19154357964739,5.627349453727752
253,22,65.83528480000001,59.25111084173701,6.511367892618329
253,23,59.787908,53.80857303724594,5.965364624787211
253,24,56.2158327,50.59376907593642,5.61410367280771
253,27,68.9617614,62.06499598789352,6.88788291718904
253,29,55.41779999999999,49.87549400290251,5.5119131687686975
253,2,55.657640799999996,50.09131910551305,5.546109854433058
253,6,48.2128892,43.39112690322284,4.804594132458219
253,7,59.2418697,53.31708150790431,5.902884738296444
253,8,73.8644407,66.47736106854802,7.312106273339085
254,10,76.1302021,68.51643381180578,7.58672068178182
254,12,55.233526499999996,49.70970273230672,5.49987288064383
254,14,51.562790199999995,46.406062997083296,5.1477682353851035
254,17,73.299418,65.96883630490032,7.309610773056082
254,18,59.196166500000004,53.27604634760125,5.8818525958674375
254,21,71.71259309999999,64.54063481635366,7.092300262797648
254,22,51.1382016,46.02390161590934,5.0589493700760215
254,23,51.3386773,46.20436241535613,5.124366393130706
254,24,71.71507609999999,64.54294608634537,7.1609912043641915
254,27,46.963732,42.26695076396835,4.687745270119229
254,29,73.6521055,66.28615904382355,7.32255648178556
254,2,45.4645021,40.917500644352295,4.521881379663029
254,6,57.5764739,51.818249290265925,5.7368471121799205
254,7,53.589151300000005,48.22957331369998,5.330369984609629
254,8,59.0626509,53.15588056920693,5.846758011741035
255,10,58.467653,52.62032609135984,5.827600174823554
255,12,69.0784669,62.17002172039931,6.8778400297639415
255,14,71.7742853,64.59623450854558,7.153105354524269
255,17,57.0053438,51.30432285097982,5.684236151747464
255,18,69.18753509999999,62.268181888206264,6.848768417706056
255,21,56.8851276,51.196090514889526,5.627833565645223
255,22,61.846701800000005,55.66140864594094,6.135535244010112
255,23,59.357562200000004,53.42127873859735,5.923474950880301
255,24,57.5899729,51.830484457175785,5.751647279453123
255,27,62.1751332,55.95707435782285,6.206272291100706
255,29,59.2101915,53.288603953497116,5.888457730571012
255,2,59.814098900000005,53.832073743419585,5.956897268516154
255,6,52.357677599999995,47.121406304168964,5.218913634946146
255,7,41.9070866,37.71589835959202,4.170501598956694
255,8,72.62805089999999,65.36462089506772,7.189730830287301
256,10,72.2608347,65.03404766883669,7.20186619465032
256,12,54.2178606,48.79561094045496,5.367037347351021
256,14,54.2955124,48.865496001322796,5.388437512119135
256,17,71.3830133,64.2440917163883,7.1277908485581385
256,18,54.1136414,48.70181660412011,5.356970738580267
256,21,72.0997216,64.88907459385827,7.1326248684043
256,22,50.7733193,45.69551089601021,5.039737184130725
256,23,53.653022299999996,48.28724739288422,5.355100816822425
256,24,70.9236742,63.83069720036868,7.08037285622111
256,27,50.44897579999999,45.403650924534666,5.038476808148573
256,29,74.4621907,67.01522803378228,7.364595653976581
256,2,51.229852799999996,46.10636287596091,5.10348335465691
256,6,67.4830294,60.734052731815005,6.72371182725988
256,7,56.2169068,50.5946286208764,5.59931861060985
256,8,59.8958582,53.905762110267,5.9385892477975535
257,10,66.24176899999999,59.61687331945798,6.594629301231618
257,12,67.8698381,61.08226837329848,6.718398824986401
257,14,72.6843588,65.41529009118689,7.213106138629696
257,17,54.13995860000001,48.72550179683979,5.40711075183047
257,18,59.5557481,53.59965375804913,5.928905077563523
257,21,55.7136672,50.14178240579953,5.511583765696093
257,22,59.4992628,53.548755673129584,5.903937719518431
257,23,69.8522219,62.86637429249236,6.971505513121918
257,24,56.1447874,50.529829945427444,5.606526614755342
257,27,58.5658157,52.7087284913863,5.847599549335276
257,29,60.2847644,54.255709865435406,5.963587911127734
257,2,71.0399208,63.93523854466078,7.079770034689903
257,6,55.5465963,49.99141022797674,5.524386354608769
257,7,50.1517489,45.13608250195937,4.997914303441656
257,8,73.61459070000001,66.25249413573894,7.3138938159409665
258,10,46.7968352,42.11664220505158,4.6581891086702525
258,12,56.7824569,51.1037285177794,5.621182942475357
258,14,55.1363827,49.62227073464702,5.471761319825738
258,17,62.797420699999996,56.517129192760024,6.269313980852627
258,18,50.5224326,45.46976054139875,5.030846128732636
258,21,71.3830133,64.2440270277196,7.060559030957017
258,22,47.723025899999996,42.950272962580726,4.725024742254576
258,23,55.611755200000005,50.05009014461816,5.550980121838245
258,24,73.6824615,66.31357299310947,7.356895405700555
258,27,48.6967602,43.82666932611131,4.8488138170971
258,29,72.4670677,65.2196466520825,7.167655060522021
258,2,56.392180599999996,50.75241925255696,5.6169794230822605
258,6,69.9646675,62.96749122782371,6.954195508269542
258,7,69.4661767,62.51886967879863,6.922567185462641
258,8,59.4837815,53.53489661131075,5.8889787968509335
259,10,60.8006033,54.71994689675342,6.045112968958063
259,12,70.84476699999999,63.759676468403164,7.012784146132413
259,14,70.4274305,63.38407082845361,6.996671338907815
259,17,49.9467622,44.95166113638292,4.987993287906327
259,18,56.086773099999995,50.47760612929528,5.583491644416353
259,21,65.5949091,59.03473832798188,6.4843903333597055
259,22,60.2396174,54.215068248574035,5.9632439946708615
259,23,68.0897348,61.28015538541151,6.795872560169458
259,24,56.6349794,50.970998530166945,5.656236955015349
259,27,60.3486494,54.313261049390825,5.99490629492645
259,29,59.63826209999999,53.67386335424758,5.899529369352287
259,2,72.5108991,65.25909634746924,7.221449638899665
259,6,58.2752571,52.447189371196345,5.796913926879897
259,7,55.7353831,50.161305085739514,5.553109654571618
259,8,72.710401,65.43872826183144,7.1976069383861425
260,10,49.6125998,44.65086413310029,4.907488223572443
260,12,55.370793,49.83324017355398,5.481188601382284
260,14,58.4395006,52.59505346453758,5.806105920736135
260,17,59.3658177,53.42871603457039,5.926417295996321
260,18,49.1954909,44.27552436378042,4.870039172943989
260,21,46.3075256,41.676304773142846,4.609383259586027
260,22,48.0506632,43.24513500930813,4.777308649392755
260,23,57.1930259,51.4732257575683,5.709753069885463
260,24,71.52184059999999,64.36903579981556,7.1416819024750735
260,27,54.596327,49.13623118607325,5.404893407764787
260,29,72.7519457,65.47604439591746,7.19675642814705
260,2,56.1503116,50.53473331302094,5.592176760369057
260,6,69.34143259999999,62.40658513573848,6.892039999799361
260,7,68.71128909999999,61.83946488390776,6.843313015063814
260,8,57.2171915,51.494986048569956,5.697762663674738
261,10,60.9249988,54.83188072702763,6.024725663973192
261,12,67.6878562,60.918488113377094,6.7005208692893685
261,14,68.8917435,62.00197163504774,6.84460452396836
261,17,48.8502022,43.96476561880443,4.8705208595046585
261,18,58.3405675,52.50600443502322,5.774825484185326
261,21,61.147232900000006,55.03194911223396,6.097675968418609
261,22,63.7388086,57.364325436471226,6.353406710257168
261,23,69.4054541,62.4642914310548,6.927383467664049
261,24,60.396936499999995,54.35671099360696,6.02806550754878
261,27,71.5362614,64.38201280798174,7.141646222398694
261,29,59.4837815,53.534837625942075,5.9047638210684665
261,2,71.4294888,64.28582471230034,7.1164790523059835
261,6,56.6362169,50.97206321904592,5.6031546312187555
261,7,56.8228099,51.139985135619796,5.662692643070864
261,8,63.6094717,57.24797047027933,6.350449974860153
262,10,51.806228499999996,46.62510068428934,5.124312881787363
262,12,53.0216435,47.71902584963996,5.2486046059276115
262,14,50.5772635,45.5191027253401,5.019579010246865
262,17,60.8515326,54.76585423329017,6.068557930198978
262,18,53.0916826,47.78206248031438,5.2557551126287985
262,21,43.53098,39.17743739353,4.324679851494895
262,22,49.4195135,44.47708872462422,4.924781713764084
262,23,56.042421399999995,50.437688146291364,5.594172730384036
262,24,45.2536905,40.72791980066758,4.4945597592645665
262,27,54.5403872,49.08588091829428,5.445423763176447
262,29,72.710401,65.4386176062094,7.211728355249534
262,2,60.1657916,54.148653938459276,5.999808253444507
262,6,67.79290730000001,61.01293914746007,6.704766016687437
262,7,64.1036119,57.69268721886742,6.394926167652359
262,8,52.730834800000004,47.457304441892816,5.266486946702508
263,10,73.973097,66.57507726093658,7.31759994774994
263,12,59.1045324,53.19357059240312,5.850676121559191
263,14,59.97588700000001,53.97777755135189,5.958541663545784
263,17,53.960702999999995,48.56417326818525,5.380379399850622
263,18,68.0226566,61.21980129756393,6.743474343161018
263,21,58.2953364,52.46523992347421,5.795243852749971
263,22,62.885751899999995,56.596545445955634,6.264703699889921
263,23,67.91215120000001,61.120342777284336,6.780270624674852
263,24,62.093223200000004,55.88336358269694,6.162583146876878
263,27,66.3256693,59.69252110531057,6.61978938076031
263,29,57.2171915,51.49493048056073,5.661023132342712
263,2,74.0394069,66.63471374828386,7.377333515499564
263,6,52.4911434,47.241528529083844,5.1925609216898225
263,7,53.1111894,47.79954008688831,5.286925787159625
263,8,62.033410499999995,55.8295289604136,6.1929813436862
264,10,56.0556234,50.449519477883165,5.5446225413648245
264,12,49.7243362,44.75147766808959,4.9221314148154125
264,14,48.3323212,43.498676457339855,4.816864642405858
264,17,72.4353062,65.19113916431134,7.230615402814344
264,18,55.3396092,49.80517706521274,5.47829833385948
264,21,48.3536626,43.51784578062539,4.8080821598790155
264,22,52.0672978,46.860080755517416,5.190832795218294
264,23,49.1108581,44.199320050112064,4.898871422117308
264,24,49.1467916,44.23169283888456,4.877629921376727
264,27,70.0365148,63.03225011332417,6.991338290667479
264,29,63.6094717,57.24785934602359,6.294816930588305
264,2,57.1915956,51.471880198096805,5.700068950876446
264,6,58.2606162,52.433945847167955,5.789251161131672
264,7,68.0370707,61.232696357086745,6.774300379941354
264,8,52.9926931,47.69297095903541,5.291728588394821
265,10,73.8872246,66.49780053480757,7.309611149077972
265,12,57.7353899,51.96135224846658,5.7149872011276885
265,14,60.3407094,54.30611210255459,6.024348924684173
265,17,54.7667553,49.28961020203127,5.468287935724847
265,18,70.6957967,63.62560665697281,6.99827752518255
265,21,61.828583800000004,55.64513969674365,6.162176096097387
265,22,62.8135887,56.5316112939978,6.258836594320811
265,23,67.7656029,60.98843515104285,6.76282329021657
265,24,58.2953364,52.465298174907865,5.791518434664812
265,27,52.97779,47.679558212618794,5.290252888419998
265,29,53.101015100000005,47.79039739631317,5.25294050806992
265,2,72.7197808,65.44709807895893,7.247364785278731
265,6,49.424542100000004,44.48161836275829,4.915181870093722
265,7,51.67109,46.50348156367343,5.148149663426536
265,8,70.7736261,63.69565471177628,7.066993991048089
266,10,57.439573700000004,51.69506885472064,5.712387390671715
266,12,50.3722816,45.334624091805054,4.986427701748269
266,14,52.2752314,47.04726173709587,5.2204894417306305
266,17,71.17425229999999,64.05621311776689,7.106980171397988
266,18,55.594225200000004,50.03432830075782,5.51163840574574
266,21,49.3780265,44.439751136943876,4.90897706796074
266,22,51.5461139,46.3910195059652,5.12568591670373
266,23,54.2386636,48.81432512835839,5.41477825356988
266,24,48.0834722,43.27471449577348,4.759791800231459
266,27,70.693781,63.62379283993094,7.058572778375659
266,29,58.60986259999999,52.74828152238087,5.797771876255568
266,2,55.448508399999994,49.90312220051448,5.5037125435897565
266,6,56.166945999999996,50.54966071342545,5.580955779352903
266,7,59.2687748,53.34129585955873,5.905550987430354
266,8,55.6898359,50.12037620080452,5.545195066979879
267,10,75.2484513,67.72286570400131,7.498833618725751
267,12,58.7129734,52.84117097228498,5.8458988271073835
267,14,71.1748021,64.05670225759644,7.1069051145420055
267,17,56.964926299999995,51.267947387591235,5.660040533797082
267,18,69.3307739,62.39709557063551,6.862938628565205
267,21,71.5814305,64.42261710608686,7.081748979080266
267,22,62.546607,56.29132971461202,6.217560531511142
267,23,58.0610862,52.254457995269,5.794260270894792
267,24,60.4885698,54.43918928151105,5.987741193478735
267,27,53.2965572,47.9664446225493,5.319178396402838
267,29,55.36966089999999,49.83216919831737,5.506981707662233
267,2,60.354327399999995,54.31828658778138,6.005865015133037
267,6,52.238671800000006,47.014310820203754,5.192587812083301
267,7,47.0494927,42.34407869293501,4.6888912234788815
267,8,69.7380258,62.763623294324894,6.944170703012556
268,10,58.3106694,52.47905252072996,5.813217112899219
268,12,53.1049035,47.79396128171261,5.264874738320506
268,14,54.3365238,48.902404747003274,5.425262291382392
268,17,71.4356943,64.29151302088698,7.134164483174161
268,18,55.00657089999999,49.505443322218895,5.4451617445909495
268,21,53.29752210000001,47.9672636787136,5.311997202505834
268,22,49.7241987,44.75131518761934,4.945593652874569
268,23,48.743410399999995,43.86864109236304,4.865153733734865
268,24,50.95534120000001,45.85937066479073,5.044037774293358
268,27,70.1526023,63.13673853759821,7.004943527490087
268,29,71.5999042,64.43918040879002,7.1168715179857625
268,2,48.8293728,43.94596228191633,4.84634574818688
268,6,69.6407848,62.675999568595806,6.921672394209725
268,7,59.1105533,53.198870298059795,5.887282450314906
268,8,56.212022,50.590341228259284,5.564974450913548
269,10,73.5228059,66.1697997268067,7.327294016414641
269,12,69.0697482,62.16217716658946,6.847123124496615
269,14,69.0387182,62.13424986162994,6.8944057920086435
269,17,48.2320538,43.40842438288045,4.8140926387322205
269,18,66.5440645,59.88908531376425,6.587302237789368
269,21,71.40913789999999,64.26756196655708,7.120321103556055
269,22,58.3707778,52.5330920506991,5.812410578745771
269,23,55.687016,50.11781093949276,5.556485492472236
269,24,70.2254651,63.20231320249435,6.951761201132211
269,27,52.4951485,47.24518501842907,5.24204318585216
269,29,56.846256600000004,51.16108291661087,5.653165687049327
269,2,57.2324791,51.50862259506744,5.676516700055518
269,6,56.9622934,51.26552958677682,5.6625928409423745
269,7,49.4495397,44.5041101660377,4.929172429063162
269,8,71.0653428,63.95819293703729,7.0454465738915975
270,10,57.4559709,51.709831242049965,5.7283736394683675
270,12,54.48805370000001,49.038783544067925,5.393885840588201
270,14,53.137726799999996,47.82349777375238,5.306170595470259
270,17,70.291017,63.2613106153526,7.008711967688453
270,18,52.3690739,47.13171987566575,5.184098717144166
270,21,54.7972478,49.31700878682486,5.449188147403984
270,22,49.6394404,44.67503967151609,4.949129231962431
270,23,51.78341760000001,46.60461383276863,5.167670877843512
270,24,55.84904,50.26365969716528,5.528711659166239
270,27,60.1644342,54.147473245853284,6.0077499490522825
270,29,69.7380258,62.763543007873906,6.93488533624375
270,2,48.5017237,43.65108538292559,4.813768578119052
270,6,70.10148000000001,63.09062130124219,6.967868644244185
270,7,58.0053321,52.204180734168744,5.77698904545659
270,8,56.48611449999999,50.837022134892635,5.6003973827303355
271,10,71.72527629999999,64.55202460286509,7.146536540490738
271,12,69.031623,62.12786248130378,6.833271908588817
271,14,70.1309986,63.117290693336756,7.003134720531676
271,17,51.7332631,46.55949451761039,5.148087050172977
271,18,57.7693675,51.99193166919339,5.718439481930675
271,21,72.8317396,65.54786904939995,7.258216655209191
271,22,57.055408799999995,51.34930863013576,5.684545387151225
271,23,55.0398697,49.53536326631713,5.489157254030841
271,24,73.0165548,65.71426547909506,7.227827197474956
271,27,49.4570689,44.51093953454881,4.93845877588469
271,29,56.212022,50.59028241729763,5.590470588178999
271,2,59.5098679,53.558267915054316,5.90391628310681
271,6,56.7632039,51.086346588263744,5.645495398188624
271,7,48.948695199999996,44.053354440711374,4.879532360930515
271,8,71.3066733,64.17538539775876,7.058358687724287
272,10,54.2890691,48.85964687253613,5.411712704409462
272,12,56.136943800000005,50.522771423701535,5.557212092943118
272,14,57.399809999999995,51.65933723944622,5.731614504814364
272,17,61.403016300000004,55.26218281974343,6.131051608452513
272,18,48.9662544,44.069211625741964,4.84721359465509
272,21,57.1907204,51.471121732870145,5.688583190629481
272,22,46.724333800000004,42.051438020628765,4.654891533934362
272,23,70.0475098,63.0421263280357,6.990199883331416
272,24,56.964926299999995,51.267947760304395,5.639201754112336
272,27,58.418240499999996,52.57591207826298,5.832776973704497
272,29,71.0653428,63.95809491593627,7.065114796775944
272,2,50.54822,45.49289887635067,5.016224655884769
272,6,69.3546352,62.41849268874302,6.896023740297408
272,7,60.76225469999999,54.685402653175935,6.053470471016921
272,8,57.224885,51.50191005547058,5.665001939171452
273,10,61.393522,55.25354822590986,6.1022358463257
273,12,69.0441084,62.13910153747437,6.834701632286621
273,14,70.9388636,63.84436216877572,7.069791363233448
273,17,47.324640099999996,42.59177060272342,4.725354701602714
273,18,55.4105066,49.868979171934015,5.51704267003055
273,21,71.50797949999999,64.35650496513199,7.110979167327281
273,22,63.7125684,57.34069497436118,6.349743453742462
273,23,55.6689949,50.10160936564814,5.5573942684059405
273,24,73.4896039,66.1400055957165,7.274654467679363
273,27,51.0322058,45.92855017705721,5.051834292342945
273,29,56.48611449999999,50.83696357383738,5.631589502158798
273,2,70.01435959999999,63.012241823077204,6.949299405677824
273,6,54.7557122,49.27961096097729,5.444397039461201
273,7,52.3800025,47.14149685958966,5.221419603020223
273,8,69.47252689999999,62.524672293347145,6.8769641478059835
274,10,49.3544548,44.41853585204148,4.881902915318931
274,12,55.57670220000001,50.01855789647749,5.533737504463381
274,14,56.681864999999995,51.01319279724874,5.625320968454234
274,17,58.4579251,52.61162812760484,5.837195593191569
274,18,51.6782306,46.50996699478499,5.160617502923845
274,21,52.664725999999995,47.39776157454314,5.20969570252151
274,22,52.17281379999999,46.95504009448441,5.200806012507255
274,23,68.2551176,61.4289984888089,6.8126419637244195
274,24,56.77566349999999,51.09761286996513,5.620461421003311
274,27,71.0616141,63.95484118762226,7.045187361739218
274,29,71.3066733,64.17527565007086,7.104571481303496
274,2,56.513867399999995,50.86194114578039,5.604157277720232
274,6,67.752569,60.976655530515124,6.701850048314852
274,7,68.8047586,61.92357150487336,6.853682043585092
274,8,51.494887600000006,46.34496088902156,5.105227073883761
275,10,58.5658157,52.7086475139906,5.791731449337769
275,12,68.9919253,62.09213214806336,6.868481617056804
275,14,69.0444715,62.13943091623016,6.8524163937808655
275,17,48.9267299,44.03363619751824,4.885148376890861
275,18,69.5992453,62.63871118408723,6.948251088235667
275,21,60.787717799999996,54.70837467109796,6.01320823924065
275,22,62.7905159,56.510863583656345,6.258633715924484
275,23,53.3832478,48.04445018030121,5.327918631332819
275,24,72.1024376,64.89156482831227,7.137113483809266
275,27,57.598250500000006,51.83793485769464,5.701925988491422
275,29,56.258161900000005,50.63180303722193,5.608264983147564
275,2,71.7013507,64.53049747220773,7.115222813786721
275,6,55.420553299999995,49.87797220375984,5.482461012870617
275,7,55.2657991,49.738693498304656,5.509264455586082
275,8,59.520285200000004,53.56773761674952,5.900003188998947
276,10,48.9644938,44.06757435278008,4.8439757833971235
276,12,54.020904,48.61835468798686,5.347788341972036
276,14,49.497568400000006,44.54738650015912,4.932714769291217
276,17,70.9728713,63.87497195734291,7.0876794675882175
276,18,68.1278697,61.314463689697654,6.797585554563498
276,21,46.3246901,41.69177426108614,4.581343801483757
276,22,52.4264161,47.183283923180916,5.214027389367487
276,23,67.5265682,60.77331382878864,6.740372384952745
276,24,53.9908218,48.591280230526586,5.344809281714395
276,27,73.5391022,66.18455204507131,7.279444067011784
276,29,68.4760578,61.62778303399346,6.825760272234636
276,2,55.932678599999996,50.33886525559809,5.5512201564634855
276,6,68.6562399,61.78993102833914,6.790037660560145
276,7,70.6781644,63.6096009007035,7.0389744876130145
276,8,47.9833851,43.18463971037773,4.749982913962429
277,10,61.30313509999999,55.17218719216688,6.105545426708076
277,12,60.4174987,54.375229129521635,6.0321614983399625
277,14,59.056606,53.15042675464209,5.8817700663583725
277,17,54.727294400000005,49.25409563800598,5.4374046399561635
277,18,53.5294826,48.17607539979559,5.3451086481704015
277,21,58.5150419,52.66298594281022,5.788468009274602
277,22,65.86187129999999,59.275039041482366,6.547677007206441
277,23,55.8777987,50.28953097169459,5.577476699116678
277,24,61.4513575,55.305687568274585,6.104990372288544
277,27,56.7105023,51.03896912118986,5.61403728114782
277,29,51.18210800000001,46.06339823013299,5.101482421673543
277,2,69.2180549,62.295564491535224,6.862705301907745
277,6,53.25782529999999,47.93153568388809,5.26968070411631
277,7,57.261813599999996,51.5350894179894,5.709075761584852
277,8,57.194050100000005,51.47414888543416,5.661261927422414
278,10,53.6379804,48.27367682325571,5.347149923224904
278,12,48.3747037,43.536820186017145,4.829651221057684
278,14,48.0508075,43.245316597314755,4.798346385757806
278,17,71.381869,64.2430641876689,7.085007723302455
278,18,69.79450940000001,62.814456043440835,6.969631612256536
278,21,47.9979483,43.19768684030049,4.7821860865628
278,22,52.25617340000001,47.03006663092593,5.169945082671928
278,23,68.2180821,61.39566251519163,6.807312361069946
278,24,48.2991618,43.46883333201061,4.798674363873338
278,27,72.6233606,65.3603976735667,7.189106918305777
278,29,59.115120499999996,53.20299815531434,5.88912565731114
278,2,55.797406699999996,50.21712765008452,5.5382822298639605
278,6,60.2647179,54.23763392985855,5.98058522451096
278,7,69.1676303,62.25019061707791,6.894773911835864
278,8,49.6196076,44.65722290097825,4.911841454070961
279,10,71.3635161,64.2264434688659,7.109478922736992
279,12,59.0483563,53.14301089387241,5.894990863063812
279,14,54.8664131,49.37929516499127,5.477856785580257
279,17,56.525487600000005,50.872455257545965,5.610638778405876
279,18,55.7698421,50.19238211567379,5.568836305086791
279,21,69.65358280000001,62.68759411049181,6.947714051906688
279,22,65.17221520000001,58.65434185126246,6.453198835157424
279,23,55.2187152,49.69636149786646,5.51165127425581
279,24,58.309909999999995,52.47841428867147,5.792974570287173
279,27,55.4599042,49.91343946818612,5.490039866951317
279,29,47.9833851,43.18458484061623,4.783182697329096
279,2,67.0720455,60.36418448736354,6.657111321326131
279,6,50.37298260000001,45.33520222955141,4.996394575593549
279,7,51.763001200000005,46.5861825606886,5.157226625279328
279,8,69.3781838,62.43977136615884,6.868099676479868
280,10,55.4027238,49.86192147417228,5.509506920854885
280,12,50.291547599999994,45.261961818786766,5.007251220398398
280,14,46.1415272,41.526979652844176,4.607334299065688
280,17,69.0830254,62.17409125539619,6.882865129986791
280,18,69.1753031,62.257177512658565,6.888165725851478
280,21,47.2123858,42.490660157109545,4.700786562598566
280,22,54.4734421,49.02559303362601,5.389658650943135
280,23,66.1539895,59.53799697238573,6.602058253049033
280,24,52.890756,47.601230515661456,5.2495232698469305
280,27,71.4358681,64.29166464434327,7.071500071783876
280,29,57.209608,51.488038236298124,5.697486879237467
280,2,50.98754639999999,45.888299935767876,5.060763213681406
280,6,59.14061269999999,53.22594948500866,5.891069890146526
280,7,58.6969379,52.826665961582925,5.850312996114782
280,8,54.983244899999995,49.48445154598488,5.488141009166759
281,10,69.6081174,62.64662452232732,6.920402068537313
281,12,67.7055335,60.93439753739728,6.702360957250087
281,14,56.7380828,51.063779182675695,5.664398385393512
281,17,73.8806628,66.49195165381596,7.37579861539927
281,18,54.98817030000001,49.48888408959465,5.443445118755628
281,21,71.6391951,64.47460471491384,7.087111300494178
281,22,67.0971565,60.3868029192248,6.683286323785097
281,23,51.1269269,46.013787270177524,5.103590331109552
281,24,72.6885403,65.41905230826688,7.221416637494607
281,27,55.7793866,50.200972018025375,5.521760392835403
281,29,51.7094401,46.53800221922382,5.154410451680141
281,2,58.4102822,52.56863526130291,5.7935303457174925
281,6,53.0598793,47.75338614320963,5.263537925270085
281,7,54.005096699999996,48.603957328835605,5.374040131764533
281,8,70.4362127,63.39197859100609,7.032384539223311
282,10,56.082733399999995,50.47393290042781,5.54833790032484
282,12,55.1174391,49.60522384583514,5.456097944233714
282,14,57.45244040000001,51.706681879945215,5.7336828852337645
282,17,54.85868120000001,49.37234272190546,5.477484278658402
282,18,68.876239,61.98801807635978,6.817940726475053
282,21,55.1649515,49.647938575487665,5.45693726926477
282,22,49.8310192,44.847434737510014,4.965739765267362
282,23,60.1290101,54.115571701072135,6.000838420267206
282,24,56.1938844,50.57401669454456,5.56290640084688
282,27,70.2047642,63.183686522600574,6.949959137354708
282,29,71.2538937,64.12778947232817,7.099861979177256
282,2,55.217867,49.69544416102682,5.473865706681622
282,6,69.7959453,62.81565673125246,6.9387429119212065
282,7,43.598330000000004,39.23800275030084,4.338670761956884
282,8,54.6561047,49.19002701933254,5.442198402680026
283,10,71.0515217,63.94565006048581,7.026447281971188
283,12,68.9265781,62.03332527862765,6.823066135510485
283,14,42.2557387,38.02979084096452,4.209243489973364
283,17,72.0668294,64.85952279061536,7.195685924556141
283,18,54.3244414,48.891532649709795,5.3776688908606305
283,21,72.1891066,64.96952033890248,7.141737050943146
283,22,60.2429687,54.218099628257534,6.004467782242621
283,23,49.046297700000004,44.14123491815347,4.895005934267335
283,24,70.7808527,63.70216162143942,7.048660416609459
283,27,47.9688149,43.17152069128613,4.748141654737066
283,29,59.230791100000005,53.30708552535682,5.898368026224319
283,2,43.0299587,38.726492251139625,4.283930236056044
283,6,56.7520355,51.07629514277578,5.644599335939481
283,7,59.0373554,53.13300787506302,5.878382412016792
283,8,69.3584682,62.422026263819845,6.901962877138672
284,10,56.57800039999999,50.91966892628945,5.597276560875507
284,12,55.68437469999999,50.115462164415554,5.520456574472869
284,14,66.17808509999999,59.559711206124724,6.5514716694196915
284,17,55.740871299999995,50.16630847912215,5.557780121817723
284,18,67.5451564,60.7900595622332,6.738707113938794
284,21,55.709332499999995,50.137877155996506,5.539979559845268
284,22,47.8174302,43.035221714322105,4.753554351216555
284,23,55.3169445,49.784754090146826,5.520130831960989
284,24,47.8487674,43.0634705081419,4.742717800898163
284,27,58.2942084,52.464284059624354,5.770345797420717
284,29,49.1308105,44.21714327264164,4.854660825211865
284,2,55.79199379999999,50.212225890776324,5.5585655924330295
284,6,70.7372792,63.66284952553934,7.048522004544412
284,7,52.4894988,47.24004239979433,5.229620467633781
284,8,53.498500299999996,48.14819171181131,5.3267278895462615
285,10,71.8472987,64.66184249839424,7.10510691811103
285,12,67.9065536,61.11531389305987,6.722194458578493
285,14,45.994716600000004,41.394838613084275,4.5588844081688595
285,17,71.7189624,64.54644300561564,7.1604388618987445
285,18,53.1884675,47.869167204043954,5.311597481651572
285,21,71.173369,64.05536524933694,7.0413286328577955
285,22,58.8497489,52.96418925025681,5.8495012573809255
285,23,48.1153571,43.30339852728957,4.802357835748096
285,24,70.8148578,63.7327677834856,7.0105836901165945
285,27,47.7637305,42.986951527418206,4.728188083565776
285,29,69.7769927,62.798574947769936,6.899818185139885
285,2,48.7105064,43.83897290877401,4.853449644966065
285,6,57.422244,51.679477020982375,5.711244058639773
285,7,72.3574541,65.12098215461555,7.209548916060032
285,8,68.9461474,62.05093540829125,6.864713586573432
286,10,53.726677300000006,48.35349406415091,5.342691387452926
286,12,54.651765600000004,49.186121707132585,5.41002370403166
286,14,67.9952859,61.19517627843388,6.731372308534463
286,17,61.850523700000004,55.66491318933076,6.162936991279315
286,18,59.665526,53.69845589410238,5.957007165162725
286,21,54.23777,48.81348320523074,5.365111637949948
286,22,51.9960841,46.79599217888672,5.144865960522317
286,23,56.481329,50.83269010108979,5.635739141038102
286,24,48.157971100000005,43.34175130741273,4.796062789646385
286,27,57.7240053,51.95110617922888,5.713894311493938
286,29,56.8228099,51.13998583336158,5.621136843875787
286,2,67.9775191,61.17909366551208,6.773957910045502
286,6,70.5055356,63.454267962998514,7.011021684162281
286,7,56.37632970000001,50.738145470272734,5.617017342513896
286,8,56.6843568,51.015438471256964,5.611443549490138
287,10,60.1644342,54.14740052072578,5.9961415933780495
287,12,67.6604174,60.893791551287535,6.697719908285667
287,14,49.1679412,44.250719290720184,4.866696919953846
287,17,45.1712146,40.653698409224035,4.486996639430663
287,18,50.9510188,45.855484482118726,5.088460444150779
287,21,70.5902474,63.53056081097644,6.983204707995326
287,22,66.5885305,59.929013331987136,6.586176909886055
287,23,50.6512879,45.58571439427747,5.054986176625228
287,24,71.0241351,63.921107475589366,7.072182399642027
287,27,51.13097210000001,46.0174399765958,5.06157729290085
287,29,69.3584682,62.42195211626708,6.861002116733995
287,2,56.38732950000001,50.74807057406887,5.622503740485108
287,6,57.542535699999995,51.78773369687726,5.722659884987459
287,7,70.8517997,63.76592830608134,7.058977977980979
287,8,68.0351043,61.23100661959275,6.734773368307188
288,10,49.1805292,44.26200471419611,4.890444955702484
288,12,55.4862375,49.93714037326789,5.492772232531518
288,14,69.4850039,62.535894897430005,6.877924398914693
288,17,61.981562700000005,55.782871506629434,6.157998460692372
288,18,59.14061269999999,53.226038443126676,5.904553442128579
288,21,51.3702087,46.232710985921834,5.081832687834894
288,22,54.056188299999995,48.65006456297683,5.348760082371637
288,23,68.6810263,61.81231262753553,6.854226492205319
288,24,56.044750099999995,50.43979501181618,5.596006453987568
288,27,71.3007769,64.1700814231379,7.057963112802889
288,29,53.498500299999996,48.14811754886692,5.290882574352976
288,2,69.4006531,62.45983055661326,6.910405120293815
288,6,68.88521560000001,61.99602858501965,6.866016834326293
288,7,56.912141999999996,51.22038319216264,5.670882886792384
288,8,52.6551501,47.38918717779048,5.231649580965523
289,10,61.3214252,55.18866173533852,6.095112847696134
289,12,67.2542333,60.52822706148495,6.657400034464907
289,14,55.2160584,49.693980567340425,5.466013750158308
289,17,47.169337500000005,42.451999510445546,4.690400220400587
289,18,51.54376309999999,46.38894626820791,5.1469271905341225
289,21,62.779824399999995,56.501231685640384,6.243404878561544
289,22,66.1757255,59.55751466284449,6.569420088858742
289,23,53.9618565,48.56519550331127,5.385418615610587
289,24,68.6599792,61.79339259067854,6.856506067889735
289,27,54.3547465,48.918807055571634,5.380638048386539
289,29,68.9461474,62.050836532049715,6.818423163294286
289,2,54.0464045,48.64124121393252,5.387455788978416
289,6,55.26012970000001,49.73358267983406,5.508125115109127
289,7,71.0674921,63.960027242962006,7.078112463088098
289,8,58.7257801,52.852696930377114,5.83449409562464
290,10,50.1518783,45.13619975714343,4.960562954016658
290,12,54.3434455,48.9086393811403,5.4274272050883665
290,14,69.53605309999999,62.581844640154614,6.883354689296501
290,17,58.393271199999994,52.5534355161455,5.801040502381713
290,18,68.57380669999999,61.71583756387624,6.84844709822419
290,21,48.261039100000005,43.43448561976533,4.810368004801314
290,22,52.5214674,47.268820135047925,5.2125247878568794
290,23,65.094539,58.58450062743893,6.495470292156809
290,24,50.260077800000005,45.23364088829899,5.004529663287758
290,27,71.107987,63.996574568978154,7.065294016277559
290,29,56.6843568,51.01537922367285,5.607365310479681
290,2,69.0096904,62.10805689591957,6.87913158842507
290,6,66.4561245,59.80985838272692,6.623255504161176
290,7,55.3601836,49.82362268673028,5.514956796435132
290,8,47.0494927,42.34414280112351,4.674440104649904
291,10,71.0616141,63.954767717469515,7.02935301573355
291,12,59.927663200000005,53.93437726084768,5.983137622842445
291,14,52.0916905,46.882075232600464,5.156591655972423
291,17,52.0065013,46.80540851397443,5.167360156523332
291,18,54.4756029,49.0275753675829,5.39264733606518
291,21,59.7001475,53.72954893029991,5.934276149427587
291,22,66.0221049,59.419257421532585,6.552479993007933
291,23,62.736640200000004,56.462399675333266,6.258269948847365
291,24,62.779824399999995,56.50129641055194,6.253713978213771
291,27,57.442923300000004,51.6981426996126,5.736458005233185
291,29,68.0370707,61.23269744692377,6.729695400139521
291,2,52.2353802,47.01132213721612,5.204698354943572
291,6,62.25623300000001,56.029925096443414,6.19776291761773
291,7,69.88250310000001,62.89357830100094,6.9661821746961685
291,8,59.1105533,53.19898240961274,5.850988786060623
292,10,56.0965552,50.486357746473836,5.548686057037653
292,12,49.9144427,44.922574993368855,4.98482596517324
292,14,59.7167755,53.74457934221817,5.91115732435336
292,17,72.96811100000001,65.67066273868899,7.249454844563344
292,18,69.57417339999999,62.61615724370288,6.887410249031423
292,21,51.4431416,46.29835029422108,5.11618047022369
292,22,55.141854099999996,49.6271543924985,5.455299869122511
292,23,47.1389553,42.4246244843864,4.7013957691700154
292,24,48.2300412,43.406625393021216,4.791813985235518
292,27,72.98641289999999,65.6871366781927,7.287419474348822
292,29,51.67109,46.503482263043416,5.111038594985263
292,2,66.8707149,60.183019743859624,6.6691450926541735
292,6,48.7071938,43.83597356139924,4.851611046229388
292,7,54.1147103,48.70270051994889,5.392096232537564
292,8,49.4495397,44.50416622936952,4.895161762176556
293,10,72.4331363,65.1891258836427,7.165102079157021
293,12,59.4795092,53.531046664136156,5.9392557412118965
293,14,47.982836400000004,43.18414191798624,4.7497675927523915
293,17,56.0698189,50.46235735981716,5.570874937043358
293,18,56.68656,51.017420198762956,5.611613042860761
293,21,72.96811100000001,65.670591069814,7.270487794282545
293,22,67.64986640000001,60.88421863144188,6.690707446059798
293,23,65.2798497,58.751289445209906,6.515511662706812
293,24,58.393271199999994,52.5534362773539,5.813370296752485
293,27,55.522627,49.969890714198414,5.541325040978111
293,29,59.52848109999999,53.57498319220088,5.884297387511
293,2,47.7008583,42.93026163912397,4.749478780960127
293,6,59.1032076,53.1922848985174,5.874400025129945
293,7,69.8238729,62.84080316082651,6.958747190861191
293,8,58.0053321,52.20429298550651,5.774526603433437
294,10,56.4624381,50.81565961639371,5.585538295424285
294,12,51.7925108,46.61279874326286,5.168340342650842
294,14,57.4852836,51.73625584394808,5.690208047942875
294,17,71.01316709999999,63.91123326077729,7.079568708055483
294,18,70.20940279999999,63.18784757128993,6.989775334315536
294,21,56.437684899999994,50.79339624497483,5.612324502312062
294,22,55.00352349999999,49.50266170194968,5.441705998535745
294,23,52.4965214,47.24640652386209,5.238973998131556
294,24,58.150377399999996,52.33482198340642,5.803498888228852
294,27,71.6288765,64.46537245000884,7.091052358241999
294,29,49.0988987,44.18854083408641,4.85693907445432
294,2,66.6155322,59.95334195188387,6.6407041853259505
294,6,49.416522,44.47439094425337,4.888968613134441
294,7,53.313543200000005,47.98166972686602,5.291219200900076
294,8,48.948695199999996,44.05341061319378,4.888331640699811
295,10,72.91349190000001,65.62142127987863,7.211398771275902
295,12,54.8744541,49.38653250773694,5.463166068184779
295,14,49.8699717,44.88254614568845,4.936555497968013
295,17,57.7850652,52.00606714969952,5.763795405705729
295,18,59.1184865,53.20613508518848,5.903870810355634
295,21,72.2617097,65.03486291460693,7.18547681223408
295,22,67.3473617,60.61196701478521,6.66087189182977
295,23,66.10833360000001,59.49691134488982,6.59721154097381
295,24,46.1499145,41.534520662648674,4.594050442715945
295,27,56.0938589,50.48399624534624,5.553178206084608
295,29,59.3237966,53.390803709833065,5.866851595516223
295,2,48.251456,43.42583155852526,4.8083135800883925
295,6,55.743655999999994,50.16871692503909,5.520385765929199
295,7,61.132176,55.018313206507855,6.088002021636955
295,8,60.344584999999995,54.30960055038422,6.0242439151373866
296,10,55.4599042,49.91337733740459,5.485726924270122
296,12,69.1945249,62.27447300661969,6.909084954686781
296,14,69.87489380000001,62.88680228796296,6.9171531501027985
296,17,72.8517649,65.56595239044093,7.2729092973654055
296,18,68.7317594,61.857990073568914,6.828834694984279
296,21,53.4980278,48.14772195514421,5.318884963069842
296,22,51.0735795,45.96573324424753,5.051809079979771
296,23,50.927458,45.83426510838977,5.082588215355698
296,24,72.3997126,65.15911286423663,7.168104767874027
296,27,71.91644459999999,64.7241743665672,7.17759682381819
296,29,48.677526199999996,43.809300629670325,4.814741314389602
296,2,58.3253874,52.49223149648949,5.808990381471084
296,6,50.531877300000005,45.47820106457182,4.998251561330241
296,7,51.1532478,46.03743682763726,5.09943371380682
296,8,52.242989699999995,47.018245476675965,5.217083150977397
297,10,71.4686162,64.32106626620664,7.080642710346925
297,12,51.922561099999996,46.72985843577066,5.184145648663869
297,14,53.1867807,47.86764417328564,5.264834524752733
297,17,58.42339,52.58055470046288,5.825793329197951
297,18,56.342961800000005,50.70818477651118,5.57759203279864
297,21,72.5549487,65.29876823389476,7.215242167708214
297,22,57.7753635,51.99726912486654,5.733513805014393
297,23,58.0900943,52.28054836046403,5.794122227398398
297,24,67.6365121,60.87226139453703,6.7286940165698645
297,27,52.5604584,47.303964438947474,5.233651248156643
297,29,58.0412593,52.23653117395604,5.739305433711552
297,2,46.383152700000004,41.74438057188236,4.622415502342343
297,6,68.59744880000001,61.73704008076054,6.785531135986175
297,7,59.39689,53.45660819110795,5.916011867997831
297,8,67.2033789,60.48246297421152,6.711098914225364
298,10,55.0955147,49.58543553370036,5.450671490414388
298,12,67.4992076,60.74870773247653,6.741026681401595
298,14,70.2309161,63.207215357088934,6.952139304543171
298,17,70.1316787,63.11790755275045,7.004115124618715
298,18,66.5015667,59.85083769140955,6.592692431317504
298,21,54.1045895,48.693622490846366,5.392626380204227
298,22,47.8324868,43.048782935786086,4.756131089141235
298,23,49.8597619,44.87335271583925,4.976869511239746
298,24,50.9865661,45.887467957398904,5.090203413816125
298,27,62.2120817,55.99033111799955,6.157952553786068
298,29,48.1593614,43.3429515481202,4.763096581192411
298,2,55.4587497,49.91229715134342,5.52421986971482
298,6,55.4451617,49.90011470739859,5.484547128207869
298,7,49.713435499999996,44.741582487909284,4.949830023235279
298,8,54.257032,48.83086712838341,5.4027507844758995
299,10,70.8700036,63.78232760588877,7.010837813655414
299,12,52.696358200000006,47.426270718103005,5.2618040609467265
299,14,56.4548698,50.80889903958322,5.588608363046841
299,17,51.2014785,46.080886626038094,5.111095995402166
299,18,52.8191136,47.53675173892089,5.228789414560401
299,21,71.5950326,64.43486557955623,7.137974307628669
299,22,57.9093368,52.117850749353835,5.75801278725821
299,23,55.4946991,49.94472197119838,5.535856695582766
299,24,72.5759347,65.3177138247433,7.247540496666506
299,27,50.6748718,45.60695450014566,5.016499269211119
299,29,59.264007299999996,53.33699380284331,5.859954560454244
299,2,49.168721999999995,44.25136895650342,4.900476849475816
299,6,69.443344,62.49831794232663,6.867967311137301
299,7,69.0982493,62.187748125766845,6.884634699090831
299,8,70.8195671,63.73699410232345,7.03566605118889
300,10,47.9491087,43.15371954356303,4.741761866102145
300,12,67.9230967,61.13020427299002,6.783386903516998
300,14,70.6933772,63.62342851732928,6.998124696102607
300,17,71.4652301,64.31808859327367,7.135331059129206
300,18,58.6114625,52.74980999970823,5.8232810868689935
300,21,53.309181,47.97775657573649,5.312580027728388
300,22,48.218482699999996,43.3961711108255,4.793979837121501
300,23,52.5421151,47.28744750374582,5.244852368454307
300,24,53.4980278,48.14776686996482,5.341883999675767
300,27,59.513474499999994,53.561613084173196,5.899855180633455
300,29,52.242989699999995,47.01818185417791,5.167342095620151
300,2,68.3369367,61.50257623967597,6.8116579595841396
300,6,56.2968068,50.66658796485878,5.568860852081606
300,7,55.461726,49.915021484175405,5.529235910277555
300,8,56.7773452,51.09912808775939,5.620687985109834
301,10,59.390782200000004,53.45111083062123,5.903626818835051
301,12,54.861957800000006,49.37529415564401,5.478779917177285
301,14,54.808204100000005,49.326912814706766,5.433575066929901
301,17,51.1051132,45.994163688933426,5.058975276711715
301,18,49.3670849,44.42995669599993,4.915704206206289
301,21,70.5565072,63.50019563426013,7.034282688695392
301,22,66.9125111,60.220593661522614,6.65102643699705
301,23,68.3382081,61.50376949518745,6.818599236709074
301,24,72.5549487,65.29882659598972,7.244481914134352
301,27,52.0555982,46.84959550786961,5.153148207399678
301,29,67.2033789,60.48238200450912,6.647145913809318
301,2,53.3199823,47.987461522568225,5.313515411992485
301,6,70.4086101,63.36707735689372,6.96537130583786
301,7,69.8603019,62.873551483836145,6.960152448694444
301,8,69.86469819999999,62.87762021634295,6.915536755835845
302,10,46.9827056,42.28397757874078,4.671080910037425
302,12,70.2892754,63.259741310683275,7.018996592755872
302,14,70.0156176,63.01344856292627,6.930834569114585
302,17,60.430987800000004,54.3873628271834,5.981754338555094
302,18,56.627242300000006,50.96402375653991,5.637335761802957
302,21,52.335084499999994,47.101087622687515,5.2172135213923445
302,22,53.023644299999994,47.72077999028662,5.272968962120516
302,23,56.0894,50.479968463712275,5.598208137763803
302,24,55.593451,50.03363185487562,5.523706994905742
302,27,71.2175678,64.09519106833987,7.049536090605402
302,29,53.3790234,48.04059641432853,5.279630190716245
302,2,69.5227012,62.56975409106796,6.930263750260272
302,6,54.42840329999999,48.98502882713549,5.383417993766224
302,7,55.18497060000001,49.66593875757902,5.5010546568494565
302,8,53.737100299999994,48.36293299210273,5.319590593736644
303,10,57.7240053,51.95102601426846,5.737998995025818
303,12,54.00064329999999,48.600117330380726,5.3735567998492275
303,14,56.239203100000005,50.614800866242526,5.5672488557212185
303,17,48.7620479,43.88542833387932,4.827066758955064
303,18,51.9651465,46.76819055568973,5.144244549542147
303,21,60.4355219,54.39138874775555,6.022832316446794
303,22,65.20980229999999,58.688200483356106,6.499350192185054
303,23,68.3936816,61.55370839128423,6.825897737497293
303,24,73.0890991,65.77955486567026,7.277415321784407
303,27,55.2718831,49.74422323680072,5.471504257633775
303,29,69.053807,62.147751379777546,6.830429857800752
303,2,53.87361980000001,48.485730480938244,5.368671262249358
303,6,68.319487,61.48686760158537,6.757334034070334
303,7,69.0272696,62.12386717655748,6.880319972760938
303,8,59.5545516,53.59857990864627,5.894944668117041
304,10,51.13097210000001,46.01738612043106,5.057732311274708
304,12,67.8622666,61.075454216856315,6.757163061886211
304,14,68.13108650000001,61.317395733411345,6.7848442076756195
304,17,57.9543621,52.15841788552611,5.736323162552015
304,18,70.06398619999999,63.056980325280506,6.935512209636461
304,21,48.2765033,43.44840642186895,4.801234615935341
304,22,52.526704099999996,47.27353808844814,5.223490993945139
304,23,54.5141968,49.06229701120337,5.440507785192887
304,24,54.6543515,49.18844809856229,5.410556071797836
304,27,70.4087114,63.36723591565674,6.970045936472824
304,29,55.6886906,50.119288219439206,5.508802276217691
304,2,68.8810575,61.99225829121845,6.860798995702224
304,6,56.2702534,50.64269012986452,5.566205810768626
304,7,53.9418807,48.547162453450966,5.37562651058148
304,8,49.7566628,44.780573512401254,4.925491774224524
305,10,71.3007769,64.16999166475179,7.051744870519623
305,12,52.777460899999994,47.49926484254162,5.255342739663148
305,14,46.9737202,42.275939418581835,4.6763312562477095
305,17,51.00978670000001,45.90837390161832,5.049617651247012
305,18,55.0852404,49.57624519450838,5.452951754446723
305,21,58.703897500000004,52.83290716897374,5.835754303999857
305,22,66.5365026,59.882188692618925,6.581283666038686
305,23,68.4849643,61.63586206416693,6.835928212588238
305,24,70.37052419999999,63.332866806497314,6.966271053116272
305,27,52.9515451,47.65593654312968,5.241585847546493
305,29,69.8212973,62.83846392377616,6.905120660937995
305,2,67.38969,60.65000621698169,6.708840831583768
305,6,67.1229341,60.40998952925164,6.639420851480637
305,7,70.8888083,63.79924414140788,7.063692723619367
305,8,57.9143733,52.12243585280145,5.7327233531294235
306,10,54.3547465,48.91874491378658,5.376251847351257
306,12,60.2477501,54.222454911198874,5.99422475682244
306,14,61.2760046,55.14787437914621,6.101243725493229
306,17,71.45490989999999,64.30879779908445,7.073180463730743
306,18,68.5114234,61.65968948982286,6.781963078557339
306,21,49.3072403,44.37605357372117,4.893958746316008
306,22,55.7098424,50.13835148677746,5.530784410814719
306,23,54.6256963,49.16264562365804,5.452460819769082
306,24,51.4374879,46.293299745907476,5.091841357563383
306,27,71.54745869999999,64.39209522358243,7.082542288684519
306,29,52.613029700000006,47.351214678236765,5.204012843151183
306,2,46.7390404,42.06461888082697,4.652231315021156
306,6,51.93909169999999,46.74468189942163,5.137495406346246
306,7,53.9933733,48.59349810729505,5.378011822125771
306,8,50.85894869999999,45.7726192152053,5.0344633507496335
307,10,71.3379371,64.20345604281576,7.056741860942818
307,12,48.993064600000004,44.093340750945714,4.877743150835783
307,14,47.1185793,42.406316780455526,4.69140092240102
307,17,55.026051200000005,49.52297643412828,5.447210898624626
307,18,56.2968068,50.666645670282925,5.573003264890626
307,21,69.6042754,62.64318718032769,6.885101830949009
307,22,68.8154257,61.93316444107028,6.851853387170296
307,23,69.1527504,62.236866753778756,6.903426508296885
307,24,60.9552065,54.859155853634284,6.0336342978531325
307,27,56.39845329999999,50.758126721640316,5.58310548560209
307,29,59.7127684,53.74090588857984,5.9373260404948205
307,2,68.899923,62.00924931241171,6.866957781491421
307,6,58.8680957,52.980671465517176,5.820871380369732
307,7,69.4934336,62.543410519456984,6.923430626671899
307,8,70.6721124,63.60429307878956,6.996000790543446
308,10,56.36328900000001,50.726426690226404,5.605668127707137
308,12,58.4753125,52.62727404211444,5.8175502097005785
308,14,60.0173706,54.01510661169218,5.97492165716704
308,17,71.6894697,64.51990210598,7.096577720283899
308,18,70.46039069999999,63.41374517568465,6.975063838359279
308,21,56.1435892,50.528715695251776,5.554657966393409
308,22,54.0807193,48.67214639092756,5.391707911160996
308,23,53.7860625,48.40697993822327,5.36797713914896
308,24,48.0282312,43.22499806825119,4.754291089337655
308,27,69.05131279999999,62.14559323814611,6.861411027576591
308,29,47.1996324,42.479198216743335,4.692141670383946
308,2,55.7013575,50.13069424637832,5.5537944343935
308,6,57.9135991,52.12150571965586,5.719290197578098
308,7,52.3615968,47.12493170569082,5.216839901904075
308,8,56.37632970000001,50.73821461308607,5.580747974715891
309,10,72.9196595,65.6269727078035,7.24950787450742
309,12,52.0221549,46.81949593431467,5.17619129624889
309,14,51.8655449,46.67854614274353,5.134207357773877
309,17,54.23506879999999,48.81109801404368,5.368862140448691
309,18,55.613835599999994,50.05197632383214,5.505288703350858
309,21,71.6894697,64.51984410006914,7.091576866709097
309,22,66.50583879999999,59.85459246456538,6.625244580504207
309,23,67.4807237,60.7320506375288,6.735005477203021
309,24,57.002364299999996,51.301634340416456,5.642449558074945
309,27,46.7054381,42.03448559978879,4.660888405908786
309,29,59.0373554,53.133010147295295,5.880513463014351
309,2,69.4493772,62.50370736498441,6.917372061752947
309,6,47.6325023,42.86878366969258,4.746073715660179
309,7,60.228391699999996,54.20494271413959,6.000314290211986
309,8,70.5650673,63.507951534116984,6.985255738665245
310,10,54.2254728,48.80239975122584,5.363785524617697
310,12,69.3668825,62.429597442985546,6.907280320400472
310,14,70.9986357,63.89816039591665,7.054388962014855
310,17,72.9307053,65.6369979822503,7.2612506992573636
310,18,68.5111478,61.65944337719208,6.792280306764143
310,21,54.23506879999999,48.81105695476672,5.395899976947923
310,22,51.1124893,46.000764929695364,5.095200011166686
310,23,60.257266099999995,54.230984329731804,6.0108329654728125
310,24,50.4726029,45.424912594912286,4.996369765716252
310,27,69.2528128,62.326935711709844,6.913112998576272
310,29,50.85894869999999,45.772551379493095,5.056458210871146
310,2,63.7806202,57.40184916770606,6.348678770497549
310,6,56.889566,51.20002691382169,5.667185305603847
310,7,47.4846457,42.73570650481846,4.7308634763066095
310,8,56.9446074,51.24966078353866,5.637085728977341
311,10,71.6288765,64.46529952264913,7.123084918280964
311,12,55.932169200000004,50.338476131251966,5.569723591223225
311,14,53.4646599,48.11773313232473,5.311685151186937
311,17,56.73187790000001,51.05820679428662,5.649312815148353
311,18,55.181214700000005,49.66262125081661,5.465991266072746
311,21,73.0439748,65.73887891782263,7.279484355634256
311,22,58.6035449,52.742607769052505,5.824971474974285
311,23,46.0934286,41.4836648455855,4.5975659135434235
311,24,71.2734413,64.14547529435266,7.055026480293023
311,27,51.7627446,46.58602987120384,5.154343199072791
311,29,70.36055300000001,63.32380223533298,6.995960451720042
311,2,46.7757808,42.09772157190797,4.659564735604497
311,6,50.165267300000004,45.14825038171509,4.999450583344178
311,7,58.11062259999999,52.29894115293842,5.786471312676902
311,8,69.9803799,62.98173978270252,6.927481020089949
312,10,53.58543529999999,48.22637194097423,5.328214882458609
312,12,70.1646707,63.14759568296332,6.946247773174873
312,14,70.7268993,63.65359817516643,7.019685989656487
312,17,71.6902469,64.52060362950897,7.09679780936221
312,18,67.1229341,60.41006297106491,6.644628131335474
312,21,54.658675599999995,49.192299388549934,5.435603443012449
312,22,49.0991097,44.18873226313734,4.856688640686109
312,23,58.3240465,52.49111027398637,5.818711594712845
312,24,55.004001099999996,49.503130921417764,5.44498978998998
312,27,62.3204662,56.08786790975847,6.219401558752514
312,29,57.6199994,51.85744458841214,5.719081317895984
312,2,59.42586669999999,53.48266829564703,5.920159130004071
312,6,68.3429529,61.50801089975696,6.8135083381148345
312,7,52.390719,47.15115021285873,5.222655201091998
312,8,55.3601836,49.82369187258238,5.480151690555224
313,10,70.42753309999999,63.3841084925794,7.004527788416431
313,12,56.2998456,50.66938164234164,5.573351890508182
313,14,54.8014942,49.32087404525096,5.456734871452314
313,17,50.5295195,45.47613115119693,5.001639711265728
313,18,51.93909169999999,46.74473959963089,5.141547395450195
313,21,71.908657,64.71711126017595,7.150683950880901
313,22,59.6661542,53.69895618389288,5.901141009190257
313,23,48.0128622,43.21115746550918,4.79256229189877
313,24,70.23890820000001,63.21440988734449,6.952964925975236
313,27,50.3152782,45.28332490718736,5.02529206595043
313,29,70.5650673,63.507863333565524,7.016270010333238
313,2,46.558721,41.90239564043473,4.640475977203549
313,6,53.4627141,48.115909921925805,5.324864056669257
313,7,70.299611,63.26894120396772,7.0053620699913015
313,8,69.7914205,62.81167795250352,6.908817933170329
314,10,51.600276099999995,46.43975153158302,5.142715386593595
314,12,70.4397589,63.39516980422269,6.972865638522577
314,14,70.88398169999999,63.79497282610627,7.058514922421315
314,17,69.5020833,62.55127522796961,6.8801396940546775
314,18,59.1942918,53.2743306539794,5.89102918751176
314,21,54.789375500000006,49.309932122167794,5.4601739327826335
314,22,49.876260900000005,44.88816584267688,4.93390661634165
314,23,57.684504999999994,51.91553814786752,5.756403669168343
314,24,56.3773744,50.73915702452161,5.5811177609907086
314,27,58.661519500000004,52.794861087705314,5.8571627826702874
314,29,56.9446074,51.249597753296655,5.662490224777635
314,2,58.4363216,52.59208622377559,5.8213894141309925
314,6,69.5159384,62.563664437958785,6.9262498271898245
314,7,55.3035777,49.77268936465051,5.512887205795358
314,8,55.4046873,49.86374481963607,5.484555236890678
315,10,62.9147867,56.62267362063811,6.263725268635
315,12,65.1412887,58.6265835998488,6.447276133111282
315,14,55.1693661,49.65195686606817,5.489984453203259
315,17,50.994144399999996,45.8942950384308,5.04828166737438
315,18,57.0965531,51.38640469589829,5.700794792827266
315,21,70.7279559,63.654481606949254,7.0355639954675215
315,22,67.2901876,60.56052860129432,6.65641171281029
315,23,51.5304257,46.37693084798705,5.142818342463655
315,24,72.4743963,65.22633211047317,7.237842896303391
315,27,50.3808733,45.342356670718054,5.03103370517624
315,29,69.7304802,62.75674154565862,6.897399677661339
315,2,49.1030157,44.19222795854117,4.8933248073313855
315,6,57.6238198,51.860897344045675,5.701119401736741
315,7,70.8769384,63.78851553732594,7.060793436101791
315,8,69.7869576,62.807662942947445,6.908469359539275
316,10,49.0293172,44.12591482611517,4.849836664298434
316,12,53.4914566,48.14185081322984,5.3258918419086365
316,14,71.3827433,64.24384746116232,7.107473184816185
316,17,60.49468,54.4446853858382,6.022543143104449
316,18,45.4884701,40.9392299360293,4.540950715956679
316,21,50.724351899999995,45.65144193520839,5.044063060057853
316,22,50.493867599999994,45.44399752437688,4.994403846887315
316,23,69.408434,62.466968990854404,6.926626990004313
316,24,52.1165726,46.90446769439708,5.203857861679379
316,27,71.7018289,64.5310221394466,7.159069792622876
316,29,56.58298309999999,50.92413857364719,5.59712275234222
316,2,69.1719112,62.2540461105713,6.895238510787069
316,6,70.3206814,63.2879142480322,6.964699682881772
316,7,56.490535900000005,50.8409362292052,5.63045648071588
316,8,52.0775935,46.86938904501691,5.155141535094195
317,10,60.48989219999999,54.44027443374051,5.980817696161163
317,12,69.31306860000001,62.3811584601238,6.919511314013212
317,14,54.0795625,48.671141788256456,5.399588287566501
317,17,47.0915218,42.38196837186654,4.688941285975669
317,18,56.889566,51.20011579246353,5.679622568651989
317,21,59.8241362,53.841153866245335,5.948410400318734
317,22,67.821673,61.03884310409664,6.707859674270465
317,23,54.119282,48.70687711038196,5.401684985983808
317,24,70.59171950000001,63.531886599001346,7.040426552294467
317,27,66.621394,59.95866578933926,6.631883865738694
317,29,69.7914205,62.81159720301912,6.903646922970788
317,2,52.932559700000006,47.63878449887759,5.274787452760168
317,6,55.2417203,49.71701375266334,5.4718585970264035
317,7,70.6703139,63.602601143450705,7.043899595019382
317,8,61.2858987,55.15678312463966,6.06678703611917
318,10,51.0622841,45.95556268019705,5.0506540206818675
318,12,55.341592500000004,49.806962228875186,5.5262246530093915
318,14,69.2320711,62.30826757905594,6.914147189517162
318,17,58.524973599999996,52.67196659836586,5.826709041255476
318,18,50.766641,45.68954420068175,5.068931628895131
318,21,46.4435461,41.798744271894094,4.627224892415746
318,22,52.514065200000005,47.262162808785284,5.194743309472401
318,23,67.3499528,60.614361489557986,6.722648598081495
318,24,72.1901223,64.97048056362958,7.207834639207355
318,27,48.4422489,43.597603032980025,4.7948440070399965
318,29,56.6573931,50.99111214227974,5.604788818547162
318,2,69.10334540000001,62.19233680919406,6.857247577678671
318,6,69.2756734,62.347436390084155,6.852750847888863
318,7,55.4005133,49.85992524957518,5.521542922421029
318,8,47.868496,43.08123621148284,4.738300893365167
319,10,69.8274704,62.844039781542065,6.9065911510755225
319,12,68.66647999999999,61.79923428775188,6.855036201647363
319,14,50.19235520000001,45.17268868612558,5.011208187503929
319,17,48.5987486,43.73845721893195,4.83885100533169
319,18,69.486422,62.53718001029233,6.933615349885369
319,21,56.2867346,50.657529194409,5.610430645046721
319,22,68.34344999999999,61.508455697445825,6.760736390082261
319,23,53.905861099999996,48.514800134716694,5.380331575337129
319,24,51.97164600000001,46.77403500340647,5.189416053339057
319,27,71.4641114,64.31708106701132,7.074134189785248
319,29,70.9096905,63.817993233729275,7.0120378919702295
319,2,53.8087286,48.427328474063806,5.338993921333389
319,6,57.3959651,51.655830054042916,5.678326495637416
319,7,73.5800067,66.22126898691604,7.331610202302911
319,8,58.444259200000005,52.59933047681732,5.785304177049443
320,10,55.2718831,49.7441655346745,5.4673899128203844
320,12,52.992593,47.69288290229206,5.291516069315941
320,14,59.694517499999996,53.72454967691168,5.96007566710182
320,17,71.26240059999999,64.13554575421297,7.095651778111409
320,18,55.95947650000001,50.36305143127679,5.585331629303709
320,21,47.7729846,42.995227493619865,4.760506804969864
320,22,52.8047608,47.52378672329775,5.251166034161915
320,23,67.2706428,60.54298610998613,6.71509741731607
320,24,69.5020833,62.55127599696612,6.939943618826218
320,27,55.2632698,49.73647134172763,5.470658492321051
320,29,54.5049814,49.053960135291774,5.3916391229509335
320,2,68.2084775,61.38699409663929,6.77077183313296
320,6,70.0033579,63.00229395429038,6.9454462182159755
320,7,56.18447210000001,50.56548667102007,5.60035402925925
320,8,50.511384400000004,45.45981308248579,5.018399946681492
321,10,70.35566829999999,63.31942257096959,6.959442568078514
321,12,59.927541500000004,53.934271815003264,5.967071449452125
321,14,47.570761499999996,42.813278156641914,4.736586571899131
321,17,54.089492699999994,48.680079538552825,5.354350951351288
321,18,70.5362486,63.48201262593098,7.041903156127239
321,21,71.0174686,63.9150680831002,7.082012028192643
321,22,70.7222779,63.64936345079915,7.047428665923044
321,23,53.8388754,48.45451572168551,5.374206138359003
321,24,50.724351899999995,45.65148354949774,5.041382812638426
321,27,70.9403313,63.845687677434626,7.022571399535923
321,29,61.012744100000006,54.91084189277496,6.033164450335191
321,2,47.7774374,42.99916639031178,4.736455410456196
321,6,54.2195814,48.79710840471425,5.40344677539463
321,7,69.3707289,62.43295519726765,6.9114963980671495
321,8,68.876022,61.9878253879543,6.8479420217435285
322,10,55.760737999999996,50.184135567458604,5.516067511864878
322,12,48.4524042,43.606749842874144,4.7970773284387525
322,14,59.028741,53.125351737686316,5.8767650639009155
322,17,71.4856862,64.33650076270489,7.076564570823306
322,18,57.010078,51.308584606559236,5.643774272239155
322,21,52.0542299,46.84831140312735,5.187872985658565
322,22,55.312423499999994,49.780669555345156,5.514554119838925
322,23,68.32922860000001,61.495688039157265,6.818532323545292
322,24,59.9223359,53.92958364245359,5.931519997985477
322,27,54.2540366,48.82816901072206,5.370648860902722
322,29,50.5967452,45.53658578605001,5.005136711189085
322,2,69.79533930000001,62.81514048493847,6.927285096389952
322,6,59.2416599,53.316891158656546,5.9017801257939055
322,7,51.014421899999995,45.91248010705386,5.046022357113193
322,8,55.3806673,49.842128216480525,5.502557724597188
323,10,73.355218,66.01897096394175,7.25511354034902
323,12,58.052570599999996,52.24680987610343,5.746758400753051
323,14,48.1261422,43.31311461353165,4.763926458617619
323,17,54.1190884,48.70671541117549,5.357261717001561
323,18,69.8948652,62.90477288467289,6.918787889634672
323,21,72.3766107,65.13825699829792,7.213756497567915
323,22,69.38949199999999,62.44985551753823,6.913123426018162
323,23,56.59498979999999,50.93499984188734,5.649751708739281
323,24,47.0444421,42.339596438820216,4.684179207129838
323,27,71.47227029999999,64.3244282016992,7.075289374045996
323,29,59.4076968,53.46632630654352,5.918707020156358
323,2,53.6625859,48.29580133642093,5.324780519881606
323,6,50.4086549,45.36731160946359,5.024735936558315
323,7,59.251717299999996,53.32594321235074,5.859583002469926
323,8,68.67994859999999,61.81136093824854,6.798642150021394
324,10,56.3276872,50.694384970134216,5.572222511137701
324,12,54.632586800000006,49.16886543833859,5.437540508673194
324,14,70.1163281,63.1040871461541,6.940806564647088
324,17,70.3828603,63.34396694698311,6.967384645883752
324,18,64.9783898,58.479975770228,6.431223884187937
324,21,55.5480831,49.99275869786502,5.537967728174136
324,22,50.754686400000004,45.67874177778346,5.059107022083353
324,23,67.6884898,60.91902863095196,6.754291215379638
324,24,57.543937899999996,51.78904802484642,5.730578218885605
324,27,56.2048035,50.583844632763835,5.596808459094276
324,29,51.2531246,46.127306595996124,5.107912499035156
324,2,69.98240559999999,62.98346173609053,6.948460131532011
324,6,57.719039,51.94654546239542,5.749909930406722
324,7,47.2371504,42.51296823739676,4.671815651025184
324,8,55.18497060000001,49.66600281504161,5.46288238547906
325,10,72.12129859999999,64.90846543115896,7.133851929325679
325,12,71.1411261,64.02638592384828,7.101263471526837
325,14,54.8399893,49.35552049204461,5.428707834247628
325,17,55.000919800000005,49.500358389714414,5.444716172728577
325,18,49.8667896,44.879674533787124,4.9639640556541575
325,21,70.18974650000001,63.17010661442607,6.979706336218223
325,22,59.6514758,53.68572477374213,5.941184518163438
325,23,50.7837097,45.7048947378339,5.068777398221484
325,24,49.9229413,44.93022092907325,4.967765323054394
325,27,71.2156102,64.09343632105902,7.049872512855505
325,29,69.8451348,62.85991864032207,6.960139601677761
325,2,50.368355099999995,45.33102788637501,4.997702761388856
325,6,50.7546135,45.67865660010921,5.046187173878129
325,7,56.488693700000006,50.839233387193346,5.585382220774105
325,8,69.0272696,62.123948719953816,6.833125357026055
326,10,52.9127114,47.62092575015409,5.233580706563466
326,12,57.229971,51.50648744939157,5.700142149541026
326,14,69.7864777,62.80722677226126,6.908295330386753
326,17,71.94722850000001,64.75187716848723,7.121720159103477
326,18,68.9508312,62.055157684008,6.8855164353269505
326,21,56.0829872,50.474174422526076,5.548770477867437
326,22,48.894483300000005,44.00457500779471,4.8734584288109
326,23,58.0237314,52.22083466528799,5.789172210223879
326,24,73.1378937,65.82346966850362,7.302232133489298
326,27,49.0409292,44.136415902405325,4.854394014892573
326,29,56.45290080000001,50.807076051631206,5.628829932949682
326,2,58.6380831,52.77366903927821,5.816359833737162
326,6,69.6851319,62.715946020538176,6.929580050215655
326,7,49.6029694,44.64218498157901,4.906117203014243
326,8,53.9418807,48.547231473494435,5.339713447351106
327,10,70.1516936,63.135826597431155,6.938043936008863
327,12,71.20594270000001,64.08473170210492,7.109150192882934
327,14,53.4919826,48.142324770276986,5.295153847972248
327,17,55.2663263,49.73922088163643,5.47092927452574
327,18,53.574832900000004,48.21688870949974,5.348617052585533
327,21,71.94722850000001,64.75180466436629,7.115646660222054
327,22,57.8251202,52.04204228160355,5.7620232590864155
327,23,47.6170649,42.85494166718749,4.752195042863143
327,24,54.089492699999994,48.68008012951177,5.3858098008668795
327,27,60.212590600000006,54.19081497976881,5.960513255517864
327,29,69.8603019,62.873553843029065,6.960202557852246
327,2,47.3061597,42.57508804357997,4.694280417711639
327,6,55.6986416,50.12823886501982,5.509395877499029
327,7,69.7887161,62.809169992027826,6.903954412749523
327,8,70.8043201,63.72327889714172,7.01948833458325
328,10,52.7345846,47.46062356720643,5.216507553677304
328,12,64.3520175,57.9162396625874,6.404917355576509
328,14,70.3962254,63.35599775649246,6.968928976778106
328,17,70.116472,63.10421976715945,6.940967608574548
328,18,68.5375458,61.68320150213618,6.844461179276244
328,21,55.2663263,49.73917944132847,5.467210085738401
328,22,49.2905992,44.361075913528815,4.913267797602009
328,23,56.020899,50.4182973303811,5.588252117653273
328,24,71.4856862,64.33650134453869,7.076550048920798
328,27,46.415136600000004,41.77322516914538,4.594412082135178
328,29,65.0197937,58.51709291206566,6.472522022682919
328,2,58.339908900000005,52.50529980454822,5.785511361473155
328,6,70.4020509,63.361145897735234,6.9628597233761935
328,7,53.1529539,47.83712773735118,5.284160171926044
328,8,55.7115177,50.13989067172,5.515013270260334
329,10,61.079379700000004,54.97083356841364,6.042110759442149
329,12,52.8142613,47.53237889063804,5.2280548123780335
329,14,54.062482599999996,48.65576985828846,5.35163958278665
329,17,51.11034479999999,45.998873312580336,5.059438052277675
329,18,53.493932,48.14408148977272,5.341856944249356
329,21,70.116472,63.104167023461486,6.936216955864829
329,22,67.5484357,60.792932827493416,6.731434734898613
329,23,50.8953883,45.805406122512316,5.079957515971777
329,24,54.1190884,48.70671590430761,5.357260446100717
329,27,58.0557996,52.24971588905457,5.746607597640844
329,29,51.038086299999996,45.93374888541331,5.08334501322328
329,2,49.4486832,44.503331112933424,4.906481136453902
329,6,58.8801947,52.991619681963286,5.825012438649633
329,7,70.5190824,63.4664941744132,7.029684528970081
329,8,69.8010256,62.82032402208839,6.909856605048449
330,10,48.2725191,43.44479886261763,4.810453552387739
330,12,70.9707674,63.87307577002666,7.02620215550979
330,14,72.0429128,64.83799416385695,7.131383279817741
330,17,60.6700601,54.602528336932586,6.005527987281338
330,18,58.184192599999996,52.36527088295547,5.809475123265903
330,21,51.11034479999999,45.998831870650974,5.055740415744947
330,22,51.8282259,46.64490891819206,5.153470701500687
330,23,68.4908821,61.64118018066759,6.835176113978022
330,24,70.3828603,63.343967530123926,6.967365830940512
330,27,51.880021600000006,46.69157894489896,5.135852283114906
330,29,70.0253817,63.02212413816511,6.975665785861238
330,2,68.62879600000001,61.7652366454629,6.809568157725742
330,6,71.51833979999999,64.3658168408013,7.074812756105748
330,7,54.2361937,48.812034242258406,5.3920525808165705
330,8,49.7739841,44.79615919737603,4.9557228956481225
331,10,57.5794075,51.82087842974934,5.735981507641426
331,12,55.347099,49.81191578997737,5.479192248029435
331,14,54.5860127,49.12694244087752,5.403474418437178
331,17,47.179611300000005,42.461248165068874,4.697767476031325
331,18,50.4086549,45.36736163819485,5.033609621112341
331,21,60.6700601,54.60247032146904,6.000512217492644
331,22,66.5984928,59.93800925527749,6.588211391729317
331,23,54.540049599999996,49.0855683085371,5.4443678100664235
331,24,53.6392798,48.274892393155966,5.3409534996077195
331,27,72.6786986,65.41019909815613,7.194651310865459
331,29,57.1097222,51.39821348517679,5.692226251078155
331,2,54.6051779,49.144132053830916,5.421354549543775
331,6,57.9331171,52.139257987714565,5.731170256386785
331,7,70.5014094,63.45056968352446,6.999345133494414
331,8,59.544391399999995,53.58943598477573,5.93950963180446
332,10,51.367886799999994,46.230611947484476,5.108837922591972
332,12,69.5411521,62.58643848670915,6.884723132910249
332,14,68.288075,61.458675094892676,6.759775504597659
332,17,57.7415872,51.966922568208204,5.764146744622158
332,18,57.719039,51.946634345055024,5.761782501832043
332,21,47.2065563,42.485455832945895,4.6692961610772095
332,22,53.20346190000001,47.88261390318387,5.26298589810958
332,23,69.1340376,62.220014604427845,6.899750188351444
332,24,70.5342493,63.48021643874827,7.023461923754191
332,27,54.900258,49.409762709130426,5.434663664621321
332,29,72.4701939,65.22244911788897,7.221061026595492
332,2,69.3735464,62.435515797827975,6.9054305514264565
332,6,72.67866079999999,65.41008649232963,7.188894411092167
332,7,57.1104722,51.39888281660716,5.649992628727324
332,8,49.2275869,44.30440976240436,4.87313777923415
333,10,71.7018289,64.53092168442193,7.127348391655475
333,12,56.0278454,50.42458381203943,5.546754716699354
333,14,51.580170100000004,46.42171249396853,5.136102307531031
333,17,49.110982199999995,44.19946434001303,4.904110018950746
333,18,52.307131299999995,47.07597308145682,5.178473906237344
333,21,56.8208741,51.13823606133633,5.619451690308036
333,22,68.2966546,61.466332236512464,6.755539932821103
333,23,53.7950983,48.415114569789345,5.3692746964113995
333,24,53.933293400000004,48.53950200756366,5.338902930388163
333,27,73.5887158,66.22921092703716,7.284800588346983
333,29,53.9933733,48.59349988457917,5.380764862899104
333,2,53.196524000000004,47.876349985918296,5.294516638701666
333,6,56.2433961,50.61850670542113,5.562892686342178
333,7,71.0960189,63.98570101009399,7.068053060434799
333,8,58.687572499999995,52.81831041987767,5.830747246805614
334,10,56.5240474,50.87111170241814,5.5920505718462525
334,12,69.8458696,62.860674560015696,6.91429926506745
334,14,59.408894599999996,53.467489398534084,5.9309875428861
334,17,69.84831729999999,62.8628830413262,6.9754090390038614
334,18,70.55757,63.50120573461765,6.985209465446927
334,21,48.3138529,43.482008810119765,4.778559764398734
334,22,53.5784363,48.22009183049029,5.300455706556863
334,23,67.93857410000001,61.144115581905844,6.780739956185453
334,24,70.116472,63.104220352507284,6.940980674991943
334,27,56.881493000000006,51.19285927792185,5.630951037255024
334,29,69.0642228,62.15714163498163,6.886219271672993
334,2,69.3670473,62.42966690619045,6.914326786006059
334,6,70.5630817,63.50609276638237,6.980112348708025
334,7,55.31893530000001,49.78651082110111,5.501567637448514
334,8,48.731776100000005,43.85818093099533,4.841419959047786
335,10,71.8471391,64.66171294892233,7.1058788584462205
335,12,53.9175775,48.525360948406615,5.369087641444493
335,14,46.7705149,42.09306427276148,4.669790031610833
335,17,64.8612404,58.37453239925082,6.472172365293211
335,18,53.608048,48.2467819477738,5.337484770341322
335,21,69.84831729999999,62.8628300993838,6.909626677435025
335,22,68.9973977,62.09699537400112,6.851211338273195
335,23,53.9865386,48.587409176177886,5.387803457493028
335,24,51.359845199999995,46.22342304758014,5.0917816228922606
335,27,77.5906418,69.8309056836902,7.680795816506076
335,29,52.272601699999996,47.044775085918644,5.2049567623772095
335,2,54.349259599999996,48.913813139833614,5.410678625967039
335,6,53.1416743,47.8270009661311,5.274531694886007
335,7,70.9787852,63.88019203206633,7.072148065943409
335,8,68.6391513,61.7746437178443,6.794566607191716
336,10,53.9663364,48.56917916791863,5.3377966549845155
336,12,60.852953600000006,54.76713293092792,6.0760620081583445
336,14,59.010237700000005,53.10869893517401,5.8749859300167095
336,17,46.045524199999996,41.44056655856457,4.59499429748084
336,18,69.1646333,62.247580672757294,6.887917519958908
336,21,53.282338100000004,47.95360271619378,5.270486488456229
336,22,51.1741166,46.05621617006838,5.088232423867279
336,23,68.0546729,61.24860349546176,6.792282513121684
336,24,61.313097000000006,55.181251181670994,6.068878188412241
336,27,56.5136764,50.8618253773128,5.5943941266903785
336,29,44.776749,40.29843665951628,4.448585082096899
336,2,70.42862439999999,63.38505473668736,6.98775129050396
336,6,59.8638754,53.87686531344246,5.948827850794968
336,7,52.336693000000004,47.10251294608464,5.193967056046841
336,8,55.2808092,49.752256731742946,5.472388312965333
337,10,70.849204,63.763591232289784,7.007783130860242
337,12,50.06162079999999,45.05503311416359,4.984928784389948
337,14,50.541212599999994,45.48665959720946,5.003149098544675
337,17,70.8702376,63.78260250588899,7.076606990025494
337,18,55.5327785,49.97902287681363,5.544113362115801
337,21,70.507317,63.455935423516294,6.975735490154773
337,22,65.4167258,58.874429587922464,6.505059972594458
337,23,53.5569951,48.200823728220534,5.344962268416614
337,24,48.1489841,43.333675681239065,4.766311539778372
337,27,72.94001829999999,65.64538876114663,7.220559993205292
337,29,59.63858869999999,53.67412687971123,5.940101819439368
337,2,54.7681929,49.29084919031653,5.435285326208904
337,6,50.1546742,45.13873074327711,4.973116352310336
337,7,60.353773200000006,54.31778454038258,5.993823359883285
337,8,69.52985980000001,62.57627965235698,6.9087873393563095
338,10,56.6911701,51.02152106827996,5.6387934225525544
338,12,60.6125395,54.55075983188036,6.000062362083081
338,14,69.6391426,62.674618406153265,6.893206884956376
338,17,53.4318112,48.088172005502535,5.334915079769293
338,18,72.2978194,65.06741330682445,7.157270981676929
338,21,52.733174000000005,47.459359755837866,5.216137729512228
338,22,49.533043,44.57926405542463,4.924787290388427
338,23,66.4071454,59.76584587552005,6.628211867670486
338,24,56.8208741,51.13829479565436,5.64484582779161
338,27,55.7833241,50.20451672261327,5.522222330451402
338,29,48.3699048,43.53244455056949,4.819035245382579
338,2,70.04893129999999,63.04333463948806,6.970548022549829
338,6,57.4483168,51.70288292911185,5.6924738421041
338,7,48.453375199999996,43.607565666199434,4.8089621459124885
338,8,51.157488900000004,46.04129819966501,5.095693135134864
339,10,72.92114819999999,65.62831297493733,7.267170410360145
339,12,53.088383900000004,47.77909376623309,5.255508285131875
339,14,54.2582699,48.83197804696659,5.37121419632913
339,17,70.3897496,63.35016741569885,7.0197797381843925
339,18,56.31130640000001,50.67969403979237,5.574350599395902
339,21,71.81633579999999,64.63401353096157,7.103280325128227
339,22,59.0235662,53.12062313435204,5.8577715401589465
339,23,50.0892554,45.07988999387634,4.998958167342286
339,24,48.3138529,43.48205408510306,4.823558082998543
339,27,71.6538813,64.48787464904741,7.093094265878229
339,29,59.721574200000006,53.748822977352724,5.949253030980244
339,2,50.7747435,45.69677942442369,5.054357042095332
339,6,51.7355235,46.561477385842544,5.13544884578544
339,7,59.310705399999996,53.37902026111316,5.89417650290505
339,8,70.68506140000001,63.61594718977115,7.0421965818536245
340,10,55.3354578,49.801382908931366,5.515601949532885
340,12,71.561717,64.4049224333287,7.0838197045650375
340,14,70.5892514,63.52971798255025,6.987917589460944
340,17,53.6901007,48.32063028060189,5.346072096977522
340,18,72.9506105,65.65491444995138,7.221155217289453
340,21,53.6901007,48.32058554467062,5.31083883297414
340,22,51.4755536,46.3275191702327,5.0924750042078895
340,23,57.8377555,52.05346228542975,5.771930704680096
340,24,69.5630806,62.60617105967225,6.945521879367519
340,27,50.7597235,45.683318466650086,5.0322316001113405
340,29,47.798742,43.0183767545028,4.760953813077003
340,2,59.3917103,53.451912837068754,5.914450925748344
340,6,69.9275725,62.93413150442086,6.965417183624703
340,7,50.654681700000005,45.58871742618965,5.036363206007358
340,8,56.4076852,50.766436492164175,5.616962929435283
341,10,72.0493931,64.84374049243146,7.163230140203882
341,12,55.8447774,50.25982320398479,5.528593850006298
341,14,54.2026185,48.78189226227611,5.365616835367053
341,17,71.09739189999999,63.98703731680758,7.079323915644069
341,18,58.4358912,52.59180321404282,5.784794647522993
341,21,71.09739189999999,63.98697916154061,7.032751581433456
341,22,64.1987655,57.77824531321757,6.348323812090102
341,23,47.0664349,42.35937757922774,4.697604776091302
341,24,54.669362899999996,49.20195950612081,5.4403734751306505
341,27,62.89819800000001,56.607832756814695,6.226031189702254
341,29,68.7141448,61.84207444755153,6.851253740113582
341,2,55.40701850000001,49.865679490473,5.507151321448538
341,6,54.6974158,49.22714427522977,5.41035042332775
341,7,70.3878099,63.34833071679498,6.962500217966243
341,8,73.482605,66.13370534024465,7.31610448719339
342,10,53.07288380000001,47.765085542217314,5.277571085421255
342,12,69.552259,62.59643459554808,6.885547902805763
342,14,70.24429789999999,63.219252970886735,6.953167637799752
342,17,55.7597477,50.183295992091544,5.552361959152857
342,18,70.5630817,63.50616621918394,6.995653321691427
342,21,56.0520344,50.446313803516574,5.54531813233833
342,22,52.639521,47.37507980735583,5.207692858574165
342,23,56.78371490000001,51.104830505559434,5.6660207973018775
342,24,70.8702376,63.78260301899026,7.056951001396678
342,27,47.811637000000005,43.030065977125005,4.732860540758683
342,29,51.548996300000006,46.393573407025926,5.135775709893436
342,2,42.595774199999994,38.335741865469736,4.241575799118704
342,6,68.8877974,61.99834208961455,6.813737697052483
342,7,54.63581429999999,49.1716959164448,5.403871878911484
342,8,57.3203939,51.58786731871337,5.7080021559136505
343,10,59.50111999999999,53.550423454796345,5.929930135969762
343,12,56.4934709,50.84364363430072,5.597136363369784
343,14,54.8749661,49.386999318405344,5.432269674193599
343,17,70.5439503,63.4889484437813,7.045317879233999
343,18,53.3921894,48.052513872191064,5.285329618132253
343,21,71.813529,64.63148743404243,7.102972187833988
343,22,68.6916215,61.82176131516015,6.792120970616671
343,23,49.314608799999995,44.38271259652843,4.921696846652092
343,24,53.4318112,48.08817244203629,5.320304399302031
343,27,58.7026721,52.83189787340372,5.810784510153257
343,29,69.8986227,62.908087407951406,6.968687859317638
343,2,57.125142100000005,51.412057639672035,5.6925932733766285
343,6,57.014864499999995,51.31283857152059,5.640429293275862
343,7,69.3365357,62.40218052203373,6.857022436014773
343,8,69.4677154,62.520339355561774,6.93488989377616
344,10,50.3847446,45.345802568481346,5.024317802714688
344,12,70.3541493,63.318122132991796,7.024339416742072
344,14,69.3124821,62.38063481825658,6.861397237395931
344,17,51.0287325,45.92542187185861,5.095481409290805
344,18,58.321389499999995,52.48874860786235,5.773173678035516
344,21,53.64737,48.282139904409256,5.307506972779439
344,22,55.305969899999994,49.77486410080532,5.471974767729121
344,23,67.7367072,60.962437114893454,6.761157789793495
344,24,70.21325859999999,63.19132559551096,6.991261926665658
344,27,48.273728500000004,43.445943210959854,4.778556452245668
344,29,54.4172184,48.974963777686135,5.423807565379048
344,2,47.0054163,42.304399636195896,4.6826348836398815
344,6,69.8899192,62.900243133534175,6.913689282935944
344,7,57.0328928,51.32905735200761,5.641848928876625
344,8,52.186449499999995,46.96736075120329,5.21097495019107
345,10,59.3938448,53.45384242629426,5.915790049300991
345,12,55.33757729999999,49.803348587514634,5.526553438818919
345,14,52.992852400000004,47.69311189264593,5.245764633485715
345,17,60.4945936,54.444610212451394,6.040292571196015
345,18,49.6170968,44.65496417880507,4.911622154098103
345,21,61.5889202,55.42940198414265,6.089157146182581
345,22,69.1654956,62.24828214216306,6.876996982579337
345,23,54.3898035,48.950344119347086,5.428158029035902
345,24,55.0089978,49.50762799644839,5.477529923215637
345,27,69.6839148,62.71492176505153,6.8981149379755164
345,29,71.5299437,64.3762540143175,7.129763375483752
345,2,68.54084660000001,61.686093389192415,6.831712698367739
345,6,55.025839399999995,49.52272281833467,5.450608424139661
345,7,69.4262906,62.48298165937857,6.867172641695558
345,8,59.251717299999996,53.32603413029472,5.91532766310627
346,10,46.6581604,41.991861245510236,4.647101717373594
346,12,71.5326786,64.37878835698334,7.142098921382937
346,14,66.5591627,59.90267124086275,6.645630388892324
346,17,47.460415,42.71396806971265,4.739170732726496
346,18,56.4249264,50.781943938498394,5.585248930071639
346,21,49.0946505,44.18473714567917,4.857197235186924
346,22,52.583027,47.324223348790554,5.226587539983271
346,23,68.66174720000001,61.79497057897295,6.853936414865786
346,24,71.3199885,64.18737484786159,7.060234075260467
346,27,54.6515859,49.18596118620059,5.441968552725334
346,29,55.4005133,49.85992667896748,5.5226138494558645
346,2,51.20889830000001,46.087497054920945,5.095642577945508
346,6,68.1000817,61.28942215074129,6.772656633916834
346,7,53.588961999999995,48.229537857470646,5.300237090369639
346,8,47.2371504,42.51303306395415,4.6759718362700795
347,10,71.0402113,63.93550593858697,7.064684562307332
347,12,57.0347397,51.33078013561495,5.696156538952387
347,14,48.324108100000004,43.49128366263206,4.824774193172351
347,17,57.685187299999996,51.916168648228165,5.743329483821574
347,18,51.293491700000004,46.16370515645903,5.0776127726274325
347,21,59.3360876,53.401906555285265,5.868430794330405
347,22,67.8312352,61.04748813076428,6.711549863291425
347,23,57.3729802,51.63518450216193,5.727484397105807
347,24,55.68244730000001,50.113727704427966,5.512239084393392
347,27,69.5900381,62.63043552433359,6.92505621044333
347,29,73.5800067,66.2212711827882,7.332699329372859
347,2,68.54574799999999,61.69051212954767,6.802434681028871
347,6,54.71750829999999,49.2452329404474,5.412740734933029
347,7,68.6421407,61.77724338525259,6.78901066201487
347,8,56.488693700000006,50.83933419685496,5.59140370795991
348,10,54.900258,49.409700573824516,5.430284939599006
348,12,69.39256929999999,62.452713472728355,6.909616550468997
348,14,56.450423400000005,50.80489079283645,5.635769265875869
348,17,50.65966349999999,45.593265184039176,5.044427520206237
348,18,68.8367952,61.952524807376726,6.824527471389781
348,21,47.077601800000004,42.36938219797947,4.655377344590103
348,22,49.5066868,44.55552353197629,4.920396213859001
348,23,58.3010778,52.47046676586243,5.821437593448683
348,24,72.2899516,65.06032582179105,7.15580410691998
348,27,52.216429600000005,46.994340347769054,5.199203489564811
348,29,56.18447210000001,50.565487982361205,5.6007502901785635
348,2,53.53397210000001,48.180055922491704,5.312107714255472
348,6,67.8842043,61.09510569065023,6.714006746206154
348,7,55.552247200000004,49.99648378037603,5.49510287031866
348,8,49.6029694,44.64224979367634,4.910200457023678
349,10,73.5887158,66.22913793542172,7.313513548051055
349,12,54.0600593,48.65359326414151,5.3519129800576275
349,14,45.8962364,41.30622115369654,4.58245897262837
349,17,72.01950289999999,64.81692666463233,7.129669258549858
349,18,53.9577261,48.56149203239227,5.341323305851812
349,21,70.0628588,63.05590827985684,6.930324949296454
349,22,70.5998664,63.53921180256825,7.038359027916707
349,23,69.5466078,62.591324232766674,6.940967608645584
349,24,53.64737,48.28217656716897,5.310806128494745
349,27,69.64443700000001,62.679387047932686,6.933961359150414
349,29,69.3707289,62.43295739392586,6.912171254157234
349,2,70.2480517,63.22255323944362,6.991572513290195
349,6,52.3235315,47.090683942353365,5.209338404774517
349,7,67.6955368,60.92530804901464,6.69542423274028
349,8,69.2157654,62.2935914429396,6.851672100762209
350,10,55.406751799999995,49.86554109354369,5.509375852900261
350,12,62.7411386,56.4664778272053,6.210796056691696
350,14,57.9434373,52.14858784770871,5.784096572527022
350,17,54.4485271,49.00320740685642,5.3898947465320175
350,18,70.1437602,63.12877855468493,6.9435723179591
350,21,55.753779400000006,50.177883258442336,5.534459677373901
350,22,50.9792435,45.88082011768935,5.079590963869629
350,23,56.734172400000006,51.06026156254043,5.664108861532565
350,24,61.1136812,55.00178171690524,6.049306267061983
350,27,68.4314258,61.58768373350931,6.812703019296888
350,29,61.634669200000005,55.470473835789065,6.132121876944433
350,2,51.62801030000001,46.464694219653246,5.137303852553108
350,6,59.282863799999994,53.35394237441489,5.9030974303593595
350,7,52.9251394,47.63211467931936,5.235299701616711
350,8,56.897033500000006,51.2068465275902,5.632541774406272
351,10,75.568218,68.01067290506161,7.511301211026734
351,12,51.3399418,46.20551097364765,5.100823159749193
351,14,49.1340101,44.22018720722607,4.905419635421152
351,17,70.9456672,63.85048831213643,7.023099387036884
351,18,55.959818299999995,50.36335891914825,5.539612605815887
351,21,70.9456672,63.850436007838674,7.055740232033846
351,22,66.3462363,59.71098133537929,6.613673720910321
351,23,69.8559467,62.86971425057432,6.970075318047245
351,24,47.4411593,42.69663945468271,4.696229270463606
351,27,47.3069895,42.575879561135366,4.722218139901227
351,29,46.0340809,41.4301871052063,4.584019424407403
351,2,68.3343551,61.500230814834126,6.799602218997907
351,6,50.1511841,45.1355901402903,4.99974096114406
351,7,59.757815400000005,53.781427137559575,5.909631997661243
351,8,71.9305279,64.73685202982601,7.120336219927357
352,10,56.5136764,50.861763690638135,5.61948119778823
352,12,59.726865600000004,53.75366342830712,5.963553643992606
352,14,69.150819,62.23513961332843,6.904853501293462
352,17,55.964851800000005,50.36788889486056,5.540203802719236
352,18,69.7821178,62.803301190887346,6.907603256970483
352,21,54.830879200000005,49.34727674082016,5.452214255456191
352,22,51.262666499999995,46.13591536163557,5.109949126314302
352,23,63.1236433,56.8106991487272,6.297571138787074
352,24,58.776955,52.89875268163948,5.818260721573411
352,27,69.6435597,62.67860614165167,6.9553730798516895
352,29,59.738296000000005,53.763862702042175,5.951581347124398
352,2,56.3634644,50.726588528681106,5.612113883039658
352,6,57.6449377,51.87985493973544,5.742575285290349
352,7,48.368263500000005,43.53096562910167,4.784340179861285
352,8,56.7153065,51.043292932423746,5.6144805785054475
353,10,72.94001829999999,65.64531534514524,7.2154645728441755
353,12,52.1196824,46.90726877797402,5.204479165870662
353,14,53.717031000000006,48.34486895946311,5.36387169145101
353,17,71.0021289,63.901295669792994,7.028162538085467
353,18,56.1568603,50.540695023167764,5.559126202441867
353,21,69.541123,62.586364340753235,6.912731184186413
353,22,59.440750200000004,53.496095372123804,5.923301834146992
353,23,47.1621025,42.445462170561726,4.70476953499714
353,24,47.077601800000004,42.369435529553186,4.659921077162899
353,27,61.0068362,54.90560536690635,6.087032547633762
353,29,46.3186208,41.68629560953538,4.614709509456769
353,2,69.0393291,62.13471360608371,6.880940795657142
353,6,55.705984900000004,50.13475814556464,5.543592544944977
353,7,58.060212099999994,52.25358755662172,5.783205552391484
353,8,72.2380711,65.01363826117613,7.150766721655259
354,10,55.7833241,50.204462878604524,5.518410744065323
354,12,69.7855701,62.80641429750667,6.969507117343195
354,14,70.0357309,63.03155270470851,6.99322905154389
354,17,54.9376564,49.44342080445663,5.438409510618423
354,18,67.9847551,61.185692553729346,6.729814314949371
354,21,53.9732988,48.57546621518081,5.370425669158022
354,22,48.251180399999996,43.425607930330095,4.809199175957665
354,23,57.5144927,51.76253501648045,5.7404467767888105
354,24,70.3046043,63.27353786746553,6.985220523429308
354,27,45.883616100000005,41.294849125987064,4.566776090396153
354,29,56.488693700000006,50.83923662855837,5.626726580897092
354,2,49.7005098,44.72996749958819,4.9529260179729775
354,6,47.328977300000005,42.59556466525116,4.6929151998843945
354,7,50.4268882,45.38371080379798,5.026022472090977
354,8,54.904324599999995,49.41342269832927,5.435019231504719
355,10,72.1402054,64.92547012331804,7.135096432092712
355,12,54.4200209,48.9775522161995,5.406745259255519
355,14,49.744035,44.769201094701714,4.965791728246938
355,17,70.54113869999999,63.486416261503415,7.024188687125874
355,18,56.462409199999996,50.81568826592498,5.589520787943045
355,21,72.1831593,64.96415207578818,7.177152892251293
355,22,59.4192353,53.47672210295149,5.906146227541707
355,23,46.4844479,41.83558965598165,4.6385646064356445
355,24,55.74229630000001,50.16759130893853,5.526418719258073
355,27,69.803704,62.822734569860984,6.950980552618696
355,29,49.6029694,44.64218703841184,4.943151760113054
355,2,59.4024338,53.4615908101651,5.918957054534962
355,6,68.99062620000001,62.09086214657012,6.844647484789764
355,7,71.1650696,64.04785873282688,7.0922474492121825
355,8,69.4267862,62.48350834595455,6.872557110293254
356,10,51.5609008,46.40431344731963,5.100269933370018
356,12,69.0862105,62.1769966206423,6.879571584063432
356,14,68.80788410000001,61.92649902174431,6.86991999953934
356,17,55.352759500000005,49.81701117916026,5.511920190995923
356,18,68.0151889,61.21307753861332,6.742748151505957
356,21,63.2786742,56.9501476574641,6.2859989479297615
356,22,49.7084414,44.73712070835407,4.916658582119709
356,23,55.0938134,49.583928239966994,5.493366865080155
356,24,72.300639,65.0699443838429,7.156763968940861
356,27,50.2490545,45.223719707312796,5.005920036762244
356,29,69.7887161,62.80917222574033,6.95466425022965
356,2,47.2689944,42.54163045754885,4.710347236914473
356,6,57.123889000000005,51.41095992372902,5.6705232871946825
356,7,53.2042549,47.883305314870974,5.289978633714166
356,8,56.375746299999996,50.73769253606078,5.580929918971455
357,10,62.3703385,56.132674667363,6.19949868927548
357,12,53.7248198,48.35187729870856,5.363884045074016
357,14,53.431996000000005,48.08833879537031,5.335066420944488
357,17,70.4328345,63.38894137518936,7.0131164830275035
357,18,52.8298109,47.54638022304586,5.237627626800917
357,21,46.192787200000005,41.57301595320233,4.597701124556907
357,22,67.4872542,60.73789915673329,6.67677128707117
357,23,51.475277600000005,46.32730290919305,5.135771568272441
357,24,56.1782189,50.55991682939417,5.561221717361535
357,27,59.9337204,53.939828589239426,5.9701049196645615
357,29,54.6461141,49.18097362903155,5.441341788316997
357,2,57.2575752,51.53125438807994,5.705929495259903
357,6,68.72157279999999,61.84876551684587,6.85134552799835
357,7,70.3563326,63.32000140229426,6.959119179569937
357,8,70.9514551,63.85569211379669,7.03364126269661
358,10,48.6262129,43.76312902288292,4.835679819543242
358,12,68.41481379999999,61.57274542633617,6.8319212742039666
358,14,66.0096422,59.408115806971324,6.593011710865701
358,17,50.469852599999996,45.422434709893004,5.0252397949815615
358,18,58.50507940000001,52.6540637303742,5.791219422317199
358,21,68.9507043,62.05499800690904,6.875628064565707
358,22,52.1002946,46.88976799661998,5.153486690223217
358,23,68.2656181,61.43844448781451,6.811554695110497
358,24,69.6245018,62.66145140798284,6.892274352155576
358,27,47.6588391,42.89255025197448,4.7451371948781915
358,29,71.6506412,64.48488051023935,7.139188325975004
358,2,48.402903200000004,43.56212533375625,4.802615296367762
358,6,53.7411498,48.3665073121105,5.354801984568623
358,7,55.1273754,49.61410811262582,5.453280052274529
358,8,53.5940752,48.234211638687505,5.3055008470831035
359,10,59.794125799999996,53.81409179758136,5.954954655859518
359,12,53.457004600000005,48.11084724368195,5.33810089695334
359,14,43.932182600000004,39.53856625597257,4.382584340385668
359,17,60.7759618,54.69783908686601,6.051207370532351
359,18,50.1511841,45.13564001222065,4.964630777570717
359,21,49.709782000000004,44.73833359211937,4.954511389908089
359,22,69.3331913,62.399184332148586,6.856675183834314
359,23,53.2771411,47.948957360427116,5.290126203805509
359,24,53.6881575,48.31888187024996,5.334208706616498
359,27,58.499588700000004,52.64912468626833,5.824524870940979
359,29,54.6113304,49.1496627106552,5.440680517242655
359,2,71.0185387,63.91598427647832,7.027010925143675
359,6,70.3870711,63.347651146519134,7.010941220000237
359,7,69.959118,62.96252178509303,6.920236819080693
359,8,60.353773200000006,54.31787479699717,5.983265918215396
360,10,49.8318253,44.848165616215724,4.955583306414409
360,12,69.0515078,62.14576112803532,6.895314627317263
360,14,66.5710727,59.9133919225441,6.647334996367194
360,17,48.0138704,43.21207409297586,4.752999907779996
360,18,57.6449377,51.87994359879637,5.705910629272917
360,21,61.4310624,55.28735776442116,6.1211162207295
360,22,54.3353652,48.90131712126802,5.374967563598629
360,23,67.0084771,60.307036071244084,6.653739925995062
360,24,70.265619,63.23845457642233,7.015127185054524
360,27,51.4755057,46.32751732601344,5.122526412023304
360,29,72.2380711,65.01354002031972,7.1707584562308915
360,2,53.5013202,48.15066335293236,5.291889840350436
360,6,58.323371800000004,52.49049566628265,5.815880248712216
360,7,51.217118299999996,46.09488399452877,5.090820970605011
360,8,48.536937800000004,43.68283055719993,4.8118655172295215
361,10,70.8609649,63.77416532885795,7.044745146410095
361,12,54.8668649,49.37970937503139,5.478966601114702
361,14,48.9014377,44.010875335428075,4.882484159904525
361,17,59.0720782,53.16435588830349,5.847181653459791
361,18,51.835826100000006,46.65180243986924,5.1313784601327885
361,21,48.0762548,43.268177341260596,4.780359609680179
361,22,67.79055120000001,61.01084352516889,6.705337621463314
361,23,53.9456473,48.5506071975235,5.358435992690774
361,24,51.411003099999995,46.26945955711145,5.130727891806556
361,27,71.9936723,64.79368145405026,7.168283259034978
361,29,67.8767801,61.088174243271425,6.742180038117478
361,2,69.8933135,62.90330100613211,6.913451534525422
361,6,70.3807778,63.34200135882491,7.013297204561068
361,7,68.340381,61.50566288436405,6.794450658505885
361,8,57.60373319999999,51.842857321361485,5.7098011503574115
362,10,54.6515859,49.18590383808978,5.434768535389309
362,12,66.1542273,59.53824131329748,6.606899531459733
362,14,59.0114052,53.10975236654945,5.892013523109984
362,17,48.3682611,43.53102041266898,4.8053151502489975
362,18,69.964889,62.967793702530614,6.925776853527894
362,21,57.6490447,51.88357385912087,5.718306642996021
362,22,65.5808144,59.022040739209636,6.482794201653945
362,23,68.4872282,61.63789578258985,6.800417768415265
362,24,69.29984850000001,62.369268059216196,6.920098145121098
362,27,55.6865995,50.11746549790068,5.545202373555118
362,29,53.063123499999996,47.756283059239955,5.287439546617094
362,2,53.966007299999994,48.56887773972512,5.337881052989549
362,6,55.012093699999994,49.51035237500135,5.482639769661458
362,7,56.08009739999999,50.4715543691572,5.5480264497795435
362,8,53.5907731,48.23124206907179,5.305330503789203
363,10,69.5900381,62.630362543962015,6.920295353177402
363,12,49.1169619,44.2048414381905,4.9027892244386
363,14,45.093540999999995,40.583799802107904,4.501752360295793
363,17,69.9631398,62.96622229433382,6.985976693574247
363,18,55.23866079999999,49.714323380408565,5.468232946352803
363,21,51.8840614,46.695180501640415,5.151272324859362
363,22,46.4670504,41.81985517466777,4.619211284105817
363,23,64.9915738,58.491810894342535,6.452792167201743
363,24,50.7848671,45.705946667223905,5.028187170477767
363,27,72.6663635,65.3990977445402,7.235355967293663
363,29,71.0960189,63.98570353832791,7.08428536070935
363,2,69.267562,62.340120200553166,6.850988505657909
363,6,69.50687309999999,62.55551500385105,6.928844315744244
363,7,68.583895,61.72481057149456,6.789146548254162
363,8,71.0824638,63.973599013748114,7.096237993817239
364,10,52.216429600000005,46.9942782871943,5.174476464311624
364,12,62.837503100000006,56.55320518645537,6.255981019284296
364,14,56.3205702,50.688024020349765,5.622333965752391
364,17,53.9229797,48.530219371357994,5.369216255101342
364,18,69.8126253,62.830761892562656,6.910920695083831
364,21,71.8754014,64.68714758411147,7.159666028370674
364,22,67.7962036,61.015921807381346,6.756222246510957
364,23,50.908119299999996,45.816849365923446,5.079720944960818
364,24,61.495996,55.34585871461883,6.08703641682451
364,27,54.5021303,49.05145130002416,5.426924105738486
364,29,54.1749504,48.75692464605589,5.399011986867441
364,2,54.643348700000004,49.17848512924675,5.405342871084058
364,6,51.8975917,46.707327426529865,5.172365332384341
364,7,51.0178133,45.91553237007801,5.04673198823498
364,8,55.7814225,50.20280550064869,5.570187862038468
365,10,70.3791592,63.340564186849655,6.961816382528723
365,12,51.4735902,46.32579427866706,5.125742503031398
365,14,48.2737717,43.44598244769747,4.819919049997614
365,17,70.5791184,63.520597554466875,6.986903763865218
365,18,54.724907099999996,49.251948328841,5.417293784562927
365,21,55.596689600000005,50.03650792913241,5.543408291066205
365,22,56.70923020000001,51.03778678875413,5.655317294480688
365,23,69.4889615,62.53944305811513,6.935209326870034
365,24,48.8199781,43.93756542091635,4.832847920919685
365,27,70.6513205,63.58558208413118,7.019815536145135
365,29,69.483522,62.5344921171503,6.925567415146405
365,2,68.7761148,61.89783220155387,6.8273993888290345
365,6,59.0667693,53.159511464724325,5.886483935368225
365,7,58.0445809,52.23951915359832,5.768633918943151
365,8,71.3147185,64.18263135339217,7.120559063950837
366,10,54.247980299999995,48.82266666861157,5.366354436074068
366,12,60.890467,54.800894670318215,6.079824923133512
366,14,69.05232529999999,62.146488144143866,6.893204222910845
366,17,55.401208700000005,49.86061495824746,5.484388844779854
366,18,70.3870711,63.347751175929865,6.996649505450054
366,21,71.6591565,64.4925632562832,7.143313137653017
366,22,69.6914382,62.7216166258907,6.945293665975372
366,23,63.8641716,57.47714585562835,6.359226544295264
366,24,58.962614099999996,53.065836966620985,5.869936019489678
366,27,52.294219600000005,47.06434933307759,5.200064120567682
366,29,52.336693000000004,47.10251476159418,5.216081002793162
366,2,53.229794500000004,47.906292843425746,5.28254218211212
366,6,48.889899199999995,44.000435570824514,4.872193166456978
366,7,47.835318900000004,43.05132049634631,4.756422483635092
366,8,53.798359500000004,48.41806372464317,5.356777588929135
367,10,71.159986,64.0432810715239,7.037835713255281
367,12,53.0826561,47.773937939074145,5.300244811850931
367,14,55.331009900000005,49.79743702571672,5.523336524286798
367,17,73.3689343,66.03140579155932,7.262901446262772
367,18,57.190746299999994,51.47118546306291,5.69518066980666
367,21,54.010571,48.60900646249328,5.3711949789012525
367,22,51.8133221,46.63150065323022,5.164684697800311
367,23,52.310521,47.078998594475955,5.193778960619159
367,24,50.781345200000004,45.70277900281241,5.056707818031366
367,27,70.35184009999999,63.31605066756611,6.964337737883368
367,29,60.353773200000006,54.317786937507535,6.01326192595422
367,2,68.0191027,61.21653566996791,6.728802631885099
367,6,58.27162500000001,52.44387927885885,5.805849349796582
367,7,55.456333300000004,49.9101311801207,5.521772552977104
367,8,70.42298,63.380074192114016,6.971224241925608
368,10,53.503866300000006,48.152960061373264,5.292027432237172
368,12,70.86885819999999,63.781358554159084,7.075460596901756
368,14,69.9760244,62.977805166679914,6.9825933942473855
368,17,55.029956,49.526489673812875,5.455843979042039
368,18,69.707662,62.73629175026278,6.9406370306529
368,21,71.6770335,64.50865237087397,7.144138514715088
368,22,60.5816109,54.522874707551324,6.038942017140672
368,23,69.7495228,62.773945750748105,6.928159166952462
368,24,71.636033,64.47181031075887,7.133039730470183
368,27,55.2605263,49.734003204202516,5.4704606280541235
368,29,48.453375199999996,43.60756734241197,4.829035453500127
368,2,50.0026939,45.001929804084796,4.945503189327111
368,6,50.4804362,45.4318996452708,5.030375376371772
368,7,48.2659636,43.43888568674988,4.798448751717725
368,8,53.588961999999995,48.22960768349588,5.304784402071222
369,10,70.0593346,63.05272481618433,6.930328629956602
369,12,55.6081681,50.046876920172686,5.525306236735379
369,14,55.9805069,50.38197775982187,5.588159573828235
369,17,74.25758,66.83117677175112,7.350904032448771
369,18,57.065600800000006,51.35855464860329,5.649211602618747
369,21,57.2636937,51.53680040683982,5.696214104219564
369,22,47.1177077,42.40547113752839,4.694078962798166
369,23,53.0962262,47.78613768552682,5.274449220567322
369,24,52.5388839,47.284544167416115,5.231372123059769
369,27,70.1859343,63.166732682577354,6.947591660785541
369,29,59.310705399999996,53.379022873888744,5.908626395431572
369,2,60.0863037,54.07707668758013,5.943124374995836
369,6,68.5999726,61.739303203156986,6.836947215328197
369,7,67.0071763,60.305815746880626,6.66444446013293
369,8,68.4301235,61.58651820580347,6.773723431466319
370,10,51.7636771,46.5868047731648,5.119811688525251
370,12,68.8706679,61.983008484883754,6.818186456791471
370,14,68.1915277,61.37178353972595,6.806189507536984
370,17,54.9344641,49.44054776112353,5.438091934930874
370,18,69.6927709,62.72288977242633,6.8991949002732245
370,21,74.25758,66.83111263259835,7.3696041074187635
370,22,58.1920134,52.37225710190442,5.774981875977374
370,23,60.0769687,54.068734774231125,5.9858183416907496
370,24,70.5791184,63.52059824701514,7.027940806164371
370,27,50.02540210000001,45.02243550858998,4.952055165973924
370,29,50.0685677,45.061215523624156,4.988954058310748
370,2,47.625365800000004,42.86235547105977,4.734587172950499
370,6,54.514198400000005,49.06225645183486,5.433968407492923
370,7,50.9419254,45.84722145316612,5.075541097923881
370,8,57.819882899999996,52.037404477167605,5.724065249770526
371,10,58.670515599999995,52.802876907941226,5.821648938518448
371,12,55.868040900000004,50.28076118887823,5.551622178818731
371,14,54.897587800000004,49.40736086756279,5.480057318202453
371,17,72.7366332,65.462340238615,7.200247998805024
371,18,54.5665074,49.10939124120478,5.448530108481972
371,21,55.8160065,50.23389072646953,5.521937504981084
371,22,49.2547985,44.328851260702905,4.900131039968871
371,23,50.040566399999996,45.036070241514935,4.986422503470348
371,24,55.401208700000005,49.86061547084487,5.516783444949621
371,27,59.1340622,53.220143025663646,5.874470625361584
371,29,68.573515,61.71545649365843,6.8290083739169
371,2,57.08078559999999,51.372127032083384,5.673870408192982
371,6,70.7037741,63.632695238114486,7.045562614828777
371,7,69.2779189,62.34942703407616,6.902360336025236
371,8,69.211319,62.28958113416358,6.908394944507542
372,10,47.6539821,42.888129681441164,4.738971912419852
372,12,69.8270945,62.84377368280839,6.970884405620127
372,14,69.51647600000001,62.56421977755986,6.939576652271464
372,17,52.49275719999999,47.24303256849691,5.1962985424733334
372,18,57.9546384,52.1586717805175,5.786049978904478
372,21,73.39924740000001,66.05860916010022,7.259235692620468
372,22,67.8792249,61.090649682785156,6.752671606658387
372,23,56.2067842,50.58560558930147,5.600389010452574
372,24,73.48620340000001,66.13694229884119,7.316640465468837
372,27,47.3807877,42.64230638745588,4.717848287286724
372,29,67.4278482,60.684366373313246,6.716496959977126
372,2,49.2814665,44.352831371177324,4.874200322686732
372,6,66.8647804,60.17757793555255,6.656233695667606
372,7,55.98239040000001,50.38361930840294,5.568048339694478
372,8,52.9933694,47.693582524326324,5.277036819487485
373,10,59.712751,53.74086881717054,5.934998888522707
373,12,55.8544876,50.26856242525994,5.577229470541886
373,14,55.4049816,49.86401093638555,5.532655617379476
373,17,62.32145690000001,56.088768732347106,6.168873851060934
373,18,50.779006,45.70067439491405,5.0564715955161565
373,21,53.9212328,48.5286140638162,5.334569299719184
373,22,51.2590317,46.1326390483308,5.097251936329167
373,23,49.0172051,44.11504902995305,4.851093711565024
373,24,56.18390960000001,50.56503850471376,5.594597562819299
373,27,56.6255599,50.96251266368969,5.652345757550273
373,29,49.368306499999996,44.43094946778638,4.91638387911313
373,2,69.47157059999999,62.523751219160346,6.873021993961455
373,6,53.214689299999996,47.892689844587274,5.302200657498214
373,7,70.4645687,63.417386357312104,7.019602909267963
373,8,60.3957038,54.35560984428246,6.028996181435414
374,10,51.4755057,46.32746381646936,5.119073690419998
374,12,69.0342998,62.1302758761901,6.874147089183195
374,14,69.0562903,62.150056616314195,6.893662307317791
374,17,50.216860100000005,45.194746786723144,4.971101298446009
374,18,57.0055043,51.30445917990262,5.675369134003915
374,21,63.18162470000001,56.86284789097669,6.248556022300979
374,22,66.8520493,60.16619069790255,6.646076410811282
374,23,67.5442733,60.78924792259355,6.68517468404396
374,24,72.3662688,65.12901624659085,7.2057984384488085
374,27,49.6737226,44.705928051914725,4.946080427713072
374,29,70.6903902,63.62064120955504,7.044267630456938
374,2,54.631476199999994,49.1678000210445,5.404562873349161
374,6,70.0728499,63.06486892041631,6.983084740910232
374,7,55.6502526,50.084698371389514,5.54790883411841
374,8,53.0755796,47.76755819092047,5.286038842672939
375,10,71.9936723,64.7935922760516,7.157973169387821
375,12,55.057268,49.551071515287944,5.4502805750042285
375,14,51.2340271,46.110186824669526,5.11574367642916
375,17,60.0583078,54.05195089622528,5.944607573835995
375,18,52.3840601,47.1452091890971,5.185718555743647
375,21,49.3267921,44.39365363485794,4.879473082250996
375,22,53.950882899999996,48.55528636331679,5.336923674259056
375,23,54.1298689,48.716407093050535,5.357518166382432
375,24,56.9712497,51.27363980690366,5.689973526457059
375,27,70.759051,63.68253508585221,7.004518788607678
375,29,55.9572061,50.36094536204355,5.5774362901303105
375,2,72.0796536,64.8709675171937,7.1823296269509695
375,6,61.3217064,55.18882564778075,6.1018548769635785
375,7,69.8576642,62.87117757448,6.95986628030892
375,8,42.9884737,38.689245885230676,4.254362123221566
376,10,54.370795199999996,48.933188906516754,5.396024494070693
376,12,67.84471450000001,61.059657352729694,6.7159419955854665
376,14,59.7719548,53.79423785231882,5.966763225167869
376,17,52.32845699999999,47.09516581676525,5.180172940943712
376,18,69.1091793,62.19766233712372,6.840989382177384
376,21,60.1306632,54.11700882581619,5.946912398870369
376,22,67.1876398,60.468236460701725,6.646215717124025
376,23,68.9072304,62.01589401798131,6.819946197640807
376,24,73.2454147,65.9202376417345,7.31296059875239
376,27,52.63796790000001,47.373721096943434,5.210672533345002
376,29,69.2196342,62.29698548090262,6.898027541296514
376,2,55.108929399999994,49.59750444771577,5.492838236563553
376,6,47.7621219,42.985373770535084,4.753002345313458
376,7,54.7095459,49.238060595529234,5.452922400645542
376,8,57.9763167,52.17817922431308,5.738498905299136
377,10,70.8337,63.74963811095637,7.029132864654334
377,12,52.0238757,46.82104455927248,5.149907631096794
377,14,47.5823201,42.82368292498784,4.749555822915919
377,17,73.31787800000001,65.98544991605554,7.257426477689289
377,18,55.261111500000005,49.734529809442385,5.470515923374651
377,21,50.13936759999999,45.124956327629484,4.959328712786284
377,22,53.52226960000001,48.169542286450664,5.29499528846691
377,23,55.93707690000001,50.34288060285342,5.536580587241272
377,24,52.7149981,47.44304905565976,5.248817347409659
377,27,68.9341714,62.04015915422344,6.823809511399938
377,29,54.867811499999995,49.38049960648123,5.468717159046224
377,2,73.0445744,65.73938727522561,7.248419306284356
377,6,67.66637680000001,60.89909172533852,6.744531077536462
377,7,66.7858615,60.10660912034659,6.655025368029052
377,8,49.4572646,44.51111672920321,4.895787849432833
378,10,57.0092655,51.30780410166229,5.663958355576148
378,12,59.7456223,53.770544100450685,5.914017105493461
378,14,57.809949599999996,52.02845003664771,5.7689512520879
378,17,57.094518199999996,51.38457986284388,5.652064679042765
378,18,71.327009,64.19368707693937,7.060390757998725
378,21,71.36468099999999,64.22754437995432,7.059837165155405
378,22,68.2030434,61.3820731751395,6.74556150131705
378,23,70.7898169,63.710201299822096,7.006041800189204
378,24,63.1333428,56.81945690465408,6.288289490814921
378,27,54.454709599999994,49.00877412331699,5.390603922393069
378,29,68.9025755,62.01164522500034,6.867373680246461
378,2,55.06242139999999,49.555641231378004,5.46218805330095
378,6,53.4634951,48.11662694811764,5.327827467318322
378,7,51.7604367,46.5838975680575,5.159743676470212
378,8,68.67475119999999,61.806681030125944,6.797950628264424
379,10,72.0396633,64.83496973126488,7.1609704754113075
379,12,49.1711669,44.2536321853939,4.8675179877589105
379,14,48.9603134,44.0638616509549,4.886514453106828
379,17,73.9084607,66.51697239387134,7.316114067519058
379,18,57.3314478,51.59781552360301,5.675565221140047
379,21,55.985190100000004,50.38615450685063,5.538645008937845
379,22,52.432343,47.18861352423206,5.186556612410067
379,23,56.2974284,50.66719384904805,5.572248452613498
379,24,50.216860100000005,45.194747271488794,5.000446509059864
379,27,69.2247575,62.3016889298381,6.852921000884368
379,29,54.32496449999999,48.891935893932526,5.412257722013327
379,2,71.4599264,64.31323954947717,7.095685084299811
379,6,67.3783126,60.63981952223926,6.710734941800037
379,7,57.704993800000004,51.933894172474325,5.748355171888555
379,8,56.5993624,50.93894432178767,5.63605023253851
380,10,54.9676818,49.47038700212439,5.4374213783422025
380,12,59.559221900000004,53.602783047550034,5.895450162139129
380,14,70.2332951,63.20935662186083,7.010042772601999
380,17,56.1020382,50.49135546969383,5.55374566371022
380,18,70.23211,63.20828740309275,6.951982011606133
380,21,73.9084607,66.51690793423855,7.310442533565746
380,22,65.8509909,59.26525595146894,6.5133055191300935
380,23,69.50155500000001,62.550776683249836,6.878515143208374
380,24,60.1306632,54.11707413683352,5.989322050847805
380,27,51.83523410000001,46.651267585978744,5.131167257575253
380,29,67.53973309999999,60.785113535614094,6.704459738130874
380,2,55.6359662,50.07183769750268,5.520018706789543
380,6,51.9542108,46.758294318214304,5.175747194632782
380,7,46.0523108,41.44662855636003,4.57887653815208
380,8,69.3217394,62.388969179893955,6.921874690111869
381,10,70.1578399,63.14136949471581,6.939342307448437
381,12,51.173245300000005,46.05548347748055,5.0952589999671805
381,14,56.5044321,50.85350482097742,5.640686190317014
381,17,73.8778021,66.48937991837091,7.31307576623452
381,18,56.2431302,50.61833905332075,5.567806944150285
381,21,56.1020382,50.49131679917181,5.5503517414794565
381,22,51.852952900000005,46.66717161569615,5.129496232672458
381,23,54.2171511,48.7949581678946,5.36603461901011
381,24,51.7697204,46.59230726570858,5.1550325038969715
381,27,70.73718799999999,63.66285626886721,7.00222494709373
381,29,49.4013273,44.46069786400771,4.920414648847558
381,2,71.1829664,64.06396832135886,7.077878253035598
381,6,57.574559300000004,51.81653527996132,5.737188995357204
381,7,56.3040505,50.67305717126572,5.607691071577955
381,8,54.3805797,48.94205806727931,5.429952719608849
382,10,56.3249835,50.69195589350216,5.5722173911820985
382,12,68.4151364,61.57303999441008,6.81324020443151
382,14,72.6034171,65.34244816610803,7.249580611971074
382,17,56.157612199999996,50.5413715920935,5.559255037926484
382,18,69.2605727,62.33391509362014,6.855981133501131
382,21,73.8778021,66.48931560196314,7.317601324200154
382,22,60.980240200000004,54.881612474348444,6.030457233983328
382,23,66.3454074,59.71027893388262,6.566478912360738
382,24,73.36416270000001,66.02710975491145,7.3082996780857545
382,27,53.1292964,47.81591251497192,5.259296321616732
382,29,59.757815400000005,53.78143000837859,5.95358009861754
382,2,50.821808000000004,45.739125941139136,5.052878155758188
382,6,47.6062206,42.845135914359986,4.744615410840898
382,7,48.254195100000004,43.42830043978204,4.808500681090218
382,8,69.82385690000001,62.84086875045729,6.971769473473078
383,10,70.475385,63.427132160029174,6.978819167893899
383,12,49.4262747,44.483215074265516,4.919894633830606
383,14,57.32794,51.594655951281794,5.722751994994
383,17,74.8048736,67.3237331554877,7.40464619328066
383,18,55.098053400000005,49.58777892472494,5.454386962939189
383,21,56.157612199999996,50.54133300220831,5.56361975729398
383,22,48.678290499999996,43.8099985958564,4.814911976521868
383,23,51.216171,46.09410407037482,5.06905352395782
383,24,55.1908211,49.67126740477668,5.495680244902901
383,27,69.0530529,62.14715336648948,6.835711026653803
383,29,48.368263500000005,43.53096754944021,4.820519579911376
383,2,59.197614,53.27725470228663,5.897738180539641
383,6,57.889324900000005,52.09976935795247,5.763989916574776
383,7,66.0037756,59.40272633918385,6.576661500692832
383,8,53.8678881,48.4806388687785,5.363727560263772
384,10,51.5056661,46.354602674411794,5.094649742824811
384,12,68.9822936,62.08346649381951,6.839566065758769
384,14,74.3691181,66.93155586258858,7.4220999046764975
384,17,57.352349999999994,51.61662639326138,5.727379139049816
384,18,67.787589,61.008242531069016,6.734676318411733
384,21,74.7109816,67.23916987408326,7.3907458948872735
384,22,59.564232100000005,53.60721738001608,5.890319596883694
384,23,57.114924,51.40291978304877,5.65240548691757
384,24,73.1374619,65.82308097305307,7.282265201280326
384,27,50.2704038,45.24293591645028,4.976378522876691
384,29,58.060212099999994,52.253589671769575,5.783801188427199
384,2,47.2776753,42.54944825821488,4.711353277653568
384,6,52.139951399999994,46.92546358792971,5.198307824035393
384,7,62.7712504,56.4934202067595,6.248857930192977
384,8,68.5959559,61.73577022050631,6.830465756089828
385,10,57.9353192,52.141206134438455,5.730111081479498
385,12,57.4980923,51.747795017974155,5.708543473602314
385,14,56.3826883,50.74393755522038,5.628188089005081
385,17,72.4107238,65.1690223149573,7.230455484968572
385,18,51.9542108,46.758347734289806,5.1734320474290945
385,21,56.245183499999996,50.6201464250961,5.5725938945304945
385,22,50.44328970000001,45.3984826797146,4.989642330980971
385,23,47.1451811,42.43025007702279,4.666109451772743
385,24,58.028530499999995,52.225184175147014,5.7775581066528
385,27,59.2244491,53.30148752758232,5.870639081074092
385,29,49.3600443,44.423556568263486,4.9189750219623445
385,2,57.2473978,51.52206460916712,5.689441214023612
385,6,68.6149701,61.752800830521736,6.838728892593202
385,7,45.87435,41.28641654073896,4.567107669324283
385,8,54.0494201,48.64401610632176,5.381827955410188
386,10,47.3807877,42.642252448199,4.686467386356765
386,12,70.4637066,63.41672546369845,6.99506063888482
386,14,70.6346834,63.570600027539804,7.0494169892762955
386,17,52.416012,47.17396375317813,5.232235172977979
386,18,57.8579566,52.07165612263323,5.775826498886661
386,21,72.6623077,65.3953698829299,7.19236978054817
386,22,66.1887283,59.56920692074679,6.54606788837493
386,23,56.747885499999995,51.07258393316604,5.615785656989988
386,24,74.2488898,66.82335357367381,7.412567684332989
386,27,47.5960814,42.8360696464803,4.711663423514321
386,29,70.5925,63.53255290757328,7.035145857362645
386,2,50.1439266,45.12904441919355,4.98583070594452
386,6,53.50574030000001,48.15465279156584,5.332499027009769
386,7,67.44628110000001,60.70093256218623,6.669510716422999
386,8,66.9656485,60.26851047080969,6.671936474534389
387,10,56.819796,51.137244817163904,5.61890030396352
387,12,55.0482102,49.54291843323731,5.449269193006796
387,14,66.1777134,59.559352387930595,6.602205337147014
387,17,61.800476800000006,55.6198911475458,6.1174966208776445
387,18,49.097568200000005,44.18739482999487,4.878328081420912
387,21,53.4312432,48.087624289069936,5.285856015720069
387,22,55.2320456,49.70833286338611,5.46459531741452
387,23,50.976975599999996,45.87883213459644,5.045473424733734
387,24,55.154637900000004,49.63870164364493,5.492088093196663
387,27,59.0817441,53.17305710416716,5.848160247168169
387,29,55.283296299999996,49.754437497891516,5.510691014113704
387,2,71.1452553,64.03002902013482,7.090295463183713
387,6,68.3655078,61.52827566805517,6.8117171186441015
387,7,68.1752573,61.356942992293696,6.784377411003177
387,8,48.7032004,43.83246308887572,4.849081609104212
388,10,50.121361099999994,45.10874491334616,4.957787529840218
388,12,69.7711441,62.793427405048284,6.906652030075984
388,14,49.030598600000005,44.12710975077779,4.893706268812274
388,17,48.430222699999995,43.586787577641076,4.794230585890499
388,18,57.3708163,51.633239201589845,5.7266707445402725
388,21,61.1373877,55.023061131379734,6.046688133534151
388,22,66.2108465,59.58911394927714,6.596621385176246
388,23,69.3905354,62.450867913249354,6.867942352815465
388,24,72.5229751,65.27005254216311,7.221612175120426
388,27,48.2685752,43.44130528289499,4.7780250602961445
388,29,70.7841772,63.70504865438493,7.0529714190962
388,2,55.135865900000006,49.62174707185201,5.495537590475763
388,6,54.3512314,48.91558751013124,5.41703154561525
388,7,51.6037437,46.442859323085635,5.142924746035178
388,8,58.043096000000006,52.23828530019756,5.779006092733509
389,10,71.3675569,64.23009308854972,7.0583334427540185
389,12,57.9866905,52.18752839170443,5.740436662369779
389,14,69.5895803,62.630018884372674,6.9490318144048295
389,17,57.9252149,52.13218574088572,5.754137029752268
389,18,50.3378247,45.30361209002733,5.0264663129177265
389,21,48.7320505,43.858394669080624,4.8208130961377655
389,22,51.1374592,46.023224672818316,5.07507655679624
389,23,51.922591100000005,46.72986843976014,5.138532800984732
389,24,56.245183499999996,50.62018552691934,5.601012382848043
389,27,67.8162121,61.03400729509026,6.713255298106787
389,29,54.104068999999996,48.69313193848219,5.391663591832925
389,2,71.5776823,64.41922749354093,7.135473246569959
389,6,69.3061326,62.37484107596303,6.906781504199972
389,7,69.0119936,62.11009664241761,6.876948436506567
389,8,47.0655621,42.358606127985844,4.683537915098026
390,10,54.7560398,49.27992042570085,5.445411952707583
390,12,70.6109301,63.549225384543995,7.0221019615429086
390,14,51.5941797,46.434321067700324,5.1517908099949095
390,17,50.801869700000005,45.72125039433518,5.029071565593932
390,18,68.191689,61.37193140647805,6.789936946032812
390,21,58.5849143,52.72583691290234,5.792667757395447
390,22,66.2988925,59.668371548148194,6.558273444502484
390,23,68.5304896,61.676830538464294,6.782601936696872
390,24,72.4107238,65.169022952443,7.212529517080708
390,27,51.872485000000005,46.68479307474134,5.1348518498358695
390,29,68.4502877,61.60458021707574,6.82107477627365
390,2,51.9896999,46.79020382999204,5.179237999166039
390,6,55.0827595,49.573956522530644,5.49033910524444
390,7,62.067261699999996,55.85983642936365,6.178561320632923
390,8,56.361128699999995,50.72452408004919,5.610664115837687
391,10,71.064681,63.95749404681697,7.063857976832545
391,12,53.0893017,47.77991982898545,5.275035136072694
391,14,60.1666026,54.149420077218714,6.00676182967836
391,17,70.76314839999999,63.686218404953884,7.004696480781019
391,18,53.7614732,48.384867268640924,5.322352968727509
391,21,48.8353645,43.95136476318792,4.830231505079316
391,22,52.950528500000004,47.65497119771631,5.23787988929693
391,23,56.596286799999994,50.9361655987262,5.63361564295897
391,24,52.21932820000001,46.99694937511676,5.19965495308393
391,27,67.6566478,60.89040079864428,6.697452831163535
391,29,56.0010746,50.40043635553505,5.5835792900613095
391,2,69.8912013,62.901400981616995,6.966219041697155
391,6,67.4482833,60.70278149361659,6.719929574282817
391,7,46.6467006,41.981509645022875,4.632972397680031
391,8,48.903460700000004,44.01269806609993,4.866315272781234
392,10,53.1836267,47.864747581591985,5.28688237450224
392,12,59.159519599999996,53.243051648028896,5.877206046284691
392,14,46.7364161,42.062374536030745,4.6661798759645965
392,17,52.438711999999995,47.19439111502627,5.190868070551776
392,18,67.8689231,61.08144479331821,6.728785954013107
392,21,68.491606,61.64178533581717,6.774139976475126
392,22,66.73632,60.06204456706244,6.602620269089665
392,23,69.6258714,62.66265519177725,6.929419553293623
392,24,61.1373877,55.02311981367716,6.051972002672931
392,27,54.3995432,48.95912669097243,5.3852734817069345
392,29,70.0590864,63.05247324123474,6.981507883052646
392,2,53.9521217,48.55638156469172,5.376659134721525
392,6,54.7336454,49.25976159068521,5.455522880298407
392,7,67.43985,60.69519214276422,6.670191176088696
392,8,67.09307249999999,60.38318809542371,6.680670092391918
393,10,69.4431763,62.498187633432835,6.86914074161857
393,12,47.7963595,43.01631830223356,4.759306066836483
393,14,58.3615226,52.52486102566107,5.826605401229144
393,17,68.39380080000001,61.55382596189001,6.77009769535645
393,18,54.3512314,48.91564456199821,5.380369237589933
393,21,54.7720167,49.29430889112541,5.418545789496386
393,22,56.2105961,50.589016648197706,5.561185037165805
393,23,55.6228069,50.06004196027344,5.5057117247088305
393,24,48.5049969,43.6540831051955,4.8016198431235315
393,27,69.3984783,62.458026347764125,6.912993581427611
393,29,54.0494201,48.643948469034214,5.3869832157677875
393,2,69.0341659,62.13005409163111,6.847184248058973
393,6,66.162556,59.545649150756105,6.592462678105177
393,7,52.2566809,47.03050248633772,5.168864471701865
393,8,53.9110752,48.51950898905653,5.368327206995579
394,10,53.9936635,48.59378373396673,5.341144306091207
394,12,58.7766428,52.89846880936669,5.868128167300375
394,14,49.5886918,44.62939922768065,4.952027874984937
394,17,54.85017989999999,49.36469471667367,5.4298588696266075
394,18,68.95971370000001,62.06314191248949,6.883650391848971
394,21,68.7603005,61.88363045341307,6.802438128387446
394,22,70.6183058,63.55577631185892,6.983836427998684
394,23,68.2219843,61.39917432017214,6.79030450992355
394,24,56.9322166,51.23850213937198,5.668344247218119
394,27,53.27154659999999,47.94393868157047,5.304648853733135
394,29,67.3402226,60.605541129178526,6.712320272077254
394,2,55.976260200000006,50.37810386779095,5.554026390596836
394,6,52.5302614,47.27672465335538,5.2346188976567465
394,7,66.81132079999999,60.12950887392475,6.607108155362257
394,8,69.7194016,62.74685981413683,6.942211889919
395,10,70.7589075,63.68229976920998,6.997261670256747
395,12,50.725904899999996,45.65288215394502,5.065460732865598
395,14,67.8886031,61.099148204063134,6.777932037886069
395,17,70.0768494,63.06855771756736,6.9369048225629175
395,18,66.5619049,59.90513095973419,6.643904341789601
395,21,51.01383499999999,45.911964294931956,5.04554300333431
395,22,53.8116822,48.43001112895139,5.323514693417611
395,23,52.612196,47.35051256207916,5.234054711722546
395,24,50.28619009999999,45.25714276088896,5.004566997873644
395,27,68.9991543,62.09863825636672,6.888098349876404
395,29,51.1869146,46.067729286380604,5.102444650156455
395,2,68.9378526,62.04337326064537,6.853246853283476
395,6,57.791544699999996,52.01182026736446,5.758573251331065
395,7,50.9741646,45.87625882769095,5.042680389737522
395,8,53.2939387,47.96408934839861,5.306533778455281
396,10,55.2797787,49.75128057176651,5.468745108069348
396,12,67.70945999999999,60.937929587392816,6.74180657375468
396,14,64.80404539999999,58.32305529092321,6.46689103256161
396,17,55.0546965,49.54875789578505,5.450104468367669
396,18,49.6232128,44.66046046335837,4.952893204695926
396,21,68.7841777,61.905113624497055,6.804331219651896
396,22,60.371655999999994,54.333891937766886,5.970232823857441
396,23,64.9317587,58.438007619024354,6.48119575292836
396,24,70.8568784,63.77057243619337,7.054736165971341
396,27,53.0500516,47.744594155700845,5.297071692196658
396,29,58.462851400000005,52.61597361227002,5.825066016162873
396,2,51.71317319999999,46.54135794403421,5.142154729879607
396,6,57.3422572,51.60735551607189,5.704152587413471
396,7,58.409788500000005,52.568187517928806,5.803912092556075
396,8,69.84747949999999,62.86212653031735,6.950350208663943
397,10,70.78402969999999,63.70490953655554,6.999765279901024
397,12,54.440354899999996,48.9958560335533,5.389746178143567
397,14,46.0696382,41.462270885706246,4.597930935508391
397,17,71.4033894,64.26242683906877,7.112435558377904
397,18,67.427254,60.68394139533647,6.731136923194576
397,21,53.363566,48.02671155190191,5.278822077119339
397,22,49.4698232,44.522375406564,4.893588143829823
397,23,49.8549326,44.86900149043472,4.975544104459464
397,24,53.8304957,48.44698733411679,5.375219328487501
397,27,66.1826356,59.563802691147544,6.609125641175967
397,29,46.288320399999996,41.65902544924682,4.6111540618234175
397,2,58.6655473,52.79839890459868,5.831579069784649
397,6,44.6922895,40.222583073653304,4.4499236736391525
397,7,51.9196255,46.72712425741183,5.156748298176946
397,8,63.746383900000005,57.37118661738949,6.362809449741715
398,10,51.5084517,46.35711874798951,5.0954314747282075
398,12,67.6935857,60.92363761028288,6.711094004024609
398,14,67.33521780000001,60.60111416915663,6.724205603272063
398,17,53.886847100000004,48.49770264301342,5.365924181882375
398,18,55.538825,49.98447056294338,5.546936761218405
398,21,70.4220177,63.37913924765693,6.965256886119598
398,22,58.6008639,52.74019487740367,5.824617539032273
398,23,56.7618819,51.085188710433414,5.649754766218567
398,24,70.01697879999999,63.01467305774206,6.97165864547979
398,27,49.164615,44.247734671326334,4.909486215034113
398,29,55.456333300000004,49.910133078864924,5.523843435123609
398,2,47.445320099999996,42.700326507416925,4.692870840763551
398,6,55.0401374,49.53556828026947,5.483694351136271
398,7,43.4258394,39.08274312631438,4.320848432269667
398,8,49.3532615,44.41750686803205,4.9266258941480885
399,10,59.2448659,53.31977618711893,5.888115398086665
399,12,54.652113,49.18643735279447,5.410302191849423
399,14,54.6558842,49.18983059541591,5.458819160063572
399,17,69.9676444,62.97027436530611,6.985978000035272
399,18,66.101246,59.49055265760321,6.60100614840652
399,21,55.799280100000004,50.21884343000487,5.520792051486829
399,22,50.0860961,45.07701175963597,4.971161146564885
399,23,47.3283899,42.5951300616597,4.707743800493056
399,24,53.6711389,48.30356650841569,5.3443060562969515
399,27,58.363463100000004,52.52661476150099,5.827788157290212
399,29,49.6605312,44.693997136497245,4.944195634297596
399,2,56.08448860000001,50.47545581595408,5.55398589152637
399,6,49.813682799999995,44.83183289185058,4.965009614223997
399,7,58.62332489999999,52.76038425573539,5.840008497378638
399,8,69.8576642,62.871289926259216,6.97475516575272
400,10,46.821513100000004,42.13890572472647,4.655091974005615
400,12,67.4535779,60.70763778626036,6.677434692479178
400,14,69.138894,62.22438950368589,6.901169879558326
400,17,49.966107,44.96906929156258,4.988907983771285
400,18,51.1429291,46.028199115526625,5.106261882815197
400,21,70.4250134,63.3818247744997,7.000805525980623
400,22,66.0985496,59.48806466827515,6.538512803246677
400,23,54.0196631,48.61721835443784,5.377032548095604
400,24,68.7841777,61.90516695917094,6.8091524895195255
400,27,45.578184300000004,41.01997791963058,4.55111867169494
400,29,68.830125,61.94643024893514,6.851821174479901
400,2,48.6713791,43.8037691881,4.822887886944213
400,6,67.1340445,60.41998054628791,6.690931780914518
400,7,49.122626600000004,44.2098752909332,4.89522494319875
400,8,54.7095459,49.23812474768495,5.436113707436223
401,10,57.474346,51.72632359596203,5.71239459559889
401,12,52.06525669999999,46.85828463677069,5.153822924131727
401,14,53.3672818,48.03009656978048,5.328429580494827
401,17,59.9128145,53.921011541679334,5.9809155969538494
401,18,58.825416600000004,52.94236695447379,5.8727837066927595
401,21,51.0141588,45.9122656638313,5.073661233860612
401,22,53.483797499999994,48.13491772440495,5.291066171484655
401,23,49.1850581,44.26611797646837,4.895762881598331
401,24,54.109791200000004,48.69835075255888,5.35651370106387
401,27,57.741314,51.96667525475432,5.763511441232522
401,29,52.9241597,47.6312296919909,5.274581610055345
401,2,68.83915619999999,61.954546658565626,6.808060339432426
401,6,54.3413166,48.906664328390946,5.417006758511406
401,7,67.88299359999999,61.09401861863868,6.765471673023517
401,8,66.7858615,60.10669895002118,6.635815938923604
402,10,50.4136005,45.37176247556813,5.013674427038466
402,12,67.578664,60.82021607354463,6.689702877794368
402,14,66.814886,60.132817891564336,6.6708948391550225
402,17,46.7365731,42.0625176005584,4.653646294483663
402,18,49.2101351,44.288702241487776,4.899950054691148
402,21,59.1748061,53.25675508763342,5.882919079944598
402,22,67.5182746,60.76578721469583,6.680774980520694
402,23,67.4879073,60.738515456227255,6.679486794461209
402,24,71.1617101,64.0449213613917,7.085449962786649
402,27,49.2117924,44.29019490420867,4.914440006953036
402,29,69.9009674,62.910152384770406,6.963364816833618
402,2,52.573201700000006,47.31537578130039,5.200394641235811
402,6,69.7905207,62.81078624878413,6.956065041791547
402,7,53.685283,48.31623807849351,5.35188619343814
402,8,51.7604367,46.583953708294764,5.15418196220863
403,10,69.6805652,62.71180178307356,6.926501679028185
403,12,55.8571425,50.27095266214581,5.529510836269323
403,14,53.3757782,48.03774325731403,5.32937826748919
403,17,57.2062008,51.48508487845732,5.683485268622048
403,18,55.0401374,49.53564807491303,5.448184146445468
403,21,46.7365731,42.062479164979536,4.647493502995301
403,22,52.6910295,47.42143334568286,5.212514428282197
403,23,54.3219869,48.88931350865745,5.376668228458546
403,24,53.886847100000004,48.497703068476206,5.365956897080879
403,27,67.0951276,60.38503763506594,6.700313055135271
403,29,55.98239040000001,50.38362072381845,5.581167263803867
403,2,68.6485153,61.78297146170248,6.789016791363994
403,6,55.1077174,49.59641845233139,5.493552328034259
403,7,68.6065603,61.745209692024225,6.8201448541427565
403,8,57.704993800000004,51.93399395200498,5.745010208705012
404,10,53.34619550000001,48.011068525285914,5.30527643430897
404,12,69.5883957,62.62895311885574,6.888433646138216
404,14,66.2013931,59.58067696051875,6.608982403584004
404,17,48.474878100000005,43.62697597359994,4.798505149832227
404,18,51.561090899999996,46.40454399436438,5.104235919168795
404,21,57.2062008,51.48502755795863,5.700472020675529
404,22,68.27855790000001,61.45002351395652,6.761317602636139
404,23,68.6664816,61.799217820572146,6.795930920187447
404,24,70.644277,63.57922911560913,7.033074290636622
404,27,52.0014937,46.80090200791242,5.178163126796245
404,29,70.4645687,63.417388698286125,7.019595255517371
404,2,52.8759632,47.58785852758811,5.230382991102748
404,6,69.3329012,62.398921462969426,6.909227484739215
404,7,54.002752,48.60195672982187,5.341905781600792
404,8,46.0707584,41.463290393598285,4.587187366385033
405,10,68.8874679,61.998046583979075,6.865101428610402
405,12,53.147120400000006,47.831956105490505,5.261200174987595
405,14,51.675034200000006,46.50709125342463,5.160248508994462
405,17,69.4348049,62.490713535367505,6.872723324221863
405,18,67.9207231,61.12806199353869,6.723372878676831
405,21,46.796713600000004,42.11659174859622,4.651960436519986
405,22,56.5927256,50.93293315989388,5.599489587603515
405,23,53.724309999999996,48.35140944959446,5.3175794742932245
405,24,53.2171766,47.895007020314964,5.268355299624088
405,27,67.89951789999999,61.108974733052044,6.721081121572334
405,29,55.6502526,50.08469940324142,5.545834066367414
405,2,69.1958135,62.275535124503016,6.843165953429488
405,6,56.1795104,50.561031904925464,5.601514511583887
405,7,69.053807,62.1477271258878,6.82900380867029
405,8,55.529282,49.97587775231231,5.525782137910369
406,10,53.5358166,48.181726100307465,5.336448633281762
406,12,61.3364478,55.20226448702111,6.0710249029291
406,14,57.5180828,51.765772466218365,5.74233049988968
406,17,54.2181704,48.79589160837634,5.367280130752554
406,18,54.075669000000005,48.66764086155896,5.384616604264945
406,21,67.4382813,60.6938184852203,6.671734521036394
406,22,71.5299253,64.37622667106088,7.110587104697628
406,23,67.3771998,60.63886990461827,6.677380452530742
406,24,59.9128145,53.92101206598834,5.939267235862546
406,27,53.5245714,48.17165960504922,5.298653205285514
406,29,69.9027748,62.91179297786435,6.913203118375386
406,2,53.622322200000006,48.25957526750451,5.309110119348186
406,6,68.960312,62.06358040700513,6.870548267949765
406,7,53.7264321,48.3532712062402,5.314606396711032
406,8,50.29722760000001,45.26707730440991,5.022177132170944
407,10,69.10261,62.19167261493762,6.886551602467865
407,12,50.8541041,45.768262115737826,5.0638943172895585
407,14,45.4166057,40.87455764982933,4.5345221719743956
407,17,69.7643909,62.787347889041264,6.946519871650876
407,18,70.3154739,63.28331443800277,7.019717146071748
407,21,52.879259,47.59084327485383,5.231464690167496
407,22,56.1200123,50.50748889619415,5.594777605227855
407,23,53.5845981,48.22566806554085,5.303511283923419
407,24,46.7365731,42.06251794134321,4.626470539626157
407,27,69.66126489999999,62.694534740274975,6.895655674213899
407,29,54.35902540000001,48.92260099173442,5.377183497185599
407,2,71.4657553,64.31844817285584,7.067150776768965
407,6,55.9494021,50.353932193935975,5.5774392623541
407,7,68.4736953,61.62563219696659,6.800950283424745
407,8,66.8855688,60.19642114101479,6.6761525140871845
408,10,54.1991634,48.778736489830344,5.3905691471180255
408,12,57.9636629,52.16679387410425,5.785997760624292
408,14,55.2036348,49.682781758808105,5.509168996805163
408,17,53.3342053,48.000327536075055,5.325167425280306
408,18,56.712799999999994,51.041037952166754,5.663543638626667
408,21,70.36178,63.324925975097365,6.968670041728193
408,22,71.0216548,63.91880010872101,7.078009929482296
408,23,64.94699659999999,58.4517212487194,6.427993311187069
408,24,57.1664148,51.44927290149853,5.658313767804799
408,27,53.79613090000001,48.416059952306476,5.325477626867412
408,29,68.51790220000001,61.66540436913135,6.775369611654164
408,2,55.5712675,50.01360919413932,5.497224544160549
408,6,64.6530712,58.18715947203163,6.447015207494471
408,7,53.7825871,48.4038106497492,5.348510053725745
408,8,52.6331101,47.36935145081577,5.256306954318914
409,10,69.1699855,62.252266932511816,6.889767578648666
409,12,54.0287791,48.62544371279159,5.380316762876798
409,14,50.666594200000006,45.599504700818926,5.059665605267755
409,17,69.1164367,62.204192280579896,6.900401619694922
409,18,69.95848500000001,62.96202750165454,6.984020690041194
409,21,54.3165423,48.88438585829459,5.373506300141504
409,22,53.564093,48.20718298108459,5.298974917879677
409,23,52.291082200000005,47.06151273949018,5.175343418690621
409,24,49.586186399999995,44.62714628958833,4.908672653752384
409,27,68.8201882,61.93757007188164,6.812195484525619
409,29,51.7604367,46.583898199068734,5.1282233886131365
409,2,67.8092082,61.027624184832156,6.707158180918822
409,6,46.0979084,41.487627954844065,4.589956292086308
409,7,67.372675,60.63473522336599,6.663517142288416
409,8,67.8494061,61.06388003458465,6.775211986162765
410,10,63.2861173,56.956778757766976,6.297834927629506
410,12,69.6400196,62.67540777949363,6.932929224022313
410,14,68.08858690000001,61.279131899363584,6.797863710034953
410,17,55.947073800000005,50.35189073218048,5.5869632352430925
410,18,56.1795104,50.56108190235699,5.610118053617337
410,21,71.4325367,64.28858647497462,7.064672028354977
410,22,62.4346149,56.19055498697796,6.175832581347974
410,23,63.89656,57.50632942777231,6.323492798641119
410,24,69.3727976,62.43491232847974,6.8668439838350075
410,27,54.139348600000005,48.72495379376728,5.359547752122574
410,29,57.7052869,51.934144851278596,5.746146466865533
410,2,48.5479051,43.692638372328055,4.80187996225657
410,6,57.1408163,51.426118041578405,5.689134246468685
410,7,49.7470316,44.77183359922974,4.9200039367772685
410,8,64.2425339,57.81770554999394,6.394162680619238
411,10,44.6846528,40.215696244215536,4.447667741883399
411,12,55.5861747,50.02708402732674,5.52298792954737
411,14,53.433931300000005,48.09008167068628,5.336248849108109
411,17,70.8940412,63.804017919932896,7.0771358612369815
411,18,69.01823689999999,62.11581517534134,6.8906971649824635
411,21,54.370950500000006,48.93335296126168,5.397006429347954
411,22,48.577941200000005,43.71968065063652,4.829558834653506
411,23,52.4697977,47.22236080784376,5.193396383701739
411,24,53.2367986,47.91266498372989,5.289574333007721
411,27,68.5209012,61.66821731929906,6.808986386381308
411,29,46.8462178,42.16113948547016,4.668466698221512
411,2,57.739390199999995,51.964865481470255,5.739353070772773
411,6,55.8191311,50.2366307404026,5.559040442075562
411,7,57.5963572,51.836120997126486,5.695006491231985
411,8,45.7610729,41.18456512202123,4.554900924926123
412,10,66.1826356,59.56372994727704,6.596182897294633
412,12,69.7542373,62.77820625345289,6.904609763383495
412,14,69.6401338,62.675510751817384,6.952926734562856
412,17,54.7915211,49.31190243304698,5.471524235861284
412,18,55.5190477,49.96667029661118,5.543975084459246
412,21,70.20805519999999,63.186575373689585,6.980373472569323
412,22,60.9174883,54.825124738308176,6.054041670465826
412,23,57.0318117,51.328122991454336,5.64438381682831
412,24,69.7643909,62.78734853012001,6.946557930235541
412,27,50.5723173,45.514655522738046,5.025738287631073
412,29,55.25305,49.72717994999,5.504058560356835
412,2,45.0256025,40.52259644695086,4.458944923867532
412,6,44.483636,40.03480790225588,4.43006513659149
412,7,48.0070151,43.20584979628237,4.748685406939101
412,8,66.7007303,60.03007930262427,6.626615227828379
413,10,49.164615,44.2476775260961,4.8999155005066815
413,12,55.601776599999994,50.041125552794675,5.50425038894033
413,14,53.9675517,48.57033640177053,5.389080573621279
413,17,69.52460620000001,62.57153821519986,6.940591869549062
413,18,67.2579336,60.53155448565098,6.71414134381254
413,21,54.1983988,48.778057730636164,5.361923424698365
413,22,53.889196299999995,48.499777101264606,5.356764552037235
413,23,46.640663100000005,41.97618635607255,4.616071582034858
413,24,54.3165423,48.884425046961894,5.408713972433092
413,27,60.539419,54.484940490616545,5.99235304764214
413,29,49.0956989,44.185653112868536,4.893015197634568
413,2,56.838165399999994,51.15374324454686,5.619489077125913
413,6,55.9929056,50.3930402737411,5.57769181511812
413,7,57.0975032,51.387141394059476,5.649811191261259
413,8,55.27700960000001,49.74883901504707,5.492315686809277
414,10,58.398631800000004,52.55817323225379,5.817285531081487
414,12,67.20716,60.4858638526447,6.676448129235009
414,14,66.0951922,59.48509379591919,6.596048513028908
414,17,52.100501200000004,46.89000759437755,5.158396423969275
414,18,52.2154376,46.993450467992474,5.1995640881472
414,21,68.9931547,62.09316366952891,6.8230939724086905
414,22,69.8004012,62.81971698808858,6.960920439973398
414,23,55.17422990000001,49.65631184524905,5.468011951235149
414,24,71.4325367,64.28865979773197,7.070933767385545
414,27,55.6793685,50.110948486034715,5.542076574639764
414,29,66.7104998,60.03877407020306,6.6463673472206795
414,2,49.8865135,44.897384045257326,4.934662209807638
414,6,56.38656399999999,50.747239962592566,5.609449318574994
414,7,52.023443300000004,46.82060100494074,5.17384258381658
414,8,67.37107639999999,60.63338921202806,6.7083813236444385
415,10,47.1565618,42.44045546993616,4.67591865943478
415,12,56.39716609999999,50.75696005970542,5.582470748120885
415,14,59.5362272,53.582077546489636,5.931500756498365
415,17,59.0988505,53.18845086701394,5.883865269718953
415,18,57.421791899999995,51.67911141869606,5.683820808948859
415,21,53.032234499999994,47.72852621210602,5.246824137986707
415,22,50.7824346,45.70367618754335,5.058022599608832
415,23,48.9053269,44.01436427773161,4.8402826734975175
415,24,55.017776600000005,49.51553070536054,5.446457360936047
415,27,42.214910599999996,37.99305238934389,4.213442357175093
415,29,52.3057935,47.07471060901477,5.213429549449713
415,2,68.5129816,61.660977231376094,6.7746759071991045
415,6,50.258842800000004,45.232453402508746,5.006708291849989
415,7,69.8310668,62.84725501198041,6.942033060800724
415,8,51.1469379,46.031807111450775,5.092623623272677
416,10,57.741314,51.96655998403856,5.721627797221418
416,12,51.8326627,46.64893509483444,5.171685129551306
416,14,44.7838827,40.305102003759515,4.469492846702232
416,17,46.6342339,41.97041320269469,4.64346185210737
416,18,48.7588276,43.88253115257913,4.8268075925517335
416,21,59.0988505,53.18838625751576,5.844294808273578
416,22,73.30917930000001,65.9775403572775,7.3049977094714595
416,23,66.0110266,59.40933117898379,6.532998134996586
416,24,70.8940412,63.80401846832709,7.017457937332326
416,27,58.355698000000004,52.51961923284769,5.825562083286933
416,29,68.2401211,61.415385605647025,6.795766808132479
416,2,54.3371211,48.90289257048547,5.375290113094936
416,6,69.6501582,62.68443603155208,6.9391820399546
416,7,54.9539867,49.4580604871485,5.478563045305549
416,8,66.7390853,60.06460079912566,6.645169111186424
417,10,50.333793400000005,45.2999403365561,4.9963721505355885
417,12,66.9237452,60.23078797569564,6.681568842620731
417,14,67.512921,60.76104079511135,6.7410041868059345
417,17,59.2448027,53.31980659062689,5.89838955561784
417,18,55.9929056,50.393128934562604,5.54235525462978
417,21,46.6342339,41.97037444227593,4.612992399712564
417,22,60.374100500000004,54.336138505294855,6.021286612598912
417,23,52.391243499999995,47.15166106947128,5.185506768909405
417,24,54.7915211,49.311902702375676,5.424052388156079
417,27,51.2531619,46.127410735117714,5.118646162729252
417,29,56.1792943,50.56084006715531,5.601719992467868
417,2,67.4927552,60.7427974770979,6.683410683247292
417,6,56.0651343,50.458094391846345,5.590001666234343
417,7,69.95963309999999,62.96296403324774,6.971544740630428
417,8,49.9665113,44.96943543885393,4.975378441901741
418,10,68.94986680000001,62.0541932787058,6.843069820575569
418,12,56.1626601,50.54591828000549,5.608869097256539
418,14,51.7085033,46.53720892332795,5.16271011132438
418,17,48.8838834,43.99507842607806,4.880968227510558
418,18,51.149769199999994,46.03435713698113,5.063447788581734
418,21,59.0843039,53.175284215273244,5.884881212450154
418,22,74.8006461,67.31984763916637,7.453911551876391
418,23,66.0997132,59.489142896556466,6.541323838393321
418,24,69.52460620000001,62.57153875754445,6.8818661417916145
418,27,70.3012041,63.270474729973905,7.019473009257725
418,29,69.21515000000001,62.29292268617585,6.89580467566982
418,2,51.7352245,46.561198389307144,5.117651536431828
418,6,67.8331352,61.049179381679444,6.7634611938805556
418,7,55.39279259999999,49.85298201673856,5.522268404963867
418,8,58.409788500000005,52.56830026264882,5.814804459011009
419,10,52.0014937,46.800848091107206,5.144146117570741
419,12,67.105289,60.39416043749337,6.696085247188111
419,14,66.0044657,59.40344399436919,6.589233237320405
419,17,69.2729683,62.345066189137064,6.897270821711309
419,18,69.41497989999999,62.472880381459966,6.911490804536114
419,21,48.743587999999995,43.86877547731448,4.858551801766536
419,22,58.983281600000005,53.084410250055925,5.8811814522874855
419,23,53.041387500000006,47.736785067738175,5.249836878313906
419,24,52.0683177,46.861042175440765,5.154364039903876
419,27,53.22026760000001,47.89778709090531,5.31408460682969
419,29,53.8596096,48.47313176038007,5.368717118483731
419,2,66.7403791,60.0656773777099,6.601068269401828
419,6,50.3918802,45.35216563600635,5.018707562745907
419,7,71.2296654,64.10598216839509,7.098324852018825
419,8,48.2035281,43.382766518462994,4.7718177405299915
420,10,67.8228592,61.03990698158862,6.7083023384654785
420,12,52.716611300000004,47.44450335872095,5.264357633050286
420,14,51.02617659999999,45.923124996731396,5.095393462947437
420,17,53.234762999999994,47.91083140421032,5.269798777414616
420,18,55.229946500000004,49.70648170720236,5.515136555207528
420,21,68.535219,61.68103721876338,6.8140438933734
420,22,71.7825246,64.60356420730504,7.1515078555309035
420,23,66.1798859,59.56130308413179,6.549600766068721
420,24,58.3993165,52.55887685487601,5.780560706853259
420,27,69.3974125,62.45707421930589,6.929488716044324
420,29,67.8764871,61.08816465789648,6.763964440389574
420,2,52.498970899999996,47.248568701513186,5.193047457836453
420,6,70.1863596,63.167037855193634,6.995637214363674
420,7,54.8782537,49.38990116851061,5.4576490573358445
420,8,57.59735860000001,51.83712020600281,5.701074499752737
421,10,50.1850679,45.16606357143771,4.963112643823679
421,12,59.787437600000004,53.80817770281507,5.968928275097255
421,14,58.7344512,52.86049028950312,5.862526701081322
421,17,67.1456076,60.430465334088545,6.646672226884269
421,18,69.7757359,62.797546166128775,6.946035884405802
421,21,53.234762999999994,47.9107899664833,5.266140797614264
421,22,56.50883209999999,50.85741885408349,5.608950531767722
421,23,53.2094309,47.888022682895816,5.266498290943417
421,24,47.7054887,42.93453535558569,4.722512780965486
421,27,53.105738599999995,47.794710847998665,5.302391658992041
421,29,50.878325999999994,45.78998406302961,5.069059133441522
421,2,68.0558904,61.24959907658036,6.729382913485782
421,6,57.009160599999994,51.307709935514815,5.684282659276633
421,7,69.5798202,62.62111903724578,6.880347078877321
421,8,52.882056,47.5933936162232,5.234520596606186
422,10,67.8264785,61.04317352759406,6.709046842480396
422,12,48.4831138,43.63438833923272,4.840436434899447
422,14,45.53577,40.98180546445729,4.5465050538861735
422,17,54.0008452,48.600299859465416,5.345696583571168
422,18,57.958601,52.16224877112541,5.737722505222077
422,21,67.4326285,60.68873098165198,6.6705142520511345
422,22,67.658803,60.892261824080265,6.71234275627053
422,23,65.006686,58.505437633860474,6.433716272893119
422,24,60.075310400000006,54.0672538934425,5.946304019347737
422,27,70.1124067,63.100562848070034,7.001831969719086
422,29,65.6146484,59.052539121732835,6.539057267356586
422,2,53.5747439,48.21675965589733,5.299827528976815
422,6,69.16493249999999,62.24773707953059,6.890731631590013
422,7,55.9219418,50.32921566976647,5.532201073165981
422,8,48.4186154,43.57632206363612,4.8307275847412114
423,10,53.1281185,47.814795857795616,5.255202019626118
423,12,58.50804240000001,52.656734797146434,5.812794403481245
423,14,54.2730536,48.845276708412825,5.417847779243518
423,17,69.7147111,62.74263386377721,6.900900692049894
423,18,70.1863596,63.167117646990064,6.9477802019968244
423,21,53.6417511,48.27707958491852,5.3066612607865675
423,22,54.811209500000004,49.329584174438715,5.440591741620837
423,23,51.7083058,46.53702115132316,5.117763760787772
423,24,48.8838834,43.99507872315411,4.839079985159757
423,27,52.182884200000004,46.964148519499744,5.2105427938394895
423,29,49.8201449,44.83764309299509,4.96471773239308
423,2,66.9863654,60.287050887765105,6.624644876221681
423,6,54.3698512,48.93233966757849,5.418664193279974
423,7,69.97425940000001,62.976091003703175,6.918224767346589
423,8,68.5381739,61.68376284960691,6.842900911919742
424,10,68.1382988,61.32380913211773,6.74009706532958
424,12,51.0175796,45.91538673367642,5.050283187260983
424,14,46.2497145,41.624347281221,4.617528772744537
424,17,55.6865846,50.11745179803832,5.533022060612008
424,18,56.2425452,50.617811687940886,5.567675175311939
424,21,70.31449669999999,63.28236023052908,6.963120917206127
424,22,61.4938168,55.34381580138508,6.125111065658904
424,23,65.1145999,58.602559260374335,6.453543045665484
424,24,69.2729683,62.34506681453986,6.856952938636919
424,27,69.9063304,62.91509401110759,6.960752799184917
424,29,57.7580421,51.981651221066464,5.7538867151598465
424,2,49.1080658,44.19678341302501,4.86402043032282
424,6,66.9303281,60.236654312568035,6.672517687779876
424,7,54.140465000000006,48.72590189139027,5.355858496118811
424,8,53.685283,48.31629799816583,5.360761394402963
425,10,52.1727214,46.95494670910445,5.160756216873869
425,12,67.40234120000001,60.66152001202949,6.671769328505682
425,14,66.3384053,59.7039867769713,6.623641811379457
425,17,71.05362240000001,63.94763953807379,7.074331553848047
425,18,69.09198359999999,62.18218635244623,6.839269551028624
425,21,54.9110075,49.41939558609479,5.432123632583089
425,22,51.1348588,46.02089710996664,5.0857159635979
425,23,50.5005155,45.450022148015535,4.998306212228253
425,24,54.0244626,48.621556657138655,5.348112008486509
425,27,56.4699748,50.82249738233458,5.622990875842827
425,29,47.9456449,43.15060316589809,4.775635624500879
425,2,57.3837259,51.64477008250661,5.6756292261893995
425,6,51.970887399999995,46.77329845868372,5.180370214163018
425,7,59.9460635,53.95082097203495,5.926838133475706
425,8,68.4951045,61.644994013299296,6.779926500133322
426,10,68.7476926,61.87222372347027,6.798481665165364
426,12,54.938041500000004,49.44376868861756,5.438437207795481
426,14,51.7922966,46.61262457535993,5.17223238133633
426,17,56.254834499999994,50.62887181694419,5.589524800594913
426,18,55.0780567,49.5697820664229,5.452415338520525
426,21,69.27491140000001,62.34678099692478,6.8537382362222505
426,22,61.8935951,55.70359652533697,6.138643240832818
426,23,57.418711200000004,51.67630883874927,5.681478899811806
426,24,69.0456197,62.14045111924336,6.834178812521597
426,27,71.0993736,63.98881747450812,7.082242374844525
426,29,54.761449799999994,49.28473176935599,5.452274306554808
426,2,45.3585432,40.82224010426767,4.485964736849625
426,6,59.4905328,53.54086066458171,5.925451258619357
426,7,50.4604998,45.41396899064566,4.991787862462001
426,8,55.26371089999999,49.73687025059802,5.470832007441249
427,10,51.580708099999995,46.422148901760515,5.102740800939263
427,12,67.2030614,60.48217696730982,6.652514187649285
427,14,67.7416509,60.96689248605562,6.763218423487914
427,17,69.1041571,62.19313739136588,6.840264600927541
427,18,68.6511875,61.78547076495059,6.7954663139795075
427,21,54.224103899999996,48.80118859024052,5.392333137236846
427,22,53.530580699999994,48.177022206008395,5.295719372619136
427,23,48.3134532,43.4816879850959,4.78198095602051
427,24,54.9402935,49.4457965819315,5.438782106814327
427,27,53.0797881,47.7713585391764,5.285576219848839
427,29,50.754204800000004,45.67829408072126,5.057530266482275
427,2,55.614563800000006,50.052512455821365,5.505048710365637
427,6,57.035514600000006,51.331347448829064,5.678862100977051
427,7,58.8371055,52.95276832859569,5.817146215983192
427,8,68.52994799999999,61.676361688003894,6.78376890584772
428,10,59.751059100000006,53.77533147444684,5.926970401002484
428,12,55.493596000000004,49.943763950594715,5.493882322067992
428,14,53.334278000000005,48.00039454914153,5.3254898909822055
428,17,51.9487492,46.753431126689,5.142514158753204
428,18,53.939627599999994,48.54520567631936,5.339670248942815
428,21,69.1227905,62.20982145423494,6.88492139320934
428,22,69.1174836,62.205061608262845,6.841080495680256
428,23,55.2494869,49.724025641563216,5.466699208732941
428,24,69.8623257,62.87548900258053,6.956280610480495
428,27,59.5658723,53.6087654399329,5.895938816312394
428,29,66.0842761,59.47517794075432,6.581846541236462
428,2,48.8885533,43.999228458030174,4.8358693372797665
428,6,45.3368993,40.802737528786686,4.5152587849884585
428,7,52.3367872,47.102607388782104,5.177211547333131
428,8,53.7264321,48.353331705568934,5.318552839291198
429,10,47.9522031,43.15652199041651,4.778925779634524
429,12,68.1267957,61.31352306179467,6.800904966424259
429,14,67.7982015,61.01779338660368,6.770025668668405
429,17,58.041992799999996,52.23728788628438,5.74516182603909
429,18,58.7793249,52.900882312766974,5.818233903991259
429,21,52.0207106,46.8181607547238,5.1740580151276525
429,22,57.75174,51.976036440988324,5.745063315792983
429,23,50.117620900000006,45.10542338217548,4.9606136635744775
429,24,54.652966400000004,49.18720383793306,5.442206020425355
429,27,48.166117,43.34909677932215,4.768109248390293
429,29,55.46976,49.92226163880002,5.5286141531805235
429,2,67.46408459999999,60.71697896388895,6.670856934463577
429,6,57.7124545,51.94058751843033,5.746297889561569
429,7,70.5146861,63.46249027401934,6.972806099147204
429,8,68.4629489,61.616057917242834,6.7767656549991875
430,10,57.3268346,51.593576159335534,5.711628946735382
430,12,55.184426499999994,49.66551418156471,5.510518409179803
430,14,65.4952409,58.94511359186874,6.533724945487337
430,17,46.7482158,42.072996780057686,4.627666706355163
430,18,50.011479800000004,45.00990734516524,4.9508024484976545
430,21,58.6597256,52.793167089658304,5.830952885517438
430,22,69.29541809999999,62.36523631970688,6.893385819397412
430,23,67.2960959,60.565882476626136,6.660122397778069
430,24,71.05362240000001,63.94764028090533,7.059122486895073
430,27,57.8362658,52.05213447774969,5.724665120872808
430,29,68.6065603,61.74521198105316,6.833403378698316
430,2,54.1921561,48.77242930199366,5.36118070975203
430,6,52.033353299999995,46.82952618939345,5.187007179388899
430,7,55.6062752,50.045113830708274,5.500849115776384
430,8,54.706154500000004,49.23507429061866,5.415624203786293
431,10,49.2462261,44.32112123232387,4.906957825954378
431,12,68.524371,61.67134025769872,6.841042642247825
431,14,48.0154831,43.21351925892366,4.7929782286868345
431,17,57.7723267,51.994590718737086,5.718470081431927
431,18,57.0526375,51.34687570524967,5.6676524728987
431,21,46.8443531,42.1594802385721,4.658266368086927
431,22,47.7554324,42.97938812976454,4.754199917875646
431,23,54.332948599999995,48.89917894456622,5.377777383881917
431,24,55.666124800000006,50.09903759134656,5.510591535217207
431,27,51.2080615,46.08682063900776,5.069291228647399
431,29,54.002752,48.601958591113736,5.381739066821767
431,2,68.3695045,61.53186416479652,6.761549616520356
431,6,69.3274721,62.39402113755875,6.903741523262117
431,7,69.6077365,62.64624394198194,6.9057695379510005
431,8,67.6964356,60.926205446996896,6.711048247668037
432,10,67.9099769,61.11834169938639,6.768554341564698
432,12,55.401519099999994,49.860896510919225,5.533143147474533
432,14,67.7074034,60.93607587218764,6.760145096516798
432,17,48.0669234,43.25981901442336,4.758018006217255
432,18,51.2833642,46.15459148702158,5.076695827617509
432,21,56.102297199999995,50.49150381734763,5.587103878581665
432,22,69.5189837,62.56641843197493,6.912738954026192
432,23,67.7298241,60.95622167051375,6.702303435000244
432,24,68.6576374,61.79127734555327,6.796231504459541
432,27,69.999498,62.9989387384086,6.928960014118941
432,29,69.053807,62.14773022587912,6.878550443515913
432,2,52.4637875,47.216898888178655,5.196324863802524
432,6,56.511370500000005,50.859703042016996,5.631891393455351
432,7,56.2569372,50.63070890531788,5.584624591332031
432,8,53.775693700000005,48.39767222434204,5.323884783036822
433,10,51.0521441,45.94642549855154,5.087169575182431
433,12,66.92632640000001,60.23311103420484,6.681830469731601
433,14,59.306994599999996,53.375756890317106,5.917180724103572
433,17,68.7196563,61.84709936984555,6.8027722313493815
433,18,68.762233,61.88541596847554,6.806777714580627
433,21,49.7930105,44.81324984213536,4.952199104127823
433,22,57.53529710000001,51.781236453495346,5.720686625994056
433,23,55.165503199999996,49.64847091053979,5.460133517222854
433,24,52.0207106,46.818197108627615,5.149712031031693
433,27,54.5603939,49.10388908629281,5.401100188370469
433,29,53.7264321,48.353273020064485,5.3536497349808325
433,2,69.3487482,62.41316001425322,6.857618752049742
433,6,70.46462919999999,63.417466860390405,7.021266955622012
433,7,68.0534368,61.24738718714268,6.729729829180223
433,8,46.6612397,41.99471848784033,4.648452908794895
434,10,69.82211099999999,62.83921735764431,6.959275575593781
434,12,59.7574958,53.78122154945048,5.964853666030884
434,14,45.949587400000006,41.354226189325495,4.585898808595069
434,17,53.8987651,48.50842762982852,5.3550812806643275
434,18,55.6308377,50.06728020518275,5.507117914020031
434,21,69.7527104,62.776768984734574,6.935115530305989
434,22,70.0993952,63.088774392611285,6.985277979318305
434,23,64.9061686,58.414968496542734,6.423621465839243
434,24,59.0264605,53.12329410948723,5.842251436220101
434,27,68.4751761,61.62707086747264,6.803923259273686
434,29,68.4629489,61.61594816702024,6.820701583010549
434,2,54.279769300000005,48.85126676162108,5.36898986275897
434,6,57.327858,51.59453483812448,5.715604985986946
434,7,56.19312669999999,50.57328384465286,5.559334003014899
434,8,57.2471961,51.52197997637585,5.702381802165461
435,10,53.9778313,48.579530711585655,5.379892305043347
435,12,45.5140958,40.96229061310345,4.5306649463663495
435,14,66.33466059999999,59.70061656160681,6.622378283645225
435,17,70.821416,63.738655761451966,7.051057108251692
435,18,70.4008321,63.36013583794699,6.968664030464127
435,21,56.004046699999996,50.40312877144231,5.553150251593005
435,22,62.7289142,56.45535602253643,6.231541573579827
435,23,55.1953582,49.675343321699856,5.483398397932942
435,24,47.4223674,42.67972782649613,4.694589692808331
435,27,51.95255709999999,46.756856049536864,5.172795511536783
435,29,54.153749100000006,48.73785479843514,5.398736522290013
435,2,68.0125494,61.210619664354134,6.72672427949356
435,6,71.7670484,64.58960100591455,7.148671320886931
435,7,68.9704978,62.07273434822173,6.829516352687836
435,8,51.595357,46.43538254623929,5.137642785371639
436,10,70.8455194,63.76025093868228,7.0579013727536255
436,12,59.9351678,53.941128267705324,5.933358085234153
436,14,48.8768454,43.98874358189836,4.880208511155294
436,17,55.221356300000004,49.69874832576038,5.486598337838922
436,18,57.4188004,51.67643211124701,5.684213183943727
436,21,70.821416,63.7385831000404,7.004088144518397
436,22,47.797406599999995,43.01716351113843,4.724699522399173
436,23,67.3563673,60.62013069542509,6.684181414702719
436,24,56.102297199999995,50.49157637774379,5.585011812516551
436,27,69.5893595,62.629822927544375,6.929153551754789
436,29,67.333011,60.59902885177415,6.709386971736949
436,2,55.377416999999994,49.83915032631534,5.507775298673324
436,6,58.464738100000005,52.61771715171416,5.829595623865646
436,7,57.682287499999994,51.913522644017974,5.707223941730601
436,8,69.8310668,62.847355322271284,6.971785918596168
437,10,55.5144922,49.96252130860023,5.53460850879249
437,12,50.401427600000005,45.36085709278182,4.989451646200347
437,14,58.0524743,52.24671670391381,5.746111706251654
437,17,69.4095717,62.46801360968124,6.895996257129094
437,18,71.4861582,64.33691998923594,7.076176689231334
437,21,56.087359299999996,50.47810926648757,5.549039096564175
437,22,67.04262279999999,60.337704620742734,6.630619648091911
437,23,53.2410388,47.916467764926566,5.288651467348636
437,24,50.6166704,45.55457386305873,5.023394162107593
437,27,56.2448715,50.61990549113338,5.600756774260893
437,29,51.828886600000004,46.64549856414101,5.166614231161231
437,2,68.7464422,61.87109094279058,6.847841734935283
437,6,69.031254,62.127481516463355,6.883814889640799
437,7,67.7412579,60.96634735154998,6.74163318240802
437,8,54.2051155,48.78414062420614,5.397319678448324
438,10,72.01727919999999,64.8148386667516,7.1771797170239235
438,12,59.00701419999999,53.10579814299605,5.8742999292667735
438,14,47.837194100000005,43.0530672137032,4.735509847638726
438,17,56.09221720000001,50.482517592773505,5.552828205393838
438,18,58.464738100000005,52.61776708343095,5.8091559519036
438,21,71.2439701,64.11888986224687,7.0835240197330105
438,22,52.3643009,47.12738408282781,5.180392707305981
438,23,66.8222654,60.13943395552309,6.6504201263009755
438,24,70.5804924,63.52183043097119,7.027490625841532
438,27,71.1506283,64.03494911576385,7.084399834821242
438,29,57.5963572,51.836124231629796,5.736947989341124
438,2,51.76833979999999,46.5910072924059,5.138542395877523
438,6,51.374519299999996,46.2365435484809,5.117822664989073
438,7,52.101689500000006,46.89101756966287,5.193832021914137
438,8,68.1163633,61.304140967395035,6.767743020262213
439,10,54.4118742,48.970160112223546,5.423404397044017
439,12,52.8842116,47.59534136064816,5.25454220544899
439,14,57.216854399999995,51.49466601869766,5.6716766157908
439,17,70.7405323,63.66586097428434,7.002228623238255
439,18,71.1769229,64.05861385708201,7.07154286766313
439,21,53.986206800000005,48.58707848522324,5.340126718347741
439,22,60.198648600000006,54.17817453723616,5.952302205286648
439,23,52.069767199999994,46.86233346612755,5.183212135563395
439,24,54.9879655,49.48870014700366,5.475624016162057
439,27,56.564841099999995,50.90787623603116,5.632802395011402
439,29,48.0070151,43.20585161709423,4.784963281542016
439,2,57.6475089,51.88218273036413,5.721151733426662
439,6,68.16946619999999,61.35180801841511,6.78980823312493
439,7,58.103784000000005,52.292801919820924,5.788155190039426
439,8,55.39279259999999,49.853041863673056,5.5038118158827105
440,10,68.8136485,61.93154271544406,6.851300255970189
440,12,68.7918829,61.91209567337618,6.833951852136802
440,14,51.5853411,46.42636724220013,5.106606611043715
440,17,55.543965500000006,49.989094844159254,5.4984885031928945
440,18,55.3975252,49.85730001054727,5.498222946110228
440,21,68.87634969999999,61.98805135222574,6.812201371893671
440,22,49.3023956,44.371692005876696,4.876996222077181
440,23,56.001623,50.40095869351207,5.57358826522136
440,24,70.821416,63.73865657626586,7.051174839573284
440,27,72.37824950000001,65.13979102176533,7.190539729561515
440,29,57.365191800000005,51.628089433572654,5.715566106431117
440,2,46.3752475,41.73725976287794,4.610073552581226
440,6,53.76577030000001,48.388690290420655,5.360914136888316
440,7,48.1939663,43.3741049301516,4.8041870136928795
440,8,71.1235689,64.01059316286745,7.081226560430271
441,10,65.3912524,58.851491905595864,6.517958532913346
441,12,57.0895112,51.38007480466371,5.676720311222755
441,14,68.9095859,62.01802365874209,6.821006628832849
441,17,69.38351189999999,62.444557435295295,6.86812292250179
441,18,67.4062336,60.66502826157923,6.697153579278933
441,21,56.37239509999999,50.73463567339387,5.576989614936105
441,22,60.0638787,54.05690479843046,5.94041055673555
441,23,48.0020868,43.20145961183659,4.778513924323329
441,24,56.087359299999996,50.478145934275254,5.55245916748593
441,27,54.404926499999995,48.96397161693773,5.385834991731766
441,29,50.1793536,45.16092192853969,5.000299177690228
441,2,55.7262426,50.15303842226529,5.550249458629595
441,6,58.025016799999996,52.22192284967827,5.780383055867731
441,7,56.031628600000005,50.42786458092662,5.580036907198831
441,8,55.4073296,49.866124985266694,5.484997633242371
442,10,44.580575,40.12202714415308,4.43765263702106
442,12,69.6023533,62.64151492901658,6.915063969848004
442,14,54.6232606,49.1604686357286,5.407387733193832
442,17,52.185271099999994,46.966299742865424,5.166020084696682
442,18,52.07780749999999,46.86958366645357,5.174325226526763
442,21,68.2067089,61.38539667685416,6.747164149463797
442,22,51.2875135,46.158276831391134,5.07322681686143
442,23,55.381956200000005,49.84325416871431,5.510954448608142
442,24,71.22461960000001,64.10153619257044,7.050228008572414
442,27,61.45328370000001,55.307422328148625,6.082976617753007
442,29,68.99050079999999,62.090755343090436,6.8739364853769
442,2,50.08702149999999,45.07784015001587,4.992519615452277
442,6,49.6292756,44.66587277666484,4.946930143517452
442,7,48.0305351,43.22701824181992,4.787328077408841
442,8,68.9756512,62.077488438575436,6.827734119618221
443,10,58.8228412,52.9399783777312,5.862230437767032
443,12,56.0941533,50.484260468698324,5.601417870876914
443,14,69.4032262,62.462295672902236,6.869832583198193
443,17,59.4481587,53.502822212637156,5.933884346313041
443,18,57.995168,52.195144964048374,5.740477254417479
443,21,51.1339216,46.02005462766209,5.058417380579332
443,22,69.92647149999999,62.93314361660463,6.916062502769521
443,23,50.2243188,45.201449130347,4.971068649803625
443,24,55.399006500000006,49.858633433796214,5.484413336306586
443,27,49.3177046,44.3855148408667,4.882076571825862
443,29,55.9404061,50.345835185503425,5.576842009685548
443,2,68.0785967,61.27007245753907,6.785458784191592
443,6,57.979213200000004,52.1806860302616,5.774584276147309
443,7,59.0524283,53.146538545852096,5.879131188803679
443,8,55.3926754,49.85293632997952,5.483530350998466
444,10,46.6834262,42.01462897658913,4.652502760531906
444,12,68.8344965,61.95045053795993,6.872188989598776
444,14,53.981854,48.58320611041249,5.34374922651793
444,17,48.1283381,43.31509509787497,4.8057238762578045
444,18,50.333627400000005,45.29983654312366,4.982641839388729
444,21,59.3535759,53.41764587934742,5.870202113144662
444,22,55.7911054,50.21147863368209,5.519725436849203
444,23,67.211777,60.48999074088513,6.651403343924105
444,24,70.4211933,63.3784670831553,7.03177114281886
444,27,59.23316870000001,53.30933794578505,5.863217668631218
444,29,69.95963309999999,62.96296588874725,6.968533738314429
444,2,51.8863264,46.69718362479109,5.171172400926927
444,6,54.19063750000001,48.77106712421243,5.403552082575723
444,7,53.1991147,47.87869941428126,5.303561578110333
444,8,68.9105687,62.01891891737729,6.821606041442891
445,10,57.955417,52.15928375146718,5.7735388780895
445,12,55.1940712,49.67419335057277,5.511142563734559
445,14,68.42453640000001,61.58149311489297,6.773555428248224
445,17,57.341055399999995,51.60644737239948,5.721498541361239
445,18,56.675904499999994,51.0078192038162,5.618151606892246
445,21,46.578779999999995,41.92046266048242,4.613664977850697
445,22,70.8753176,63.78709695041803,7.010144967841732
445,23,64.4421601,57.99734302777066,6.376198601802964
445,24,53.1493071,47.8339212438056,5.30737628438922
445,27,52.207448199999995,46.986260068341736,5.168337913866596
445,29,55.39279259999999,49.85298310091012,5.51967412810851
445,2,69.7276469,62.754166873894484,6.946980382191498
445,6,70.4131971,63.37116449370534,7.0156108763346365
445,7,69.1554096,62.23916977172382,6.89043279332571
445,8,50.916303,45.82423759449492,5.040169482104447
446,10,50.69469049999999,45.624737084144066,5.0529170924983555
446,12,68.326862,61.49358386619553,6.822385222161588
446,14,55.4436401,49.898803122503445,5.488612946888215
446,17,48.1373252,43.323183400538966,4.8048757534129525
446,18,53.57834809999999,48.220058873195654,5.304026349311289
446,21,57.341055399999995,51.60637478444058,5.677735454075251
446,22,55.6635742,50.09669799926074,5.507474643406109
446,23,51.8671539,46.67997558046802,5.151640660034454
446,24,69.38351189999999,62.44455836459226,6.927043148870542
446,27,71.9915455,64.79176722032732,7.126411797647309
446,29,71.1235689,64.01048292349643,7.082760417941823
446,2,56.9778197,51.27950664542761,5.681109562296931
446,6,56.410177100000006,50.768625756534256,5.624064454395394
446,7,54.785521800000005,49.30644350497811,5.461090868445297
446,8,59.7578634,53.78156294878042,5.915384522776932
447,10,70.0372744,63.03285137278005,6.978815041189327
447,12,64.72456960000001,58.25154032094088,6.460229947387807
447,14,70.337121,63.30278875183415,6.962185399855054
447,17,61.2560864,55.12993757430278,6.1122287439610545
447,18,70.20438850000001,63.18334118643932,6.949423194897543
447,21,48.1373252,43.3231470304911,4.762126837718039
447,22,71.0224647,63.91951586246298,7.0241595065735005
447,23,68.986463,62.08717713518296,6.881153010710367
447,24,52.185271099999994,46.966300145709795,5.166054528895304
447,27,53.961561700000004,48.564945260587265,5.341793657230752
447,29,55.953265200000004,50.357408176886,5.576460044906277
447,2,70.4359436,63.39160855867135,7.014872493743621
447,6,69.2040218,62.28294229415942,6.897577331476356
447,7,70.7073891,63.63593755705855,7.0294302632018635
447,8,48.5757505,43.717761715636506,4.8367010230419645
448,10,53.6296063,48.26613122572919,5.345223376806288
448,12,48.8153448,43.93338636411213,4.872229771690339
448,14,52.8348414,47.55090470580584,5.249417344219762
448,17,53.29490260000001,47.96495948014415,5.320685974066753
448,18,56.410177100000006,50.76867895562446,5.584282733622565
448,21,61.2560864,55.12985443663113,6.056264270913417
448,22,57.17449489999999,51.45651726761211,5.656591931268707
448,23,66.47405950000001,59.82603539978378,6.6141262265314795
448,24,59.4481587,53.502822764840396,5.884209190506452
448,27,69.97177049999999,62.97398710610773,6.926388529624249
448,29,69.5798202,62.62112270440746,6.931744788812296
448,2,54.702711199999996,49.23191156828712,5.452287007087862
448,6,55.40345129999999,49.86257641194468,5.522984601264268
448,7,55.6267912,50.0635784620507,5.532063376055864
448,8,58.939465199999994,53.045007659240646,5.883766739958109
449,10,69.3018441,62.37097037378886,6.905060704981546
449,12,66.3954612,59.75533682945203,6.610196783516564
449,14,68.45718149999999,61.61086957557195,6.801430298629936
449,17,71.37739979999999,64.23903641546063,7.106594594778897
449,18,69.3440696,62.40906158404469,6.864249136017076
449,21,53.29490260000001,47.96492524046847,5.272812039118907
449,22,71.0154271,63.9131820567209,7.023094614397971
449,23,50.1493262,45.13394530165364,4.963008410711765
449,24,48.1283381,43.315095369818856,4.764317126397032
449,27,55.2249883,49.702020174718456,5.467009454944789
449,29,56.692025300000005,51.022290010395395,5.6524789515703775
449,2,69.8876809,62.898210960000824,6.963547917755383
449,6,71.0184828,63.91591635426074,7.075319796373292
449,7,70.0180546,63.015480537043054,6.944000342946265
449,8,54.074631,48.666695928855184,5.397792488956946
450,10,55.5240626,49.97113454585094,5.535318795262873
450,12,53.4770254,48.128868626151394,5.293906653488303
450,14,48.926936399999995,44.033824970097214,4.861068817734592
450,17,56.399469599999996,50.75904117025329,5.5832010292239564
450,18,56.2394606,50.61503557718522,5.567398689910514
450,21,71.37739979999999,64.23896434137498,7.095675801652259
450,22,56.3421321,50.70739424728848,5.573955707014972
450,23,67.3644289,60.627376132862075,6.666498038165394
450,24,57.35735629999999,51.62112165456879,5.677497351961922
450,27,70.3882946,63.34885233340787,6.967476046182906
450,29,69.89562910000001,62.90532858977771,6.961050716578245
450,2,56.1809012,50.56227879277355,5.55786718735408
450,6,68.2142916,61.39212637416864,6.791005083542332
450,7,66.6826812,60.0137196907358,6.627334377829475
450,8,49.290457700000005,44.36097739355209,4.906020867586149
451,10,71.5483307,64.39278901892395,7.129469474709113
451,12,58.9854325,53.086377521665206,5.838578479607198
451,14,56.507618199999996,50.856359578960735,5.607340689030611
451,17,70.9833721,63.88441783864817,7.026498785313241
451,18,71.11062179999999,63.99894567496503,7.039347693479127
451,21,57.82015619999999,52.03761497220646,5.765728579966196
451,22,68.8863042,61.99698978526394,6.812393774633077
451,23,54.0356001,48.63156784822589,5.348281540751795
451,24,47.5139627,42.762161940525495,4.720780722502988
451,27,55.5111426,49.95955665791747,5.527829857930438
451,29,53.18563280000001,47.86655843628751,5.301382695060013
451,2,69.88112770000001,62.892296943346054,6.910116948250155
451,6,50.8164554,45.73427963780402,5.060847847298559
451,7,49.1818071,44.26311175906149,4.898444299050312
451,8,70.5690532,63.51153652339148,6.9855238959268675
452,10,58.449248499999996,52.60378368258598,5.828445246001187
452,12,49.5726182,44.614936522521354,4.907380093774017
452,14,45.223379,40.70065523338606,4.502892208444954
452,17,56.293503199999996,50.663672321010615,5.572701281588541
452,18,58.9949364,53.0949280992038,5.880418922371487
452,21,71.6999627,64.52925317477201,7.089958751380526
452,22,54.122162900000006,48.70945086408476,5.354887376168246
452,23,66.7448198,60.06973872605053,6.605502179146835
452,24,61.3947093,55.25470164310995,6.0991174378485935
452,27,69.8877639,62.89838210178869,6.977504040639784
452,29,59.7914029,53.811658534541316,5.95774555839457
452,2,53.129873,47.81637515010515,5.255455901815933
452,6,68.8459249,61.96064698357054,6.860604614843893
452,7,67.73294899999999,60.95895218465193,6.7477640130088865
452,8,55.1985363,49.67821281334242,5.464327958211718
453,10,72.0375897,64.83306206181267,7.173227607374978
453,12,60.6274804,54.56419991967834,6.000728371588804
453,14,54.7379477,49.26367740517023,5.465007110769884
453,17,71.3808543,64.24214839435488,7.0658396902789455
453,18,56.9407544,51.24618204311437,5.684201690618778
453,21,56.293503199999996,50.66363364925235,5.569288082199958
453,22,61.280606500000005,55.15191161812154,6.058452325895494
453,23,54.9566994,49.460549288771084,5.439487021680028
453,24,51.561988299999996,46.405349085708345,5.122882978758038
453,27,53.0899737,47.78052365720343,5.286471016533147
453,29,49.298865,44.368500906031706,4.914017461962043
453,2,58.598167700000005,52.73774515263525,5.794110074193336
453,6,62.613687299999995,56.351672822647224,6.237131174278636
453,7,53.4510983,48.10548252338073,5.329550451218789
453,8,70.4100061,63.368395502842795,6.969787849153818
454,10,59.906817000000004,53.91551296965279,5.9664726426856145
454,12,51.0354759,45.93149423243693,5.052093128175911
454,14,48.2238507,43.40105281435539,4.801643195853058
454,17,56.2317596,50.60810455192246,5.566647528392296
454,18,69.16573029999999,62.24855509532137,6.90478265709302
454,21,71.4475961,64.30213979729427,7.06608088100303
454,22,50.9533476,45.85753461251928,5.040766785413612
454,23,67.8395675,61.05500223212053,6.713880845812564
454,24,69.2799636,62.3513679996001,6.858001897830182
454,27,68.25484469999999,61.42876888941482,6.815250280200069
454,29,58.939465199999994,53.04490989672746,5.871592383596745
454,2,48.1575648,43.34134510423579,4.763517167708875
454,6,52.5418797,47.2871466699994,5.2331975689405645
454,7,59.2797781,53.351151465059445,5.902549434242569
454,8,54.80885130000001,49.32749966886884,5.425754014765799
455,10,45.8703269,41.282717260679,4.560299991634006
455,12,58.951016599999996,53.0554035065823,5.835159400782695
455,14,68.6629861,61.79608938996013,6.836499411487383
455,17,70.6098555,63.54824897741254,6.9892741858200385
455,18,54.921502,49.42888329984807,5.475918761374775
455,21,56.5828625,50.92405788058292,5.598121807667753
455,22,59.928176099999995,53.934764754061426,5.970102980251856
455,23,52.8990986,47.60872632803237,5.243504856888563
455,24,57.052497599999995,51.3467620869051,5.647923303826094
455,27,51.820549699999994,46.63805401312299,5.175081099424251
455,29,51.8420168,46.65731562222165,5.167752452453631
455,2,56.868896199999995,51.181416050160166,5.640974847821682
455,6,67.1292124,60.41558853991916,6.6858329726608945
455,7,58.51332059999999,52.66131993879685,5.823237994683499
455,8,68.85831970000001,61.97187965365017,6.8154967777456825
456,10,70.103863,63.09279163769723,6.986119989477778
456,12,53.32634830000001,47.99326053359765,5.278993890117415
456,14,55.684455,50.11553356707363,5.544929400217526
456,17,64.54139789999999,58.086693607143005,6.434804312787903
456,18,67.38084260000001,60.64216784125411,6.725721668076619
456,21,69.77926679999999,62.800668975433126,6.901679944862474
456,22,53.011131,47.70952611186564,5.284822187538124
456,23,57.929546200000004,52.13606863720782,5.765180990236342
456,24,71.500304,64.3496497654505,7.077468426723758
456,27,58.822876,52.94008054607438,5.873199244874533
456,29,70.5146861,63.462493900833465,7.024531501569277
456,2,47.5901902,42.83070319173906,4.706925345499298
456,6,59.638314199999996,53.673862538591564,5.939223014301402
456,7,43.2313151,38.90770795639649,4.3039963422858705
456,8,56.35618289999999,50.72008572115174,5.611993437229315
457,10,53.425039500000004,48.08203184989987,5.325899988369081
457,12,68.41545909999999,61.57331739776352,6.772061473810294
457,14,71.21004640000001,64.08842165638599,7.067453479427942
457,17,44.2536969,39.82793742618675,4.416653660379911
457,18,60.300882099999995,54.27027090861829,6.019818804508133
457,21,53.456374600000004,48.110242330035106,5.288303354746366
457,22,62.5894191,56.32984840738077,6.234070181015772
457,23,49.2469477,44.32182500000507,4.874417276712168
457,24,56.9603194,51.26380249876707,5.638777057132539
457,27,47.5000985,42.7496851292774,4.743319783639701
457,29,56.1863772,50.567206994720394,5.599876510231555
457,2,58.194446,52.3743991169207,5.7542547538569515
457,6,44.9925945,40.492822334828745,4.461660988965436
457,7,57.9242209,52.13120893182032,5.771362343130938
457,8,67.28879429999999,60.55933412872408,6.6853734668388265
458,10,62.1865873,55.96730054074706,6.195025915225108
458,12,56.8974275,51.20720107058717,5.632621045894312
458,14,55.9924019,50.39268308190654,5.55751627386015
458,17,60.1146862,54.102694341966256,6.001847510290639
458,18,44.9925945,40.49293731693931,4.489916408249525
458,21,60.1146862,54.10262964385049,5.944902328242888
458,22,53.6731135,48.305296888775885,5.3499791738564975
458,23,56.898070000000004,51.20773624076745,5.629927217234208
458,24,72.0883151,64.87885078518762,7.135449379004518
458,27,58.3981153,52.55779066869506,5.813325735435584
458,29,70.2950926,63.26486152117345,7.00100919423397
458,2,51.4582953,46.31197412258515,5.090216496945479
458,6,56.464104299999995,50.81711492862309,5.623707891132396
458,7,59.8888242,53.89922463448662,5.958445400588123
458,8,55.6095871,50.048155954645445,5.5459463970800575
459,10,48.4487507,43.60340578830524,4.828014867386867
459,12,69.2072397,62.28591315662319,6.8605613997780805
459,14,71.795542,64.61536267789276,7.133158296379785
459,17,49.314074000000005,44.38224802642047,4.925037535128835
459,18,56.464104299999995,50.81720392741284,5.637136642409066
459,21,49.115895599999995,44.20384860037553,4.858596148391268
459,22,69.6460443,62.68078009401668,6.942253995326166
459,23,50.505730299999996,45.45471542234253,4.9988243636841165
459,24,56.5828625,50.92409462320957,5.63460101244591
459,27,57.4178352,51.675546961432204,5.702961550527335
459,29,55.3149494,49.78292496523902,5.51274096116249
459,2,69.2770344,62.34864525020167,6.851794395940107
459,6,49.4070094,44.46584300363132,4.925665013390626
459,7,47.9677344,43.17045639812223,4.7665161343294
459,8,68.1145449,61.302497562938306,6.800579756714285
460,10,59.439399800000004,53.49486664308834,5.9220742766551595
460,12,56.6696372,51.002191760063276,5.610014642936584
460,14,57.431335100000005,51.687711566722236,5.706533300732979
460,17,59.746189400000006,53.77104729160013,5.964453820406544
460,18,49.2790542,44.35073070941439,4.913440511577609
460,21,57.7252594,51.95216610158927,5.708404964618073
460,22,56.832618700000005,51.1488285113713,5.665840670986092
460,23,68.490421,61.64076913796417,6.778617603336567
460,24,69.9372827,62.94294431218552,6.982666225065188
460,27,44.456312399999995,40.01029886312917,4.438159017072865
460,29,68.1538426,61.33777000964752,6.788476935098712
460,2,52.9293977,47.63593798304007,5.234933856879972
460,6,56.6152192,50.95308519718488,5.63683536020087
460,7,69.8224696,62.83951761118021,6.941271780396957
460,8,52.101689500000006,46.891077485842274,5.203200003073556
461,10,51.60157950000001,46.440929373391896,5.143408765390276
461,12,68.41395340000001,61.57196229328841,6.772112577659974
461,14,72.71740030000001,65.445027122835,7.198304288822544
461,17,51.5132245,46.36146273581961,5.129458093658213
461,18,55.9701035,50.37260454235656,5.580215952734145
461,21,52.0463358,46.84122292632843,5.149435124118466
461,22,70.9060931,63.8147834352536,7.064374625702151
461,23,53.6668107,48.29965869775599,5.311668099450124
461,24,54.3975474,48.95732984759922,5.416905753438665
461,27,61.934506600000006,55.74051249146807,6.182436954621872
461,29,54.786225200000004,49.30707771478094,5.4595621917865325
461,2,69.154508,62.23836050653687,6.839003940930002
461,6,50.639190199999994,45.574795117495604,5.048695539183042
461,7,56.1558671,50.539742231098934,5.5848933500620905
461,8,58.1616193,52.34495021422766,5.806134890894582
462,10,71.9147698,64.72256707308077,7.16453136532173
462,12,56.4197994,50.77733996658365,5.618282569180471
462,14,55.6538019,50.08794483163684,5.5093277997690615
462,17,72.96797600000001,65.67054426372515,7.223001781043752
462,18,50.639190199999994,45.574842121376975,5.031629025495538
462,21,72.8415633,65.5566990907323,7.254314708725464
462,22,57.065537899999995,51.3584574348316,5.689865603651242
462,23,67.0623179,60.355484284155786,6.636941538770963
462,24,60.18641,54.16724818148335,5.992478801077115
462,27,52.958244300000004,47.66197021422491,5.289013858934132
462,29,68.4774077,61.6289758014052,6.820661865600543
462,2,55.414502600000006,49.87252663164354,5.4818944584895375
462,6,60.1416885,54.12690916470657,5.991775621768004
462,7,70.96112690000001,63.864283969750964,7.053131508557133
462,8,48.9267138,44.033627542374894,4.886133977357684
463,10,55.057506700000005,49.55122924362291,5.487331444480057
463,12,66.6473425,59.9820278356927,6.635535903452341
463,14,67.9611843,61.16447369913395,6.737257602490226
463,17,56.82786949999999,51.14459738951261,5.625603044647971
463,18,59.90755169999999,53.91627407015312,5.9806106996578965
463,21,57.004196500000006,51.30324800638784,5.669390987085349
463,22,71.7742303,64.59609947903621,7.151890210175277
463,23,55.0849336,49.57596060230316,5.452311503234764
463,24,48.2299487,43.4065431763641,4.791877625723545
463,27,71.0681104,63.96068379742028,7.096335976306847
463,29,55.6095871,50.04810096114101,5.543918866973393
463,2,69.7024019,62.731472332630695,6.8938744684270405
463,6,53.227556799999995,47.90429009968204,5.3058368176706034
463,7,57.6496871,51.88417605136079,5.73447366654984
463,8,54.907796600000005,49.4165406360621,5.481592030657274
464,10,67.948925,61.15340317299349,6.72306806749858
464,12,52.7925793,47.512873106525845,5.256995703433973
464,14,51.9999295,46.799492254104706,5.147648769719112
464,17,72.597698,65.33729975322261,7.18649359097901
464,18,52.79425210000001,47.51437560196042,5.271805951844102
464,21,70.97011549999999,63.87245837252175,7.022502237487456
464,22,57.5033766,51.752508488722064,5.733528636830615
464,23,67.6731249,60.905199888131314,6.697139573120574
464,24,59.1141798,53.20224767884573,5.851426646925275
464,27,57.573164899999995,51.815359740648745,5.73346590674625
464,29,68.3423656,61.50740483606682,6.8061686485247455
464,2,53.5115037,48.159834337738786,5.2929639591861815
464,6,69.23054669999999,62.30678931543587,6.897565119003277
464,7,69.51563469999999,62.56335353773708,6.911915703679152
464,8,47.8864328,43.097382742161265,4.781241066824485
465,10,45.242845100000004,40.718063754414686,4.486996635451355
465,12,59.6178963,53.655586767892004,5.934993476384627
465,14,58.1352984,52.321260950355054,5.75442580853294
465,17,55.8524637,50.266739493896765,5.528960645788596
465,18,67.4719674,60.72418823574027,6.737311947208317
465,21,51.9725734,46.77481493479235,5.1665393864075755
465,22,70.2910578,63.261256945456424,7.002826282794653
465,23,55.25255799999999,49.72681949453445,5.468903368096821
465,24,51.5132245,46.36146307518288,5.099405171626862
465,27,71.474341,64.32629012429048,7.137480782674655
465,29,62.20002890000001,55.97937401602695,6.1947695281010935
465,2,69.10233,62.191385721390645,6.833043402918995
465,6,67.5104185,60.75864680560206,6.721991976790692
465,7,55.506274899999994,49.95511484783384,5.5202129704282195
465,8,58.2366489,52.41247903837826,5.813440826711459
466,10,68.2269843,61.40365027849765,6.786984304012189
466,12,50.00712899999999,45.00599087949357,4.950295420102449
466,14,48.1334113,43.31965916029069,4.764774588212398
466,17,73.452684,66.10677012794312,7.270511896128141
466,18,57.431664000000005,51.68800929112238,5.7065580982333755
466,21,73.5861137,66.22679895474315,7.316845911046162
466,22,54.8260338,49.34291938126764,5.4655928295866945
466,23,68.1921856,61.37235558219244,6.759305534578703
466,24,72.8415633,65.55677159136155,7.21029390207975
466,27,52.1182842,46.906009075593126,5.204084587119482
466,29,43.805613900000004,39.424558944332745,4.359838050346633
466,2,52.0718162,46.864133151802235,5.150774282309227
466,6,55.6261085,50.06296039349857,5.543785838006361
466,7,69.0555655,62.149310925449186,6.880414911717747
466,8,61.4456298,55.30052275755658,6.116204799887641
467,10,49.9420528,44.94734527350409,4.975730823845777
467,12,57.811085799999994,52.02947561003629,5.722414441130262
467,14,55.71137280000001,50.13974887769187,5.544057475119593
467,17,57.848411899999995,52.06307676249231,5.726645082053517
467,18,70.478634,63.43015999131511,7.03656210429681
467,21,56.771388599999995,51.09372671564184,5.646706984927997
467,22,61.9321583,55.73831939323465,6.168932704880049
467,23,56.098422199999995,50.488091667435185,5.56130314306921
467,24,57.2171472,51.49494439525059,5.66415243463107
467,27,71.7054178,64.53425211846782,7.159427665149451
467,29,58.4412218,52.59651703006447,5.823964077538945
467,2,58.2824188,52.453573898793294,5.763411774321214
467,6,66.248051,59.622622767251954,6.6056004837287245
467,7,55.3407408,49.80613557492285,5.503701759294102
467,8,47.5140398,42.76222532225778,4.720047624755226
468,10,69.95116759999999,62.95534204720747,6.969463208441063
468,12,52.71654169999999,47.44443984719242,5.218671262221427
468,14,48.1087954,43.297506065816755,4.769492001299449
468,17,71.46756189999999,64.32018699288362,7.074591116723624
468,18,57.7576977,51.98143504187416,5.767466643581855
468,21,73.0523951,65.74645658837422,7.249483472799463
468,22,52.7514081,47.47578636239291,5.260374259124189
468,23,66.2108598,59.589173995220754,6.566822684855416
468,24,72.2454049,65.02023963496741,7.151592941689627
468,27,57.157606400000006,51.44135994780026,5.707975135841847
468,29,46.513148300000005,41.861374671792035,4.634796385925096
468,2,47.6475186,42.88230341467172,4.71286460013212
468,6,53.208638900000004,47.88719221680641,5.296680770081191
468,7,68.562793,61.70581882511835,6.780744986314496
468,8,69.0369253,62.13263689751812,6.833998391702928
469,10,54.874353600000006,49.38640206302553,5.470597529245405
469,12,68.73595710000001,61.86176284299212,6.803842627855705
469,14,58.1498642,52.334366803143084,5.764084201320531
469,17,58.38622719999999,52.547106844658146,5.779983463914733
469,18,69.9245991,62.93153753027512,6.983071814481603
469,21,56.434298299999995,50.790344192982715,5.582947534721592
469,22,63.959152200000005,57.56256014790779,6.368146011951187
469,23,51.7953758,46.615385287751984,5.126751871701933
469,24,56.0122184,50.41051780356939,5.544756175679921
469,27,70.6816267,63.61284885169797,7.0373107911418105
469,29,56.031628600000005,50.42786690613324,5.579576583379661
469,2,55.136646,49.622405468767276,5.452269027970422
469,6,70.37297769999999,63.334981329307944,7.012686005722417
469,7,51.751864000000005,46.57617161403217,5.118790981542298
469,8,53.8437328,48.458900347783334,5.330160399302157
470,10,68.618014,61.755515072645295,6.830979362251935
470,12,56.5141204,50.86222798223599,5.594698062798231
470,14,50.104800299999994,45.09389228664933,4.959966530801156
470,17,71.3348664,64.20075977002807,7.0872035159476
470,18,56.006885,50.4057186850922,5.592516447527444
470,21,71.13664349999999,64.02230527551758,7.036759942195471
470,22,62.8033116,56.52231355940642,6.252814862720025
470,23,56.2395337,50.61507173538674,5.5660579744381815
470,24,73.17015,65.8525022628114,7.243149867577729
470,27,53.8724687,48.48476494928298,5.333249897400216
470,29,47.8864328,43.09732407434628,4.772541899775219
470,2,50.4090631,45.367674197269466,4.9864632389729335
470,6,61.3905515,55.250861090438924,6.114664897865639
470,7,58.8163112,52.93408147760915,5.816624691235358
470,8,70.618438,63.555979556815494,6.99025887863351
471,10,51.820549699999994,46.63800055170805,5.1614410504313994
471,12,68.6798161,61.81123645905393,6.8118296530277975
471,14,69.3460643,62.41085373398916,6.864378575625067
471,17,53.2235852,47.900772605290406,5.288166195308353
471,18,68.2637515,61.43678481211559,6.815288381805302
471,21,53.033230499999995,47.72941263797349,5.26230484857446
471,22,49.8197591,44.837286214877885,4.962979637492568
471,23,48.695352400000004,43.82539099229623,4.836893274920981
471,24,56.771388599999995,51.09376549154007,5.620000631705431
471,27,61.193793500000005,55.07388074016208,6.10834788574071
471,29,58.774282899999996,52.89625926855337,5.855581213634873
471,2,69.8451591,62.859925521753155,6.906590343727108
471,6,53.8443242,48.45932138474231,5.360900966315768
471,7,48.4240166,43.58113760178445,4.789330080870073
471,8,56.613804099999996,50.95194251045567,5.6045732031282345
472,10,51.90725080000001,46.7160774319469,5.1810227387548045
472,12,57.19931940000001,51.47890117942617,5.662461756327776
472,14,54.853262599999994,49.367467470254596,5.43008594940873
472,17,61.78493160000001,55.605900667886544,6.138052811596608
472,18,53.6348603,48.27091687659324,5.355507500938804
472,21,61.195293500000005,55.075176218612754,6.075368341493802
472,22,71.8918586,64.70197604609825,7.165076881304643
472,23,54.542249,49.0875303277279,5.427825944253565
472,24,72.8405918,65.55589724789871,7.210189480978319
472,27,49.3469261,44.41181406630802,4.9273022711136925
472,29,51.1701753,46.052658826079266,5.099451676533851
472,2,56.548071,50.892728440752784,5.594150712995758
472,6,68.3242279,61.4910920383813,6.803885661715501
472,7,56.5416443,50.88688844558602,5.5905013373128885
472,8,69.6334546,62.66950305783622,6.918564843797953
473,10,61.3184477,55.185968255968504,6.103079225509354
473,12,69.26897319999999,62.34147273721692,6.856539092966112
473,14,69.5705263,62.612867600090944,6.8865965742482045
473,17,49.1020992,44.191469563313866,4.860608175694898
473,18,58.6862906,52.81715475296663,5.858880965157392
473,21,49.0631714,44.15639778878751,4.890517405087945
473,22,57.1051411,51.39409635229341,5.693854865516258
473,23,48.2640161,43.437192044935244,4.794125008573747
473,24,57.655133199999995,51.889128026684766,5.707539579167904
473,27,60.084108300000004,54.07517353449437,5.98172574581475
473,29,68.621742,61.75888761358078,6.838241961976121
473,2,71.3379663,64.20343914886992,7.054362755874136
473,6,54.5127311,49.06094486855389,5.434916223371398
473,7,52.2356731,47.01160556468495,5.167185641149308
473,8,54.94918009999999,49.453794401777095,5.447803034143051
474,10,51.751624799999995,46.57596388466549,5.1527125254462804
474,12,57.303750099999995,51.57288791095372,5.672818141264851
474,14,55.48068790000001,49.93214582447776,5.492290103592701
474,17,58.6763881,52.808240700193274,5.80813373711208
474,18,50.865879899999996,45.77885933352959,5.0766792587310725
474,21,59.9394356,53.944915350914364,5.973330845048703
474,22,72.1677769,64.95030014166862,7.192633618554292
474,23,55.4860522,49.93694524786624,5.536408744537872
474,24,71.3742422,64.23619523585862,7.065039584147874
474,27,53.3084005,47.977107735617906,5.308472405887035
474,29,54.785521800000005,49.306444395639524,5.442555047416499
474,2,56.8235396,51.14064331048168,5.621250828077076
474,6,59.156678299999996,53.24039448836087,5.8921334369061515
474,7,69.7099811,62.73824278859096,6.892004623572801
474,8,67.4546654,60.70861145497769,6.677002038115279
475,10,69.0203048,62.11759844878933,6.8729358357960875
475,12,69.73313370000001,62.75921607142925,6.902762560063351
475,14,70.0428627,63.03795881068799,6.932973062831402
475,17,52.2749393,47.04699940822549,5.174811547257044
475,18,57.5009012,51.7503007323713,5.738097651104823
475,21,52.8963587,47.60623335623677,5.273152241975336
475,22,57.0828985,51.37407405195319,5.691055103877569
475,23,51.4219874,46.27934079794963,5.133354265630629
475,24,55.1773578,49.65915241012188,5.4622490326174375
475,27,71.8709853,64.68326136665685,7.159565392663484
475,29,70.618438,63.55586851978198,6.983452064273981
475,2,71.3180831,64.18556017372379,7.090004675888602
475,6,51.652877600000004,46.487097169259435,5.149182763434375
475,7,58.3404985,52.505903609133924,5.772078803208761
475,8,53.9069134,48.515764184613076,5.336532835132907
476,10,56.8258732,51.142752806200704,5.661386181017222
476,12,56.22573680000001,50.60268435738933,5.565993502849826
476,14,54.9492565,49.45386219274908,5.459726154333631
476,17,72.147319,64.93196002490211,7.141723124347692
476,18,53.90598490000001,48.51492928832956,5.383395434096411
476,21,70.9294289,63.83583310047055,7.0725623347241795
476,22,72.2558026,65.02953218368349,7.20202397592688
476,23,66.7907594,60.111084383396964,6.664804795266051
476,24,61.2453296,55.12026110173287,6.0621733227957675
476,27,57.91904960000001,52.126652162155416,5.734078986775868
476,29,56.613804099999996,50.9518871911764,5.619772099505872
476,2,57.4238275,51.68090214260423,5.71146896598304
476,6,56.5201235,50.8675318415731,5.630304161396075
476,7,69.4549663,62.50875164206539,6.868559926726415
476,8,58.602809,52.742019771887605,5.800792646513333
477,10,71.4534776,64.30738976849301,7.1100665274843
477,12,67.4070017,60.665717294772605,6.672399036225688
477,14,68.2691312,61.4416233697303,6.797263889385081
477,17,57.354050199999996,51.61815642970182,5.677771254452562
477,18,70.3781364,63.339715312335024,7.027025569487077
477,21,50.3661183,45.32901218044284,5.017097340319117
477,22,57.344528100000005,51.609546203606136,5.717558046738423
477,23,62.482363,56.233542553136665,6.182428369945193
477,24,50.5887304,45.52942725715693,5.007933638010649
477,27,72.16671,64.94941089330828,7.143660187095094
477,29,69.6334546,62.66939249838281,6.914068990279588
477,2,71.7680253,64.59048932059537,7.1335525481816795
477,6,52.8970642,47.60684899838991,5.233876654026613
477,7,55.0818468,49.5731274578082,5.448417488354103
477,8,49.4830806,44.53435359677061,4.9338473578024225
478,10,57.1010215,51.39038345746187,5.649663710354593
478,12,52.1429793,46.92823677033414,5.161672543349403
478,14,51.3952697,46.255303727647345,5.117700302779733
478,17,72.6322861,65.36840622363971,7.188665256306478
478,18,59.17702070000001,53.258815366351286,5.909752867971561
478,21,72.3673268,65.12990153049086,7.211821573744887
478,22,71.8051095,64.6238748704809,7.152241021958163
478,23,47.9431213,43.14836651056513,4.74374068711054
478,24,58.239762299999995,52.415276406644765,5.764569863437191
478,27,58.3997218,52.5592530203971,5.790302360643772
478,29,60.6707146,54.60310355435166,6.025815165305046
478,2,56.94967749999999,51.25416115506382,5.633319346564402
478,6,69.0288734,62.12529805444843,6.828118596880272
478,7,69.79281929999999,62.81281644852645,6.9024343474465955
478,8,59.773949699999996,53.79603369135364,5.967215954126751
479,10,71.2170893,64.0946595011139,7.043112505443333
479,12,60.4901719,54.440630024815675,5.987555224872576
479,14,59.6696462,53.70216564879716,5.941224230843173
479,17,59.4535833,53.50771978403151,5.920755926053332
479,18,72.9811241,65.68237666874457,7.28599285166972
479,21,56.8531304,51.167293498566906,5.643501211545306
479,22,57.3874491,51.64817107740406,5.720477547157263
479,23,67.153133,60.43721709575501,6.645943096830803
479,24,51.6989897,46.52865015631198,5.117808773768632
479,27,72.3518968,65.11607755216029,7.20363516086227
479,29,45.1404667,40.625929823328015,4.489732185968696
479,2,68.9075594,62.016130793127836,6.815825516799183
479,6,59.156213,53.24003391830642,5.861544505399978
479,7,58.6910331,52.82137810670625,5.806667483940067
479,8,51.0444421,45.939562952012686,5.096666625712359
480,10,57.4381381,51.693785466552235,5.682630479252214
480,12,51.410150200000004,46.268697876341385,5.089189426748959
480,14,45.1514908,40.63595402697979,4.4857379981962815
480,17,72.4649161,65.21779483124644,7.215251662481318
480,18,58.9513532,53.055715698337266,5.88697905749865
480,21,72.4649161,65.21773023231106,7.167671255766692
480,22,69.6535023,62.68748432237272,6.942341623239592
480,23,55.3339657,49.80008735025757,5.476981356514907
480,24,70.5177502,63.46536528127834,6.980533036160398
480,27,58.231641999999994,52.40798263281772,5.76528289588836
480,29,58.602809,52.74192221017637,5.837980394972467
480,2,52.406510100000006,47.16535477810589,5.183903934942511
480,6,71.4852698,64.33605411291647,7.071383100162474
480,7,70.5266537,63.47327667917318,6.984428946134608
480,8,69.3131067,62.38119982504054,6.920957483963285
481,10,70.3324674,63.298521476977356,6.95609133674894
481,12,58.3496706,52.514194407231564,5.775430653308996
481,14,56.6183404,50.95601443079993,5.604378433500512
481,17,57.6699336,51.902448852884845,5.742842202446445
481,18,70.5173023,63.46495825680953,7.039796071532611
481,21,56.756102500000004,51.07996903514568,5.615050750576484
481,22,54.1490845,48.73366671074744,5.3981288876226206
481,23,67.3734084,60.63545768261397,6.6771120518531
481,24,57.532577100000005,51.778829507563124,5.695526771262518
481,27,72.0212403,64.81848941025353,7.129225264899278
481,29,49.3441173,44.40922758401036,4.918523033491183
481,2,59.7315127,53.757730856301684,5.905518389563523
481,6,58.9513532,53.05566171373395,5.831992923816179
481,7,56.95329099999999,51.257416442793875,5.63406822645258
481,8,56.1403922,50.5258751415559,5.606072201434067
482,10,53.8724687,48.48471745544238,5.330141597337031
482,12,54.5760818,49.11801068478851,5.402784157737573
482,14,52.627263899999996,47.364088790990046,5.209760525153699
482,17,72.3421738,65.1073153634144,7.2015359736000475
482,18,58.8290064,52.9456054172817,5.845390935159793
482,21,72.2382152,65.01369018211048,7.144353383144509
482,22,62.377235600000006,56.13890694988439,6.21642883509282
482,23,55.137833,49.623567990114495,5.458228531124175
482,24,72.3673268,65.12996594357247,7.1897806151056285
482,27,57.281423200000006,51.552793884284725,5.670704205625267
482,29,57.569198099999994,51.811681297592266,5.734811449010264
482,2,49.6375919,44.673360760836225,4.910504446514645
482,6,70.50639029999999,63.45501823869498,6.972023427640912
482,7,69.1984442,62.27788470181525,6.877724977849472
482,8,71.1969237,64.07660829600461,7.107798039254787
483,10,61.2894631,55.15986352728066,6.070126301752948
483,12,69.3150045,62.38290050950018,6.861095792290483
483,14,72.2369137,65.01258581606493,7.150155087181484
483,17,58.5692977,52.71186959797414,5.819588874598289
483,18,69.42277999999999,62.47990034753122,6.897182494647496
483,21,58.4847135,52.63571037540535,5.78678410869966
483,22,51.195558,46.075526060632775,5.103795381465762
483,23,66.4255479,59.78239678380671,6.57406676366849
483,24,56.8531304,51.16733241278171,5.628131475590778
483,27,70.8701631,63.782529838685484,7.015236324523904
483,29,52.515055700000005,47.263049363261295,5.23563131163414
483,2,59.7055974,53.73440814080351,5.93331484600758
483,6,59.051576,53.1458656477874,5.8431964067584135
483,7,53.4940748,48.14415204598614,5.3196159143370565
483,8,56.1422261,50.5275246618238,5.605994103085775
484,10,50.071595099999996,45.063956100823475,4.962683221939741
484,12,57.6637188,51.8968566407513,5.708445219928413
484,14,57.9698705,52.17238784483285,5.772624973308257
484,17,71.7807422,64.60203709315184,7.146176908228051
484,18,56.9398997,51.24542379636544,5.657471072142446
484,21,71.9046412,64.71344334131471,7.130539418179853
484,22,63.796904600000005,57.416559434154564,6.353395967955959
484,23,52.7408462,47.46630049068901,5.2201248885401625
484,24,72.4649161,65.21779539866306,7.173211445918688
484,27,53.3091901,47.9778174293358,5.277339575438019
484,29,68.7783496,61.899864173028305,6.858395364891963
484,2,53.5636852,48.206806942644356,5.298883084124425
484,6,69.1837592,62.264705211000134,6.844082577826575
484,7,58.876940600000005,52.98863571073325,5.851425816772006
484,8,67.7691205,60.991621408834675,6.765786831007034
485,10,59.1754487,53.257312167078325,5.86303316066757
485,12,70.9886309,63.88914623086844,7.04863424516769
485,14,72.7449624,65.46982975942745,7.263149561626584
485,17,54.947380300000006,49.452175193108914,5.487302719540963
485,18,68.4463676,61.601134712467086,6.799957998926563
485,21,54.947380300000006,49.45214110699176,5.45406921789012
485,22,54.859001500000005,49.372593682029226,5.470067177421393
485,23,56.9316442,51.237965177620644,5.633948428090337
485,24,55.3470098,49.811834592411984,5.478843018521379
485,27,61.0068787,54.90566168093794,6.038888639535748
485,29,50.7843339,45.705373977432444,5.058721720039457
485,2,70.9225884,63.82958378961567,7.034533458859762
485,6,57.6033843,51.84250131071024,5.698543355230215
485,7,49.7626637,44.78591876257361,4.9459547617879585
485,8,57.2265077,51.503371342629784,5.715013840418035
486,10,52.7671239,47.489908669573296,5.219890319052771
486,12,58.4231713,52.58035811532895,5.783715369006365
486,14,59.138218499999994,53.22389103992834,5.906323071084835
486,17,61.681081000000006,55.5124361759217,6.158359005751196
486,18,66.4435734,59.79862852457592,6.600150028151371
486,21,61.681081000000006,55.512372010230706,6.131437810053924
486,22,72.2023744,64.9814099156412,7.192884389750123
486,23,49.4840071,44.53517497569627,4.897780600117607
486,24,71.17460559999999,64.05653148207048,7.0457507261045365
486,27,50.331316400000006,45.297758429743055,5.011811602723667
486,29,71.1464295,64.03107243429585,7.082244507157573
486,2,57.21985670000001,51.497330432956254,5.704698999636592
486,6,68.4242303,61.581110320729834,6.767024235564386
486,7,58.608475299999995,52.747019233492466,5.824497879466734
486,8,69.0555655,62.14941079050223,6.8843053329678545
487,10,71.8709853,64.68316020517668,7.10724932495949
487,12,70.0037525,63.00276778434545,6.929320946019536
487,14,72.6549739,65.3888545243646,7.256253459378943
487,17,48.6200037,43.757588980480115,4.855278206827359
487,18,49.2840038,44.35517946596154,4.920557017806862
487,21,48.6548971,43.788950104392526,4.81307672094412
487,22,59.1678927,53.2505586654261,5.900357561232341
487,23,57.29827469999999,51.5679298821767,5.7167161850168275
487,24,55.2875195,49.75829393262246,5.5051636898789775
487,27,61.2432519,55.11838917084986,6.112275738303094
487,29,56.71348939999999,51.041603404713804,5.6484019968525665
487,2,70.023853,63.0207306496643,6.974772650583654
487,6,54.6419585,49.177243933427185,5.430801281611477
487,7,52.6278346,47.36454334336701,5.233516969028687
487,8,55.3407408,49.80619570936702,5.499433015869627
488,10,57.91904960000001,52.12660168809352,5.730465140356766
488,12,57.8347228,52.05075877143522,5.725423175789249
488,14,52.7664326,47.489332918991266,5.268362586788402
488,17,60.087698,54.078405193199224,5.999147955976897
488,18,59.02963810000001,53.126162259369174,5.893476358300448
488,21,59.210983999999996,53.28932172170811,5.856624277880501
488,22,71.8858264,64.69653500493503,7.162946861362642
488,23,53.031816,47.72817266632953,5.293397968173552
488,24,70.4161882,63.37395792907347,6.970372233434144
488,27,52.1751824,46.95721935598247,5.195167482285917
488,29,69.51563469999999,62.56335632675978,6.925788445406586
488,2,69.2954177,62.365145147469555,6.902010409042033
488,6,58.5707777,52.71311379702176,5.822542059726335
488,7,70.0756945,63.06741777907122,6.9661741251400935
488,8,68.562793,61.7059197468021,6.8186185480399555
489,10,72.16671,64.9493107003653,7.173824201548255
489,12,69.3971724,62.45685107217505,6.909296575952648
489,14,71.7544604,64.57838648993301,7.16419957684707
489,17,52.5832525,47.3244786935726,5.224571489059824
489,18,50.412125100000004,45.37048393113383,5.03439605449306
489,21,49.5451374,44.59014911532035,4.900380904250317
489,22,59.870232599999994,53.882661724068896,5.970493169236252
489,23,68.90504870000001,62.01390498303356,6.873752386928393
489,24,67.0522254,60.346413412962164,6.636797842331687
489,27,71.8643658,64.67731585714725,7.1408525690441556
489,29,55.506274899999994,49.95511637348325,5.533777513877515
489,2,47.1639611,42.447043891989026,4.694782879973185
489,6,50.412125100000004,45.37043058441164,5.024706137426087
489,7,56.357860800000005,50.72153438741351,5.575130517172854
489,8,52.349976,47.11453399306961,5.202215058902332
490,10,58.3997218,52.55920312114727,5.823360880538728
490,12,58.2170808,52.394878551376976,5.813974707596775
490,14,55.1198038,49.60735129175744,5.504393816616197
490,17,73.1355188,65.82133133926216,7.239578673048068
490,18,57.9728978,52.175105087737876,5.787890085884904
490,21,71.1662037,64.04893940910105,7.042029676410245
490,22,72.0848897,64.8757023722728,7.184313544815672
490,23,57.5174726,51.76522337818998,5.742038589601946
490,24,46.4739888,41.82618715713877,4.626598641161913
490,27,52.0076883,46.806472008328655,5.149019303361803
490,29,68.1838488,61.364818571726246,6.799030676496953
490,2,71.1274964,64.01405561236908,7.073356038535739
490,6,57.7361587,51.961921080734555,5.74833775581757
490,7,70.3133371,63.281278144936586,6.962445027127458
490,8,59.431009599999996,53.48738689923982,5.931524990837804
491,10,72.4940967,65.24397031135175,7.224780626291741
491,12,67.8540498,61.068054105915245,6.774524235680927
491,14,67.1042801,60.393278869326,6.702587027390995
491,17,57.2118359,51.4901638438057,5.663618134943194
491,18,52.2320291,47.00837974409625,5.215758128268616
491,21,47.0943394,42.38441846572545,4.655530621012293
491,22,57.4787367,51.73032917428449,5.731118059396974
491,23,67.8231428,61.040224852724705,6.768453664633755
491,24,61.681081000000006,55.512436860609654,6.157506849547264
491,27,73.0963924,65.78612000155537,7.262330267826297
491,29,46.390178500000005,41.750644841978605,4.617979424311372
491,2,58.2054475,52.38434854742668,5.7583313061822015
491,6,60.8668348,54.77947811607247,6.045667110407272
491,7,58.526399399999995,52.67320513440047,5.7906441934685615
491,8,49.3208843,44.38837834961133,4.925712417930396
492,10,57.2049718,51.48393421889328,5.70353036068203
492,12,53.0664315,47.75933593823038,5.298642650426398
492,14,45.4493829,40.90404897854352,4.5245277573994995
492,17,73.3274588,65.99407568564895,7.258576369775724
492,18,68.56343609999999,61.7065006679436,6.845904922083914
492,21,71.332343,64.19846335605153,7.058687996845216
492,22,72.1932183,64.97318504410826,7.193002875996484
492,23,57.21407790000001,51.492172150478375,5.663195306675183
492,24,48.6548971,43.7889920749576,4.844630778518445
492,27,58.880936299999995,52.992341039807094,5.829028827968983
492,29,67.5437297,60.78869558677123,6.725319843731366
492,2,71.4088208,64.26725970027603,7.064499666167314
492,6,47.9353709,43.14132839623465,4.773126423306002
492,7,71.14115389999999,64.02632154356988,7.038529698304355
492,8,58.2902833,52.46073819438246,5.817471031964733
493,10,72.0194059,64.81675267202694,7.177347423825976
493,12,60.3175188,54.28524380776393,5.99218402997391
493,14,61.2343723,55.110400797690495,6.061827434590032
493,17,57.443329899999995,51.69850645303594,5.68656145073667
493,18,68.7610098,61.88430152412734,6.862706189310976
493,21,47.442648999999996,42.69789505530405,4.72378786902929
493,22,58.3226277,52.489827439652224,5.815816319871658
493,23,69.48619000000001,62.5369428804212,6.8767357204905695
493,24,58.542246,52.687512316146474,5.828405383159837
493,27,73.8360763,66.45182905736262,7.309012211584264
493,29,51.751864000000005,46.57617333687298,5.140572799122593
493,2,52.49484399999999,47.244828356683406,5.192025640327135
493,6,68.56343609999999,61.70642067865417,6.833622252581534
493,7,57.7429776,51.968128224250826,5.756169536835989
493,8,51.2179815,46.09574789431924,5.114890532549458
494,10,56.299869300000005,50.66934972270085,5.612311167511693
494,12,58.9445432,53.04957093266369,5.834075098414557
494,14,47.894322900000006,43.10448165877593,4.741100326909263
494,17,73.0655114,65.75832224828244,7.258498045739521
494,18,52.8291195,47.54575119720902,5.274396411837357
494,21,72.1032546,64.89225496979998,7.18845821077039
494,22,70.09582049999999,63.08555721791005,6.985765776667627
494,23,56.2542811,50.62835978859687,5.567881370508684
494,24,53.1743345,47.85644868843431,5.263959624273389
494,27,58.2131792,52.39136539265555,5.762806938390444
494,29,58.7878429,52.90845048281221,5.836688828981139
494,2,70.9967738,63.89638461671302,7.058230289758046
494,6,58.8035784,52.92267051846929,5.863695753215266
494,7,71.5922108,64.43225444451576,7.131767853054824
494,8,68.94287460000001,62.04799567160589,6.884405353363337
495,10,70.8701631,63.78242997048428,7.059704245053885
495,12,47.7774796,42.99932076666891,4.769353888707889
495,14,58.315815199999996,52.483711748408375,5.819184511040165
495,17,59.00682080000001,53.10563587069997,5.892712077220732
495,18,71.1746405,64.05655698788146,7.1064006800981
495,21,56.5637206,50.906819179356106,5.63097909776822
495,22,53.490499899999996,48.14095037512709,5.332373737232148
495,23,68.0186823,61.21621215896432,6.771018856410191
495,24,72.8436453,65.55864146094711,7.21022789540033
495,27,72.6189103,65.35638725555127,7.188315090359293
495,29,49.3208843,44.38832628386444,4.900088247490321
495,2,54.237728399999995,48.81347939032743,5.398807854803043
495,6,71.4873327,64.33789126322107,7.124290327626431
495,7,60.1510071,54.1353425079285,5.983494642829849
495,8,55.731480899999994,50.157858495302975,5.565934324296937
496,10,53.3091901,47.97776399055015,5.301697982732535
496,12,61.4984483,55.34806381328821,6.1388084776035035
496,14,52.075925,46.867890292106885,5.201173188963227
496,17,74.0192202,66.61665522974546,7.391212397403371
496,18,70.5218893,63.46907792222592,7.039493223241691
496,21,72.3351568,65.10094833260887,7.17910909981561
496,22,63.3717766,57.033947787839196,6.308975225883565
496,23,56.1069295,50.49574672350493,5.600418627865987
496,24,58.246757599999995,52.421584891659336,5.766099463043222
496,27,60.24960539999999,54.22413306802448,5.964562891413204
496,29,54.6512012,49.18558451186731,5.45185894433614
496,2,59.7686231,53.791145675050316,5.940451035636204
496,6,58.944014,53.04905715004247,5.877044890050862
496,7,70.7834235,63.70433268664485,7.034107211237876
496,8,69.1346983,62.22062319259424,6.901777142287878
497,10,61.332324699999994,55.198456483405366,6.064610604339584
497,12,55.006596699999996,49.50546975196166,5.493700641163522
497,14,71.55868939999999,64.40219427582437,7.144640291967502
497,17,58.037156499999995,52.23294542340276,5.796352247176042
497,18,50.455522200000004,45.40952889927195,5.036260531398796
497,21,61.4313351,55.28764982438465,6.127016983166942
497,22,52.3200646,47.08757225815586,5.214094468447214
497,23,69.0572349,62.150892424820675,6.834545633622529
497,24,72.0670414,64.85971601407526,7.134077885368456
497,27,71.8499305,64.66431228366612,7.172625398587602
497,29,69.9233883,62.930285870686156,6.962499246889519
497,2,54.402802900000005,48.96200570224986,5.382856757473271
497,6,70.16723660000001,63.14978418677144,6.989295206700779
497,7,55.751037000000004,50.17540306586986,5.534155627817152
497,8,68.0370973,61.23278687122143,6.7904318735516505
498,10,50.478475,45.4301523432691,4.994048949632115
498,12,70.2342673,63.210220809737166,7.009894492292635
498,14,58.7750339,52.897029861765006,5.870477420402681
498,17,73.6404409,66.27575402052342,7.352735273548182
498,18,69.7203195,62.74769265631676,6.963973421337916
498,21,73.8047828,66.42352862455158,7.34722949015494
498,22,62.32375,56.090747522707936,6.162882844541094
498,23,52.8186877,47.53635530580878,5.227716602488282
498,24,59.2196814,53.297209655071825,5.862566656059841
498,27,54.0824219,48.67371854188833,5.400926134991894
498,29,58.3404985,52.50590525953787,5.818254683803272
498,2,71.1396126,64.0249806090086,7.038331358813301
498,6,60.3889881,54.349532587825934,6.022963666206012
498,7,60.682438000000005,54.61355163332863,5.999480362495568
498,8,50.245527599999996,45.220540939980154,5.01555733819831
499,10,60.8216388,54.73885786831702,6.023828371164996
499,12,58.3580848,52.5217809376072,5.82805657837661
499,14,74.641628,67.17680272699977,7.4508991385324075
499,17,55.256508800000006,49.7303864336069,5.5184716075599685
499,18,53.9664511,48.569341679053274,5.379961737959221
499,21,59.0361404,53.13201142945955,5.883156930363539
499,22,56.707219499999994,51.035976669563745,5.6105872795754275
499,23,59.411925499999995,53.47020157812279,5.913222595026239
499,24,73.5032059,66.1522405115035,7.3179020434592665
499,27,61.9365027,55.742317770778335,6.184400134199644
499,29,69.1346983,62.220497477373804,6.885978928480086
499,2,52.823000799999996,47.54015767478484,5.261510922858158
499,6,70.3860454,63.3467102181854,7.0111182959082115
499,7,52.1007077,46.89013786977674,5.153822211022576
499,8,70.2445356,63.219470849041855,7.01250266421098
500,10,51.358629300000004,46.22226594970102,5.11793992478275
500,12,68.98057279999999,62.08191795268163,6.886855532409319
500,14,59.11284260000001,53.20105294291571,5.903020215362153
500,17,61.947940300000006,55.75260724891844,6.1850241343571595
500,18,70.3515716,63.31580181476892,6.963792415399863
500,21,44.3995877,39.95919328094423,4.423041633900324
500,22,73.0006384,65.69983941344476,7.218560982460554
500,23,49.7902088,44.810754013890595,4.956559024833233
500,24,56.5637206,50.90686393704363,5.632282245921839
500,27,54.5668653,49.10970527503466,5.447318354447834
500,29,69.7779599,62.79936409700477,6.91719168781938
500,2,73.6158586,66.25358137014099,7.34049382335393
500,6,60.5527022,54.49687335510046,5.992260826432062
500,7,62.3182257,56.085727431008,6.19101689000345
500,8,56.8463822,51.16125908959238,5.676355826988178
501,10,64.4294144,57.98590239966076,6.377218573044861
501,12,56.1444005,50.529482471448325,5.590765748591632
501,14,72.9717098,65.6739062363065,7.266052192866058
501,17,50.2746688,45.24677425542654,5.020840463265312
501,18,59.342651599999996,53.40788162855665,5.874704264542991
501,21,60.405986,54.36472687872449,6.010670780910924
501,22,59.2897199,53.36020523050488,5.910152715859109
501,23,57.643797799999994,51.878885363820615,5.750197017621803
501,24,72.545233,65.29008246421222,7.218947929780715
501,27,44.928219000000006,40.43499517899666,4.482740873270726
501,29,48.039266600000005,43.23482384532186,4.748937298560624
501,2,54.756700300000006,49.280480412563854,5.456180334247776
501,6,68.33796559999999,61.50350756255325,6.76321922244392
501,7,59.161561500000005,53.24485651068397,5.8537136053815155
501,8,67.705912,60.934705931990656,6.755282712718723
502,10,72.9124817,65.62037347497524,7.25341108811633
502,12,70.7633161,63.68637149548732,7.045688627690633
502,14,58.500765099999995,52.65018938846213,5.8255954148975695
502,17,59.41064900000001,53.469059835305956,5.930248857486009
502,18,69.25846759999999,62.33201762751875,6.855584625870613
502,21,55.3408892,49.806300740358644,5.495430823102208
502,22,73.4077056,66.06621310718249,7.313593696400566
502,23,52.6168623,47.35471783099245,5.238147946883279
502,24,58.280568499999994,52.452014497416585,5.8035729688062805
502,27,61.5127264,55.360917613370205,6.140998547474739
502,29,69.13909459999999,62.22449951765836,6.83820538456941
502,2,71.6029274,64.44190317578395,7.134137449239271
502,6,50.7058797,45.63479019949973,5.043161997977724
502,7,76.2221819,68.59910379038953,7.533370337195284
502,8,70.3677043,63.33031311236604,7.024045540321578
503,10,60.0922089,54.08241796250117,5.991215717230809
503,12,56.7349773,51.06099642617752,5.6164593027104495
503,14,74.1111465,66.69938342162743,7.3360386100449375
503,17,55.169909100000005,49.65244993026674,5.5104249617910455
503,18,55.4015139,49.860891706912085,5.516926622422681
503,21,71.31447159999999,64.18236821200641,7.110799485106586
503,22,59.9652105,53.96814095914921,5.977634138599148
503,23,69.5930796,62.63314828695708,6.926851925823155
503,24,73.3211976,65.98844137543081,7.257983250161815
503,27,55.97423620000001,50.3763377147201,5.590649313513965
503,29,57.8936669,52.103752470610864,5.727396237073748
503,2,56.252597800000004,50.62679028961752,5.607028348676626
503,6,60.423291,54.38033499431443,6.018330551087335
503,7,65.7623323,59.18552830840173,6.5093142281910215
503,8,68.6810037,61.81229709297273,6.855520299567775
504,10,70.34867320000001,63.313118456853665,6.995166519613381
504,12,70.7761742,63.697940667728794,7.005842601887019
504,14,58.158661499999994,52.342299011198165,5.757463066944795
504,17,72.10136200000001,64.89059227138064,7.1981833559484425
504,18,60.573836,54.51592050855387,6.046278367755362
504,21,52.8900936,47.600575477588464,5.269910865183001
504,22,73.22699030000001,65.90355524370379,7.291826723969166
504,23,56.511766200000004,50.86009612470534,5.6136899505576325
504,24,55.7468151,50.17165988341403,5.518695160194968
504,27,73.0673623,65.75998188203606,7.293816669383
504,29,70.3225693,63.28958918691177,6.953825261893456
504,2,71.4144326,64.27229605870096,7.119026304828069
504,6,51.437913099999996,46.2936307256692,5.115408485929738
504,7,63.85416779999999,57.46816501901656,6.353261056823236
504,8,49.6060956,44.645055379516315,4.951859882878809
505,10,59.264134199999994,53.33716223335904,5.881444802122996
505,12,58.806807299999996,52.92562728405183,5.856210015219438
505,14,69.8237621,62.840774367005515,6.911486953282837
505,17,59.0688015,53.16141878646595,5.899081048838292
505,18,52.508020099999996,47.256773640085775,5.228939512493136
505,21,72.5092847,65.25761809949442,7.220774040263286
505,22,59.8413651,53.856677949913234,5.964719189662105
505,23,70.5289009,63.475379336263124,7.010644573368335
505,24,63.027683999999994,56.72435558909773,6.238040032406314
505,27,63.1726649,56.854854976137155,6.308351075358102
505,29,57.236058899999996,51.51190636771743,5.661995102164554
505,2,58.897868499999994,53.007526626826106,5.872981574470793
505,6,57.729143699999995,51.95563921758585,5.737747490233356
505,7,72.10376029999999,64.89256177866842,7.176056706894883
505,8,69.0561517,62.14993829936173,6.861300331025929
506,10,71.9096656,64.71803146841269,7.1170936540982686
506,12,68.3473204,61.51199625014119,6.824427729281662
506,14,51.9216872,46.729074854313104,5.139854141086864
506,17,72.5092847,65.25771373550577,7.218158127582974
506,18,58.0914952,52.281835059463845,5.7827261603174005
506,21,60.9705358,54.87293200847522,6.072878865054669
506,22,73.7987946,66.4181890997251,7.310400445774234
506,23,56.3340382,50.70014245622614,5.59631724726089
506,24,51.1298842,46.01646253981986,5.0616218143963385
506,27,48.4678232,43.62059119727043,4.821933458655436
506,29,69.0561517,62.14983948031292,6.829422567717742
506,2,70.57570079999999,63.51740808379749,7.0316246297448375
506,6,60.8653988,54.77815093190622,6.014674275640561
506,7,61.3793754,55.24086339753121,6.105807145125811
506,8,53.9613754,48.564780316526154,5.3616764395187015
507,10,55.130082,49.616534489784115,5.49388671752996
507,12,53.3637602,48.02692921426834,5.329064764048663
507,14,59.5538808,53.59797304550022,5.929146719055942
507,17,60.9705358,54.87296390648488,6.036084889334679
507,18,54.2177666,48.79552925488929,5.367331995233987
507,21,72.8425349,65.55755942131306,7.256393546340982
507,22,61.5995646,55.43907551981014,6.1135036637943365
507,23,68.96038920000001,62.06372668230979,6.824637874769099
507,24,60.0307915,54.027183542216065,5.97588079652654
507,27,64.0888512,57.679425499358395,6.374176088447713
507,29,56.3261491,50.69303194114162,5.5824317176096825
507,2,54.3608172,48.92421504504804,5.419391270724027
507,6,47.037802,42.33351014134599,4.68273409446738
507,7,71.574528,64.41635434414434,7.078615681810187
507,8,59.6323167,53.66855649814889,5.923094157009085
508,10,71.92516049999999,64.73190071330276,7.164741350278751
508,12,64.3586549,57.92222512886771,6.424570330497284
508,14,49.683913600000004,44.71509986072521,4.961929651866601
508,17,72.8665004,65.57920458446903,7.212251396246938
508,18,70.3323815,63.2985337872339,6.96211026723308
508,21,57.828786099999995,52.04537176303299,5.76571767451217
508,22,66.3755356,59.73730507749137,6.610239448695558
508,23,58.0312143,52.227587864738226,5.744005378956441
508,24,54.899487300000004,49.40907227985542,5.482514284286917
508,27,72.0762699,64.8680157235944,7.176212796085027
508,29,52.136173,46.92209467956672,5.159772435463669
508,2,61.408407499999996,55.26692304090245,6.11666337652048
508,6,68.941266,62.04650207638237,6.876053878556153
508,7,55.9840024,50.3850650325397,5.538032264891907
508,8,50.3795453,45.341164736131866,5.005771405861906
509,10,55.231815100000006,49.708110175938415,5.5065023583773165
509,12,59.1163276,53.20418448539395,5.902550094118632
509,14,60.04553849999999,54.040447844963445,5.992726796440207
509,17,58.8201164,52.93760245357218,5.822949561595485
509,18,57.818455199999995,52.03611712257839,5.7237310194744495
509,21,71.9584017,64.76187230439822,7.162321136233668
509,22,55.183736100000004,49.66485200286331,5.501767520849465
509,23,69.7183051,62.74584989446979,6.899883943231441
509,24,72.291409,65.06163772069114,7.21795332668617
509,27,57.406487500000004,51.66534891038599,5.716422537384304
509,29,69.91823839999999,62.925675294752615,6.912688268624315
509,2,57.7534649,51.97750615130735,5.751611578967819
509,6,50.786850400000006,45.70763540985323,5.058100699246049
509,7,61.5761988,55.41792911084033,6.107507925396543
509,8,59.0695947,53.16211165580809,5.886413927945752
510,10,61.886928100000006,55.69760989405354,6.165956086860363
510,12,56.93958690000001,51.24514429000935,5.686875151400874
510,14,52.443875299999995,47.199039791091664,5.23667060352423
510,17,72.21149700000001,64.98973064181043,7.148992149703951
510,18,70.8767952,63.78850142887275,7.016003547390038
510,21,60.5956603,54.53554450540638,6.016877037512085
510,22,67.70572030000001,60.93448757343708,6.7462546730915545
510,23,57.4434015,51.69855977011428,5.685699415079603
510,24,57.234505999999996,51.51056730804225,5.7161472901787596
510,27,69.9705476,62.97289659819251,6.927125447025938
510,29,57.341935600000006,51.607199047353625,5.672752613188844
510,2,45.4794951,40.93105386936396,4.527790430375002
510,6,70.3568456,63.32046224952962,6.99531050480451
510,7,52.9075324,47.61627342520509,5.251907504797297
510,8,53.471372800000005,48.1237822141184,5.31949690136738
511,10,51.4408609,46.296288224616106,5.128514614802386
511,12,57.03382190000001,51.32995412380157,5.696066508560539
511,14,71.1201294,64.00750762843384,7.078020235315516
511,17,52.2367889,47.01265693187075,5.1892552671527845
511,18,59.9236062,53.9307357677577,5.932237787771689
511,21,71.3116316,64.17981189329659,7.080251543712429
511,22,57.2315496,51.50785394873838,5.704529648469874
511,23,68.5315671,61.677790465080875,6.782067839459865
511,24,72.8295806,65.54599052619284,7.271358146686053
511,27,47.5837595,42.824967082643106,4.709594896559696
511,29,70.3133371,63.28128028562951,6.952911653077293
511,2,61.416003399999994,55.2737592292769,6.116682703285785
511,6,60.0629117,54.056059387163785,5.9721736672332515
511,7,61.397490600000005,55.25709336986238,6.090521283328897
511,8,69.7094786,62.73792044455448,6.948438179596748
512,10,61.5127264,55.36081762467134,6.127258402735498
512,12,71.0352016,63.93106618928323,7.093012687827298
512,14,49.7724027,44.794729563174755,4.952046639949501
512,17,72.08640670000001,64.87713636098835,7.13560828559005
512,18,71.04919579999999,63.94365759204978,7.032925854167248
512,21,49.5720176,44.61434170163045,4.940041768834126
512,22,75.71816369999999,68.14565638375815,7.5496453080335
512,23,54.7434125,49.26859455156562,5.418496036183217
512,24,58.4299319,52.5864401912216,5.784290987159761
512,27,68.5368769,61.682606071599544,6.78513961850458
512,29,58.526399399999995,52.67320627674129,5.7900686541996915
512,2,54.70105159999999,49.230427510503326,5.453192551490385
512,6,70.8298171,63.74611844829708,7.040793771016957
512,7,56.5969884,50.936752061767734,5.6185650613798614
512,8,57.201123200000005,51.480523830717324,5.683454825235953
513,10,65.8701193,59.282308040335224,6.551910100362297
513,12,69.0081437,62.106713284457115,6.886186370425715
513,14,71.5801113,64.42147695692958,7.12718482545866
513,17,68.3101374,61.47851710954145,6.761075632525332
513,18,58.9443331,53.04939754038013,5.835224264132042
513,21,61.8998242,55.709214014696755,6.164770466083423
513,22,56.6229655,50.96012791261026,5.643077802661415
513,23,59.837993700000006,53.85364925725133,5.921384250137308
513,24,72.817274,65.53491145401755,7.208792573827962
513,27,46.6870151,42.017904883878906,4.627700578462117
513,29,70.9767336,63.878331414987834,7.018542356359792
513,2,71.9071123,64.71564777003749,7.161962138864854
513,6,60.963893199999994,54.86694169975354,6.0327247540236
513,7,72.909332,65.61765099067404,7.209986067578719
513,8,69.5604167,62.60377659115159,6.9112755096328895
514,10,48.3410156,43.50641642799269,4.8148694628940145
514,12,54.6221282,49.15944352427595,5.406797121072064
514,14,70.48434449999999,63.43528302618171,6.976614109299753
514,17,48.669395,43.80203524123867,4.84555904464991
514,18,70.3707174,63.33303287224251,6.965730966266883
514,21,52.314075100000004,47.08219433852341,5.217391529638914
514,22,74.5723585,67.11442049032188,7.4349654149473166
514,23,51.389919299999995,46.250480986691024,5.086573316220241
514,24,59.0524848,53.14673335709138,5.846154677777829
514,27,61.669999600000004,55.502464782704244,6.104558806008747
514,29,58.6625738,52.79576205501357,5.803483407564993
514,2,59.703113699999996,53.73224431917705,5.953886716596424
514,6,70.3581929,63.32158373316954,6.953441211946937
514,7,60.4461387,54.400953906021435,5.979965123979095
514,8,57.4006657,51.66010544854393,5.72248323830062
515,10,71.4698669,64.32222090118718,7.103384892547211
515,12,71.0015983,63.90082040966935,7.028090978355346
515,14,51.3032822,46.17250780645824,5.078116776183907
515,17,61.1524054,55.03664154923248,6.107417477891052
515,18,59.730711400000004,53.75713287442175,5.91318380783534
515,21,62.580052900000005,56.3214554381832,6.237901481097128
515,22,56.369277100000005,50.73181055688667,5.618447345591844
515,23,60.0529321,54.04708496238017,5.942252589262701
515,24,73.1767567,65.8584427825109,7.243757273719126
515,27,52.2433653,47.01858591459989,5.171967080090559
515,29,71.5922108,64.43225561074019,7.079540381072998
515,2,72.1463283,64.93100402426612,7.1931480128835
515,6,59.79443679999999,53.81443766059337,5.915940606761635
515,7,73.86940870000001,66.48176525826636,7.307817840617901
515,8,68.1360736,61.321886658932435,6.770410924747335
516,10,48.541036500000004,43.68640779069186,4.816604559463997
516,12,61.033616800000004,54.92973658800371,6.042151295761858
516,14,72.7132426,65.44128192874396,7.197516612986543
516,17,42.9843342,38.685521925132285,4.2898449314255265
516,18,68.8821334,61.99332008659888,6.818320886065373
516,21,51.439267099999995,46.29484413328854,5.125704934058697
516,22,75.2560788,67.72973315301195,7.499456290247173
516,23,54.087707900000005,48.67846605543717,5.353559800329959
516,24,60.5873162,54.52806922322021,6.007097631980909
516,27,57.17697080000001,51.45879165282512,5.711776586525518
516,29,59.4488459,53.50340018060474,5.88135728190844
516,2,52.907375599999995,47.616104064673344,5.270949496757213
516,6,68.9166357,62.02427087867044,6.814927212693164
516,7,54.7843281,49.305341865897994,5.436028458453767
516,8,54.31913659999999,48.88675734949029,5.416820067938082
517,10,71.8611757,64.67439542677195,7.140546558491993
517,12,70.470303,63.42265058223015,6.974899509639846
517,14,58.324942899999996,52.49195083437523,5.773890926074586
517,17,59.33837079999999,53.40401406329082,5.923702889848355
517,18,55.050807199999994,49.54525862149815,5.449807682925308
517,21,72.9468173,65.65139365593251,7.264341445284313
517,22,61.76074259999999,55.584093467919274,6.158135609597947
517,23,69.99802269999999,62.99758087239665,6.926813944013135
517,24,71.97255890000001,64.77467125715252,7.134696366549324
517,27,72.6485785,65.38308860569593,7.250386998436266
517,29,71.0713161,63.963435300313485,7.026833470068659
517,2,71.71909910000001,64.54645661886363,7.1447528854686
517,6,55.6331778,50.069332443931565,5.504134872809691
517,7,72.37060100000001,65.13277871807378,7.191803693757152
517,8,71.51161259999999,64.3598207222417,7.137401788709177
518,10,51.653131900000005,46.48729256358694,5.145015990494269
518,12,59.3883347,53.448996864048425,5.879263883108719
518,14,71.3559797,64.21975700787564,7.063167763435494
518,17,53.4761947,48.128119070951875,5.3405582163137595
518,18,59.9122052,53.92045329279855,5.938279427528112
518,21,59.0802394,53.171672643280765,5.883158838848162
518,22,73.6491201,66.28353864856696,7.346532155379654
518,23,58.757681100000006,52.88140317083066,5.816017774392328
518,24,55.1909599,49.67139418528023,5.463614141606956
518,27,59.542185599999996,53.58746068217561,5.941276385188762
518,29,56.5521723,50.89642290851868,5.594842469568285
518,2,60.7188306,54.64634628974761,6.050516814883183
518,6,59.119339599999996,53.206802895113334,5.846522442593581
518,7,61.021067699999996,54.91838087172888,6.06928328820571
518,8,60.20852060000001,54.18715727966353,6.013008188641797
519,10,71.96644979999999,64.76905982781628,7.138669766858305
519,12,69.5279221,62.574520818495145,6.8819278465905604
519,14,57.0671763,51.359971723742326,5.649359314384833
519,17,72.2850128,65.05588970357316,7.219285759817266
519,18,54.00334049999999,48.602555296806685,5.346630543175945
519,21,72.2277708,65.00434086584617,7.172717124045401
519,22,56.177921600000005,50.559585649489044,5.5985323456908995
519,23,69.7368184,62.76250626872423,6.90144934813864
519,24,61.9334476,55.73956137529413,6.130267175523303
519,27,72.7835208,65.50453550381314,7.261674942982832
519,29,60.682438000000005,54.61355483348108,6.030065082575045
519,2,66.9590659,60.262538828362075,6.678492603960298
519,6,51.90800840000001,46.71671627132885,5.135036329676268
519,7,71.5415072,64.38663633956803,7.098603619971802
519,8,70.8586939,63.772208032336856,7.07387083034932
520,10,59.98869690000001,53.98927349340329,5.93592292528887
520,12,61.034612200000005,54.930627365177436,6.041918521941154
520,14,69.2245541,62.30149231961527,6.852135142123749
520,17,55.0904018,49.580887841670254,5.501047082060573
520,18,69.5807004,62.62203147940254,6.887969665732448
520,21,51.4457325,46.30065522643885,5.104420514725872
520,22,75.9670551,68.36959013318484,7.568636701382206
520,23,59.190482200000005,53.2709205280141,5.880358548925679
520,24,50.9972777,45.8971163098789,5.048382174700567
520,27,59.178630899999995,53.26026458169993,5.904948798016492
520,29,52.1007077,46.89013947757873,5.1815097042393194
520,2,53.48750330000001,48.138222170820036,5.330304026632945
520,6,58.3422136,52.50736391026809,5.7675399355271155
520,7,61.8052443,55.62414175113427,6.148274634502031
520,8,56.1225796,50.5098455574737,5.604705950840171
521,10,71.1228894,64.00986236441138,7.033728464795734
521,12,56.910613,51.21903980703792,5.677825171603309
521,14,52.2197216,46.99730324724314,5.16936061160346
521,17,72.2277708,65.0043770497684,7.21478651023531
521,18,57.420043099999994,51.67754761594462,5.7175977048706335
521,21,73.2183956,65.89582972008529,7.240368935977564
521,22,58.8442818,52.959314844990566,5.868459494118123
521,23,69.7936887,62.8136825793836,6.963814146967676
521,24,60.812493,54.730711895145554,6.019406010155
521,27,72.4157791,65.17357114927196,7.227123372890117
521,29,62.3182257,56.08573073147211,6.204949210012111
521,2,69.7057529,62.73446246333194,6.944789402724201
521,6,55.2758463,49.74774511776942,5.468625275399505
521,7,72.30880210000001,65.07723323462461,7.188161406782496
521,8,60.484606,54.43561459246696,6.037200237071939
522,10,57.076993,51.368749068905544,5.654837951345133
522,12,66.8557738,60.16962627098365,6.677634887413268
522,14,59.644811,53.67981192079017,5.904100973134337
522,17,47.3867835,42.647688391418406,4.729651228728785
522,18,69.932359,62.9385192975438,6.922675440275805
522,21,61.7062397,55.53506120302733,6.106015754741064
522,22,69.84090330000001,62.856085486039056,6.954847114771453
522,23,58.6291506,52.76572562258243,5.852981093755179
522,24,52.9359342,47.64188852971393,5.245379948972047
522,27,62.848821099999995,56.56341201339659,6.279305157359506
522,29,57.370912100000005,51.63328207874022,5.706854297856954
522,2,54.219385499999994,48.796932197838885,5.40549956037548
522,6,70.3723129,63.33436785563372,6.95956813367256
522,7,51.2129618,46.091143505813875,5.1017520800615195
522,8,52.330412599999995,47.09692790662968,5.225816571066797
523,10,70.6965671,63.62620875691474,7.028798662319757
523,12,48.422406099999996,43.579742075712154,4.83309029829747
523,14,48.4496847,43.60430259491799,4.824888917987889
523,17,72.18264119999999,64.96375234660941,7.187499980871436
523,18,64.55301,58.09716434357177,6.390965658439151
523,21,73.5478984,66.19233458455855,7.313046726576378
523,22,58.096522900000004,52.286338273226676,5.793801246586638
523,23,70.8233405,63.740372509376684,7.049424250102012
523,24,71.84849220000001,64.66302984347706,7.112924224267345
523,27,71.9823093,64.7834484073937,7.1854322702075155
523,29,75.8225174,68.23949562413836,7.523303880875427
523,2,60.5960668,54.5358042029399,6.033322118108343
523,6,59.4707887,53.523153453646565,5.884448414529623
523,7,61.698415,55.52792348110003,6.14475286067346
523,8,63.618013,57.25565391178562,6.349816006103132
524,10,68.11068139999999,61.29890108554782,6.735226532891259
524,12,60.9700824,54.87254555629794,6.086481236067607
524,14,58.6115367,52.74986831358399,5.851014985290068
524,17,59.4956445,53.54557286719642,5.889905258669649
524,18,70.3822847,63.343417308190375,6.965442196817294
524,21,72.38311870000001,65.14408875625818,7.209755379203993
524,22,70.29809540000001,63.26759077790822,7.004535903833073
524,23,58.555817899999994,52.69972669264494,5.8172949926373825
524,24,47.3661375,42.62910774338023,4.694658647818419
524,27,56.8190191,51.136635041039085,5.672416937719096
524,29,61.403645399999995,55.262702904545776,6.074902190917536
524,2,49.6335048,44.66967902364311,4.9473059009126645
524,6,70.8539488,63.76783614548233,7.010174464518007
524,7,53.9623064,48.56556477998266,5.338427259865333
524,8,56.887581499999996,51.198339905176034,5.672324405780884
525,10,47.2865727,42.557414693084176,4.674847552338261
525,12,52.6236188,47.360810112405446,5.240179081117481
525,14,50.9880095,45.88877199530275,5.0916194955563014
525,17,73.46798629999999,66.12054610403882,7.272391186688868
525,18,53.9989264,48.598567329705936,5.39059634771113
525,21,52.9505079,47.6549478027782,5.275345604619697
525,22,60.9813441,54.882652517742194,6.081937237094698
525,23,69.1193409,62.20677500166915,6.85775444968399
525,24,72.2277708,65.00437732125377,7.150543290424452
525,27,63.3309614,56.99730976399307,6.319148426897832
525,29,73.80880789999999,66.42715436418786,7.297864843889404
525,2,56.8816057,51.19285518932282,5.665086249659122
525,6,60.9487205,54.85328328560671,6.051240138246674
525,7,61.7823837,55.603446911280344,6.106046928870113
525,8,75.8225174,68.23960638522712,7.556133677252375
526,10,61.9022407,55.71143515915848,6.124587631408348
526,12,62.4402147,56.195649035730604,6.2162372689251395
526,14,71.8964728,64.70620997800165,7.143930514709864
526,17,60.4432944,54.39845117986506,5.983757313558984
526,18,69.7133792,62.74143439747331,6.9603885033984305
526,21,71.1022821,63.99139437334157,7.088814086747715
526,22,75.84837719999999,68.26283852926576,7.5641759520777425
526,23,55.905661900000005,50.314609083614975,5.548355499239785
526,24,51.4457325,46.30071360134292,5.104650219051166
526,27,53.278134200000004,47.94986836022881,5.318546628738033
526,29,62.8934493,56.603517610937175,6.222638541231557
526,2,51.4589655,46.31256838798271,5.129100407816107
526,6,71.05227280000001,63.94630909460024,7.076714440311705
526,7,65.2240316,58.70092694707723,6.4482283890143215
526,8,61.403645399999995,55.262758532318486,6.122775895832066
527,10,46.7848722,42.10590956764978,4.649681436993961
527,12,66.5382872,59.88385321233046,6.6093488579389374
527,14,50.7435709,45.668774612977316,5.022959261535503
527,17,71.7749683,64.5968275683635,7.1036400480767385
527,18,59.720082600000005,53.74756640052651,5.964019149956678
527,21,47.8055765,43.024553861844495,4.762424063217397
527,22,51.6185675,46.45617649173675,5.140253376836343
527,23,60.6524791,54.58667242942035,6.035096730212457
527,24,73.2183956,65.89591366783037,7.289275754474055
527,27,62.5021667,56.251401669955,6.236390835050683
527,29,74.1635865,66.74647161490648,7.334144705668607
527,2,69.08981920000001,62.18019449594459,6.890120897193555
527,6,60.4001565,54.359577048727175,6.0223933476519935
527,7,52.5890889,47.32963600062813,5.2381458456075025
527,8,73.98224060000001,66.58337311894911,7.375255435546655
528,10,61.6520437,55.48618352176228,6.125451126488464
528,12,50.71275309999999,45.641030993138955,5.061269631659228
528,14,71.4481656,64.30273617530072,7.073121944257745
528,17,68.6411669,61.77644617284765,6.794177725884323
528,18,70.1708834,63.15318409310909,6.97138548039367
528,21,64.0347909,57.630665673679424,6.378041579881707
528,22,74.8807126,67.39191891310627,7.463454764216415
528,23,52.9568868,47.66073701190626,5.285787765733876
528,24,59.254475299999996,53.3285221490268,5.8658984982874935
528,27,58.056359300000004,52.250231841131466,5.796319074085784
528,29,61.5081666,55.356771083431745,6.085249568373426
528,2,46.4099615,41.768450716892204,4.619456058443497
528,6,69.69064350000001,62.72085442578754,6.940633421840804
528,7,74.668215,67.20061160361371,7.4207933266788135
528,8,62.124522999999996,55.91154216598759,6.194705541242217
529,10,55.21912639999999,49.6966944224088,5.492337820659401
529,12,57.520462699999996,51.767899300643926,5.7394615162139715
529,14,45.7565699,41.18050876165447,4.554478074963187
529,17,45.5715035,41.01395511970788,4.548784722525476
529,18,57.552488499999995,51.79675170113843,5.697582196396627
529,21,53.3928521,48.05306935583808,5.322822762565659
529,22,62.501030199999995,56.25035008602171,6.232659758617072
529,23,59.013651499999995,53.111754105138026,5.87501106439497
529,24,72.3764218,65.13816193689864,7.165177159643278
529,27,75.3900929,67.85043654606999,7.52963597935748
529,29,72.3340806,65.09993206704043,7.1531027060827554
529,2,69.63906589999999,62.674511748573885,6.944137548321436
529,6,64.532247,58.078453366499595,6.43978903334247
529,7,62.234671500000005,56.010613846583766,6.190154138025294
529,8,74.1635865,66.74658277105415,7.367998018909506
530,10,72.7154003,65.44310885308826,7.213153036016989
530,12,71.4976174,64.34723357870405,7.138594551317644
530,14,70.4871531,63.43782072490995,7.01781646074152
530,17,62.2883154,56.058952763560555,6.221430752210572
530,18,61.550764400000006,55.39514262382565,6.126736513672289
530,21,57.751855,51.97611888823121,5.755535448245396
530,22,75.9528842,68.35690287150238,7.576011447496575
530,23,56.1001184,50.489618185681316,5.552858636104143
530,24,47.2330317,42.50931363665353,4.674834426589429
530,27,49.5471225,44.59197712170739,4.945513258768937
530,29,60.67221670000001,54.60442336919598,6.002477179024692
530,2,47.354304,42.61835085969295,4.71368956217712
530,6,50.8058028,45.72471274431027,5.061963192949868
530,7,74.7923991,67.31246013426222,7.4001266749158034
530,8,61.5081666,55.356826618100385,6.089099205594876
531,10,60.2856351,54.256512070888235,5.971225434738377
531,12,65.8439465,59.258978443874604,6.57368557707341
531,14,62.864475399999996,56.57748627090574,6.277826376578832
531,17,45.3893224,40.849996181851786,4.531019049462827
531,18,53.656996,48.29084137996512,5.343286250873417
531,21,53.170222599999995,47.85270459890847,5.293369568514054
531,22,59.0576114,53.1512938703857,5.887572384034936
531,23,72.4187876,65.17624844494128,7.166497781090414
531,24,70.9371375,63.84281663745794,7.0842423288959235
531,27,74.3400775,66.90543017022861,7.424313004498805
531,29,71.5370377,64.38260029959073,7.074079210857639
531,2,71.6868168,64.5174699741306,7.149254467589615
531,6,61.963927500000004,55.7668945984233,6.172295164112278
531,7,56.6902292,51.02063607581918,5.606423449377527
531,8,72.2826757,65.05377546797098,7.154716356625038
532,10,72.8749977,65.58677694788923,7.209159398433504
532,12,54.625870899999995,49.16280698689143,5.452857062823849
532,14,55.0246442,49.5216917623927,5.491301840264963
532,17,62.5424517,56.28765530133559,6.243139956485683
532,18,60.2606659,54.23407011317449,6.014451489931261
532,21,75.53379770000001,67.97973678905109,7.524419305136371
532,22,77.7602047,69.98338857639622,7.745360967751867
532,23,61.4549649,55.30893536797152,6.083064095104327
532,24,49.2133445,44.29158740074797,4.913801246466788
532,27,60.168726299999996,54.15134108041706,6.009398936861201
532,29,69.3876301,62.448106332110314,6.858788994722121
532,2,60.50209399999999,54.451353008568766,6.037941508463258
532,6,53.069020099999996,47.761617420664884,5.291087738167088
532,7,74.0620328,66.65507177391083,7.32400137957258
532,8,61.3793754,55.24091640539707,6.07640670983341
533,10,58.2167521,52.39452716198252,5.759822208840855
533,12,71.6826028,64.5137187655255,7.136978875210629
533,14,70.9256376,63.83244892807549,7.0805833907433176
533,17,56.3899978,50.7505185259047,5.632170627085168
533,18,57.5725884,51.814840828808656,5.733338219735065
533,21,49.835881199999996,44.851783384754455,4.96179795074347
533,22,61.548035,55.392658445027294,6.136181021252005
533,23,72.7934935,65.51350638819616,7.205177772950522
533,24,64.0347909,57.63074864186235,6.39223712177156
533,27,73.37090280000001,66.03317427941337,7.32584247035865
533,29,50.6940426,45.62412235945244,5.0498784264469405
533,2,70.2203492,63.19751396074439,6.9876310969497455
533,6,60.214814800000006,54.1926662958981,5.9940972821595375
533,7,63.646607200000005,57.28135211948836,6.297194854987229
533,8,71.5370377,64.38271137565862,7.081208559472239
534,10,72.4157791,65.17347001219612,7.161850225568953
534,12,74.1106441,66.69890945259748,7.394131677865174
534,14,56.6422152,50.9775084459975,5.656641780653498
534,17,76.91019569999999,69.21849587381216,7.676752593766783
534,18,72.42621,65.1829549516746,7.20621553048385
534,21,74.5874837,67.12803210252193,7.405024167296501
534,22,75.0136449,67.511556827599,7.4762306018715865
534,23,51.5636199,46.40678954171397,5.102716957259473
534,24,52.182735,46.96401860341607,5.21172488636174
534,27,59.89451220000001,53.9045497692938,5.980967126677051
534,29,61.8031927,55.62217973348461,6.152193108133736
534,2,55.6486663,50.083276416850225,5.545573066374
534,6,60.5992371,54.53869896476728,6.037438338089476
534,7,75.3133356,67.781213883536,7.457105800777143
534,8,57.291779399999996,51.56211524290498,5.692658426535787
535,10,60.5858071,54.52666421206448,5.994771281368989
535,12,57.972539999999995,52.174791354795595,5.789623709934322
535,14,69.4105614,62.4689034094021,6.930252097947889
535,17,76.1189635,68.50639891976674,7.578383070814848
535,18,72.5066679,65.25536128169566,7.176870257114265
535,21,66.6749767,60.00688923913619,6.622468764080532
535,22,61.9385749,55.744151983738924,6.176784160830693
535,23,72.4652493,65.21809346448524,7.173057931645329
535,24,61.946737399999996,55.75151846878778,6.18361176510572
535,27,74.0836567,66.67464664342904,7.395813771534906
535,29,56.5486504,50.89329181890801,5.644623755444251
535,2,61.0085086,54.90701715551464,6.073125944777026
535,6,52.75999529999999,47.483434858877615,5.253773239112821
535,7,62.896837000000005,56.606561300257184,6.222717458530344
535,8,61.469118300000005,55.32166717626515,6.135092727536107
536,10,73.2302182,65.90645814728146,7.242097687699121
536,12,71.1259258,64.01270579004996,7.099769841250194
536,14,55.1816953,49.66305421954803,5.510240848524323
536,17,49.835881199999996,44.85185513627307,4.9608675071066655
536,18,51.524494600000004,46.371594837745796,5.142374709852939
536,21,63.0040233,56.70305064050431,6.275314483291444
536,22,69.47469720000001,62.52653948677737,6.922333758710873
536,23,54.98702049999999,49.48782856310125,5.449843382609629
536,24,64.6818599,58.21310517009826,6.456809161276619
536,27,63.325355900000005,56.99228282390408,6.324692931328384
536,29,73.0195317,65.7167882846161,7.2714933605063985
536,2,54.292044399999995,48.862350300190826,5.413261214373561
536,6,72.3475186,65.11203716475448,7.207980708500035
536,7,72.0797566,64.87104024734181,7.127709801975505
536,8,52.9075324,47.61632998076969,5.275290334752762
537,10,60.892959999999995,54.80309916413075,6.024951313903267
537,12,65.1981145,58.67775377354518,6.513223512047512
537,14,62.7390829,56.464624250442306,6.246038165917885
537,17,74.87227659999999,67.38440941357258,7.4317146932061835
537,18,73.6228665,66.25994439647589,7.330943854866359
537,21,75.3257419,67.79248101777019,7.47974807103967
537,22,58.2067588,52.385546419314146,5.803736225363261
537,23,70.2486511,63.22314428643421,6.951686531691862
537,24,49.2458923,44.32087652595802,4.916351634207575
537,27,73.3273576,65.99398395135233,7.3181813590565765
537,29,74.0919274,66.68193517372687,7.378451552752227
537,2,50.6173159,45.55507822141349,5.043794227036814
537,6,60.516854499999994,54.464595256112446,6.032899338651031
537,7,58.272625,52.444852083203024,5.767621922099624
537,8,61.397490600000005,55.25720646857277,6.119968868782278
538,10,72.0246377,64.8213699392521,7.118444415134295
538,12,56.9841042,51.28520646344667,5.674137072129256
538,14,52.502432600000006,47.25174256456775,5.197464954495632
538,17,49.907292,44.91612423334391,4.967950480627708
538,18,63.5938667,57.23394012908304,6.329085573983698
538,21,50.379234600000004,45.34079626352435,4.996948953619131
538,22,68.7763598,61.89802615429441,6.8485197226494074
538,23,61.2896165,55.16012451727917,6.0668218396541755
538,24,76.69941019999999,69.0287969771296,7.657630552952276
538,27,57.977597800000005,52.17934587875175,5.782082201308456
538,29,50.830406800000006,45.74682715022982,5.062292689440548
538,2,70.3991075,63.358512218463744,7.017771149200195
538,6,73.45392790000001,66.10777805508818,7.317176572098677
538,7,62.3053195,56.0741317836908,6.191419329264483
538,8,56.5969884,50.93680861629563,5.643321152726937
539,10,57.527621100000005,51.77432643970294,5.6918478972746716
539,12,69.9514834,62.955717625479224,6.963401867415094
539,14,60.8396087,54.755113659873274,6.021982762240752
539,17,75.8523529,68.26646960371251,7.509437779833899
539,18,73.324352,65.99128743293097,7.323013291526549
539,21,73.8273234,66.44381467628139,7.3408291556942835
539,22,60.195917300000005,54.175768256728446,6.000121716481131
539,23,72.5964396,65.336133717778,7.1840947135177915
539,24,62.101319600000004,55.89065764788097,6.202518579313909
539,27,64.5228836,58.07002944493759,6.432106049600177
539,29,73.2164258,65.89409966796984,7.301245679133515
539,2,64.03192519999999,57.62816352209399,6.39011183622677
539,6,64.29564979999999,57.86549741490661,6.4127809665047355
539,7,59.8852658,53.89617725766678,5.924923926322359
539,8,72.920511,65.62782196837999,7.270113410338754
540,10,63.6032158,57.242196615464906,6.286927524065632
540,12,56.969707199999995,51.272253050013504,5.689320476400645
540,14,56.3787563,50.74039973887959,5.614236078063884
540,17,49.6274784,44.66429425067274,4.911927336961368
540,18,52.186419799999996,46.96732183670599,5.209198744477074
540,21,72.3226539,65.08971245716725,7.210589325353058
540,22,78.6058468,70.74454945926563,7.778177398315448
540,23,57.4752822,51.72725376450485,5.688994687269628
540,24,74.5874837,67.12809060667277,7.448554005508472
540,27,55.9668665,50.36970779259548,5.589968636040052
540,29,51.5896907,46.43017610780753,5.137728990240871
540,2,47.5672111,42.80996545056333,4.735479210664881
540,6,72.696929,65.42650348682226,7.242549368108713
540,7,74.97293900000001,67.47485965601119,7.413230776596796
540,8,61.17466459999999,55.056678538212694,6.100134532930791
541,10,54.468273599999996,49.0209430202366,5.389536633326527
541,12,65.7515972,59.175856306677325,6.5618447490289125
541,14,72.9216519,65.62884868189538,7.260284015711951
541,17,74.8222405,67.33937730741448,7.40731282279994
541,18,71.6977589,64.52737193598747,7.15052005607861
541,21,52.0688477,46.861461255013964,5.188572470105534
541,22,52.9393727,47.64488898482383,5.245090570595789
541,23,61.7624049,55.58559581496201,6.111974129223857
541,24,75.3469315,67.811572624817,7.521516863275213
541,27,59.8562854,53.87015037550362,5.976284009131077
541,29,71.803935,64.62283400369027,7.156923789036997
541,2,71.2086774,64.08713906374216,7.1010940549683035
541,6,67.0591449,60.35263748065604,6.691761171331221
541,7,63.9196929,57.52712690045988,6.324235073188849
541,8,72.6503919,65.38472075544648,7.242382686022009
542,10,63.569947400000004,57.2122807850312,6.330064611869491
542,12,55.772479399999995,50.19475673015544,5.569302627507829
542,14,59.020779499999996,53.118195775689344,5.877112894799179
542,17,50.379234600000004,45.3408683607415,4.986398683736483
542,18,55.9739725,50.37609182067132,5.5886226888905775
542,21,65.2006809,58.679956635981206,6.494401232833421
542,22,78.1369672,70.3225623394491,7.791653789442074
542,23,54.2450549,48.82007857709434,5.400389862929047
542,24,49.907292,44.916125136087274,4.98142865850439
542,27,73.7599386,66.38328764947576,7.3517774579507265
542,29,73.4632615,66.11614121802816,7.31492893619125
542,2,49.872774,44.88497903730545,4.967794757969232
542,6,53.790786999999995,48.411152490958536,5.35790122194915
542,7,74.1893989,66.76968149912358,7.38810498487802
542,8,62.603117600000004,56.34227460818479,6.242738119572512
543,10,53.1538849,47.83798055448599,5.297216785160083
543,12,61.3444126,55.20944180152334,6.125178646854692
543,14,72.8932693,65.60331827962862,7.2591846449512225
543,17,72.7928631,65.51295512536704,7.206527786255178
543,18,73.4494746,66.10389802138977,7.336066329818748
543,21,56.786695099999996,51.10753482107852,5.667558543694954
543,22,53.8220878,48.43932576802538,5.359583040490329
543,23,62.2045965,55.9835716878551,6.190398294505811
543,24,77.0107412,69.30900649970002,7.691948119017739
543,27,62.0532275,55.84737743486606,6.143187630644308
543,29,50.1764622,45.158267526181994,4.995159035174511
543,2,70.2876296,63.25816138798032,7.004330325726494
543,6,72.9230885,65.63010384532427,7.272708988001805
543,7,66.4771957,59.8288727525966,6.631514395209338
543,8,72.94743299999999,65.6520636568899,7.247822576274044
544,10,75.4888957,67.93930349340755,7.52767906749947
544,12,58.838687,52.95431944985764,5.876266191754353
544,14,49.4090341,44.4676983601121,4.9186435386205725
544,17,59.2609686,53.334371271636506,5.866920692781461
544,18,53.95255100000001,48.55683331732482,5.387383963433083
544,21,76.488856,68.83928085679803,7.596148911350051
544,22,77.5298409,69.77615031534009,7.732734483271767
544,23,58.177070500000006,52.358859926562474,5.7587394177258115
544,24,55.4107125,49.86916360130225,5.53271595740518
544,27,75.8032143,68.2222334505693,7.503639642806771
544,29,71.8491925,64.6635752206058,7.162507158501085
544,2,64.6555426,58.18934347453318,6.4425470755449545
544,6,54.740616499999994,49.2660252524905,5.455637075830229
544,7,68.7806713,61.90199554683021,6.86490444907954
544,8,50.1764622,45.15837742539907,4.984207498790126
545,10,52.8059796,47.52484559815553,5.260681756382613
545,12,71.2710461,64.1433297471046,7.055463330382674
545,14,66.87327619999999,60.185385078838536,6.678869752873422
545,17,49.2347192,44.31082390691183,4.915287763531468
545,18,63.757194,57.38092603928593,6.366771347623551
545,21,59.049893899999994,53.14434839030406,5.861273862256904
545,22,55.056822100000005,49.55058811185923,5.483949474934211
545,23,72.0786594,64.87015642310001,7.135130252687209
545,24,74.8222405,67.33937784045698,7.474081786354964
545,27,63.5632994,57.20642847072348,6.339225887906026
545,29,62.859700100000005,56.57315096158432,6.26999427197674
545,2,52.574597499999996,47.31655093566252,5.233583388604938
545,6,61.83369640000001,55.6496457892334,6.155575778332702
545,7,60.4884999,54.439069465324074,6.030554355198338
545,8,72.0838232,64.87482660060161,7.188157932727652
546,10,73.9981214,66.59762846635955,7.381067095615213
546,12,49.9203579,44.927885694639315,4.9690117884764256
546,14,67.2907453,60.5611024220465,6.662101031723182
546,17,58.698831500000004,52.82845094853736,5.863429834916853
546,18,50.666125699999995,45.59907310486556,5.05783725169345
546,21,79.3913392,71.45146035305827,7.854132092887812
546,22,72.8009195,65.52019754135422,7.267366124883949
546,23,51.275920500000005,46.14786295030477,5.11522321375311
546,24,54.5668201,49.10966573505749,5.447999287448931
546,27,75.9178195,68.32537732324907,7.569443040946783
546,29,72.2113027,64.98944919527543,7.193671639020867
546,2,72.2482516,65.02270430814471,7.200051496692776
546,6,54.668390300000006,49.201043819641164,5.451690669150964
546,7,74.38383950000001,66.94472395871296,7.414457537220633
546,8,58.3772392,52.539016084491024,5.829015743114404
547,10,61.3060062,55.174865479258884,6.118502335485341
547,12,69.9029785,62.912085069106624,6.961155551302929
547,14,55.5967345,50.03659480138986,5.524964312630565
547,17,68.70009879999999,61.82950830694473,6.863741164273758
547,18,58.021729099999995,52.219056940849754,5.777093422124904
547,21,55.9660824,50.36893146224941,5.568904203630875
547,22,53.4899272,48.14041381905476,5.329724684769951
547,23,71.7236872,64.55069419977184,7.160579765457396
547,24,73.9753914,66.57720738034044,7.386098252523853
547,27,62.3497242,56.11421940350558,6.217859390748978
547,29,50.49119090000001,45.44154760517726,5.027360379682588
547,2,66.3527824,59.71677316268682,6.606244689180658
547,6,63.2197707,56.89701683819036,6.287484735989715
547,7,56.98704060000001,51.28780015083879,5.682631887040541
547,8,72.2331863,65.00924447146637,7.213261118576292
548,10,74.023124,66.62013056374586,7.3826010848612675
548,12,57.0739164,51.36603531202482,5.670554546170052
548,14,62.5566937,56.30047537485171,6.191985891099129
548,17,77.5144228,69.76230038895842,7.739039682252003
548,18,59.0749686,53.166970117245896,5.9005254596041325
548,21,77.30522189999999,69.57400311593717,7.676212222112521
548,22,71.54400050000001,64.38893648555947,7.131538534136519
548,23,57.447813999999994,51.702527237177335,5.733587191030419
548,24,71.7080591,64.53661876831438,7.156993717392004
548,27,76.6993605,69.02877037298508,7.651673798281985
548,29,62.268083100000005,56.04068547938988,6.208026396772859
548,2,49.868127099999995,44.88079682732756,4.966728533837501
548,6,58.6445067,52.77951379335581,5.802331411126781
548,7,58.651228,52.78557694263675,5.851869140076635
548,8,50.49119090000001,45.44163580082232,5.040757322134858
549,10,50.6446055,45.57960234537316,5.042096477571395
549,12,70.70433109999999,63.633274067431714,7.038355739660309
549,14,55.974257400000006,50.3763520169381,5.541012134709991
549,17,70.8458187,63.76063857134149,7.07850796349374
549,18,71.632876,64.46895638650255,7.1504921571038755
549,21,52.8280894,47.54474445927102,5.2398126079694824
549,22,50.471842200000005,45.424155301901756,5.0261758809580925
549,23,70.8801709,63.79148431239738,7.013229242903413
549,24,50.7112218,45.63966043857546,5.062031651628018
549,27,51.1570993,46.0409423541842,5.1040915094596615
549,29,55.5443931,49.98946281961936,5.543167945184585
549,2,63.996282699999995,57.59594370446796,6.370850263033706
549,6,71.6696386,64.50194977329943,7.087370108189224
549,7,57.6917213,51.921992809282656,5.75137143469917
549,8,61.3353323,55.20126742785336,6.123808959773434
550,10,73.0175325,65.71510268061753,7.281597146688984
550,12,61.082412,54.973652597446254,6.08303674200787
550,14,74.9931237,67.49316907063718,7.424217062777543
550,17,60.145830499999995,54.130730143611316,6.006017051734181
550,18,62.704969899999995,56.43394003492755,6.263304237644656
550,21,75.78992919999999,68.21025274196542,7.526175599065164
550,22,65.6133214,59.05141234474873,6.54732405035376
550,23,65.3115237,58.77981550955656,6.46568376110119
550,24,65.2562342,58.73004076486586,6.460073883596435
550,27,75.0134188,67.51143735195852,7.481626807362547
550,29,74.75686259999999,67.28041602616709,7.445694824483658
550,2,62.467357899999996,56.21996928251482,6.222334532350459
550,6,62.1594737,55.94294677212667,6.149863077385507
550,7,74.9049435,67.41370081605102,7.4652049792344055
550,8,54.2999396,48.869482677303935,5.422633214140233
551,10,49.5993289,44.63888753039819,4.939994413040807
551,12,71.0959683,63.98575983544062,7.0992208684748785
551,14,52.53013560000001,47.27666292015719,5.243294667691353
551,17,69.0967246,62.18646893977099,6.903707555368239
551,18,72.4388599,65.1943435630965,7.232722409269077
551,21,64.4104512,57.96882609779269,6.396382491878918
551,22,78.56651169999999,70.70911555216354,7.798765285670733
551,23,50.8546811,45.76874527610473,5.032067161540813
551,24,53.833305200000005,48.449516745553865,5.374059587965303
551,27,56.59237,50.93265884474295,5.645312160918751
551,29,63.8946428,57.504586928288305,6.343760326188919
551,2,44.628363199999995,40.165042546220974,4.443433082134625
551,6,72.4388599,65.1942423188015,7.1635224019446655
551,7,67.21816630000001,60.495739941210026,6.706396157832913
551,8,61.5264111,55.373246635109226,6.14528504071093
552,10,64.56178489999999,58.10500264354807,6.437309574930696
552,12,51.4036112,46.262803771539446,5.117386617677076
552,14,74.9014665,67.4106707270561,7.4790788475660746
552,17,75.29440170000001,67.76428772422064,7.514054272276497
552,18,75.7314545,68.15763485624785,7.557862892060154
552,21,58.178796,52.36038477108397,5.801060377957473
552,22,53.2969773,47.96674246707084,5.290836988746579
552,23,70.08959569999999,63.080016503048576,6.995605560731069
552,24,63.664614799999995,57.29761961498273,6.361112099486451
552,27,67.2075112,60.486185876355655,6.7016785186290715
552,29,75.4477357,67.9022330774115,7.520839324132544
552,2,65.42673070000001,58.883430903542205,6.522674415528364
552,6,63.177326099999995,56.85900890194204,6.250845581978757
552,7,66.4036952,59.762746200831785,6.629101673523674
552,8,48.249139400000004,43.42380364646636,4.815801103910177
553,10,46.1557156,41.53966521235677,4.596394467496109
553,12,70.9602132,63.863586261039785,7.024887313479209
553,14,61.476944200000005,55.32872291616126,6.13898775843007
553,17,50.398975199999995,45.35864258490898,5.031226412912917
553,18,53.529659900000006,48.17622921550943,5.343162798604505
553,21,64.840643,58.355925591366024,6.457617351130141
553,22,76.886404,69.1970624007336,7.645858813351449
553,23,55.643260299999994,50.078450065136536,5.555118369316944
553,24,77.8217921,70.03894755182324,7.773591551326071
553,27,48.959740499999995,44.06333836797518,4.886173071667072
553,29,53.292901699999994,47.96305135970325,5.308040365034522
553,2,52.2447904,47.019783047740816,5.20468539998588
553,6,73.0527783,65.74674544229705,7.2232391885949445
553,7,74.9911103,67.49125019100072,7.473782071781535
553,8,74.85699489999999,67.3706564302309,7.476312080770383
554,10,64.3380386,57.903628045723906,6.4126363857273505
554,12,54.555161399999996,49.09918909090459,5.401237974370015
554,14,75.6896388,68.12002680947259,7.560419139228884
554,17,64.840643,58.356007657670396,6.47180221964463
554,18,73.05162440000001,65.74583912232556,7.23208681876112
554,21,58.4307209,52.58709236171438,5.823652715850279
554,22,53.8199933,48.43745276387673,5.35917692751857
554,23,61.4910238,55.341355660236935,6.134561356589866
554,24,54.073000900000004,48.66523029633289,5.398199744477076
554,27,76.8299961,69.14634130791936,7.6737753164205555
554,29,74.8388236,67.35424375684687,7.464231391711344
554,2,75.4448619,67.89960987104004,7.461161158407558
554,6,64.6002188,58.139633125612015,6.394054524572791
554,7,78.6388384,70.77411272326728,7.831470138572344
554,8,52.582269800000006,47.32358652921026,5.248563849030017
555,10,47.573710600000005,42.81582335532232,4.7356653678575835
555,12,64.6591794,58.19268937544084,6.399552254599926
555,14,52.6129597,47.351203907247445,5.25224107195348
555,17,64.8536899,58.36774976285024,6.473206287245036
555,18,52.16687519999999,46.94973165471129,5.170962779182443
555,21,48.655660499999996,43.78959496662754,4.844850869801484
555,22,78.8694154,70.98175131146641,7.830273394378538
555,23,52.8288788,47.545530945913825,5.273921972251222
555,24,78.1135237,70.30150347977943,7.80270738236856
555,27,51.930625,46.73710884503665,5.183024994301979
555,29,56.4983921,50.84798698459646,5.629291437290681
555,2,63.3804497,57.041814437568924,6.270852714369089
555,6,71.2037979,64.08272255287517,7.04272397797481
555,7,54.7028329,49.231975206883185,5.44869887241732
555,8,74.995046,67.49490017760152,7.451833315234804
556,10,73.70443039999999,66.33330907021815,7.350794086465255
556,12,59.1260597,53.212952298970826,5.853340682394485
556,14,74.857257,67.3708825600459,7.475403454749481
556,17,55.558437299999994,50.002127992070314,5.551068422591728
556,18,73.1740776,65.8560459462879,7.244176133731833
556,21,63.25075759999999,56.92499685875989,6.295014875925704
556,22,59.719145,53.74666838541043,5.952827363163146
556,23,55.48762430000001,49.93838562479953,5.5408736309116104
556,24,60.533127799999995,54.4792963030891,6.045216833857603
556,27,76.0157963,68.41356849390621,7.592150587268714
556,29,75.196709,67.67627402298191,7.489692162927141
556,2,73.7967121,66.416244058737,7.295355375820369
556,6,59.0645329,53.15757382992885,5.846759077933482
556,7,76.5041291,68.85300311301346,7.630500696414595
556,8,55.1591457,49.64275488203,5.498520557775565
557,10,49.1564118,44.24024084680505,4.893774654429335
557,12,73.9421627,66.5473101153146,7.319749807979191
557,14,63.5686314,57.21122542640923,6.330412238748652
557,17,75.71295620000001,68.140983196504,7.556679922679934
557,18,52.852732700000004,47.56699748103484,5.231782454413254
557,21,58.349118499999996,52.51367901143661,5.811584974256909
557,22,76.782554,69.10353206238148,7.648926378907278
557,23,69.6297626,62.66618171210512,6.951749777754601
557,24,75.70207450000001,68.13119103298031,7.5556115157272385
557,27,50.7582538,45.68198485115117,5.065736639246534
557,29,62.896837000000005,56.60656249275521,6.222749667200725
557,2,61.997889900000004,55.79751403373188,6.133588243702718
557,6,69.2642205,62.3372017038341,6.85642964574986
557,7,57.1872603,51.4679691057815,5.6994680410056935
557,8,73.6452668,66.2801046449855,7.317055578752712
558,10,75.653079,68.0870760475624,7.545638380742284
558,12,55.5042649,49.95331123587061,5.533677976334814
558,14,74.6087517,67.14722384805614,7.387842460618998
558,17,66.8927714,60.202928172677545,6.682745039359257
558,18,71.2037979,64.08280348620363,7.09003270453806
558,21,75.8357333,68.25146449552228,7.530277671415858
558,22,65.5163149,58.964118196893395,6.540128040561185
558,23,49.4209509,44.47840088668724,4.929284052230201
558,24,65.7437987,59.168860519084106,6.5665174649821
558,27,76.678521,69.0100073115874,7.656413625547746
558,29,72.0797566,64.87104269091658,7.128172897868074
558,2,74.8044873,67.32330531123604,7.399220896704733
558,6,76.24807129999999,68.62245742580366,7.538108489661977
558,7,69.1901589,62.27048159063125,6.898757018574881
558,8,64.2814164,57.852729037160096,6.38739654786503
559,10,51.214043,46.09209123149327,5.099511577584746
559,12,51.684961200000004,46.51600502866253,5.15759963928518
559,14,59.242588399999995,53.317823903708,5.866770692242188
559,17,64.5200232,58.067470569347975,6.44446283176141
559,18,61.759449499999995,55.58298458971484,6.170342379950424
559,21,49.7005894,44.73002194132467,4.948436897633117
559,22,72.11565399999999,64.90339966545588,7.188616116968495
559,23,70.2486511,63.22316132563333,6.9926356151683065
559,24,74.3469217,66.91156517464258,7.419626634362443
559,27,65.1139587,58.60201054822387,6.504452719046115
559,29,61.445453900000004,55.30036245355233,6.131020464439533
559,2,60.062315,54.05550811092625,5.941464705422063
559,6,66.3501491,59.714525612789615,6.565238297704167
559,7,52.8627604,47.57594808709907,5.267092698407765
559,8,75.3533626,67.81736245616986,7.485451543922721
560,10,75.4533212,67.90725805266771,7.521411895705197
560,12,72.0395602,64.83499025623216,7.195955041659165
560,14,66.3224352,59.6896103660182,6.576396095076717
560,17,77.07255669999999,69.36463178376437,7.695372613604541
560,18,51.643225,46.47845973553972,5.141983737268562
560,21,74.6363863,67.17199122867424,7.433043645594957
560,22,51.8241658,46.641249517743674,5.164704296167376
560,23,64.60532140000001,58.14423583154682,6.3955289059656995
560,24,72.9507961,65.65507655125062,7.282200779994064
560,27,67.2296122,60.50608235312113,6.713056443202515
560,29,54.776885500000006,49.29868411074544,5.45994754530082
560,2,72.7150487,65.44286970943038,7.249491983545048
560,6,74.695934,67.22554822336429,7.421594970658068
560,7,70.0767552,63.06841668795344,6.988006102762779
560,8,64.086613,57.67740765425375,6.36803132328634
561,10,65.3965983,58.856338679976176,6.5219714148409045
561,12,51.27204210000001,46.14438994263462,5.1177849625495355
561,14,55.1061211,49.595038963588195,5.4649308815629425
561,17,64.6232693,58.160390171181895,6.421373961396798
561,18,62.5119753,56.260232641455254,6.187608965446857
561,21,77.1497213,69.43402385586701,7.658694923890238
561,22,72.7058429,65.43457252053452,7.248604919784482
561,23,60.486457699999995,54.437282537121554,6.037551643870539
561,24,50.7165919,45.644495467760095,5.0630183818815055
561,27,75.7867706,68.20744132616029,7.502428783318479
561,29,57.206248,51.485072296216,5.702045644687852
561,2,50.5901347,45.53057039503287,5.034897722916907
561,6,68.186743,61.36746710389289,6.787213110041989
561,7,52.9854562,47.68633564820416,5.27606235339963
561,8,71.5714018,64.4136304317014,7.13368721855305
562,10,76.9122615,69.22030849578475,7.668254419287045
562,12,71.8255364,64.64237067902125,7.17456555831781
562,14,64.8583657,58.37196041246627,6.430948071129963
562,17,76.5399851,68.88533278784837,7.6447784893844215
562,18,61.386341200000004,55.24718612156568,6.077160701236249
562,21,51.6908608,46.52124886305742,5.140841304064619
562,22,56.31616,50.68400561827984,5.612969279379256
562,23,73.78182,66.4029957733082,7.303511625841699
562,24,64.516137,58.06395597409677,6.439496055704847
562,27,50.8883022,45.79903428370079,5.078430284729135
562,29,74.6565178,67.19017457585873,7.445584684990221
562,2,72.661704,65.39480765670389,7.238018378028202
562,6,52.6796229,47.41112517540414,5.235759584827203
562,7,75.8317496,68.24780300572439,7.556187841473727
562,8,59.1569338,53.2407388813555,5.9082616095040486
563,10,51.1570993,46.04084239158229,5.093829959967633
563,12,51.4273438,46.28416013557957,5.133300596484244
563,14,58.471151600000006,52.6235374175091,5.788589977928292
563,17,50.8081849,45.72692019286126,5.071449156769828
563,18,75.41416650000001,67.872084950151,7.464462697288047
563,21,77.95241229999999,70.15646892162252,7.7412345628769765
563,22,79.8947604,71.90454853242993,7.966999112370053
563,23,57.9360646,52.14194598609917,5.767051355199707
563,24,53.4733295,48.12554253591576,5.339977394894141
563,27,66.0633133,59.45641862333314,6.597453958682533
563,29,55.950649399999996,50.35501343378178,5.5738268925962995
563,2,70.69892589999999,63.62829029068686,7.040881654639749
563,6,65.013291,58.51129470930845,6.449069399407255
563,7,79.00519390000001,71.10387554996882,7.8729076190612135
563,8,65.5643444,59.00734190055473,6.545506097760749
564,10,75.9495134,68.35386027463426,7.575197968730039
564,12,71.4796566,64.33108183686765,7.139997772515956
564,14,74.2984919,66.86799270999602,7.365621841144789
564,17,75.3526962,67.81678207413789,7.526821085852811
564,18,79.7094678,71.73780179012978,7.888871657614815
564,21,51.9704316,46.772859846874645,5.15477685479377
564,22,57.570816400000005,51.813178517830075,5.714021871900804
564,23,72.9323972,65.63851633062882,7.281045582335561
564,24,62.9527339,56.65690665319133,6.2835815024961335
564,27,50.226728,45.20362321059876,5.013254743937354
564,29,74.24030139999999,66.8155156492695,7.396584534150369
564,2,57.314429,51.582463001525895,5.717274892884939
564,6,55.3046327,49.77365628066501,5.501316108118948
564,7,55.390213499999994,49.850596507886905,5.515996661657847
564,8,53.719522600000005,48.347114197920725,5.365089323384762
565,10,51.4042325,46.26329439991288,5.121165610440299
565,12,51.5746869,46.416767656897555,5.148021077883983
565,14,63.292081200000005,56.9623334109808,6.2657799175245295
565,17,56.938845900000004,51.244485034621555,5.689490826611279
565,18,57.238231799999994,51.513914305173834,5.714939897803037
565,21,76.5399851,68.88529687561835,7.634500617969259
565,22,81.5748115,73.41657945593059,8.071628267796008
565,23,52.534867500000004,47.28091227271597,5.242740097692643
565,24,55.0664595,49.55934309115576,5.499244612280116
565,27,67.0362698,60.33203342016759,6.687674129450976
565,29,62.3021479,56.0713383429722,6.210826462090681
565,2,47.1199498,42.407478841057845,4.694688057130318
565,6,61.9174591,55.7250308815709,6.149961209943258
565,7,78.9173942,71.02491562899966,7.869880911052049
565,8,64.9700759,58.47250939613019,6.45506929344583
566,10,66.13689360000001,59.52252822520811,6.587867031725627
566,12,70.8151502,63.73302410352942,7.071549556654405
566,14,74.9549088,67.4587579982917,7.419232983305387
566,17,57.895939,52.105852640832936,5.7826745526244245
566,18,77.1578147,69.44137430278634,7.707282174028583
566,21,50.8081849,45.72684839372201,5.05964083259686
566,22,61.943001900000006,55.748125253519184,6.175573219756026
566,23,62.580698700000006,56.32208318614203,6.230453886917498
566,24,75.1161419,67.60388655842061,7.502368763625444
566,27,60.6242012,54.56126618061833,6.055359732105442
566,29,75.0757531,67.56747803574301,7.476811547859147
566,2,60.8192826,54.73671570335292,6.05787052507706
566,6,67.1740379,60.45590618246321,6.662913584261519
566,7,58.295265799999996,52.465146139386235,5.808308059371709
566,8,50.143490199999995,45.12870305289793,5.00500814084695
567,10,60.098498,54.08812594629676,5.996927346580334
567,12,57.6993178,51.92889555813217,5.762790755583673
567,14,61.9513259,55.75566220613017,6.1328091095009025
567,17,76.7656054,69.08838589966136,7.667428742585477
567,18,61.0116247,54.90993887145626,6.092776751690582
567,21,74.4801246,67.03144017671664,7.42974650558602
567,22,82.49389000000001,74.24372270158234,8.22412030679818
567,23,57.44028479999999,51.695769756961674,5.707544429257031
567,24,49.7005894,44.73009442510313,4.9373202006842964
567,27,77.57009740000001,69.81242525262915,7.748470222725424
567,29,58.0253351,52.222230730742,5.782470079040821
567,2,57.6817015,51.91299423518381,5.751759717160342
567,6,52.0505247,46.844941593915586,5.146741333800027
567,7,78.2262929,70.40293570513491,7.80245156249555
567,8,72.3873487,65.14794163310954,7.220555810198878
568,10,77.35808159999999,69.62154276090551,7.713142662952521
568,12,63.6082371,57.24686903827101,6.333934890386136
568,14,75.257632,67.73121392040315,7.493381689342029
568,17,52.3541551,47.11828564787703,5.226902531401066
568,18,76.1438332,68.52877902638461,7.601166658519186
568,21,50.043771299999996,45.03889381506253,4.984556763814006
568,22,59.9857615,53.98661538032664,5.9794999087377585
568,23,73.7114206,66.33959792646462,7.319907869093407
568,24,76.2072207,68.58584796604676,7.54446640242296
568,27,53.273375599999994,47.94557567634602,5.3176293722615835
568,29,73.7650965,66.38781595914013,7.347286998699271
568,2,73.191487,65.87151258579804,7.284886558271338
568,6,75.1388437,67.62425335162527,7.433727384783712
568,7,59.3115225,53.37977844360587,5.910697289782603
568,8,76.1741454,68.55607713771975,7.607951415168983
569,10,51.930625,46.73700886115047,5.1710128349780415
569,12,50.8519862,45.76635296144657,5.0338067148656815
569,14,65.78898869999999,59.20953024261519,6.571841190122677
569,17,76.623606,68.9605876626291,7.653246250019038
569,18,77.0592595,69.35265962441623,7.672061763114783
569,21,66.1046621,59.49357941469411,6.590626501403444
569,22,83.1975212,74.87699266031996,8.296120373548698
569,23,64.3391167,57.90464718240248,6.369094136741717
569,24,51.6908608,46.521321553566764,5.135153600716629
569,27,76.5634611,68.90646209300618,7.644352346709997
569,29,61.6135671,55.45162156829015,6.142133269025465
569,2,61.48895829999999,55.339492576209366,6.1319294416205095
569,6,65.7826589,59.203835414786674,6.512480045343673
569,7,77.88356,70.09436859922415,7.755865616742693
569,8,53.2393649,47.914966470403,5.314891565249584
570,10,76.0157963,68.4135185046968,7.582552660676459
570,12,62.498721700000004,56.24828914808862,6.18523120223371
570,14,75.33701980000001,67.80264156961869,7.519187773559799
570,17,53.9337418,48.53990007839615,5.384730531713271
570,18,61.0007222,54.90012654896687,6.038561596059896
570,21,49.7605495,44.78402828849095,4.960172459200091
570,22,60.683560199999995,54.61463858190778,6.05057475474342
570,23,74.3096665,66.87804904858861,7.3554594422815835
570,24,77.07255669999999,69.3646324398996,7.683482009758298
570,27,53.275263100000004,47.94727155530856,5.317284252907006
570,29,73.5844225,66.22514894062597,7.324107142419619
570,2,72.6360582,65.37169277917954,7.234569431558114
570,6,55.775513499999995,50.197471189749066,5.520165696920306
570,7,69.38633060000001,62.44709846411841,6.927711603644465
570,8,75.09615170000001,67.58589549154097,7.500213138409328
571,10,50.7582538,45.681884876150335,5.054033996523127
571,12,58.368145299999995,52.53083586475052,5.778300248256019
571,14,78.47147009999999,70.62362764330378,7.833560488866226
571,17,77.2708443,69.54309885093281,7.718544633662652
571,18,74.695934,67.22568188448305,7.393367840583234
571,21,63.796523699999995,57.41620825390742,6.3522595474776935
571,22,77.8931147,70.10297737039683,7.755718159103188
571,23,62.175002400000004,55.95695582994814,6.153964048443406
571,24,66.8888254,60.19937469147315,6.680954554488364
571,27,78.2194612,70.39684610006641,7.812073847807439
571,29,63.420315,57.07772047054632,6.329218613552649
571,2,58.7235311,52.850614827265844,5.853538074989737
571,6,64.09635460000001,57.68601808318225,6.366843666902385
571,7,62.96972709999999,56.67201072949234,6.265638640933367
571,8,53.7016567,48.331025110254636,5.361080519130418
572,10,76.8243735,69.14123102289923,7.663280504030511
572,12,73.18428300000001,65.86520921705716,7.243608043948709
572,14,53.6464983,48.281379746586964,5.355497471143504
572,17,56.1277348,50.51447691922364,5.604353198618281
572,18,65.0601817,58.55361025981073,6.440863584650995
572,21,58.2296147,52.40612671589662,5.807766488853591
572,22,77.3564768,69.62005768976725,7.706974384209434
572,23,74.770605,67.29285492701739,7.44037007364552
572,24,76.9788536,69.28028839077953,7.673043859632036
572,27,56.9854592,51.28642466818911,5.689732256408871
572,29,55.7722231,50.194475968384594,5.561345485558128
572,2,68.00867699999999,61.207215334948586,6.78592970968985
572,6,59.9052914,53.914209721509025,5.974655166440784
572,7,65.5558869,58.99970040602646,6.5400308093386625
572,8,73.7771548,66.3988028288517,7.3675112479745595
573,10,50.7587323,45.68231552185803,5.054081001531168
573,12,65.0663649,58.559184954951036,6.44225976368151
573,14,74.3442131,66.90915617821682,7.399058613417139
573,17,75.9865517,68.38722955394243,7.586386434038067
573,18,72.7781276,65.4996775994734,7.203807909001566
573,21,75.075862,67.56751561181753,7.477827985532859
573,22,52.421255099999996,47.17861018939961,5.221982676205184
573,23,65.81236849999999,59.23054532748913,6.568588077134047
573,24,64.4200188,57.97747637266662,6.42566322126602
573,27,78.5968075,70.73645324971521,7.780909558868086
573,29,64.3244803,57.89128074198265,6.401164030700699
573,2,55.1395255,49.62502785396764,5.4943787073501005
573,6,73.3007617,65.96992973487724,7.301092923671435
573,7,56.7755256,51.09738078994147,5.655528651838436
573,8,77.6729495,69.90496407519565,7.75166703694063
574,10,74.64890709999999,67.18332997961443,7.4451883470357405
574,12,65.5326192,58.97880890751848,6.488348750479528
574,14,58.9356236,53.041568988383546,5.870435975070686
574,17,65.23954400000001,58.71504067225047,6.51874548100593
574,18,59.8080335,53.82672135105555,5.929688861106688
574,21,76.0528617,68.44684015811202,7.579074787841762
574,22,62.813570399999996,56.53167389894204,6.270742541479191
574,23,68.9123843,62.020562450430916,6.883880063360246
574,24,64.1938979,57.77395648101044,6.410122052345527
574,27,55.3048052,49.7738471098239,5.521036003622724
574,29,58.191631099999995,52.37191381449577,5.801188812112669
574,2,69.7406217,62.76589551517981,6.950620082053444
574,6,81.9649996,73.76761002917236,8.103915012695108
574,7,80.5502175,72.49444780213751,8.033608218276942
574,8,53.2424911,47.9177800138884,5.314497895388347
575,10,52.3711016,47.1334339445059,5.2142480808217515
575,12,55.5826567,50.02390873464228,5.533550005601006
575,14,68.8412809,61.95657709020151,6.8160644916196285
575,17,54.71481609999999,49.24287428437115,5.466112537491296
575,18,65.013291,58.511395234436485,6.435257374137187
575,21,51.4018173,46.26112352235945,5.1200863101759735
575,22,78.59195530000001,70.73203512557534,7.835046126998044
575,23,53.6607362,48.29418440994767,5.35521028584057
575,24,45.0706026,40.56314932020639,4.498138283214476
575,27,76.564196,68.90712167166659,7.646680286727038
575,29,76.3933432,68.75329796495804,7.618405294230218
575,2,48.9760579,44.077951992592496,4.878593218354798
575,6,58.8006866,52.920046135958216,5.81604553816513
575,7,60.4478728,54.402461651860946,6.022041364690202
575,8,74.4766886,67.02838400694442,7.4267273496241115
576,10,76.5044284,68.85326858815786,7.6263039942248225
576,12,78.5482699,70.69277370012776,7.8456493194768715
576,14,57.744110000000006,51.969216843235664,5.717150406603178
576,17,52.6791146,47.41073151353816,5.256932593881784
576,18,55.3046327,49.77370083201595,5.474997862946235
576,21,73.75359470000001,66.37750541776914,7.348011239173574
576,22,56.0204136,50.41781215706824,5.580076803462365
576,23,64.5690175,58.11155308013613,6.44664424394939
576,24,65.6781407,59.10977678711767,6.5271484913849775
576,27,51.1562379,46.040172264477704,5.107242424602053
576,29,53.9683635,48.57096115944798,5.375368395167474
576,2,56.4939342,50.84405247882582,5.639364776665521
576,6,74.7164093,67.2439990404202,7.387985721731622
576,7,80.450686,72.40480599576868,8.017217276246202
576,8,53.2129873,47.89122680461754,5.30404486843709
577,10,55.414673199999996,49.872680875491255,5.524105324758574
577,12,57.4473289,51.70209488706694,5.734006641038285
577,14,76.4681158,68.82064813104897,7.570117152123847
577,17,68.5382416,61.68382167919682,6.843532040245781
577,18,62.0897711,55.88023686017826,6.144832344897101
577,21,79.9719524,71.97395478725339,7.965741752771623
577,22,82.9313984,74.63750140119517,8.271259152801047
577,23,50.719110300000004,45.64670405703572,5.0563318180304515
577,24,52.1618048,46.9451701379015,5.1863960500423225
577,27,65.398539,58.85811549815759,6.529251501995072
577,29,75.1131799,67.60116658237664,7.492123237882973
577,2,67.92157800000001,61.128823897769855,6.7798623193634135
577,6,80.7959905,72.7155456114166,7.988587796717513
577,7,71.0461946,63.94091365099536,7.086076211972442
577,8,74.1173671,66.70499770015905,7.364648629479348
578,10,66.1706292,59.55293837665775,6.5974452394031475
578,12,80.6041857,72.54307749608144,7.979694193366012
578,14,55.080522099999996,49.5719911977967,5.452126825911006
578,17,49.4617763,44.5151696300305,4.937908956395969
578,18,65.3868829,58.84764427855314,6.473636218915205
578,21,53.863788400000004,48.47687629040785,5.365204184862049
578,22,69.2094051,62.28783334538199,6.90197329718154
578,23,59.295907,53.36579494568226,5.902818848005469
578,24,69.80047280000001,62.819836884404125,6.936415139818875
578,27,57.1156164,51.40356931244025,5.704511231236195
578,29,52.317098200000004,47.08480219302142,5.207871085919604
578,2,52.0860697,46.876899276923346,5.186331699637003
578,6,56.5036368,50.852693923392806,5.627960849411197
578,7,81.2961507,73.16577604342687,8.108380870530155
578,8,52.062943800000006,46.856199831260874,5.189689876503396
579,10,57.8515784,52.06591019484325,5.772877733216091
579,12,63.357054000000005,57.02078119365629,6.321648575768582
579,14,78.49901849999999,70.6484451879992,7.771391691822705
579,17,77.3909634,69.65120593711218,7.730812240154662
579,18,52.764582299999994,47.48766286291507,5.222543455226865
579,21,70.17167520000001,63.15378971336994,6.988391716905869
579,22,83.683958,75.31476396103369,8.341379352002086
579,23,58.4111555,52.56952631252162,5.8306597972778755
579,24,64.21073849999999,57.78911890676179,6.413981672105653
579,27,63.7923903,57.41259549536293,6.368766837872206
579,29,72.8421091,65.55719159025814,7.260782954036494
579,2,75.7518578,68.17595634859151,7.552862660192635
579,6,76.3736157,68.7355528061277,7.617470307303893
579,7,59.9695396,53.97197815222339,5.975514749853691
579,8,64.6462869,58.1811071422107,6.456835758771524
580,10,75.4653799,67.91808549871483,7.517108405006276
580,12,69.4652807,62.518155040151186,6.937104562550464
580,14,53.489028000000005,48.13965446486855,5.324649999956533
580,17,53.64469819999999,48.27975774460654,5.35485374767281
580,18,73.4725323,66.12465268387153,7.317060490436756
580,21,69.1536445,62.237674258023006,6.901776008848866
580,22,62.1149071,55.902821483975565,6.191210031412015
580,23,74.9676889,67.47026943067988,7.4860298754391845
580,24,71.99101879999999,64.79130071423667,7.178614478540233
580,27,62.2796326,56.0511408532715,6.219999507565117
580,29,62.4704621,56.2228197132996,6.227759582145048
580,2,69.0595847,62.15269306255297,6.8641516589222915
580,6,60.142123700000006,54.12732117160273,5.993928033302511
580,7,72.3294096,65.09583057597166,7.219642065886287
580,8,49.1864232,44.26735099402059,4.90939251557205
581,10,73.0117265,65.70984288046557,7.221840908708533
581,12,68.2037296,61.382777165741786,6.813027546219492
581,14,80.6018549,72.54097885763674,7.979513674695019
581,17,80.7000785,72.62937904335051,8.060973134780932
581,18,53.9274665,48.534251738124674,5.38306937683202
581,21,76.8325506,69.1485534640029,7.657096082207299
581,22,83.4347155,75.0903703577056,8.308161392011215
581,23,60.116848700000006,54.1046300756237,6.000172026545832
581,24,47.8516821,43.06609930899701,4.771086719986747
581,27,77.8101225,70.02842516481034,7.760255966708038
581,29,75.6430898,68.07805012218745,7.5409974383630525
581,2,52.0114516,46.809743635259075,5.178915931816325
581,6,77.3575444,69.62106565846476,7.714462122820733
581,7,80.9952368,72.89485106426682,8.067300401197276
581,8,60.5229024,54.470087456384654,6.0331312670302655
582,10,51.5285894,46.375138354567135,5.127114013657419
582,12,71.7647708,64.58768857274353,7.170761200905712
582,14,56.6332311,50.96941329934325,5.605656863741024
582,17,59.4603844,53.51381594991777,5.934363543923233
582,18,72.0625258,64.8556460993445,7.194148387311152
582,21,51.0578797,45.951571564975104,5.084561883887964
582,22,69.4771958,62.52884588772362,6.929536147804538
582,23,78.1024198,70.29144684818337,7.79084713660702
582,24,64.2985041,57.86810112482378,6.410807806445177
582,27,66.2030408,59.58217215109797,6.60633405064555
582,29,62.077271599999996,55.86894570900191,6.188576469155175
582,2,72.67908010000001,65.4104313415793,7.241552776355506
582,6,55.384362499999995,49.84534274528447,5.515666131126231
582,7,63.5920395,57.232259220127304,6.344499306540066
582,8,60.52554020000001,54.472472745191254,5.989746065068848
583,10,68.8007284,61.92004045681755,6.865048940874319
583,12,63.7564414,57.380256674721124,6.368735271172888
583,14,82.3951973,74.15497044478137,8.156802660359816
583,17,72.5258898,65.27268538989551,7.245725072393228
583,18,74.74148120000001,67.26667910920796,7.441182653787783
583,21,72.77730059999999,65.49890611447573,7.258453777677725
583,22,79.2766801,71.3482941881768,7.907780028626968
583,23,75.9376767,68.34322581287604,7.577645740950928
583,24,54.388610299999996,48.94929376313695,5.434079574812163
583,27,77.8571236,70.070737093079,7.73253057277246
583,29,76.5041291,68.8530043581166,7.629701862876769
583,2,64.2888866,57.85940988437847,6.412216344431083
583,6,74.3502464,66.9144330278133,7.404526632473311
583,7,56.67492790000001,51.006887476421824,5.649321688052604
583,8,76.42546519999999,68.7822503351784,7.562174425912087
584,10,78.2194612,70.39678896391813,7.801251244853047
584,12,69.8633787,62.87643794769303,6.976438520597161
584,14,57.522951,51.77015617399997,5.693919190212869
584,17,60.6361521,54.572006061186755,6.0533766627828225
584,18,53.520441500000004,48.16793266044177,5.328197925337188
584,21,56.8965792,51.206434606726994,5.680573001441186
584,22,55.1890394,49.669592257443504,5.49889420131376
584,23,57.406738499999996,51.66555069786886,5.728890267030001
584,24,75.6408653,68.07612497711624,7.5538133922239625
584,27,81.0350663,72.93085154952709,8.022294263859019
584,29,63.464981099999996,57.11791052649222,6.3313768053952595
584,2,65.2816661,58.75290009453003,6.511884523408918
584,6,66.4185635,59.776101478557045,6.625566695501437
584,7,66.92988319999999,60.23611712223284,6.660747948562941
584,8,64.60706189999999,58.145806460880515,6.3936919851299505
585,10,63.5354788,57.18134718738096,6.337188665323443
585,12,53.673196000000004,48.3054163238476,5.358766409892348
585,14,80.9505278,72.85478034027382,8.013943056204758
585,17,83.7466833,75.37129447460644,8.364742278988258
585,18,71.5870724,64.4277418971496,7.0861236466871675
585,21,47.018070800000004,42.31577833132364,4.681384423215753
585,22,70.604859,63.543729868123386,7.042489985673714
585,23,73.03429820000001,65.73022884454838,7.291704391024396
585,24,83.429205,75.08554195012306,8.326725766879196
585,27,54.303600200000005,48.87276608706831,5.4199080083487585
585,29,60.264947899999996,54.23792145749588,6.0122679363835845
585,2,64.2552599,57.829136658575,6.407491695544558
585,6,65.211444,58.689613512482985,6.494715103485766
585,7,68.4411587,61.59642475279968,6.828902579791462
585,8,75.5155638,67.96334691020661,7.472162552060494
586,10,80.2779127,72.24930573723536,7.997489647289621
586,12,68.20476210000001,61.38370412710325,6.812449004508684
586,14,64.5547396,58.098719916386266,6.401045967259319
586,17,65.9527726,59.35693424543251,6.5880782571255
586,18,62.736339799999996,56.462171791277406,6.210750066287778
586,21,69.8245987,62.84152612469595,6.968544619436869
586,22,53.0813813,47.77270842618816,5.28746979374371
586,23,58.0138872,52.21198577357689,5.7905563874559585
586,24,61.5121765,55.36043167047153,6.133128227656825
586,27,79.6790805,71.7104909002493,7.957738220934953
586,29,78.6815031,70.812616875747,7.841349749662066
586,2,48.9988048,44.09841427637261,4.880539524893262
586,6,70.7099281,63.63820049058987,6.9914466054554225
586,7,74.1996501,66.77902980974909,7.406139508217718
586,8,75.8222976,68.23939977341301,7.5021219045973275
587,10,58.5953563,52.735251541649724,5.840355763897196
587,12,53.779239999999994,48.400846466301616,5.368271181037212
587,14,62.002525500000004,55.801750891353734,6.13852048213802
587,17,68.1200824,61.30748963350977,6.803431764595447
587,18,71.6569146,64.49061143752894,7.093874750596972
587,21,80.1342055,72.12005716461788,7.992191640743039
587,22,73.5671148,66.20972198594602,7.335424406523253
587,23,74.0557021,66.64948095238181,7.372651825195662
587,24,71.7589681,64.5824673213259,7.169857632039447
587,27,69.4810964,62.53239978980801,6.9410053833355985
587,29,60.18815119999999,54.16874660434206,5.998373101250679
587,2,61.977947099999994,55.77959320502221,6.183651050373955
587,6,57.813693799999996,52.031786595506524,5.765238852205669
587,7,62.06455629999999,55.85750056780645,6.186677194823116
587,8,52.8621409,47.57546517470827,5.261495945285427
588,10,77.4575497,69.7109458941259,7.711499520922663
588,12,76.3181779,68.68570751417143,7.622075499222829
588,14,84.6412179,76.17636958705246,8.34303803846573
588,17,60.53080320000001,54.47721317025601,6.0474586882340855
588,18,51.099937,45.989501632290356,5.058029646910619
588,21,53.2339649,47.91002948256506,5.301184491204748
588,22,53.3699225,48.03238087447075,5.314343642418336
588,23,53.7862842,48.407168276436934,5.322655114416246
588,24,63.860906799999995,57.474241805036314,6.342793298335687
588,27,51.827265,46.64408573146311,5.17263217553223
588,29,80.2384929,72.21388150354579,7.999993736063694
588,2,76.9011793,69.21023945689319,7.657830617343791
588,6,63.875208400000005,57.487097553894976,6.37065255609407
588,7,76.2358982,68.6114503553156,7.5884714787321
588,8,75.6149111,68.05277443536379,7.529304361249523
589,10,76.3592532,68.7225458010274,7.6043960990038
589,12,57.880734499999996,52.092163193636445,5.778783356313637
589,14,62.0987383,55.88832548302192,6.182891121404786
589,17,71.3574825,64.22112041718425,7.126534834272812
589,18,58.9971389,53.09693167703334,5.8411451792481985
589,21,79.39775159999999,71.4572621186606,7.919924168070422
589,22,78.9468289,71.05142314490689,7.873203414383275
589,23,70.57610439999999,63.51788095822761,6.986177539617081
589,24,81.1728192,73.05482107293403,8.034692455588557
589,27,74.8645995,67.3775012775247,7.474643026783993
589,29,60.348175299999994,54.31276692960531,6.01438417624349
589,2,66.8628957,60.17598216908008,6.63900231140441
589,6,72.52907400000001,65.27551753232602,7.237384681256534
589,7,79.4472384,71.50171176612314,7.916441638752187
589,8,53.8831736,48.49438874734547,5.378519596666189
590,10,51.895627899999994,46.70554601491983,5.170090670227842
590,12,75.1633403,67.64632697365134,7.499352006730033
590,14,86.36779759999999,77.73026991495395,8.600703132877422
590,17,54.1556495,48.73961509689826,5.406902122631166
590,18,74.4741954,67.02614077033891,7.372820483774322
590,21,56.0789795,50.47051810884243,5.584890431850988
590,22,69.4283664,62.484932978464514,6.931503139986896
590,23,58.0551264,52.249124352004486,5.747550350541046
590,24,86.3205475,77.68773233254197,8.575370627559812
590,27,56.9801392,51.28164779233757,5.6901843973080535
590,29,79.39761130000001,71.45710224003774,7.916631138353889
590,2,71.4373216,64.29298121713822,7.072245943414264
590,6,80.29461049999999,72.26441437747113,8.009817264608595
590,7,67.3617102,60.62491346874503,6.718657220979557
590,8,74.9911103,67.49134996961855,7.465887168219623
591,10,66.65361419999999,59.98753047377966,6.636182510074309
591,12,70.867782,63.78040692452393,7.0813371568007675
591,14,75.11005010000001,67.59841377012575,7.46452766909833
591,17,79.0637727,71.156705937935,7.8945341255655945
591,18,54.022818699999995,48.62006479778013,5.347260639858775
591,21,79.9357613,71.94141634580289,7.9660328385349075
591,22,58.5055213,52.65441192590485,5.831027080139613
591,23,55.5315484,49.977902104316094,5.5275306816664065
591,24,61.1509,55.03528595469679,6.1061101360951255
591,27,61.821610299999996,55.63892758726515,6.176121647096326
591,29,59.3115225,53.37978009321535,5.90997546164938
591,2,53.0767319,47.76850090608356,5.264714703117443
591,6,59.041404799999995,53.136649326659985,5.880601883489387
591,7,85.4209281,76.87789833925069,8.505689051682154
591,8,70.1836189,63.16466524222665,6.948889944028012
592,10,61.11304,55.00120024624528,6.098973085360466
592,12,55.3309665,49.79738695679538,5.523302785969466
592,14,83.6241674,75.26103177200308,8.327794749496249
592,17,86.4167334,77.7742973242372,8.445063393525094
592,18,73.99238,66.59250336539583,7.367767127839126
592,21,86.3205475,77.68763573854912,8.599861019665486
592,22,78.5962861,70.73593286312742,7.8376407608919685
592,23,73.2143874,65.89231308890642,7.289876345572454
592,24,78.0935741,70.2835273074977,7.794965075369124
592,27,77.2531264,69.52713351542609,7.7109728887788815
592,29,80.58330670000001,72.52421096587477,8.03449636080908
592,2,70.9002222,63.80953676962853,7.039893360611588
592,6,80.4478337,72.4023049389719,8.02295089325079
592,7,59.01924280000001,53.11671917785138,5.880103575358429
592,8,55.409732899999995,49.868281173661074,5.515935060591435
593,10,67.9027399,61.11183340544566,6.771722178465344
593,12,76.977611,69.2791916297888,7.688916481370194
593,14,64.4953612,58.04527658533026,6.423059190013636
593,17,56.50044870000001,50.84991397351873,5.592698290594016
593,18,71.3814548,64.24270651911068,7.13210688777544
593,21,57.25516819999999,51.529097801084916,5.7053708316292004
593,22,54.0713358,48.66365892159485,5.385612030085984
593,23,52.6132705,47.35146088414724,5.235227304448956
593,24,66.6865016,60.017288954075255,6.662907399359507
593,27,82.66868410000001,74.4010885168295,8.182627594020566
593,29,67.5428984,60.78802445159476,6.740851787958753
593,2,52.4323062,47.18853595372391,5.222616468606223
593,6,61.181623200000004,55.062852593195686,6.095961901494212
593,7,69.7378659,62.76346738778957,6.9614427026810874
593,8,67.9545208,61.158477010287655,6.72649186515776
594,10,70.0428465,63.03795560148797,6.992452474624423
594,12,61.21633250000001,55.09417554953911,6.113495574061662
594,14,65.74114060000001,59.166462968162875,6.565930235531766
594,17,81.10403170000001,72.99293436396552,8.02922043765388
594,18,69.4634716,62.51653758212648,6.939247046347831
594,21,78.8490893,70.96346366690351,7.8646671069984455
594,22,77.5166179,69.76424497406441,7.670069942487972
594,23,71.46165620000001,64.31483847737341,7.071935226197913
594,24,62.176817500000006,55.95861088993614,6.210890814122261
594,27,54.0849436,48.67597988218407,5.398659258433572
594,29,62.5979459,56.33759741449692,6.217691263813124
594,2,64.2133262,57.791411085275506,6.406319438568134
594,6,79.4060984,71.46475146446531,7.856986756159633
594,7,61.277887799999995,55.14946801031411,6.104951056086931
594,8,61.806732200000006,55.625540689956786,6.1192599378055705
595,10,79.3513786,71.41546484329204,7.906433113720714
595,12,77.67691289999999,69.90855330684857,7.756604304635913
595,14,69.19642759999999,62.276193608484924,6.911767857136911
595,17,63.3449727,57.009933092761706,6.270860335873119
595,18,55.384362499999995,49.8454426388932,5.513539998126119
595,21,62.6657318,56.39862161145713,6.256654790434388
595,22,61.9831721,55.78432519842538,6.135843609513336
595,23,77.0954363,69.38519948719482,7.69331345069936
595,24,52.6776032,47.40938431816485,5.250647685954347
595,27,75.15864930000001,67.64214358010314,7.507727838977179
595,29,76.5643872,68.90728105407618,7.578650228278004
595,2,78.28101699999999,70.45212630982604,7.800529077443009
595,6,63.4612713,57.11453875537041,6.277870725522961
595,7,56.278007900000006,50.6495841240743,5.603002775085986
595,8,77.4184717,69.67596422594285,7.664392621685295
596,10,53.0814629,47.77275288902134,5.284034883203865
596,12,55.6358796,50.07181309893507,5.554350513054619
596,14,56.84295660000001,51.158167293291164,5.675322838504542
596,17,82.5118655,74.2599628720042,8.238783243460608
596,18,68.2999298,61.4693624395598,6.762171196478941
596,21,54.1556495,48.73955765272972,5.395885050639309
596,22,78.2804838,70.45172551521776,7.7426110462969016
596,23,53.8513802,48.46575452196244,5.3731250236390435
596,24,82.2150416,73.99283309693013,8.139184936954498
596,27,51.477121999999994,46.32896290890799,5.138858829102537
596,29,58.7566539,52.880366195162416,5.851291034132342
596,2,82.9311751,74.63720926654398,8.26160663375953
596,6,79.2384382,71.31383889564401,7.838688765539319
596,7,72.9325443,65.63857068421187,7.268546343061162
596,8,70.33370020000001,63.29974156565559,6.9611883398723995
597,10,77.8293828,70.045730603648,7.759968421373197
597,12,65.619096,59.056572169551444,6.543782893315539
597,14,81.19186069999999,73.07198003651264,8.067360278940916
597,17,60.28800439999999,54.258685431954284,6.020421266549678
597,18,58.3209254,52.488308426326874,5.804257825406813
597,21,73.3819063,66.04307884026622,7.324557299517915
597,22,52.6639012,47.39696673721738,5.206403250792243
597,23,71.8258541,64.6426208709398,7.166930310232469
597,24,56.50044870000001,50.849914694960056,5.613123642679965
597,27,76.27567189999999,68.64745344735707,7.619116787131212
597,29,81.2961507,73.16577737091626,8.107439334828639
597,2,59.6016318,53.64087697074143,5.938922357765922
597,6,64.0223642,57.61955337273637,6.335957039091117
597,7,57.1450268,51.42994091476209,5.693069230437468
597,8,62.0923692,55.88261109616173,6.154814112247647
598,10,51.827265,46.64398547073729,5.158309400704213
598,12,61.9447897,55.74978677041857,6.18799371289241
598,14,54.653493600000004,49.18766345139025,5.433592615610248
598,17,80.53324520000001,72.47923050821545,8.0442279874212
598,18,58.10266360000001,52.291900249939765,5.802401770166204
598,21,82.32066569999999,74.0877955445276,8.202715840751234
598,22,77.9688909,70.17128671950782,7.711230027689783
598,23,65.4484826,58.90306947515169,6.516778325282962
598,24,81.6159962,73.45369745328506,8.1098998411681
598,27,52.610467400000005,47.3489640112784,5.2520941394004605
598,29,59.9695396,53.97198003295773,5.975530646804042
598,2,78.7157994,70.84348417770862,7.849639594099978
598,6,55.2328715,49.70902715273543,5.501061273482434
598,7,82.0137636,73.81162668758995,8.179788840315084
598,8,66.24203539999999,59.61727129294103,6.555698302113846
599,10,76.4382772,68.79373799300693,7.562878191893994
599,12,62.962288799999996,56.665528047775204,6.289182450998747
599,14,81.4209446,73.27815142525019,8.060639719616564
599,17,53.8866204,48.49748563722712,5.378976681430875
599,18,72.1387617,64.92427975205251,7.185748500845355
599,21,66.877125,60.18883092477437,6.675424179938639
599,22,54.688365100000006,49.21898882996398,5.408209212157713
599,23,72.8223017,65.53938529849468,7.205369431514125
599,24,57.77088019999999,51.993292221264355,5.767350907150212
599,27,77.4396121,69.69498862666858,7.7351040093359344
599,29,76.59823850000001,68.93763876695031,7.632716954718228
599,2,55.9083444,50.316913578950874,5.567223569536318
599,6,66.6806543,60.01196133002229,6.597021269362458
599,7,66.5853039,59.92615041582,6.640402481283769
599,8,75.3350779,67.80093703514125,7.078822510976782
600,10,57.7969414,52.01674298533955,5.768033399349722
600,12,76.86723429999999,69.17985354937302,7.677688696272308
600,14,57.7882083,52.00888567957172,5.769052987812079
600,17,79.9644574,71.96732623558088,7.916371775351001
600,18,63.605079399999994,57.24402570879653,6.333507054069885
600,21,79.6886169,71.71903839976446,7.9497379440084295
600,22,77.3476678,69.61219548423962,7.650486078506472
600,23,66.6197273,59.95718380046824,6.595025451696241
600,24,72.6074138,65.34605961947346,7.215432014309792
600,27,53.633625900000006,48.26980013532497,5.354776152731397
600,29,67.0584886,60.352067629614794,6.697589927772061
600,2,80.4814827,72.43258398509298,8.026259767396867
600,6,56.400285100000005,50.75968888943226,5.596236233652622
600,7,83.2322033,74.9081475868834,8.29427275886436
600,8,71.277844,64.14945712101505,7.05428449626371
601,10,60.7260917,54.65292592455241,6.0570432825510006
601,12,56.596051800000005,50.93595796356749,5.650721944476516
601,14,80.2672104,72.23980183563721,8.016897824517946
601,17,61.7531451,55.577314171815274,6.114095218761938
601,18,73.3121466,65.98031642190129,7.258618236792049
601,21,53.8866204,48.49741383471159,5.366768402544369
601,22,55.71902600000001,50.146565038786356,5.510522011082112
601,23,76.4948859,68.84467989598463,7.610818756144567
601,24,83.9065537,75.51516400782049,8.364604700240656
601,27,77.7662354,69.98894678579288,7.767798584766578
601,29,56.82111,51.13842050022884,5.661274415819803
601,2,58.20193259999999,52.38115000771461,5.7983487341052
601,6,78.64847280000001,70.78289494492338,7.7819649921683345
601,7,57.79350530000001,52.01355376075846,5.757181673496715
601,8,56.127467200000005,50.514230687261396,5.575667029053916
602,10,78.5996786,70.73898134697461,7.839117368929683
602,12,74.1750783,66.75692818453672,7.406613742347297
602,14,56.7431492,51.06833889708222,5.6648937491775735
602,17,82.1963411,73.97600342303107,8.137432503035837
602,18,57.553685099999996,51.79782283972634,5.697315498566072
602,21,79.9644574,71.96728502307184,7.94034054958696
602,22,80.6217398,72.55883616179308,8.022775830570755
602,23,55.4678373,49.92056527364985,5.536605149414632
602,24,55.21060730000001,49.689066261681134,5.511862543701783
602,27,53.6445709,48.27965240897106,5.3562609446228455
602,29,80.7385315,72.6639344560663,8.050487416468524
602,2,79.0019522,71.10102823228982,7.817344126751304
602,6,58.464837800000005,52.61776818799876,5.781911847841775
602,7,82.5382674,74.28367563047973,8.233043575221396
602,8,76.997859,69.29741647061009,7.651135963174477
603,10,54.206700100000006,48.78548198950978,5.400494184327679
603,12,78.9265748,71.03322270125474,7.8780394793421955
603,14,82.2775223,74.04906621303908,8.21805654279411
603,17,56.7616728,51.08501105480319,5.651038942801149
603,18,70.0258173,63.02263591341494,6.992881729784421
603,21,61.6482282,55.48287509133566,6.124512831692522
603,22,58.1240671,52.31107012102113,5.78946185124355
603,23,66.5248769,59.87180322629687,6.6408283895913724
603,24,79.9644574,71.96732684092868,7.987389649325299
603,27,62.892057,56.602322542351686,6.283898763750983
603,29,66.6901677,60.02053205243135,6.650455601567214
603,2,56.7340576,51.06004809643166,5.647753654612295
603,6,74.9305584,67.43676362534165,7.410896193238131
603,7,59.06822699999999,53.16079231602824,5.884407654679759
603,8,55.92415990000001,50.33126297710546,5.583285731685081
604,10,73.8295631,66.44586456004477,7.355649242792722
604,12,54.9998809,49.4994155952703,5.48999559091239
604,14,58.0993107,52.28886931693415,5.799119547015468
604,17,81.2022255,73.08130800857978,8.069434635970003
604,18,54.4708165,49.023267743809924,5.423669654720955
604,21,77.8321556,70.0481294947874,7.749317292075053
604,22,81.5461418,73.39078239997066,8.133621638528835
604,23,55.8703313,50.2828147076674,5.5783233196553805
604,24,55.8336126,50.249770050371986,5.574975536305374
604,27,60.3373151,54.30307116066601,6.026689565841536
604,29,70.0394498,63.03487164648686,6.987350317885665
604,2,78.80647090000001,70.92503020699588,7.852064793985466
604,6,79.7189267,71.74622164227999,7.8832889650779014
604,7,81.834756,73.65051617480351,8.162105829862899
604,8,71.320042,64.18742432116166,7.122469852515264
605,10,79.5141965,71.561967751864,7.9215518387161135
605,12,76.83331,69.14932195850955,7.673413125011926
605,14,83.26529839999999,74.93804147831658,8.29063763843798
605,17,57.14792789999999,51.43263732066728,5.689519454624179
605,18,69.5390728,62.584568682983104,6.924652061453489
605,21,54.164782300000006,48.74777709710165,5.396887158523055
605,22,60.3476389,54.31232614288768,6.019103359104129
605,23,60.9404794,54.84590164332408,6.083629203224944
605,24,68.6352912,61.771154128983575,6.850119081753505
605,27,78.31735239999999,70.48494733872334,7.822553679590847
605,29,68.240653,61.415955517962864,6.805647697141889
605,2,80.8474876,72.76190856728495,8.0540914589774
605,6,57.0237194,51.32074938366085,5.666151467793912
605,7,60.708112199999995,54.63668713298205,6.049237244055092
605,8,55.05023559999999,49.5447401851362,5.497031006210743
606,10,51.477121999999994,46.32887402885162,5.127006206266626
606,12,60.591154599999996,54.531520804563,6.0500958432602605
606,14,71.82111169999999,64.63839187812977,7.1105920553020425
606,17,82.6722833,74.4043473112824,8.184588040022286
606,18,55.255438700000006,49.72941528621818,5.515663716979077
606,21,81.2318424,73.10792805958118,8.103571710662354
606,22,75.8252021,68.24190283604204,7.551243736010867
606,23,79.6107665,71.64899759559752,7.926980770542892
606,24,62.334168999999996,56.10022926273844,6.217266258793634
606,27,53.2448771,47.91992442478844,5.314938803810295
606,29,78.9610114,71.06418176072133,7.875450398352457
606,2,57.006208199999996,51.305018096536315,5.679944753091835
606,6,79.7257645,71.75244886331959,7.950745926887205
606,7,72.0279964,64.82456673392244,7.190600304649961
606,8,69.8772904,62.8889642835371,6.979343055520088
607,10,75.41980099999999,67.87712752100556,7.489674534032388
607,12,67.5672562,60.80996399584846,6.6897203501319575
607,14,65.2556802,58.72955568493971,6.498604336117844
607,17,57.6279129,51.864616578467576,5.736977982111933
607,18,78.64847280000001,70.782952771942,7.854948992888309
607,21,55.5113367,49.959644513239226,5.528806358230543
607,22,54.4796837,49.031192493996976,5.416790126419656
607,23,57.6164824,51.85431392757179,5.734047986656247
607,24,82.6863943,74.41704658327735,8.24555092200288
607,27,78.7782857,70.89978517721372,7.869499493448773
607,29,56.2703458,50.6427102371728,5.603026995511176
607,2,72.6579309,65.39144179993092,7.241143399085794
607,6,58.8313198,52.94759979338394,5.862068576732833
607,7,56.8116276,51.12990999562375,5.662841025418743
607,8,54.809247000000006,49.32784400689946,5.471198875057589
608,10,51.3640587,46.22710286661114,5.077527293837728
608,12,60.827286599999994,54.744042532997966,6.057655170407301
608,14,78.5659688,70.70869496150262,7.7776756548588954
608,17,80.7434973,72.66845840164473,8.065088632426143
608,18,62.9525845,56.656788436701554,6.286543775844498
608,21,80.29427249999999,72.26412321994526,8.009779835347716
608,22,73.11416539999999,65.8021141545161,7.263482763522929
608,23,79.9004677,71.90972414331696,7.909055533240019
608,24,68.9468867,62.05161770075127,6.889486859204491
608,27,52.961354699999994,47.66475670661191,5.286617990471786
608,29,79.5101364,71.5583793881039,7.893417146861721
608,2,53.606951800000004,48.24572476528166,5.341554956930512
608,6,77.78793859999999,70.0084222394788,7.7572672910786915
608,7,72.5854286,65.32619508837688,7.2377723872974515
608,8,73.3715993,66.03382041659167,7.330410504910881
609,10,76.0582648,68.45173916845684,7.525906111966571
609,12,70.6329181,63.56902143255851,7.018338746700231
609,14,59.9788608,53.98045384845828,5.937072163731983
609,17,56.327702599999995,50.6944386039446,5.622906907505945
609,18,71.9806542,64.7819810750041,7.192097058740854
609,21,55.9570468,50.36077975779288,5.573099221130266
609,22,56.9210913,51.22842403214635,5.6710733697211895
609,23,63.2621845,56.93537519429863,6.259668010280117
609,24,83.9670689,75.56963998644373,8.31263908026873
609,27,79.8118353,71.82996908344764,7.9722273737910845
609,29,57.3585681,51.62214567223867,5.692034860436895
609,2,64.368249,57.93084026336117,6.421063434636131
609,6,63.7323385,57.358562759689114,6.346707910952429
609,7,55.89248679999999,50.30263815047266,5.566067035365986
609,8,71.2243448,64.10130051794818,7.112710406393271
610,10,50.4448239,45.39979942526235,4.986370845700041
610,12,55.358571,49.822233617315085,5.526608655454497
610,14,87.9295379,79.13577948450433,1.9050865065192168
610,17,82.59093010000001,74.33113026439193,8.249189128637104
610,18,84.12623839999999,75.7128680929171,8.396394689524744
610,21,81.7504205,73.57464388757833,8.155590710997355
610,22,78.8743561,70.98620241421096,7.8668010181758214
610,23,70.4160114,63.37381061068306,7.03310983855389
610,24,57.9806756,52.18210385112059,5.787737085357164
610,27,65.2992744,58.76879180823092,6.522307966295609
610,29,64.2465479,57.821335532175034,6.41336318679819
610,2,80.8951648,72.80489941834199,8.068107308781503
610,6,79.9690754,71.97142633685249,7.955905893478006
610,7,83.908663,75.51701460333305,8.368433249642202
610,8,68.6185442,61.756110567295096,6.85580827888351
611,10,76.3169043,68.68451248322236,7.551416161132977
611,12,80.6294732,72.56583714517711,8.054107948250525
611,14,61.5742593,55.41626143536614,2.87137570863707
611,17,65.8691361,59.28166521461344,6.579773337692047
611,18,58.8313198,52.9476797893391,5.874060615730543
611,21,56.7379502,51.06358611021741,5.651389950205805
611,22,56.6245294,50.961510850390034,5.62788873443108
611,23,80.7518359,72.67594632204708,8.061800883937254
611,24,83.3974484,75.05698903860961,8.25630521663058
611,27,82.4754423,74.22718144299833,8.235593325236968
611,29,82.74256079999999,74.4675280493384,8.251068030842355
611,2,58.4625347,52.61567774617051,5.823266665673694
611,6,59.9543791,53.95834317247082,5.962299544310255
611,7,61.431737500000004,55.28794364904096,6.120936037996498
611,8,74.6886765,67.21917472803555,7.461558664893243
612,10,50.8607897,45.77417916681433,5.028350231639459
612,12,58.8366794,52.952501232117775,5.874126152524074
612,14,87.1736801,78.45551399018909,1.8888024053935206
612,17,52.741707500000004,47.46708150024794,5.266012925363128
612,18,70.7422201,63.66740150691746,7.068484695809326
612,21,81.98979229999999,73.79007643809108,8.178773804108415
612,22,82.31044349999999,74.0786509321243,8.144946898127806
612,23,62.7406829,56.46605825702574,6.261512550264408
612,24,59.4894021,53.539946946979946,5.888711219125412
612,27,54.567716,49.11047090036686,5.447650207242596
612,29,68.7404914,61.865838589477534,6.861667295870498
612,2,82.1067545,73.89532410421799,8.187355142616605
612,6,79.0716742,71.16378163776209,7.824504592059762
612,7,84.0442522,75.63904895867054,8.382550697149185
612,8,61.2395914,55.11509009064382,6.112099846066295
613,10,72.27432160000001,65.04620820603364,7.15012466825321
613,12,82.7992591,74.51862655550144,8.227535270375336
613,14,61.761935099999995,55.58520274727077,6.113468371165407
613,17,74.80090630000001,67.32017218155761,7.469567938440568
613,18,73.80905920000001,66.42751622704385,7.349547580333735
613,21,56.327702599999995,50.69436675677721,5.609712167214474
613,22,58.4382173,52.59381468010797,5.821389988016142
613,23,79.4924424,71.54249757832996,7.934924139302918
613,24,82.59093010000001,74.33113054565477,8.176247696329304
613,27,71.8463668,64.6611252847871,7.179403279597302
613,29,73.8098901,66.42824304993859,7.366114513813141
613,2,58.6479875,52.78256880511256,5.841167228001241
613,6,57.0071663,51.30585117071221,5.64367642790999
613,7,60.2726084,54.24472511834071,6.003841392820778
613,8,80.455815,72.40954290900989,8.034794789736306
614,10,51.1907551,46.071173881564214,5.0889375839784075
614,12,60.987863899999994,54.88854576633681,6.058720454445652
614,14,85.3674822,76.83000346748805,8.501911801654662
614,17,56.9794352,51.280997837167696,5.673052813325199
614,18,63.40070169999999,57.06009578321205,6.300188434727564
614,21,81.5564699,73.40008953337889,8.070689809326607
614,22,82.6221082,74.3591470409349,8.241107234841618
614,23,64.5370051,58.082752497347904,6.426630356847632
614,24,63.6565487,57.29036106901928,6.302557199248551
614,27,59.0357759,53.13167981937935,5.8928346703737935
614,29,79.7427616,71.76766311427306,7.944648653019562
614,2,84.4790938,76.0304046679433,8.426041894322765
614,6,79.3960621,71.45572370926632,7.856187699428037
614,7,83.5858829,75.22652449322686,8.27102227851753
614,8,59.6176625,53.655388472788495,5.95351457939877
615,10,69.24846260000001,62.322955185005526,6.887078060987544
615,12,84.05557540000001,75.64929956031233,8.3599430597311
615,14,59.266254399999994,53.33910849307298,5.900099577176615
615,17,85.41782479999999,76.87531110647767,8.506863628250015
615,18,60.180229399999995,54.161700956945566,5.958151646603599
615,21,62.4826876,56.233853070677945,6.2310135662579835
615,22,60.8732241,54.785299855270715,6.064989950816947
615,23,54.2901371,48.86063980073977,5.41808485616891
615,24,85.41782479999999,76.87531144386278,8.456377756765725
615,27,69.149113,62.23361570632452,6.907793926449568
615,29,77.8580616,70.0714836203293,7.757190227902447
615,2,70.0096,63.00799320463622,6.982007406354198
615,6,58.889413000000005,52.99987091423932,5.8232007222787825
615,7,61.1042597,54.993188806973095,6.085483078570071
615,8,65.3975889,58.85727950435953,6.534242042198946
616,10,51.330036,46.196509065905495,5.113378051664911
616,12,62.8864741,56.59728147871042,6.252987739772463
616,14,84.72416390000001,76.25102245176275,8.387751697347667
616,17,67.78645850000001,61.0072308744171,6.711573346481366
616,18,76.99136610000001,69.29155970363531,7.6212652140990516
616,21,66.5649542,59.907877313089294,6.643628471475518
616,22,83.648371,75.28277056130794,8.342661457199666
616,23,70.1972255,63.17688997203843,7.008342361028972
616,24,61.0329325,54.92910880103216,6.092797894945237
616,27,57.1875537,51.46829086037321,5.707355653148475
616,29,57.4127888,51.67085397685956,5.7136036307039895
616,2,72.2186581,64.99616526366093,7.210517281284907
616,6,79.1996118,71.27892436624555,7.837043527498849
616,7,84.7518824,76.2759146190973,8.453749613782684
616,8,60.171152299999996,54.15352112650324,6.008748216980347
617,10,78.5537408,70.69763772554678,7.834672609262762
617,12,83.4724125,75.12445877082745,8.263822999627843
617,14,59.76014240000001,53.78360326777223,5.915039274132074
617,17,89.2965466,80.36611993273951,8.917288630212202
617,18,82.4260024,74.1826821301454,8.228800138302608
617,21,56.9794352,51.28094045331101,5.67720841738166
617,22,61.90982459999999,55.718265983361675,6.173014280786013
617,23,56.35154489999999,50.71587579904844,5.621336215358047
617,24,85.8601829,77.2734309391586,8.551871460090569
617,27,87.8740581,79.08590019213638,8.777999659167204
617,29,79.6033372,71.64225980527576,7.938836807958225
617,2,65.9207263,59.32805647566417,6.57686001389136
617,6,72.3130345,65.08108168137751,7.196579638283192
617,7,63.129399500000005,56.81579727531981,6.288331069461373
617,8,82.4706235,74.22285321778759,8.23709554654902
618,10,56.2792611,50.65076904565533,5.6073626443550895
618,12,60.8902088,54.800657064890416,6.061825837268637
618,14,84.9497785,76.45407153574523,8.4098591542955
618,17,61.720915600000005,55.54828944319433,6.1620028565085
618,18,58.4664333,52.619282787072585,5.837195072386169
618,21,85.41782479999999,76.87527234125231,8.452697866487682
618,22,69.714818,62.742703532992245,6.922446399087741
618,23,80.40719779999999,72.36577686970132,7.959242564663776
618,24,58.5424079,52.68765510192114,5.844197366578862
618,27,59.982231600000006,53.983490606713,5.989129829876335
618,29,63.8689002,57.48144931220244,6.3751317404044485
618,2,75.0101114,67.50838415802244,7.479084386021748
618,6,59.9060891,53.91489936280407,5.956694616208239
618,7,86.081423,77.47247990826861,8.586077486313402
618,8,63.190507600000004,56.87091490012313,6.310386300928012
619,10,78.7782857,70.89973516954731,7.857603770230217
619,12,80.9686562,72.87109973276124,8.06371071813532
619,14,70.2341949,63.21018078092323,6.9534937712978655
619,17,84.387518,75.94803078555283,8.40250049762622
619,18,79.0716742,71.16383223336206,7.897793689089919
619,21,72.9603114,65.66362690138702,7.278015302123414
619,22,66.25530619999999,59.629191989856274,6.611300073728074
619,23,70.0180242,63.01562655524316,6.931788093571775
619,24,86.9418929,78.24695871307428,8.68364262476055
619,27,85.1917547,76.67185022551564,8.509921795250543
619,29,68.8093746,61.927708928910214,6.853172585319267
619,2,58.44660820000001,52.60135599829698,5.823542186649981
619,6,66.1985469,59.578108620359146,6.551942895874368
619,7,64.0662037,57.658950547400835,6.384699110851406
619,8,81.3300648,73.19636263649117,8.12286181565952
620,10,52.961354699999994,47.66465669568311,5.273440075856331
620,12,57.3936974,51.65382984991753,5.729207574018397
620,14,55.997225900000004,50.3970169458157,5.590817941235937
620,17,88.6150839,79.7527997977446,8.847097138245603
620,18,57.0071663,51.30595218186083,5.690827378075309
620,21,74.111821,66.69997797725581,7.394233474473909
620,22,83.5030807,75.15201450166455,8.308827912082158
620,23,83.2370868,74.91265257532248,8.23706479980739
620,24,62.073986000000005,55.86605033204377,6.180516151309898
620,27,59.3469499,53.411742545957765,5.92565010297905
620,29,64.7315159,58.25775379640992,6.454000382121921
620,2,84.8680522,76.38045874932789,8.464071769660125
620,6,65.5345214,58.9804568297712,6.519063555342863
620,7,74.7381785,67.26355245461518,7.442778356395114
620,8,59.5016011,53.55092740063261,5.94035053964724
621,10,78.4318381,70.58793508774633,7.803868469070051
621,12,67.3911867,60.6515027590496,6.734577925313675
621,14,68.9359891,62.04180518734916,6.886861897848586
621,17,60.2800698,54.25153815579297,6.018368119913392
621,18,79.73533739999999,71.7611215052615,7.940695164258257
621,21,87.7631009,78.98598181847412,8.75217652176415
621,22,58.2936675,52.4637201824705,5.764558018007721
621,23,62.298622,56.0682033474463,6.165589369270339
621,24,76.72547870000001,69.05228275726398,7.596333313942174
621,27,80.8688151,72.78122712651505,8.074259647588157
621,29,83.908663,75.51701588938785,8.367698865353885
621,2,62.858454699999996,56.57197984974525,6.2634374492589915
621,6,83.3198822,74.98712839232451,8.286146465544164
621,7,72.2993701,65.06879632899206,7.216830244618021
621,8,81.6328419,73.46886124440185,8.153678943517292
622,10,69.3374124,62.40307887859583,6.887134929323484
622,12,82.6019716,74.34106646751263,8.17741703834567
622,14,87.2593238,78.53264369811436,8.715643860060307
622,17,84.4410761,75.99624653665747,8.359751307377605
622,18,68.9490733,62.05358539115704,6.867545395756198
622,21,60.2800698,54.25147433461734,6.006218667510035
622,22,86.34559750000001,77.71025479215263,8.544490174192106
622,23,81.5106241,73.35885103717403,8.068447808454941
622,24,66.0485965,59.44317457474344,6.597460279075562
622,27,83.3018178,74.97091513251091,8.318843700836643
622,29,61.431737500000004,55.28794553612077,6.120829642665773
622,2,83.9989022,75.59824083604086,8.378849051663654
622,6,63.7636081,57.386605618414315,6.353271187525243
622,7,71.47714590000001,64.32876151283371,7.128461659338923
622,8,57.945323,52.150285401023886,5.7838940598768245
623,10,57.30957599999999,51.578060340108955,5.711988988940805
623,12,60.9075602,54.81627590260684,6.028882150048181
623,14,63.2869112,56.957668354658416,6.318111395762307
623,17,57.330368099999994,51.596828665076345,5.674754426334405
623,18,79.3886165,71.44907658483552,7.859453826587017
623,21,84.4410761,75.99621076459282,8.424401503879995
623,22,62.063359,55.856410089291956,6.137906854744027
623,23,61.2539645,55.128020827313854,6.096777903936594
623,24,73.1604343,65.84375843135099,7.305927817149481
623,27,57.0026859,51.30191999241475,5.690385779321755
623,29,84.5233865,76.07026180816246,8.429715249676638
623,2,59.6037237,53.64272315798424,5.936546294848855
623,6,84.2707491,75.842904875214,8.406046959380477
623,7,75.2231642,67.70015438320955,7.503732339611318
623,8,81.834756,73.6505803711204,8.173291268960421
624,10,77.1183436,69.40578061635654,7.688867981445039
624,12,83.5327598,75.17876074990558,8.269029454357561
624,14,89.2527927,80.3267493849764,8.83613924711847
624,17,82.0357166,73.83144167860543,8.12140253680092
624,18,58.553387,52.697537256194444,5.795691827592793
624,21,69.4637399,62.51674005667308,6.928477792437288
624,22,85.4196738,76.8768928944838,8.494932904731128
624,23,78.4965837,70.64624079767289,7.815544478352718
624,24,69.78110199999999,62.802355902005935,6.961805853910941
624,27,83.6114119,75.24955531123436,8.351969712134288
624,29,61.9789847,55.780463227366376,6.175168873196666
624,2,82.2156655,73.99334316080507,8.20086280360082
624,6,69.70843930000001,62.73693690971829,6.949868363749624
624,7,86.05295720000001,77.44687078333675,8.584636106717666
624,8,60.708112199999995,54.636777003987895,6.060906241279092
625,10,59.537209000000004,53.58289372518162,5.918449608190974
625,12,87.4502444,78.70444499124501,8.705439616669667
625,14,64.2988076,57.86836309951848,6.416512114673551
625,17,62.2391969,56.014747967055655,6.16157433048841
625,18,65.5765813,59.0183735095006,6.552334326499733
625,21,68.8243513,61.94131702579543,6.869767793656297
625,22,88.147355,79.33173438162054,8.780988965652499
625,23,64.7083485,58.23696228024163,6.463354892996861
625,24,52.3102399,47.07876285407833,5.196826614617454
625,27,71.1451519,64.03003475656833,7.108024376450876
625,29,83.5858829,75.22652517660254,8.222770251221121
625,2,58.7518719,52.87606387237585,5.851535989446245
625,6,86.98155709999999,78.28252784163762,8.6665436680406
625,7,63.440215499999994,57.095528943073155,6.318672451754058
625,8,79.6033372,71.64232266581479,7.950998920948782
626,10,87.1533631,78.43722787655693,8.623958679514303
626,12,61.580161499999996,55.421613775230455,6.147943932709422
626,14,91.1732423,82.0551355336338,9.106430316194812
626,17,76.3201258,68.68743791752205,7.597794084034436
626,18,83.6614747,75.29461127202856,8.331782328225481
626,21,52.3102399,47.078704905019706,5.211783867896874
626,22,61.5921755,55.43234993004875,6.136917825757997
626,23,64.0163704,57.61417849451697,6.3920303615783185
626,24,72.5449091,65.28979449014841,7.181498984207493
626,27,57.820793699999996,52.03821853031218,5.773916571856086
626,29,61.1042597,54.99318917438234,6.021282191963652
626,2,81.4458041,73.3004745291088,8.124037917660402
626,6,73.7466607,66.37133090636198,7.357657533534353
626,7,85.5165518,76.96405617206949,8.485055167440937
626,8,59.3906686,53.45109251592813,5.930755466134185
627,10,58.0842981,52.27527453216062,5.743458184081003
627,12,79.8146483,71.83248968275508,7.946805460908875
627,14,65.9415987,59.34686685126217,6.584499477800089
627,17,61.2705049,55.14293946591196,6.121953872052458
627,18,65.241006,58.71634198737776,6.458173756710903
627,21,67.577246,60.81891440712244,6.741326933532467
627,22,87.6196194,78.85681322133928,8.732641369075214
627,23,61.253299299999995,55.127428772458956,6.1141619848109565
627,24,56.04866630000001,50.44331443296415,5.5684873969492354
627,27,65.12937210000001,58.61588472915614,6.506733032632351
627,29,84.7518824,76.27588712747945,5.512354864689455
627,2,57.725539000000005,51.952373097025394,5.7491135191097404
627,6,85.3409466,76.80599251810278,8.502802832481454
627,7,89.54593159999999,80.59042895370946,8.92213424477368
627,8,75.82742660000001,68.24403320259925,7.573296649632225
628,10,84.5936061,76.1334680735637,8.319040196342934
628,12,68.5091348,61.65763766898577,6.782282905360814
628,14,88.6009249,79.74007411385017,8.851061698451144
628,17,81.7360551,73.56173310834986,8.1606107020697
628,18,85.478044,76.92950790782106,8.461921274650155
628,21,53.6587861,48.29226519659122,5.334916790452905
628,22,92.17956000000001,82.96068368792062,9.163063363993983
628,23,80.9101365,72.81842110388726,8.078809325660965
628,24,84.87711089999999,76.38867367483277,8.452974616441132
628,27,67.2673944,60.54008561351974,6.7201633081653736
628,29,63.129399500000005,56.81579831634845,6.241909948153582
628,2,79.2463597,71.32099345087155,7.9035777245119805
628,6,62.5181578,56.265697041819394,6.2267751562206035
628,7,75.9976793,68.3972026510509,7.579809963311079
628,8,56.3886054,50.74926148119781,5.630754167316686
629,10,57.472219300000006,51.724408831141325,5.683079573289372
629,12,79.3994492,71.45882608118326,7.907165789405618
629,14,62.384217,56.14524810373173,6.227952602976149
629,17,80.6956875,72.62542263851401,7.9884321949327655
629,18,65.3364158,58.80220998992407,6.467877679270241
629,21,82.378004,74.13942485065573,8.211909726106233
629,22,64.7040645,58.233032599410954,6.433219407469054
629,23,59.7206613,53.74805157086193,5.957893190652098
629,24,58.274091299999995,52.446175442378035,5.816885063446528
629,27,85.5092178,76.95756428239473,8.541650519967629
629,29,85.52116290000001,76.96825645020056,8.462338946020918
629,2,56.302732600000006,50.671874447577956,5.6077292942798485
629,6,82.7923933,74.51238774128088,8.192348469921184
629,7,94.10197,84.69082434662832,9.377738173833524
629,8,66.02901639999999,59.425556116916255,6.595429061207677
630,10,82.2373791,74.01288831947205,8.087364049847418
630,12,57.8470313,52.06182636792348,5.758853737755086
630,14,87.0840716,78.37491822898642,8.699183481110275
630,17,56.3030894,50.672277617694625,5.618239712681207
630,18,84.7135806,76.24149743841409,8.386735024038844
630,21,90.96085459999999,81.86384558693919,9.059923602208048
630,22,89.4156296,80.47324326697932,8.91703581294257
630,23,82.3996823,74.15899594047323,8.204405579579202
630,24,85.2070578,76.6856228873836,8.387489560394295
630,27,61.2491582,55.1237136390511,6.115724552823389
630,29,70.6833195,63.614375458391706,7.03756832604528
630,2,73.2019906,65.88109787088145,7.298775885503924
630,6,64.5587313,58.102262044481165,6.422430619832865
630,7,68.0795945,61.27095771776376,6.784866656402557
630,8,83.908663,75.51707867818372,8.306879378208468
631,10,57.0026859,51.30181912466655,5.653273490526988
631,12,77.0594409,69.35283953085872,7.624524122845533
631,14,62.4390659,56.19462138457692,6.235317209110193
631,17,84.2839239,75.85481103924296,8.418635286885804
631,18,64.4008256,57.96018686154975,6.3749944704077235
631,21,60.1417176,54.12696740921134,5.993514926288122
631,22,71.1956397,64.07537260200446,7.0804659469859095
631,23,63.5252645,57.172171276679364,6.323025726436146
631,24,60.658768200000004,54.592363923522335,6.00422258759034
631,27,81.0132215,72.9111981657643,8.090137493707452
631,29,61.6643684,55.49729817995161,6.097816294973468
631,2,63.2533966,56.92749974473951,6.28312419342731
631,6,64.5661259,58.10892358614603,6.440548645045062
631,7,85.97701169999999,77.37852048392588,8.577023654298499
631,8,74.4476604,67.00227000774686,7.371124418958667
632,10,83.6114119,75.24949745207624,8.273112921578917
632,12,62.4264175,56.18325370730625,6.1773420649874025
632,14,69.1055221,62.19438431352695,6.904084999435375
632,17,59.4364998,53.492329318856825,5.9335124532223364
632,18,84.2302638,75.80651647603307,8.338748693766746
632,21,85.2070578,76.68558437572928,8.500296387110135
632,22,71.1294786,64.01586975682058,7.037307019028822
632,23,76.7008362,69.03010318586566,7.593740620327017
632,24,86.8789441,78.19030620887747,8.585821861829695
632,27,82.59640499999999,74.33604316251146,8.246877603373605
632,29,85.6615797,77.09463492452386,8.476534830928864
632,2,83.3139207,74.98175842771721,8.271316408742065
632,6,71.2253369,64.10210814601787,7.082424083879264
632,7,62.1577271,55.94131580384208,6.192762059937399
632,8,86.081423,77.47254397512195,8.522081736659894
633,10,66.3941558,59.75417533968005,6.572720584463358
633,12,75.8839451,68.29491107288862,7.508931021526844
633,14,71.7751822,64.59705402555828,7.170410598524113
633,17,87.3583142,78.62173261846955,8.724946313508834
633,18,65.0345508,58.530534085893144,6.437750354834525
633,21,60.658768200000004,54.59229963409054,6.04401885527597
633,22,74.1266345,66.71332374896622,7.3787581447778425
633,23,82.4288728,74.18525141650261,8.158527087146183
633,24,61.1048291,54.993814977485535,6.0705104731847666
633,27,55.69609009999999,50.12599502152558,5.559842295939006
633,29,61.7432569,55.568283220612706,6.1500436511429575
633,2,70.58580380000001,63.52657484369066,7.008410658432947
633,6,62.1513301,55.93559725512593,6.195367054714724
633,7,77.2360013,69.51167046436959,7.70192928772181
633,8,70.7807305,63.70206310093283,7.073490797295258
634,10,83.975599,75.5772712456117,8.258246215117556
634,12,61.0075575,54.90627262783946,6.0448967177830415
634,14,90.7628313,81.6857712604451,9.067128905558066
634,17,65.2245035,58.70149042433988,6.512508280655864
634,18,82.7923933,74.5124454044073,8.196337095158649
634,21,86.8789441,78.19026764564909,8.666736114521502
634,22,60.4251082,54.38198633246197,5.9767020360509076
634,23,83.6108629,75.24902038984801,8.343011459766192
634,24,89.3303019,80.39650610631313,8.843702752167712
634,27,81.3523106,73.21638456951452,8.126480167987387
634,29,84.4016588,75.96066486301834,8.412224159186335
634,2,87.756091,78.9795665444208,8.741002119323857
634,6,83.4791112,75.13043275008044,8.260481968055752
634,7,63.849352599999996,57.46382182924693,6.367086572268405
634,8,60.8024561,54.72168050512541,6.0531526090509935
635,10,73.0032499,65.70230089182131,7.181153087900091
635,12,81.75516689999999,73.57895251355068,8.093794158727663
635,14,63.285506999999996,56.95640134372341,6.318003467665016
635,17,88.78750600000001,79.90799522457644,8.868410173477692
635,18,64.14694469999999,57.731704133131906,6.388107758094428
635,21,61.1048291,54.99375058235666,6.087868057931391
635,22,89.9968341,80.99633626811962,8.904465352044857
635,23,71.57769280000001,64.41930874749691,7.148768243652176
635,24,76.85902610000001,69.17247247731021,7.609347396141039
635,27,57.4600968,51.713588718213046,5.7366439151486865
635,29,88.17605520000001,79.35755386292531,8.75008127109805
635,2,60.1792953,54.16074754500837,5.995341923796914
635,6,61.401941400000005,55.26112484620079,6.0720201423695
635,7,80.6360326,72.5715335148183,8.027537958059217
635,8,86.5522338,77.89627068233312,8.600884534052142
636,10,65.5922516,59.03246844045151,6.492684802952492
636,12,68.1688669,61.351410241696094,6.745732841217676
636,14,90.349895,81.31413117128456,9.025581807667532
636,17,61.8702143,55.68265451644652,6.177252186458059
636,18,75.7373179,68.16292735779484,7.561339112187781
636,21,86.9072709,78.21572604827576,8.663434935747784
636,22,65.4092313,58.86766632665141,6.468892964120845
636,23,64.4098338,57.968282640320226,6.428763699893079
636,24,59.086489900000004,53.17732398680959,5.849046888607216
636,27,80.8941766,72.80406877057743,8.08097491188893
636,29,63.440215499999994,57.09553051105573,6.292776557976988
636,2,82.8321579,74.54818100818245,8.262215769261353
636,6,81.73423319999999,73.56006168359062,8.083638910396271
636,7,65.8671231,59.27977797967124,6.566938224364211
636,8,62.9164248,56.624236984130164,6.264202240700381
637,10,80.0452841,72.04002166400316,7.8714914460762175
637,12,58.4747389,52.62675779736278,5.820385462840974
637,14,65.7754329,59.19732295749045,6.56866169080828
637,17,85.9959767,77.39564288625299,8.58943572784994
637,18,63.2374852,56.91320529754488,6.318590576129934
637,21,76.00198689999999,68.40113795266126,7.589878642389602
637,22,91.1217764,82.00877467247021,9.017171117117623
637,23,78.4292559,70.58564421297883,7.808537491759886
637,24,77.7585658,69.98204333477625,7.743708204703825
637,27,55.5776567,50.01940598169091,5.548011196570292
637,29,88.4950985,79.64476805144322,8.795436331110896
637,2,59.56149979999999,53.60472197016508,5.931632733418056
637,6,60.566086500000004,54.50884843355344,5.98805149725326
637,7,85.3909895,76.85103659770428,8.510199857564379
637,8,86.05295720000001,77.44692691626611,8.570237316413875
638,10,52.8216272,47.53890118535648,5.203177545211688
638,12,80.96317119999999,72.86616320499829,8.015432315411418
638,14,79.9607173,71.96396068803679,7.987263267821441
638,17,69.3241517,62.39115394604501,6.759794022248389
638,18,83.872762,75.48476807642216,8.377844011347559
638,21,57.8686206,52.08121297483351,5.7683545049357825
638,22,69.1714943,62.25369509843374,6.843113728505674
638,23,65.06722350000001,58.55991650513468,6.43943566091459
638,24,65.6036152,59.0427015906383,6.530803115257119
638,27,80.5570942,72.50069567786164,8.046722267005745
638,29,67.72666240000001,60.95332334738804,6.7335903948457645
638,2,85.7051273,77.1338184156542,8.480219789467062
638,6,74.5998727,67.13924111936772,7.384634952703511
638,7,78.4112815,70.56943929774647,7.822184299595202
638,8,63.440215499999994,57.09564131506688,6.332385762834722
639,10,80.9387427,72.84412244869492,7.9592202274992125
639,12,59.8484828,53.86311250626848,5.929907599580537
639,14,56.6756344,51.00756317139191,5.6560866865392905
639,17,60.3974361,54.357169054488935,5.978521799724564
639,18,63.0585473,56.7521481465667,6.296528017294442
639,21,76.6230721,68.96006734929738,7.642307426776789
639,22,89.6759302,80.70751650914347,8.873353098945815
639,23,88.1197874,79.30703554137007,6.168262764126045
639,24,88.0436763,79.23855610140211,8.716455991978622
639,27,61.9389186,55.744507056775,6.188988973958254
639,29,91.353676,82.21746280623367,9.03940663965934
639,2,63.246825799999996,56.92150951524401,6.255508055003057
639,6,83.1464002,74.83099570274558,8.22739696550594
639,7,88.572523,79.71430657211043,8.819492366819828
639,8,88.1137873,79.30165540753853,8.774547466553269
640,10,57.20531210000001,51.484194344292405,5.655492604090963
640,12,81.8961645,73.70584913176143,8.10330686388355
640,14,81.4159097,73.27361092619918,8.1302268089464
640,17,88.0436763,79.23855566600916,8.715992052765783
640,18,82.7829344,74.50393261918146,8.268890669805161
640,21,57.9220572,52.12927220328703,5.769349249660921
640,22,62.2777543,56.049351762868085,6.158129546077989
640,23,68.7819517,61.90313989602088,6.8071847485332215
640,24,61.9905277,55.79093298226069,6.136062363936405
640,27,73.2650765,65.93794139952385,7.317638419130947
640,29,76.4561928,68.80987677230058,7.5658632408437185
640,2,84.2351075,75.81081335793827,8.34542533752416
640,6,66.2753901,59.64724663383418,6.610409730886204
640,7,86.6433635,77.97817774001197,8.636799850041761
640,8,66.0545769,59.448546856877314,6.5769169426152
641,10,82.2914518,74.06155324421243,8.0923345898288
641,12,58.371180499999994,52.53355313000763,5.77756308601715
641,14,76.5124386,68.86053175006167,7.640760512966561
641,17,61.9905277,55.79093212472634,6.135833961622089
641,18,63.3315341,56.99783391615026,6.3238052312765936
641,21,86.5756399,77.91726099376886,8.63024533817905
641,22,90.4659303,81.41851461863584,8.951068608216262
641,23,84.4187347,75.97613394698526,8.357021440589717
641,24,89.5044394,80.55323031052768,8.861024612323043
641,27,52.6974515,47.427246098945616,5.260252469192428
641,29,88.7244579,79.85108595522398,8.817907820889399
641,2,64.0368422,57.63259649907843,6.338236373428919
641,6,72.0858154,64.87652052270543,7.183430714996858
641,7,66.368568,59.730975074795914,6.607763082017026
641,8,91.353676,82.21752628088231,9.044047098360474
642,10,54.890982099999995,49.401302445559395,5.394388089903697
642,12,81.5915839,73.43172922199908,8.077582869015531
642,14,69.6899379,62.720357543401384,6.9639701705882
642,17,89.5044394,80.55322965595863,8.725612457353419
642,18,78.44731619999999,70.60191744830969,7.836072012947704
642,21,89.9311516,80.93716733671769,8.962618951027752
642,22,70.5836577,63.52468894114753,6.987701807830603
642,23,67.4470405,60.70167779374479,6.724583189481601
642,24,60.4967311,54.446528895498254,5.9880445727602005
642,27,80.0452841,72.0400728289988,7.9961301684244726
642,29,64.4312802,57.98752620238111,6.422032100926091
642,2,65.5277926,58.9744170135375,6.52038470591307
642,6,57.8006618,52.01997333506523,5.755178788985079
642,7,91.8662052,82.67873930498726,9.163680866754742
642,8,79.4375666,71.49313655153023,7.864662201288275
643,10,82.8056203,74.52428478333005,6.188478841052919
643,12,59.5103466,53.55879295912705,5.9232822063152035
643,14,59.94785219999999,53.95255623062044,5.987356345991489
643,17,60.4967311,54.446527698061466,5.920229331286564
643,18,59.173869599999996,53.25595101238689,5.904704849974326
643,21,61.9905277,55.79086063848184,6.175624463302471
643,22,80.3198,72.28707988230435,7.947059884302723
643,23,89.6073815,80.6458651052267,8.947441589795856
643,24,88.8929543,80.00289703002298,8.800355004235572
643,27,52.8216272,47.53900315946109,5.27265826308237
643,29,74.1895245,66.76988406730152,7.341190484199754
643,2,80.9033713,72.812289013224,8.00529916336506
643,6,73.98989929999999,66.59025897604525,7.379646171302492
643,7,68.3560708,61.51977164369367,6.810470481712457
643,8,68.6273389,61.764029728959024,6.794733579241024
644,10,56.375108399999995,50.737003370565475,5.540792534999389
644,12,84.8144787,76.33230502894033,8.44484593129536
644,14,67.9429129,61.14804347791555,6.787068944061893
644,17,88.4035396,79.56242542143933,6.724731590335694
644,18,81.8455512,73.66029334801779,8.173764374149945
644,21,89.5044394,80.55319414100295,8.930138315184816
644,22,56.091459799999996,50.48173998273595,5.545771930049597
644,23,69.3396132,62.40503087297135,6.920174340133137
644,24,64.8756197,58.38749653124555,6.4595291922398825
644,27,80.04025970000001,72.03555090972807,7.995277134984407
644,29,66.9539686,60.25797701405128,6.680991004492154
644,2,57.9757551,52.1775641000394,5.731627495563336
644,6,78.0431871,70.23817366396706,7.787595557639972
644,7,91.6841412,82.51488254672627,9.071524833303974
644,8,86.8053781,78.12409916766538,8.593710468619724
645,10,82.2215561,73.99864350883841,8.085757868712687
645,12,64.7324852,58.258677889570336,6.44401482951324
645,14,86.3365486,77.70215493909502,8.624751302098153
645,17,63.02271820000001,56.71989728781787,6.143826936831568
645,18,67.68991009999999,60.92033823050531,6.759268175451811
645,21,60.4967311,54.44645655992742,6.0265355536861955
645,22,84.579229,76.1205383429678,8.369450848063881
645,23,90.6041711,81.54296531259645,9.046613708897285
645,24,89.116028,80.20366253418645,8.854123106637127
645,27,56.03559930000001,50.43155037611294,5.59373866063873
645,29,86.8053781,78.12404387674282,8.619749262727419
645,2,84.08982900000001,75.68005928478317,7.5980368983971
645,6,88.1366855,79.32213339088568,8.781003192452925
645,7,70.1572697,63.14068194939827,6.978411978336208
645,8,64.4663038,58.01911173364453,6.381055771192456
646,10,56.9147342,51.22268931599579,5.67007920143401
646,12,85.78820259999999,77.20864806401197,8.488353069011877
646,14,59.5958435,53.63573595792311,5.94931665047821
646,17,89.116028,80.2036588499051,6.779147305030851
646,18,83.1464002,74.8310496913366,8.304736726384592
646,21,88.4035396,79.56239047549542,8.81954374099429
646,22,59.1448809,53.2298054403432,5.878377971991231
646,23,70.80705760000001,63.72572218073031,7.012372072239832
646,24,62.573634600000005,56.315727211219226,6.1938631381145735
646,27,83.8543628,75.46820902671206,8.375887333258275
646,29,64.4663038,58.01900067746675,6.374217582339478
646,2,62.309230299999996,56.07768155268023,6.162053177453064
646,6,74.5278235,67.07435152036315,7.432448871437759
646,7,72.3723281,65.13435343580696,7.21083733904953
646,8,89.6482232,80.68263528352817,8.87525934464696
647,10,68.9133171,62.0213628616185,6.819514834929445
647,12,69.8399133,62.85533603613071,6.9147505827949365
647,14,83.0382041,74.73364112038784,8.288024321079988
647,17,62.573634600000005,56.31572603262809,6.10072389914248
647,18,62.3687144,56.131307917364566,6.228388189139513
647,21,63.02271820000001,56.71983428137046,6.279983335419273
647,22,86.5372306,77.88271873371956,8.563027434255138
647,23,89.2732103,80.34511360641172,8.816341193319579
647,24,86.2171153,77.59466705266968,8.611824706632063
647,27,58.1830006,52.36419819301288,5.809094045757815
647,29,89.6482232,80.68257972122349,8.870932810071896
647,2,85.2980155,76.76742129710189,8.439917801244018
647,6,90.8825087,81.79335029120169,9.03602069711141
647,7,90.8409001,81.75594682615116,9.058583202306446
647,8,66.5923379,59.9325241252977,6.591658060780724
648,10,66.3838277,59.74485385175239,6.623592698521975
648,12,59.3823625,53.44356567267273,5.920666583673165
648,14,88.3773165,79.53881711004693,8.825840371087512
648,17,86.2171153,77.59466351648652,6.55839556451486
648,18,75.8132301,68.23125466563428,7.549432549108898
648,21,85.1712822,76.6533955087167,8.498457335587206
648,22,61.61898540000001,55.45648743547291,6.094346685386304
648,23,68.7422866,61.86743640350836,6.827572270433779
648,24,70.0135734,63.01162748037141,6.996532211439491
648,27,82.8056203,74.5243516436299,8.272009089337889
648,29,75.2578171,67.73132235734249,7.445500216643573
648,2,62.9347706,56.64066283072954,6.2448033458205545
648,6,67.6002441,60.83955585983274,6.722605588339281
648,7,68.7321533,61.85834136825141,6.862373185338965
648,8,91.8662052,82.67879913026601,9.09486557493556
649,10,83.9711727,75.57328875966438,8.37610110990598
649,12,82.5322133,74.27825948447565,8.23703025206908
649,14,61.0303739,54.92680681539751,6.093756861064537
649,17,61.3952437,55.25518697826227,5.986014796923179
649,18,61.1475781,55.03229702663651,6.088916698450186
649,21,68.5701957,61.71251626970902,6.833739145517595
649,22,86.94182029999999,78.24684597733489,8.603043280261248
649,23,72.10994699999999,64.89833621045547,7.201881634433285
649,24,63.60382799999999,57.24289865534407,6.351785531706976
649,27,56.375108399999995,50.73710564574311,5.62768458208151
649,29,93.23801590000001,83.9133222452555,9.295840774859897
649,2,82.9304571,74.63664880213027,8.20618703768955
649,6,87.2689109,78.54122022164933,8.678297210286262
649,7,67.2180437,60.49560620389536,6.703203671904243
649,8,68.3560708,61.519871414054045,6.766432921726221
650,10,57.700845,51.93015716233426,5.74649426961377
650,12,75.0925418,67.58265290631824,7.502978407126025
650,14,83.383469,75.04440663596961,8.329032321156363
650,17,80.5989422,72.538354114301,7.858724837459546
650,18,74.3002547,66.86960172515393,7.356169755589634
650,21,86.8586257,78.17197308221871,8.663744100672423
650,22,61.4864776,55.337231554254714,6.081220253937647
650,23,73.91505310000001,66.52291272423516,7.317187727332906
650,24,87.9226747,79.12965479232277,8.704423309414366
650,27,81.1843983,73.0652658017734,8.109977545353747
650,29,68.3560708,61.519773852654886,6.811422263143276
650,2,58.2755676,52.44739353007271,5.790110201290072
650,6,67.7280244,60.95454576661448,6.733185827210201
650,7,84.46510459999999,76.0177284523126,8.41582328653638
650,8,91.6841412,82.51494309735142,9.07682593292387
651,10,83.9185755,75.52594689859193,8.303858740682198
651,12,82.0117958,73.80989994972022,8.18829255819396
651,14,60.59541539999999,54.53534791018878,6.050295146954893
651,17,69.2774213,62.349092464616675,6.860570016287184
651,18,89.1472709,80.23176080380608,8.856292903101016
651,21,68.933025,62.03910383415615,6.87673550888323
651,22,85.6029544,77.04187817004724,8.46934459668114
651,23,82.7511379,74.4753145205099,8.222648744280626
651,24,62.281298500000005,56.05262723667625,6.16492714629959
651,27,55.9467011,50.35154561777624,5.585431070983511
651,29,91.6841412,82.51488429093577,9.12297941276254
651,2,79.0721021,71.16405132048659,7.874508559758265
651,6,87.35613049999999,78.61971736805647,8.713443472902593
651,7,74.8731207,67.38515410828083,7.474835196241005
651,8,66.8044821,60.123454942782395,6.612797308737993
652,10,56.2712432,50.64354179612709,5.604769929510927
652,12,58.1760854,52.357969470895824,5.807558850618043
652,14,84.95117570000001,76.45533028215952,8.486013085534669
652,17,60.0045312,54.003558058538054,5.941249101826843
652,18,64.6588504,58.19240485790065,6.45516888910488
652,21,70.25143270000001,63.22567955903028,7.012727735566951
652,22,59.51233259999999,53.56051808877209,5.886499684810746
652,23,90.7946471,81.71439383492681,9.040816731052345
652,24,87.0644501,78.3572609517257,8.619498708673676
652,27,74.4932848,67.04332040285082,7.440981816126297
652,29,66.8044821,60.12335621905669,6.60652047200711
652,2,78.0688816,70.26124285674453,7.782634574742959
652,6,66.97194359999999,60.27410027785013,6.675732681528159
652,7,87.3661374,78.62871180860753,8.7144271504059
652,8,89.0066396,80.1052147119783,8.811782522577216
653,10,79.45216,71.50621623886991,7.924905631852311
653,12,80.4164962,72.37416053415194,8.033111009041576
653,14,59.0276396,53.12436058728158,5.893117547750651
653,17,86.89296709999999,78.20292745497433,8.679355293101448
653,18,85.82375060000001,77.24064286128124,8.572549025153359
653,21,56.9502879,51.25462838659183,5.666710632660823
653,22,79.6139818,71.65186262380989,7.922069613560319
653,23,71.425168,64.28201215453075,7.1171283889244705
653,24,58.960185200000005,53.06365096731411,5.869669030651998
653,27,54.6385155,49.17419212360723,5.455182857964308
653,29,89.82980470000001,80.84599163833879,8.886246623724894
653,2,65.4931232,58.943223207554446,6.534228435026984
653,6,80.6241572,72.56096580451478,8.036760449717704
653,7,64.0883129,57.67883865962586,6.386647061511915
653,8,67.0367553,60.33251650099027,6.697714307177774
654,10,53.7248316,48.35177935391995,5.350051801061338
654,12,57.8790333,52.09062513843972,5.7778802059685574
654,14,83.3325379,74.99856628683025,8.321720804737906
654,17,61.1355417,55.021452398423754,6.103268767818348
654,18,64.9682186,58.470830711602524,6.4862541078036875
654,21,87.9226747,79.12961619401605,8.770650056101482
654,22,53.339617800000006,48.00509092419502,5.298483270153358
654,23,91.17532560000001,82.05700129058754,9.104035315870158
654,24,77.4426512,69.69773299348063,7.667430318797068
654,27,68.6079433,61.746568082102335,6.854151153121985
654,29,63.8143376,57.43228230643175,6.312160579058305
654,2,61.7987298,55.618307993489765,6.1508749930131295
654,6,69.9659061,62.968679275928885,6.979732924134605
654,7,85.3523464,76.81632249589643,8.51398817355431
654,8,68.7639466,61.88696769007883,6.8682414048845395
655,10,78.3534806,70.51741423905321,7.815270709165025
655,12,80.0089547,72.00737241795315,7.991130606018569
655,14,69.80038520000001,62.81972588811722,6.9672373263067175
655,17,87.0644501,78.35726051387977,8.604150236102827
655,18,86.85463089999999,78.16842625635665,8.67557134676698
655,21,62.281298500000005,56.05256292461389,6.205739886067685
655,22,67.4139395,60.67188683957944,6.689532293731224
655,23,78.3824788,70.54356982224304,7.83291965374792
655,24,56.621361199999996,50.95872935167038,5.604359577908304
655,27,83.9711727,75.57333876869359,8.388498343659565
655,29,76.7893407,69.1096803989008,7.597034253433744
655,2,76.6052392,68.94404778618164,7.58277806256606
655,6,77.7888766,70.00929963368397,7.763287285501098
655,7,61.69719380000001,55.52683979950462,6.146797669866805
655,8,85.0286639,76.52507095730545,8.492766140568875
656,10,53.3357957,48.00160850225489,5.307807661342175
656,12,74.8686542,67.3811120290408,7.470772221744697
656,14,56.255594099999996,50.62954025886453,5.615632170632191
656,17,58.960185200000005,53.063649971488864,5.835782197705961
656,18,77.4870271,69.73767081786455,7.742259989959933
656,21,87.0644501,78.35722429660645,8.616191553557748
656,22,74.0561694,66.64982500073558,7.378848834949606
656,23,62.0947379,55.884713324703355,6.197747660734962
656,24,80.277027,72.24863858780151,7.9464215034453
656,27,57.700845,51.93025717038652,5.7601351498185505
656,29,68.1103459,61.29871614075879,6.780608736318625
656,2,58.6437428,52.77874851712136,5.839847008994814
656,6,90.6036794,81.54238275530625,9.025596798964163
656,7,78.5108338,70.6590246558462,7.831375328114616
656,8,70.1068006,63.09552245696249,7.001630003297847
657,10,64.4627953,58.0157283189412,6.410421260985529
657,12,57.724161699999996,51.95124203148951,5.762405679543619
657,14,69.0313925,62.127671178014346,6.897672668399616
657,17,83.7388703,75.36426714349024,8.165085455066594
657,18,86.5233692,77.87025484209904,8.634068210785184
657,21,58.960185200000005,53.06357754604151,5.8320838726014665
657,22,54.3274371,48.89415760525024,5.412893686143313
657,23,77.3908499,69.65111061557198,7.662135244608761
657,24,56.37977910000001,50.74131303953705,5.581956943417718
657,27,82.86316219999999,74.57613885369676,8.276663246228276
657,29,88.18657479999999,79.36704120673402,8.768521839434475
657,2,82.2869623,74.05750515763553,8.206838482191923
657,6,70.4052741,63.3640681530012,7.017846360522202
657,7,55.9150299,50.32294206891787,5.569682270782803
657,8,80.4003488,72.359634452168,8.032873329693418
658,10,76.72634550000001,69.05299702421756,7.592651651622276
658,12,67.6220293,60.85925475313567,6.755839974843575
658,14,75.9067877,68.315396600588,7.571916962285533
658,17,56.4029997,50.76220497210527,5.582108210085063
658,18,89.4153118,80.47299518132205,8.850795359451965
658,21,83.7388703,75.36423107948386,8.284892380095357
658,22,66.5553533,59.89922618702867,6.640942584198404
658,23,80.5529511,72.49696540850624,8.045044181963341
658,24,72.2378914,65.01346329716229,7.210720153425053
658,27,54.9261532,49.433058434536946,5.482719694960992
658,29,63.936905499999995,57.5425751673815,6.3708545031495385
658,2,59.070599599999994,53.162930853544275,5.883537949116392
658,6,83.9039409,75.51278415252317,8.349581078473319
658,7,72.9598552,65.66317576610173,7.2743544474554955
658,8,64.0883129,57.67892852677907,6.3985133763867905
659,10,50.5236998,45.47080216584929,5.031191789733448
659,12,65.8676754,59.28034909789946,6.579740975435348
659,14,56.6832339,51.014415633576114,5.658584007886339
659,17,81.6662579,73.4989340384696,8.084944561517814
659,18,72.51153550000001,65.25977326532713,7.17933460866237
659,21,56.4029997,50.76213255255701,5.576601104219516
659,22,83.4548538,75.10860196715409,8.322849830065781
659,23,94.05611569999999,84.6496350567852,9.307469368212766
659,24,67.15093060000001,60.435271962352985,6.709676741631648
659,27,80.9039521,72.81286479531762,8.080310595954488
659,29,85.5252326,76.9719146742538,8.529753329329234
659,2,80.1456058,72.13022047333796,7.966166921477514
659,6,79.97587109999999,71.9775615823618,7.9786686056718
659,7,58.5321088,52.67835501957732,5.8370322618208395
659,8,85.8632427,77.27618371689378,8.575846774857656
660,10,68.6659001,61.79866551894865,6.79341447368265
660,12,57.0353707,51.33134119117353,5.694619848357126
660,14,86.6356038,77.97129979865272,8.576840829486821
660,17,56.621361199999996,50.958728543213205,5.604393943380995
660,18,89.24903400000001,80.32336529613184,8.835371261801164
660,21,76.42887400000001,68.7853265182089,7.565422004725006
660,22,59.7063691,53.735149767543085,5.9356525205534485
660,23,78.35422319999999,70.51814137838414,7.757798220662779
660,24,52.204893399999996,46.983942743377284,5.2103784891806155
660,27,56.8377883,51.153518704098616,5.674734005997315
660,29,69.6447907,62.67965368776324,6.944068856044533
660,2,85.19971629999999,76.67889607962887,8.490332409846912
660,6,67.705599,60.93439115724201,6.733718329283888
660,7,74.6542977,67.1880236191495,7.43082638362184
660,8,63.347454199999994,57.012162076261326,6.324522809942566
661,10,57.6314742,51.867819267221705,5.75160219394192
661,12,70.9543938,63.85834400941034,7.085912756987583
661,14,61.9728501,55.77502727563567,6.187869133166832
661,17,81.7618712,73.58498314973191,8.08010015289377
661,18,69.3393186,62.40478804122607,6.863939378181748
661,21,58.630335499999994,52.76674980317541,5.8436025324370435
661,22,78.75024309999999,70.874450518023,7.829248845686264
661,23,80.15479049999999,72.13862921956581,7.926037888176718
661,24,79.1064734,71.19514965673996,7.900962459960067
661,27,76.934843,69.24068608317285,7.680166703262371
661,29,86.2913887,77.66130911048099,8.591774400096856
661,2,67.1975597,60.47716766660395,6.70052191813394
661,6,78.3814751,70.54259374430868,7.755640453585707
661,7,57.532209300000005,51.77842732011267,5.734774689115935
661,8,78.5108338,70.65908071323423,7.772574310196134
662,10,76.7913839,69.11154436291633,7.660567419939915
662,12,53.3019345,47.97127562457676,5.3205848439367776
662,14,85.96155680000001,77.36466345946975,8.586683437792784
662,17,58.630335499999994,52.76679759236502,5.825271452467743
662,18,80.6009928,72.5402122069007,7.980195978796197
662,21,66.2861385,59.65694459478279,6.61472911764476
662,22,85.5357382,76.98130173507634,8.520313881896545
662,23,91.3726755,82.23459136967176,9.043442328923001
662,24,58.177581499999995,52.359321878181234,5.809172097587438
662,27,72.01747189999999,64.81511718229147,7.0169152692419905
662,29,76.9270791,69.23363764307031,7.669630973548475
662,2,81.0095891,72.90783260383351,8.07379026446284
662,6,64.1295518,57.71601033036565,6.3677599782273635
662,7,69.15206350000001,62.23621193045385,6.896085508614076
662,8,61.871565100000005,55.68388918727922,6.1793247314674105
663,10,59.2421978,53.317395701964294,5.90403535760425
663,12,71.6678532,64.50045526596818,7.135516910125997
663,14,72.55732350000001,65.30098200311808,7.251607432643965
663,17,75.498983,67.94843520750082,7.539516447262368
663,18,79.0987611,71.18820434048519,7.8989167069240445
663,21,71.0735618,63.96558852931893,7.060677334112433
663,22,60.0675316,54.06020776583644,5.987662518264969
663,23,81.9411125,73.74627957428554,8.179523502009163
663,24,77.24501889999999,69.51985555235954,7.692592104872173
663,27,59.306351400000004,53.375221076530536,5.7784885440308456
663,29,63.337342799999995,57.0028112614379,6.298937558934611
663,2,61.547491,55.39220132012625,6.142443838193159
663,6,59.1878567,53.26852466848445,5.903009095167784
663,7,50.3279764,45.29460699096913,5.0092723537581625
663,8,64.934213,58.44024690774704,6.487770231983104
664,10,77.2497768,69.52406938269677,7.702852137579402
664,12,55.06818690000001,49.560896029875,5.470265525286332
664,14,77.9868612,70.18749669036741,7.750890268787495
664,17,56.8013828,51.12075744208568,5.672329364433991
664,18,70.7717416,63.6939566028713,7.0663028873531974
664,21,67.0946144,60.38457730084084,6.64158114727277
664,22,81.6134538,73.45135224147167,8.13882181642046
664,23,84.6843157,76.21514811995199,8.41337115866759
664,24,64.8467963,58.36156846172308,6.477614619313216
664,27,78.0284467,70.22493612332866,7.6024105465287795
664,29,85.0851706,76.57586747121692,8.450260834207157
664,2,65.2195431,58.697033811963756,6.456570208711885
664,6,66.8026896,60.12178076076814,6.659770397537468
664,7,67.7437199,60.96859994182663,6.744930909494238
664,8,60.1703888,54.15284025592115,6.0103490342431645
665,10,51.1283881,46.015002556807836,5.090958280612623
665,12,70.0739466,63.06593344015972,6.97435053907705
665,14,61.3025933,55.17181143654209,6.068834702156684
665,17,73.0106921,65.7089962575493,7.292177296507209
665,18,70.514211,63.46218903195242,7.043561431891485
665,21,52.252431200000004,47.02669061507264,5.195124336891555
665,22,65.3040206,58.77305187323654,6.51896459159678
665,23,79.506167,71.55482889937602,7.868199275170171
665,24,50.276927699999995,45.24879950901662,5.019367178239676
665,27,65.5782494,59.019876054454556,6.389617255921701
665,29,69.982359,62.983502327167905,6.9845201935233705
665,2,50.284980700000006,45.25597122012768,5.009146088853371
665,6,56.36736020000001,50.730066518516225,5.617102041509126
665,7,58.2658792,52.43878425527342,5.816520939093933
665,8,52.1368416,46.92271197743607,5.206203425777719
666,10,72.6264681,65.36315600168693,7.244619724577165
666,12,54.875963500000005,49.38790302095921,5.481203704157491
666,14,61.462837199999996,55.316035347092196,6.11348822994173
666,17,52.662193,47.39551152303881,5.256693233296278
666,18,61.9443544,55.74939740823022,6.1888333414304935
666,21,64.735115,58.26100391684962,6.453907980012031
666,22,69.67720539999999,62.7088528064649,6.949497769053446
666,23,70.4985954,63.44809234693971,7.0158222030988
666,24,59.338514499999995,53.40416688068486,5.929651168193547
666,27,53.1499324,47.83449711443711,5.262176400308033
666,29,57.295555,51.56534397356943,5.689729147239505
666,2,59.2258676,53.30274535017877,5.908787677080603
666,6,68.6058493,61.74466461218641,6.791047567007206
666,7,68.8106935,61.92898190810894,6.862835811105866
666,8,66.9165625,60.22432371783307,6.680881794145654
667,10,59.688562,53.71918458581115,5.957889589095237
667,12,65.2621615,58.73538394622586,6.51709152920266
667,14,57.206040800000004,51.48495264868349,5.6845358032629925
667,17,72.9760498,65.6778297888327,7.292308388630868
667,18,65.8036329,59.22271882571013,6.575450967266502
667,21,50.721390899999996,45.64876777911637,5.054830658110966
667,22,63.790691,57.411045939158,6.363381567012001
667,23,79.9956761,71.99542839962676,7.991107632245355
667,24,69.50226,62.55144116179792,6.922206197474518
667,27,59.9091814,53.917760501351005,5.931337781692751
667,29,65.7414941,59.166768220282,6.50686963396066
667,2,72.3847783,65.14560695299232,7.2161065270325375
667,6,61.897733200000005,55.70735422814647,6.154285400691241
667,7,54.466294299999994,49.01899446493263,5.417855930529673
667,8,54.8346607,49.350725940933465,5.475795677037204
668,10,59.3639374,53.42692601761396,5.912755965727057
668,12,53.5591933,48.202814817727855,5.331836227496162
668,14,55.871026199999996,50.283444977455154,5.57881157663213
668,17,62.030321799999996,55.82677005091661,6.198683510781153
668,18,68.9857768,62.08661334430249,6.829642772810632
668,21,60.566811200000004,54.509593077785,6.042938054726811
668,22,58.8147564,52.9327390356418,5.865094587562498
668,23,68.2625806,61.43573769177203,6.782661760467976
668,24,65.6604478,59.09384542999587,6.559056631137341
668,27,61.2943303,55.164347574733604,6.1157214355872505
668,29,62.215216,55.99315299645472,6.158038975006329
668,2,53.789192500000006,48.409721867403746,5.356610642461879
668,6,80.1987282,72.17810587919107,7.935393569805036
668,7,73.1222368,65.80932390674587,7.2921256854595775
668,8,69.0104922,62.10885720692975,6.8938658533469495
669,10,47.0499717,42.34433706631011,4.6747553621208295
669,12,63.82710350000001,57.44385843535812,6.3193907499471536
669,14,69.2036728,62.282716527334834,6.911871421502522
669,17,61.7872603,55.60801876315415,6.119285069316749
669,18,78.07580899999999,70.26754536925702,7.756751397727974
669,21,67.2385441,60.5141187444108,6.656471573815338
669,22,77.1157624,69.4033960387512,7.680726212195871
669,23,66.2420757,59.61730698888969,6.6167934194773785
669,24,60.7674119,54.69012326811164,6.063763481421253
669,27,46.0941644,41.4843408910067,4.599949285609998
669,29,56.818768399999996,51.13639286637152,5.65571521571082
669,2,62.462434,56.21562902402051,6.231576530163014
669,6,63.526369,57.17311964894224,6.284452889297893
669,7,52.4468648,47.20162334093181,5.22357667968962
669,8,65.36306880000001,58.82620978961676,6.530069616651771
670,10,51.410204900000004,46.26872817194341,5.0877045089967465
670,12,63.334122199999996,57.000178369250335,6.264827408926528
670,14,70.180693,63.16201912157935,7.008933078509231
670,17,79.8653568,71.87813654541678,7.906552983452559
670,18,65.294561,58.76454466238094,6.519928078461575
670,21,79.66174240000001,71.69484424746423,7.925776354812183
670,22,64.562392,58.1055700221493,6.424005837338645
670,23,71.2207009,64.09802593666114,7.093055712947779
670,24,69.29780530000001,62.367443293350554,6.851488405620484
670,27,60.0056864,54.00461237052775,5.994853355671606
670,29,68.8006296,61.91996401202922,6.849031065411247
670,2,66.9762748,60.27802249483197,6.662864811581051
670,6,81.2216213,73.09868746600502,8.097280705768135
670,7,62.321963700000005,56.089205773268965,6.218285918602083
670,8,59.2471452,53.32191927474599,5.914819577178392
671,10,60.33733289999999,54.303072612228924,5.989734809128424
671,12,51.319865899999996,46.18742226131389,5.106049903910843
671,14,67.8359505,61.05177678999527,6.775979491152344
671,17,66.4241889,59.78120316936411,6.575816962891262
671,18,71.3119564,64.18015609735608,7.124236600973723
671,21,58.2698811,52.44233066441215,5.806512685779633
671,22,67.6544464,60.88838997306729,6.748013033126859
671,23,60.1694379,54.15194623034349,5.954347525501999
671,24,76.36080240000001,68.72404028177179,7.597395227348691
671,27,62.9016826,56.61098401741898,6.284311038064271
671,29,62.7248697,56.451816372942375,6.229096678600386
671,2,65.8069836,59.225684135044176,6.5639799265863825
671,6,63.69145699999999,57.32167024865888,6.346067182792675
671,7,66.08368999999999,59.47461359090488,6.581490407514302
671,8,73.7320198,66.35816809358039,7.360092214881406
672,10,61.088208,54.97886648548089,6.047404804960099
672,12,64.61919350000001,58.156726132640514,6.454099539772924
672,14,73.4255223,66.08235103580478,7.32357362288373
672,17,70.7731979,63.69528115217838,7.070790523875194
672,18,75.3697057,67.83209154701727,7.505936142812401
672,21,73.8420913,66.457212136533,7.341871516516221
672,22,75.4960336,67.94577681429578,7.473155817821346
672,23,69.6196602,62.6571077332396,6.934303254556301
672,24,72.5827357,65.3238346604762,7.247305658368085
672,27,68.50948220000001,61.6579474725815,6.842378867852968
672,29,61.8804542,55.691853015241186,6.123552712034435
672,2,63.6936403,57.32370688978525,6.303408609964709
672,6,73.13643979999999,65.82212935527252,7.295232554929995
672,7,70.0016419,63.000756150644925,6.973338626194551
672,8,62.32626449999999,56.09311328099529,6.226978191968131
