δ,Ψ,objective,ζ_total,max_u,max_dual,tail_scenarios,PV,Wind,Gas,Battery_P,Battery_E,LDES_P,LDES_E
0.5,0.5,5.649192879871192e8,5.645639668159178e8,1.9790878190395378e6,-4.635987766306777e-9,"Tuple{Int64, Float64}[]",66.75800436583572,134.5565082931337,36.782508701954505,41.48417848914225,128.16447414185257,0.0,0.0
