Time,Scenario,Residual
1,10,7.552898290796861e-6
1,12,5.664671467009441e-6
1,14,7.552895885609701e-6
1,17,7.552893853457476e-6
1,18,7.552896337692516e-6
1,21,7.552895574747254e-6
1,22,7.552897316465135e-6
1,23,7.5528964567084245e-6
1,24,7.552896195583969e-6
1,27,7.55289620624211e-6
1,29,7.552895165297002e-6
1,2,7.552896366114226e-6
1,6,7.552895421092387e-6
1,7,7.552896277296384e-6
1,8,5.664672528382653e-6
2,10,7.5528974408101135e-6
2,12,7.552896089002559e-6
2,14,7.552895133322579e-6
2,17,7.552895096907264e-6
2,18,7.552896589935187e-6
2,21,7.552895746165689e-6
2,22,7.552894565776569e-6
2,23,7.552896258644637e-6
2,24,7.552902983043452e-6
2,27,7.552895354479006e-6
2,29,7.552898542151354e-6
2,2,5.6646723924913545e-6
2,6,7.552895209705923e-6
2,7,7.552896368778761e-6
2,8,7.552895343820865e-6
3,10,7.5528948908498705e-6
3,12,7.552898661167262e-6
3,14,7.5528948739744806e-6
3,17,5.664671949290323e-6
3,18,7.552894126128251e-6
3,21,7.552897336893238e-6
3,22,5.664672256600056e-6
3,23,7.552898575902134e-6
3,24,7.552900260776596e-6
3,27,7.55289539711157e-6
3,29,7.55289481801924e-6
3,2,7.552896757800909e-6
3,6,7.552897528739777e-6
3,7,7.552895857187991e-6
3,8,7.55289639720047e-6
4,10,7.552895639584278e-6
4,12,7.5528940950420065e-6
4,14,7.552894955686895e-6
4,17,7.5528945480130005e-6
4,18,7.552896394535935e-6
4,21,7.552895680440486e-6
4,22,7.552896548190802e-6
4,23,7.5528965153282e-6
4,24,7.552895137763471e-6
4,27,5.664673730976233e-6
4,29,7.5528950453929156e-6
4,2,7.552894493834117e-6
4,6,7.552895748830224e-6
4,7,7.552898005691588e-6
4,8,7.552895977980256e-6
5,10,7.5528978111805145e-6
5,12,5.664672014127348e-6
5,14,7.552896612139648e-6
5,17,7.552896580165225e-6
5,18,7.552897551832416e-6
5,21,7.5528965179927354e-6
5,22,7.552899593754603e-6
5,23,7.552897261398073e-6
5,24,5.664671093974505e-6
5,27,7.552897758777988e-6
5,29,7.5528992606876955e-6
5,2,7.552897278273463e-6
5,6,5.664672634964063e-6
5,7,7.552894473406013e-6
5,8,5.6646720771880155e-6
6,10,5.664673657257424e-6
6,12,7.552898320994927e-6
6,14,5.664672099392476e-6
6,17,7.552893175777342e-6
6,18,7.552897901774713e-6
6,21,5.664672699801088e-6
6,22,7.55289742571108e-6
6,23,7.552895869622489e-6
6,24,7.552896438056678e-6
6,27,5.664672342753363e-6
6,29,5.664671729910253e-6
6,2,7.552896382989616e-6
6,6,7.55289786980029e-6
6,7,7.552894339291072e-6
6,8,7.552928307674733e-6
7,10,7.552894690121548e-6
7,12,5.66467166418505e-6
7,14,7.552896157392297e-6
7,17,7.552897200113762e-6
7,18,7.552897120177704e-6
7,21,7.552898472873437e-6
7,22,7.552896701845668e-6
7,23,7.552895789686431e-6
7,24,5.664671502536578e-6
7,27,7.552896658324926e-6
7,29,7.552897443474649e-6
7,2,5.664671841820734e-6
7,6,5.6646714572394785e-6
7,7,7.552895114670832e-6
7,8,5.664672145577754e-6
8,10,5.664671663296872e-6
8,12,7.5528966494431415e-6
8,14,5.664672533711723e-6
8,17,7.552895420204209e-6
8,18,7.552959184309316e-6
8,21,7.552896969187373e-6
8,22,7.55289687504046e-6
8,23,5.664671365757101e-6
8,24,7.552897862694863e-6
8,27,5.664672334759757e-6
8,29,7.55289585807617e-6
8,2,7.552897842266759e-6
8,6,7.552894849993663e-6
8,7,7.552898669160868e-6
8,8,7.552892324014238e-6
9,10,7.5528977667715935e-6
9,12,5.664672402261317e-6
9,14,7.552895413098781e-6
9,17,7.552894627949058e-6
9,18,7.552890277651159e-6
9,21,7.552895534779225e-6
9,22,7.552895871398846e-6
9,23,7.552895482376698e-6
9,24,5.664672188210318e-6
9,27,7.55289307008411e-6
9,29,7.552895848306207e-6
9,2,5.664672702465623e-6
9,6,7.55289670628656e-6
9,7,7.55289684128968e-6
9,8,5.664674040950501e-6
10,10,5.664671235194874e-6
10,12,7.552894219386985e-6
10,14,5.6646721535713596e-6
10,17,7.552894727425041e-6
10,18,7.552896852836e-6
10,21,7.552897658413826e-6
10,22,5.664672090510692e-6
10,23,7.552895732843012e-6
10,24,7.552894887297157e-6
10,27,5.664672891647626e-6
10,29,5.66467212514965e-6
10,2,7.5528960312709614e-6
10,6,7.552898473761616e-6
10,7,7.552896112095198e-6
10,8,7.552895283424732e-6
11,10,7.552895235463097e-6
11,12,7.552896872375925e-6
11,14,7.552895084472766e-6
11,17,5.6646724200248855e-6
11,18,7.552896027718248e-6
11,21,5.6646718107344896e-6
11,22,7.552895713303087e-6
11,23,7.552902138385775e-6
11,24,5.66467044471608e-6
11,27,7.552897631768474e-6
11,29,7.552898493301541e-6
11,2,7.5528960188364636e-6
11,6,7.55289568932227e-6
11,7,7.55289521148228e-6
11,8,7.55289615028687e-6
12,10,5.664672329430687e-6
12,12,7.552895412210603e-6
12,14,7.552894884632622e-6
12,17,7.552897717033602e-6
12,18,7.552902109964066e-6
12,21,7.55289652687452e-6
12,22,5.66466854490244e-6
12,23,7.552891169382292e-6
12,24,7.552889016437803e-6
12,27,5.6646723418651845e-6
12,29,7.552895293194695e-6
12,2,7.552884651929048e-6
12,6,7.552895822549033e-6
12,7,7.552894494722295e-6
12,8,7.552894696338797e-6
13,10,7.552897473672715e-6
13,12,5.664673125238551e-6
13,14,7.552897500318068e-6
13,17,5.664673138561227e-6
13,18,7.552897294260674e-6
13,21,5.664671848037983e-6
13,22,7.552895839424423e-6
13,23,7.552891279516416e-6
13,24,7.552893417361872e-6
13,27,7.552898001250696e-6
13,29,7.5528953944470345e-6
13,2,7.552897088203281e-6
13,6,7.552891719164734e-6
13,7,7.552894842888236e-6
13,8,7.552894840223701e-6
14,10,7.552895458395881e-6
14,12,5.664671821392631e-6
14,14,5.664671870242444e-6
14,17,7.5528974576855035e-6
14,18,7.5528944929459385e-6
14,21,7.552898223295301e-6
14,22,5.664671433258661e-6
14,23,7.5528966050342206e-6
14,24,7.5528967320437346e-6
14,27,5.66467195639575e-6
14,29,5.664672368510537e-6
14,2,7.552896780893548e-6
14,6,7.5528981264838535e-6
14,7,5.6646720265618455e-6
14,8,5.664672658056702e-6
15,10,7.552895693763162e-6
15,12,7.5528961458459776e-6
15,14,7.55289718412655e-6
15,17,5.664671764549212e-6
15,18,5.664667985350036e-6
15,21,5.664670453597864e-6
15,22,7.553565553486408e-6
15,23,7.552891684525775e-6
15,24,7.5528955214565485e-6
15,27,7.5528969158966675e-6
15,29,7.552896764018158e-6
15,2,5.6646718444852695e-6
15,6,7.552894738083182e-6
15,7,7.552900861185208e-6
15,8,7.55289512177626e-6
16,10,7.552895543661009e-6
16,12,7.552897171692052e-6
16,14,7.552896924778452e-6
16,17,7.552894675910693e-6
16,18,7.552895390006142e-6
16,21,7.5528948855208e-6
16,22,5.664671924421327e-6
16,23,5.6646725807851794e-6
16,24,5.664672199756637e-6
16,27,5.664672266370019e-6
16,29,5.6646723312070435e-6
16,2,7.552895176843322e-6
16,6,7.552897304918815e-6
16,7,7.5528942282687694e-6
16,8,5.664671944849431e-6
17,10,7.552895255891201e-6
17,12,7.5528969816218705e-6
17,14,7.552895639584278e-6
17,17,7.552895493034839e-6
17,18,5.664672693583839e-6
17,21,5.664671411054201e-6
17,22,7.552896999385439e-6
17,23,7.552897038465289e-6
17,24,7.5528918497269615e-6
17,27,7.552896686746635e-6
17,29,5.664671342664462e-6
17,2,5.664671978600211e-6
17,6,7.552894412121702e-6
17,7,7.552895255891201e-6
17,8,7.55289395826253e-6
18,10,7.55289603215914e-6
18,12,5.664671153482459e-6
18,14,5.664672197092102e-6
18,17,5.66467171481122e-6
18,18,7.552898896534543e-6
18,21,7.5528957648174355e-6
18,22,7.5528929333046335e-6
18,23,5.664672044325414e-6
18,24,5.6646714234886986e-6
18,27,7.5528984417871925e-6
18,29,7.552883529271526e-6
18,2,7.552897239193612e-6
18,6,7.5528962177884296e-6
18,7,7.552895252338487e-6
18,8,5.664672371175072e-6
19,10,7.552897775653378e-6
19,12,7.552895393558856e-6
19,14,7.552894119911002e-6
19,17,7.552896144957799e-6
19,18,5.664672703353801e-6
19,21,7.55289681908522e-6
19,22,7.552893278806039e-6
19,23,7.552894754070394e-6
19,24,7.552896123641517e-6
19,27,7.552895618267996e-6
19,29,5.664671969718427e-6
19,2,5.664671329341786e-6
19,6,5.664671830274415e-6
19,7,7.55289758913591e-6
19,8,7.5528956990922325e-6
20,10,5.664672165117679e-6
20,12,5.664671587801706e-6
20,14,7.552895260332093e-6
20,17,5.664671430594126e-6
20,18,7.55289512710533e-6
20,21,7.552896608586934e-6
20,22,7.5528962302229274e-6
20,23,7.552893555029527e-6
20,24,5.664671442140445e-6
20,27,7.5528966005933285e-6
20,29,7.5528969034621696e-6
20,2,7.552897837825867e-6
20,6,7.5528929119883514e-6
20,7,7.552895443296848e-6
20,8,5.664672180216712e-6
21,10,7.55289573994844e-6
21,12,7.552894787821174e-6
21,14,5.6646723782805e-6
21,17,7.552900385121575e-6
21,18,7.5528972693916785e-6
21,21,7.552896517104557e-6
21,22,7.55289536868986e-6
21,23,7.552893283246931e-6
21,24,7.552893578122166e-6
21,27,7.5528941945179895e-6
21,29,7.5528992100615255e-6
21,2,5.6646723782805e-6
21,6,5.664671534511001e-6
21,7,5.664672683813876e-6
21,8,7.5528944929459385e-6
22,10,5.664671471450333e-6
22,12,5.664672145577754e-6
22,14,7.552896386542329e-6
22,17,5.664671460792192e-6
22,18,7.552894319751147e-6
22,21,7.552895095130907e-6
22,22,7.552894844664593e-6
22,23,7.552895770146506e-6
22,24,5.6646720496544845e-6
22,27,5.664672936944726e-6
22,29,7.5528961351878365e-6
22,2,7.552895207041388e-6
22,6,7.552894585316494e-6
22,7,7.552896901685813e-6
22,8,7.552896336804338e-6
23,10,7.552896201801218e-6
23,12,7.5528938854318994e-6
23,14,5.664672546146221e-6
23,17,7.552893253048865e-6
23,18,7.552896862605962e-6
23,21,5.664671305360969e-6
23,22,7.5528960143955715e-6
23,23,7.552897570484163e-6
23,24,7.5528933098922835e-6
23,27,7.5528958536352775e-6
23,29,7.552900529894657e-6
23,2,7.552896795104402e-6
23,6,5.6646707333740665e-6
23,7,5.664672089622513e-6
23,8,7.5528950960190855e-6
24,10,7.552902379082127e-6
24,12,5.664670146288131e-6
24,14,7.552895420204209e-6
24,17,5.664671770766461e-6
24,18,5.664671441252267e-6
24,21,7.552894224716056e-6
24,22,7.552896164497724e-6
24,23,7.5528956884340914e-6
24,24,5.664672283245409e-6
24,27,5.664672616312316e-6
24,29,7.552896059692671e-6
24,2,5.664673127903086e-6
24,6,7.5528967382609835e-6
24,7,7.5528994702978025e-6
24,8,7.552896416740396e-6
25,10,7.552896176932222e-6
25,12,7.552897960394489e-6
25,14,5.664672010574634e-6
25,17,7.552894318862968e-6
25,18,7.55289526210845e-6
25,21,5.664671652638731e-6
25,22,7.552896657436747e-6
25,23,5.6646722148556705e-6
25,24,7.5528946368308425e-6
25,27,7.552901308827131e-6
25,29,5.664670855942688e-6
25,2,7.552894583540137e-6
25,6,7.552894860651804e-6
25,7,5.664671991034709e-6
25,8,7.55289586340524e-6
26,10,5.664672742433652e-6
26,12,7.552896444273927e-6
26,14,7.552892359541374e-6
26,17,7.552893693585361e-6
26,18,5.664670323923815e-6
26,21,7.5528990173268085e-6
26,22,7.552896171603152e-6
26,23,7.552896896356742e-6
26,24,5.664671421712342e-6
26,27,5.6646720221209534e-6
26,29,7.552895151974326e-6
26,2,7.552894136786392e-6
26,6,7.552896709839274e-6
26,7,7.5528949521341815e-6
26,8,7.552896043705459e-6
27,10,7.55289615561594e-6
27,12,7.5528955996162495e-6
27,14,5.664671359539852e-6
27,17,7.552896907014883e-6
27,18,7.55289409326565e-6
27,21,5.664672233507417e-6
27,22,7.55277295283463e-6
27,23,5.664671303584612e-6
27,24,7.552895505469337e-6
27,27,7.552897919538282e-6
27,29,7.552896491347383e-6
27,2,7.552898244611583e-6
27,6,7.552894273565869e-6
27,7,7.5528950409520235e-6
27,8,5.664672512395441e-6
28,10,5.664671896887796e-6
28,12,7.552894849105485e-6
28,14,7.55289748788357e-6
28,17,5.664672304561691e-6
28,18,5.664672202421173e-6
28,21,7.552894208728844e-6
28,22,7.552947105082808e-6
28,23,7.552896095219808e-6
28,24,7.55289483489463e-6
28,27,5.664671877347871e-6
28,29,7.552898205531733e-6
28,2,7.552895730178477e-6
28,6,7.552895651130598e-6
28,7,7.552894730977755e-6
28,8,7.552894180307135e-6
29,10,7.5528969762928e-6
29,12,7.55289675691273e-6
29,14,5.664672751315436e-6
29,17,7.552893336537636e-6
29,18,7.552895704421303e-6
29,21,5.664672355187861e-6
29,22,5.66467222640199e-6
29,23,7.552892559381519e-6
29,24,7.552897265838965e-6
29,27,7.552892618889473e-6
29,29,5.664671964389356e-6
29,2,7.5528923133560966e-6
29,6,7.552902129503991e-6
29,7,7.552897464790931e-6
29,8,5.664671846261626e-6
30,10,7.5528957879100744e-6
30,12,7.552895668894166e-6
30,14,7.5528996523743785e-6
30,17,5.6646711863450605e-6
30,18,7.552895529450154e-6
30,21,7.552892526518917e-6
30,22,7.552888050099682e-6
30,23,7.552895953999439e-6
30,24,7.552896143181442e-6
30,27,7.552897653972934e-6
30,29,7.55289896581246e-6
30,2,7.552897553608773e-6
30,6,7.5528965561844075e-6
30,7,7.552895414875138e-6
30,8,7.5528957097503735e-6
31,10,7.552895018747563e-6
31,12,7.552896597928793e-6
31,14,7.5528952017123174e-6
31,17,7.552898203755376e-6
31,18,7.5528955321146896e-6
31,21,7.552896440721213e-6
31,22,5.6646720771880155e-6
31,23,5.664672466210163e-6
31,24,5.6646718826769416e-6
31,27,7.552894970785928e-6
31,29,5.66467200702192e-6
31,2,5.664673333960479e-6
31,6,7.5528949903258535e-6
31,7,7.552896653884034e-6
31,8,5.6646720940634054e-6
32,10,7.552894833118273e-6
32,12,5.664670897687074e-6
32,14,5.664672160676787e-6
32,17,5.664671505201113e-6
32,18,7.552928802390113e-6
32,21,7.552896024165534e-6
32,22,7.552894871309945e-6
32,23,5.664671300920077e-6
32,24,7.552891755580049e-6
32,27,5.664672818816996e-6
32,29,7.55289686971139e-6
32,2,7.55289615028687e-6
32,6,7.552896343909765e-6
32,7,7.552896021500999e-6
32,8,7.552894928153364e-6
33,10,7.552895061380127e-6
33,12,7.552895896267842e-6
33,14,7.552893380946557e-6
33,17,7.552897496765354e-6
33,18,7.55289971898776e-6
33,21,7.552897200113762e-6
33,22,7.552898769525029e-6
33,23,7.552895759488365e-6
33,24,5.664673357053118e-6
33,27,7.552893134032956e-6
33,29,7.552897414164761e-6
33,2,7.552897320906027e-6
33,6,7.5528968714877465e-6
33,7,7.552895283424732e-6
33,8,5.6646715229646816e-6
34,10,5.664672324101616e-6
34,12,7.552896170714973e-6
34,14,5.664672662497594e-6
34,17,5.664672133143256e-6
34,18,7.5528963741078314e-6
34,21,5.66467170948215e-6
34,22,7.5528966494431415e-6
34,23,7.552898654950013e-6
34,24,7.552892432372005e-6
34,27,5.664673046190671e-6
34,29,7.552897574925055e-6
34,2,7.552893673157257e-6
34,6,5.664672084293443e-6
34,7,5.664673070171489e-6
34,8,7.552898800611274e-6
35,10,5.664671612670702e-6
35,12,7.5528962959481305e-6
35,14,7.5528965943760795e-6
35,17,7.552897185902907e-6
35,18,5.66467228235723e-6
35,21,7.5528960863380235e-6
35,22,5.6646722805808736e-6
35,23,5.664672316996189e-6
35,24,5.6646712476293715e-6
35,27,7.5528937077962155e-6
35,29,7.55289682441429e-6
35,2,7.552896595264258e-6
35,6,7.552895452178632e-6
35,7,7.552893611872946e-6
35,8,7.552893811713091e-6
36,10,7.552902131280348e-6
36,12,5.6646699251317045e-6
36,14,7.5528981984263055e-6
36,17,5.664672129590542e-6
36,18,7.5528953882297856e-6
36,21,5.664672304561691e-6
36,22,7.55289259224412e-6
36,23,5.664671879124228e-6
36,24,7.552895992191111e-6
36,27,5.664673031979817e-6
36,29,7.552895996632003e-6
36,2,7.5528960543636e-6
36,6,7.552894505380436e-6
36,7,5.664672306338048e-6
36,8,7.5528861422924365e-6
37,10,5.664671538063715e-6
37,12,7.55289602061282e-6
37,14,7.552893643847369e-6
37,17,7.55289221565647e-6
37,18,7.552894777163033e-6
37,21,5.6646715904662415e-6
37,22,5.6646711588115295e-6
37,23,7.552895326057296e-6
37,24,7.552901683638424e-6
37,27,7.552885199046955e-6
37,29,5.664672157124073e-6
37,2,5.664671840044377e-6
37,6,7.552893579010345e-6
37,7,7.552897808515979e-6
37,8,5.664672507066371e-6
38,10,7.552895242568525e-6
38,12,7.5528947807157465e-6
38,14,5.664671295591006e-6
38,17,7.552896833296074e-6
38,18,5.664672474203769e-6
38,21,7.55289707754514e-6
38,22,7.5528975678196275e-6
38,23,7.552896338580695e-6
38,24,5.664672813487925e-6
38,27,5.664672421801242e-6
38,29,7.552898172669131e-6
38,2,7.5528986194228764e-6
38,6,7.552894505380436e-6
38,7,5.6646710806518286e-6
38,8,7.55289852172325e-6
39,10,7.5528959317949784e-6
39,12,5.664671451910408e-6
39,14,7.5528965606252996e-6
39,17,7.5528973075833505e-6
39,18,7.552893624307444e-6
39,21,5.664670011285011e-6
39,22,7.552896186702185e-6
39,23,7.552898831697519e-6
39,24,7.552892729023597e-6
39,27,7.552894279783118e-6
39,29,7.5528931873236616e-6
39,2,5.664672765526291e-6
39,6,7.552896548190802e-6
39,7,7.5528872489627474e-6
39,8,5.66467280549432e-6
40,10,5.664671461680371e-6
40,12,7.552896411411325e-6
40,14,7.5528954281978145e-6
40,17,7.552896786222618e-6
40,18,5.66467340679111e-6
40,21,7.552895667117809e-6
40,22,7.55289758913591e-6
40,23,7.552895270102056e-6
40,24,7.552896792439867e-6
40,27,5.664672230842882e-6
40,29,7.55289639720047e-6
40,2,7.552898289020504e-6
40,6,7.552896742701876e-6
40,7,7.552897304918815e-6
40,8,7.552899257134982e-6
41,10,7.552898130924746e-6
41,12,7.55289512710533e-6
41,14,7.5528964567084245e-6
41,17,5.66467197327114e-6
41,18,7.552896269302778e-6
41,21,5.664672482197375e-6
41,22,5.664671874683336e-6
41,23,7.5528959637694015e-6
41,24,7.552895433526885e-6
41,27,7.552887733908165e-6
41,29,5.664672292127193e-6
41,2,5.664672235283774e-6
41,6,7.55289509335455e-6
41,7,7.5528911089861595e-6
41,8,5.664672454663844e-6
42,10,7.552895626261602e-6
42,12,5.664671514971076e-6
42,14,7.552894444984304e-6
42,17,7.552895690210448e-6
42,18,7.552897041129825e-6
42,21,7.553138360982814e-6
42,22,7.552894947693289e-6
42,23,5.664671846261626e-6
42,24,7.552897553608773e-6
42,27,7.552897539397918e-6
42,29,7.5528973919603e-6
42,2,7.5528958980441985e-6
42,6,7.552896563289835e-6
42,7,7.552897703710926e-6
42,8,7.5528951235526165e-6
43,10,7.5528947913738875e-6
43,12,7.552889345063818e-6
43,14,5.664672897864875e-6
43,17,5.664671852478875e-6
43,18,7.5528937859559164e-6
43,21,7.552895516127478e-6
43,22,5.664671528293752e-6
43,23,7.552893130480243e-6
43,24,7.552896281737276e-6
43,27,7.552897647755685e-6
43,29,7.552896287066346e-6
43,2,5.664672006133742e-6
43,6,5.664671160587886e-6
43,7,7.552889302431254e-6
43,8,5.66466816298572e-6
44,10,5.664671745897465e-6
44,12,7.552875945116e-6
44,14,7.5528942282687694e-6
44,17,7.552896173379509e-6
44,18,7.552895459284059e-6
44,21,7.552895064932841e-6
44,22,7.552894018658662e-6
44,23,7.552897151263949e-6
44,24,5.664672565686146e-6
44,27,7.552896250651031e-6
44,29,7.552892660633859e-6
44,2,7.552897073992426e-6
44,6,7.552893639406477e-6
44,7,7.552898323659463e-6
44,8,7.552882147265905e-6
45,10,7.552899839780025e-6
45,12,7.552633329410696e-6
45,14,5.664672321437081e-6
45,17,5.664671750338357e-6
45,18,7.552895145757077e-6
45,21,5.664672139360505e-6
45,22,5.664672287686301e-6
45,23,5.664672206862065e-6
45,24,7.552891910123094e-6
45,27,7.55289742038201e-6
45,29,7.5528958198844975e-6
45,2,5.6646709367669246e-6
45,6,7.5528963847659725e-6
45,7,7.552893235285296e-6
45,8,7.552895220364064e-6
46,10,5.664671603788918e-6
46,12,7.552886668094061e-6
46,14,7.552895128881687e-6
46,17,7.5528969478710906e-6
46,18,7.552895707974017e-6
46,21,7.552895562312756e-6
46,22,7.552895022300277e-6
46,23,7.552895837648066e-6
46,24,5.664671993699244e-6
46,27,7.552894654594411e-6
46,29,7.552894629725415e-6
46,2,7.5528951573033964e-6
46,6,7.552896571283441e-6
46,7,7.552895684881378e-6
46,8,7.552895989526576e-6
47,10,7.552893483975254e-6
47,12,7.552933381838045e-6
47,14,5.664671225424911e-6
47,17,5.664669910032671e-6
47,18,7.552895675111415e-6
47,21,5.6646719990283145e-6
47,22,5.6646753279210316e-6
47,23,7.5528952443448816e-6
47,24,7.552891361228831e-6
47,27,5.664673127903086e-6
47,29,7.552898306784073e-6
47,2,7.552896078344418e-6
47,6,5.664672191763032e-6
47,7,7.553256471837244e-6
47,8,7.552900718188482e-6
48,10,5.664672452887487e-6
48,12,5.66468021290234e-6
48,14,7.552894865980875e-6
48,17,7.552895954887617e-6
48,18,7.552895835871709e-6
48,21,7.5528943277447524e-6
48,22,7.552899162988069e-6
48,23,7.552895793239145e-6
48,24,5.664671911098651e-6
48,27,7.552894208728844e-6
48,29,5.664670615246337e-6
48,2,7.552898455109869e-6
48,6,7.5528948908498705e-6
48,7,7.552896859941427e-6
48,8,7.552894620843631e-6
49,10,7.552897804075087e-6
49,12,7.552906494900924e-6
49,14,7.552898709128897e-6
49,17,7.55289694254202e-6
49,18,7.552894881968086e-6
49,21,5.664671532734644e-6
49,22,7.552896735596448e-6
49,23,7.552894490281403e-6
49,24,7.552895750606581e-6
49,27,7.552896486906491e-6
49,29,5.664671276939259e-6
49,2,7.552894889073514e-6
49,6,7.5528956759995935e-6
49,7,7.55289636344969e-6
49,8,7.552905196384074e-6
50,10,5.664671563820889e-6
50,12,7.552895239015811e-6
50,14,7.552895913143232e-6
50,17,7.55289574527751e-6
50,18,5.664673147443011e-6
50,21,7.552894654594411e-6
50,22,7.552892714812742e-6
50,23,7.552896668983067e-6
50,24,5.664671598459847e-6
50,27,7.552895207041388e-6
50,29,7.552895652906955e-6
50,2,7.552894400575383e-6
50,6,7.5528974790017855e-6
50,7,7.552902745011636e-6
50,8,7.552891247541993e-6
51,10,7.5528973582095205e-6
51,12,7.552899852214523e-6
51,14,7.552895066709198e-6
51,17,7.552895628926137e-6
51,18,7.552895029405704e-6
51,21,7.552894464524229e-6
51,22,5.6646718276098795e-6
51,23,5.664671804517241e-6
51,24,7.552895700868589e-6
51,27,7.552896994056368e-6
51,29,7.552897306695172e-6
51,2,7.552893262818827e-6
51,6,7.55289531273462e-6
51,7,7.552897276497106e-6
51,8,7.5529041874133895e-6
52,10,7.552896491347383e-6
52,12,7.552913322328436e-6
52,14,7.552895456619524e-6
52,17,7.55289716192209e-6
52,18,5.664670672977934e-6
52,21,7.552896315488056e-6
52,22,7.552894320639325e-6
52,23,7.552897773877021e-6
52,24,7.552897075768783e-6
52,27,7.55289656595437e-6
52,29,7.5528971530403055e-6
52,2,7.552894303763935e-6
52,6,7.552894734530469e-6
52,7,7.552896513551843e-6
52,8,7.552895214146815e-6
53,10,7.552894292217616e-6
53,12,7.552875405103521e-6
53,14,7.5528939849078824e-6
53,17,7.552894976114999e-6
53,18,7.5528949352587915e-6
53,21,5.664671661520515e-6
53,22,7.552895056051057e-6
53,23,7.552896365226047e-6
53,24,7.552897602458586e-6
53,27,7.5529012351083225e-6
53,29,7.55289653220359e-6
53,2,7.552895405993354e-6
53,6,7.552896881257709e-6
53,7,7.5528938854318994e-6
53,8,7.552891863937816e-6
54,10,5.664671614447059e-6
54,12,5.664674972649664e-6
54,14,5.6646724031494955e-6
54,17,7.5528937077962155e-6
54,18,7.55289536868986e-6
54,21,7.552894574658353e-6
54,22,7.552896440721213e-6
54,23,7.5528946981151535e-6
54,24,7.5528945373548595e-6
54,27,7.552892494544494e-6
54,29,7.552892269835354e-6
54,2,7.552896232887463e-6
54,6,7.552895594287179e-6
54,7,7.552894203399774e-6
54,8,7.552896940765663e-6
55,10,7.552892746787165e-6
55,12,7.552899356610965e-6
55,14,7.552911380770411e-6
55,17,7.5528962577564585e-6
55,18,5.664671397731524e-6
55,21,7.5528988290329835e-6
55,22,7.552896404305898e-6
55,23,5.664671571814495e-6
55,24,7.552895912255053e-6
55,27,7.55253425799296e-6
55,29,7.552897073992426e-6
55,2,7.552895326057296e-6
55,6,7.552914508934805e-6
55,7,7.552896912343954e-6
55,8,5.664671847149805e-6
56,10,5.664671510530184e-6
56,12,7.552896921225738e-6
56,14,5.664672427130313e-6
56,17,7.552897804075087e-6
56,18,7.552895784357361e-6
56,21,7.55289572307305e-6
56,22,7.552895277207483e-6
56,23,7.552896232887463e-6
56,24,5.6646716073416314e-6
56,27,7.552888723552295e-6
56,29,7.552896811091614e-6
56,2,7.552895545437366e-6
56,6,7.55289690879124e-6
56,7,7.552896336804338e-6
56,8,7.552902525631566e-6
57,10,7.552895560536399e-6
57,12,7.552896010842858e-6
57,14,7.552939061739039e-6
57,17,5.664672302785334e-6
57,18,7.55289674003734e-6
57,21,7.5528952780956615e-6
57,22,7.552896219564786e-6
57,23,7.552896233775641e-6
57,24,7.55289481269017e-6
57,27,5.66467120077796e-6
57,29,5.664671488325723e-6
57,2,5.6646725301590095e-6
57,6,7.552897416829296e-6
57,7,7.552895104012691e-6
57,8,7.552896796880759e-6
58,10,5.664671577143565e-6
58,12,7.552894202511595e-6
58,14,5.664672776184432e-6
58,17,7.552897470120001e-6
58,18,7.552897001161796e-6
58,21,5.664671428817769e-6
58,22,7.552895574747254e-6
58,23,7.552894611073668e-6
58,24,7.552896877704995e-6
58,27,7.552887440462341e-6
58,29,7.552896622797789e-6
58,2,7.552896834184253e-6
58,6,7.55289861764652e-6
58,7,7.552898837914768e-6
58,8,7.5528964060822545e-6
59,10,7.552894940587862e-6
59,12,7.552907324459568e-6
59,14,7.552895187501463e-6
59,17,5.6646706996232865e-6
59,18,5.664672047878128e-6
59,21,7.552898079410397e-6
59,22,5.664671736127502e-6
59,23,7.552897974605344e-6
59,24,7.552892629547614e-6
59,27,5.6646769870383196e-6
59,29,5.664671519411968e-6
59,2,5.664672038996343e-6
59,6,7.552893665163651e-6
59,7,7.552900308738231e-6
59,8,7.552896045481816e-6
60,10,7.55289409326565e-6
60,12,7.552899784712963e-6
60,14,5.664672033667273e-6
60,17,7.552896786222618e-6
60,18,7.552896861717784e-6
60,21,5.664671800964527e-6
60,22,7.552895670670523e-6
60,23,5.664671061111903e-6
60,24,5.6646720540953766e-6
60,27,7.552727738335818e-6
60,29,7.552894889073514e-6
60,2,7.552899262464052e-6
60,6,7.552895249673952e-6
60,7,7.552897333340525e-6
60,8,7.552897541174275e-6
61,10,7.552895326945475e-6
61,12,7.552896326146197e-6
61,14,7.552895477935806e-6
61,17,7.552895690210448e-6
61,18,7.552896364337869e-6
61,21,7.552897102414136e-6
61,22,5.6646715016483995e-6
61,23,7.5528967382609835e-6
61,24,7.552897400842085e-6
61,27,5.6646709936103434e-6
61,29,7.552897367091305e-6
61,2,5.664671568261781e-6
61,6,7.552896697404776e-6
61,7,7.552895785245539e-6
61,8,7.552894906837082e-6
62,10,7.552896637008644e-6
62,12,7.552896779117191e-6
62,14,7.552896762241801e-6
62,17,5.6646717387920376e-6
62,18,7.55289658282976e-6
62,21,5.664671445693159e-6
62,22,7.552895176843322e-6
62,23,7.552892544282486e-6
62,24,5.664671992811066e-6
62,27,7.552808530597588e-6
62,29,7.552897407947512e-6
62,2,7.552896828855182e-6
62,6,7.552896093443451e-6
62,7,7.552896953200161e-6
62,8,7.552895359808076e-6
63,10,7.552898052765045e-6
63,12,7.552896901685813e-6
63,14,7.5528940337576955e-6
63,17,7.552894579987424e-6
63,18,7.552895549878258e-6
63,21,7.552896610363291e-6
63,22,5.664670740479494e-6
63,23,7.552896205353932e-6
63,24,7.5528844281080865e-6
63,27,5.6646719501785014e-6
63,29,7.552895218587707e-6
63,2,7.55289464393627e-6
63,6,7.552895626261602e-6
63,7,7.552575866931477e-6
63,8,5.664670419847084e-6
64,10,7.552896746254589e-6
64,12,5.6646721660058574e-6
64,14,7.5528962026893964e-6
64,17,7.552893775297775e-6
64,18,5.66467188356512e-6
64,21,7.552895323392761e-6
64,22,7.552897363538591e-6
64,23,7.552896828855182e-6
64,24,7.552899043083983e-6
64,27,7.552892416384793e-6
64,29,7.552890989970251e-6
64,2,7.552894775386676e-6
64,6,7.55289454268393e-6
64,7,7.552916801323306e-6
64,8,7.552883433348256e-6
65,10,7.552893700690788e-6
65,12,7.552894080831152e-6
65,14,7.55289690879124e-6
65,17,7.552893898754576e-6
65,18,7.552897477225429e-6
65,21,7.55289579057461e-6
65,22,5.664673163430223e-6
65,23,7.552898216189874e-6
65,24,7.5528951173353676e-6
65,27,7.552895180396035e-6
65,29,7.552892489215424e-6
65,2,7.5528959744275426e-6
65,6,7.552895822549033e-6
65,7,7.552905550767264e-6
65,8,5.664672627858636e-6
66,10,5.664671204108629e-6
66,12,5.664671403948773e-6
66,14,5.6646711801278116e-6
66,17,7.552896917673024e-6
66,18,5.664672287686301e-6
66,21,7.552896199136683e-6
66,22,7.552895009865779e-6
66,23,7.552896024165534e-6
66,24,7.55289533493908e-6
66,27,7.55289444143159e-6
66,29,7.552895378459823e-6
66,2,7.5528954663894865e-6
66,6,7.552897325346919e-6
66,7,7.55289718412655e-6
66,8,5.664672427130313e-6
67,10,7.552896622797789e-6
67,12,7.552894418338951e-6
67,14,7.552893913853609e-6
67,17,5.664670937655103e-6
67,18,7.5528963296989104e-6
67,21,7.5528970704397125e-6
67,22,7.5528956102743905e-6
67,23,7.552892940410061e-6
67,24,7.552890387785283e-6
67,27,7.552896446938462e-6
67,29,7.552894678575228e-6
67,2,7.552893291240537e-6
67,6,7.552896148510513e-6
67,7,7.552895556095507e-6
67,8,7.552886577499862e-6
68,10,5.66467214202504e-6
68,12,5.664672304561691e-6
68,14,5.664671986593817e-6
68,17,7.552898752649639e-6
68,18,7.552895294082873e-6
68,21,7.552896208018467e-6
68,22,7.5528967489191245e-6
68,23,7.5528970429061815e-6
68,24,5.664672529270831e-6
68,27,7.552896742701876e-6
68,29,7.552897253404467e-6
68,2,7.552895308293728e-6
68,6,7.552896176044044e-6
68,7,7.552895629814316e-6
68,8,5.6646717068176144e-6
69,10,7.552896160945011e-6
69,12,7.5528987508732826e-6
69,14,7.552890403772494e-6
69,17,5.664671453686765e-6
69,18,7.552896795104402e-6
69,21,7.552901707619242e-6
69,22,7.552896368778761e-6
69,23,7.552906606811405e-6
69,24,7.5525367986273295e-6
69,27,7.552896613916005e-6
69,29,7.552888063422358e-6
69,2,5.664671921756792e-6
69,6,7.552895777251933e-6
69,7,7.55289603215914e-6
69,8,7.5528878351605044e-6
70,10,7.552898612317449e-6
70,12,7.552896298612666e-6
70,14,7.552895876727916e-6
70,17,7.5528933649593455e-6
70,18,7.552894246920516e-6
70,21,7.552896294171774e-6
70,22,7.552894567552926e-6
70,23,7.552895439744134e-6
70,24,5.66467390683556e-6
70,27,7.552895716855801e-6
70,29,7.55290095533212e-6
70,2,7.552895434415063e-6
70,6,7.552895643136992e-6
70,7,7.5528971974492265e-6
70,8,5.664671876459693e-6
71,10,7.552893078965894e-6
71,12,7.552897787199697e-6
71,14,7.552895813667249e-6
71,17,5.6646718888941905e-6
71,18,7.552895828766282e-6
71,21,5.664671541616428e-6
71,22,7.552895943341298e-6
71,23,7.552894604856419e-6
71,24,7.552952775213839e-6
71,27,7.552897337781417e-6
71,29,7.5528976779537516e-6
71,2,5.664671752114714e-6
71,6,7.552894766504892e-6
71,7,7.5528959699866505e-6
71,8,7.55289715037577e-6
72,10,7.552895379348001e-6
72,12,5.66467242890667e-6
72,14,7.552897271168035e-6
72,17,7.552896104101592e-6
72,18,7.5528956315906726e-6
72,21,7.552897427487437e-6
72,22,7.552896579277046e-6
72,23,7.552899170093497e-6
72,24,7.552896070350812e-6
72,27,7.5528950542747e-6
72,29,7.55289601528375e-6
72,2,7.552894528473075e-6
72,6,7.552895668894166e-6
72,7,7.5528956440251704e-6
72,8,7.552866968296712e-6
73,10,5.664671856919767e-6
73,12,7.55289498677314e-6
73,14,5.6646720665298744e-6
73,17,7.552895673335058e-6
73,18,7.552896928331165e-6
73,21,5.664673190075575e-6
73,22,7.552894960127787e-6
73,23,7.552895804785464e-6
73,24,7.552896622797789e-6
73,27,5.664672090510692e-6
73,29,7.5528946155145604e-6
73,2,7.552896911455775e-6
73,6,7.5528941287927864e-6
73,7,7.552895903373269e-6
73,8,5.66467301332807e-6
74,10,7.55289600373743e-6
74,12,7.5528959744275426e-6
74,14,7.552893777074132e-6
74,17,7.552895036511131e-6
74,18,7.552899546681147e-6
74,21,7.552897686835536e-6
74,22,7.552896326146197e-6
74,23,7.552894938811505e-6
74,24,7.552896282625454e-6
74,27,7.552901962526448e-6
74,29,7.5528962621973506e-6
74,2,7.55289643095125e-6
74,6,7.552895095130907e-6
74,7,7.552894961904144e-6
74,8,7.552917351105748e-6
75,10,7.55290043841228e-6
75,12,7.552897030471684e-6
75,14,5.664672338312471e-6
75,17,7.552896400753184e-6
75,18,7.552896098772521e-6
75,21,7.552894617290917e-6
75,22,7.552895888274236e-6
75,23,7.552895502804802e-6
75,24,7.5528944147862376e-6
75,27,5.664671787641851e-6
75,29,7.552905933572163e-6
75,2,7.552895405993354e-6
75,6,7.552898097173966e-6
75,7,7.552895566753648e-6
75,8,7.5528985519213165e-6
76,10,5.66467169793583e-6
76,12,7.552896153839583e-6
76,14,7.552895786133718e-6
76,17,7.552896576612511e-6
76,18,7.552895260332093e-6
76,21,7.552895151974326e-6
76,22,7.552895930018622e-6
76,23,7.552896482465599e-6
76,24,7.55289546461313e-6
76,27,7.552898889429116e-6
76,29,7.552895882056987e-6
76,2,7.5528969158966675e-6
76,6,7.552895642248814e-6
76,7,7.552895435303242e-6
76,8,7.55289228315803e-6
77,10,7.552895763929257e-6
77,12,7.552896136076015e-6
77,14,7.552895246121238e-6
77,17,7.5528936145374814e-6
77,18,7.5528962133475375e-6
77,21,7.552892729911775e-6
77,22,7.5528970198135426e-6
77,23,7.552895589846287e-6
77,24,7.552895889162414e-6
77,27,7.552897873353004e-6
77,29,7.552896604146042e-6
77,2,7.552895274542948e-6
77,6,7.552895890050593e-6
77,7,7.552894583540137e-6
77,8,7.552899733198615e-6
78,10,7.5528992162787745e-6
78,12,7.552897978158057e-6
78,14,7.5528952168113506e-6
78,17,7.5528942113933795e-6
78,18,7.552896108542484e-6
78,21,7.552898765084137e-6
78,22,7.552893912077252e-6
78,23,7.552895237239454e-6
78,24,7.552896540197196e-6
78,27,7.552897350215915e-6
78,29,7.552896770235407e-6
78,2,7.552900033402921e-6
78,6,7.552895766593792e-6
78,7,7.552893774409597e-6
78,8,7.55289776854795e-6
79,10,7.552895770146506e-6
79,12,7.552898837026589e-6
79,14,7.552895107565405e-6
79,17,7.552895795015502e-6
79,18,7.552894934370613e-6
79,21,7.552895625373424e-6
79,22,5.664671862248838e-6
79,23,7.552895926465908e-6
79,24,7.5528966387850005e-6
79,27,7.552894336626537e-6
79,29,7.552896254203745e-6
79,2,7.5528969603055884e-6
79,6,7.552894865092696e-6
79,7,7.552896705398382e-6
79,8,7.552895324280939e-6
80,10,7.552896533979947e-6
80,12,7.552895667117809e-6
80,14,7.552897381302159e-6
80,17,5.664671951954858e-6
80,18,7.552895526785619e-6
80,21,7.5528954663894865e-6
80,22,7.552895203488674e-6
80,23,7.552895306517371e-6
80,24,7.552895719520336e-6
80,27,5.664671503424756e-6
80,29,7.552895095130907e-6
80,2,7.552895984197505e-6
80,6,7.552896499340989e-6
80,7,7.552895485929412e-6
80,8,7.552895729290299e-6
81,10,7.552904799368321e-6
81,12,7.552895791462788e-6
81,14,7.552895372242574e-6
81,17,7.552896825302469e-6
81,18,7.5528951573033964e-6
81,21,7.552896007290144e-6
81,22,7.552893675821792e-6
81,23,7.5528961245296955e-6
81,24,7.552896919449381e-6
81,27,7.552898653173656e-6
81,29,7.552895835871709e-6
81,2,7.552896596152436e-6
81,6,7.55289541931603e-6
81,7,7.552894450313374e-6
81,8,7.552895043616559e-6
82,10,5.664670648108938e-6
82,12,7.552895797680037e-6
82,14,7.552895960216688e-6
82,17,7.552896291507238e-6
82,18,7.5528966281268595e-6
82,21,7.552897505647138e-6
82,22,7.5528958536352775e-6
82,23,5.664671637539698e-6
82,24,7.552895556095507e-6
82,27,5.664671657967801e-6
82,29,7.552895786133718e-6
82,2,7.5528958536352775e-6
82,6,7.552895270990234e-6
82,7,7.552897410612047e-6
82,8,7.552899981888572e-6
83,10,7.552898747320569e-6
83,12,7.552896697404776e-6
83,14,7.552896720497415e-6
83,17,7.5528957985682155e-6
83,18,7.552894564000212e-6
83,21,7.552894857099091e-6
83,22,7.552896656548569e-6
83,23,7.552895719520336e-6
83,24,7.552895640472457e-6
83,27,7.552895331386367e-6
83,29,7.552897006490866e-6
83,2,7.552897247187218e-6
83,6,5.664671617111594e-6
83,7,7.55289572840212e-6
83,8,7.55290224230265e-6
84,10,7.552896853724178e-6
84,12,7.5528945755465315e-6
84,14,7.552896303053558e-6
84,17,7.552895961104866e-6
84,18,7.552896390095043e-6
84,21,7.552895667117809e-6
84,22,7.552894850881842e-6
84,23,7.552896360785155e-6
84,24,7.5528944698533e-6
84,27,7.552894690121548e-6
84,29,7.552896718721058e-6
84,2,7.55289721787733e-6
84,6,7.5529006489105655e-6
84,7,7.55289882548027e-6
84,8,7.552895701756768e-6
85,10,7.552897771212486e-6
85,12,7.552897029583505e-6
85,14,7.55289502585299e-6
85,17,7.552895393558856e-6
85,18,7.552897194784691e-6
85,21,7.5528962621973506e-6
85,22,5.664673649263818e-6
85,23,7.552896931883879e-6
85,24,7.552895494811196e-6
85,27,7.552894960127787e-6
85,29,5.664671746785643e-6
85,2,7.552897707263639e-6
85,6,7.552894572881996e-6
85,7,7.552899721652295e-6
85,8,7.552897431040151e-6
86,10,7.552895835871709e-6
86,12,7.552896359008798e-6
86,14,5.6646731776410775e-6
86,17,7.552894256690479e-6
86,18,7.552895192830533e-6
86,21,7.55289781384505e-6
86,22,7.552896098772521e-6
86,23,7.5528931322565995e-6
86,24,7.552897399065728e-6
86,27,7.552897497653532e-6
86,29,7.552905042729208e-6
86,2,7.5528948801917295e-6
86,6,7.552895803897286e-6
86,7,5.664672287686301e-6
86,8,7.5528954832648765e-6
87,10,7.552890549433755e-6
87,12,5.66467165885598e-6
87,14,7.552894235374197e-6
87,17,7.552895183948749e-6
87,18,7.5528966281268595e-6
87,21,7.552895823437211e-6
87,22,7.552896587270652e-6
87,23,5.664671958172107e-6
87,24,7.5528970260307915e-6
87,27,7.552895693763162e-6
87,29,7.552896030382783e-6
87,2,7.552895119111724e-6
87,6,7.552895143092542e-6
87,7,7.552899777607536e-6
87,8,7.552896767570871e-6
88,10,7.552894899731655e-6
88,12,7.552895940676763e-6
88,14,5.664671965277535e-6
88,17,7.552894178530778e-6
88,18,7.552896016171928e-6
88,21,7.55289507115009e-6
88,22,7.552898710017075e-6
88,23,7.5528958536352775e-6
88,24,7.552895960216688e-6
88,27,7.552895337603616e-6
88,29,7.552885232797735e-6
88,2,7.552895073814625e-6
88,6,7.5528958980441985e-6
88,7,5.664672053207198e-6
88,8,7.5528954770476275e-6
89,10,7.552895780804647e-6
89,12,7.552888043882433e-6
89,14,7.5528949459169326e-6
89,17,7.552895690210448e-6
89,18,7.5528961627213675e-6
89,21,7.552896809315257e-6
89,22,7.552895977980256e-6
89,23,5.664671278715616e-6
89,24,7.552896343021587e-6
89,27,7.552896542861731e-6
89,29,7.552897607787656e-6
89,2,7.552895343820865e-6
89,6,7.552897634433009e-6
89,7,7.552903785068565e-6
89,8,7.55290750298343e-6
90,10,7.552896022389177e-6
90,12,7.552897371532197e-6
90,14,5.664672093175227e-6
90,17,7.5528953056291925e-6
90,18,7.55289601528375e-6
90,21,7.552896714280166e-6
90,22,7.552894976114999e-6
90,23,7.5528979381900285e-6
90,24,7.552897210771903e-6
90,27,5.664672829475137e-6
90,29,7.552898058094115e-6
90,2,7.552897264062608e-6
90,6,7.552897280937998e-6
90,7,5.664671228977625e-6
90,8,7.552896540197196e-6
91,10,7.552890933126832e-6
91,12,7.552896343909765e-6
91,14,7.5528952887538026e-6
91,17,7.552896930995701e-6
91,18,7.552893163342844e-6
91,21,7.5528963572324415e-6
91,22,5.6646707653484896e-6
91,23,7.552894174978064e-6
91,24,7.552896062357206e-6
91,27,7.552895175066965e-6
91,29,7.552895350926292e-6
91,2,7.552895948670368e-6
91,6,7.552895569418183e-6
91,7,7.552895652906955e-6
91,8,7.5528974408101135e-6
92,10,7.552896156504119e-6
92,12,7.552898051876866e-6
92,14,5.6646723480824335e-6
92,17,7.552896747142768e-6
92,18,7.55289449205776e-6
92,21,7.552895208817745e-6
92,22,7.552894873086302e-6
92,23,7.552896232887463e-6
92,24,7.552896041040924e-6
92,27,7.552895634255208e-6
92,29,7.552895031182061e-6
92,2,7.552895022300277e-6
92,6,5.664672233507417e-6
92,7,7.5528966112514695e-6
92,8,7.552895839424423e-6
93,10,7.552897573148698e-6
93,12,7.55289613874055e-6
93,14,7.552895359808076e-6
93,17,5.6646719173159e-6
93,18,7.552895002760351e-6
93,21,7.552897514528922e-6
93,22,5.66467127072201e-6
93,23,7.55289545306681e-6
93,24,7.55289675691273e-6
93,27,7.5528942051761305e-6
93,29,7.55289541398696e-6
93,2,7.552894150997247e-6
93,6,7.55289577902829e-6
93,7,7.552896608586934e-6
93,8,7.55289475051768e-6
94,10,7.552889666584406e-6
94,12,7.552888612316622e-6
94,14,5.664672062088982e-6
94,17,7.552896114759733e-6
94,18,7.552896469142922e-6
94,21,7.552895970874829e-6
94,22,7.552894984996783e-6
94,23,7.552897837825867e-6
94,24,7.5528969540883395e-6
94,27,7.552894855322734e-6
94,29,7.55289720100194e-6
94,2,7.552896109430662e-6
94,6,7.552895969098472e-6
94,7,7.5528963741078314e-6
94,8,7.55289676845905e-6
95,10,5.6646725408171505e-6
95,12,7.55289652687452e-6
95,14,7.552897994145269e-6
95,17,7.552895707085838e-6
95,18,7.5528964735838144e-6
95,21,5.664671677507727e-6
95,22,7.5528960188364636e-6
95,23,7.552896098772521e-6
95,24,5.664671561156354e-6
95,27,7.5528957097503735e-6
95,29,7.552896686746635e-6
95,2,7.552895142204363e-6
95,6,7.552895217699529e-6
95,7,7.552895768370149e-6
95,8,7.552895207929566e-6
96,10,7.5528929563972724e-6
96,12,7.552895567641826e-6
96,14,7.552894106588326e-6
96,17,7.552895374018931e-6
96,18,7.552896001072895e-6
96,21,7.552895635143386e-6
96,22,7.552896077456239e-6
96,23,7.552922550502217e-6
96,24,7.5528963296989104e-6
96,27,7.552893437789976e-6
96,29,7.552895133322579e-6
96,2,7.552896011731036e-6
96,6,7.552895746165689e-6
96,7,7.5528973244587405e-6
96,8,7.552895976203899e-6
97,10,5.664667989790928e-6
97,12,5.664671453686765e-6
97,14,7.552895652906955e-6
97,17,7.552896233775641e-6
97,18,7.552896873264103e-6
97,21,7.552896849283286e-6
97,22,7.55289684128968e-6
97,23,7.5528915237654815e-6
97,24,7.552899916163369e-6
97,27,7.552897414164761e-6
97,29,7.552894816242883e-6
97,2,7.552895202600496e-6
97,6,7.552901996277228e-6
97,7,7.552896180484936e-6
97,8,7.552896939877485e-6
98,10,7.55289368292722e-6
98,12,7.5528954770476275e-6
98,14,7.552896730267378e-6
98,17,7.552896635232287e-6
98,18,7.552895566753648e-6
98,21,7.552896441609391e-6
98,22,7.552895567641826e-6
98,23,7.55291072351838e-6
98,24,7.552894212281558e-6
98,27,7.552895901596912e-6
98,29,7.552895888274236e-6
98,2,7.552896079232596e-6
98,6,7.552896478912885e-6
98,7,7.552896041040924e-6
98,8,5.664672120708758e-6
99,10,7.552894138562749e-6
99,12,5.664671373750707e-6
99,14,7.552897663742897e-6
99,17,7.55289824105887e-6
99,18,7.552895758600187e-6
99,21,7.552898093621252e-6
99,22,7.5528946430480914e-6
99,23,5.664671903993224e-6
99,24,7.552894296658508e-6
99,27,7.552895848306207e-6
99,29,7.5528965561844075e-6
99,2,7.552894380147279e-6
99,6,7.552896024165534e-6
99,7,7.552895262996628e-6
99,8,7.552895752382938e-6
100,10,7.552896949647447e-6
100,12,7.552893492857038e-6
100,14,5.664671623328843e-6
100,17,7.552895684881378e-6
100,18,7.552895712414909e-6
100,21,5.664671506089292e-6
100,22,7.552894940587862e-6
100,23,7.55289858389574e-6
100,24,7.5528954939230175e-6
100,27,7.55289541398696e-6
100,29,7.552895226581313e-6
100,2,7.552895954887617e-6
100,6,7.5528965606252996e-6
100,7,7.552895697315876e-6
100,8,5.6646716624086935e-6
101,10,7.5528960463699946e-6
101,12,7.552897936413672e-6
101,14,7.552896310158985e-6
101,17,7.552895008089422e-6
101,18,7.5528973964011925e-6
101,21,7.552895473494914e-6
101,22,7.552895286977446e-6
101,23,7.552893928064464e-6
101,24,7.55289613341148e-6
101,27,7.552895145757077e-6
101,29,7.55289851639418e-6
101,2,7.552892937745526e-6
101,6,7.552896619245075e-6
101,7,7.552894980555891e-6
101,8,7.552896668983067e-6
102,10,7.552898148688314e-6
102,12,7.55300166010997e-6
102,14,7.552895636031565e-6
102,17,7.552895746165689e-6
102,18,7.552896237328355e-6
102,21,7.552897062446107e-6
102,22,7.552895230134027e-6
102,23,7.552897112184098e-6
102,24,7.55289694254202e-6
102,27,7.552895318951869e-6
102,29,7.5528969709637295e-6
102,2,7.552895917584124e-6
102,6,7.552895972651186e-6
102,7,7.552896245321961e-6
102,8,7.552895806561821e-6
103,10,7.552896115647911e-6
103,12,7.552897294260674e-6
103,14,7.552892206774686e-6
103,17,7.552895581852681e-6
103,18,7.552896558848943e-6
103,21,7.552897177021123e-6
103,22,7.552896653884034e-6
103,23,7.552900425089604e-6
103,24,7.552897826279548e-6
103,27,7.552897196561048e-6
103,29,7.552895445961383e-6
103,2,7.552897143270343e-6
103,6,7.552895629814316e-6
103,7,7.552895107565405e-6
103,8,5.664672776184432e-6
104,10,7.552895776363755e-6
104,12,7.552896668983067e-6
104,14,7.552892576256909e-6
104,17,7.552898170004596e-6
104,18,7.552896847506929e-6
104,21,7.552896867046854e-6
104,22,7.55289701004358e-6
104,23,7.552896019724642e-6
104,24,7.55289138965054e-6
104,27,5.664672195315745e-6
104,29,5.664672261929127e-6
104,2,7.552896027718248e-6
104,6,7.552896330587089e-6
104,7,7.552890705753157e-6
104,8,7.552897574925055e-6
105,10,7.552897018925364e-6
105,12,5.6646722041975295e-6
105,14,7.5528960863380235e-6
105,17,5.664671504312935e-6
105,18,7.552896893692207e-6
105,21,7.552895687545913e-6
105,22,7.552892831164115e-6
105,23,7.5528962302229274e-6
105,24,7.552894237150554e-6
105,27,7.5528955445491874e-6
105,29,7.552895973539364e-6
105,2,7.552895427309636e-6
105,6,7.552895080031874e-6
105,7,7.552895136875293e-6
105,8,5.664672027450024e-6
106,10,7.552896241769247e-6
106,12,7.5528961138715545e-6
106,14,7.552895771922863e-6
106,17,7.55289231157974e-6
106,18,7.552894254914122e-6
106,21,7.552896642337714e-6
106,22,7.552895844753493e-6
106,23,7.5528994258888815e-6
106,24,7.552895678664129e-6
106,27,5.664671701488544e-6
106,29,7.552895240792168e-6
106,2,7.552896954976518e-6
106,6,7.55289641407586e-6
106,7,7.552893285023288e-6
106,8,7.552895202600496e-6
107,10,7.552896846618751e-6
107,12,7.5528927343526675e-6
107,14,5.664672158012252e-6
107,17,7.552894201623417e-6
107,18,7.552896547302623e-6
107,21,7.552896962081945e-6
107,22,7.552895921136837e-6
107,23,7.552895452178632e-6
107,24,7.552895935347692e-6
107,27,7.55289584652985e-6
107,29,7.55289444143159e-6
107,2,5.6646717725428175e-6
107,6,7.552894104811969e-6
107,7,7.552896314599877e-6
107,8,7.5528963892068646e-6
108,10,7.552891204909429e-6
108,12,7.552897675289216e-6
108,14,7.5528961858140065e-6
108,17,7.552897455020968e-6
108,18,7.552895202600496e-6
108,21,7.552896519769092e-6
108,22,7.552896722273772e-6
108,23,7.5528945924219215e-6
108,24,7.5528962026893964e-6
108,27,5.664671867577908e-6
108,29,7.552896214235716e-6
108,2,7.552899129237289e-6
108,6,7.552895334050902e-6
108,7,7.552895892715128e-6
108,8,5.664669617821971e-6
109,10,7.552898372509276e-6
109,12,7.552895901596912e-6
109,14,7.552895926465908e-6
109,17,7.552895697315876e-6
109,18,7.552897063334285e-6
109,21,7.552896001072895e-6
109,22,7.552896564178013e-6
109,23,7.552896827967004e-6
109,24,7.552893894313684e-6
109,27,7.552894761175821e-6
109,29,7.552896216900251e-6
109,2,7.552896809315257e-6
109,6,7.552897427487437e-6
109,7,7.552896774676299e-6
109,8,7.552896211571181e-6
110,10,5.664671817839917e-6
110,12,7.552896509110951e-6
110,14,7.55289553744376e-6
110,17,7.552895913143232e-6
110,18,7.5528934200264075e-6
110,21,7.552895429085993e-6
110,22,7.5528972631744296e-6
110,23,7.552896714280166e-6
110,24,7.5528967444782324e-6
110,27,7.552895633367029e-6
110,29,7.552897054452501e-6
110,2,5.664671551386391e-6
110,6,7.552895590734465e-6
110,7,7.552896017948285e-6
110,8,7.55289557119454e-6
111,10,7.552897020701721e-6
111,12,7.552897314688778e-6
111,14,7.552896470919279e-6
111,17,7.55289560494532e-6
111,18,7.552893984019704e-6
111,21,7.552897749008025e-6
111,22,7.552895522344727e-6
111,23,7.552897361762234e-6
111,24,7.5528976335448306e-6
111,27,7.552895073814625e-6
111,29,7.552895642248814e-6
111,2,7.552895715079444e-6
111,6,7.55289671783288e-6
111,7,7.552897431928329e-6
111,8,7.552896128082409e-6
112,10,7.55290155129984e-6
112,12,7.552897837825867e-6
112,14,7.55289574527751e-6
112,17,7.552894450313374e-6
112,18,7.552896182261293e-6
112,21,7.552892340001449e-6
112,22,7.552895407769711e-6
112,23,5.664671292926471e-6
112,24,7.552896210683002e-6
112,27,7.5528962346638195e-6
112,29,7.552896941653842e-6
112,2,5.664672898753054e-6
112,6,7.552893905860003e-6
112,7,5.664672639404955e-6
112,8,7.552895977092078e-6
113,10,7.5528987952822035e-6
113,12,7.552895876727916e-6
113,14,7.552896623685967e-6
113,17,7.552895830542639e-6
113,18,7.5528982428352265e-6
113,21,5.6646723525233256e-6
113,22,7.552895135987114e-6
113,23,7.552894906837082e-6
113,24,7.552895906037804e-6
113,27,7.552894604856419e-6
113,29,7.552896210683002e-6
113,2,7.552900208374069e-6
113,6,7.552895429085993e-6
113,7,7.552893895201862e-6
113,8,7.552895774587398e-6
114,10,5.664671530070109e-6
114,12,7.552892389739441e-6
114,14,7.552895546325544e-6
114,17,7.552895811002713e-6
114,18,7.5528958980441985e-6
114,21,7.552896624574146e-6
114,22,5.664671975935676e-6
114,23,7.552897600682229e-6
114,24,7.552896857276892e-6
114,27,7.5528847984784875e-6
114,29,7.552896557960764e-6
114,2,7.55289499210221e-6
114,6,7.5528945924219215e-6
114,7,7.552896024165534e-6
114,8,5.6646716943831166e-6
115,10,7.552896921225738e-6
115,12,7.552895237239454e-6
115,14,7.552896057028136e-6
115,17,7.552895843865315e-6
115,18,7.552896372331475e-6
115,21,7.552895763041079e-6
115,22,7.552894274454047e-6
115,23,7.552896661877639e-6
115,24,7.55289663345593e-6
115,27,7.55289608811438e-6
115,29,7.552895782581004e-6
115,2,7.552898489748827e-6
115,6,7.552894989437675e-6
115,7,7.552896567730727e-6
115,8,7.5528952567793795e-6
116,10,7.552895872287024e-6
116,12,7.552893881879186e-6
116,14,7.5528947700576055e-6
116,17,7.552897906215605e-6
116,18,7.552895248785774e-6
116,21,7.5528933791702e-6
116,22,7.552895077367339e-6
116,23,7.552898125595675e-6
116,24,7.552894841111879e-6
116,27,7.552894731865933e-6
116,29,7.552895861628883e-6
116,2,7.552896575724333e-6
116,6,7.552895323392761e-6
116,7,5.664671860472481e-6
116,8,7.552895570306362e-6
117,10,7.552899697671478e-6
117,12,7.55289496989775e-6
117,14,7.552895658236025e-6
117,17,7.552896282625454e-6
117,18,7.552896509110951e-6
117,21,7.552895904261447e-6
117,22,7.552895983309327e-6
117,23,7.552895477935806e-6
117,24,7.552896787110797e-6
117,27,7.552896661877639e-6
117,29,7.552898170004596e-6
117,2,7.55289738663123e-6
117,6,7.552896061469028e-6
117,7,7.552894508044972e-6
117,8,7.55289599840836e-6
118,10,7.552893133144778e-6
118,12,7.552897911544676e-6
118,14,7.55289648157742e-6
118,17,7.55289682441429e-6
118,18,7.552896301277201e-6
118,21,7.552896250651031e-6
118,22,7.552897376861267e-6
118,23,7.552896513551843e-6
118,24,7.552895623597067e-6
118,27,7.552893888984613e-6
118,29,5.66467107976365e-6
118,2,7.552897831608618e-6
118,6,7.5528959593285094e-6
118,7,7.55289522835767e-6
118,8,7.552895783469182e-6
119,10,7.552897721474494e-6
119,12,7.552897021589899e-6
119,14,7.552896111207019e-6
119,17,7.552895006313065e-6
119,18,7.552895358919898e-6
119,21,7.552894295770329e-6
119,22,7.552896388318686e-6
119,23,7.552895563200934e-6
119,24,7.552895099571799e-6
119,27,5.664671476779404e-6
119,29,7.552897219653687e-6
119,2,5.664672804606141e-6
119,6,7.552893965367957e-6
119,7,7.552894028428625e-6
119,8,7.552886703621198e-6
120,10,7.552901834628756e-6
120,12,7.552895069373733e-6
120,14,5.66467210827426e-6
120,17,7.552895770146506e-6
120,18,7.552897871576647e-6
120,21,7.552896445162105e-6
120,22,7.552896652107677e-6
120,23,7.552900485485736e-6
120,24,7.552895588958108e-6
120,27,7.552895310958263e-6
120,29,7.552896174267687e-6
120,2,7.552895937124049e-6
120,6,7.552894836670987e-6
120,7,7.552895916695945e-6
120,8,7.552896212459359e-6
121,10,7.552894900619833e-6
121,12,7.552894817131062e-6
121,14,7.552894361495532e-6
121,17,7.5528905885136055e-6
121,18,7.552897405282977e-6
121,21,7.5528963918714e-6
121,22,7.552896228446571e-6
121,23,7.55289524523306e-6
121,24,7.552897593576802e-6
121,27,7.552895606721677e-6
121,29,7.552896216900251e-6
121,2,7.552896458484781e-6
121,6,7.552895341156329e-6
121,7,7.552895683993199e-6
121,8,7.5528913461297975e-6
122,10,5.6646711756869195e-6
122,12,7.5528949903258535e-6
122,14,7.552896620133254e-6
122,17,7.552896332363446e-6
122,18,7.55289541931603e-6
122,21,7.552896002849252e-6
122,22,7.552897664631075e-6
122,23,7.552893388940163e-6
122,24,7.552895927354086e-6
122,27,7.552897213436438e-6
122,29,7.552896423845823e-6
122,2,7.552895572970897e-6
122,6,7.5528958367598875e-6
122,7,7.552894860651804e-6
122,8,7.552897908880141e-6
123,10,7.552901852392324e-6
123,12,7.552893433349084e-6
123,14,7.552896377660545e-6
123,17,7.552896242657425e-6
123,18,7.5528962026893964e-6
123,21,7.5528956315906726e-6
123,22,7.552895733731191e-6
123,23,7.55289690879124e-6
123,24,7.552896263973707e-6
123,27,7.5528953331627235e-6
123,29,7.552894769169427e-6
123,2,7.5529002110386045e-6
123,6,7.552895528561976e-6
123,7,7.552896870599568e-6
123,8,7.552896707174739e-6
124,10,5.664672411143101e-6
124,12,7.552893723783427e-6
124,14,7.55289623999289e-6
124,17,7.552893976914277e-6
124,18,7.55289618936672e-6
124,21,7.5528946306135936e-6
124,22,7.5528967045102036e-6
124,23,7.552895297635587e-6
124,24,7.552896010842858e-6
124,27,7.552894704332402e-6
124,29,7.552895994855646e-6
124,2,7.552896359008798e-6
124,6,7.552896709839274e-6
124,7,5.664672419136707e-6
124,8,7.552894622619988e-6
125,10,7.552894893514406e-6
125,12,7.552896863494141e-6
125,14,7.5528957372839045e-6
125,17,7.552897370644018e-6
125,18,7.552895725737585e-6
125,21,7.552895347373578e-6
125,22,7.552895796791859e-6
125,23,7.552895530338333e-6
125,24,7.5528959424531195e-6
125,27,7.55289570619766e-6
125,29,7.552895580964503e-6
125,2,7.552895169737894e-6
125,6,7.5528947025560456e-6
125,7,7.552895840312601e-6
125,8,7.552895297635587e-6
126,10,7.55289637499601e-6
126,12,7.552897294260674e-6
126,14,7.552894983220426e-6
126,17,7.55289579590368e-6
126,18,7.552895742612975e-6
126,21,7.552895780804647e-6
126,22,7.5528956546833115e-6
126,23,7.552896553519872e-6
126,24,7.552896457596603e-6
126,27,7.552896001961074e-6
126,29,7.552897040241646e-6
126,2,7.552897003826331e-6
126,6,7.5528992820039775e-6
126,7,7.552895640472457e-6
126,8,7.552895849194385e-6
127,10,7.552895759488365e-6
127,12,7.552894292217616e-6
127,14,7.552896367002404e-6
127,17,7.552896011731036e-6
127,18,7.552895152862504e-6
127,21,7.552895651130598e-6
127,22,7.552895973539364e-6
127,23,7.552893118933923e-6
127,24,7.552895938012227e-6
127,27,7.552895590734465e-6
127,29,7.55289572307305e-6
127,2,7.5528958598525264e-6
127,6,7.552895679552307e-6
127,7,7.552896761353622e-6
127,8,7.552895479712163e-6
128,10,7.552893902307289e-6
128,12,7.552896592599723e-6
128,14,7.552896470031101e-6
128,17,7.552892097528741e-6
128,18,7.552894411233524e-6
128,21,7.5528956440251704e-6
128,22,7.552895393558856e-6
128,23,7.552876202687742e-6
128,24,7.5528963465743004e-6
128,27,7.552895234574919e-6
128,29,7.5528953464854e-6
128,2,7.552895522344727e-6
128,6,7.55289627374367e-6
128,7,7.552895910478696e-6
128,8,7.552896017060107e-6
129,10,7.552895716855801e-6
129,12,7.5528953464854e-6
129,14,7.552896462925673e-6
129,17,7.552896048146351e-6
129,18,7.5528966663185315e-6
129,21,7.5528960907789155e-6
129,22,7.552895879392452e-6
129,23,7.552910336272589e-6
129,24,7.552893952933459e-6
129,27,7.552896551743515e-6
129,29,7.5528958198844975e-6
129,2,7.5528961414050855e-6
129,6,7.5528953606962546e-6
129,7,7.552896524209984e-6
129,8,7.552895629814316e-6
130,10,7.552895299411944e-6
130,12,7.552892807183298e-6
130,14,7.552896327922554e-6
130,17,7.55289579057461e-6
130,18,7.552896239104712e-6
130,21,7.552888938278102e-6
130,22,7.552895990414754e-6
130,23,7.552894401463561e-6
130,24,7.552897062446107e-6
130,27,7.552894450313374e-6
130,29,7.552894731865933e-6
130,2,7.552896070350812e-6
130,6,7.552896719609237e-6
130,7,7.55289688658678e-6
130,8,7.552897322682384e-6
131,10,7.552896098772521e-6
131,12,7.552894333073823e-6
131,14,7.552896764906336e-6
131,17,7.552896591711544e-6
131,18,7.552895249673952e-6
131,21,7.552899983664929e-6
131,22,7.552896149398691e-6
131,23,7.5529121952300216e-6
131,24,7.552895035622953e-6
131,27,7.5528957541592945e-6
131,29,7.5528963892068646e-6
131,2,7.552895957552153e-6
131,6,7.552894786044817e-6
131,7,7.5528961627213675e-6
131,8,7.5528967551363735e-6
132,10,7.552895944229476e-6
132,12,7.552895490370304e-6
132,14,7.552895992191111e-6
132,17,7.552895724849407e-6
132,18,7.5528961627213675e-6
132,21,7.552895889162414e-6
132,22,7.552894428997092e-6
132,23,7.5528965224336275e-6
132,24,7.552894335738358e-6
132,27,7.552895642248814e-6
132,29,7.552895476159449e-6
132,2,7.552895821660854e-6
132,6,7.552895736395726e-6
132,7,7.552895290530159e-6
132,8,7.5528958749515596e-6
133,10,7.552895714191266e-6
133,12,7.552896117424268e-6
133,14,7.552896596152436e-6
133,17,7.552894521367648e-6
133,18,5.664673101257733e-6
133,21,7.552895955775796e-6
133,22,7.552894875750837e-6
133,23,7.552896849283286e-6
133,24,7.55289582432539e-6
133,27,7.552895811002713e-6
133,29,7.552896072127169e-6
133,2,7.55289728537889e-6
133,6,7.5528962852899895e-6
133,7,7.552896356344263e-6
133,8,7.55289783072044e-6
134,10,7.552896818197041e-6
134,12,7.552896100548878e-6
134,14,7.5528969754046216e-6
134,17,7.55289567244688e-6
134,18,5.664671232530338e-6
134,21,7.552894587092851e-6
134,22,7.5528956386961e-6
134,23,7.552894433437984e-6
134,24,7.552895658236025e-6
134,27,7.552894436990698e-6
134,29,7.552896136076015e-6
134,2,7.552896352791549e-6
134,6,7.5528963128235205e-6
134,7,7.552895501916623e-6
134,8,7.552895650242419e-6
135,10,7.552897182350193e-6
135,12,7.552897377749446e-6
135,14,7.552895514351121e-6
135,17,7.552896409634968e-6
135,18,7.552896930995701e-6
135,21,7.552895511686586e-6
135,22,7.552895602280785e-6
135,23,7.552895286089267e-6
135,24,7.552895676887772e-6
135,27,7.552896485130134e-6
135,29,7.552897177021123e-6
135,2,7.552895716855801e-6
135,6,7.552896304829915e-6
135,7,7.552896045481816e-6
135,8,7.552894276230404e-6
136,10,7.552905318064518e-6
136,12,7.5528956928749835e-6
136,14,7.552896309270807e-6
136,17,7.5528965055582375e-6
136,18,7.552895205265031e-6
136,21,7.552895937124049e-6
136,22,7.55289618403765e-6
136,23,7.552893831253016e-6
136,24,7.552895529450154e-6
136,27,7.552894487616868e-6
136,29,7.552896243545604e-6
136,2,7.552896072127169e-6
136,6,7.552896613027826e-6
136,7,7.552896112983376e-6
136,8,7.552895048945629e-6
137,10,7.552896191143077e-6
137,12,7.552894344620142e-6
137,14,7.552895636919743e-6
137,17,7.552893777962311e-6
137,18,7.552896626350503e-6
137,21,7.552896007290144e-6
137,22,7.552896996720904e-6
137,23,7.55289546461313e-6
137,24,7.552895551654615e-6
137,27,7.5528951235526165e-6
137,29,7.5528963510151925e-6
137,2,7.5528934093682665e-6
137,6,7.552895884721522e-6
137,7,7.552895095130907e-6
137,8,7.5528972862670685e-6
138,10,7.552895645801527e-6
138,12,7.552895652906955e-6
138,14,7.55289594778219e-6
138,17,7.552896210683002e-6
138,18,7.552895940676763e-6
138,21,7.55289602061282e-6
138,22,7.552895769258328e-6
138,23,7.552893827700302e-6
138,24,7.55289569465134e-6
138,27,7.55289512177626e-6
138,29,7.552895668005988e-6
138,2,7.552895318951869e-6
138,6,7.552896542861731e-6
138,7,7.552895557871864e-6
138,8,7.552895699980411e-6
139,10,7.552895103124513e-6
139,12,7.552893798390414e-6
139,14,7.552895234574919e-6
139,17,7.552895386453429e-6
139,18,7.5528969327720574e-6
139,21,7.552895772811041e-6
139,22,7.552895247009417e-6
139,23,7.552895131546222e-6
139,24,7.552895787021896e-6
139,27,7.5528961414050855e-6
139,29,7.552897050011609e-6
139,2,7.55289362075473e-6
139,6,7.552895465501308e-6
139,7,7.552894463636051e-6
139,8,7.5528964460502834e-6
140,10,7.552904101260083e-6
140,12,7.552894867757232e-6
140,14,7.552895424645101e-6
140,17,7.552896017060107e-6
140,18,7.552895314510977e-6
140,21,7.552896057916314e-6
140,22,7.552885480599514e-6
140,23,7.552895577411789e-6
140,24,7.552895620044353e-6
140,27,7.55289589715602e-6
140,29,7.552894586204673e-6
140,2,7.552894920159758e-6
140,6,7.552896095219808e-6
140,7,7.552894755846751e-6
140,8,7.552896192919434e-6
141,10,7.552900262552953e-6
141,12,7.552891186257682e-6
141,14,7.552895886497879e-6
141,17,7.552895299411944e-6
141,18,7.55289536336079e-6
141,21,7.552896343909765e-6
141,22,7.552896237328355e-6
141,23,7.5528968821458875e-6
141,24,7.552895539220117e-6
141,27,7.5528951022363344e-6
141,29,7.5528964949000965e-6
141,2,7.552895164408824e-6
141,6,7.552894136786392e-6
141,7,7.552896084561667e-6
141,8,7.552895835871709e-6
142,10,7.552900139984331e-6
142,12,7.5528973582095205e-6
142,14,7.5528964886828476e-6
142,17,7.552897031359862e-6
142,18,7.5528955827408595e-6
142,21,7.552896741813697e-6
142,22,7.552895349149935e-6
142,23,7.552897170803874e-6
142,24,7.552898064311364e-6
142,27,7.552895736395726e-6
142,29,7.552896089890737e-6
142,2,7.552894905948904e-6
142,6,7.55289618403765e-6
142,7,7.552895588958108e-6
142,8,7.552896907903062e-6
143,10,7.552895943341298e-6
143,12,7.552896760465444e-6
143,14,7.5528973475513794e-6
143,17,7.552896006401966e-6
143,18,7.552895525009262e-6
143,21,7.552892640205755e-6
143,22,7.552894794926601e-6
143,23,7.552896396312292e-6
143,24,7.5528956315906726e-6
143,27,7.552893748652423e-6
143,29,7.552896328810732e-6
143,2,7.552894553342071e-6
143,6,7.552895907814161e-6
143,7,7.552895588958108e-6
143,8,7.552895241680346e-6
144,10,7.552894398799026e-6
144,12,7.552896140516907e-6
144,14,7.552895983309327e-6
144,17,7.5528954326387066e-6
144,18,7.552895691098627e-6
144,21,7.552895856299813e-6
144,22,7.552895910478696e-6
144,23,7.552894723872328e-6
144,24,7.552893517726034e-6
144,27,7.55289615028687e-6
144,29,7.552895359808076e-6
144,2,7.552895420204209e-6
144,6,7.5528962302229274e-6
144,7,7.552894906837082e-6
144,8,7.552895479712163e-6
145,10,7.55289649312374e-6
145,12,7.55289543086235e-6
145,14,7.552896553519872e-6
145,17,7.5528955001402664e-6
145,18,7.552896238216533e-6
145,21,7.5528920380207865e-6
145,22,7.552901412744006e-6
145,23,7.552895643136992e-6
145,24,7.55289694254202e-6
145,27,7.5528943597191756e-6
145,29,7.552895890938771e-6
145,2,7.5528950240766335e-6
145,6,7.552896731155556e-6
145,7,7.552895398887927e-6
145,8,7.552895636919743e-6
146,10,7.552896661877639e-6
146,12,7.552894978779534e-6
146,14,7.552896109430662e-6
146,17,7.5528952949710515e-6
146,18,7.552895818996319e-6
146,21,7.552896664542175e-6
146,22,7.552896208018467e-6
146,23,7.552895907814161e-6
146,24,7.552896728491021e-6
146,27,7.552898371621097e-6
146,29,7.552894281559475e-6
146,2,7.552897129059488e-6
146,6,7.552896795992581e-6
146,7,7.552895379348001e-6
146,8,7.552893181994591e-6
147,10,7.552895477935806e-6
147,12,7.5528947425240744e-6
147,14,7.552895763041079e-6
147,17,7.552895540108295e-6
147,18,7.55289588028063e-6
147,21,7.5528954877057686e-6
147,22,7.552894238038732e-6
147,23,7.5528958536352775e-6
147,24,7.552895249673952e-6
147,27,7.552895341156329e-6
147,29,7.5528966005933285e-6
147,2,7.552897025142613e-6
147,6,7.552895600504428e-6
147,7,7.552895810114535e-6
147,8,7.552896263085529e-6
148,10,7.552896070350812e-6
148,12,7.552899831786419e-6
148,14,7.55289555431915e-6
148,17,7.552896212459359e-6
148,18,7.552894136786392e-6
148,21,7.552895345597221e-6
148,22,7.552895657347847e-6
148,23,7.552895453954989e-6
148,24,7.5528951066772265e-6
148,27,7.552895358919898e-6
148,29,7.5528958749515596e-6
148,2,7.552896098772521e-6
148,6,7.552897002938153e-6
148,7,7.552895557871864e-6
148,8,7.552896995832725e-6
149,10,7.552895202600496e-6
149,12,7.552897655749291e-6
149,14,7.55289618403765e-6
149,17,7.552896308382628e-6
149,18,7.552893864115617e-6
149,21,7.552895111118119e-6
149,22,7.552896647666785e-6
149,23,7.5528977623307014e-6
149,24,7.552895890938771e-6
149,27,7.552895939788584e-6
149,29,7.552896529539055e-6
149,2,7.552896495788275e-6
149,6,7.552895597839893e-6
149,7,7.552896161833189e-6
149,8,7.5528814358349905e-6
150,10,7.552895811002713e-6
150,12,7.5528957310666556e-6
150,14,7.5528957923509665e-6
150,17,7.55289821263716e-6
150,18,7.552894796702958e-6
150,21,7.55289706066975e-6
150,22,7.552896555296229e-6
150,23,7.552895729290299e-6
150,24,7.552895215034994e-6
150,27,5.664672249494629e-6
150,29,7.552894517814934e-6
150,2,7.552895235463097e-6
150,6,7.552897356433164e-6
150,7,7.552895401552462e-6
150,8,7.552896455820246e-6
151,10,7.552897544726989e-6
151,12,7.552895727513942e-6
151,14,7.552895596951714e-6
151,17,7.552895858964348e-6
151,18,7.55289436860096e-6
151,21,7.55289776321888e-6
151,22,7.552896411411325e-6
151,23,7.552896654772212e-6
151,24,7.55289649845281e-6
151,27,7.552896512663665e-6
151,29,7.552896692075706e-6
151,2,7.552896344797944e-6
151,6,7.5529045027167285e-6
151,7,7.552895450402275e-6
151,8,7.5528946537062325e-6
152,10,7.552896558848943e-6
152,12,7.552899210949704e-6
152,14,7.552894764728535e-6
152,17,7.552895607609855e-6
152,18,7.552895969098472e-6
152,21,7.552897031359862e-6
152,22,7.552896338580695e-6
152,23,7.552895444185026e-6
152,24,7.552894579987424e-6
152,27,7.5528945435721084e-6
152,29,7.552895960216688e-6
152,2,7.552895816331784e-6
152,6,7.552892338225092e-6
152,7,7.552895755047473e-6
152,8,7.552898122042961e-6
153,10,7.552895379348001e-6
153,12,7.552897127283131e-6
153,14,7.552896480689242e-6
153,17,7.5528954219805655e-6
153,18,7.552895033846596e-6
153,21,7.552895691098627e-6
153,22,7.552896370555118e-6
153,23,7.552896795992581e-6
153,24,7.552896062357206e-6
153,27,7.552896182261293e-6
153,29,7.552896125417874e-6
153,2,7.5528957710346845e-6
153,6,7.55289126619374e-6
153,7,7.552895958440331e-6
153,8,7.5528960312709614e-6
154,10,7.552895656459668e-6
154,12,7.552897525187063e-6
154,14,7.5528923257905944e-6
154,17,7.552895175066965e-6
154,18,7.55289562182071e-6
154,21,7.552896022389177e-6
154,22,7.55289577369922e-6
154,23,7.552895374907109e-6
154,24,7.5528956822168425e-6
154,27,7.552901359453301e-6
154,29,7.55289647624835e-6
154,2,7.552895080920052e-6
154,6,7.552896410523147e-6
154,7,7.552896405194076e-6
154,8,7.552896471807458e-6
155,10,7.552896791551689e-6
155,12,7.552895437079599e-6
155,14,7.552897008267223e-6
155,17,7.552895004536708e-6
155,18,7.55289543619142e-6
155,21,7.5528962684145995e-6
155,22,7.552897045570717e-6
155,23,7.552898652285478e-6
155,24,5.664672285909944e-6
155,27,7.552894805584742e-6
155,29,7.552893543483208e-6
155,2,7.552895347373578e-6
155,6,7.552895563200934e-6
155,7,7.55289573994844e-6
155,8,7.552895427309636e-6
156,10,7.552896969187373e-6
156,12,7.552896752471838e-6
156,14,7.552897431040151e-6
156,17,7.552894247808695e-6
156,18,7.5528960357118535e-6
156,21,7.552898268592401e-6
156,22,7.552896308382628e-6
156,23,7.5528951448688986e-6
156,24,7.5528954051051755e-6
156,27,7.552893459994436e-6
156,29,7.552896127194231e-6
156,2,7.55289572840212e-6
156,6,7.5528953606962546e-6
156,7,7.552897210771903e-6
156,8,7.552894461859694e-6
157,10,7.552895924689551e-6
157,12,7.552896159168654e-6
157,14,7.552895957552153e-6
157,17,7.5528966725357805e-6
157,18,7.55289502052392e-6
157,21,7.552896112983376e-6
157,22,7.552896601481507e-6
157,23,7.552896890139493e-6
157,24,7.55289589715602e-6
157,27,7.552893826812124e-6
157,29,7.5528948251246675e-6
157,2,7.552896352791549e-6
157,6,7.5528909251332266e-6
157,7,7.552895043616559e-6
157,8,7.552899149665393e-6
158,10,7.552898694029864e-6
158,12,7.5528958642934185e-6
158,14,7.552895222140421e-6
158,17,7.552896342133408e-6
158,18,7.552896851059643e-6
158,21,7.552896800433473e-6
158,22,7.55289658282976e-6
158,23,7.552894665252552e-6
158,24,7.552894876639016e-6
158,27,7.5528957035331246e-6
158,29,7.55289855014496e-6
158,2,7.552896641449536e-6
158,6,7.552891195139466e-6
158,7,7.5528967000693115e-6
158,8,7.552896168050438e-6
159,10,7.552895600504428e-6
159,12,7.552894673246158e-6
159,14,7.552896446938462e-6
159,17,7.552895806561821e-6
159,18,7.552895977092078e-6
159,21,7.552895509910229e-6
159,22,7.552896876816817e-6
159,23,7.552894495610474e-6
159,24,7.552896100548878e-6
159,27,7.552895226581313e-6
159,29,7.552895548101901e-6
159,2,7.55289677378812e-6
159,6,7.552895632478851e-6
159,7,7.552896094331629e-6
159,8,7.5528961076543055e-6
160,10,7.552896509110951e-6
160,12,7.552896066798098e-6
160,14,7.55289589715602e-6
160,17,7.5528966005933285e-6
160,18,7.5528958154436054e-6
160,21,5.664671364868923e-6
160,22,7.552896557960764e-6
160,23,7.552895664453274e-6
160,24,7.552896085449845e-6
160,27,7.552895767481971e-6
160,29,7.552895541884652e-6
160,2,7.552896821749755e-6
160,6,7.552896056139957e-6
160,7,7.552896826190647e-6
160,8,5.664671828498058e-6
161,10,7.552895166185181e-6
161,12,7.552895073814625e-6
161,14,7.552897199225583e-6
161,17,7.552894747853145e-6
161,18,7.552895369578039e-6
161,21,7.552897398177549e-6
161,22,7.5528968208615765e-6
161,23,7.552894865092696e-6
161,24,7.55289596465758e-6
161,27,7.5528959317949784e-6
161,29,7.5528952336867405e-6
161,2,7.5528974790017855e-6
161,6,7.552892757445306e-6
161,7,7.552895842088958e-6
161,8,7.552896760465444e-6
162,10,7.5528965606252996e-6
162,12,7.552895752382938e-6
162,14,7.552895300300122e-6
162,17,7.552896299500844e-6
162,18,7.5528967276028425e-6
162,21,5.664671935079468e-6
162,22,7.552896469142922e-6
162,23,7.552896100548878e-6
162,24,7.552894565776569e-6
162,27,7.552896561513478e-6
162,29,7.5528961582804754e-6
162,2,7.552896077456239e-6
162,6,7.55289581277907e-6
162,7,7.552896830631539e-6
162,8,7.552894138562749e-6
163,10,7.552896660989461e-6
163,12,7.5528961627213675e-6
163,14,7.552894783380282e-6
163,17,7.552895777251933e-6
163,18,7.552893560358598e-6
163,21,7.552899587537354e-6
163,22,7.55289681908522e-6
163,23,7.552894999207638e-6
163,24,7.552896383877794e-6
163,27,7.552895869622489e-6
163,29,7.552896587270652e-6
163,2,7.552895484153055e-6
163,6,7.552895536555582e-6
163,7,7.552896271079135e-6
163,8,7.552896176932222e-6
164,10,7.552896258644637e-6
164,12,7.552896111207019e-6
164,14,7.552895739060261e-6
164,17,7.5528965117754865e-6
164,18,7.552895691986805e-6
164,21,7.552896420293109e-6
164,22,7.552895404216997e-6
164,23,7.55289584652985e-6
164,24,7.552895800344572e-6
164,27,7.552896936324771e-6
164,29,7.552895569418183e-6
164,2,7.552896509110951e-6
164,6,7.552896396312292e-6
164,7,7.552895760376543e-6
164,8,7.552896300389023e-6
165,10,7.552892369311337e-6
165,12,7.5528941607672095e-6
165,14,7.552896294171774e-6
165,17,7.552896295059952e-6
165,18,7.5528942282687694e-6
165,21,7.5528956164916394e-6
165,22,7.5528960357118535e-6
165,23,7.552894909501617e-6
165,24,7.552895424645101e-6
165,27,7.552895564977291e-6
165,29,7.552896005513787e-6
165,2,7.5528967382609835e-6
165,6,7.552896176932222e-6
165,7,7.552895761264722e-6
165,8,7.552896657436747e-6
166,10,7.552895717743979e-6
166,12,7.552895459284059e-6
166,14,7.552896504670059e-6
166,17,7.552895347373578e-6
166,18,7.552894888185335e-6
166,21,7.552896468254744e-6
166,22,7.552894899731655e-6
166,23,7.552895396223391e-6
166,24,7.552896460261138e-6
166,27,7.552894628837237e-6
166,29,7.552895907814161e-6
166,2,7.552896100548878e-6
166,6,7.552896771123585e-6
166,7,7.552895390006142e-6
166,8,7.552896104101592e-6
167,10,7.552898916962647e-6
167,12,7.552896235551998e-6
167,14,7.552895354479006e-6
167,17,7.55289543619142e-6
167,18,7.552896367002404e-6
167,21,7.552895197271425e-6
167,22,7.552895893603306e-6
167,23,7.552895000983995e-6
167,24,7.552896021500999e-6
167,27,7.552895509910229e-6
167,29,7.552895795015502e-6
167,2,7.5528967320437346e-6
167,6,7.552896557960764e-6
167,7,7.552897127283131e-6
167,8,7.552896595264258e-6
168,10,7.552895977980256e-6
168,12,7.5528968928040285e-6
168,14,7.552895511686586e-6
168,17,7.552896745366411e-6
168,18,7.5528955827408595e-6
168,21,7.55289706066975e-6
168,22,7.552896147622334e-6
168,23,7.552894776274854e-6
168,24,7.552895804785464e-6
168,27,7.5528949583514304e-6
168,29,7.552897189455621e-6
168,2,7.552896215123894e-6
168,6,7.552895318951869e-6
168,7,7.552897174356588e-6
168,8,7.5528944316616276e-6
169,10,7.55289552056837e-6
169,12,7.552895557871864e-6
169,14,7.552895697315876e-6
169,17,7.5528960632453845e-6
169,18,7.552895243456703e-6
169,21,7.552896072127169e-6
169,22,7.552896563289835e-6
169,23,7.5528967826699045e-6
169,24,7.5528954663894865e-6
169,27,7.552898008356124e-6
169,29,7.552895718632158e-6
169,2,7.55289618936672e-6
169,6,7.552895670670523e-6
169,7,7.552896026830069e-6
169,8,7.552896929219344e-6
170,10,7.552897926643709e-6
170,12,7.5528954006642834e-6
170,14,7.552896094331629e-6
170,17,7.552896163609546e-6
170,18,7.552895596063536e-6
170,21,7.552896779117191e-6
170,22,7.552896271967313e-6
170,23,7.552895542772831e-6
170,24,7.552896419404931e-6
170,27,7.552895293194695e-6
170,29,7.552894751405859e-6
170,2,7.552895875839738e-6
170,6,7.5528970198135426e-6
170,7,7.552895175955143e-6
170,8,7.552896573947976e-6
171,10,7.552896319040769e-6
171,12,7.552894536466681e-6
171,14,7.552896209794824e-6
171,17,7.552895640472457e-6
171,18,7.552895345597221e-6
171,21,7.5528960081783225e-6
171,22,7.55289581277907e-6
171,23,7.552894676798871e-6
171,24,7.552895628926137e-6
171,27,7.5528947087732945e-6
171,29,7.552896399865006e-6
171,2,7.552897205442832e-6
171,6,7.552895274542948e-6
171,7,7.5528964949000965e-6
171,8,7.552895230134027e-6
172,10,7.552896485130134e-6
172,12,7.5528958918269495e-6
172,14,7.552897808515979e-6
172,17,7.5528952292458484e-6
172,18,7.5528958811688085e-6
172,21,7.552894989437675e-6
172,22,7.5528960632453845e-6
172,23,7.55289399201331e-6
172,24,7.55289579057461e-6
172,27,7.552895463724951e-6
172,29,7.55289738663123e-6
172,2,7.55289560494532e-6
172,6,7.5529014500475e-6
172,7,7.5528961307469444e-6
172,8,7.552897155704841e-6
173,10,7.5528964673665655e-6
173,12,7.55289738663123e-6
173,14,7.5528955152393e-6
173,17,7.55289649312374e-6
173,18,7.5528957816928255e-6
173,21,7.552895104012691e-6
173,22,7.552896066798098e-6
173,23,7.552895165297002e-6
173,24,7.552896215123894e-6
173,27,7.5528958811688085e-6
173,29,7.552896028606426e-6
173,2,7.5528955045811585e-6
173,6,7.552897672624681e-6
173,7,7.552895628037959e-6
173,8,7.552897250739932e-6
174,10,7.552895844753493e-6
174,12,7.5528951342107575e-6
174,14,7.5528961689386165e-6
174,17,7.552898474649794e-6
174,18,7.5528976015704075e-6
174,21,7.552895657347847e-6
174,22,7.552896444273927e-6
174,23,7.552895064044662e-6
174,24,7.552895949558547e-6
174,27,7.552894997431281e-6
174,29,7.552895009865779e-6
174,2,7.552896203577575e-6
174,6,7.552897193008334e-6
174,7,7.552895994855646e-6
174,8,7.5528950347347745e-6
175,10,7.552896581053403e-6
175,12,7.552897503870781e-6
175,14,7.552896136076015e-6
175,17,7.552895779916469e-6
175,18,7.552896552631694e-6
175,21,7.552898189544521e-6
175,22,7.552896051699065e-6
175,23,7.5528945755465315e-6
175,24,7.55289712817131e-6
175,27,7.5528962346638195e-6
175,29,7.552895028517526e-6
175,2,7.552896806650722e-6
175,6,7.552896579277046e-6
175,7,7.55289755538513e-6
175,8,7.552896287066346e-6
176,10,7.552895869622489e-6
176,12,7.552894494722295e-6
176,14,7.552895580076324e-6
176,17,7.552896137852372e-6
176,18,7.552896009954679e-6
176,21,7.552896120088803e-6
176,22,7.552896595264258e-6
176,23,7.552895620044353e-6
176,24,7.552896634344108e-6
176,27,7.552895391782499e-6
176,29,7.552895958440331e-6
176,2,7.552896825302469e-6
176,6,7.5528950453929156e-6
176,7,7.5528954557313455e-6
176,8,7.552895406881532e-6
177,10,7.552898338758496e-6
177,12,7.552894982332248e-6
177,14,7.552894451201553e-6
177,17,7.552895937124049e-6
177,18,7.552896935436593e-6
177,21,7.552896668094888e-6
177,22,7.552896260420994e-6
177,23,7.552895340268151e-6
177,24,7.5528955276737975e-6
177,27,7.552896915008489e-6
177,29,7.5528951066772265e-6
177,2,7.552895683105021e-6
177,6,7.552895407769711e-6
177,7,7.552895478823984e-6
177,8,7.552895746165689e-6
178,10,7.55289570619766e-6
178,12,7.5528956102743905e-6
178,14,7.55289332321496e-6
178,17,7.552897338669595e-6
178,18,7.552895015194849e-6
178,21,7.5528945542302495e-6
178,22,7.552895761264722e-6
178,23,7.552896984286406e-6
178,24,7.552895994855646e-6
178,27,7.5528972249827575e-6
178,29,7.55289524523306e-6
178,2,7.552896318152591e-6
178,6,7.55289335696574e-6
178,7,7.552897488771748e-6
178,8,7.552896040152746e-6
179,10,7.552897000273617e-6
179,12,7.552893913853609e-6
179,14,7.5528973688676615e-6
179,17,7.5528953011883004e-6
179,18,7.5528953837888935e-6
179,21,7.55289717879748e-6
179,22,7.552896301277201e-6
179,23,7.552896287066346e-6
179,24,7.552895505469337e-6
179,27,7.552896416740396e-6
179,29,7.552895564089113e-6
179,2,7.552896007290144e-6
179,6,7.552897918650103e-6
179,7,7.552896845730572e-6
179,8,7.552895951334904e-6
180,10,7.5528954326387066e-6
180,12,7.552895805673643e-6
180,14,7.552895578299967e-6
180,17,7.5528948189074185e-6
180,18,7.552895485041233e-6
180,21,7.552896665430353e-6
180,22,7.552897535845204e-6
180,23,7.552897076656961e-6
180,24,7.552896409634968e-6
180,27,7.552895940676763e-6
180,29,7.552896761353622e-6
180,2,7.552897260509894e-6
180,6,7.552895292306516e-6
180,7,7.5528951848369275e-6
180,8,7.552897007379045e-6
181,10,7.552896795992581e-6
181,12,7.552897653972934e-6
181,14,7.552895950446725e-6
181,17,7.552895946005833e-6
181,18,7.552895934459514e-6
181,21,7.552898098062144e-6
181,22,7.552895617379818e-6
181,23,7.55289567244688e-6
181,24,7.552896017060107e-6
181,27,7.552894500939544e-6
181,29,7.552895444185026e-6
181,2,7.5528946643643735e-6
181,6,7.552896021500999e-6
181,7,7.5528959975201815e-6
181,8,7.552895718632158e-6
182,10,7.552892731688132e-6
182,12,7.552895806561821e-6
182,14,7.552895528561976e-6
182,17,7.552895969098472e-6
182,18,7.552896045481816e-6
182,21,7.5528970535643225e-6
182,22,7.55289640874679e-6
182,23,7.552894348172856e-6
182,24,7.552896455820246e-6
182,27,7.552895511686586e-6
182,29,7.552896184925828e-6
182,2,7.552896174267687e-6
182,6,7.552896016171928e-6
182,7,7.552896371443296e-6
182,8,7.552895000095816e-6
183,10,7.552896242657425e-6
183,12,7.55289712817131e-6
183,14,7.552895528561976e-6
183,17,7.552894974338642e-6
183,18,7.552895154638861e-6
183,21,7.552895674223237e-6
183,22,7.552896544638088e-6
183,23,7.552894119911002e-6
183,24,7.552894429885271e-6
183,27,7.552900407326035e-6
183,29,7.5528955445491874e-6
183,2,7.552895553430972e-6
183,6,7.552895710638552e-6
183,7,7.5528966556603905e-6
183,8,7.552895476159449e-6
184,10,7.552895606721677e-6
184,12,7.552895776363755e-6
184,14,7.552896038376389e-6
184,17,7.552895086249123e-6
184,18,7.552895546325544e-6
184,21,7.552896463813852e-6
184,22,7.552895760376543e-6
184,23,7.5528956715587015e-6
184,24,7.552896183149471e-6
184,27,7.552895227469492e-6
184,29,7.552895893603306e-6
184,2,7.552895507245694e-6
184,6,7.552895279872018e-6
184,7,7.5528964336157856e-6
184,8,7.552896646778606e-6
185,10,7.5528952061532095e-6
185,12,7.552896176932222e-6
185,14,7.552895499252088e-6
185,17,7.552896495788275e-6
185,18,7.55289613874055e-6
185,21,7.552896989615476e-6
185,22,7.552896013507393e-6
185,23,7.552894781603925e-6
185,24,7.552895907814161e-6
185,27,7.552895183948749e-6
185,29,7.552895852747099e-6
185,2,7.552897233864542e-6
185,6,7.552895009865779e-6
185,7,7.552896701845668e-6
185,8,7.552896519769092e-6
186,10,7.552895349149935e-6
186,12,7.55289519460689e-6
186,14,7.552895171514251e-6
186,17,7.552895693763162e-6
186,18,7.552896100548878e-6
186,21,7.552894796702958e-6
186,22,7.552896569507084e-6
186,23,7.552894768281249e-6
186,24,7.552896096107986e-6
186,27,7.5528967720117635e-6
186,29,7.552895469054022e-6
186,2,7.55289533493908e-6
186,6,7.552895342044508e-6
186,7,7.5528957710346845e-6
186,8,7.552897477225429e-6
187,10,7.552895906925983e-6
187,12,7.5528957754755766e-6
187,14,7.552895795015502e-6
187,17,7.5528945924219215e-6
187,18,7.552895697315876e-6
187,21,7.552898444451728e-6
187,22,7.552896336804338e-6
187,23,7.552895175066965e-6
187,24,7.552894915718866e-6
187,27,7.552895906037804e-6
187,29,7.5528965606252996e-6
187,2,7.5528955107984075e-6
187,6,7.552896491347383e-6
187,7,7.552895435303242e-6
187,8,7.552896029494605e-6
188,10,7.552895871398846e-6
188,12,7.552896220452965e-6
188,14,7.552895796791859e-6
188,17,7.552896115647911e-6
188,18,7.552895114670832e-6
188,21,7.552897322682384e-6
188,22,7.552895509910229e-6
188,23,7.552894507156793e-6
188,24,7.552895710638552e-6
188,27,7.5528960463699946e-6
188,29,7.552897054452501e-6
188,2,7.552896941653842e-6
188,6,7.552895476159449e-6
188,7,7.552894950357825e-6
188,8,7.552895187501463e-6
189,10,7.552895954887617e-6
189,12,7.552895865181597e-6
189,14,7.5528959593285094e-6
189,17,7.552897280937998e-6
189,18,7.552894817131062e-6
189,21,7.552896287066346e-6
189,22,7.552895803897286e-6
189,23,7.552894585316494e-6
189,24,7.552895642248814e-6
189,27,7.552895343820865e-6
189,29,7.552896122753339e-6
189,2,7.5528967276028425e-6
189,6,7.5528956040571416e-6
189,7,7.552895224804956e-6
189,8,7.55289440768081e-6
190,10,7.552896571283441e-6
190,12,7.552897706375461e-6
190,14,7.552895653795133e-6
190,17,7.552895961104866e-6
190,18,7.552895866957954e-6
190,21,7.552896576612511e-6
190,22,7.552895168849716e-6
190,23,7.552895443296848e-6
190,24,7.552896668983067e-6
190,27,7.552896148510513e-6
190,29,7.552894676798871e-6
190,2,7.552895794127323e-6
190,6,7.552895840312601e-6
190,7,7.552896451379354e-6
190,8,7.552895890050593e-6
191,10,7.5528951786196785e-6
191,12,7.552897328899633e-6
191,14,7.552896881257709e-6
191,17,7.552894881968086e-6
191,18,7.552895879392452e-6
191,21,7.5528960996607e-6
191,22,7.552895488593947e-6
191,23,7.552895405993354e-6
191,24,7.552892644646647e-6
191,27,7.552898714457967e-6
191,29,7.552896233775641e-6
191,2,7.5528908656252725e-6
191,6,7.552895712414909e-6
191,7,7.552896856388713e-6
191,8,7.552895691098627e-6
192,10,7.5528959024850906e-6
192,12,7.552894841111879e-6
192,14,7.552894997431281e-6
192,17,7.552895843865315e-6
192,18,7.55289558806993e-6
192,21,7.55289644249757e-6
192,22,7.552895566753648e-6
192,23,7.5528971450467e-6
192,24,7.552896028606426e-6
192,27,7.552895345597221e-6
192,29,7.552896725826486e-6
192,2,7.5528959637694015e-6
192,6,7.552892657969323e-6
192,7,7.552896291507238e-6
192,8,7.552896316376234e-6
193,10,7.552896530427233e-6
193,12,7.552895241680346e-6
193,14,7.552897598017694e-6
193,17,7.5528962346638195e-6
193,18,7.5528953331627235e-6
193,21,7.552895939788584e-6
193,22,7.552896351903371e-6
193,23,7.552895292306516e-6
193,24,7.552895774587398e-6
193,27,7.552896557960764e-6
193,29,7.5528958873860574e-6
193,2,7.5528957923509665e-6
193,6,7.552895935347692e-6
193,7,7.552895933571335e-6
193,8,7.552895306517371e-6
194,10,7.552895183948749e-6
194,12,7.5528955214565485e-6
194,14,7.552896311047164e-6
194,17,7.552893768192348e-6
194,18,7.552895462836773e-6
194,21,7.552895888274236e-6
194,22,7.552896263085529e-6
194,23,7.552895433526885e-6
194,24,7.552895855411634e-6
194,27,7.552895187501463e-6
194,29,7.552894856210912e-6
194,2,7.552895948670368e-6
194,6,7.552897025142613e-6
194,7,7.552896241769247e-6
194,8,7.552894707885116e-6
195,10,7.552894823348311e-6
195,12,7.5528956546833115e-6
195,14,7.552894732754112e-6
195,17,7.552896089002559e-6
195,18,7.552896280849097e-6
195,21,7.552895203488674e-6
195,22,7.552896254203745e-6
195,23,7.5528952399039895e-6
195,24,7.5528959149195884e-6
195,27,7.55289463238995e-6
195,29,7.55289618936672e-6
195,2,7.552895556095507e-6
195,6,7.552895502804802e-6
195,7,7.552896134299658e-6
195,8,7.552896804874365e-6
196,10,7.552895956663974e-6
196,12,7.552895357143541e-6
196,14,7.552896242657425e-6
196,17,7.552895851858921e-6
196,18,7.552896319928948e-6
196,21,7.552895729290299e-6
196,22,7.552895075590982e-6
196,23,7.552896988727298e-6
196,24,7.552896265750064e-6
196,27,7.552896905238526e-6
196,29,7.552895834095352e-6
196,2,7.552915652020431e-6
196,6,7.552896495788275e-6
196,7,7.552894701667867e-6
196,8,7.552894111029218e-6
197,10,7.552895690210448e-6
197,12,7.552894929041543e-6
197,14,7.552895467277665e-6
197,17,7.552900324725442e-6
197,18,7.552895517903835e-6
197,21,7.552896541085374e-6
197,22,7.5528947194314355e-6
197,23,7.5529005538754745e-6
197,24,7.552897524298885e-6
197,27,7.552894909501617e-6
197,29,7.552896931883879e-6
197,2,7.552894769169427e-6
197,6,7.552895255003023e-6
197,7,7.5528961902548986e-6
197,8,7.5528969816218705e-6
198,10,7.55289544773774e-6
198,12,7.55289586340524e-6
198,14,7.552896535756304e-6
198,17,7.5528954281978145e-6
198,18,7.552896382989616e-6
198,21,7.552896025941891e-6
198,22,7.552896178708579e-6
198,23,7.552895451290453e-6
198,24,7.552895607609855e-6
198,27,7.5528949627923225e-6
198,29,7.5528952292458484e-6
198,2,7.552895323392761e-6
198,6,7.552896978957335e-6
198,7,7.552895839424423e-6
198,8,7.552895353590827e-6
199,10,7.552896896356742e-6
199,12,7.552896918561203e-6
199,14,7.55289634124523e-6
199,17,7.552895766593792e-6
199,18,7.552895992191111e-6
199,21,7.5528965011173455e-6
199,22,7.552891045037313e-6
199,23,7.552895461948594e-6
199,24,7.552895987750219e-6
199,27,7.552895873175203e-6
199,29,7.55289604903453e-6
199,2,7.552894972562285e-6
199,6,7.552896193807612e-6
199,7,7.552896413187682e-6
199,8,7.552895118223546e-6
200,10,7.552896097884343e-6
200,12,7.552896336804338e-6
200,14,7.552895308293728e-6
200,17,7.552894953910538e-6
200,18,7.552895667117809e-6
200,21,7.552895834983531e-6
200,22,7.552896969187373e-6
200,23,7.552896382989616e-6
200,24,7.552895961104866e-6
200,27,7.552895909590518e-6
200,29,7.55289568932227e-6
200,2,7.55289658282976e-6
200,6,7.552898450668977e-6
200,7,7.552898050100509e-6
200,8,7.552897062446107e-6
201,10,7.552895399776105e-6
201,12,7.552896184925828e-6
201,14,7.5528966831939215e-6
201,17,7.552895409546068e-6
201,18,7.552900284757413e-6
201,21,7.552895871398846e-6
201,22,7.552896876816817e-6
201,23,7.5528940888247575e-6
201,24,7.552898411589126e-6
201,27,7.552890723516725e-6
201,29,7.552895912255053e-6
201,2,7.552894496498652e-6
201,6,7.552896613027826e-6
201,7,7.552896122753339e-6
201,8,7.552895850082564e-6
202,10,7.552896847506929e-6
202,12,7.552896151175048e-6
202,14,7.552897127283131e-6
202,17,7.552898093621252e-6
202,18,7.5528946430480914e-6
202,21,7.552896353679728e-6
202,22,7.552894187412562e-6
202,23,7.552895954887617e-6
202,24,7.552894707885116e-6
202,27,7.552896043705459e-6
202,29,7.552895376683466e-6
202,2,7.552895326945475e-6
202,6,7.552895888274236e-6
202,7,7.552895753271116e-6
202,8,7.552895192830533e-6
203,10,7.552895589846287e-6
203,12,7.552893340978528e-6
203,14,7.5528953669135035e-6
203,17,7.5528955489900795e-6
203,18,7.552896034823675e-6
203,21,7.552895686657735e-6
203,22,7.552895685769556e-6
203,23,7.5528956928749835e-6
203,24,7.55289560494532e-6
203,27,7.552895636919743e-6
203,29,7.552895199047782e-6
203,2,7.552895258555736e-6
203,6,7.552895808338178e-6
203,7,7.552893370288416e-6
203,8,7.552894856210912e-6
204,10,7.5528959699866505e-6
204,12,7.5528962071302885e-6
204,14,7.552896475360171e-6
204,17,7.5528946306135936e-6
204,18,7.5528959362358705e-6
204,21,7.552896042817281e-6
204,22,7.5528955152393e-6
204,23,7.552895505469337e-6
204,24,7.552896392759578e-6
204,27,7.552897008267223e-6
204,29,7.552895647577884e-6
204,2,7.552897182350193e-6
204,6,7.552895384677072e-6
204,7,7.552897127283131e-6
204,8,7.552895811002713e-6
205,10,7.552895996632003e-6
205,12,7.552896359896977e-6
205,14,7.552892712148207e-6
205,17,7.552896977180978e-6
205,18,7.55289507647916e-6
205,21,7.552894938811505e-6
205,22,7.552896455820246e-6
205,23,7.5528956484660625e-6
205,24,7.55289531806369e-6
205,27,7.552894470741478e-6
205,29,7.55289617249133e-6
205,2,7.552895999296538e-6
205,6,7.552893928064464e-6
205,7,7.552895412210603e-6
205,8,7.552896326146197e-6
206,10,7.552895535667403e-6
206,12,7.552896832407896e-6
206,14,7.55289445830698e-6
206,17,7.55289468301612e-6
206,18,7.5528954663894865e-6
206,21,7.5528946306135936e-6
206,22,7.552896396312292e-6
206,23,7.552895961993045e-6
206,24,7.552896590823366e-6
206,27,7.552896540197196e-6
206,29,7.552895361584433e-6
206,2,7.5528973857430515e-6
206,6,7.552895712414909e-6
206,7,7.552896119200625e-6
206,8,7.552895112006297e-6
207,10,7.55289529585923e-6
207,12,7.55289435705464e-6
207,14,7.552895869622489e-6
207,17,7.552894325968396e-6
207,18,7.55289466614073e-6
207,21,7.5528952061532095e-6
207,22,7.552896692963884e-6
207,23,7.552896349238836e-6
207,24,7.552897080209675e-6
207,27,7.552895751494759e-6
207,29,7.552895043616559e-6
207,2,7.5528965668425485e-6
207,6,7.5528956102743905e-6
207,7,7.552895767481971e-6
207,8,7.552896021500999e-6
208,10,7.55289553744376e-6
208,12,7.552896709839274e-6
208,14,7.552896062357206e-6
208,17,7.552896318152591e-6
208,18,7.55289543619142e-6
208,21,7.552894959239609e-6
208,22,7.552896443385748e-6
208,23,7.552896036600032e-6
208,24,7.5528952949710515e-6
208,27,7.552895664453274e-6
208,29,7.552895539220117e-6
208,2,7.552897609564013e-6
208,6,7.552896083673488e-6
208,7,7.552898066087721e-6
208,8,7.552896708951096e-6
209,10,7.552895550766436e-6
209,12,7.552896692963884e-6
209,14,7.5528965179927354e-6
209,17,7.552897407947512e-6
209,18,7.5528953944470345e-6
209,21,7.552896026830069e-6
209,22,7.552895629814316e-6
209,23,7.552896041040924e-6
209,24,7.5528946474889835e-6
209,27,7.552895640472457e-6
209,29,7.552896246210139e-6
209,2,7.552896652107677e-6
209,6,7.552895622708888e-6
209,7,7.5528961351878365e-6
209,8,7.55289661658054e-6
210,10,7.5528961138715545e-6
210,12,7.552897481666321e-6
210,14,7.552896719609237e-6
210,17,7.5528949690095715e-6
210,18,7.5528960081783225e-6
210,21,7.552896483353777e-6
210,22,7.552895779916469e-6
210,23,7.5528960996607e-6
210,24,7.552896652107677e-6
210,27,7.55289623999289e-6
210,29,7.552894939699684e-6
210,2,7.552896249762853e-6
210,6,7.5528966938520625e-6
210,7,7.552894563112034e-6
210,8,7.552895988638397e-6
211,10,7.55289640874679e-6
211,12,7.5528954495140965e-6
211,14,7.552894966345036e-6
211,17,7.552898303231359e-6
211,18,7.552895823437211e-6
211,21,7.55289532961001e-6
211,22,7.552895965545758e-6
211,23,7.552894992990389e-6
211,24,7.552896265750064e-6
211,27,7.552895892715128e-6
211,29,7.5528920211453965e-6
211,2,7.55289469989151e-6
211,6,7.552896452267532e-6
211,7,7.5528946812397635e-6
211,8,7.552896394535935e-6
212,10,7.552895286977446e-6
212,12,7.55289686971139e-6
212,14,7.5528958261017465e-6
212,17,7.552895753271116e-6
212,18,7.5528967995452945e-6
212,21,7.5528970997496e-6
212,22,7.552892265394462e-6
212,23,7.552896197360326e-6
212,24,7.552895940676763e-6
212,27,7.55289807763404e-6
212,29,7.5528953500381135e-6
212,2,7.552895686657735e-6
212,6,7.552895579188146e-6
212,7,7.552897975493522e-6
212,8,7.552894030204982e-6
213,10,7.552896637008644e-6
213,12,7.552896280849097e-6
213,14,7.55289778009427e-6
213,17,7.552894164319923e-6
213,18,7.552895811002713e-6
213,21,7.552895558760042e-6
213,22,7.552895032070239e-6
213,23,7.552896255980102e-6
213,24,7.552896009954679e-6
213,27,7.552896570395262e-6
213,29,7.552895183948749e-6
213,2,7.5528957035331246e-6
213,6,7.552897243634504e-6
213,7,7.55289580745e-6
213,8,7.552895678664129e-6
214,10,7.552895691098627e-6
214,12,7.552895765705614e-6
214,14,7.552895741724797e-6
214,17,7.552896218676608e-6
214,18,7.552895115559011e-6
214,21,7.552895551654615e-6
214,22,7.552895701756768e-6
214,23,7.552894645712627e-6
214,24,7.552894816242883e-6
214,27,7.552895742612975e-6
214,29,7.552897110407741e-6
214,2,7.552896814644328e-6
214,6,7.552895647577884e-6
214,7,7.552896333251624e-6
214,8,7.5528959593285094e-6
215,10,7.5528957204085145e-6
215,12,7.552893710460751e-6
215,14,7.552896085449845e-6
215,17,7.552896741813697e-6
215,18,7.552895446849561e-6
215,21,7.552897224094579e-6
215,22,7.552896668983067e-6
215,23,7.552895700868589e-6
215,24,7.552896246210139e-6
215,27,7.552896044593638e-6
215,29,7.552895977092078e-6
215,2,7.552895757712008e-6
215,6,7.5528958092263565e-6
215,7,7.552895932683157e-6
215,8,7.552895941564941e-6
216,10,7.552895545437366e-6
216,12,7.5528985137296445e-6
216,14,7.552896448714819e-6
216,17,7.552896546414445e-6
216,18,7.5528964460502834e-6
216,21,7.552895888274236e-6
216,22,7.552895410434246e-6
216,23,7.552896870599568e-6
216,24,7.552895744389332e-6
216,27,7.552896175155865e-6
216,29,7.552898944496178e-6
216,2,7.552895540996474e-6
216,6,7.552897693940963e-6
216,7,7.552895423756922e-6
216,8,7.552894898843476e-6
217,10,7.552895374907109e-6
217,12,7.552894910389796e-6
217,14,7.55289531806369e-6
217,17,7.552896283513633e-6
217,18,7.552896676088494e-6
217,21,7.552897450580076e-6
217,22,7.552896640561357e-6
217,23,7.552894964568679e-6
217,24,7.552896295059952e-6
217,27,7.552895315399155e-6
217,29,7.552895782581004e-6
217,2,7.552895889162414e-6
217,6,7.552896770235407e-6
217,7,7.552896627238681e-6
217,8,7.552895751494759e-6
218,10,7.552895840312601e-6
218,12,7.5528955001402664e-6
218,14,7.552895679552307e-6
218,17,7.552899007556846e-6
218,18,7.552896375884188e-6
218,21,7.552896609475113e-6
218,22,7.552895917584124e-6
218,23,7.552895977980256e-6
218,24,7.552896161833189e-6
218,27,7.552895896267842e-6
218,29,7.55289632436984e-6
218,2,7.552895298523765e-6
218,6,7.552896239104712e-6
218,7,7.552896474471993e-6
218,8,7.552896131635123e-6
219,10,7.552895133322579e-6
219,12,7.5528950960190855e-6
219,14,7.552895247897595e-6
219,17,7.5528958811688085e-6
219,18,7.552895015194849e-6
219,21,7.552895238127633e-6
219,22,7.552894540907573e-6
219,23,7.552897311136064e-6
219,24,7.552895888274236e-6
219,27,7.552896026830069e-6
219,29,7.5528951679615375e-6
219,2,7.5528948144665264e-6
219,6,7.552895111118119e-6
219,7,7.552895375795288e-6
219,8,7.552896575724333e-6
220,10,7.552896280849097e-6
220,12,7.552896386542329e-6
220,14,7.552896066798098e-6
220,17,7.552896040152746e-6
220,18,7.552896208018467e-6
220,21,7.552895802120929e-6
220,22,7.552895993967468e-6
220,23,7.552895910478696e-6
220,24,7.552896613027826e-6
220,27,7.552895340268151e-6
220,29,7.5528952443448816e-6
220,2,7.552898594553881e-6
220,6,7.552896986950941e-6
220,7,7.552896252427388e-6
220,8,7.5528974408101135e-6
221,10,7.552896291507238e-6
221,12,7.552894896178941e-6
221,14,7.552895850970742e-6
221,17,7.552896303941736e-6
221,18,7.552895956663974e-6
221,21,7.552895232798562e-6
221,22,7.552896460261138e-6
221,23,5.664671889782369e-6
221,24,7.552895755935651e-6
221,27,7.552895399776105e-6
221,29,7.552895209705923e-6
221,2,7.5528960143955715e-6
221,6,7.552896859053249e-6
221,7,7.552895435303242e-6
221,8,7.552897658413826e-6
222,10,7.552895678664129e-6
222,12,7.552895855411634e-6
222,14,7.5528948695335885e-6
222,17,7.552895871398846e-6
222,18,7.552895442408669e-6
222,21,7.552895890050593e-6
222,22,7.552895309181906e-6
222,23,7.552896123641517e-6
222,24,7.552894834006452e-6
222,27,7.552897421270188e-6
222,29,7.552896309270807e-6
222,2,7.55289543619142e-6
222,6,7.552895355367184e-6
222,7,7.552894931706078e-6
222,8,7.552896339468873e-6
223,10,7.552895913143232e-6
223,12,7.552895945117655e-6
223,14,7.5528961032134134e-6
223,17,7.552895874063381e-6
223,18,7.552896684970278e-6
223,21,7.552895485041233e-6
223,22,7.55289639720047e-6
223,23,7.55289548681759e-6
223,24,7.552895921136837e-6
223,27,7.552894690121548e-6
223,29,7.552895133322579e-6
223,2,7.552896739149162e-6
223,6,7.552895519680192e-6
223,7,7.552896684970278e-6
223,8,7.552895763041079e-6
224,10,7.552895993079289e-6
224,12,7.55289580745e-6
224,14,7.552896523321806e-6
224,17,7.552896193807612e-6
224,18,7.552896565066192e-6
224,21,7.552895761264722e-6
224,22,7.552896109430662e-6
224,23,7.5528963678905825e-6
224,24,7.552896629015038e-6
224,27,7.5528949077252605e-6
224,29,7.5528957541592945e-6
224,2,7.5528969709637295e-6
224,6,7.552895814555427e-6
224,7,7.552896278184562e-6
224,8,7.552896218676608e-6
225,10,7.5528959806447915e-6
225,12,7.552896852836e-6
225,14,7.552896518880914e-6
225,17,7.552895296747408e-6
225,18,7.552896757800909e-6
225,21,7.5528943934699555e-6
225,22,7.552895058715592e-6
225,23,7.552895785245539e-6
225,24,7.5528949583514304e-6
225,27,7.552896160056832e-6
225,29,7.552897591800445e-6
225,2,7.552896330587089e-6
225,6,7.552896753360017e-6
225,7,7.5528957710346845e-6
225,8,7.5528957479420455e-6
226,10,7.5528956759995935e-6
226,12,7.552895770146506e-6
226,14,7.552896331475267e-6
226,17,7.552894997431281e-6
226,18,7.552895999296538e-6
226,21,7.552895920248659e-6
226,22,7.552896120976982e-6
226,23,7.5528956884340914e-6
226,24,7.5528948189074185e-6
226,27,7.552894562223855e-6
226,29,7.552896205353932e-6
226,2,7.552896894580385e-6
226,6,7.552895632478851e-6
226,7,7.552895906037804e-6
226,8,7.552896896356742e-6
227,10,7.552896486018312e-6
227,12,7.552895058715592e-6
227,14,7.552896400753184e-6
227,17,7.552895673335058e-6
227,18,7.552896195583969e-6
227,21,7.5528958873860574e-6
227,22,7.5528955552073285e-6
227,23,7.55289540244064e-6
227,24,7.552894604856419e-6
227,27,7.552896239104712e-6
227,29,7.552896867046854e-6
227,2,7.552896362561512e-6
227,6,7.552895700868589e-6
227,7,7.5528959317949784e-6
227,8,7.552895924689551e-6
228,10,7.552897277385284e-6
228,12,7.552895579188146e-6
228,14,7.552896017948285e-6
228,17,7.5528967888871534e-6
228,18,7.552896246210139e-6
228,21,7.552895892715128e-6
228,22,7.552897360874056e-6
228,23,7.552895573859075e-6
228,24,7.552895053386521e-6
228,27,7.552896884810423e-6
228,29,7.552895624485245e-6
228,2,7.552895876727916e-6
228,6,7.552895580964503e-6
228,7,7.5528960801207745e-6
228,8,7.552894642159913e-6
229,10,7.552896028606426e-6
229,12,7.552895154638861e-6
229,14,7.552896122753339e-6
229,17,7.552895828766282e-6
229,18,7.552896238216533e-6
229,21,7.5528954219805655e-6
229,22,7.552892136608591e-6
229,23,7.552895960216688e-6
229,24,7.552895545437366e-6
229,27,7.552895705309481e-6
229,29,7.552895098683621e-6
229,2,7.552900054719203e-6
229,6,7.552896319928948e-6
229,7,7.552896847506929e-6
229,8,7.552895723961228e-6
230,10,7.552895231910384e-6
230,12,7.552895876727916e-6
230,14,7.552896081008953e-6
230,17,7.5528962302229274e-6
230,18,7.552897733908992e-6
230,21,7.55289636344969e-6
230,22,7.5528974301519725e-6
230,23,7.5528964949000965e-6
230,24,7.552896075679882e-6
230,27,7.552896413187682e-6
230,29,7.552896708951096e-6
230,2,7.552896365226047e-6
230,6,7.552896353679728e-6
230,7,7.552896587270652e-6
230,8,7.552895078255517e-6
231,10,7.552895488593947e-6
231,12,7.552895564977291e-6
231,14,7.552895878504273e-6
231,17,7.552895808338178e-6
231,18,7.552896073015347e-6
231,21,7.552895586293573e-6
231,22,7.552896762241801e-6
231,23,7.55289462706088e-6
231,24,7.5528972525162885e-6
231,27,7.552896271079135e-6
231,29,7.552895785245539e-6
231,2,7.5528964611493166e-6
231,6,7.552896076568061e-6
231,7,7.552898185991808e-6
231,8,7.552895946005833e-6
232,10,7.552895989526576e-6
232,12,7.552897799634195e-6
232,14,7.552895693763162e-6
232,17,7.552896327922554e-6
232,18,7.5528957204085145e-6
232,21,7.552895757712008e-6
232,22,7.552895752382938e-6
232,23,7.552894447648839e-6
232,24,7.552895516127478e-6
232,27,7.552894843776414e-6
232,29,7.552896072127169e-6
232,2,7.552894730977755e-6
232,6,7.552895413098781e-6
232,7,7.552894352613748e-6
232,8,7.552895976203899e-6
233,10,7.552896039264567e-6
233,12,7.552895082696409e-6
233,14,7.552895626261602e-6
233,17,7.552895293194695e-6
233,18,7.5528953225045825e-6
233,21,7.552896593487901e-6
233,22,7.552895607609855e-6
233,23,7.552897551832416e-6
233,24,7.552895946005833e-6
233,27,7.5528972907079606e-6
233,29,7.552896405194076e-6
233,2,7.5528959975201815e-6
233,6,7.5528949903258535e-6
233,7,7.552895260332093e-6
233,8,7.5528950622683055e-6
234,10,7.552896463813852e-6
234,12,7.552896053475422e-6
234,14,7.552901222673825e-6
234,17,7.552895661788739e-6
234,18,7.552894837559165e-6
234,21,7.552895543661009e-6
234,22,7.5528952336867405e-6
234,23,7.552896614804183e-6
234,24,7.552896578388868e-6
234,27,7.552894939699684e-6
234,29,7.552896059692671e-6
234,2,7.552898352081172e-6
234,6,7.552895995743825e-6
234,7,7.552895639584278e-6
234,8,7.552896010842858e-6
235,10,7.5528964735838144e-6
235,12,7.552895827878103e-6
235,14,7.552895715079444e-6
235,17,7.5528948695335885e-6
235,18,7.552897603346764e-6
235,21,7.552895551654615e-6
235,22,7.552895975315721e-6
235,23,7.552895004536708e-6
235,24,7.552896027718248e-6
235,27,7.552895139539828e-6
235,29,7.552897417717475e-6
235,2,7.55289733600506e-6
235,6,7.5528954388559555e-6
235,7,7.552894279783118e-6
235,8,7.552895951334904e-6
236,10,7.552896098772521e-6
236,12,7.552897588247731e-6
236,14,7.5528957435011534e-6
236,17,7.55289650999913e-6
236,18,7.552895937124049e-6
236,21,7.552896012619215e-6
236,22,7.552895326057296e-6
236,23,7.552895149309791e-6
236,24,7.552896132523301e-6
236,27,7.55289508802548e-6
236,29,7.552895916695945e-6
236,2,7.552895831430817e-6
236,6,7.552895454843167e-6
236,7,7.552901085894348e-6
236,8,7.552895573859075e-6
237,10,7.552895679552307e-6
237,12,7.552896400753184e-6
237,14,7.552896629015038e-6
237,17,7.552895207041388e-6
237,18,7.552894655482589e-6
237,21,7.552895469054022e-6
237,22,7.552896495788275e-6
237,23,7.552895683105021e-6
237,24,7.5528945542302495e-6
237,27,7.552896732931913e-6
237,29,7.55289636344969e-6
237,2,7.5528962852899895e-6
237,6,7.552896001072895e-6
237,7,7.5528945098213285e-6
237,8,7.552895740836618e-6
238,10,7.552897141493986e-6
238,12,7.552896864382319e-6
238,14,7.552895221252243e-6
238,17,7.552894585316494e-6
238,18,7.55289475051768e-6
238,21,7.552896222229322e-6
238,22,7.552899570661964e-6
238,23,7.552895416651495e-6
238,24,7.552895687545913e-6
238,27,7.552895588958108e-6
238,29,7.552895075590982e-6
238,2,7.552896962081945e-6
238,6,7.552896244433782e-6
238,7,7.5528964504911755e-6
238,8,7.55289646470203e-6
239,10,7.552895039175667e-6
239,12,7.5528957648174355e-6
239,14,7.552897154816662e-6
239,17,7.55289574527751e-6
239,18,7.552895865181597e-6
239,21,7.552896134299658e-6
239,22,7.552895835871709e-6
239,23,7.552894943252397e-6
239,24,7.552895135098936e-6
239,27,7.552896514440022e-6
239,29,7.552899540463898e-6
239,2,7.552895879392452e-6
239,6,7.552896436280321e-6
239,7,7.552896591711544e-6
239,8,7.552896122753339e-6
240,10,7.552895150197969e-6
240,12,7.55289815668192e-6
240,14,7.5528968546123565e-6
240,17,7.552894634166307e-6
240,18,7.55289675158366e-6
240,21,7.552896084561667e-6
240,22,7.552896222229322e-6
240,23,7.552896225782035e-6
240,24,7.55289603215914e-6
240,27,7.552902713925391e-6
240,29,7.552897723250851e-6
240,2,7.5528953837888935e-6
240,6,7.552893863227439e-6
240,7,7.5528957435011534e-6
240,8,7.552895289641981e-6
241,10,7.552895634255208e-6
241,12,7.552895197271425e-6
241,14,7.552895705309481e-6
241,17,7.552895219475886e-6
241,18,7.552896480689242e-6
241,21,7.55289582965446e-6
241,22,7.552895347373578e-6
241,23,7.552895927354086e-6
241,24,7.552895534779225e-6
241,27,7.552900225249459e-6
241,29,7.5528869212249106e-6
241,2,7.552896668983067e-6
241,6,7.552896437168499e-6
241,7,7.552895299411944e-6
241,8,7.552896242657425e-6
242,10,7.552896221341143e-6
242,12,7.552895590734465e-6
242,14,7.552897085538746e-6
242,17,7.552896254203745e-6
242,18,7.552895816331784e-6
242,21,7.552896643225893e-6
242,22,7.552896518880914e-6
242,23,7.552895874063381e-6
242,24,7.5528956653414525e-6
242,27,7.5528964291748935e-6
242,29,7.552895909590518e-6
242,2,7.552896248874674e-6
242,6,7.552894841111879e-6
242,7,7.552894055962156e-6
242,8,7.552896097884343e-6
243,10,7.552895992191111e-6
243,12,7.552894899731655e-6
243,14,7.5528959468940116e-6
243,17,7.552896377660545e-6
243,18,7.5528959637694015e-6
243,21,7.55289603748821e-6
243,22,7.55289529585923e-6
243,23,7.552894768281249e-6
243,24,7.552895972651186e-6
243,27,7.552895175066965e-6
243,29,7.552896065021741e-6
243,2,7.552896263973707e-6
243,6,7.552895133322579e-6
243,7,7.552893372952951e-6
243,8,7.552895989526576e-6
244,10,7.552896233775641e-6
244,12,7.552895231022205e-6
244,14,7.552895583629038e-6
244,17,7.552896534868125e-6
244,18,7.55289500364853e-6
244,21,7.552896449602997e-6
244,22,7.552897287155247e-6
244,23,7.552895557871864e-6
244,24,7.5528957372839045e-6
244,27,7.552897072216069e-6
244,29,7.552897138829451e-6
244,2,7.5528974372574e-6
244,6,7.552895675111415e-6
244,7,7.55289684128968e-6
244,8,7.552895391782499e-6
245,10,7.5528959868620404e-6
245,12,7.552895717743979e-6
245,14,7.552899371709998e-6
245,17,7.552895473494914e-6
245,18,7.552896061469028e-6
245,21,7.55289661658054e-6
245,22,7.552896572171619e-6
245,23,7.552895788798253e-6
245,24,7.552896215123894e-6
245,27,7.552895921136837e-6
245,29,7.552896421181288e-6
245,2,7.552895619156175e-6
245,6,7.552896430063072e-6
245,7,7.5528941323455e-6
245,8,7.552895780804647e-6
246,10,7.552896576612511e-6
246,12,7.5528966556603905e-6
246,14,7.552893565687668e-6
246,17,7.552895552542793e-6
246,18,7.552896319928948e-6
246,21,7.552898256157903e-6
246,22,7.552896480689242e-6
246,23,7.552895818996319e-6
246,24,7.552896682305743e-6
246,27,7.552896929219344e-6
246,29,7.552897129059488e-6
246,2,7.552896247986496e-6
246,6,7.5528962071302885e-6
246,7,7.552895620044353e-6
246,8,7.552897562490557e-6
247,10,7.5528958873860574e-6
247,12,7.5528966450022494e-6
247,14,7.552896590823366e-6
247,17,7.552897359985877e-6
247,18,7.55289712817131e-6
247,21,7.552896110318841e-6
247,22,7.552895353590827e-6
247,23,7.552897587359553e-6
247,24,7.55289575682383e-6
247,27,7.5528962302229274e-6
247,29,7.552895147533434e-6
247,2,7.552895830542639e-6
247,6,7.552895341156329e-6
247,7,7.552895444185026e-6
247,8,7.552896686746635e-6
248,10,7.552892337336914e-6
248,12,7.552895159967932e-6
248,14,7.552896736484627e-6
248,17,7.552895828766282e-6
248,18,7.55289584120078e-6
248,21,7.552895524121084e-6
248,22,7.552895699980411e-6
248,23,7.552896023277356e-6
248,24,7.5528954832648765e-6
248,27,7.552896075679882e-6
248,29,7.552895935347692e-6
248,2,7.552896929219344e-6
248,6,7.552896423845823e-6
248,7,7.552896534868125e-6
248,8,7.552896780005369e-6
249,10,7.55289659970515e-6
249,12,7.552895257667558e-6
249,14,7.552895851858921e-6
249,17,7.5528951342107575e-6
249,18,7.552896789775332e-6
249,21,7.552895713303087e-6
249,22,7.552895398887927e-6
249,23,7.552896089890737e-6
249,24,7.552896386542329e-6
249,27,7.552896102325235e-6
249,29,7.55289676845905e-6
249,2,7.552895181284214e-6
249,6,7.552895804785464e-6
249,7,7.552896668094888e-6
249,8,7.5528957266257635e-6
250,10,7.552896159168654e-6
250,12,7.552896579277046e-6
250,14,7.552896495788275e-6
250,17,7.552895755047473e-6
250,18,7.552896349238836e-6
250,21,7.552896478912885e-6
250,22,7.55289526210845e-6
250,23,7.552896151175048e-6
250,24,7.552895651130598e-6
250,27,7.552896653884034e-6
250,29,7.552895613827104e-6
250,2,7.552896851059643e-6
250,6,7.552895730178477e-6
250,7,7.5528954219805655e-6
250,8,7.552895300300122e-6
251,10,7.552896212459359e-6
251,12,7.552896163609546e-6
251,14,7.5528951297698654e-6
251,17,7.552895083584588e-6
251,18,7.552896477136528e-6
251,21,7.55289464393627e-6
251,22,7.55289566090056e-6
251,23,7.5528966938520625e-6
251,24,7.552895776363755e-6
251,27,7.55289390763636e-6
251,29,7.552896405194076e-6
251,2,7.552896618356897e-6
251,6,7.5528963172644126e-6
251,7,7.552896913232132e-6
251,8,7.552895970874829e-6
252,10,7.552896300389023e-6
252,12,7.552894841111879e-6
252,14,7.552896311935342e-6
252,17,7.552895999296538e-6
252,18,7.552897202778297e-6
252,21,7.552895791462788e-6
252,22,7.552895390894321e-6
252,23,7.5528958598525264e-6
252,24,7.552896748030946e-6
252,27,7.552902967944419e-6
252,29,7.552896508222773e-6
252,2,7.552892708595493e-6
252,6,7.552895683105021e-6
252,7,7.552896120088803e-6
252,8,7.5528961795967575e-6
253,10,7.552890356699038e-6
253,12,7.5528963403570515e-6
253,14,7.55289600373743e-6
253,17,7.552895918472302e-6
253,18,7.552895324280939e-6
253,21,7.552895990414754e-6
253,22,7.552896407858611e-6
253,23,7.552896000184717e-6
253,24,7.552894956575074e-6
253,27,7.5528939893487745e-6
253,29,7.552895484153055e-6
253,2,7.552896426510358e-6
253,6,7.55289599840836e-6
253,7,7.552895656459668e-6
253,8,7.552896337692516e-6
254,10,7.552896050810887e-6
254,12,7.5528953837888935e-6
254,14,7.55289615028687e-6
254,17,7.552895230134027e-6
254,18,7.552883130479415e-6
254,21,7.552895825213568e-6
254,22,7.552895941564941e-6
254,23,7.552895437967777e-6
254,24,7.552895279872018e-6
254,27,7.552895347373578e-6
254,29,7.552896322593483e-6
254,2,7.5528963510151925e-6
254,6,7.552896136964193e-6
254,7,7.552896034823675e-6
254,8,7.552896072127169e-6
255,10,7.552895662676917e-6
255,12,7.552897615781262e-6
255,14,7.552895670670523e-6
255,17,7.552896746254589e-6
255,18,7.552895987750219e-6
255,21,7.552896458484781e-6
255,22,7.552895742612975e-6
255,23,7.5528950898018365e-6
255,24,7.552896398976827e-6
255,27,7.552895044504737e-6
255,29,7.55289496989775e-6
255,2,7.552895307405549e-6
255,6,7.552896421181288e-6
255,7,7.552895668005988e-6
255,8,7.552896132523301e-6
256,10,7.552896119200625e-6
256,12,7.552895803897286e-6
256,14,7.552895652018776e-6
256,17,7.552894756734929e-6
256,18,7.552895923801373e-6
256,21,7.552896296836309e-6
256,22,7.55289613341148e-6
256,23,7.552894810025634e-6
256,24,7.5528965499671585e-6
256,27,7.5528959468940116e-6
256,29,7.552895675111415e-6
256,2,7.552896265750064e-6
256,6,7.552895336715437e-6
256,7,7.552895883833344e-6
256,8,7.552896771123585e-6
257,10,7.5528957710346845e-6
257,12,7.552896731155556e-6
257,14,7.552896311047164e-6
257,17,7.552894428108914e-6
257,18,7.552895903373269e-6
257,21,7.552895332274545e-6
257,22,7.5528934431190464e-6
257,23,7.552894937035148e-6
257,24,7.552895549878258e-6
257,27,7.552896313711699e-6
257,29,7.552895629814316e-6
257,2,7.552894114581932e-6
257,6,7.552896497564632e-6
257,7,7.552895852747099e-6
257,8,7.552896445162105e-6
258,10,7.552895983309327e-6
258,12,7.552895730178477e-6
258,14,7.5528961964721475e-6
258,17,7.552895131546222e-6
258,18,7.5528953162873336e-6
258,21,7.552895710638552e-6
258,22,7.552895755047473e-6
258,23,7.55289574527751e-6
258,24,7.552893364071167e-6
258,27,7.552895286089267e-6
258,29,7.552896106766127e-6
258,2,7.5528963918714e-6
258,6,7.5528962177884296e-6
258,7,7.552896622797789e-6
258,8,7.552896581941582e-6
259,10,7.552896056139957e-6
259,12,7.552895243456703e-6
259,14,7.552895636031565e-6
259,17,7.552894102147434e-6
259,18,7.552895865181597e-6
259,21,7.552895866957954e-6
259,22,7.552896495788275e-6
259,23,7.55289560494532e-6
259,24,7.55289498677314e-6
259,27,7.552896394535935e-6
259,29,7.5528963678905825e-6
259,2,7.552897580254125e-6
259,6,7.5528955996162495e-6
259,7,7.552895393558856e-6
259,8,7.552895433526885e-6
260,10,7.552896039264567e-6
260,12,7.552896084561667e-6
260,14,7.552897219653687e-6
260,17,7.552895169737894e-6
260,18,7.552895566753648e-6
260,21,7.552897679730108e-6
260,22,7.552896013507393e-6
260,23,7.552895614715283e-6
260,24,7.552896828855182e-6
260,27,7.552896221341143e-6
260,29,7.552896383877794e-6
260,2,7.55289620091304e-6
260,6,7.5528940719493676e-6
260,7,7.552895587181752e-6
260,8,7.552895109341762e-6
261,10,7.552895872287024e-6
261,12,7.552896946982912e-6
261,14,7.552896067686277e-6
261,17,7.552896758689087e-6
261,18,7.552895680440486e-6
261,21,7.552897042018003e-6
261,22,7.552896132523301e-6
261,23,7.552897491436283e-6
261,24,7.552895679552307e-6
261,27,7.55289557119454e-6
261,29,7.552896946982912e-6
261,2,7.5528962790727405e-6
261,6,7.552894878415373e-6
261,7,7.5528991105855425e-6
261,8,7.552895876727916e-6
262,10,7.552895823437211e-6
262,12,7.55289533493908e-6
262,14,7.552897086426924e-6
262,17,7.552896880369531e-6
262,18,7.552895248785774e-6
262,21,7.5528956822168425e-6
262,22,7.552895164408824e-6
262,23,7.552895840312601e-6
262,24,7.5528970260307915e-6
262,27,7.552896228446571e-6
262,29,7.552896674312137e-6
262,2,7.5528961183124466e-6
262,6,7.552895418427852e-6
262,7,7.552894623508166e-6
262,8,7.552896609475113e-6
263,10,7.552897553608773e-6
263,12,7.552896360785155e-6
263,14,7.552897389295765e-6
263,17,7.552895545437366e-6
263,18,7.552896053475422e-6
263,21,7.552895270990234e-6
263,22,7.5528960632453845e-6
263,23,7.552894929929721e-6
263,24,7.552896017060107e-6
263,27,7.5528967720117635e-6
263,29,7.552895479712163e-6
263,2,7.552895731954834e-6
263,6,7.55289617249133e-6
263,7,7.5528971805738365e-6
263,8,7.552895651130598e-6
264,10,7.552895119999903e-6
264,12,7.5528956378079215e-6
264,14,7.552896558848943e-6
264,17,7.552895094242729e-6
264,18,7.5528966840821e-6
264,21,7.5528959868620404e-6
264,22,7.552896039264567e-6
264,23,7.55289588028063e-6
264,24,7.552895793239145e-6
264,27,7.552895010753957e-6
264,29,7.552895727513942e-6
264,2,7.552895518792013e-6
264,6,7.552895382900715e-6
264,7,7.5528954326387066e-6
264,8,7.5528956164916394e-6
265,10,7.552897154816662e-6
265,12,7.552896399865006e-6
265,14,7.5528969816218705e-6
265,17,7.552896131635123e-6
265,18,7.552896627238681e-6
265,21,7.552897034912576e-6
265,22,7.552896049922708e-6
265,23,7.5528944485370175e-6
265,24,7.5528963785487235e-6
265,27,7.552895710638552e-6
265,29,7.552895549878258e-6
265,2,7.552895892715128e-6
265,6,7.552895445961383e-6
265,7,7.552897182350193e-6
265,8,7.5528964673665655e-6
266,10,7.552896100548878e-6
266,12,7.552895899820555e-6
266,14,7.55289642562218e-6
266,17,7.552896990503655e-6
266,18,7.552895779916469e-6
266,21,7.552896427398537e-6
266,22,7.552896530427233e-6
266,23,7.55289464393627e-6
266,24,7.552895734619369e-6
266,27,7.552896936324771e-6
266,29,7.552895469054022e-6
266,2,7.552895597839893e-6
266,6,7.55289541931603e-6
266,7,7.552896406970433e-6
266,8,7.552896774676299e-6
267,10,7.55289485177002e-6
267,12,7.552896168050438e-6
267,14,7.552895254114844e-6
267,17,7.552894344620142e-6
267,18,7.552896409634968e-6
267,21,7.552895595175357e-6
267,22,7.552896238216533e-6
267,23,7.552896065021741e-6
267,24,7.552895882945165e-6
267,27,7.552896263973707e-6
267,29,7.552896024165534e-6
267,2,7.5528960588044924e-6
267,6,7.5528972356408985e-6
267,7,7.552896019724642e-6
267,8,7.5528958030091076e-6
268,10,7.552896482465599e-6
268,12,7.552893744211531e-6
268,14,7.552895589846287e-6
268,17,7.552895890050593e-6
268,18,7.552896216012073e-6
268,21,7.552896898133099e-6
268,22,7.552894500051366e-6
268,23,7.5528958536352775e-6
268,24,7.5528955596482206e-6
268,27,7.552896066798098e-6
268,29,7.552897418605653e-6
268,2,7.552896831519718e-6
268,6,7.552896120976982e-6
268,7,7.552895681328664e-6
268,8,7.5528954006642834e-6
269,10,7.552894299323043e-6
269,12,7.552896604146042e-6
269,14,7.552894778051211e-6
269,17,7.55289617249133e-6
269,18,7.552896125417874e-6
269,21,7.552895777251933e-6
269,22,7.5528960996607e-6
269,23,7.5528955720827184e-6
269,24,7.552895928242265e-6
269,27,7.552896057028136e-6
269,29,7.552893909412717e-6
269,2,7.5528960525872435e-6
269,6,7.55289744258647e-6
269,7,7.552897590912266e-6
269,8,7.552897058893393e-6
270,10,7.552897732132635e-6
270,12,7.552895796791859e-6
270,14,7.5528960543636e-6
270,17,7.55289687504046e-6
270,18,7.552895337603616e-6
270,21,7.552895645801527e-6
270,22,7.552896982510049e-6
270,23,7.552896817308863e-6
270,24,7.552895700868589e-6
270,27,7.552896392759578e-6
270,29,7.5528968928040285e-6
270,2,7.552894961015966e-6
270,6,7.552894174978064e-6
270,7,7.552895646689706e-6
270,8,7.552896000184717e-6
271,10,7.552897102414136e-6
271,12,7.552896272855492e-6
271,14,7.552896675200316e-6
271,17,7.552893825923945e-6
271,18,7.552896215123894e-6
271,21,7.552874659921827e-6
271,22,7.552896053475422e-6
271,23,7.5528966725357805e-6
271,24,7.552895932683157e-6
271,27,7.552895485929412e-6
271,29,7.552896606810577e-6
271,2,7.552896411411325e-6
271,6,7.55289822418348e-6
271,7,7.552894994766746e-6
271,8,7.55289575682383e-6
272,10,7.552895995743825e-6
272,12,7.552896440721213e-6
272,14,7.5528958980441985e-6
272,17,7.552896850171464e-6
272,18,7.552895651130598e-6
272,21,7.552896695628419e-6
272,22,7.552896581053403e-6
272,23,7.552894942364219e-6
272,24,7.5528960081783225e-6
272,27,7.552896311935342e-6
272,29,7.552896502005524e-6
272,2,7.5528958642934185e-6
272,6,7.552896678753029e-6
272,7,7.552896431839429e-6
272,8,7.552895977092078e-6
273,10,7.552895307405549e-6
273,12,7.552897062446107e-6
273,14,7.5528957879100744e-6
273,17,7.552895816331784e-6
273,18,7.552896814644328e-6
273,21,7.552897805851444e-6
273,22,7.552895286089267e-6
273,23,7.552896684970278e-6
273,24,7.552895845641672e-6
273,27,7.552895640472457e-6
273,29,7.552896504670059e-6
273,2,7.552895534779225e-6
273,6,7.552896525986341e-6
273,7,7.552897074880605e-6
273,8,7.552895975315721e-6
274,10,7.552896494011918e-6
274,12,7.552895922025016e-6
274,14,7.552895905149626e-6
274,17,7.552896735596448e-6
274,18,7.552896246210139e-6
274,21,7.552896024165534e-6
274,22,7.552896748030946e-6
274,23,7.552896470031101e-6
274,24,7.552895816331784e-6
274,27,7.552896919449381e-6
274,29,7.552896049922708e-6
274,2,7.55289432330386e-6
274,6,7.552896431839429e-6
274,7,7.552894824236489e-6
274,8,7.552896749807303e-6
275,10,7.552895560536399e-6
275,12,7.552896299500844e-6
275,14,7.552896923890273e-6
275,17,7.552895924689551e-6
275,18,7.552895901596912e-6
275,21,7.5528959868620404e-6
275,22,7.552897242746326e-6
275,23,7.55289519460689e-6
275,24,7.5528959913029325e-6
275,27,7.552895949558547e-6
275,29,7.552896540197196e-6
275,2,7.552896072127169e-6
275,6,7.552896153839583e-6
275,7,7.55289591403141e-6
275,8,7.552895904261447e-6
276,10,7.552896891027672e-6
276,12,7.55289577369922e-6
276,14,7.55289640874679e-6
276,17,7.552896690299349e-6
276,18,7.552896143181442e-6
276,21,7.552896382989616e-6
276,22,7.552896733820091e-6
276,23,7.552894874862659e-6
276,24,7.552895954887617e-6
276,27,7.552895307405549e-6
276,29,7.552895810114535e-6
276,2,7.552895310070085e-6
276,6,7.552895420204209e-6
276,7,7.552893662499116e-6
276,8,7.552896081008953e-6
277,10,7.552896339468873e-6
277,12,7.552898946272535e-6
277,14,7.552895953999439e-6
277,17,7.552898730445179e-6
277,18,7.5528967764526556e-6
277,21,7.552895384677072e-6
277,22,7.552895313622798e-6
277,23,7.5528978449312945e-6
277,24,7.55289538556525e-6
277,27,7.552896224893857e-6
277,29,7.5528965117754865e-6
277,2,7.55289666720671e-6
277,6,7.552895699980411e-6
277,7,7.552896326146197e-6
277,8,7.552895927354086e-6
278,10,7.5528946199554525e-6
278,12,7.5528959637694015e-6
278,14,7.5528966005933285e-6
278,17,7.552896342133408e-6
278,18,7.552896627238681e-6
278,21,7.552896383877794e-6
278,22,7.552895911366875e-6
278,23,7.552895038287488e-6
278,24,7.552896544638088e-6
278,27,7.552896444273927e-6
278,29,7.552896152951405e-6
278,2,7.552895150197969e-6
278,6,7.552900205709534e-6
278,7,7.5528968990212775e-6
278,8,7.552895673335058e-6
279,10,7.5528955996162495e-6
279,12,7.552895961993045e-6
279,14,7.552896009954679e-6
279,17,7.55289469456244e-6
279,18,7.552895084472766e-6
279,21,7.55289736975584e-6
279,22,7.552895193718712e-6
279,23,7.5528971805738365e-6
279,24,7.552896489571026e-6
279,27,7.552895960216688e-6
279,29,7.552895643136992e-6
279,2,7.552896621021432e-6
279,6,7.552894689233369e-6
279,7,7.552898211748982e-6
279,8,7.552896221341143e-6
280,10,7.5528951954950685e-6
280,12,7.552896025941891e-6
280,14,7.552895601392606e-6
280,17,7.552895825213568e-6
280,18,7.552895995743825e-6
280,21,7.552895953999439e-6
280,22,7.552895788798253e-6
280,23,7.5528956546833115e-6
280,24,7.552896399865006e-6
280,27,7.5528966840821e-6
280,29,7.5528967826699045e-6
280,2,7.552897031359862e-6
280,6,7.552894074613903e-6
280,7,7.552896017948285e-6
280,8,7.552895314510977e-6
281,10,7.552902740570744e-6
281,12,7.552896311047164e-6
281,14,7.552896743590054e-6
281,17,7.552894489393225e-6
281,18,7.552895548101901e-6
281,21,7.552895930018622e-6
281,22,7.552897496765354e-6
281,23,7.5528959255777295e-6
281,24,7.552895636031565e-6
281,27,7.552895275431126e-6
281,29,7.55289512177626e-6
281,2,7.552897038465289e-6
281,6,7.552895384677072e-6
281,7,7.552896507334594e-6
281,8,7.552895501028445e-6
282,10,7.552895564089113e-6
282,12,7.552895633367029e-6
282,14,7.552896314599877e-6
282,17,7.552896237328355e-6
282,18,7.552895681328664e-6
282,21,7.5528955596482206e-6
282,22,7.552896277296384e-6
282,23,7.552896027718248e-6
282,24,7.552896682305743e-6
282,27,7.5528956386961e-6
282,29,7.552895564089113e-6
282,2,7.55289586340524e-6
282,6,7.552895215923172e-6
282,7,7.552896006401966e-6
282,8,7.552895577411789e-6
283,10,7.552896078344418e-6
283,12,7.5528966894111704e-6
283,14,7.55289603748821e-6
283,17,7.5528965330917686e-6
283,18,7.552895766593792e-6
283,21,7.552894897955298e-6
283,22,7.552896292395417e-6
283,23,7.552894532913967e-6
283,24,7.552896502005524e-6
283,27,7.552896151175048e-6
283,29,7.552895950446725e-6
283,2,7.552895668005988e-6
283,6,7.55289776321888e-6
283,7,7.552895634255208e-6
283,8,7.552896327922554e-6
284,10,7.5528956884340914e-6
284,12,7.552892561157876e-6
284,14,7.552894691009726e-6
284,17,7.552896305718093e-6
284,18,7.552896004625609e-6
284,21,7.552895736395726e-6
284,22,7.552896249762853e-6
284,23,7.552895911366875e-6
284,24,7.552894567552926e-6
284,27,7.552896370555118e-6
284,29,7.552896027718248e-6
284,2,7.552896392759578e-6
284,6,7.5528945098213285e-6
284,7,7.552896298612666e-6
284,8,7.552896043705459e-6
285,10,7.552895927354086e-6
285,12,7.552896072127169e-6
285,14,7.552896060580849e-6
285,17,7.552896604146042e-6
285,18,7.552896269302778e-6
285,21,7.552896989615476e-6
285,22,7.5528957310666556e-6
285,23,7.552897144158521e-6
285,24,7.5528953882297856e-6
285,27,7.5528964780247065e-6
285,29,7.5528956990922325e-6
285,2,7.552894843776414e-6
285,6,7.552896462925673e-6
285,7,7.5528955765236105e-6
285,8,7.552895693763162e-6
286,10,7.5528968439542155e-6
286,12,7.552895431750528e-6
286,14,7.552895673335058e-6
286,17,7.55289608278531e-6
286,18,7.552896337692516e-6
286,21,7.5528953669135035e-6
286,22,7.552895874063381e-6
286,23,7.552895892715128e-6
286,24,7.552896569507084e-6
286,27,7.5528974132765825e-6
286,29,7.552896806650722e-6
286,2,7.552895999296538e-6
286,6,7.552895612938926e-6
286,7,7.552895410434246e-6
286,8,7.552895725737585e-6
287,10,7.552895357143541e-6
287,12,7.55289601528375e-6
287,14,7.552896011731036e-6
287,17,7.55289747633725e-6
287,18,7.552896193807612e-6
287,21,7.5528964336157856e-6
287,22,7.5528950622683055e-6
287,23,7.552897039353468e-6
287,24,7.552896239104712e-6
287,27,7.552896096107986e-6
287,29,7.5528951404280065e-6
287,2,7.552895044504737e-6
287,6,7.552896204465753e-6
287,7,7.552896760465444e-6
287,8,7.552896426510358e-6
288,10,7.552896724938307e-6
288,12,7.552895642248814e-6
288,14,7.552896246210139e-6
288,17,7.5528945542302495e-6
288,18,7.552896565066192e-6
288,21,7.5528959468940116e-6
288,22,7.552895390006142e-6
288,23,7.5528981158257125e-6
288,24,7.552895657347847e-6
288,27,7.5528959468940116e-6
288,29,7.5528957479420455e-6
288,2,7.552896249762853e-6
288,6,7.552895115559011e-6
288,7,7.552896534868125e-6
288,8,7.552896496676453e-6
289,10,7.552895352702649e-6
289,12,7.55289509335455e-6
289,14,7.552895477935806e-6
289,17,7.5528947807157465e-6
289,18,7.552895662676917e-6
289,21,7.552896166274081e-6
289,22,7.552895589846287e-6
289,23,7.552896074791704e-6
289,24,7.552895837648066e-6
289,27,7.552896004625609e-6
289,29,7.5528957754755766e-6
289,2,7.55289577369922e-6
289,6,7.552896263973707e-6
289,7,7.552894960127787e-6
289,8,7.552895247009417e-6
290,10,7.552896441609391e-6
290,12,7.5528955276737975e-6
290,14,7.552895501916623e-6
290,17,7.55289613874055e-6
290,18,7.552897351104093e-6
290,21,7.552895540108295e-6
290,22,7.552896427398537e-6
290,23,7.552896406970433e-6
290,24,7.55289529585923e-6
290,27,7.5528995422402545e-6
290,29,7.552896199136683e-6
290,2,7.552896794216224e-6
290,6,7.552895849194385e-6
290,7,7.5528949796677125e-6
290,8,7.552894622619988e-6
291,10,7.552895586293573e-6
291,12,7.552895696427697e-6
291,14,7.552895392670678e-6
291,17,7.55289527898384e-6
291,18,7.552896427398537e-6
291,21,7.55289617249133e-6
291,22,7.552896809315257e-6
291,23,7.552896316376234e-6
291,24,7.552895389117964e-6
291,27,7.552896935436593e-6
291,29,7.552895437967777e-6
291,2,7.552896276408205e-6
291,6,7.5528966005933285e-6
291,7,7.552896602369685e-6
291,8,7.552896163609546e-6
292,10,7.552895817219962e-6
292,12,7.552895782581004e-6
292,14,7.552896508222773e-6
292,17,7.552895579188146e-6
292,18,7.552896887474958e-6
292,21,7.552896308382628e-6
292,22,7.55289602061282e-6
292,23,7.552895623597067e-6
292,24,7.552895378459823e-6
292,27,7.552894684792477e-6
292,29,7.552896585494295e-6
292,2,7.552894629725415e-6
292,6,7.55289625686828e-6
292,7,7.552896491347383e-6
292,8,7.552895956663974e-6
293,10,7.552897194784691e-6
293,12,7.552896311935342e-6
293,14,7.5528955001402664e-6
293,17,7.552894905060725e-6
293,18,7.552895850970742e-6
293,21,7.552894529361254e-6
293,22,7.552896112095198e-6
293,23,7.552895358919898e-6
293,24,7.552895258555736e-6
293,27,7.552897942630921e-6
293,29,7.5528957648174355e-6
293,2,7.552895646689706e-6
293,6,7.552895390894321e-6
293,7,7.552899446316985e-6
293,8,7.552895679552307e-6
294,10,7.552896246210139e-6
294,12,7.552896178708579e-6
294,14,7.5528957816928255e-6
294,17,7.552896356344263e-6
294,18,7.552896229334749e-6
294,21,7.552895662676917e-6
294,22,7.552896038376389e-6
294,23,7.5528951297698654e-6
294,24,7.552895886497879e-6
294,27,7.552896818197041e-6
294,29,7.5528959699866505e-6
294,2,7.552894771833962e-6
294,6,7.552895458395881e-6
294,7,7.552895889162414e-6
294,8,7.5528949796677125e-6
295,10,7.552894884632622e-6
295,12,7.552895894491485e-6
295,14,7.552896527762698e-6
295,17,7.5528940124414135e-6
295,18,7.552896297724487e-6
295,21,7.55289649312374e-6
295,22,7.552895965545758e-6
295,23,7.55289822418348e-6
295,24,7.5528958811688085e-6
295,27,7.552895560536399e-6
295,29,7.5528955214565485e-6
295,2,7.552895642248814e-6
295,6,7.552895603168963e-6
295,7,7.552894959239609e-6
295,8,7.552895625373424e-6
296,10,7.552896053475422e-6
296,12,7.552896272855492e-6
296,14,7.552895154638861e-6
296,17,7.5528948864089784e-6
296,18,7.552888463102647e-6
296,21,7.552896954976518e-6
296,22,7.552895717743979e-6
296,23,7.552896724050129e-6
296,24,7.552895938012227e-6
296,27,7.552895890050593e-6
296,29,7.552896235551998e-6
296,2,7.552895972651186e-6
296,6,7.552896263973707e-6
296,7,7.552895382900715e-6
296,8,7.552895482376698e-6
297,10,7.552896563289835e-6
297,12,7.552896345686122e-6
297,14,7.552895512574764e-6
297,17,7.552897192120156e-6
297,18,7.552895911366875e-6
297,21,7.5528965606252996e-6
297,22,7.552899299767546e-6
297,23,7.552895714191266e-6
297,24,7.552896091667094e-6
297,27,7.552895143092542e-6
297,29,7.552895132434401e-6
297,2,7.552896410523147e-6
297,6,7.552895575635432e-6
297,7,7.552897850260365e-6
297,8,7.552895933571335e-6
298,10,7.552896640561357e-6
298,12,7.552896989615476e-6
298,14,7.552895338491794e-6
298,17,7.552895879392452e-6
298,18,7.552896068574455e-6
298,21,7.5528960588044924e-6
298,22,7.552896331475267e-6
298,23,7.552896904350348e-6
298,24,7.552895618267996e-6
298,27,7.552896070350812e-6
298,29,7.5528953562553625e-6
298,2,7.552896327034375e-6
298,6,7.552895413098781e-6
298,7,7.5528956715587015e-6
298,8,7.552896699181133e-6
299,10,7.552895879392452e-6
299,12,7.552896905238526e-6
299,14,7.552895336715437e-6
299,17,7.552896073015347e-6
299,18,7.552895310070085e-6
299,21,7.552895247897595e-6
299,22,7.552895514351121e-6
299,23,7.552895353590827e-6
299,24,7.552896760465444e-6
299,27,7.552895763041079e-6
299,29,7.552895539220117e-6
299,2,7.552895906037804e-6
299,6,7.552896030382783e-6
299,7,7.552894254914122e-6
299,8,7.5528955383319385e-6
300,10,7.552896237328355e-6
300,12,7.5528955658654695e-6
300,14,7.552895889162414e-6
300,17,7.552896747142768e-6
300,18,7.552897123730418e-6
300,21,7.552895746165689e-6
300,22,7.5528953837888935e-6
300,23,7.552896709839274e-6
300,24,7.552894196294346e-6
300,27,7.552896438944856e-6
300,29,7.552896038376389e-6
300,2,7.552895609386212e-6
300,6,7.5528957097503735e-6
300,7,7.552896849283286e-6
300,8,7.552896351903371e-6
301,10,7.552894893514406e-6
301,12,7.552895469054022e-6
301,14,7.55289586340524e-6
301,17,7.55289567777595e-6
301,18,7.552896430063072e-6
301,21,7.552896255091923e-6
301,22,7.552896123641517e-6
301,23,7.5528948864089784e-6
301,24,7.552909204733282e-6
301,27,7.552895994855646e-6
301,29,7.552896606810577e-6
301,2,7.5528950178593846e-6
301,6,7.552896486906491e-6
301,7,7.552896144069621e-6
301,8,7.552895425533279e-6
302,10,7.55289566090056e-6
302,12,7.552896475360171e-6
302,14,7.5528952061532095e-6
302,17,7.552896094331629e-6
302,18,7.55289567777595e-6
302,21,7.552895834095352e-6
302,22,7.552896659213104e-6
302,23,7.5528990937101526e-6
302,24,7.552895961993045e-6
302,27,7.552895420204209e-6
302,29,7.552896490459204e-6
302,2,7.55289634124523e-6
302,6,7.552896486906491e-6
302,7,7.5528952567793795e-6
302,8,7.552895826989925e-6
303,10,7.552896400753184e-6
303,12,7.552896076568061e-6
303,14,7.552895879392452e-6
303,17,7.552894824236489e-6
303,18,7.552895366025325e-6
303,21,7.5528970198135426e-6
303,22,7.5529006213770344e-6
303,23,7.552891410078644e-6
303,24,7.5528966387850005e-6
303,27,7.552894669693444e-6
303,29,7.5528963234816615e-6
303,2,7.552894866869053e-6
303,6,7.5528956822168425e-6
303,7,7.552897654861113e-6
303,8,7.552896126306052e-6
304,10,7.552896060580849e-6
304,12,7.552896055251779e-6
304,14,7.552897185902907e-6
304,17,7.552896109430662e-6
304,18,7.552896041040924e-6
304,21,7.552895970874829e-6
304,22,7.5528965668425485e-6
304,23,7.552899048413053e-6
304,24,7.552896709839274e-6
304,27,7.5528950453929156e-6
304,29,7.5528966894111704e-6
304,2,7.552895390894321e-6
304,6,7.552895696427697e-6
304,7,7.55289548681759e-6
304,8,7.552896027718248e-6
305,10,7.552894943252397e-6
305,12,7.5528961902548986e-6
305,14,7.552896033047318e-6
305,17,7.552894723872328e-6
305,18,7.5528965393090175e-6
305,21,7.552895722184871e-6
305,22,7.552895087137301e-6
305,23,7.552895198159604e-6
305,24,7.552896767570871e-6
305,27,7.5528951235526165e-6
305,29,7.552895327833653e-6
305,2,7.5528961858140065e-6
305,6,7.552896254203745e-6
305,7,7.552898070528613e-6
305,8,7.552896386542329e-6
306,10,7.5528959806447915e-6
306,12,7.552896311935342e-6
306,14,7.5528956822168425e-6
306,17,7.552895924689551e-6
306,18,7.5528966174687184e-6
306,21,7.552895811002713e-6
306,22,7.55289591403141e-6
306,23,7.552895660012382e-6
306,24,7.5528953882297856e-6
306,27,7.552896896356742e-6
306,29,7.55289579057461e-6
306,2,7.552895755047473e-6
306,6,7.552896724938307e-6
306,7,7.552897401730263e-6
306,8,7.5528956715587015e-6
307,10,7.55289601528375e-6
307,12,7.552896077456239e-6
307,14,7.5528963234816615e-6
307,17,7.552897147711235e-6
307,18,7.552895579188146e-6
307,21,7.552897244522683e-6
307,22,7.55289671783288e-6
307,23,7.552896927442987e-6
307,24,7.552895801232751e-6
307,27,7.552894457418802e-6
307,29,7.552895509022051e-6
307,2,7.552895146645255e-6
307,6,7.5528955658654695e-6
307,7,7.552896231111106e-6
307,8,7.55289704379436e-6
308,10,7.552896012619215e-6
308,12,7.552896112983376e-6
308,14,7.552896319040769e-6
308,17,7.552895495699374e-6
308,18,7.552895845641672e-6
308,21,7.552895712414909e-6
308,22,7.552895175066965e-6
308,23,7.5528963234816615e-6
308,24,7.5528956990922325e-6
308,27,7.552892961726343e-6
308,29,7.552895852747099e-6
308,2,7.55289591403141e-6
308,6,7.552896038376389e-6
308,7,7.552896269302778e-6
308,8,7.552896702733847e-6
309,10,7.552896112095198e-6
309,12,7.552895866069775e-6
309,14,7.55289507647916e-6
309,17,7.552895699980411e-6
309,18,7.552895656459668e-6
309,21,7.5528960463699946e-6
309,22,7.552894894402584e-6
309,23,7.552895999296538e-6
309,24,7.5528961627213675e-6
309,27,7.5528946306135936e-6
309,29,7.552898428464516e-6
309,2,7.5528956928749835e-6
309,6,7.552896354567906e-6
309,7,7.552895752382938e-6
309,8,7.552896510887308e-6
310,10,7.552897018037186e-6
310,12,7.552897346663201e-6
310,14,7.55289540244064e-6
310,17,7.552895056939235e-6
310,18,7.5528974683436445e-6
310,21,7.552895371354396e-6
310,22,7.552895987750219e-6
310,23,7.552896276408205e-6
310,24,7.552895904261447e-6
310,27,7.552897332452346e-6
310,29,7.552896007290144e-6
310,2,7.552895622708888e-6
310,6,7.552895387341607e-6
310,7,7.552894740747718e-6
310,8,7.552895605833498e-6
311,10,7.5528961138715545e-6
311,12,7.5528960525872435e-6
311,14,7.552896030382783e-6
311,17,7.552894959239609e-6
311,18,7.552895890938771e-6
311,21,7.552895687545913e-6
311,22,7.552896198248504e-6
311,23,7.5528954006642834e-6
311,24,7.552895296747408e-6
311,27,7.55289608278531e-6
311,29,7.55289716192209e-6
311,2,7.552896775564477e-6
311,6,7.552896294171774e-6
311,7,7.5528958873860574e-6
311,8,7.552896236440176e-6
312,10,7.552895878504273e-6
312,12,7.552895630702494e-6
312,14,7.55289677378812e-6
312,17,7.552897515417101e-6
312,18,7.5528971086313845e-6
312,21,7.552896066798098e-6
312,22,7.552896006401966e-6
312,23,7.552896000184717e-6
312,24,7.552895579188146e-6
312,27,7.55289620091304e-6
312,29,7.552895269213877e-6
312,2,7.552895882945165e-6
312,6,7.552895926465908e-6
312,7,7.552895971763007e-6
312,8,7.552896193807612e-6
313,10,7.5528967933280455e-6
313,12,7.5528958261017465e-6
313,14,7.552896144069621e-6
313,17,7.552896419404931e-6
313,18,7.552895922913194e-6
313,21,7.552897237417255e-6
313,22,7.552896621021432e-6
313,23,7.552898941831643e-6
313,24,7.552896390983221e-6
313,27,7.552896154727762e-6
313,29,7.552896061469028e-6
313,2,7.552896321705305e-6
313,6,7.552891648998639e-6
313,7,7.552896406970433e-6
313,8,7.552895933571335e-6
314,10,7.552895473494914e-6
314,12,7.552895686657735e-6
314,14,7.552895608498034e-6
314,17,7.55289620091304e-6
314,18,7.552896255980102e-6
314,21,7.552896233775641e-6
314,22,7.552896241769247e-6
314,23,7.552895412210603e-6
314,24,7.552895691098627e-6
314,27,7.552895937124049e-6
314,29,7.55289735288045e-6
314,2,7.552896178708579e-6
314,6,7.552895365137147e-6
314,7,7.552896798657116e-6
314,8,7.552896078344418e-6
315,10,7.55289505960377e-6
315,12,7.552895858964348e-6
315,14,7.552895414875138e-6
315,17,7.5528971530403055e-6
315,18,7.55289579590368e-6
315,21,7.5528958429771365e-6
315,22,7.552896520657271e-6
315,23,7.5528977498962035e-6
315,24,7.5528962746318484e-6
315,27,7.5528958811688085e-6
315,29,7.552896605922399e-6
315,2,7.5528958429771365e-6
315,6,7.552895784357361e-6
315,7,7.5528942327096615e-6
315,8,7.552895965545758e-6
316,10,7.5528963172644126e-6
316,12,7.552896463813852e-6
316,14,7.552896915008489e-6
316,17,7.552895938900406e-6
316,18,7.55289636344969e-6
316,21,7.552895746165689e-6
316,22,7.5528962133475375e-6
316,23,7.5528962133475375e-6
316,24,7.552897130835845e-6
316,27,7.552895019635741e-6
316,29,7.552896551743515e-6
316,2,7.552896452267532e-6
316,6,7.552895207041388e-6
316,7,7.55289469456244e-6
316,8,7.552896098772521e-6
317,10,7.552895512574764e-6
317,12,7.55289584652985e-6
317,14,7.552896640561357e-6
317,17,7.552895300300122e-6
317,18,7.552894905948904e-6
317,21,7.552896140516907e-6
317,22,7.552896087226202e-6
317,23,7.552896198248504e-6
317,24,7.55289599840836e-6
317,27,7.552896503781881e-6
317,29,7.5528963510151925e-6
317,2,7.5528960188364636e-6
317,6,7.552895493034839e-6
317,7,7.552897377749446e-6
317,8,7.552895758600187e-6
318,10,7.552895961104866e-6
318,12,7.552896714280166e-6
318,14,7.552895441520491e-6
318,17,7.552896219564786e-6
318,18,7.5528956315906726e-6
318,21,7.552895602280785e-6
318,22,7.552896349238836e-6
318,23,7.552896252427388e-6
318,24,7.55289577902829e-6
318,27,7.552896342133408e-6
318,29,7.552896923002095e-6
318,2,7.552896970075551e-6
318,6,7.552896024165534e-6
318,7,7.552895780804647e-6
318,8,7.552896350127014e-6
319,10,7.552896458484781e-6
319,12,7.552895683993199e-6
319,14,7.552895050721986e-6
319,17,7.552895187501463e-6
319,18,7.552896681417565e-6
319,21,7.552895911366875e-6
319,22,7.552897113072277e-6
319,23,7.552894551565714e-6
319,24,7.5528958367598875e-6
319,27,7.552895755047473e-6
319,29,7.552895625373424e-6
319,2,7.552895961104866e-6
319,6,7.552895156415218e-6
319,7,7.552895323392761e-6
319,8,7.552896419404931e-6
320,10,7.552895613827104e-6
320,12,7.55289630749445e-6
320,14,7.5528966005933285e-6
320,17,7.552896849283286e-6
320,18,7.552895405993354e-6
320,21,7.552895752382938e-6
320,22,7.552896630791395e-6
320,23,7.552895259443915e-6
320,24,7.552896503781881e-6
320,27,7.552895691098627e-6
320,29,7.552896259532815e-6
320,2,7.552894819795597e-6
320,6,7.552897344886844e-6
320,7,7.552897042018003e-6
320,8,7.552896081008953e-6
321,10,7.552896637008644e-6
321,12,7.5528957621529e-6
321,14,7.552896269302778e-6
321,17,7.552896156504119e-6
321,18,7.55289573994844e-6
321,21,7.55289469456244e-6
321,22,7.552896271967313e-6
321,23,7.552895587181752e-6
321,24,7.552895247897595e-6
321,27,7.552897157481198e-6
321,29,7.5528959868620404e-6
321,2,7.552895816331784e-6
321,6,7.552902840046727e-6
321,7,7.552895839424423e-6
321,8,7.552896567730727e-6
322,10,7.5528974790017855e-6
322,12,7.5528979719408085e-6
322,14,7.552895704421303e-6
322,17,7.552897482554499e-6
322,18,7.552896453155711e-6
322,21,7.552896822637933e-6
322,22,7.552896102325235e-6
322,23,7.55289596465758e-6
322,24,7.552896495788275e-6
322,27,7.552895795015502e-6
322,29,7.5528955383319385e-6
322,2,7.552895075590982e-6
322,6,7.552895993967468e-6
322,7,7.552896818197041e-6
322,8,7.552895268325699e-6
323,10,7.552895851858921e-6
323,12,7.552896093443451e-6
323,14,7.552895948670368e-6
323,17,7.5528958705106675e-6
323,18,7.55289620091304e-6
323,21,7.5528957754755766e-6
323,22,7.55289558806993e-6
323,23,7.552897755225274e-6
323,24,7.552896092555272e-6
323,27,7.55289654907898e-6
323,29,7.552896851059643e-6
323,2,7.5528940719493676e-6
323,6,7.552896682305743e-6
323,7,7.552895683105021e-6
323,8,7.552896833296074e-6
324,10,7.552896409634968e-6
324,12,7.552895401552462e-6
324,14,7.5528954663894865e-6
324,17,7.552896813756149e-6
324,18,7.5528955765236105e-6
324,21,7.552895306517371e-6
324,22,7.552896308382628e-6
324,23,7.552894150997247e-6
324,24,7.552896253315566e-6
324,27,7.552896152951405e-6
324,29,7.552894675910693e-6
324,2,7.55289615028687e-6
324,6,7.552895595175357e-6
324,7,7.552896243545604e-6
324,8,7.552895811890892e-6
325,10,7.552896261309172e-6
325,12,7.552896381213259e-6
325,14,7.552895786133718e-6
325,17,7.552896614804183e-6
325,18,7.552895358919898e-6
325,21,7.5528969327720574e-6
325,22,7.552896065021741e-6
325,23,7.552897533180669e-6
325,24,7.552895818996319e-6
325,27,7.552896398976827e-6
325,29,7.552894845552771e-6
325,2,7.552895750606581e-6
325,6,7.552895962881223e-6
325,7,7.552895529450154e-6
325,8,7.552896246210139e-6
326,10,7.552895796791859e-6
326,12,7.552895877616095e-6
326,14,7.552895748830224e-6
326,17,7.5528951342107575e-6
326,18,7.552887497652705e-6
326,21,7.552896102325235e-6
326,22,7.5528959424531195e-6
326,23,7.552895191942355e-6
326,24,7.5528962071302885e-6
326,27,7.552896022389177e-6
326,29,7.552895802120929e-6
326,2,7.55289608278531e-6
326,6,7.552895502804802e-6
326,7,7.5528959317949784e-6
326,8,7.552895783469182e-6
327,10,7.552894998319459e-6
327,12,7.552896376772367e-6
327,14,7.5528958598525264e-6
327,17,7.552895784357361e-6
327,18,7.552896670759424e-6
327,21,7.5528966450022494e-6
327,22,7.552896102325235e-6
327,23,7.552891315043553e-6
327,24,7.552895435303242e-6
327,27,7.552894803808385e-6
327,29,7.552896004625609e-6
327,2,7.552895222140421e-6
327,6,7.552895803897286e-6
327,7,7.55289620624211e-6
327,8,7.552894244255981e-6
328,10,7.552896490459204e-6
328,12,7.552895944229476e-6
328,14,7.552894910389796e-6
328,17,7.552896502005524e-6
328,18,7.552896269302778e-6
328,21,7.552895629814316e-6
328,22,7.552897503870781e-6
328,23,7.552893499074287e-6
328,24,7.552896225782035e-6
328,27,7.552895533891046e-6
328,29,7.552896692963884e-6
328,2,7.55289557119454e-6
328,6,7.552895872287024e-6
328,7,7.5528974239347235e-6
328,8,7.5528958429771365e-6
329,10,7.552896183149471e-6
329,12,7.552896237328355e-6
329,14,7.5528956653414525e-6
329,17,7.55289661658054e-6
329,18,7.5528961351878365e-6
329,21,7.552896905238526e-6
329,22,7.552895736395726e-6
329,23,7.5528949858849614e-6
329,24,7.552895890050593e-6
329,27,7.552896364337869e-6
329,29,7.552894344620142e-6
329,2,7.552895255891201e-6
329,6,7.552896870599568e-6
329,7,7.552895275431126e-6
329,8,7.552894826901024e-6
330,10,7.552896084561667e-6
330,12,7.552895760376543e-6
330,14,7.5528956386961e-6
330,17,7.552896367002404e-6
330,18,7.5528959317949784e-6
330,21,7.552895365137147e-6
330,22,7.55289445830698e-6
330,23,7.5528953944470345e-6
330,24,7.5528959149195884e-6
330,27,7.552894984996783e-6
330,29,7.552895759488365e-6
330,2,7.552896148510513e-6
330,6,7.5528959868620404e-6
330,7,7.552895956663974e-6
330,8,7.552896101437057e-6
331,10,7.552896316376234e-6
331,12,7.552895760376543e-6
331,14,7.552896038376389e-6
331,17,7.552896927442987e-6
331,18,7.5528951510861475e-6
331,21,7.552896564178013e-6
331,22,7.552895738172083e-6
331,23,7.55289570619766e-6
331,24,7.552896029494605e-6
331,27,7.552896453155711e-6
331,29,7.5528985075123956e-6
331,2,7.55289704379436e-6
331,6,7.552895652906955e-6
331,7,7.552895588958108e-6
331,8,7.5528965393090175e-6
332,10,7.552895965545758e-6
332,12,7.552895213258637e-6
332,14,7.55289607123899e-6
332,17,7.552896636120465e-6
332,18,7.552896143181442e-6
332,21,7.552895949558547e-6
332,22,7.5528963465743004e-6
332,23,7.552895033846596e-6
332,24,7.5528980545414015e-6
332,27,7.552895518792013e-6
332,29,7.552896534868125e-6
332,2,7.552895657347847e-6
332,6,7.552895975315721e-6
332,7,7.552895236351276e-6
332,8,7.552896065021741e-6
333,10,7.552896070350812e-6
333,12,7.552897020701721e-6
333,14,7.552895644913349e-6
333,17,7.552895605833498e-6
333,18,7.552895634255208e-6
333,21,7.552896705398382e-6
333,22,7.552896033935497e-6
333,23,7.5528969034621696e-6
333,24,7.552895950446725e-6
333,27,7.552896426510358e-6
333,29,7.55289712817131e-6
333,2,7.552895834095352e-6
333,6,7.5528959699866505e-6
333,7,7.552894715878722e-6
333,8,7.5528963403570515e-6
334,10,7.5528958198844975e-6
334,12,7.552895735507548e-6
334,14,7.552895636919743e-6
334,17,7.552896939877485e-6
334,18,7.552896722273772e-6
334,21,7.552895787021896e-6
334,22,7.552895995743825e-6
334,23,7.552896784446261e-6
334,24,7.552896222229322e-6
334,27,7.552896379436902e-6
334,29,7.552896177820401e-6
334,2,7.552895840312601e-6
334,6,7.552896749807303e-6
334,7,7.552896503781881e-6
334,8,7.552895461060416e-6
335,10,7.552895407769711e-6
335,12,7.552897375973089e-6
335,14,7.552895494811196e-6
335,17,7.552896554408051e-6
335,18,7.552896500229167e-6
335,21,7.552896428286715e-6
335,22,7.552898042995082e-6
335,23,7.552892310691561e-6
335,24,7.5528992375950565e-6
335,27,7.5528963128235205e-6
335,29,7.552896144957799e-6
335,2,7.552895396223391e-6
335,6,7.552895921136837e-6
335,7,7.552896169826795e-6
335,8,7.552895782581004e-6
336,10,7.552895553430972e-6
336,12,7.552895422868744e-6
336,14,7.55289694254202e-6
336,17,7.552895852747099e-6
336,18,7.5528962852899895e-6
336,21,7.5528957159676224e-6
336,22,7.552896176932222e-6
336,23,7.552896857276892e-6
336,24,7.5528962302229274e-6
336,27,7.552896025941891e-6
336,29,7.552895749718402e-6
336,2,7.552895700868589e-6
336,6,7.55289566090056e-6
336,7,7.552895723961228e-6
336,8,7.552895970874829e-6
337,10,7.552896610363291e-6
337,12,7.552896752471838e-6
337,14,7.552896139628729e-6
337,17,7.552897076656961e-6
337,18,7.5528949521341815e-6
337,21,7.552895475271271e-6
337,22,7.55289538023618e-6
337,23,7.552893073636824e-6
337,24,7.552896034823675e-6
337,27,7.5528964780247065e-6
337,29,7.552900668450491e-6
337,2,7.552896248874674e-6
337,6,7.5528972862670685e-6
337,7,7.552895497475731e-6
337,8,7.552891686302132e-6
338,10,7.552895664453274e-6
338,12,7.552895591622644e-6
338,14,7.552895594287179e-6
338,17,7.5528950178593846e-6
338,18,7.552897250739932e-6
338,21,7.5528954006642834e-6
338,22,7.552896075679882e-6
338,23,7.552896076568061e-6
338,24,7.552895597839893e-6
338,27,7.552896042817281e-6
338,29,7.552895249673952e-6
338,2,7.552895736395726e-6
338,6,7.5528960081783225e-6
338,7,7.552895275431126e-6
338,8,7.552896255091923e-6
339,10,7.552895452178632e-6
339,12,7.552896576612511e-6
339,14,7.552895912255053e-6
339,17,7.552896055251779e-6
339,18,7.5528958474180286e-6
339,21,7.5528952736547694e-6
339,22,7.5528969762928e-6
339,23,7.5528958367598875e-6
339,24,7.552892824058688e-6
339,27,7.5528968608296054e-6
339,29,7.552897301366102e-6
339,2,7.552895971763007e-6
339,6,7.55289677378812e-6
339,7,7.5528957879100744e-6
339,8,7.552896913232132e-6
340,10,7.5528958030091076e-6
340,12,7.5528956884340914e-6
340,14,7.552895485041233e-6
340,17,7.552895710638552e-6
340,18,7.55289526210845e-6
340,21,7.552895313622798e-6
340,22,7.552895247009417e-6
340,23,7.5528954281978145e-6
340,24,7.552899323748363e-6
340,27,7.552894872198124e-6
340,29,7.552896570395262e-6
340,2,7.552896120976982e-6
340,6,7.552895875839738e-6
340,7,7.5528966938520625e-6
340,8,7.552895755047473e-6
341,10,7.552895802120929e-6
341,12,7.552895470830379e-6
341,14,7.552895501916623e-6
341,17,7.552895115559011e-6
341,18,7.552895962881223e-6
341,21,7.552896513551843e-6
341,22,7.552895101348156e-6
341,23,7.552896581053403e-6
341,24,7.552895865181597e-6
341,27,7.552896017060107e-6
341,29,7.552896077456239e-6
341,2,7.552896730267378e-6
341,6,7.55289558806993e-6
341,7,7.5528952567793795e-6
341,8,7.552896232887463e-6
342,10,7.552896077456239e-6
342,12,7.552895990414754e-6
342,14,7.552896474471993e-6
342,17,7.5528957435011534e-6
342,18,7.552896246210139e-6
342,21,7.552896454043889e-6
342,22,7.552894631501772e-6
342,23,7.552896059692671e-6
342,24,7.552895585405395e-6
342,27,7.552894984108605e-6
342,29,7.552895573859075e-6
342,2,7.552896229334749e-6
342,6,7.55289707754514e-6
342,7,7.552895755047473e-6
342,8,7.5528952887538026e-6
343,10,7.552896918561203e-6
343,12,7.552895851858921e-6
343,14,7.552895202600496e-6
343,17,7.552896821749755e-6
343,18,7.552896011731036e-6
343,21,7.552895977092078e-6
343,22,7.552896313711699e-6
343,23,7.552896029494605e-6
343,24,7.552895713303087e-6
343,27,7.5528968546123565e-6
343,29,7.552896951423804e-6
343,2,7.552896243545604e-6
343,6,7.552896303941736e-6
343,7,7.552895531226511e-6
343,8,7.55289517240243e-6
344,10,7.552896353679728e-6
344,12,7.552895564977291e-6
344,14,7.5528957097503735e-6
344,17,7.552896540197196e-6
344,18,7.552896318152591e-6
344,21,7.552895635143386e-6
344,22,7.552896434503964e-6
344,23,7.552895875839738e-6
344,24,7.552896591711544e-6
344,27,7.552895507245694e-6
344,29,7.552896209794824e-6
344,2,7.552895920248659e-6
344,6,7.5528964780247065e-6
344,7,7.552896557960764e-6
344,8,7.552895761264722e-6
345,10,7.552895396223391e-6
345,12,7.552896328810732e-6
345,14,7.552896318152591e-6
345,17,7.5528965668425485e-6
345,18,7.552896247986496e-6
345,21,7.552895750606581e-6
345,22,7.552896900797634e-6
345,23,7.552894844664593e-6
345,24,7.552894667917087e-6
345,27,7.552896485130134e-6
345,29,7.5528963741078314e-6
345,2,7.552896369666939e-6
345,6,7.552895618267996e-6
345,7,7.552895450402275e-6
345,8,7.552896584606117e-6
346,10,7.552896178708579e-6
346,12,7.552895967322115e-6
346,14,7.552896096107986e-6
346,17,7.552895416651495e-6
346,18,7.5528958811688085e-6
346,21,7.5528963066062715e-6
346,22,7.5528957159676224e-6
346,23,7.552895763929257e-6
346,24,7.552896373219653e-6
346,27,7.552895179507857e-6
346,29,7.55289572840212e-6
346,2,7.552896238216533e-6
346,6,7.552897164586625e-6
346,7,7.5528959424531195e-6
346,8,7.552895970874829e-6
347,10,7.552896353679728e-6
347,12,7.552896373219653e-6
347,14,7.552896019724642e-6
347,17,7.552896369666939e-6
347,18,7.552895223916778e-6
347,21,7.552896345686122e-6
347,22,7.5528967169447014e-6
347,23,7.552896796880759e-6
347,24,7.5528961245296955e-6
347,27,7.55289862297559e-6
347,29,7.552895361584433e-6
347,2,7.552895074702803e-6
347,6,7.552895182172392e-6
347,7,7.552895825213568e-6
347,8,7.552896565066192e-6
348,10,7.552895776363755e-6
348,12,7.552896283513633e-6
348,14,7.552896012619215e-6
348,17,7.552897389295765e-6
348,18,7.552896311935342e-6
348,21,7.552896182261293e-6
348,22,7.552895542772831e-6
348,23,7.552896885698601e-6
348,24,7.5528953162873336e-6
348,27,7.552897185902907e-6
348,29,7.5528962897308816e-6
348,2,7.552895771922863e-6
348,6,7.552894530249432e-6
348,7,7.55289584120078e-6
348,8,7.55289538556525e-6
349,10,7.552896881257709e-6
349,12,7.5528966494431415e-6
349,14,7.55289636344969e-6
349,17,7.552895167073359e-6
349,18,7.5528958811688085e-6
349,21,7.552897207219189e-6
349,22,7.552896199136683e-6
349,23,7.552894843776414e-6
349,24,7.552895747053867e-6
349,27,7.552895685769556e-6
349,29,7.5528955152393e-6
349,2,7.552897486995391e-6
349,6,7.5528952505621305e-6
349,7,7.552895628926137e-6
349,8,7.552897158369376e-6
350,10,7.55289600373743e-6
350,12,7.552895452178632e-6
350,14,7.552896117424268e-6
350,17,7.552895443296848e-6
350,18,7.552896387430508e-6
350,21,7.5528949352587915e-6
350,22,7.552896332363446e-6
350,23,7.55289535181447e-6
350,24,7.552895945117655e-6
350,27,7.5528959975201815e-6
350,29,7.552896009954679e-6
350,2,7.552895793239145e-6
350,6,7.552895628037959e-6
350,7,7.5528965117754865e-6
350,8,7.552896646778606e-6
351,10,7.552896210683002e-6
351,12,7.5528941607672095e-6
351,14,7.552895626261602e-6
351,17,7.552897492324462e-6
351,18,7.552895421092387e-6
351,21,7.552896344797944e-6
351,22,7.552897014484472e-6
351,23,7.552896173379509e-6
351,24,7.552895926465908e-6
351,27,7.552896696516598e-6
351,29,7.552896166274081e-6
351,2,7.55289457643471e-6
351,6,7.5528954939230175e-6
351,7,7.5528960996607e-6
351,8,7.5528958811688085e-6
352,10,7.552895613827104e-6
352,12,7.552895766593792e-6
352,14,7.552895722184871e-6
352,17,7.5528965117754865e-6
352,18,7.552895856299813e-6
352,21,7.552897000273617e-6
352,22,7.552896462925673e-6
352,23,7.5528963892068646e-6
352,24,7.552896287954525e-6
352,27,7.552896125417874e-6
352,29,7.552895032070239e-6
352,2,7.552896685858457e-6
352,6,7.552895550766436e-6
352,7,7.552896311935342e-6
352,8,7.552895668894166e-6
353,10,7.552896048146351e-6
353,12,7.552894810913813e-6
353,14,7.552896070350812e-6
353,17,7.5528945480130005e-6
353,18,7.552896278184562e-6
353,21,7.55289540244064e-6
353,22,7.552895939788584e-6
353,23,7.552896148510513e-6
353,24,7.55289600373743e-6
353,27,7.552896182261293e-6
353,29,7.5528978173977634e-6
353,2,7.552896775564477e-6
353,6,7.552895862517062e-6
353,7,7.552896232887463e-6
353,8,7.552896668094888e-6
354,10,7.552897025142613e-6
354,12,7.552897755225274e-6
354,14,7.5528962577564585e-6
354,17,7.55289546461313e-6
354,18,7.552896763129979e-6
354,21,7.552895241680346e-6
354,22,7.552895954887617e-6
354,23,7.552896092555272e-6
354,24,7.552895701756768e-6
354,27,7.55289625686828e-6
354,29,7.552896422069466e-6
354,2,7.552895664453274e-6
354,6,7.55289566090056e-6
354,7,7.552895994855646e-6
354,8,7.55289635812062e-6
355,10,7.5528957985682155e-6
355,12,7.552896544638088e-6
355,14,7.552896319040769e-6
355,17,7.552896483353777e-6
355,18,7.552894571993818e-6
355,21,7.552895850082564e-6
355,22,7.552895434415063e-6
355,23,7.552895404216997e-6
355,24,7.552895924689551e-6
355,27,7.552894489393225e-6
355,29,7.552894544460287e-6
355,2,7.552896438056678e-6
355,6,7.55289716192209e-6
355,7,7.552895990414754e-6
355,8,7.552896988727298e-6
356,10,7.552896039264567e-6
356,12,7.552895890050593e-6
356,14,7.5528950347347745e-6
356,17,7.552896839513323e-6
356,18,7.552896766682693e-6
356,21,7.552896512663665e-6
356,22,7.552895909590518e-6
356,23,7.55289594778219e-6
356,24,7.552895622708888e-6
356,27,7.5528960081783225e-6
356,29,7.552896859053249e-6
356,2,7.552895741724797e-6
356,6,7.5528970260307915e-6
356,7,7.552896359896977e-6
356,8,7.552895705309481e-6
357,10,7.552895595175357e-6
357,12,7.552896601481507e-6
357,14,7.5528956928749835e-6
357,17,7.552896098772521e-6
357,18,7.55289615028687e-6
357,21,7.552895890050593e-6
357,22,7.552895198159604e-6
357,23,7.552897004714509e-6
357,24,7.552895202600496e-6
357,27,7.552895514351121e-6
357,29,7.5528954051051755e-6
357,2,7.552897805851444e-6
357,6,7.552889187856238e-6
357,7,7.5528957310666556e-6
357,8,7.552897028695327e-6
358,10,7.552895396223391e-6
358,12,7.552896070350812e-6
358,14,7.552898134477459e-6
358,17,7.552895955775796e-6
358,18,7.552895553430972e-6
358,21,7.55289517240243e-6
358,22,7.5528957204085145e-6
358,23,7.552893035445152e-6
358,24,7.552896400753184e-6
358,27,7.552896137852372e-6
358,29,7.552897356433164e-6
358,2,7.5528963128235205e-6
358,6,7.552897660190183e-6
358,7,7.55289678533444e-6
358,8,7.552896174267687e-6
359,10,7.552896043705459e-6
359,12,7.552895987750219e-6
359,14,7.552895940676763e-6
359,17,7.552896309270807e-6
359,18,7.552895513462943e-6
359,21,7.552895892715128e-6
359,22,7.552895349149935e-6
359,23,7.552895996632003e-6
359,24,7.552895104012691e-6
359,27,7.552896271967313e-6
359,29,7.5528964291748935e-6
359,2,7.5528968928040285e-6
359,6,7.552894588869208e-6
359,7,7.552895890050593e-6
359,8,7.552897088203281e-6
360,10,7.552896345686122e-6
360,12,7.552896737372805e-6
360,14,7.552896027718248e-6
360,17,7.552895681328664e-6
360,18,7.55289569465134e-6
360,21,7.5528957816928255e-6
360,22,7.552895989526576e-6
360,23,7.5528958367598875e-6
360,24,7.552894171425351e-6
360,27,7.552896214235716e-6
360,29,7.552896201801218e-6
360,2,7.552894862428161e-6
360,6,7.552895135987114e-6
360,7,7.552896409634968e-6
360,8,7.552896381213259e-6
361,10,7.552895943341298e-6
361,12,7.552895437079599e-6
361,14,7.552895236351276e-6
361,17,7.552895944229476e-6
361,18,7.552896370555118e-6
361,21,7.55289572307305e-6
361,22,7.552896098772521e-6
361,23,7.552895909590518e-6
361,24,7.5528963510151925e-6
361,27,7.552896236440176e-6
361,29,7.552896114759733e-6
361,2,7.552896469142922e-6
361,6,7.55289533493908e-6
361,7,7.552896327034375e-6
361,8,7.552896009066501e-6
362,10,7.552895715079444e-6
362,12,7.552895639584278e-6
362,14,7.552896168050438e-6
362,17,7.552881288397373e-6
362,18,7.552896531315412e-6
362,21,7.552895482376698e-6
362,22,7.552896762241801e-6
362,23,7.552894707885116e-6
362,24,7.552896171603152e-6
362,27,7.5528954601722376e-6
362,29,7.552896283513633e-6
362,2,7.552895712414909e-6
362,6,7.552895249673952e-6
362,7,7.552895717743979e-6
362,8,7.552896160945011e-6
363,10,7.552896311047164e-6
363,12,7.5528965153282e-6
363,14,7.552896042817281e-6
363,17,7.552896707174739e-6
363,18,7.552895180396035e-6
363,21,7.5528961582804754e-6
363,22,7.552887604234115e-6
363,23,7.552898131812924e-6
363,24,7.552894953910538e-6
363,27,7.552897030471684e-6
363,29,7.552895707974017e-6
363,2,7.552896750695481e-6
363,6,7.552895443296848e-6
363,7,7.552895000983995e-6
363,8,7.552896480689242e-6
364,10,7.552892389739441e-6
364,12,7.55289571152673e-6
364,14,7.552895668894166e-6
364,17,7.552895952223082e-6
364,18,7.552896233775641e-6
364,21,7.552895878504273e-6
364,22,7.552896076568061e-6
364,23,7.552896851059643e-6
364,24,7.552895656459668e-6
364,27,7.552896349238836e-6
364,29,7.552895342044508e-6
364,2,7.552895479712163e-6
364,6,7.552897265838965e-6
364,7,7.552895566753648e-6
364,8,7.55289613341148e-6
365,10,7.552896166274081e-6
365,12,7.552894934370613e-6
365,14,7.552895232798562e-6
365,17,7.552896255980102e-6
365,18,7.552896067686277e-6
365,21,7.552896639673179e-6
365,22,7.552896417628574e-6
365,23,7.552896242657425e-6
365,24,7.55289584652985e-6
365,27,7.552892969719949e-6
365,29,7.552896278184562e-6
365,2,7.552896703622025e-6
365,6,7.552896880369531e-6
365,7,7.552895145757077e-6
365,8,7.552896227558392e-6
366,10,7.552896803098008e-6
366,12,7.552896128082409e-6
366,14,7.552897377749446e-6
366,17,7.552896335916159e-6
366,18,7.552892970608127e-6
366,21,7.552896335027981e-6
366,22,7.552894987661318e-6
366,23,7.552895763041079e-6
366,24,7.552895350926292e-6
366,27,7.5528941394509275e-6
366,29,7.552896373219653e-6
366,2,7.552894889073514e-6
366,6,7.55289575682383e-6
366,7,7.552896244433782e-6
366,8,7.552896536644482e-6
367,10,7.552895633367029e-6
367,12,7.552895190165998e-6
367,14,7.552894450313374e-6
367,17,7.552895957552153e-6
367,18,7.552894870421767e-6
367,21,7.5528946474889835e-6
367,22,7.552896557072586e-6
367,23,7.552895427309636e-6
367,24,7.552895731954834e-6
367,27,7.552897283602533e-6
367,29,7.55289706066975e-6
367,2,7.552895813667249e-6
367,6,7.552896106766127e-6
367,7,7.5528965153282e-6
367,8,7.552896784446261e-6
368,10,7.552896123641517e-6
368,12,7.55289678533444e-6
368,14,7.5528933480839555e-6
368,17,7.552896646778606e-6
368,18,7.552895592510822e-6
368,21,7.552897048235252e-6
368,22,7.55289589715602e-6
368,23,7.552895600504428e-6
368,24,7.5528958474180286e-6
368,27,7.55289571152673e-6
368,29,7.552896641449536e-6
368,2,7.552895909590518e-6
368,6,7.552895814555427e-6
368,7,7.55289552056837e-6
368,8,7.55289584120078e-6
369,10,7.552896470919279e-6
369,12,7.552895644913349e-6
369,14,7.552897383078516e-6
369,17,7.552895029405704e-6
369,18,7.552895860740705e-6
369,21,7.5528963616733336e-6
369,22,7.552896355456085e-6
369,23,7.55289532961001e-6
369,24,7.552897107743206e-6
369,27,7.552896106766127e-6
369,29,7.552895900708734e-6
369,2,7.552896470919279e-6
369,6,7.552896215123894e-6
369,7,7.552895101348156e-6
369,8,7.552895518792013e-6
370,10,7.552895552542793e-6
370,12,7.552896364337869e-6
370,14,7.552894236262375e-6
370,17,7.552895308293728e-6
370,18,7.552895146645255e-6
370,21,7.552895293194695e-6
370,22,7.552886266637415e-6
370,23,7.552896479801063e-6
370,24,7.552895337603616e-6
370,27,7.552895533002868e-6
370,29,7.552896754248195e-6
370,2,7.552895433526885e-6
370,6,7.552895439744134e-6
370,7,7.552896589047009e-6
370,8,7.552895872287024e-6
371,10,7.552895922025016e-6
371,12,7.5528976841710005e-6
371,14,7.552897832496797e-6
371,17,7.552896013507393e-6
371,18,7.5528949521341815e-6
371,21,7.552896553519872e-6
371,22,7.552896562401656e-6
371,23,7.552895744389332e-6
371,24,7.552895657347847e-6
371,27,7.552895529450154e-6
371,29,7.552895457507702e-6
371,2,7.552896115647911e-6
371,6,7.552895579188146e-6
371,7,7.552893909412717e-6
371,8,7.552896570395262e-6
372,10,7.5528961351878365e-6
372,12,7.552895977980256e-6
372,14,7.552895806561821e-6
372,17,7.552896000184717e-6
372,18,7.552897277385284e-6
372,21,7.552895612050747e-6
372,22,7.552896432727607e-6
372,23,7.552895877616095e-6
372,24,7.552895358919898e-6
372,27,7.552895801232751e-6
372,29,7.552895922913194e-6
372,2,7.5528956759995935e-6
372,6,7.552896379436902e-6
372,7,7.552895299411944e-6
372,8,7.552895982421148e-6
373,10,7.5528951786196785e-6
373,12,7.552895705309481e-6
373,14,7.552896292395417e-6
373,17,7.552895872287024e-6
373,18,7.552895524121084e-6
373,21,7.552895892715128e-6
373,22,7.552895906037804e-6
373,23,7.5528962026893964e-6
373,24,7.5528955321146896e-6
373,27,7.552895949558547e-6
373,29,7.552895642248814e-6
373,2,7.552896087226202e-6
373,6,7.5528961520632265e-6
373,7,7.552894657258946e-6
373,8,7.5528956928749835e-6
374,10,7.552896438944856e-6
374,12,7.552896187590363e-6
374,14,7.5528976291039385e-6
374,17,7.552895628037959e-6
374,18,7.552895753271116e-6
374,21,7.55289613341148e-6
374,22,7.552894259355014e-6
374,23,7.552896850171464e-6
374,24,7.552895751494759e-6
374,27,7.552894562223855e-6
374,29,7.5528964398330345e-6
374,2,7.552895203488674e-6
374,6,7.552896247098317e-6
374,7,7.552895413098781e-6
374,8,7.552895895379663e-6
375,10,7.552896041040924e-6
375,12,7.552895742612975e-6
375,14,7.552897222318222e-6
375,17,7.5528953837888935e-6
375,18,7.5528953837888935e-6
375,21,7.552896752471838e-6
375,22,7.552896173379509e-6
375,23,7.5528961245296955e-6
375,24,7.552895715079444e-6
375,27,7.552896805762543e-6
375,29,7.552897455020968e-6
375,2,7.552894995654924e-6
375,6,7.552899701224192e-6
375,7,7.552895551654615e-6
375,8,7.552895835871709e-6
376,10,7.552893787732273e-6
376,12,7.552896602369685e-6
376,14,7.552895811002713e-6
376,17,7.552895105789048e-6
376,18,7.55289658282976e-6
376,21,7.5528965055582375e-6
376,22,7.5528965393090175e-6
376,23,7.5528964460502834e-6
376,24,7.552896352791549e-6
376,27,7.55289579057461e-6
376,29,7.552899140783609e-6
376,2,7.552895698204054e-6
376,6,7.552895952223082e-6
376,7,7.552896197360326e-6
376,8,7.552895345597221e-6
377,10,7.552895895379663e-6
377,12,7.552895683105021e-6
377,14,7.552896741813697e-6
377,17,7.552894883744443e-6
377,18,7.552895858964348e-6
377,21,7.5528955720827184e-6
377,22,7.5528964460502834e-6
377,23,7.552896291507238e-6
377,24,7.552896398976827e-6
377,27,7.552897198337405e-6
377,29,7.552895768370149e-6
377,2,7.552875516125823e-6
377,6,7.552896259532815e-6
377,7,7.552895136875293e-6
377,8,7.552895529450154e-6
378,10,7.552895379348001e-6
378,12,7.552896563289835e-6
378,14,7.552898223295301e-6
378,17,7.552895628037959e-6
378,18,7.552895479712163e-6
378,21,7.552895575635432e-6
378,22,7.552896148510513e-6
378,23,7.552895717743979e-6
378,24,7.552897090867816e-6
378,27,7.552895657347847e-6
378,29,7.5528956040571416e-6
378,2,7.552892085982421e-6
378,6,7.552895719520336e-6
378,7,7.55289558806993e-6
378,8,7.552896040152746e-6
379,10,7.55289594778219e-6
379,12,7.552896023277356e-6
379,14,7.5528954557313455e-6
379,17,7.552896228446571e-6
379,18,7.552894860651804e-6
379,21,7.552896335916159e-6
379,22,7.552896195583969e-6
379,23,7.552896085449845e-6
379,24,7.552897188567442e-6
379,27,7.552896502893702e-6
379,29,7.552895814555427e-6
379,2,7.552920527231777e-6
379,6,7.552895580964503e-6
379,7,7.552895142204363e-6
379,8,7.552895800344572e-6
380,10,7.55289579057461e-6
380,12,7.552896228446571e-6
380,14,7.552897193896513e-6
380,17,7.5528964504911755e-6
380,18,7.552895625373424e-6
380,21,7.552895680440486e-6
380,22,7.552896489571026e-6
380,23,7.552896406970433e-6
380,24,7.55289531273462e-6
380,27,7.552896630791395e-6
380,29,7.5528848153538775e-6
380,2,7.552887312023415e-6
380,6,7.552896136076015e-6
380,7,7.552896102325235e-6
380,8,7.552895915807767e-6
381,10,7.552895783469182e-6
381,12,7.5528957035331246e-6
381,14,7.5528924634582495e-6
381,17,7.552895785245539e-6
381,18,7.552895231022205e-6
381,21,7.552896812867971e-6
381,22,7.552895634255208e-6
381,23,7.55289515552704e-6
381,24,7.55289617249133e-6
381,27,7.5528963341398025e-6
381,29,7.552899157658999e-6
381,2,7.552896614804183e-6
381,6,7.552896153839583e-6
381,7,7.552895187501463e-6
381,8,7.552895292306516e-6
382,10,7.552895801232751e-6
382,12,7.552895232798562e-6
382,14,7.552897105966849e-6
382,17,7.552896660989461e-6
382,18,7.5528958474180286e-6
382,21,7.552895320728226e-6
382,22,7.5528963234816615e-6
382,23,7.552895633367029e-6
382,24,7.5528956822168425e-6
382,27,7.5528960694626335e-6
382,29,7.552897547391524e-6
382,2,7.552894968121393e-6
382,6,7.5528958980441985e-6
382,7,7.5528959468940116e-6
382,8,7.552896540197196e-6
383,10,7.552895497475731e-6
383,12,7.55289560494532e-6
383,14,7.552887701045563e-6
383,17,7.552895811002713e-6
383,18,7.552895957552153e-6
383,21,7.552900003204854e-6
383,22,7.552897409723869e-6
383,23,7.552895584517216e-6
383,24,7.552895506357515e-6
383,27,7.552897517193458e-6
383,29,7.552896536644482e-6
383,2,7.552896878593174e-6
383,6,7.552896567730727e-6
383,7,7.552895977092078e-6
383,8,7.552895763929257e-6
384,10,7.552895851858921e-6
384,12,7.552895423756922e-6
384,14,7.552895303852836e-6
384,17,7.552894788709352e-6
384,18,7.5528972356408985e-6
384,21,7.552894931706078e-6
384,22,7.552895759488365e-6
384,23,7.552896139628729e-6
384,24,7.552896471807458e-6
384,27,7.552895541884652e-6
384,29,7.552895522344727e-6
384,2,7.552897416829296e-6
384,6,7.55289566090056e-6
384,7,7.552896267526421e-6
384,8,7.552895558760042e-6
385,10,7.5528957310666556e-6
385,12,7.552900992635614e-6
385,14,7.55289670095749e-6
385,17,7.552894796702958e-6
385,18,7.5528954877057686e-6
385,21,7.552896192919434e-6
385,22,7.552896115647911e-6
385,23,7.552896253315566e-6
385,24,7.5528957372839045e-6
385,27,7.5528956164916394e-6
385,29,7.5528961902548986e-6
385,2,7.552896241769247e-6
385,6,7.552895493034839e-6
385,7,7.552895731954834e-6
385,8,7.552896137852372e-6
386,10,7.55289641407586e-6
386,12,7.5528958429771365e-6
386,14,7.552896097884343e-6
386,17,7.5528988903172944e-6
386,18,7.552895888274236e-6
386,21,7.5528956822168425e-6
386,22,7.552896237328355e-6
386,23,7.55289553744376e-6
386,24,7.552895387341607e-6
386,27,7.5528956884340914e-6
386,29,7.5528976841710005e-6
386,2,7.552895634255208e-6
386,6,7.5528970917559946e-6
386,7,7.552895927354086e-6
386,8,7.552895534779225e-6
387,10,7.5528961458459776e-6
387,12,7.552895376683466e-6
387,14,7.552896017948285e-6
387,17,7.552895949558547e-6
387,18,7.552895501028445e-6
387,21,7.5528962177884296e-6
387,22,7.5528966840821e-6
387,23,7.5528967826699045e-6
387,24,7.552894837559165e-6
387,27,7.5528961032134134e-6
387,29,7.552899102591937e-6
387,2,7.552897812956871e-6
387,6,7.552896647666785e-6
387,7,7.552896310158985e-6
387,8,7.552896166274081e-6
388,10,7.5528970366889325e-6
388,12,7.5528968102034355e-6
388,14,7.552896085449845e-6
388,17,7.552896627238681e-6
388,18,7.55289754383881e-6
388,21,7.552896923002095e-6
388,22,7.5528961520632265e-6
388,23,7.552897259621716e-6
388,24,7.552897825391369e-6
388,27,7.552896095219808e-6
388,29,7.55289464926534e-6
388,2,7.552895477935806e-6
388,6,7.552896328810732e-6
388,7,7.5528957266257635e-6
388,8,7.552896870599568e-6
389,10,7.552895519680192e-6
389,12,7.552894587981029e-6
389,14,7.552896045481816e-6
389,17,7.552895095130907e-6
389,18,7.552895145757077e-6
389,21,7.55289635812062e-6
389,22,7.552895344709043e-6
389,23,7.552895583629038e-6
389,24,7.552895463724951e-6
389,27,7.5528966112514695e-6
389,29,7.552897058005215e-6
389,2,7.552898998675062e-6
389,6,7.552896563289835e-6
389,7,7.552895883833344e-6
389,8,7.552896033935497e-6
390,10,7.5528938792146505e-6
390,12,7.552895958440331e-6
390,14,7.55289594778219e-6
390,17,7.552895218587707e-6
390,18,7.552894965456858e-6
390,21,7.552896180484936e-6
390,22,7.55289620091304e-6
390,23,7.552895911366875e-6
390,24,7.552897122842239e-6
390,27,7.552896471807458e-6
390,29,7.55289403109316e-6
390,2,7.552897101525957e-6
390,6,7.5528950542747e-6
390,7,7.552896521545449e-6
390,8,7.55289549836391e-6
391,10,7.552896314599877e-6
391,12,7.552896148510513e-6
391,14,7.552895647577884e-6
391,17,7.5528957648174355e-6
391,18,7.552896426510358e-6
391,21,7.5528958873860574e-6
391,22,7.552895868734311e-6
391,23,7.552895188389641e-6
391,24,7.552895033846596e-6
391,27,7.5528966831939215e-6
391,29,7.552894123463716e-6
391,2,7.552896973628265e-6
391,6,7.552896318152591e-6
391,7,7.552895958440331e-6
391,8,7.552895799456394e-6
392,10,7.552895227469492e-6
392,12,7.552896299500844e-6
392,14,7.552896261309172e-6
392,17,7.552895371354396e-6
392,18,7.55289673470827e-6
392,21,7.552895821660854e-6
392,22,7.552896590823366e-6
392,23,7.5528953393799725e-6
392,24,7.5528965011173455e-6
392,27,7.552895119111724e-6
392,29,7.552895345597221e-6
392,2,7.552894787821174e-6
392,6,7.552896405194076e-6
392,7,7.552896792439867e-6
392,8,7.552898485307935e-6
393,10,7.5528960739035256e-6
393,12,7.5528955827408595e-6
393,14,7.55289615028687e-6
393,17,7.552895456619524e-6
393,18,7.552895549878258e-6
393,21,7.55289599840836e-6
393,22,7.552894831341916e-6
393,23,7.552896214235716e-6
393,24,7.552895878504273e-6
393,27,7.552896355456085e-6
393,29,7.552897073104248e-6
393,2,7.5528984861961135e-6
393,6,7.552895622708888e-6
393,7,7.552895294082873e-6
393,8,7.552895173290608e-6
394,10,7.552896783558083e-6
394,12,7.552895929130443e-6
394,14,7.5528963296989104e-6
394,17,7.5528951173353676e-6
394,18,7.552895429085993e-6
394,21,7.552896627238681e-6
394,22,7.552895687545913e-6
394,23,7.552896554408051e-6
394,24,7.552895950446725e-6
394,27,7.5528964336157856e-6
394,29,7.552894104811969e-6
394,2,7.552896715168345e-6
394,6,7.552894766504892e-6
394,7,7.552895084472766e-6
394,8,7.552897515417101e-6
395,10,7.552896161833189e-6
395,12,7.552895611162569e-6
395,14,7.552896182261293e-6
395,17,7.552896664542175e-6
395,18,7.552895704421303e-6
395,21,7.552896662765818e-6
395,22,7.552896004625609e-6
395,23,7.552895280760197e-6
395,24,7.552895900708734e-6
395,27,7.552894691009726e-6
395,29,7.552896978957335e-6
395,2,7.5528956440251704e-6
395,6,7.552896615692362e-6
395,7,7.552895643136992e-6
395,8,7.552896548190802e-6
396,10,7.552895643136992e-6
396,12,7.552896746254589e-6
396,14,7.552896642337714e-6
396,17,7.55289481801924e-6
396,18,7.5528957879100744e-6
396,21,7.5528962852899895e-6
396,22,7.552896043705459e-6
396,23,7.552896698292955e-6
396,24,7.552896060580849e-6
396,27,7.552895299411944e-6
396,29,7.552895823437211e-6
396,2,7.552896527762698e-6
396,6,7.552896239104712e-6
396,7,7.552895658236025e-6
396,8,7.552895675111415e-6
397,10,7.552895843865315e-6
397,12,7.552897020701721e-6
397,14,7.552896114759733e-6
397,17,7.55289610498977e-6
397,18,7.552895412210603e-6
397,21,7.5528960188364636e-6
397,22,7.552896619245075e-6
397,23,7.5528954832648765e-6
397,24,7.55289210907506e-6
397,27,7.55289711129592e-6
397,29,7.5528961032134134e-6
397,2,7.552896559737121e-6
397,6,7.55289548148852e-6
397,7,7.5528963021653794e-6
397,8,7.552895928242265e-6
398,10,7.552895890050593e-6
398,12,7.5528956102743905e-6
398,14,7.552896669871245e-6
398,17,7.552896154727762e-6
398,18,7.552895384677072e-6
398,21,7.552895878504273e-6
398,22,7.552896201801218e-6
398,23,7.552896967411016e-6
398,24,7.55289670628656e-6
398,27,7.5528954281978145e-6
398,29,7.5528960739035256e-6
398,2,7.552896376772367e-6
398,6,7.552895882945165e-6
398,7,7.552895966433937e-6
398,8,7.5528962026893964e-6
399,10,7.552895340268151e-6
399,12,7.552896402529541e-6
399,14,7.552896440721213e-6
399,17,7.552896722273772e-6
399,18,7.5528967169447014e-6
399,21,7.552896201801218e-6
399,22,7.552896677864851e-6
399,23,7.5528965011173455e-6
399,24,7.552895702644946e-6
399,27,7.552896250651031e-6
399,29,7.552896474471993e-6
399,2,7.5528953837888935e-6
399,6,7.552896249762853e-6
399,7,7.552895224804956e-6
399,8,7.552896023277356e-6
400,10,7.552896299500844e-6
400,12,7.552896077456239e-6
400,14,7.552896258644637e-6
400,17,7.552895581852681e-6
400,18,7.552895660012382e-6
400,21,7.552895354479006e-6
400,22,7.552895924689551e-6
400,23,7.552896043705459e-6
400,24,7.552896660989461e-6
400,27,7.5528950578274134e-6
400,29,7.552896144957799e-6
400,2,7.552896197360326e-6
400,6,7.552896119200625e-6
400,7,7.552895525897441e-6
400,8,7.552895107565405e-6
401,10,7.552895685769556e-6
401,12,7.552896708062917e-6
401,14,7.552897080209675e-6
401,17,7.55289536336079e-6
401,18,7.552896955864696e-6
401,21,7.552895269213877e-6
401,22,7.5528966050342206e-6
401,23,7.552895434415063e-6
401,24,7.552896366114226e-6
401,27,7.552895750606581e-6
401,29,7.552896795992581e-6
401,2,7.552896562401656e-6
401,6,7.552895456619524e-6
401,7,7.552895928242265e-6
401,8,7.552895708862195e-6
402,10,7.552895530338333e-6
402,12,7.552896440721213e-6
402,14,7.5528959087023395e-6
402,17,7.552896250651031e-6
402,18,7.552896085449845e-6
402,21,7.552896319040769e-6
402,22,7.552896316376234e-6
402,23,7.552896657436747e-6
402,24,7.552896430063072e-6
402,27,7.55289544773774e-6
402,29,7.552895390006142e-6
402,2,7.552895752382938e-6
402,6,7.552895982421148e-6
402,7,7.552895676887772e-6
402,8,7.552896725826486e-6
403,10,7.552896072127169e-6
403,12,7.55289615561594e-6
403,14,7.552895027629347e-6
403,17,7.552894196294346e-6
403,18,7.552896392759578e-6
403,21,7.552896303053558e-6
403,22,7.552896533979947e-6
403,23,7.55289613341148e-6
403,24,7.5528958154436054e-6
403,27,7.552897209883724e-6
403,29,7.552894723872328e-6
403,2,7.552895370466217e-6
403,6,7.5528958030091076e-6
403,7,7.55289336229481e-6
403,8,7.552896299500844e-6
404,10,7.552896510887308e-6
404,12,7.552896270190956e-6
404,14,7.552896742701876e-6
404,17,7.552895416651495e-6
404,18,7.5528954557313455e-6
404,21,7.552897309359707e-6
404,22,7.5528951066772265e-6
404,23,7.55289620624211e-6
404,24,7.5528953118464415e-6
404,27,7.5528962852899895e-6
404,29,7.552895259443915e-6
404,2,7.552895945117655e-6
404,6,7.552895387341607e-6
404,7,7.552896143181442e-6
404,8,7.552895179507857e-6
405,10,7.5528949015080116e-6
405,12,7.552896676088494e-6
405,14,7.552896538420839e-6
405,17,7.552895615603461e-6
405,18,7.552896136964193e-6
405,21,7.5528964567084245e-6
405,22,7.552897353768628e-6
405,23,7.552896622797789e-6
405,24,7.552895811890892e-6
405,27,7.552895667117809e-6
405,29,7.552898455998047e-6
405,2,7.5528959744275426e-6
405,6,7.5528957621529e-6
405,7,7.552895506357515e-6
405,8,7.552896007290144e-6
406,10,7.5528966174687184e-6
406,12,7.552895320728226e-6
406,14,7.552896308382628e-6
406,17,7.552895325169118e-6
406,18,7.5528950898018365e-6
406,21,7.552895647577884e-6
406,22,7.552894473406013e-6
406,23,7.552895825213568e-6
406,24,7.552895367801682e-6
406,27,7.552895865181597e-6
406,29,7.5528956928749835e-6
406,2,7.552895751494759e-6
406,6,7.5528956715587015e-6
406,7,7.5528968377369665e-6
406,8,7.552896668094888e-6
407,10,7.552896626350503e-6
407,12,7.55289548681759e-6
407,14,7.5528967888871534e-6
407,17,7.552896252427388e-6
407,18,7.55289599840836e-6
407,21,7.552895696427697e-6
407,22,7.55289567777595e-6
407,23,7.5528960907789155e-6
407,24,7.552895524121084e-6
407,27,7.552895950446725e-6
407,29,7.552896440721213e-6
407,2,7.552896697404776e-6
407,6,7.552897018925364e-6
407,7,7.552899012885916e-6
407,8,7.552896584606117e-6
408,10,7.552895854523456e-6
408,12,7.552896403417719e-6
408,14,7.552895785245539e-6
408,17,7.5528956484660625e-6
408,18,7.552894552453893e-6
408,21,7.552895480600341e-6
408,22,7.552895833207174e-6
408,23,7.552895190165998e-6
408,24,7.552895915807767e-6
408,27,7.552895966433937e-6
408,29,7.552895415763317e-6
408,2,7.552895668005988e-6
408,6,7.55289702691897e-6
408,7,7.552895530338333e-6
408,8,7.5528967045102036e-6
409,10,7.552895367801682e-6
409,12,7.5528958598525264e-6
409,14,7.552896375884188e-6
409,17,7.552896033935497e-6
409,18,7.552895814555427e-6
409,21,7.552896385654151e-6
409,22,7.552895955775796e-6
409,23,7.5528958092263565e-6
409,24,7.552895920248659e-6
409,27,7.55289585807617e-6
409,29,7.55289538556525e-6
409,2,7.552895572970897e-6
409,6,7.552895286977446e-6
409,7,7.552896383877794e-6
409,8,7.552896669871245e-6
410,10,7.552896174267687e-6
410,12,7.5528959593285094e-6
410,14,7.552896089890737e-6
410,17,7.552894225604234e-6
410,18,7.552895636919743e-6
410,21,7.55289591403141e-6
410,22,7.5528960525872435e-6
410,23,7.552895048057451e-6
410,24,7.5528956378079215e-6
410,27,7.552894553342071e-6
410,29,7.552896342133408e-6
410,2,7.5528956209325315e-6
410,6,7.552895332274545e-6
410,7,7.552895595175357e-6
410,8,7.552895813667249e-6
411,10,7.552896043705459e-6
411,12,7.5528963403570515e-6
411,14,7.552895300300122e-6
411,17,7.552898150464671e-6
411,18,7.55289613341148e-6
411,21,7.55289887610644e-6
411,22,7.552896266638243e-6
411,23,7.552894970785928e-6
411,24,7.5528961076543055e-6
411,27,7.552896365226047e-6
411,29,7.552894497386831e-6
411,2,7.552896131635123e-6
411,6,7.5528955996162495e-6
411,7,7.5528953331627235e-6
411,8,7.55289648157742e-6
412,10,7.5528954326387066e-6
412,12,7.552895680440486e-6
412,14,7.552895330498188e-6
412,17,7.552896454932068e-6
412,18,7.552896365226047e-6
412,21,7.552897013596294e-6
412,22,7.552894940587862e-6
412,23,7.552895985085684e-6
412,24,7.552895930018622e-6
412,27,7.55289584120078e-6
412,29,7.552897900886535e-6
412,2,7.552895205265031e-6
412,6,7.5528964567084245e-6
412,7,7.552895910478696e-6
412,8,7.55289498677314e-6
413,10,7.55289552056837e-6
413,12,7.552896001072895e-6
413,14,7.552895395335213e-6
413,17,7.552896564178013e-6
413,18,7.552870187055305e-6
413,21,7.552896364337869e-6
413,22,7.5528960143955715e-6
413,23,7.552896144957799e-6
413,24,7.552895818996319e-6
413,27,7.5528956440251704e-6
413,29,7.552895215034994e-6
413,2,7.552895769258328e-6
413,6,7.552895477935806e-6
413,7,7.552896339468873e-6
413,8,7.552893162454666e-6
414,10,7.552896011731036e-6
414,12,7.552895777251933e-6
414,14,7.5528965286508765e-6
414,17,7.552891023721031e-6
414,18,7.552895352702649e-6
414,21,7.552896228446571e-6
414,22,7.552897256069002e-6
414,23,7.552897071327891e-6
414,24,7.55289532961001e-6
414,27,7.552896589047009e-6
414,29,7.552895649354241e-6
414,2,7.552896068574455e-6
414,6,7.552896218676608e-6
414,7,7.552894871309945e-6
414,8,7.5528968608296054e-6
415,10,7.55289701004358e-6
415,12,7.552895678664129e-6
415,14,7.552896038376389e-6
415,17,7.552896541973553e-6
415,18,7.5528958536352775e-6
415,21,7.552896000184717e-6
415,22,7.552896375884188e-6
415,23,7.55289620091304e-6
415,24,7.5528958980441985e-6
415,27,7.552895962881223e-6
415,29,7.5528973244587405e-6
415,2,7.552895220364064e-6
415,6,7.5528961858140065e-6
415,7,7.5528934475599385e-6
415,8,7.552897011819937e-6
416,10,7.552896177820401e-6
416,12,7.552896394535935e-6
416,14,7.552896491347383e-6
416,17,7.552896330587089e-6
416,18,7.552895918472302e-6
416,21,7.552895818996319e-6
416,22,7.552896094331629e-6
416,23,7.552895780804647e-6
416,24,7.552895341156329e-6
416,27,7.552895855411634e-6
416,29,7.552895237239454e-6
416,2,7.552895622708888e-6
416,6,7.552895401552462e-6
416,7,7.55289579590368e-6
416,8,7.55289582432539e-6
417,10,7.552897169027517e-6
417,12,7.552894515150399e-6
417,14,7.552896590823366e-6
417,17,7.552896229334749e-6
417,18,7.552895892715128e-6
417,21,7.552895903373269e-6
417,22,7.5528956102743905e-6
417,23,7.552896446938462e-6
417,24,7.552895713303087e-6
417,27,7.5528950302938824e-6
417,29,7.552895653795133e-6
417,2,7.552893826812124e-6
417,6,7.55289632436984e-6
417,7,7.552895471718557e-6
417,8,7.552897791640589e-6
418,10,7.5528928231705095e-6
418,12,7.552895883833344e-6
418,14,7.552896303941736e-6
418,17,7.552896558848943e-6
418,18,7.552896083673488e-6
418,21,7.552895850082564e-6
418,22,7.552894853546377e-6
418,23,7.5528954699422e-6
418,24,7.552895822549033e-6
418,27,7.552895922025016e-6
418,29,7.5528958474180286e-6
418,2,7.552894951246003e-6
418,6,7.552896356344263e-6
418,7,7.552897135276737e-6
418,8,7.552894999207638e-6
419,10,7.552897431928329e-6
419,12,7.552895801232751e-6
419,14,7.552895230134027e-6
419,17,7.552894645712627e-6
419,18,7.552895705309481e-6
419,21,7.552895265661164e-6
419,22,7.552895163520645e-6
419,23,7.552896758689087e-6
419,24,7.552896221341143e-6
419,27,7.552895789686431e-6
419,29,7.552897004714509e-6
419,2,7.55289654374991e-6
419,6,7.552895636031565e-6
419,7,7.552896328810732e-6
419,8,7.552895740836618e-6
420,10,7.5528968821458875e-6
420,12,7.552897132612202e-6
420,14,7.552897713480888e-6
420,17,7.55289555431915e-6
420,18,7.552896136964193e-6
420,21,7.552895635143386e-6
420,22,7.55289404263948e-6
420,23,7.5528958474180286e-6
420,24,7.552895406881532e-6
420,27,7.5528971086313845e-6
420,29,7.552896079232596e-6
420,2,7.552896623685967e-6
420,6,7.552896377660545e-6
420,7,7.5528969762928e-6
420,8,7.552895530338333e-6
421,10,7.55289670628656e-6
421,12,7.552896783558083e-6
421,14,7.552895636031565e-6
421,17,7.552896355456085e-6
421,18,7.552895338491794e-6
421,21,7.552895713303087e-6
421,22,7.552897399953906e-6
421,23,7.552895741724797e-6
421,24,7.552895989526576e-6
421,27,7.55289580745e-6
421,29,7.5528973413341305e-6
421,2,7.552895922025016e-6
421,6,7.552896149398691e-6
421,7,7.5528954219805655e-6
421,8,7.552896004625609e-6
422,10,7.5528959087023395e-6
422,12,7.552896390983221e-6
422,14,7.552895607609855e-6
422,17,7.552896670759424e-6
422,18,7.552896674312137e-6
422,21,7.552895490370304e-6
422,22,7.552894889073514e-6
422,23,7.552896620133254e-6
422,24,7.552895746165689e-6
422,27,7.552898436458122e-6
422,29,7.552897955953597e-6
422,2,7.55289510490087e-6
422,6,7.55289540244064e-6
422,7,7.5528951448688986e-6
422,8,7.552896115647911e-6
423,10,7.552895992191111e-6
423,12,7.552896877704995e-6
423,14,7.552896026830069e-6
423,17,7.552895564977291e-6
423,18,7.552896610363291e-6
423,21,7.5528967213855935e-6
423,22,7.552896216012073e-6
423,23,7.5528960250537125e-6
423,24,7.552895310958263e-6
423,27,7.552895739060261e-6
423,29,7.5528964611493166e-6
423,2,7.552896953200161e-6
423,6,7.552895090690015e-6
423,7,7.552895444185026e-6
423,8,7.552894832230095e-6
424,10,7.552896564178013e-6
424,12,7.552895595175357e-6
424,14,7.552895530338333e-6
424,17,7.5528963465743004e-6
424,18,7.552896678753029e-6
424,21,7.552895987750219e-6
424,22,7.552895927354086e-6
424,23,7.552895985085684e-6
424,24,7.552895884721522e-6
424,27,7.552896449602997e-6
424,29,7.552895217699529e-6
424,2,7.552897058893393e-6
424,6,7.552896331475267e-6
424,7,7.552895279872018e-6
424,8,7.552896794216224e-6
425,10,7.5528965393090175e-6
425,12,7.552895668894166e-6
425,14,7.552896699181133e-6
425,17,7.552895321616404e-6
425,18,7.552896392759578e-6
425,21,7.552895393558856e-6
425,22,7.552895298523765e-6
425,23,7.552896327034375e-6
425,24,7.552895967322115e-6
425,27,7.5528949414760405e-6
425,29,7.552893864115617e-6
425,2,7.552896165385903e-6
425,6,7.552895641360635e-6
425,7,7.552896188478542e-6
425,8,7.552895838536244e-6
426,10,7.55289618403765e-6
426,12,7.552896106766127e-6
426,14,7.552896870599568e-6
426,17,7.552895390894321e-6
426,18,7.552895749718402e-6
426,21,7.55289481269017e-6
426,22,7.552895894491485e-6
426,23,7.552896249762853e-6
426,24,7.552895619156175e-6
426,27,7.5528960525872435e-6
426,29,7.552893271700611e-6
426,2,7.552895987750219e-6
426,6,7.552895675111415e-6
426,7,7.552895718632158e-6
426,8,7.552895249673952e-6
427,10,7.552896191143077e-6
427,12,7.552896770235407e-6
427,14,7.552896327034375e-6
427,17,7.552895835871709e-6
427,18,7.5528957541592945e-6
427,21,7.552899176310746e-6
427,22,7.552895822549033e-6
427,23,7.552896623685967e-6
427,24,7.552895468165843e-6
427,27,7.552894079942973e-6
427,29,7.552888907191857e-6
427,2,7.552895395335213e-6
427,6,7.552895888274236e-6
427,7,7.552895865181597e-6
427,8,7.552897480778142e-6
428,10,7.552893694473539e-6
428,12,7.5528969709637295e-6
428,14,7.552894248696873e-6
428,17,7.552896444273927e-6
428,18,7.5528962231175e-6
428,21,7.552895010753957e-6
428,22,7.5528968759286386e-6
428,23,7.552895816331784e-6
428,24,7.552894878415373e-6
428,27,7.552895795015502e-6
428,29,7.552893846352049e-6
428,2,7.552894945028754e-6
428,6,7.552895712414909e-6
428,7,7.552896072127169e-6
428,8,7.552896151175048e-6
429,10,7.552898040330547e-6
429,12,7.552894857987269e-6
429,14,7.552895310958263e-6
429,17,7.552895649354241e-6
429,18,7.55289589715602e-6
429,21,7.552895834983531e-6
429,22,7.5528960739035256e-6
429,23,7.552896657436747e-6
429,24,7.5528960143955715e-6
429,27,7.552895343820865e-6
429,29,7.552893999118737e-6
429,2,7.552895825213568e-6
429,6,7.5528956546833115e-6
429,7,7.552895586293573e-6
429,8,7.5528958429771365e-6
430,10,7.552896362561512e-6
430,12,7.5528961627213675e-6
430,14,7.552896084561667e-6
430,17,7.552896140516907e-6
430,18,7.552895314510977e-6
430,21,7.5528958261017465e-6
430,22,7.552896337692516e-6
430,23,7.552895357143541e-6
430,24,7.552895966433937e-6
430,27,7.5528955489900795e-6
430,29,7.552890437523274e-6
430,2,7.552895722184871e-6
430,6,7.552895006313065e-6
430,7,7.552896078344418e-6
430,8,7.552896398088649e-6
431,10,7.552895286977446e-6
431,12,7.552896044593638e-6
431,14,7.552895882945165e-6
431,17,7.552895683105021e-6
431,18,7.552895712414909e-6
431,21,7.552896338580695e-6
431,22,7.552895667117809e-6
431,23,7.5528956990922325e-6
431,24,7.552896226670214e-6
431,27,7.552895215923172e-6
431,29,7.55289688658678e-6
431,2,7.552895948670368e-6
431,6,7.552895426421458e-6
431,7,7.552900784801864e-6
431,8,7.55290569909306e-6
432,10,7.552898271256936e-6
432,12,7.552895480600341e-6
432,14,7.5528962959481305e-6
432,17,7.55289599840836e-6
432,18,7.552896123641517e-6
432,21,7.5528967320437346e-6
432,22,7.552896254203745e-6
432,23,7.55289570619766e-6
432,24,7.552895854523456e-6
432,27,7.552895569418183e-6
432,29,7.552894635942664e-6
432,2,7.552895390894321e-6
432,6,7.552896221341143e-6
432,7,7.552886486017485e-6
432,8,7.552896398088649e-6
433,10,7.5528963341398025e-6
433,12,7.5528966281268595e-6
433,14,7.552896533979947e-6
433,17,7.5528962621973506e-6
433,18,7.552896643225893e-6
433,21,7.552896142293264e-6
433,22,7.5528959468940116e-6
433,23,7.552896673423959e-6
433,24,7.552896183149471e-6
433,27,7.552895605833498e-6
433,29,7.552896191143077e-6
433,2,7.552895930018622e-6
433,6,7.552894870421767e-6
433,7,7.552894974338642e-6
433,8,7.552895104012691e-6
434,10,7.552897101525957e-6
434,12,7.552896191143077e-6
434,14,7.552896276408205e-6
434,17,7.5528936251956225e-6
434,18,7.552896100548878e-6
434,21,7.5528962302229274e-6
434,22,7.5528959255777295e-6
434,23,7.552895763929257e-6
434,24,7.552895562312756e-6
434,27,7.552894879303551e-6
434,29,7.552895342932686e-6
434,2,7.5528957648174355e-6
434,6,7.552895441520491e-6
434,7,7.552895817219962e-6
434,8,7.552895543661009e-6
435,10,7.552894680351585e-6
435,12,7.552895823437211e-6
435,14,7.5528960188364636e-6
435,17,7.5528957372839045e-6
435,18,7.552895547213723e-6
435,21,7.552900290086484e-6
435,22,7.5528963678905825e-6
435,23,7.552895393558856e-6
435,24,7.552895516127478e-6
435,27,7.552895636919743e-6
435,29,7.5528967551363735e-6
435,2,7.552896661877639e-6
435,6,7.552896494011918e-6
435,7,7.552896396312292e-6
435,8,7.552895823437211e-6
436,10,7.552895499252088e-6
436,12,7.552895933571335e-6
436,14,7.55289615561594e-6
436,17,7.552899111473721e-6
436,18,7.55289532961001e-6
436,21,7.552896045481816e-6
436,22,7.55289584652985e-6
436,23,7.552894422779843e-6
436,24,7.552895327833653e-6
436,27,7.552895579188146e-6
436,29,7.552895235463097e-6
436,2,7.552893702467145e-6
436,6,7.552895511686586e-6
436,7,7.552896250651031e-6
436,8,7.552895823437211e-6
437,10,7.5528961520632265e-6
437,12,7.552895771922863e-6
437,14,7.55289612186516e-6
437,17,7.552897558049665e-6
437,18,7.5528953464854e-6
437,21,7.5528956715587015e-6
437,22,7.5528958705106675e-6
437,23,7.552896012619215e-6
437,24,7.552895937124049e-6
437,27,7.552895830542639e-6
437,29,7.55289751008803e-6
437,2,7.552895700868589e-6
437,6,7.5528940888247575e-6
437,7,7.552895747053867e-6
437,8,7.552896294171774e-6
438,10,7.552896265750064e-6
438,12,7.55289611653609e-6
438,14,7.5528962515392095e-6
438,17,7.552894954798717e-6
438,18,7.552896166274081e-6
438,21,7.552896325258018e-6
438,22,7.552895508133872e-6
438,23,7.552895319840047e-6
438,24,7.5528925567169836e-6
438,27,7.5528960081783225e-6
438,29,7.552895529450154e-6
438,2,7.552896736484627e-6
438,6,7.5528960188364636e-6
438,7,7.552896896356742e-6
438,8,7.552893708684394e-6
439,10,7.552895886497879e-6
439,12,7.552894976114999e-6
439,14,7.552895877616095e-6
439,17,7.552895484153055e-6
439,18,7.552896681417565e-6
439,21,7.552895088913658e-6
439,22,7.5528955383319385e-6
439,23,7.552895777251933e-6
439,24,7.552895499252088e-6
439,27,7.552894713214187e-6
439,29,7.552895443296848e-6
439,2,7.552896564178013e-6
439,6,7.5528947149905434e-6
439,7,7.55289585807617e-6
439,8,7.5528962684145995e-6
440,10,7.5528956591242036e-6
440,12,7.552895722184871e-6
440,14,7.55289603215914e-6
440,17,7.5528963172644126e-6
440,18,7.5528946430480914e-6
440,21,7.552896420293109e-6
440,22,7.5528960632453845e-6
440,23,7.552897161033911e-6
440,24,7.552895934459514e-6
440,27,7.552896075679882e-6
440,29,7.552896521545449e-6
440,2,7.552896426510358e-6
440,6,7.552895961993045e-6
440,7,7.552895437967777e-6
440,8,7.552895408657889e-6
441,10,7.552896520657271e-6
441,12,7.552896036600032e-6
441,14,7.552895508133872e-6
441,17,7.552895578299967e-6
441,18,7.55289502052392e-6
441,21,7.552896269302778e-6
441,22,7.552896613916005e-6
441,23,7.5528956591242036e-6
441,24,7.552895198159604e-6
441,27,7.552895550766436e-6
441,29,7.552896081008953e-6
441,2,7.552895856299813e-6
441,6,7.552896043705459e-6
441,7,7.552895741724797e-6
441,8,7.552896062357206e-6
442,10,7.552895905149626e-6
442,12,7.552897058893393e-6
442,14,7.552895903373269e-6
442,17,7.55289498677314e-6
442,18,7.552894783380282e-6
442,21,7.55289656595437e-6
442,22,7.552896737372805e-6
442,23,7.55289573994844e-6
442,24,7.552895281648375e-6
442,27,7.552895818108141e-6
442,29,7.552896794216224e-6
442,2,7.552896188478542e-6
442,6,7.552896503781881e-6
442,7,7.552895698204054e-6
442,8,7.552896136076015e-6
443,10,7.552895693763162e-6
443,12,7.552896325258018e-6
443,14,7.552895736395726e-6
443,17,7.552895294082873e-6
443,18,7.552895652018776e-6
443,21,7.552896219564786e-6
443,22,7.552896794216224e-6
443,23,7.552895607609855e-6
443,24,7.552896345686122e-6
443,27,7.552896293283595e-6
443,29,7.5528939955660235e-6
443,2,7.552895821660854e-6
443,6,7.5528955383319385e-6
443,7,7.552896084561667e-6
443,8,7.552896663653996e-6
444,10,7.552895874063381e-6
444,12,7.5528951448688986e-6
444,14,7.552895687545913e-6
444,17,7.55289598153297e-6
444,18,7.5528967320437346e-6
444,21,7.55289618403765e-6
444,22,7.55289425047323e-6
444,23,7.552895723961228e-6
444,24,7.5528960463699946e-6
444,27,7.552895933571335e-6
444,29,7.552895851858921e-6
444,2,7.552895552542793e-6
444,6,7.55289649312374e-6
444,7,7.5528962408810685e-6
444,8,7.552896319040769e-6
445,10,7.552895590734465e-6
445,12,7.5528944103453455e-6
445,14,7.552895321616404e-6
445,17,7.552895471718557e-6
445,18,7.552895490370304e-6
445,21,7.552896092555272e-6
445,22,7.552896695628419e-6
445,23,7.552896327922554e-6
445,24,7.552894584428316e-6
445,27,7.552895112006297e-6
445,29,7.552896406970433e-6
445,2,7.552895628926137e-6
445,6,7.552895713303087e-6
445,7,7.552895519680192e-6
445,8,7.552896165385903e-6
446,10,7.552896249762853e-6
446,12,7.552896260420994e-6
446,14,7.552895587181752e-6
446,17,7.552894743412253e-6
446,18,7.552896811979792e-6
446,21,7.55289608278531e-6
446,22,7.55289582432539e-6
446,23,7.552895962881223e-6
446,24,7.552895548101901e-6
446,27,7.552895639584278e-6
446,29,7.552894872198124e-6
446,2,7.552895828766282e-6
446,6,7.552897282714355e-6
446,7,7.5528974026184414e-6
446,8,7.5528971086313845e-6
447,10,7.5528953056291925e-6
447,12,7.552896589047009e-6
447,14,7.552895710638552e-6
447,17,7.5528960463699946e-6
447,18,7.5528962071302885e-6
447,21,7.55289574527751e-6
447,22,7.552894712326008e-6
447,23,7.55289656595437e-6
447,24,7.5528951022363344e-6
447,27,7.552895314510977e-6
447,29,7.552897647755685e-6
447,2,7.55289440768081e-6
447,6,7.5528961351878365e-6
447,7,7.552895926465908e-6
447,8,7.552896019724642e-6
448,10,7.55289550369298e-6
448,12,7.55289608278531e-6
448,14,7.552896879481352e-6
448,17,7.5528959193604805e-6
448,18,7.552895796791859e-6
448,21,7.5528959362358705e-6
448,22,7.552895290530159e-6
448,23,7.55289661658054e-6
448,24,7.552895817219962e-6
448,27,7.552895752382938e-6
448,29,7.552895730178477e-6
448,2,7.552896428286715e-6
448,6,7.552895156415218e-6
448,7,7.552896426510358e-6
448,8,7.552895861628883e-6
449,10,7.55289517240243e-6
449,12,7.552892681950141e-6
449,14,7.55289675158366e-6
449,17,7.552895350926292e-6
449,18,7.552896367002404e-6
449,21,7.552896144957799e-6
449,22,7.552895207929566e-6
449,23,7.55289572840212e-6
449,24,7.552895922913194e-6
449,27,7.55289490239619e-6
449,29,7.552896022389177e-6
449,2,7.55289616716226e-6
449,6,7.552895996632003e-6
449,7,7.5528965153282e-6
449,8,7.5528959309068e-6
450,10,7.552896021500999e-6
450,12,7.552895276319305e-6
450,14,7.552895835871709e-6
450,17,7.552896422069466e-6
450,18,7.552895587181752e-6
450,21,7.552895717743979e-6
450,22,7.5528956102743905e-6
450,23,7.552895196383247e-6
450,24,7.552896021500999e-6
450,27,7.552895202600496e-6
450,29,7.552895805673643e-6
450,2,7.552895116447189e-6
450,6,7.552896469142922e-6
450,7,7.552895484153055e-6
450,8,7.552895657347847e-6
451,10,7.5528956209325315e-6
451,12,7.5528954006642834e-6
451,14,7.552895602280785e-6
451,17,7.552895326945475e-6
451,18,7.552896525986341e-6
451,21,7.552896468254744e-6
451,22,7.55289643095125e-6
451,23,7.552896309270807e-6
451,24,7.552895393558856e-6
451,27,7.552891891471347e-6
451,29,7.552897120177704e-6
451,2,7.552895680440486e-6
451,6,7.552895970874829e-6
451,7,7.552896490459204e-6
451,8,7.552895690210448e-6
452,10,7.5528958642934185e-6
452,12,7.5528957541592945e-6
452,14,7.552896426510358e-6
452,17,7.552896309270807e-6
452,18,7.5528957310666556e-6
452,21,7.552895523232905e-6
452,22,7.552895691098627e-6
452,23,7.552895805673643e-6
452,24,7.552896013507393e-6
452,27,7.552895956663974e-6
452,29,7.5528967382609835e-6
452,2,7.552897120177704e-6
452,6,7.5528954450732044e-6
452,7,7.5528956715587015e-6
452,8,7.5528962231175e-6
453,10,7.552896812867971e-6
453,12,7.552895539220117e-6
453,14,7.552895011642136e-6
453,17,7.5528955827408595e-6
453,18,7.552895712414909e-6
453,21,7.552897029583505e-6
453,22,7.5528960188364636e-6
453,23,7.552896094331629e-6
453,24,7.552895776363755e-6
453,27,7.5528949858849614e-6
453,29,7.552896085449845e-6
453,2,7.5528957879100744e-6
453,6,7.552895800344572e-6
453,7,7.552895056939235e-6
453,8,7.552896012619215e-6
454,10,7.552896443385748e-6
454,12,7.552895791462788e-6
454,14,7.552895379348001e-6
454,17,7.552894389917242e-6
454,18,7.5528945204794695e-6
454,21,7.5528953562553625e-6
454,22,7.5528969647464805e-6
454,23,7.552895789686431e-6
454,24,7.552896170714973e-6
454,27,7.552894805584742e-6
454,29,7.552896663653996e-6
454,2,7.552895668005988e-6
454,6,7.552896081897131e-6
454,7,7.552895988638397e-6
454,8,7.552896878593174e-6
455,10,7.552896033935497e-6
455,12,7.552896044593638e-6
455,14,7.552896264861886e-6
455,17,7.552895818108141e-6
455,18,7.552895898932377e-6
455,21,7.552896096107986e-6
455,22,7.552896558848943e-6
455,23,7.552897050899787e-6
455,24,7.552896601481507e-6
455,27,7.552896221341143e-6
455,29,7.552895440632312e-6
455,2,7.552895683993199e-6
455,6,7.5528948588754474e-6
455,7,7.552896047258173e-6
455,8,7.552896136076015e-6
456,10,7.552897132612202e-6
456,12,7.552894772722141e-6
456,14,7.552895691098627e-6
456,17,7.5528945204794695e-6
456,18,7.552895502804802e-6
456,21,7.552895094242729e-6
456,22,7.552895087137301e-6
456,23,7.552896386542329e-6
456,24,7.552895780804647e-6
456,27,7.552896675200316e-6
456,29,7.552896214235716e-6
456,2,7.552895940676763e-6
456,6,7.552896446938462e-6
456,7,7.552895885609701e-6
456,8,7.552896064133563e-6
457,10,7.552896510887308e-6
457,12,7.552895713303087e-6
457,14,7.552892052231641e-6
457,17,7.552895307405549e-6
457,18,7.552896000184717e-6
457,21,7.552896033935497e-6
457,22,7.552895158191575e-6
457,23,7.5528970473470736e-6
457,24,7.55289474518861e-6
457,27,7.552896336804338e-6
457,29,7.552899596419138e-6
457,2,7.552896001961074e-6
457,6,7.5528960694626335e-6
457,7,7.552895650242419e-6
457,8,7.552894251361408e-6
458,10,7.55289527898384e-6
458,12,7.55289575682383e-6
458,14,7.552883220185436e-6
458,17,7.552895882945165e-6
458,18,7.552896091667094e-6
458,21,7.5528957479420455e-6
458,22,7.552896803098008e-6
458,23,7.552896191143077e-6
458,24,7.552895056939235e-6
458,27,7.552895476159449e-6
458,29,7.552890836315385e-6
458,2,7.5528960739035256e-6
458,6,7.552897080209675e-6
458,7,7.5528970704397125e-6
458,8,7.552947526967557e-6
459,10,7.55289549836391e-6
459,12,7.552896475360171e-6
459,14,7.552894572881996e-6
459,17,7.552896040152746e-6
459,18,7.5528964504911755e-6
459,21,7.552896027718248e-6
459,22,7.5528956759995935e-6
459,23,7.552896079232596e-6
459,24,7.552894887297157e-6
459,27,7.552894764728535e-6
459,29,7.552889620399128e-6
459,2,7.552896504670059e-6
459,6,7.552896503781881e-6
459,7,7.552895950446725e-6
459,8,7.5528962240056785e-6
460,10,7.552896033935497e-6
460,12,7.552895396223391e-6
460,14,7.552898392937379e-6
460,17,7.552896176044044e-6
460,18,7.55289553744376e-6
460,21,7.552895707974017e-6
460,22,7.552896948759269e-6
460,23,7.552895407769711e-6
460,24,7.552895619156175e-6
460,27,7.552896428286715e-6
460,29,7.552897002049974e-6
460,2,7.552895421092387e-6
460,6,7.552895461948594e-6
460,7,7.552895052498343e-6
460,8,7.552895471718557e-6
461,10,7.552896708062917e-6
461,12,7.552895767481971e-6
461,14,7.552896017060107e-6
461,17,7.552896342133408e-6
461,18,7.552895505469337e-6
461,21,7.5528964886828476e-6
461,22,7.552894991214032e-6
461,23,7.5528960081783225e-6
461,24,7.5528954495140965e-6
461,27,7.552895506357515e-6
461,29,7.552897547391524e-6
461,2,7.55289654907898e-6
461,6,7.552894787821174e-6
461,7,7.552897243634504e-6
461,8,7.552895435303242e-6
462,10,7.552896347462479e-6
462,12,7.552895550766436e-6
462,14,7.552895600504428e-6
462,17,7.552895922913194e-6
462,18,7.552895818996319e-6
462,21,7.552895993079289e-6
462,22,7.552895080031874e-6
462,23,7.5528954113224245e-6
462,24,7.552896804874365e-6
462,27,7.552894926377007e-6
462,29,7.5528932761415035e-6
462,2,7.552895044504737e-6
462,6,7.55289623999289e-6
462,7,7.55289684128968e-6
462,8,7.552895595175357e-6
463,10,7.55289728537889e-6
463,12,7.552896039264567e-6
463,14,7.552895147533434e-6
463,17,7.552896910567597e-6
463,18,7.5528968208615765e-6
463,21,7.552896146734156e-6
463,22,7.552896427398537e-6
463,23,7.552894730977755e-6
463,24,7.552895264772985e-6
463,27,7.552894959239609e-6
463,29,7.55289607123899e-6
463,2,7.552896986062763e-6
463,6,7.55289536868986e-6
463,7,7.552895313622798e-6
463,8,7.552895793239145e-6
464,10,7.5528946368308425e-6
464,12,7.552895475271271e-6
464,14,7.552895755047473e-6
464,17,7.552897182350193e-6
464,18,7.55289653220359e-6
464,21,7.552897740126241e-6
464,22,7.5528963785487235e-6
464,23,7.552895516127478e-6
464,24,7.552896250651031e-6
464,27,7.552896658324926e-6
464,29,7.55289536868986e-6
464,2,7.552895759488365e-6
464,6,7.5528955933990005e-6
464,7,7.552895795015502e-6
464,8,7.552896025941891e-6
465,10,7.552896098772521e-6
465,12,7.552895590734465e-6
465,14,7.552896205353932e-6
465,17,7.5528956591242036e-6
465,18,7.552896527762698e-6
465,21,7.552895890050593e-6
465,22,7.5528952061532095e-6
465,23,7.552897079321497e-6
465,24,7.552895765705614e-6
465,27,7.552896474471993e-6
465,29,7.552895698204054e-6
465,2,7.552895700868589e-6
465,6,7.55289550369298e-6
465,7,7.55289580745e-6
465,8,7.552896435392142e-6
466,10,7.55289725162811e-6
466,12,7.552896013507393e-6
466,14,7.552896318152591e-6
466,17,7.552895332274545e-6
466,18,7.552894991214032e-6
466,21,7.552895875839738e-6
466,22,7.552895147533434e-6
466,23,7.552895889162414e-6
466,24,7.552895021412098e-6
466,27,7.552895996632003e-6
466,29,7.552895645801527e-6
466,2,7.552896797768938e-6
466,6,7.55289507115009e-6
466,7,7.5528955152393e-6
466,8,7.552896269302778e-6
467,10,7.552897073992426e-6
467,12,7.552896309270807e-6
467,14,7.552896778229012e-6
467,17,7.552896777340834e-6
467,18,7.552897429263794e-6
467,21,7.552896295059952e-6
467,22,7.552895588958108e-6
467,23,7.552894857099091e-6
467,24,7.552895932683157e-6
467,27,7.5528955996162495e-6
467,29,7.552896612139648e-6
467,2,7.552896074791704e-6
467,6,7.552894501827723e-6
467,7,7.552896081897131e-6
467,8,7.552896827967004e-6
468,10,7.552896214235716e-6
468,12,7.552895494811196e-6
468,14,7.552896520657271e-6
468,17,7.552896445162105e-6
468,18,7.552895662676917e-6
468,21,7.552895725737585e-6
468,22,7.552896156504119e-6
468,23,7.552894940587862e-6
468,24,7.552896365226047e-6
468,27,7.552895712414909e-6
468,29,7.552895707974017e-6
468,2,7.552896345686122e-6
468,6,7.552895453954989e-6
468,7,7.552895354479006e-6
468,8,7.552896930107522e-6
469,10,7.55289560494532e-6
469,12,7.552895866069775e-6
469,14,7.5528960632453845e-6
469,17,7.552895523232905e-6
469,18,7.552894956575074e-6
469,21,7.55289570619766e-6
469,22,7.5528966281268595e-6
469,23,7.552896272855492e-6
469,24,7.5528948082492775e-6
469,27,7.55289533493908e-6
469,29,7.552896195583969e-6
469,2,7.552895883833344e-6
469,6,7.552896119200625e-6
469,7,7.552895852747099e-6
469,8,7.5528956591242036e-6
470,10,7.552896431839429e-6
470,12,7.552894756734929e-6
470,14,7.5528962852899895e-6
470,17,7.5528948464409496e-6
470,18,7.552895008089422e-6
470,21,7.552897046458895e-6
470,22,7.552896292395417e-6
470,23,7.552895722184871e-6
470,24,7.5528974239347235e-6
470,27,7.552897113072277e-6
470,29,7.5528961520632265e-6
470,2,7.552895746165689e-6
470,6,7.5528954726067354e-6
470,7,7.552896668094888e-6
470,8,7.55289599840836e-6
471,10,7.552895141316185e-6
471,12,7.552894420115308e-6
471,14,7.552896502893702e-6
471,17,7.552898096285787e-6
471,18,7.552895517903835e-6
471,21,7.5529032486088e-6
471,22,7.552896382989616e-6
471,23,7.552898821039378e-6
471,24,7.552896382101437e-6
471,27,7.552895722184871e-6
471,29,7.552896186702185e-6
471,2,7.552895985085684e-6
471,6,7.5528960463699946e-6
471,7,7.552896089002559e-6
471,8,7.5528950240766335e-6
472,10,7.5528933711765944e-6
472,12,7.5528958873860574e-6
472,14,7.552897040241646e-6
472,17,7.5528953669135035e-6
472,18,7.552895390894321e-6
472,21,7.552896690299349e-6
472,22,7.552896597040615e-6
472,23,7.5528957479420455e-6
472,24,7.552895293194695e-6
472,27,7.55289643095125e-6
472,29,7.552895342932686e-6
472,2,7.55289589715602e-6
472,6,7.55289607123899e-6
472,7,7.5528957097503735e-6
472,8,7.552897245410861e-6
473,10,7.5528960463699946e-6
473,12,7.552895548101901e-6
473,14,7.552896458484781e-6
473,17,7.552895674223237e-6
473,18,7.552897328899633e-6
473,21,7.552896199136683e-6
473,22,7.5528956102743905e-6
473,23,7.552896362561512e-6
473,24,7.5528957985682155e-6
473,27,7.55289579057461e-6
473,29,7.552898662055441e-6
473,2,7.552896200024861e-6
473,6,7.552894511597685e-6
473,7,7.552895067597376e-6
473,8,7.552895454843167e-6
474,10,7.552898719787038e-6
474,12,7.55289558806993e-6
474,14,7.552896100548878e-6
474,17,7.5528965286508765e-6
474,18,7.552895280760197e-6
474,21,7.552896730267378e-6
474,22,7.552896529539055e-6
474,23,7.5528960188364636e-6
474,24,7.5528955720827184e-6
474,27,7.552895944229476e-6
474,29,7.552895978868435e-6
474,2,7.5528964842419555e-6
474,6,7.5528958598525264e-6
474,7,7.552895309181906e-6
474,8,7.552895618267996e-6
475,10,7.552897827167726e-6
475,12,7.5528955720827184e-6
475,14,7.552895804785464e-6
475,17,7.552896568618905e-6
475,18,7.552896512663665e-6
475,21,7.552896491347383e-6
475,22,7.552896418516752e-6
475,23,7.552895440632312e-6
475,24,7.552895204376853e-6
475,27,7.552895482376698e-6
475,29,7.552895977980256e-6
475,2,7.552896119200625e-6
475,6,7.552896050810887e-6
475,7,7.552895625373424e-6
475,8,7.552895379348001e-6
476,10,7.5528921925638315e-6
476,12,7.552895787021896e-6
476,14,7.552895629814316e-6
476,17,7.552895899820555e-6
476,18,7.552898566132171e-6
476,21,7.55289517240243e-6
476,22,7.552896754248195e-6
476,23,7.552896061469028e-6
476,24,7.552895860740705e-6
476,27,7.552895605833498e-6
476,29,7.552895667117809e-6
476,2,7.552894639495378e-6
476,6,7.552895088913658e-6
476,7,7.552895484153055e-6
476,8,7.552895976203899e-6
477,10,7.552896598816972e-6
477,12,7.552895758600187e-6
477,14,7.5528962231175e-6
477,17,7.552895907814161e-6
477,18,7.552896691187527e-6
477,21,7.552896293283595e-6
477,22,7.5528943108693625e-6
477,23,7.552896034823675e-6
477,24,7.552895922913194e-6
477,27,7.55289591403141e-6
477,29,7.55289610498977e-6
477,2,7.552896897244921e-6
477,6,7.5528943321856445e-6
477,7,7.552895218587707e-6
477,8,7.552896576612511e-6
478,10,7.552896204465753e-6
478,12,7.552895349149935e-6
478,14,7.5528962408810685e-6
478,17,7.552895776363755e-6
478,18,7.55289548681759e-6
478,21,7.552895662676917e-6
478,22,7.552896446938462e-6
478,23,7.5528959468940116e-6
478,24,7.55289589715602e-6
478,27,7.5528963741078314e-6
478,29,7.552896681417565e-6
478,2,7.55289575682383e-6
478,6,7.552895949558547e-6
478,7,7.552895996632003e-6
478,8,7.552895321616404e-6
479,10,7.55289555431915e-6
479,12,7.5528956040571416e-6
479,14,7.552896907014883e-6
479,17,7.552895615603461e-6
479,18,7.552895828766282e-6
479,21,7.552915638697755e-6
479,22,7.552893467988042e-6
479,23,7.552894765616713e-6
479,24,7.55289642562218e-6
479,27,7.55289527898384e-6
479,29,7.552896541973553e-6
479,2,7.552896576612511e-6
479,6,7.55289652687452e-6
479,7,7.5528965117754865e-6
479,8,7.552896017060107e-6
480,10,7.552895135098936e-6
480,12,7.552896933660236e-6
480,14,7.552895872287024e-6
480,17,7.552895457507702e-6
480,18,7.552895725737585e-6
480,21,7.552896134299658e-6
480,22,7.552895670670523e-6
480,23,7.55289535181447e-6
480,24,7.552896012619215e-6
480,27,7.5528975065353166e-6
480,29,7.552895084472766e-6
480,2,7.552896883922244e-6
480,6,7.552895924689551e-6
480,7,7.552894380147279e-6
480,8,7.55289539711157e-6
481,10,7.5528954495140965e-6
481,12,7.5528954832648765e-6
481,14,7.552895782581004e-6
481,17,7.552896146734156e-6
481,18,7.5528963785487235e-6
481,21,7.552896661877639e-6
481,22,7.552895907814161e-6
481,23,7.552896316376234e-6
481,24,7.552895601392606e-6
481,27,7.552895742612975e-6
481,29,7.5528962515392095e-6
481,2,7.552896092555272e-6
481,6,7.55289632436984e-6
481,7,7.552896049922708e-6
481,8,7.552896406970433e-6
482,10,7.5528956884340914e-6
482,12,7.552896815532506e-6
482,14,7.552895596063536e-6
482,17,7.552896044593638e-6
482,18,7.552895135987114e-6
482,21,7.552896062357206e-6
482,22,7.552896305718093e-6
482,23,7.55289728537889e-6
482,24,7.552895200824139e-6
482,27,7.552895095130907e-6
482,29,7.552895549878258e-6
482,2,7.552897045570717e-6
482,6,7.552895620044353e-6
482,7,7.552894848217306e-6
482,8,7.55289499210221e-6
483,10,7.552896502005524e-6
483,12,7.552895318951869e-6
483,14,7.552895232798562e-6
483,17,7.552894896178941e-6
483,18,7.552895358031719e-6
483,21,7.552896160056832e-6
483,22,7.55289558806993e-6
483,23,7.552895415763317e-6
483,24,7.5528955170156564e-6
483,27,7.552895296747408e-6
483,29,7.552895381124358e-6
483,2,7.552895822549033e-6
483,6,7.5528950684855545e-6
483,7,7.55289706066975e-6
483,8,7.552896413187682e-6
484,10,7.552896287066346e-6
484,12,7.55289596465758e-6
484,14,7.55289582432539e-6
484,17,7.552896844842394e-6
484,18,7.552895609386212e-6
484,21,7.552896503781881e-6
484,22,7.552896656548569e-6
484,23,7.552895911366875e-6
484,24,7.552895670670523e-6
484,27,7.552896319928948e-6
484,29,7.552895545437366e-6
484,2,7.55289573994844e-6
484,6,7.552895990414754e-6
484,7,7.552894336626537e-6
484,8,7.552895890938771e-6
485,10,7.552896819973398e-6
485,12,7.552895906037804e-6
485,14,7.552896703622025e-6
485,17,7.552895878504273e-6
485,18,7.55289516085611e-6
485,21,7.552896640561357e-6
485,22,7.552896038376389e-6
485,23,7.552895954887617e-6
485,24,7.552894966345036e-6
485,27,7.552895993967468e-6
485,29,7.552896151175048e-6
485,2,7.552895232798562e-6
485,6,7.5528965668425485e-6
485,7,7.552895413098781e-6
485,8,7.552896521545449e-6
486,10,7.552896263085529e-6
486,12,7.552896489571026e-6
486,14,7.5528965455262664e-6
486,17,7.552896053475422e-6
486,18,7.55289594778219e-6
486,21,7.552895403328819e-6
486,22,7.55289567244688e-6
486,23,7.55289480114385e-6
486,24,7.552896625462324e-6
486,27,7.552896490459204e-6
486,29,7.552895366025325e-6
486,2,7.5528960801207745e-6
486,6,7.552895748830224e-6
486,7,7.552895283424732e-6
486,8,7.552896771123585e-6
487,10,7.552895274542948e-6
487,12,7.552895966433937e-6
487,14,7.552896296836309e-6
487,17,7.55289658282976e-6
487,18,7.552896299500844e-6
487,21,7.55289630749445e-6
487,22,7.552895650242419e-6
487,23,7.552895443296848e-6
487,24,7.5528955552073285e-6
487,27,7.552895791462788e-6
487,29,7.552895437079599e-6
487,2,7.5528955552073285e-6
487,6,7.552896339468873e-6
487,7,7.552895776363755e-6
487,8,7.552896593487901e-6
488,10,7.552895763041079e-6
488,12,7.552894870421767e-6
488,14,7.552894651929876e-6
488,17,7.552895111118119e-6
488,18,7.5528962026893964e-6
488,21,7.55289639720047e-6
488,22,7.552895900708734e-6
488,23,7.552895833207174e-6
488,24,7.552896711615631e-6
488,27,7.552894529361254e-6
488,29,7.552895622708888e-6
488,2,7.552895270102056e-6
488,6,7.5528965837179385e-6
488,7,7.552889694117937e-6
488,8,7.552897478113607e-6
489,10,7.552896043705459e-6
489,12,7.552895691986805e-6
489,14,7.552896454043889e-6
489,17,7.552896344797944e-6
489,18,7.552896152951405e-6
489,21,7.55289570619766e-6
489,22,7.552897011819937e-6
489,23,7.552897463014574e-6
489,24,7.552895090690015e-6
489,27,7.552897112184098e-6
489,29,7.552896919449381e-6
489,2,5.664672240612845e-6
489,6,7.552895557871864e-6
489,7,7.552896631679573e-6
489,8,7.552896036600032e-6
490,10,7.552895199935961e-6
490,12,7.552896127194231e-6
490,14,7.552894741635896e-6
490,17,7.552896271079135e-6
490,18,7.552896291507238e-6
490,21,7.552895896267842e-6
490,22,7.552895609386212e-6
490,23,7.552895416651495e-6
490,24,7.552895658236025e-6
490,27,7.552896154727762e-6
490,29,7.5528961902548986e-6
490,2,7.552896462925673e-6
490,6,7.552895818996319e-6
490,7,7.552895342932686e-6
490,8,7.552895730178477e-6
491,10,7.55289508802548e-6
491,12,7.552894689233369e-6
491,14,7.552895929130443e-6
491,17,7.552896523321806e-6
491,18,7.552896653884034e-6
491,21,5.664672003469207e-6
491,22,7.552896801321651e-6
491,23,7.5528925460588425e-6
491,24,7.552896739149162e-6
491,27,7.552895965545758e-6
491,29,5.6646723374242924e-6
491,2,7.552897596241337e-6
491,6,7.552896091667094e-6
491,7,7.552895326057296e-6
491,8,7.552896804874365e-6
492,10,7.552896336804338e-6
492,12,7.552895453954989e-6
492,14,7.552896263973707e-6
492,17,7.5528949858849614e-6
492,18,7.552896477136528e-6
492,21,7.552896208018467e-6
492,22,7.552895477935806e-6
492,23,7.55289507647916e-6
492,24,7.552895679552307e-6
492,27,7.552897063334285e-6
492,29,7.552896677864851e-6
492,2,7.552895240792168e-6
492,6,5.6646719990283145e-6
492,7,7.5528943046521135e-6
492,8,7.552895563200934e-6
493,10,7.552895494811196e-6
493,12,7.552895392670678e-6
493,14,7.552895993967468e-6
493,17,7.552896784446261e-6
493,18,7.5528963954241135e-6
493,21,5.66467200702192e-6
493,22,7.552896390095043e-6
493,23,7.552895335827259e-6
493,24,7.5528958705106675e-6
493,27,7.552895789686431e-6
493,29,7.552895851858921e-6
493,2,7.552897522522528e-6
493,6,7.552897293372496e-6
493,7,7.552895723961228e-6
493,8,7.552896474471993e-6
494,10,7.55289759446498e-6
494,12,7.552895990414754e-6
494,14,7.552895666229631e-6
494,17,7.552895746165689e-6
494,18,7.552896525986341e-6
494,21,7.5528967551363735e-6
494,22,7.55289517240243e-6
494,23,7.55289532961001e-6
494,24,7.55289485177002e-6
494,27,7.552896345686122e-6
494,29,7.552896143181442e-6
494,2,7.5528960250537125e-6
494,6,7.55289541931603e-6
494,7,7.552898621199233e-6
494,8,7.552895323392761e-6
495,10,7.552896949647447e-6
495,12,7.552895960216688e-6
495,14,7.552896547302623e-6
495,17,7.5528942389269105e-6
495,18,7.55289524523306e-6
495,21,7.5528950453929156e-6
495,22,7.5528956164916394e-6
495,23,7.552896096107986e-6
495,24,7.552895619156175e-6
495,27,7.55289466081166e-6
495,29,7.552896057916314e-6
495,2,7.5528970704397125e-6
495,6,7.552894764728535e-6
495,7,7.552896572171619e-6
495,8,7.552896846618751e-6
496,10,7.552896483353777e-6
496,12,7.552895760376543e-6
496,14,7.5528955552073285e-6
496,17,7.552895357143541e-6
496,18,7.5528957816928255e-6
496,21,7.552895285201089e-6
496,22,7.5528942495850515e-6
496,23,7.552895768370149e-6
496,24,7.552895825213568e-6
496,27,7.552896309270807e-6
496,29,7.552896083673488e-6
496,2,7.552895916695945e-6
496,6,7.552896944318377e-6
496,7,7.552896148510513e-6
496,8,7.552896211571181e-6
497,10,7.552895831430817e-6
497,12,7.552894898843476e-6
497,14,7.552895541884652e-6
497,17,7.552896183149471e-6
497,18,5.6646715798081004e-6
497,21,7.552894068396654e-6
497,22,7.552897118401347e-6
497,23,7.552895658236025e-6
497,24,7.552896039264567e-6
497,27,7.552895270990234e-6
497,29,7.552895556095507e-6
497,2,7.552896084561667e-6
497,6,7.552896335916159e-6
497,7,7.552895393558856e-6
497,8,7.552896371443296e-6
498,10,7.552895971763007e-6
498,12,7.552896127194231e-6
498,14,7.552895804785464e-6
498,17,7.55289557119454e-6
498,18,7.5528957266257635e-6
498,21,7.552894696338797e-6
498,22,7.552895274542948e-6
498,23,7.552896139628729e-6
498,24,7.552895287865624e-6
498,27,7.5528954113224245e-6
498,29,7.552895108453583e-6
498,2,7.5528956440251704e-6
498,6,7.5528945204794695e-6
498,7,7.552895898932377e-6
498,8,7.552896136964193e-6
499,10,7.552895780804647e-6
499,12,7.552897525187063e-6
499,14,7.55289623999289e-6
499,17,7.552897715257245e-6
499,18,7.552896098772521e-6
499,21,7.552896595264258e-6
499,22,7.552895361584433e-6
499,23,7.552896931883879e-6
499,24,7.552895712414909e-6
499,27,7.552897202778297e-6
499,29,7.5528963785487235e-6
499,2,7.552896325258018e-6
499,6,7.5528958749515596e-6
499,7,7.552894779827568e-6
499,8,7.552895457507702e-6
500,10,7.552894945028754e-6
500,12,7.5528959806447915e-6
500,14,7.552896844842394e-6
500,17,7.5528955383319385e-6
500,18,7.552895222140421e-6
500,21,7.552895879392452e-6
500,22,7.552896671647602e-6
500,23,7.552896147622334e-6
500,24,7.552895710638552e-6
500,27,7.55289570619766e-6
500,29,7.55289707754514e-6
500,2,7.552895290530159e-6
500,6,7.552894217610628e-6
500,7,7.552895910478696e-6
500,8,7.552894929929721e-6
501,10,7.552897583806839e-6
501,12,7.55289695941741e-6
501,14,7.552895111118119e-6
501,17,7.552895128881687e-6
501,18,7.552894302875757e-6
501,21,7.552896074791704e-6
501,22,7.552896736484627e-6
501,23,7.552896369666939e-6
501,24,7.5528958429771365e-6
501,27,7.552895884721522e-6
501,29,5.664671676619548e-6
501,2,7.552895456619524e-6
501,6,7.552894668805266e-6
501,7,7.552896303053558e-6
501,8,7.552895067597376e-6
502,10,7.552896282625454e-6
502,12,7.552895622708888e-6
502,14,7.55289612186516e-6
502,17,7.552895649354241e-6
502,18,7.552895422868744e-6
502,21,7.552897599794051e-6
502,22,7.55289625686828e-6
502,23,7.552895647577884e-6
502,24,7.552895683105021e-6
502,27,7.552896041040924e-6
502,29,7.552896698292955e-6
502,2,7.55289538556525e-6
502,6,7.552896463813852e-6
502,7,7.55289612186516e-6
502,8,7.552895994855646e-6
503,10,7.552894521367648e-6
503,12,7.552896637896822e-6
503,14,7.5528955996162495e-6
503,17,7.552895437967777e-6
503,18,7.552896181373114e-6
503,21,7.552896294171774e-6
503,22,7.552894961904144e-6
503,23,7.5528954219805655e-6
503,24,7.552896344797944e-6
503,27,7.552897034912576e-6
503,29,7.55289623999289e-6
503,2,7.55289670628656e-6
503,6,7.552895426421458e-6
503,7,7.552896205353932e-6
503,8,7.552896827967004e-6
504,10,7.552896040152746e-6
504,12,7.552895843865315e-6
504,14,7.552896108542484e-6
504,17,7.552894882856265e-6
504,18,7.55289569465134e-6
504,21,7.552895642248814e-6
504,22,7.552897216989152e-6
504,23,7.552896432727607e-6
504,24,7.5528960357118535e-6
504,27,7.552896366114226e-6
504,29,7.552896460261138e-6
504,2,7.5528968546123565e-6
504,6,7.552896208906645e-6
504,7,7.5528945586711416e-6
504,8,7.5528960250537125e-6
505,10,7.5528970917559946e-6
505,12,7.55289713350038e-6
505,14,7.552895590734465e-6
505,17,7.55289532961001e-6
505,18,7.552895645801527e-6
505,21,7.552895805673643e-6
505,22,7.552892647311182e-6
505,23,7.552896048146351e-6
505,24,7.552896197360326e-6
505,27,7.552896972740086e-6
505,29,7.552896579277046e-6
505,2,7.552895414875138e-6
505,6,7.552896128970588e-6
505,7,7.552897519857993e-6
505,8,7.552897222318222e-6
506,10,7.552892077100637e-6
506,12,7.5528952505621305e-6
506,14,7.552895471718557e-6
506,17,7.5528962302229274e-6
506,18,7.5528949796677125e-6
506,21,7.55289598153297e-6
506,22,7.552895744389332e-6
506,23,7.552895650242419e-6
506,24,7.55289580745e-6
506,27,5.66467171481122e-6
506,29,7.5528956315906726e-6
506,2,7.552895587181752e-6
506,6,7.552896045481816e-6
506,7,7.552896012619215e-6
506,8,7.5528969762928e-6
507,10,7.552895309181906e-6
507,12,7.552896029494605e-6
507,14,7.552896533979947e-6
507,17,7.5528959309068e-6
507,18,7.552895458395881e-6
507,21,7.552895843865315e-6
507,22,7.55289610498977e-6
507,23,7.55289543086235e-6
507,24,7.552895422868744e-6
507,27,7.552897273832571e-6
507,29,7.552897069551534e-6
507,2,7.552896475360171e-6
507,6,5.664671672178656e-6
507,7,7.552895124440795e-6
507,8,7.552895476159449e-6
508,10,7.552895806561821e-6
508,12,7.552896006401966e-6
508,14,7.552897399953906e-6
508,17,7.5528964842419555e-6
508,18,7.552895450402275e-6
508,21,7.552895628037959e-6
508,22,7.552896457596603e-6
508,23,7.552895617379818e-6
508,24,7.552895579188146e-6
508,27,7.552894224716056e-6
508,29,7.55289330633957e-6
508,2,7.552896414964039e-6
508,6,7.55289406484394e-6
508,7,7.552896880369531e-6
508,8,7.552893732665211e-6
509,10,7.5528966387850005e-6
509,12,7.5528968714877465e-6
509,14,7.552896094331629e-6
509,17,7.552895828766282e-6
509,18,7.552894961904144e-6
509,21,7.5528961458459776e-6
509,22,7.552895818996319e-6
509,23,7.552895252338487e-6
509,24,7.552895653795133e-6
509,27,7.552893850792941e-6
509,29,7.552895707974017e-6
509,2,7.552894875750837e-6
509,6,7.552895843865315e-6
509,7,7.5528961964721475e-6
509,8,7.552897233864542e-6
510,10,7.552895877616095e-6
510,12,7.552895602280785e-6
510,14,7.5528967382609835e-6
510,17,7.552895040063845e-6
510,18,7.552896714280166e-6
510,21,7.55289648157742e-6
510,22,7.552895961993045e-6
510,23,7.552896301277201e-6
510,24,7.552895056939235e-6
510,27,7.5528931153812096e-6
510,29,7.552895718632158e-6
510,2,7.552896426510358e-6
510,6,7.5528955596482206e-6
510,7,7.5528954388559555e-6
510,8,7.552897438145578e-6
511,10,7.552895111118119e-6
511,12,7.552896684970278e-6
511,14,7.552896922113916e-6
511,17,7.552895382900715e-6
511,18,7.552895707974017e-6
511,21,7.552895813667249e-6
511,22,7.552895550766436e-6
511,23,7.55289512710533e-6
511,24,7.5528925904677635e-6
511,27,5.66467161355888e-6
511,29,7.552896406970433e-6
511,2,7.552895566753648e-6
511,6,7.552893342754885e-6
511,7,7.552896295059952e-6
511,8,7.55289679066351e-6
512,10,7.552896094331629e-6
512,12,7.5528961076543055e-6
512,14,7.552896220452965e-6
512,17,7.552895309181906e-6
512,18,7.552895258555736e-6
512,21,7.552897610452192e-6
512,22,7.5528949583514304e-6
512,23,7.552895018747563e-6
512,24,7.5528954877057686e-6
512,27,7.552897014484472e-6
512,29,7.5528958980441985e-6
512,2,7.552895799456394e-6
512,6,7.552895262996628e-6
512,7,7.552894772722141e-6
512,8,7.552896421181288e-6
513,10,7.5528960694626335e-6
513,12,7.552895868734311e-6
513,14,7.552895823437211e-6
513,17,7.552896021500999e-6
513,18,7.552895771922863e-6
513,21,7.552896362561512e-6
513,22,7.5528972862670685e-6
513,23,7.552895590734465e-6
513,24,7.552895343820865e-6
513,27,7.552895884721522e-6
513,29,7.552895779916469e-6
513,2,7.55289538023618e-6
513,6,7.552895141316185e-6
513,7,7.5528954699422e-6
513,8,7.552899628393561e-6
514,10,5.664672046101771e-6
514,12,7.552896524209984e-6
514,14,7.552896440721213e-6
514,17,7.552895957552153e-6
514,18,7.552895391782499e-6
514,21,7.552896186702185e-6
514,22,7.552896010842858e-6
514,23,7.552896608586934e-6
514,24,7.552896752471838e-6
514,27,7.552896435392142e-6
514,29,7.552895215923172e-6
514,2,7.552896573947976e-6
514,6,7.55289611653609e-6
514,7,7.552895598728071e-6
514,8,7.552895933571335e-6
515,10,7.5528961964721475e-6
515,12,7.5528956928749835e-6
515,14,7.552896095219808e-6
515,17,7.552895712414909e-6
515,18,7.552896263085529e-6
515,21,7.552896353679728e-6
515,22,7.552896095219808e-6
515,23,7.55289608278531e-6
515,24,7.552896767570871e-6
515,27,7.552896914120311e-6
515,29,7.552895755047473e-6
515,2,7.552896991391833e-6
515,6,7.552896466478387e-6
515,7,7.5528954557313455e-6
515,8,7.552899052853945e-6
516,10,5.6646720771880155e-6
516,12,7.552896291507238e-6
516,14,7.55289598153297e-6
516,17,7.552895779916469e-6
516,18,7.552894741635896e-6
516,21,7.552896293283595e-6
516,22,7.552895669782345e-6
516,23,7.552895345597221e-6
516,24,7.552896264861886e-6
516,27,7.5528958642934185e-6
516,29,7.552895350926292e-6
516,2,7.5528965393090175e-6
516,6,7.5528958811688085e-6
516,7,7.55289649845281e-6
516,8,7.552896479801063e-6
517,10,7.552895698204054e-6
517,12,7.552896131635123e-6
517,14,7.55289545306681e-6
517,17,7.55289569465134e-6
517,18,7.55289545306681e-6
517,21,7.552894738971361e-6
517,22,7.5528965011173455e-6
517,23,7.5528960739035256e-6
517,24,7.5528960081783225e-6
517,27,7.55289533493908e-6
517,29,7.552895529450154e-6
517,2,7.552895725737585e-6
517,6,7.552896233775641e-6
517,7,7.5528942113933795e-6
517,8,7.552896419404931e-6
518,10,7.552895653795133e-6
518,12,7.552897029583505e-6
518,14,7.552895868734311e-6
518,17,7.552895766593792e-6
518,18,7.552896193807612e-6
518,21,7.552896533979947e-6
518,22,7.552893681150863e-6
518,23,7.5528965286508765e-6
518,24,7.552895973539364e-6
518,27,7.552897946183634e-6
518,29,7.552896639673179e-6
518,2,7.55289608811438e-6
518,6,7.552895635143386e-6
518,7,7.552896597040615e-6
518,8,7.552897608675835e-6
519,10,7.552894844664593e-6
519,12,7.5528957754755766e-6
519,14,7.552895683105021e-6
519,17,7.552896883922244e-6
519,18,7.55289473364229e-6
519,21,7.55289575682383e-6
519,22,7.552896381213259e-6
519,23,7.552895334050902e-6
519,24,7.552895744389332e-6
519,27,7.552896724938307e-6
519,29,7.552895731954834e-6
519,2,7.552897121954061e-6
519,6,7.552895596951714e-6
519,7,7.552895087137301e-6
519,8,7.552896897244921e-6
520,10,7.5528957479420455e-6
520,12,7.5528966894111704e-6
520,14,7.552896033047318e-6
520,17,5.664672107386082e-6
520,18,7.552895928242265e-6
520,21,7.552896645890428e-6
520,22,7.5528957435011534e-6
520,23,7.552897173468409e-6
520,24,7.552895701756768e-6
520,27,7.5528993983553505e-6
520,29,7.552896188478542e-6
520,2,7.552896862605962e-6
520,6,7.552895772811041e-6
520,7,7.552895270990234e-6
520,8,7.552896245321961e-6
521,10,7.552895950446725e-6
521,12,7.552896348350657e-6
521,14,7.55289635812062e-6
521,17,7.552895230134027e-6
521,18,7.5528956759995935e-6
521,21,7.552895866957954e-6
521,22,7.55289500364853e-6
521,23,7.552895540108295e-6
521,24,7.552895523232905e-6
521,27,7.552894875750837e-6
521,29,7.552905555208156e-6
521,2,7.552895625373424e-6
521,6,7.552896668983067e-6
521,7,7.552894434326163e-6
521,8,7.5528963172644126e-6
522,10,7.552895433526885e-6
522,12,7.552897075768783e-6
522,14,7.552896287066346e-6
522,17,5.664672028338202e-6
522,18,7.552896517104557e-6
522,21,7.5528967000693115e-6
522,22,7.552895966433937e-6
522,23,7.552894521367648e-6
522,24,7.552895851858921e-6
522,27,7.552895789686431e-6
522,29,7.552895882056987e-6
522,2,7.552899327301077e-6
522,6,7.55289509335455e-6
522,7,7.552895669782345e-6
522,8,7.5528966556603905e-6
523,10,7.552895589846287e-6
523,12,7.552895972651186e-6
523,14,7.552896454043889e-6
523,17,7.552897463014574e-6
523,18,7.552896137852372e-6
523,21,7.55289673470827e-6
523,22,7.552896673423959e-6
523,23,7.552895645801527e-6
523,24,7.552895097795442e-6
523,27,7.55289454268393e-6
523,29,7.552896349238836e-6
523,2,7.552895429974171e-6
523,6,7.5528962684145995e-6
523,7,7.552895995743825e-6
523,8,7.552895825213568e-6
524,10,7.55289591403141e-6
524,12,7.552895678664129e-6
524,14,7.552896229334749e-6
524,17,7.552895175066965e-6
524,18,5.664671199667737e-6
524,21,7.552897508311673e-6
524,22,7.5528956884340914e-6
524,23,7.552895698204054e-6
524,24,5.664671063776439e-6
524,27,7.5528963465743004e-6
524,29,7.552896108542484e-6
524,2,7.5528951510861475e-6
524,6,7.55289612186516e-6
524,7,7.552895730178477e-6
524,8,7.552896838625145e-6
525,10,7.5528958198844975e-6
525,12,7.552895595175357e-6
525,14,7.552895369578039e-6
525,17,7.5528955765236105e-6
525,18,7.552896066798098e-6
525,21,7.552896070350812e-6
525,22,7.552896605922399e-6
525,23,7.552895596951714e-6
525,24,7.552895831430817e-6
525,27,7.552895531226511e-6
525,29,7.552895427309636e-6
525,2,7.552896443385748e-6
525,6,7.552895771922863e-6
525,7,7.552895907814161e-6
525,8,7.552892115292309e-6
526,10,7.552896567730727e-6
526,12,7.552895511686586e-6
526,14,7.55289298570716e-6
526,17,7.552895522344727e-6
526,18,7.552894700779689e-6
526,21,7.552895643136992e-6
526,22,7.552896029494605e-6
526,23,7.552894127904608e-6
526,24,7.552895840312601e-6
526,27,7.552895414875138e-6
526,29,7.552896565066192e-6
526,2,7.55289646470203e-6
526,6,7.552896360785155e-6
526,7,7.5528957372839045e-6
526,8,7.552896487794669e-6
527,10,7.552896263973707e-6
527,12,7.552894378370922e-6
527,14,7.552895968210294e-6
527,17,7.552895893603306e-6
527,18,7.552894685680656e-6
527,21,7.552896122753339e-6
527,22,5.664671710370328e-6
527,23,7.55289753850974e-6
527,24,7.552894428997092e-6
527,27,7.552895395335213e-6
527,29,7.552896144957799e-6
527,2,7.552895989526576e-6
527,6,7.5528950072012435e-6
527,7,7.552895697315876e-6
527,8,7.55289552056837e-6
528,10,7.552895951334904e-6
528,12,5.664671886229655e-6
528,14,7.552893382722914e-6
528,17,7.552895742612975e-6
528,18,7.5528938578983684e-6
528,21,7.552896192031255e-6
528,22,7.552895099571799e-6
528,23,7.5529052327993895e-6
528,24,7.552895366025325e-6
528,27,7.552897947959991e-6
528,29,7.5528948970671195e-6
528,2,5.66467198481746e-6
528,6,7.552896216012073e-6
528,7,7.5528959868620404e-6
528,8,7.552895758600187e-6
529,10,7.552895484153055e-6
529,12,7.552896342133408e-6
529,14,5.6646721215969364e-6
529,17,7.552895371354396e-6
529,18,7.5528966174687184e-6
529,21,7.552896210683002e-6
529,22,7.552896119200625e-6
529,23,7.552895491258482e-6
529,24,7.552896105877949e-6
529,27,7.5528966450022494e-6
529,29,7.552895162632467e-6
529,2,7.5528915557399046e-6
529,6,7.5528941607672095e-6
529,7,7.552896540197196e-6
529,8,7.5528963296989104e-6
530,10,7.5528968546123565e-6
530,12,7.5528955658654695e-6
530,14,7.5528964016413624e-6
530,17,7.55289538556525e-6
530,18,7.552896076568061e-6
530,21,7.552895989526576e-6
530,22,7.552896187590363e-6
530,23,7.552895541884652e-6
530,24,5.664672044325414e-6
530,27,5.6646717832009585e-6
530,29,7.552895916695945e-6
530,2,5.6646717236930044e-6
530,6,7.5528960188364636e-6
530,7,7.552897892004751e-6
530,8,7.5528965330917686e-6
531,10,7.55289560494532e-6
531,12,7.552895063156484e-6
531,14,7.552895313622798e-6
531,17,7.552896066798098e-6
531,18,7.552896675200316e-6
531,21,7.552895732843012e-6
531,22,7.552895993079289e-6
531,23,7.5528962515392095e-6
531,24,7.552895230134027e-6
531,27,7.552898261486973e-6
531,29,7.552895719520336e-6
531,2,7.552894900619833e-6
531,6,7.552895651130598e-6
531,7,7.552895838536244e-6
531,8,7.552896486018312e-6
532,10,7.5528946643643735e-6
532,12,7.5528957266257635e-6
532,14,7.5528959149195884e-6
532,17,7.552896200024861e-6
532,18,7.552895715079444e-6
532,21,7.552895234574919e-6
532,22,7.552896232887463e-6
532,23,7.552897121954061e-6
532,24,7.552896272855492e-6
532,27,7.552896598816972e-6
532,29,7.552895872287024e-6
532,2,7.552895074702803e-6
532,6,7.552895450402275e-6
532,7,7.552895955775796e-6
532,8,7.552896551743515e-6
533,10,7.552896119200625e-6
533,12,7.5528956271497805e-6
533,14,7.552895440632312e-6
533,17,7.552896422069466e-6
533,18,7.552895782581004e-6
533,21,5.664671119731679e-6
533,22,7.552896299500844e-6
533,23,7.552894516926756e-6
533,24,7.552895592510822e-6
533,27,7.552895386453429e-6
533,29,7.552895766593792e-6
533,2,7.55289535181447e-6
533,6,7.552896407858611e-6
533,7,7.552895693763162e-6
533,8,7.5528957372839045e-6
534,10,7.552896154727762e-6
534,12,7.552896131635123e-6
534,14,7.552894994766746e-6
534,17,7.552896247098317e-6
534,18,7.552896225782035e-6
534,21,7.552897238305434e-6
534,22,7.552895609386212e-6
534,23,5.664671851590697e-6
534,24,7.552895922913194e-6
534,27,7.5528942051761305e-6
534,29,7.552896277296384e-6
534,2,7.552893811713091e-6
534,6,7.552895590734465e-6
534,7,7.55289562182071e-6
534,8,7.552897177021123e-6
535,10,7.552895999296538e-6
535,12,7.552895505469337e-6
535,14,7.552896128970588e-6
535,17,7.552895614715283e-6
535,18,7.5528965730597974e-6
535,21,7.5528959424531195e-6
535,22,7.552896112983376e-6
535,23,7.552897492324462e-6
535,24,7.5528951786196785e-6
535,27,7.552894171425351e-6
535,29,7.5528977392380625e-6
535,2,7.552895219475886e-6
535,6,7.552895755047473e-6
535,7,7.552895445961383e-6
535,8,7.5528953882297856e-6
536,10,7.552894871309945e-6
536,12,7.552896962970124e-6
536,14,7.552895286089267e-6
536,17,5.664671863137016e-6
536,18,5.6646719333031115e-6
536,21,7.552895642248814e-6
536,22,7.552894865092696e-6
536,23,7.552895944229476e-6
536,24,7.552895769258328e-6
536,27,7.552896343021587e-6
536,29,7.552896466478387e-6
536,2,7.5528937291124976e-6
536,6,7.55289589715602e-6
536,7,7.552895921136837e-6
536,8,7.552896232887463e-6
537,10,7.552896648554963e-6
537,12,7.5528967320437346e-6
537,14,7.552895664453274e-6
537,17,7.5529043312982935e-6
537,18,7.552897949736348e-6
537,21,7.552897113960455e-6
537,22,7.552894113693753e-6
537,23,7.552895725737585e-6
537,24,7.552896305718093e-6
537,27,7.5528954939230175e-6
537,29,7.552896295059952e-6
537,2,5.6646712200958405e-6
537,6,7.552896562401656e-6
537,7,7.552896180484936e-6
537,8,7.5528955214565485e-6
538,10,7.552896191143077e-6
538,12,7.552895612938926e-6
538,14,7.552896660989461e-6
538,17,5.664671919092257e-6
538,18,7.552895000095816e-6
538,21,5.664672258376413e-6
538,22,7.552896702733847e-6
538,23,7.5528952736547694e-6
538,24,7.552895251450309e-6
538,27,7.552896784446261e-6
538,29,5.664671773430996e-6
538,2,7.55289612186516e-6
538,6,7.5528944822877975e-6
538,7,7.552895958440331e-6
538,8,7.552895307405549e-6
539,10,7.552894561335677e-6
539,12,7.55289702691897e-6
539,14,7.5528959913029325e-6
539,17,7.55289572840212e-6
539,18,7.5528968270788255e-6
539,21,7.552896403417719e-6
539,22,7.552895387341607e-6
539,23,7.552895976203899e-6
539,24,7.552895640472457e-6
539,27,7.552895723961228e-6
539,29,7.5528944547542665e-6
539,2,7.552892803630584e-6
539,6,7.55289570619766e-6
539,7,7.552895624485245e-6
539,8,7.552895459284059e-6
540,10,7.552896480689242e-6
540,12,7.552894898843476e-6
540,14,7.552895832318995e-6
540,17,5.664671469673976e-6
540,18,5.6646719777120325e-6
540,21,7.5528963403570515e-6
540,22,7.552891348794333e-6
540,23,7.552894477846905e-6
540,24,7.552896509110951e-6
540,27,7.5528963234816615e-6
540,29,5.664671800964527e-6
540,2,5.664671926197684e-6
540,6,7.5528951848369275e-6
540,7,7.5528964504911755e-6
540,8,7.552899154106285e-6
541,10,7.55289636344969e-6
541,12,7.552897326235097e-6
541,14,7.552896478912885e-6
541,17,7.552892355988661e-6
541,18,7.552893791284987e-6
541,21,7.552896320817126e-6
541,22,5.664671737015681e-6
541,23,7.552896798657116e-6
541,24,7.552897013596294e-6
541,27,7.552896368778761e-6
541,29,7.552896907014883e-6
541,2,7.552895477935806e-6
541,6,7.552896297724487e-6
541,7,7.552895357143541e-6
541,8,7.55289676845905e-6
542,10,7.552895355367184e-6
542,12,7.552897657525648e-6
542,14,7.5528947167669e-6
542,17,5.664671563820889e-6
542,18,7.552896548190802e-6
542,21,7.552896336804338e-6
542,22,7.552894908613439e-6
542,23,7.552900033402921e-6
542,24,5.664672388050462e-6
542,27,7.552896094331629e-6
542,29,7.5528960525872435e-6
542,2,5.664672106497903e-6
542,6,5.6646717618846765e-6
542,7,7.55289555431915e-6
542,8,7.5528963465743004e-6
543,10,7.552895255003023e-6
543,12,7.552897446139184e-6
543,14,7.552895884721522e-6
543,17,7.5528936465119045e-6
543,18,7.552895249673952e-6
543,21,7.552897383078516e-6
543,22,5.664671520300146e-6
543,23,7.552894541795752e-6
543,24,7.552893189988197e-6
543,27,7.552897152152127e-6
543,29,5.664671951954858e-6
543,2,7.5528962746318484e-6
543,6,7.552898003915232e-6
543,7,7.5528956386961e-6
543,8,7.552901999829942e-6
544,10,7.552897516305279e-6
544,12,7.552895882945165e-6
544,14,5.664672268146376e-6
544,17,7.552896178708579e-6
544,18,7.552896512663665e-6
544,21,7.552895652906955e-6
544,22,7.552896982510049e-6
544,23,7.552895014306671e-6
544,24,5.664672122485115e-6
544,27,7.552895006313065e-6
544,29,7.552896051699065e-6
544,2,7.55289646470203e-6
544,6,7.552895869622489e-6
544,7,7.552896417628574e-6
544,8,5.664671739680216e-6
545,10,5.664672162453144e-6
545,12,7.552897056228858e-6
545,14,7.552901026386394e-6
545,17,7.552896513551843e-6
545,18,7.5528966938520625e-6
545,21,7.552895265661164e-6
545,22,5.664671447469516e-6
545,23,7.552897196561048e-6
545,24,7.552896870599568e-6
545,27,7.552894663476195e-6
545,29,7.552896740925519e-6
545,2,7.552896436280321e-6
545,6,7.552896338580695e-6
545,7,7.5528952674375205e-6
545,8,7.552895355367184e-6
546,10,7.552894871309945e-6
546,12,5.664672116267866e-6
546,14,7.552892427931113e-6
546,17,7.552897321794205e-6
546,18,5.664671991922887e-6
546,21,7.55289722942365e-6
546,22,7.5528943934699555e-6
546,23,5.664671938632182e-6
546,24,7.552896400753184e-6
546,27,7.552895478823984e-6
546,29,7.552895434415063e-6
546,2,7.552895640472457e-6
546,6,7.5528941776425995e-6
546,7,7.552896809315257e-6
546,8,7.552895851858921e-6
547,10,7.5528944547542665e-6
547,12,7.55289443610252e-6
547,14,7.5528956102743905e-6
547,17,7.552895153750683e-6
547,18,7.5528959593285094e-6
547,21,5.66467395746173e-6
547,22,7.552896907014883e-6
547,23,7.552897363538591e-6
547,24,7.552895374018931e-6
547,27,7.55289608811438e-6
547,29,7.552896575724333e-6
547,2,7.552895966433937e-6
547,6,7.552894595086457e-6
547,7,7.552896402529541e-6
547,8,7.552897494100819e-6
548,10,7.552895615603461e-6
548,12,7.552897439033757e-6
548,14,7.552895800344572e-6
548,17,7.552895842088958e-6
548,18,7.552897545615167e-6
548,21,7.5528958367598875e-6
548,22,7.552896328810732e-6
548,23,7.552898626528304e-6
548,24,7.5528952123704585e-6
548,27,7.552895193718712e-6
548,29,7.5528955107984075e-6
548,2,7.552896626350503e-6
548,6,7.5528950542747e-6
548,7,7.552894349949213e-6
548,8,5.6646721597886085e-6
549,10,5.664671604677096e-6
549,12,7.552896072127169e-6
549,14,7.552895716855801e-6
549,17,7.552897596241337e-6
549,18,7.5528956386961e-6
549,21,5.664672048766306e-6
549,22,5.664671619776129e-6
549,23,7.552896186702185e-6
549,24,7.552895993967468e-6
549,27,5.664671517635611e-6
549,29,7.552894612850025e-6
549,2,7.552895468165843e-6
549,6,7.552895724849407e-6
549,7,7.552895390006142e-6
549,8,7.552896777340834e-6
550,10,7.5528967320437346e-6
550,12,7.552896533979947e-6
550,14,7.5528965224336275e-6
550,17,7.552897040241646e-6
550,18,7.552896393647757e-6
550,21,7.552894295770329e-6
550,22,7.552898027896049e-6
550,23,7.5528959531112605e-6
550,24,7.552895848306207e-6
550,27,7.552894513374042e-6
550,29,7.552894352613748e-6
550,2,7.552895924689551e-6
550,6,7.552895563200934e-6
550,7,7.552895087137301e-6
550,8,7.552895845641672e-6
551,10,5.664672736216403e-6
551,12,7.552896850171464e-6
551,14,5.66467209139887e-6
551,17,7.552898014573373e-6
551,18,7.552894925488829e-6
551,21,7.552894865092696e-6
551,22,7.552897293372496e-6
551,23,5.664671673955013e-6
551,24,7.5528912084621425e-6
551,27,7.552896327922554e-6
551,29,7.552894123463716e-6
551,2,7.552895972651186e-6
551,6,7.552895046281094e-6
551,7,7.552895673335058e-6
551,8,7.552895839424423e-6
552,10,7.552896406970433e-6
552,12,5.664672318772546e-6
552,14,7.552896310158985e-6
552,17,7.552895788798253e-6
552,18,7.552896629015038e-6
552,21,7.5528964780247065e-6
552,22,5.664672146465932e-6
552,23,7.552896695628419e-6
552,24,7.552897046458895e-6
552,27,7.5528934537771875e-6
552,29,7.5528969816218705e-6
552,2,7.552897063334285e-6
552,6,7.552896043705459e-6
552,7,7.552895732843012e-6
552,8,5.664671638427876e-6
553,10,7.552896383877794e-6
553,12,7.5528957266257635e-6
553,14,7.5528962071302885e-6
553,17,7.552896590823366e-6
553,18,5.664673294880629e-6
553,21,7.552895679552307e-6
553,22,7.552893038109687e-6
553,23,7.552895549878258e-6
553,24,7.55289331166864e-6
553,27,5.66467138884974e-6
553,29,5.6646719945874224e-6
553,2,7.552896774676299e-6
553,6,7.552895729290299e-6
553,7,7.552896095219808e-6
553,8,7.5528946812397635e-6
554,10,7.552895431750528e-6
554,12,7.552895587181752e-6
554,14,7.5528985243877855e-6
554,17,7.5528973688676615e-6
554,18,7.5528956440251704e-6
554,21,7.5528955552073285e-6
554,22,5.664671775207353e-6
554,23,7.5528957372839045e-6
554,24,5.664672011462812e-6
554,27,7.552895759488365e-6
554,29,7.552893774409597e-6
554,2,7.552895475271271e-6
554,6,7.552894333962001e-6
554,7,7.552896284401811e-6
554,8,5.664671967053891e-6
555,10,5.664672223737455e-6
555,12,7.552896093443451e-6
555,14,5.66467171481122e-6
555,17,7.552895365137147e-6
555,18,5.664671771654639e-6
555,21,7.552896142293264e-6
555,22,7.552896764018158e-6
555,23,7.5528953393799725e-6
555,24,7.552896904350348e-6
555,27,5.664671898664153e-6
555,29,7.55289557119454e-6
555,2,7.5528961902548986e-6
555,6,7.552896281737276e-6
555,7,5.6646718444852695e-6
555,8,7.552892531847988e-6
556,10,7.552895188389641e-6
556,12,7.552895372242574e-6
556,14,7.5528947975911365e-6
556,17,7.552894693674261e-6
556,18,7.552894760287643e-6
556,21,7.552895412210603e-6
556,22,7.552895990414754e-6
556,23,7.552895922913194e-6
556,24,7.552897018037186e-6
556,27,7.552898151352849e-6
556,29,7.552894071061189e-6
556,2,7.552895979756613e-6
556,6,7.5528921037459895e-6
556,7,7.55289507115009e-6
556,8,5.66467207452348e-6
557,10,5.664672133143256e-6
557,12,7.552896840401502e-6
557,14,7.552896379436902e-6
557,17,7.552895830542639e-6
557,18,5.664670982064024e-6
557,21,7.552895505469337e-6
557,22,7.552896868823211e-6
557,23,7.552895883833344e-6
557,24,7.552895821660854e-6
557,27,5.66467147322669e-6
557,29,7.552894595086457e-6
557,2,7.552895985085684e-6
557,6,7.5528944929459385e-6
557,7,7.552897007379045e-6
557,8,7.552899267793123e-6
558,10,7.552894555118428e-6
558,12,5.664672036331808e-6
558,14,7.552896435392142e-6
558,17,7.55289541931603e-6
558,18,7.552895513462943e-6
558,21,7.552895761264722e-6
558,22,7.552897147711235e-6
558,23,5.664671877347871e-6
558,24,7.552897041129825e-6
558,27,7.552897750784382e-6
558,29,7.552896117424268e-6
558,2,7.552896658324926e-6
558,6,7.55289687504046e-6
558,7,7.552896326146197e-6
558,8,7.552904162544394e-6
559,10,5.664671913763186e-6
559,12,5.66467270957105e-6
559,14,7.552895435303242e-6
559,17,7.5528954699422e-6
559,18,7.552896861717784e-6
559,21,5.664671085092721e-6
559,22,7.552895630702494e-6
559,23,7.552897110407741e-6
559,24,7.552895512574764e-6
559,27,7.552895340268151e-6
559,29,7.552895783469182e-6
559,2,7.552895065821019e-6
559,6,7.552896508222773e-6
559,7,7.552895642248814e-6
559,8,7.552898586560275e-6
560,10,7.552893650064618e-6
560,12,7.552894849105485e-6
560,14,7.552898467544367e-6
560,17,7.552895304741014e-6
560,18,7.552896144957799e-6
560,21,7.552896067686277e-6
560,22,7.552896764906336e-6
560,23,7.552896652995855e-6
560,24,7.5528951342107575e-6
560,27,7.552906301278028e-6
560,29,7.552897915985568e-6
560,2,7.552894960127787e-6
560,6,7.552896787998975e-6
560,7,7.552895587181752e-6
560,8,7.55289324416708e-6
561,10,7.552893887208256e-6
561,12,5.664671663296872e-6
561,14,7.552896303053558e-6
561,17,7.552896665430353e-6
561,18,7.5528955045811585e-6
561,21,7.552897778317913e-6
561,22,7.552896901685813e-6
561,23,7.552894586204673e-6
561,24,7.5528957621529e-6
561,27,7.552897000273617e-6
561,29,7.552894169648994e-6
561,2,5.664671612670702e-6
561,6,7.552897304030637e-6
561,7,5.664671687277689e-6
561,8,7.552896780893548e-6
562,10,7.5528968102034355e-6
562,12,7.552895445961383e-6
562,14,7.552894970785928e-6
562,17,7.552893825035767e-6
562,18,7.552896211571181e-6
562,21,5.664669891380925e-6
562,22,7.552895420204209e-6
562,23,7.552896369666939e-6
562,24,7.552895943341298e-6
562,27,7.552893656281867e-6
562,29,7.552896264861886e-6
562,2,7.552894893514406e-6
562,6,7.552896034823675e-6
562,7,7.552894527584897e-6
562,8,7.552896654772212e-6
563,10,5.664671702376722e-6
563,12,5.664671462568549e-6
563,14,7.552896668983067e-6
563,17,5.664671578919922e-6
563,18,7.552896022389177e-6
563,21,7.552896385654151e-6
563,22,7.552892127726807e-6
563,23,7.55289683596061e-6
563,24,7.552897907103784e-6
563,27,7.552898240170691e-6
563,29,7.552896237328355e-6
563,2,7.552893197093624e-6
563,6,7.552897080209675e-6
563,7,7.552895989526576e-6
563,8,7.552895733731191e-6
564,10,7.552892189011118e-6
564,12,7.552895124440795e-6
564,14,7.552898705576183e-6
564,17,7.552896308382628e-6
564,18,7.552896300389023e-6
564,21,5.6646719945874224e-6
564,22,7.5528966325677516e-6
564,23,7.552897989704377e-6
564,24,7.552895618267996e-6
564,27,7.55289764509115e-6
564,29,7.552895159079753e-6
564,2,7.55289649312374e-6
564,6,7.552894461859694e-6
564,7,5.664671966165713e-6
564,8,7.5528957204085145e-6
565,10,7.552896409634968e-6
565,12,5.6646717938591e-6
565,14,7.552896761353622e-6
565,17,7.552892356876839e-6
565,18,5.664671798299992e-6
565,21,7.5528962026893964e-6
565,22,7.552895624485245e-6
565,23,7.552895941564941e-6
565,24,7.552895626261602e-6
565,27,7.552895856299813e-6
565,29,7.5528966050342206e-6
565,2,7.5528965775006895e-6
565,6,7.552896570395262e-6
565,7,7.552896605922399e-6
565,8,7.552894400575383e-6
566,10,7.552896085449845e-6
566,12,7.55289579590368e-6
566,14,7.552895174178786e-6
566,17,7.552896161833189e-6
566,18,7.552895524121084e-6
566,21,5.664672014127348e-6
566,22,7.55289728537889e-6
566,23,7.552896382101437e-6
566,24,7.55289585807617e-6
566,27,7.552895892715128e-6
566,29,7.55289527898384e-6
566,2,7.552895499252088e-6
566,6,7.552896151175048e-6
566,7,5.664672498184586e-6
566,8,5.664671671290478e-6
567,10,7.552892515860776e-6
567,12,7.552894661699838e-6
567,14,7.552895563200934e-6
567,17,7.552894524032183e-6
567,18,7.552896462037495e-6
567,21,7.552896177820401e-6
567,22,7.552895954887617e-6
567,23,7.552896651219498e-6
567,24,5.664671787641851e-6
567,27,7.552897725027208e-6
567,29,7.552896603257864e-6
567,2,7.552895951334904e-6
567,6,7.552895866069775e-6
567,7,7.552894760287643e-6
567,8,7.552895830542639e-6
568,10,7.552895344709043e-6
568,12,7.55289603215914e-6
568,14,7.55289615561594e-6
568,17,7.552896170714973e-6
568,18,7.5528976015704075e-6
568,21,5.664671811622668e-6
568,22,7.552896938101128e-6
568,23,7.552894030204982e-6
568,24,7.5528950898018365e-6
568,27,5.664671891558726e-6
568,29,7.552896644114071e-6
568,2,7.552896005513787e-6
568,6,7.552894669693444e-6
568,7,7.5528958918269495e-6
568,8,7.552893438678154e-6
569,10,5.6646715904662415e-6
569,12,7.552895580076324e-6
569,14,7.552893698026253e-6
569,17,7.552895175955143e-6
569,18,7.552896220452965e-6
569,21,7.55289548681759e-6
569,22,7.552896979845514e-6
569,23,7.552896661877639e-6
569,24,5.664672045213592e-6
569,27,7.552893404927374e-6
569,29,7.552894578211067e-6
569,2,7.552895485929412e-6
569,6,7.552895078255517e-6
569,7,7.55289675691273e-6
569,8,5.664672141136862e-6
570,10,7.552893815265804e-6
570,12,7.552896422069466e-6
570,14,7.55289672316195e-6
570,17,5.66467211982058e-6
570,18,7.552896449602997e-6
570,21,7.552896091667094e-6
570,22,7.5528969878391194e-6
570,23,7.552894252249587e-6
570,24,7.552896514440022e-6
570,27,5.664671384408848e-6
570,29,7.552895646689706e-6
570,2,7.552895584517216e-6
570,6,7.5528950409520235e-6
570,7,7.55289654374991e-6
570,8,7.552896487794669e-6
571,10,5.664671892446904e-6
571,12,7.5528950791436955e-6
571,14,7.552896494011918e-6
571,17,7.552898861007407e-6
571,18,7.552895640472457e-6
571,21,7.552896125417874e-6
571,22,7.552896544638088e-6
571,23,7.552895636031565e-6
571,24,7.552898376950168e-6
571,27,7.5528937184543565e-6
571,29,7.5528982916850396e-6
571,2,7.552894097706542e-6
571,6,7.552895651130598e-6
571,7,5.664671947513966e-6
571,8,5.664672236171953e-6
572,10,7.552894508044972e-6
572,12,7.552896192919434e-6
572,14,5.664671924421327e-6
572,17,7.5528962897308816e-6
572,18,7.552895615603461e-6
572,21,7.552895198159604e-6
572,22,7.55289762821576e-6
572,23,7.55289610498977e-6
572,24,7.552896405194076e-6
572,27,7.552895888274236e-6
572,29,7.552896128082409e-6
572,2,7.552892399509403e-6
572,6,7.5528943765945655e-6
572,7,7.552898318330392e-6
572,8,7.552897050899787e-6
573,10,5.664671621552486e-6
573,12,7.552895022300277e-6
573,14,7.5528942833358315e-6
573,17,7.552895663565096e-6
573,18,7.552896151175048e-6
573,21,7.552896006401966e-6
573,22,7.552896157392297e-6
573,23,5.6646723374242924e-6
573,24,7.552897300477923e-6
573,27,7.5528951954950685e-6
573,29,7.552896153839583e-6
573,2,7.552895249673952e-6
573,6,7.552895763929257e-6
573,7,5.664671421712342e-6
573,8,7.552896674312137e-6
574,10,7.552896930107522e-6
574,12,7.552894535578503e-6
574,14,7.552894389029063e-6
574,17,7.552893278806039e-6
574,18,7.5528956102743905e-6
574,21,7.552896139628729e-6
574,22,7.552894536466681e-6
574,23,7.552898400042807e-6
574,24,7.552896746254589e-6
574,27,7.5528965330917686e-6
574,29,7.552896502005524e-6
574,2,7.5528947025560456e-6
574,6,7.5528963847659725e-6
574,7,7.552896457596603e-6
574,8,5.6646722148556705e-6
575,10,5.6646721384723264e-6
575,12,5.664672418248529e-6
575,14,7.552898294349575e-6
575,17,7.552896605922399e-6
575,18,7.552895353590827e-6
575,21,5.66467203544363e-6
575,22,7.5528941776425995e-6
575,23,7.552896178708579e-6
575,24,7.552894707885116e-6
575,27,7.55289450893315e-6
575,29,7.552894926377007e-6
575,2,7.552896320817126e-6
575,6,7.552895822549033e-6
575,7,5.664672197092102e-6
575,8,7.552896105877949e-6
576,10,7.552895985973862e-6
576,12,7.552896468254744e-6
576,14,7.552898425799981e-6
576,17,7.552896422069466e-6
576,18,7.552896112095198e-6
576,21,7.552895338491794e-6
576,22,5.664672389826819e-6
576,23,7.55289558806993e-6
576,24,7.5528963234816615e-6
576,27,7.5528965224336275e-6
576,29,5.664671514971076e-6
576,2,7.552892739681738e-6
576,6,7.552895747053867e-6
576,7,7.552894565776569e-6
576,8,5.6646730000053935e-6
577,10,7.5528955720827184e-6
577,12,5.664671444804981e-6
577,14,7.552895008089422e-6
577,17,7.5528961689386165e-6
577,18,7.5528965286508765e-6
577,21,7.552895595175357e-6
577,22,7.552896569507084e-6
577,23,5.6646718995523315e-6
577,24,5.664672380945035e-6
577,27,7.552895551654615e-6
577,29,7.5528895981946675e-6
577,2,7.552895918472302e-6
577,6,7.552896173379509e-6
577,7,7.5528952443448816e-6
577,8,7.552891279516416e-6
578,10,7.552894815354705e-6
578,12,7.552893860562904e-6
578,14,5.664672046101771e-6
578,17,5.664671991922887e-6
578,18,7.552895173290608e-6
578,21,5.664671897775975e-6
578,22,7.5528923977330464e-6
578,23,7.552894776274854e-6
578,24,7.5528929182056e-6
578,27,7.552895771922863e-6
578,29,5.664671955507572e-6
578,2,5.664671494542972e-6
578,6,5.6646717618846765e-6
578,7,7.552895732843012e-6
578,8,5.664673473404491e-6
579,10,7.552894667028909e-6
579,12,5.664672141136862e-6
579,14,7.552896194695791e-6
579,17,7.552893727336141e-6
579,18,5.664672076299837e-6
579,21,7.5528962684145995e-6
579,22,7.552896175155865e-6
579,23,5.66467195106668e-6
579,24,7.552895531226511e-6
579,27,7.552894793150244e-6
579,29,7.552896564178013e-6
579,2,7.552893203310873e-6
579,6,7.552896443385748e-6
579,7,5.664672865890452e-6
579,8,7.552895657347847e-6
580,10,7.552895371354396e-6
580,12,7.552896136964193e-6
580,14,5.6646715842489925e-6
580,17,5.66467142260052e-6
580,18,7.552893465323507e-6
580,21,7.552894478735084e-6
580,22,7.552896163609546e-6
580,23,7.552895898932377e-6
580,24,7.552895580076324e-6
580,27,7.55289784759583e-6
580,29,7.552896333251624e-6
580,2,5.664672106497903e-6
580,6,7.5528954006642834e-6
580,7,7.552894413009881e-6
580,8,5.664672228178347e-6
581,10,7.552896279960919e-6
581,12,7.552896242657425e-6
581,14,7.552897389295765e-6
581,17,7.552895926465908e-6
581,18,7.55289568932227e-6
581,21,7.552895622708888e-6
581,22,7.552895697315876e-6
581,23,7.552896065021741e-6
581,24,7.552896451379354e-6
581,27,7.552896350127014e-6
581,29,7.552896281737276e-6
581,2,5.6646716073416314e-6
581,6,7.552893312556819e-6
581,7,7.552896246210139e-6
581,8,7.552895996632003e-6
582,10,5.6646727673026476e-6
582,12,7.5528961582804754e-6
582,14,5.664671952843037e-6
582,17,5.664672493743694e-6
582,18,7.552895584517216e-6
582,21,5.664671812510846e-6
582,22,7.55289654907898e-6
582,23,7.552895417539673e-6
582,24,7.5528973182414916e-6
582,27,7.5528949796677125e-6
582,29,5.664671680172262e-6
582,2,7.55289512177626e-6
582,6,5.664671284044687e-6
582,7,7.552895539220117e-6
582,8,7.552895415763317e-6
583,10,7.552899795371104e-6
583,12,7.552895912255053e-6
583,14,7.552898875218261e-6
583,17,7.5528994827323e-6
583,18,7.552895321616404e-6
583,21,7.5528949690095715e-6
583,22,7.552894224716056e-6
583,23,7.552895533002868e-6
583,24,7.552896057916314e-6
583,27,7.552896991391833e-6
583,29,7.5528952017123174e-6
583,2,7.552901810647938e-6
583,6,7.552895461060416e-6
583,7,7.5528945098213285e-6
583,8,7.552895535667403e-6
584,10,7.55289608811438e-6
584,12,7.552896423845823e-6
584,14,5.66467234452972e-6
584,17,7.552895536555582e-6
584,18,7.552896552631694e-6
584,21,7.552896690299349e-6
584,22,7.552895652018776e-6
584,23,7.552895852747099e-6
584,24,7.552897107743206e-6
584,27,7.552894430773449e-6
584,29,7.552895598728071e-6
584,2,7.552896827967004e-6
584,6,7.552897098861422e-6
584,7,7.5528956884340914e-6
584,8,7.55289773479717e-6
585,10,7.552896151175048e-6
585,12,5.664672571015217e-6
585,14,7.552894723872328e-6
585,17,7.552896796880759e-6
585,18,7.552895309181906e-6
585,21,5.664671745897465e-6
585,22,7.552895241680346e-6
585,23,7.552894849105485e-6
585,24,5.664671885341477e-6
585,27,5.664672186433961e-6
585,29,7.552896764906336e-6
585,2,7.552898861895585e-6
585,6,7.552896250651031e-6
585,7,7.552897248075396e-6
585,8,7.5528952567793795e-6
586,10,7.5528967720117635e-6
586,12,7.552896815532506e-6
586,14,7.552895109341762e-6
586,17,7.552895568530005e-6
586,18,7.552894857099091e-6
586,21,7.552896053475422e-6
586,22,7.552896326146197e-6
586,23,7.552896030382783e-6
586,24,7.552895803897286e-6
586,27,7.552892008710899e-6
586,29,7.552897103302314e-6
586,2,7.55289632436984e-6
586,6,7.552895632478851e-6
586,7,7.5528986469564074e-6
586,8,7.552895780804647e-6
587,10,7.552896963858302e-6
587,12,5.664672072747123e-6
587,14,7.552896913232132e-6
587,17,7.552895873175203e-6
587,18,7.552896045481816e-6
587,21,7.552895372242574e-6
587,22,7.552895047169272e-6
587,23,7.552896722273772e-6
587,24,7.552894951246003e-6
587,27,7.552894453866088e-6
587,29,7.552895539220117e-6
587,2,7.552895928242265e-6
587,6,7.552894777163033e-6
587,7,7.552895569418183e-6
587,8,5.664672244165558e-6
588,10,7.552896548190802e-6
588,12,7.552894470741478e-6
588,14,7.55294558629771e-6
588,17,7.55289445297791e-6
588,18,7.552896148510513e-6
588,21,5.6646719102104726e-6
588,22,5.664671932414933e-6
588,23,5.664672031890916e-6
588,24,7.552896779117191e-6
588,27,5.664672221961098e-6
588,29,7.55289635812062e-6
588,2,7.552896602369685e-6
588,6,7.552894903284368e-6
588,7,7.552896229334749e-6
588,8,7.552896579277046e-6
589,10,7.552895220364064e-6
589,12,5.664672194427567e-6
589,14,5.664672399596782e-6
589,17,7.5528957923509665e-6
589,18,7.552896647666785e-6
589,21,7.552895661788739e-6
589,22,7.552897034912576e-6
589,23,7.552894512485864e-6
589,24,7.552896263973707e-6
589,27,7.552897564266914e-6
589,29,7.552896136964193e-6
589,2,7.55289485177002e-6
589,6,7.552894821571954e-6
589,7,7.55289511022994e-6
589,8,5.66467184981434e-6
590,10,7.552896085449845e-6
590,12,7.5528956546833115e-6
590,14,7.5528955996162495e-6
590,17,5.66467176543739e-6
590,18,7.552893334761279e-6
590,21,5.664672237060131e-6
590,22,7.552898638074623e-6
590,23,7.5528960739035256e-6
590,24,7.552896414964039e-6
590,27,7.552900592067147e-6
590,29,7.5528973413341305e-6
590,2,7.552894415674416e-6
590,6,7.552893116269388e-6
590,7,7.552895619156175e-6
590,8,7.552895767481971e-6
591,10,7.552896497564632e-6
591,12,7.552891447382137e-6
591,14,7.552881741368367e-6
591,17,7.552893818818518e-6
591,18,5.6646716837249755e-6
591,21,7.5528948908498705e-6
591,22,7.552895811890892e-6
591,23,5.664671777871888e-6
591,24,7.552896982510049e-6
591,27,7.552894834006452e-6
591,29,7.552895533891046e-6
591,2,5.664671964389356e-6
591,6,5.664671222760376e-6
591,7,5.6646727291109755e-6
591,8,7.552894174089886e-6
592,10,7.552895501916623e-6
592,12,5.664671644645125e-6
592,14,7.5528953882297856e-6
592,17,7.552894807361099e-6
592,18,7.552896466478387e-6
592,21,7.552896034823675e-6
592,22,7.552894415674416e-6
592,23,7.552894198958882e-6
592,24,7.55289610498977e-6
592,27,7.55289692566663e-6
592,29,7.552898372509276e-6
592,2,7.552895828766282e-6
592,6,7.552894269124977e-6
592,7,5.664673889071992e-6
592,8,7.552896477136528e-6
593,10,7.552894686568834e-6
593,12,7.5528962852899895e-6
593,14,7.552896394535935e-6
593,17,5.664671364868923e-6
593,18,7.552892610007689e-6
593,21,5.664672864114095e-6
593,22,5.664671737015681e-6
593,23,5.664671784089137e-6
593,24,7.552898134477459e-6
593,27,7.552895567641826e-6
593,29,7.5529095031612314e-6
593,2,7.552896038376389e-6
593,6,5.664671344440819e-6
593,7,7.552890692430481e-6
593,8,7.552896151175048e-6
594,10,7.552897384854873e-6
594,12,7.552896353679728e-6
594,14,7.552895166185181e-6
594,17,7.5528965730597974e-6
594,18,7.55289670095749e-6
594,21,7.552895592510822e-6
594,22,7.552896605922399e-6
594,23,7.552895623597067e-6
594,24,7.552898385831952e-6
594,27,5.664675007288622e-6
594,29,7.552893904971825e-6
594,2,7.552895266549342e-6
594,6,7.55289584652985e-6
594,7,5.6646719945874224e-6
594,8,7.552896175155865e-6
595,10,7.552896567730727e-6
595,12,7.552896376772367e-6
595,14,7.55289471143783e-6
595,17,7.552894572881996e-6
595,18,5.664671602900739e-6
595,21,7.5528950853609444e-6
595,22,7.552895778140112e-6
595,23,7.552894497386831e-6
595,24,5.6646725470343995e-6
595,27,7.552893627860158e-6
595,29,7.552898988905099e-6
595,2,7.5528958030091076e-6
595,6,7.552895220364064e-6
595,7,7.552895605833498e-6
595,8,7.552895092466372e-6
596,10,5.664671941296717e-6
596,12,5.6646720860698e-6
596,14,5.664672239724666e-6
596,17,7.5528970704397125e-6
596,18,7.5528984693207235e-6
596,21,5.664672269034554e-6
596,22,7.55289380638402e-6
596,23,5.6646717512265354e-6
596,24,7.552895237239454e-6
596,27,5.664672537264437e-6
596,29,5.6646717938591e-6
596,2,7.552895281648375e-6
596,6,7.552895732843012e-6
596,7,7.552896846618751e-6
596,8,7.552905071150917e-6
597,10,7.5528867284901935e-6
597,12,7.552896353679728e-6
597,14,7.552896105877949e-6
597,17,7.552896238216533e-6
597,18,5.664672389826819e-6
597,21,7.552895587181752e-6
597,22,5.664671740568394e-6
597,23,7.552895623597067e-6
597,24,5.664672223737455e-6
597,27,7.5528975234107065e-6
597,29,7.552894135898214e-6
597,2,7.552897106855028e-6
597,6,7.552897979046236e-6
597,7,5.664672134919613e-6
597,8,7.552895191054176e-6
598,10,5.664671930638576e-6
598,12,7.552896718721058e-6
598,14,5.664671725469361e-6
598,17,7.5529070358015815e-6
598,18,7.5528962790727405e-6
598,21,5.664670656102544e-6
598,22,7.552895217699529e-6
598,23,7.5528967720117635e-6
598,24,7.552894668805266e-6
598,27,5.664672177552177e-6
598,29,5.664671894223261e-6
598,2,7.5528941119173965e-6
598,6,5.6646725088427274e-6
598,7,7.552904504493085e-6
598,8,7.552888003914404e-6
599,10,7.552895568530005e-6
599,12,7.552897278273463e-6
599,14,7.552893993789667e-6
599,17,5.664674014305149e-6
599,18,7.552898569684885e-6
599,21,7.552898000362518e-6
599,22,5.664672422689421e-6
599,23,7.55289519460689e-6
599,24,5.6646715353991794e-6
599,27,7.552892652640253e-6
599,29,7.552896235551998e-6
599,2,5.664671964389356e-6
599,6,7.552895039175667e-6
599,7,7.552896928331165e-6
599,8,7.552105206087845e-6
600,10,7.552891087669877e-6
600,12,7.552892619777651e-6
600,14,5.6646720540953766e-6
600,17,7.552896060580849e-6
600,18,7.5528961902548986e-6
600,21,7.5528971192895256e-6
600,22,7.552895551654615e-6
600,23,7.552898539486819e-6
600,24,7.55289309850582e-6
600,27,5.6646721535713596e-6
600,29,7.5528975020944245e-6
600,2,7.552894601303706e-6
600,6,5.664672237060131e-6
600,7,7.552894564000212e-6
600,8,7.552897542062453e-6
601,10,7.552896915008489e-6
601,12,5.664671624217021e-6
601,14,7.552895299411944e-6
601,17,7.55289358167488e-6
601,18,7.5528941323455e-6
601,21,5.664671376415242e-6
601,22,5.664672028338202e-6
601,23,7.552895844753493e-6
601,24,7.552896068574455e-6
601,27,7.552893346307599e-6
601,29,5.6646723782805e-6
601,2,5.664671284932865e-6
601,6,7.5528955596482206e-6
601,7,5.664671771654639e-6
601,8,5.6646715904662415e-6
602,10,7.552898663831797e-6
602,12,7.55289675691273e-6
602,14,5.664671708593971e-6
602,17,7.552898027896049e-6
602,18,7.552896621021432e-6
602,21,7.552895635143386e-6
602,22,7.55289358700395e-6
602,23,7.552895296747408e-6
602,24,5.664671622440665e-6
602,27,5.664672500849122e-6
602,29,7.552899280227621e-6
602,2,7.552896023277356e-6
602,6,5.6646716348751625e-6
602,7,7.552893062978683e-6
602,8,7.5528936083202325e-6
603,10,5.664672113603331e-6
603,12,5.664671448357694e-6
603,14,7.5528960632453845e-6
603,17,5.664671384408848e-6
603,18,7.552897366203126e-6
603,21,7.552895811002713e-6
603,22,5.664671918204078e-6
603,23,7.5528950791436955e-6
603,24,7.552896591711544e-6
603,27,7.552895304741014e-6
603,29,7.552896563289835e-6
603,2,5.6646716073416314e-6
603,6,7.552895748830224e-6
603,7,5.664672470651055e-6
603,8,7.5528963678905825e-6
604,10,7.552895884721522e-6
604,12,5.664672387162284e-6
604,14,5.664672011462812e-6
604,17,7.552896219564786e-6
604,18,7.5528963234816615e-6
604,21,5.664672483973732e-6
604,22,7.5528952887538026e-6
604,23,7.55289473364229e-6
604,24,5.664672363181467e-6
604,27,7.55289752696342e-6
604,29,7.552895752382938e-6
604,2,7.5528960419291025e-6
604,6,7.552895622708888e-6
604,7,7.552896647666785e-6
604,8,7.552895405993354e-6
605,10,7.552895858964348e-6
605,12,7.552891859496924e-6
605,14,7.552895889162414e-6
605,17,5.664671998140136e-6
605,18,7.552896081008953e-6
605,21,5.664671901328688e-6
605,22,7.552895429085993e-6
605,23,7.552893841911157e-6
605,24,7.552896546414445e-6
605,27,7.552894567552926e-6
605,29,7.552895779916469e-6
605,2,7.552895446849561e-6
605,6,5.664671546945499e-6
605,7,5.664671617111594e-6
605,8,7.552895180396035e-6
606,10,5.6646721935393884e-6
606,12,7.552899163876248e-6
606,14,7.55289659970515e-6
606,17,7.552895141316185e-6
606,18,5.664672711347407e-6
606,21,7.552896917673024e-6
606,22,7.5528959317949784e-6
606,23,7.552896249762853e-6
606,24,7.5528931153812096e-6
606,27,5.664671909322294e-6
606,29,7.552896067686277e-6
606,2,7.552896231111106e-6
606,6,7.552897653972934e-6
606,7,7.552893229956226e-6
606,8,7.55289510490087e-6
607,10,7.552894951246003e-6
607,12,7.552893864115617e-6
607,14,7.55289608278531e-6
607,17,5.664671493654794e-6
607,18,7.552894079942973e-6
607,21,5.664671836491664e-6
607,22,7.552896199136683e-6
607,23,5.664671555827283e-6
607,24,7.552893427131835e-6
607,27,7.552895384677072e-6
607,29,5.66467213669597e-6
607,2,7.552894582651959e-6
607,6,5.664672306338048e-6
607,7,7.552896085449845e-6
607,8,5.664672329430687e-6
608,10,5.664672112715152e-6
608,12,7.552896073015347e-6
608,14,7.552895647577884e-6
608,17,7.552895796791859e-6
608,18,7.552896662765818e-6
608,21,7.5528975020944245e-6
608,22,7.552896500229167e-6
608,23,7.552894173201707e-6
608,24,7.552896043705459e-6
608,27,5.664671494542972e-6
608,29,7.552891459816635e-6
608,2,7.552896448714819e-6
608,6,7.552894455642445e-6
608,7,7.552895352702649e-6
608,8,7.552895306517371e-6
609,10,7.55289610498977e-6
609,12,7.552895008089422e-6
609,14,5.6646718062935975e-6
609,17,5.664671930638576e-6
609,18,7.552889279338615e-6
609,21,5.664672467098342e-6
609,22,5.6646719439612525e-6
609,23,5.6646718613606595e-6
609,24,7.552896146734156e-6
609,27,7.552895341156329e-6
609,29,7.552891820417074e-6
609,2,7.552896953200161e-6
609,6,7.552899594642781e-6
609,7,5.664671373750707e-6
609,8,7.552896795104402e-6
610,10,5.664671453686765e-6
610,12,5.664671689054046e-6
610,14,7.552939162436267e-6
610,17,7.552899440099736e-6
610,18,5.664672775296253e-6
610,21,7.5528954770476275e-6
610,22,7.552897139717629e-6
610,23,7.552895739060261e-6
610,24,5.6646691124484505e-6
610,27,7.552895646689706e-6
610,29,7.552897486995391e-6
610,2,7.552896025941891e-6
610,6,7.552894917495223e-6
610,7,7.552895427309636e-6
610,8,7.5528943215275035e-6
611,10,7.552896957641053e-6
611,12,7.552893647400083e-6
611,14,5.664701998808752e-6
611,17,7.552894668805266e-6
611,18,5.664671419935985e-6
611,21,5.664671801852705e-6
611,22,5.6646720665298744e-6
611,23,7.552894041751301e-6
611,24,7.5528933543012045e-6
611,27,7.552895004536708e-6
611,29,7.5528946812397635e-6
611,2,5.664671724581183e-6
611,6,5.66467270424198e-6
611,7,5.664671583360814e-6
611,8,7.5528965286508765e-6
612,10,5.664671969718427e-6
612,12,5.664672338312471e-6
612,14,7.55280346964593e-6
612,17,7.552895545437366e-6
612,18,7.552902634877512e-6
612,21,7.552897537621561e-6
612,22,7.552895484153055e-6
612,23,7.552895550766436e-6
612,24,5.664672374727786e-6
612,27,5.66467196794207e-6
612,29,7.55289294662731e-6
612,2,7.55289378417956e-6
612,6,7.552893959150708e-6
612,7,7.552896123641517e-6
612,8,7.552895639584278e-6
613,10,7.552895200824139e-6
613,12,7.552895540996474e-6
613,14,5.664672525718117e-6
613,17,7.552859282000668e-6
613,18,7.552896282625454e-6
613,21,5.66467243423574e-6
613,22,5.664671461680371e-6
613,23,7.55289591403141e-6
613,24,7.5528966938520625e-6
613,27,7.552896236440176e-6
613,29,7.5528966938520625e-6
613,2,5.664672212191135e-6
613,6,5.664671315130931e-6
613,7,5.6646714190478065e-6
613,8,7.552896171603152e-6
614,10,7.552896168050438e-6
614,12,5.6646718107344896e-6
614,14,7.552896642337714e-6
614,17,5.664672173111285e-6
614,18,7.5528964398330345e-6
614,21,7.552895251450309e-6
614,22,7.552896935436593e-6
614,23,7.552896051699065e-6
614,24,7.552892414608436e-6
614,27,5.664671633986984e-6
614,29,7.552896787998975e-6
614,2,7.5528970810978535e-6
614,6,7.552895589846287e-6
614,7,7.552894176754421e-6
614,8,7.552895334050902e-6
615,10,7.552896567730727e-6
615,12,7.5528985306050345e-6
615,14,5.664671894223261e-6
615,17,7.5528965499671585e-6
615,18,7.552892904882924e-6
615,21,7.552895149309791e-6
615,22,5.664670744920386e-6
615,23,7.552895730178477e-6
615,24,7.552895427309636e-6
615,27,7.552898716234324e-6
615,29,5.664671326677251e-6
615,2,7.5528957985682155e-6
615,6,5.664671828498058e-6
615,7,5.664671254734799e-6
615,8,7.55289548681759e-6
616,10,5.66467195106668e-6
616,12,5.664671845373448e-6
616,14,7.5528943490610345e-6
616,17,7.5528954281978145e-6
616,18,7.552895718632158e-6
616,21,7.5528952780956615e-6
616,22,7.5528965393090175e-6
616,23,7.552896760465444e-6
616,24,5.664671443028624e-6
616,27,5.664672019456418e-6
616,29,5.66467215890043e-6
616,2,7.552897265838965e-6
616,6,7.552894842888236e-6
616,7,7.5528963172644126e-6
616,8,5.6646712964791845e-6
617,10,7.552897103302314e-6
617,12,7.5528947807157465e-6
617,14,5.664671795635456e-6
617,17,7.552896443385748e-6
617,18,7.552895240792168e-6
617,21,5.664671754779249e-6
617,22,7.552897189455621e-6
617,23,5.664671419935985e-6
617,24,7.5528893059839675e-6
617,27,7.55289320508723e-6
617,29,7.552891684525775e-6
617,2,7.552894998319459e-6
617,6,7.552896146734156e-6
617,7,5.664670948313244e-6
617,8,7.552898269480579e-6
618,10,5.664671794747278e-6
618,12,5.6646719945874224e-6
618,14,7.552892848039505e-6
618,17,5.664672960925543e-6
618,18,5.664672229954704e-6
618,21,7.552898889429116e-6
618,22,7.55289649845281e-6
618,23,7.552896377660545e-6
618,24,5.664671776095531e-6
618,27,5.664672321437081e-6
618,29,7.552892752116236e-6
618,2,7.552895833207174e-6
618,6,7.552896591711544e-6
618,7,7.552895423756922e-6
618,8,5.664671118843501e-6
619,10,7.552895105789048e-6
619,12,7.552895855411634e-6
619,14,7.552896822637933e-6
619,17,7.552894398799026e-6
619,18,7.55289412701643e-6
619,21,7.552895890050593e-6
619,22,7.552897044682538e-6
619,23,7.552899700336013e-6
619,24,7.552896112983376e-6
619,27,7.552894317086611e-6
619,29,7.552896612139648e-6
619,2,5.664671642868768e-6
619,6,7.5528943215275035e-6
619,7,5.664671602900739e-6
619,8,7.552894052409442e-6
620,10,5.664671459015835e-6
620,12,5.664671687277689e-6
620,14,7.552896584606117e-6
620,17,7.552895320728226e-6
620,18,5.664671315130931e-6
620,21,7.5528966494431415e-6
620,22,7.552895048945629e-6
620,23,7.5528036456162795e-6
620,24,5.664671839156199e-6
620,27,5.6646723587405745e-6
620,29,5.664672975136398e-6
620,2,7.5528942051761305e-6
620,6,5.664671713034863e-6
620,7,7.55289649312374e-6
620,8,5.664671893335083e-6
621,10,7.552894326856574e-6
621,12,7.5528922538481424e-6
621,14,7.552899001339597e-6
621,17,5.664671561156354e-6
621,18,7.552894326856574e-6
621,21,7.5528964060822545e-6
621,22,5.6646719501785014e-6
621,23,5.664672720229191e-6
621,24,7.552897668183789e-6
621,27,7.552895523232905e-6
621,29,7.552895985085684e-6
621,2,5.664672164229501e-6
621,6,7.5528975784777685e-6
621,7,7.552897995033447e-6
621,8,7.5528944591951586e-6
622,10,7.552892784090659e-6
622,12,7.552894444984304e-6
622,14,7.552896398976827e-6
622,17,7.552895901596912e-6
622,18,7.552898526164142e-6
622,21,5.66467155760364e-6
622,22,7.552897466567288e-6
622,23,7.552895064932841e-6
622,24,7.552896051699065e-6
622,27,7.5528963403570515e-6
622,29,5.664672936944726e-6
622,2,7.552894667028909e-6
622,6,5.664671142824318e-6
622,7,7.552899060847551e-6
622,8,5.664671610894345e-6
623,10,7.552896303053558e-6
623,12,5.664672471539234e-6
623,14,5.664670503335856e-6
623,17,5.664670768901203e-6
623,18,7.552898477314329e-6
623,21,7.552894080831152e-6
623,22,5.664672398708603e-6
623,23,5.664672573679752e-6
623,24,7.552897342222309e-6
623,27,5.664671974159319e-6
623,29,7.55289570619766e-6
623,2,5.664671449245873e-6
623,6,7.552893203310873e-6
623,7,7.552895890050593e-6
623,8,7.552894620843631e-6
624,10,7.552897956841775e-6
624,12,7.552896068574455e-6
624,14,7.5528918266343226e-6
624,17,7.552895398887927e-6
624,18,5.664671146377032e-6
624,21,7.5528973919603e-6
624,22,7.552896422069466e-6
624,23,7.5528950089776e-6
624,24,5.66467184981434e-6
624,27,7.5528929883716955e-6
624,29,5.66467286144956e-6
624,2,7.552893825035767e-6
624,6,7.552894254025944e-6
624,7,7.552893571016739e-6
624,8,5.664672338312471e-6
625,10,5.664672281469052e-6
625,12,5.664672224625633e-6
625,14,5.664680168493419e-6
625,17,7.552895975315721e-6
625,18,7.552894380147279e-6
625,21,7.5528972187655086e-6
625,22,5.664672521277225e-6
625,23,7.552893721118892e-6
625,24,7.552896627238681e-6
625,27,7.5528953056291925e-6
625,29,7.552896610363291e-6
625,2,5.664672263705484e-6
625,6,7.552895398887927e-6
625,7,5.664671045124692e-6
625,8,7.5528863536789e-6
626,10,7.552896997609082e-6
626,12,5.664672572791574e-6
626,14,7.552893915629966e-6
626,17,7.5528963678905825e-6
626,18,7.55289477893939e-6
626,21,7.552896486018312e-6
626,22,5.664671239635766e-6
626,23,7.552897035800754e-6
626,24,7.552896159168654e-6
626,27,7.552895686657735e-6
626,29,5.6646713302299645e-6
626,2,7.552896372331475e-6
626,6,7.5528962346638195e-6
626,7,7.552894929929721e-6
626,8,7.552895926465908e-6
627,10,5.6646715735908515e-6
627,12,7.552894124351894e-6
627,14,5.664671854255232e-6
627,17,7.55289599840836e-6
627,18,5.66467231077894e-6
627,21,7.552896413187682e-6
627,22,7.552896143181442e-6
627,23,5.66467273799276e-6
627,24,5.664673290439737e-6
627,27,7.552895398887927e-6
627,29,7.552822964385086e-6
627,2,5.664672072747123e-6
627,6,5.664672167782214e-6
627,7,5.664671894223261e-6
627,8,7.552893431572727e-6
628,10,7.55289842047091e-6
628,12,7.552894762952178e-6
628,14,7.552897963947203e-6
628,17,7.552896668983067e-6
628,18,7.55289811138482e-6
628,21,5.664671832050772e-6
628,22,7.552895946005833e-6
628,23,7.552894391693599e-6
628,24,7.552896001072895e-6
628,27,7.5528968102034355e-6
628,29,5.664671565597246e-6
628,2,7.5528977561134525e-6
628,6,5.664671362204388e-6
628,7,7.552895231022205e-6
628,8,7.552896479801063e-6
629,10,5.664671975935676e-6
629,12,7.552892056672533e-6
629,14,5.664671612670702e-6
629,17,7.5528959255777295e-6
629,18,5.664674711525208e-6
629,21,7.552895793239145e-6
629,22,5.664671907545937e-6
629,23,5.6646711037444675e-6
629,24,5.6646720709707665e-6
629,27,7.552895116447189e-6
629,29,7.552897571372341e-6
629,2,5.664672247718272e-6
629,6,7.552895372242574e-6
629,7,7.552895375795288e-6
629,8,7.552895302964657e-6
630,10,7.552897264062608e-6
630,12,5.6646700690166085e-6
630,14,7.552894068396654e-6
630,17,5.66467200169285e-6
630,18,7.552894588869208e-6
630,21,5.66467267582027e-6
630,22,7.55289745413279e-6
630,23,7.55289426734862e-6
630,24,7.552895032958418e-6
630,27,5.664673091487771e-6
630,29,7.552894204287952e-6
630,2,7.552895572970897e-6
630,6,7.552897966611738e-6
630,7,5.664671729910253e-6
630,8,7.55289519460689e-6
631,10,5.664671122396214e-6
631,12,7.5528939849078824e-6
631,14,7.55289613874055e-6
631,17,7.552892940410061e-6
631,18,5.664671460792192e-6
631,21,5.664672730887332e-6
631,22,5.664670689853324e-6
631,23,5.664671551386391e-6
631,24,5.664671625993378e-6
631,27,7.552895805673643e-6
631,29,5.664671671290478e-6
631,2,7.552895451290453e-6
631,6,7.552895969098472e-6
631,7,7.552893610096589e-6
631,8,7.55288960796463e-6
632,10,7.552895040063845e-6
632,12,7.552893313444997e-6
632,14,7.5528946092973115e-6
632,17,5.664671864913373e-6
632,18,7.552895027629347e-6
632,21,7.55289546461313e-6
632,22,7.552895634255208e-6
632,23,7.552897089091459e-6
632,24,7.552896192919434e-6
632,27,5.6646706934060376e-6
632,29,7.55289601528375e-6
632,2,7.5528972356408985e-6
632,6,7.552894981444069e-6
632,7,5.664672529270831e-6
632,8,7.5528942158342716e-6
633,10,7.552891664097672e-6
633,12,7.552891101880732e-6
633,14,7.55289606590992e-6
633,17,7.5528949246006505e-6
633,18,5.664672780625324e-6
633,21,5.664671698824009e-6
633,22,7.552896963858302e-6
633,23,7.552896216012073e-6
633,24,5.664672725558262e-6
633,27,5.664671542504607e-6
633,29,5.664671659744158e-6
633,2,7.55288918075081e-6
633,6,5.664672274363625e-6
633,7,7.552894623508166e-6
633,8,7.552892547835199e-6
634,10,7.552896089890737e-6
634,12,5.664671854255232e-6
634,14,7.552896661877639e-6
634,17,5.664673618177574e-6
634,18,7.552893876550115e-6
634,21,7.5528951892778196e-6
634,22,5.6646650028469026e-6
634,23,5.664671373750707e-6
634,24,7.552892851592219e-6
634,27,7.552897161033911e-6
634,29,7.552896109430662e-6
634,2,5.664673285110666e-6
634,6,7.5528968164206844e-6
634,7,7.552896216900251e-6
634,8,5.664671986593817e-6
635,10,7.552877826277893e-6
635,12,7.552893114493031e-6
635,14,5.664671575367208e-6
635,17,7.552898443563549e-6
635,18,7.552895787021896e-6
635,21,5.664672440452989e-6
635,22,7.552889167428134e-6
635,23,7.552899027096771e-6
635,24,7.552894035534052e-6
635,27,5.66467236140511e-6
635,29,5.6646707502494564e-6
635,2,5.664672046989949e-6
635,6,5.664671975935676e-6
635,7,7.552896235551998e-6
635,8,7.55289629061906e-6
636,10,7.5529115370898126e-6
636,12,7.552894994766746e-6
636,14,7.552896272855492e-6
636,17,5.664670766236668e-6
636,18,7.552896004625609e-6
636,21,7.5528945924219215e-6
636,22,5.6646722805808736e-6
636,23,7.552896281737276e-6
636,24,5.6646753447964215e-6
636,27,7.552894841111879e-6
636,29,5.664671924421327e-6
636,2,7.552895944229476e-6
636,6,7.552897942630921e-6
636,7,5.664671290261936e-6
636,8,5.664672273475446e-6
637,10,7.5528948864089784e-6
637,12,5.664672686478411e-6
637,14,7.552896292395417e-6
637,17,7.5528990670648e-6
637,18,7.552896059692671e-6
637,21,7.552901319485272e-6
637,22,7.552895100459978e-6
637,23,7.55289431797479e-6
637,24,7.5528935195023905e-6
637,27,5.664670764460311e-6
637,29,7.552895317175512e-6
637,2,5.664672072747123e-6
637,6,5.66467141727145e-6
637,7,7.552894782492103e-6
637,8,7.5528945266967185e-6
638,10,5.6646728454623485e-6
638,12,7.552893979578812e-6
638,14,7.552896775564477e-6
638,17,7.552899010221381e-6
638,18,7.552893457329901e-6
638,21,7.552895476159449e-6
638,22,7.552895800344572e-6
638,23,5.664671568261781e-6
638,24,7.5528961795967575e-6
638,27,7.552893551476814e-6
638,29,5.664672353411504e-6
638,2,7.5528940293168034e-6
638,6,7.552900385121575e-6
638,7,7.552897052676144e-6
638,8,5.664666348437208e-6
639,10,7.5528969372129495e-6
639,12,5.6646715735908515e-6
639,14,5.664671927974041e-6
639,17,5.664671797411813e-6
639,18,5.6646727077946935e-6
639,21,7.552895382012537e-6
639,22,7.552894381035458e-6
639,23,7.5528555036896705e-6
639,24,7.552893782403203e-6
639,27,7.552895707085838e-6
639,29,7.552894819795597e-6
639,2,5.664672482197375e-6
639,6,7.552895590734465e-6
639,7,7.552896345686122e-6
639,8,7.552893359630275e-6
640,10,5.664672650063096e-6
640,12,7.5528966938520625e-6
640,14,7.552896747142768e-6
640,17,7.552898885876402e-6
640,18,7.552896857276892e-6
640,21,5.664672275251803e-6
640,22,5.6646712476293715e-6
640,23,5.664671858696124e-6
640,24,5.664671427929591e-6
640,27,7.5528967276028425e-6
640,29,7.552898083851289e-6
640,2,7.552900216367675e-6
640,6,7.552894412121702e-6
640,7,5.664672244165558e-6
640,8,5.664672999117215e-6
641,10,7.552900704865806e-6
641,12,5.664671565597246e-6
641,14,5.664672848126884e-6
641,17,5.6646712689456535e-6
641,18,5.664672517724512e-6
641,21,7.552897951512705e-6
641,22,7.552897812956871e-6
641,23,7.552897384854873e-6
641,24,7.552894391693599e-6
641,27,5.6646714403640885e-6
641,29,7.552896832407896e-6
641,2,7.552896376772367e-6
641,6,5.664672039884522e-6
641,7,5.664671334670857e-6
641,8,7.552896226670214e-6
642,10,5.6646710868690775e-6
642,12,7.552895972651186e-6
642,14,7.552896752471838e-6
642,17,7.5528974790017855e-6
642,18,7.552896354567906e-6
642,21,5.664670265304039e-6
642,22,7.552899892182552e-6
642,23,5.664671691718581e-6
642,24,5.6646716117825235e-6
642,27,7.5528932867996446e-6
642,29,7.5528963954241135e-6
642,2,7.5528964567084245e-6
642,6,5.6646715567154615e-6
642,7,7.552895713303087e-6
642,8,7.552894707885116e-6
643,10,7.552931694299048e-6
643,12,5.664671832050772e-6
643,14,7.552895561424577e-6
643,17,5.664671999916493e-6
643,18,5.664671896887796e-6
643,21,5.664671949290323e-6
643,22,7.552894164319923e-6
643,23,7.552895150197969e-6
643,24,7.552894434326163e-6
643,27,5.664671776095531e-6
643,29,7.552896595264258e-6
643,2,7.55289577369922e-6
643,6,7.5528916232414645e-6
643,7,5.664670975846775e-6
643,8,7.552898282803255e-6
644,10,5.66467303020346e-6
644,12,7.552894439655233e-6
644,14,7.5528936971380745e-6
644,17,7.553170008556265e-6
644,18,7.552896319040769e-6
644,21,7.55289519460689e-6
644,22,5.664671526517395e-6
644,23,5.664668241145421e-6
644,24,5.6646725239417606e-6
644,27,7.552893118045745e-6
644,29,7.552901518437238e-6
644,2,5.664671610894345e-6
644,6,7.552896382101437e-6
644,7,7.552898471985259e-6
644,8,7.552895425533279e-6
645,10,7.552907147712062e-6
645,12,5.664672405814031e-6
645,14,7.552896347462479e-6
645,17,5.664665433613436e-6
645,18,5.664672140248683e-6
645,21,5.6646717618846765e-6
645,22,7.5528971805738365e-6
645,23,7.552897345775023e-6
645,24,7.552903856122839e-6
645,27,5.664671999916493e-6
645,29,7.552893368512059e-6
645,2,7.552564178503474e-6
645,6,5.664672913852087e-6
645,7,5.66467261986503e-6
645,8,5.664672056759912e-6
646,10,5.664672393379533e-6
646,12,7.552894777163033e-6
646,14,5.6646729680309704e-6
646,17,7.552746858152659e-6
646,18,7.552896006401966e-6
646,21,7.552896372331475e-6
646,22,5.6646718720188005e-6
646,23,5.664679372685555e-6
646,24,5.664672168670393e-6
646,27,7.5528909864175375e-6
646,29,5.664671151706102e-6
646,2,5.664672728222797e-6
646,6,7.552895574747254e-6
646,7,7.552896123641517e-6
646,8,7.552893730888854e-6
647,10,7.552895056939235e-6
647,12,7.552895241680346e-6
647,14,7.552898569684885e-6
647,17,5.664673810024112e-6
647,18,7.5528971086313845e-6
647,21,5.664671580696279e-6
647,22,7.552897109519563e-6
647,23,7.552893839246622e-6
647,24,7.552894212281558e-6
647,27,5.6646721491304675e-6
647,29,7.552895342044508e-6
647,2,7.552893880102829e-6
647,6,7.55289423359784e-6
647,7,7.5528980101324805e-6
647,8,5.664670889693468e-6
648,10,7.552895673335058e-6
648,12,5.6646730106635346e-6
648,14,7.552895835871709e-6
648,17,7.552930151533133e-6
648,18,7.552897219653687e-6
648,21,7.552895304741014e-6
648,22,5.664672160676787e-6
648,23,5.66467107976365e-6
648,24,7.5529016880793165e-6
648,27,7.552892931528277e-6
648,29,7.55289514398072e-6
648,2,5.664671841820734e-6
648,6,5.664666478999436e-6
648,7,7.552893937834426e-6
648,8,7.552897242746326e-6
649,10,7.552895326057296e-6
649,12,7.552895624485245e-6
649,14,5.664671690830403e-6
649,17,7.552896398976827e-6
649,18,7.552895938012227e-6
649,21,7.552896151175048e-6
649,22,7.552896621021432e-6
649,23,7.552896724938307e-6
649,24,5.664673555116906e-6
649,27,5.664672102057011e-6
649,29,7.5528983529693505e-6
649,2,7.5528959193604805e-6
649,6,7.552896789775332e-6
649,7,7.552895890050593e-6
649,8,5.664672277916338e-6
650,10,5.664670016614082e-6
650,12,7.552898044771439e-6
650,14,7.552893062978683e-6
650,17,7.552895465501308e-6
650,18,7.552896631679573e-6
650,21,7.5528952230285995e-6
650,22,5.664672194427567e-6
650,23,7.552896247986496e-6
650,24,7.552896553519872e-6
650,27,7.552896112983376e-6
650,29,5.664670435834296e-6
650,2,5.664672351635147e-6
650,6,5.664671450134051e-6
650,7,7.552896468254744e-6
650,8,7.552896766682693e-6
651,10,7.552896180484936e-6
651,12,5.664670892358004e-6
651,14,5.6646717663255686e-6
651,17,7.552896815532506e-6
651,18,5.664675333250102e-6
651,21,7.552895622708888e-6
651,22,7.552893981355169e-6
651,23,7.552897262286251e-6
651,24,5.664671713923042e-6
651,27,5.6646722867981225e-6
651,29,7.552897345775023e-6
651,2,7.552895739060261e-6
651,6,7.552897383078516e-6
651,7,7.552898032336941e-6
651,8,5.664671360428031e-6
652,10,5.664671437699553e-6
652,12,5.664672008798277e-6
652,14,7.552891336359835e-6
652,17,5.6646720940634054e-6
652,18,5.664672261040948e-6
652,21,7.552897008267223e-6
652,22,5.664671998140136e-6
652,23,7.552895548101901e-6
652,24,7.552894937035148e-6
652,27,7.552897003826331e-6
652,29,5.664671876459693e-6
652,2,7.552895437967777e-6
652,6,7.55289604903453e-6
652,7,7.552894036422231e-6
652,8,7.552897562490557e-6
653,10,7.552894294882151e-6
653,12,7.552892341777806e-6
653,14,5.664673523142483e-6
653,17,7.552894045304015e-6
653,18,7.552894135898214e-6
653,21,5.664672172223106e-6
653,22,7.552892835605007e-6
653,23,5.664646269387674e-6
653,24,5.66467107976365e-6
653,27,5.664672527494474e-6
653,29,7.55290427711941e-6
653,2,7.55289625686828e-6
653,6,7.552895818108141e-6
653,7,5.664673128791264e-6
653,8,7.552901577057014e-6
654,10,5.664671311578218e-6
654,12,5.664671460792192e-6
654,14,7.5528901017918315e-6
654,17,5.664671498095686e-6
654,18,5.664671333782678e-6
654,21,7.5528978893402154e-6
654,22,5.6646720878461565e-6
654,23,7.552896164497724e-6
654,24,7.552898916962647e-6
654,27,7.552896508222773e-6
654,29,7.552896427398537e-6
654,2,7.5528974408101135e-6
654,6,7.552895055162878e-6
654,7,7.552895965545758e-6
654,8,7.552895066709198e-6
655,10,7.5528958198844975e-6
655,12,7.552897625551225e-6
655,14,5.664670950977779e-6
655,17,7.552893704243502e-6
655,18,7.552892473228212e-6
655,21,5.664672432459383e-6
655,22,7.5528964567084245e-6
655,23,7.5529093974679995e-6
655,24,5.664671780536423e-6
655,27,7.552893881879186e-6
655,29,7.55289632436984e-6
655,2,7.552902665075578e-6
655,6,7.552891251094707e-6
655,7,5.664671660632337e-6
655,8,7.552895803897286e-6
656,10,5.6646721091624386e-6
656,12,5.664671346217176e-6
656,14,7.552896191143077e-6
656,17,5.6646718888941905e-6
656,18,7.55289502052392e-6
656,21,7.552894112805575e-6
656,22,7.552895270990234e-6
656,23,7.552896139628729e-6
656,24,7.552909434771493e-6
656,27,5.664671483884831e-6
656,29,7.5528953287218314e-6
656,2,5.664671739680216e-6
656,6,5.6646733703757945e-6
656,7,7.552894470741478e-6
656,8,7.552896797768938e-6
657,10,5.664671867577908e-6
657,12,5.664671409277844e-6
657,14,7.552898626528304e-6
657,17,7.552892565598768e-6
657,18,7.552896072127169e-6
657,21,5.664672758420863e-6
657,22,5.664672922733871e-6
657,23,7.552897431040151e-6
657,24,5.664673552452371e-6
657,27,7.552894972562285e-6
657,29,7.55289659970515e-6
657,2,7.5528990670648e-6
657,6,5.664671491878437e-6
657,7,5.66467138884974e-6
657,8,7.552894970785928e-6
658,10,7.5528953731307524e-6
658,12,7.552899571550142e-6
658,14,5.6646719439612525e-6
658,17,5.664670855942688e-6
658,18,5.664673180305613e-6
658,21,7.552888746431563e-6
658,22,7.552897096196887e-6
658,23,7.552896910567597e-6
658,24,7.55289340759191e-6
658,27,5.664671935967647e-6
658,29,5.664672516836333e-6
658,2,5.664672390714998e-6
658,6,7.5528951128944755e-6
658,7,7.55289613341148e-6
658,8,5.664673899730133e-6
659,10,5.664671696159473e-6
659,12,7.552895747053867e-6
659,14,5.664671919980435e-6
659,17,7.552895183948749e-6
659,18,7.55289450893315e-6
659,21,5.664671962612999e-6
659,22,7.552895372242574e-6
659,23,5.664672025673667e-6
659,24,7.5528948864089784e-6
659,27,7.552893123374815e-6
659,29,7.552895533891046e-6
659,2,7.552895450402275e-6
659,6,7.552895315399155e-6
659,7,7.552897312024243e-6
659,8,7.552895961993045e-6
660,10,7.552895035622953e-6
660,12,7.552896613916005e-6
660,14,7.55289533493908e-6
660,17,5.664671880012406e-6
660,18,7.55289022080774e-6
660,21,7.552896907014883e-6
660,22,5.664673048855207e-6
660,23,7.552907764107886e-6
660,24,5.664671633098806e-6
660,27,5.664672362293288e-6
660,29,7.552895647577884e-6
660,2,7.552895592510822e-6
660,6,7.552897681506465e-6
660,7,5.664672698024731e-6
660,8,5.6646719173159e-6
661,10,7.55289759446498e-6
661,12,7.552896688522992e-6
661,14,5.664671720140291e-6
661,17,7.5528955107984075e-6
661,18,5.6646728117115686e-6
661,21,5.664672144689575e-6
661,22,7.552893800166771e-6
661,23,7.552890607165352e-6
661,24,7.552896120088803e-6
661,27,7.552894921047937e-6
661,29,7.552896381213259e-6
661,2,7.552893955597995e-6
661,6,7.552895222140421e-6
661,7,7.552895788798253e-6
661,8,7.552894703444224e-6
662,10,7.552897334228703e-6
662,12,5.6646722041975295e-6
662,14,7.552894663476195e-6
662,17,5.664672913852087e-6
662,18,7.55289088960609e-6
662,21,7.552894026652268e-6
662,22,7.552895317175512e-6
662,23,7.552894224716056e-6
662,24,5.6646723205489025e-6
662,27,7.552893650952797e-6
662,29,5.664671911986829e-6
662,2,7.552896308382628e-6
662,6,7.5528969754046216e-6
662,7,7.55289411014104e-6
662,8,7.55289674003734e-6
663,10,7.552896228446571e-6
663,12,7.55289445297791e-6
663,14,7.552898943608e-6
663,17,7.552896299500844e-6
663,18,5.664673039085244e-6
663,21,7.552899091933796e-6
663,22,5.664672826810602e-6
663,23,5.664673041749779e-6
663,24,7.552895478823984e-6
663,27,7.552894971674107e-6
663,29,5.664670375438163e-6
663,2,7.552897291596139e-6
663,6,7.552895251450309e-6
663,7,7.552896310158985e-6
663,8,7.552895491258482e-6
664,10,7.552895926465908e-6
664,12,7.552896797768938e-6
664,14,7.552893722895249e-6
664,17,7.552895234574919e-6
664,18,7.552896050810887e-6
664,21,7.552899030649485e-6
664,22,7.5528971148486335e-6
664,23,7.552897095308708e-6
664,24,7.55289881393395e-6
664,27,7.5528952612202715e-6
664,29,7.552902982155274e-6
664,2,7.552895867846132e-6
664,6,7.552896856388713e-6
664,7,7.552896012619215e-6
664,8,7.552895514351121e-6
665,10,5.6646721597886085e-6
665,12,7.552895685769556e-6
665,14,7.552895742612975e-6
665,17,7.552896518880914e-6
665,18,7.552894131457322e-6
665,21,5.664672360516931e-6
665,22,7.5528970429061815e-6
665,23,5.664671496319329e-6
665,24,5.664671603788918e-6
665,27,7.552896242657425e-6
665,29,7.552894843776414e-6
665,2,7.552895664453274e-6
665,6,7.552895979756613e-6
665,7,7.5528972187655086e-6
665,8,7.552895985973862e-6
666,10,7.5528935852275936e-6
666,12,7.552896555296229e-6
666,14,7.552896787998975e-6
666,17,5.664672085181621e-6
666,18,7.552894977891356e-6
666,21,7.552895525009262e-6
666,22,7.552894712326008e-6
666,23,5.664672079852551e-6
666,24,7.552898590112989e-6
666,27,7.552897421270188e-6
666,29,7.5528959424531195e-6
666,2,7.552896690299349e-6
666,6,7.552894806472921e-6
666,7,7.552894365048246e-6
666,8,7.552895523232905e-6
667,10,7.5528973244587405e-6
667,12,7.552896134299658e-6
667,14,7.552896038376389e-6
667,17,7.552898412477305e-6
667,18,7.552894445872482e-6
667,21,7.552896449602997e-6
667,22,7.552897066886999e-6
667,23,7.552893875661937e-6
667,24,7.552892694384639e-6
667,27,7.552896958529232e-6
667,29,7.5528985030715035e-6
667,2,7.552896692963884e-6
667,6,7.552898872553726e-6
667,7,5.664672106497903e-6
667,8,7.552896471807458e-6
668,10,7.552895883833344e-6
668,12,7.552895529450154e-6
668,14,5.664673085270522e-6
668,17,7.552896286178168e-6
668,18,7.55289594778219e-6
668,21,7.552896883034066e-6
668,22,7.552894773610319e-6
668,23,7.55289552056837e-6
668,24,7.552897230311828e-6
668,27,5.664672301008977e-6
668,29,7.552894425444379e-6
668,2,5.66467278861893e-6
668,6,7.552894429885271e-6
668,7,7.552895399776105e-6
668,8,7.552896462925673e-6
669,10,5.6646723756159645e-6
669,12,7.552899490725906e-6
669,14,7.5528958367598875e-6
669,17,7.552906833296902e-6
669,18,5.664671652638731e-6
669,21,7.552890537887436e-6
669,22,7.552895327833653e-6
669,23,7.5528962231175e-6
669,24,5.664673363270367e-6
669,27,5.664671369309815e-6
669,29,7.552895564977291e-6
669,2,7.552895470830379e-6
669,6,7.552897062446107e-6
669,7,5.664671537175536e-6
669,8,7.552895224804956e-6
670,10,7.552896315488056e-6
670,12,7.552898503959682e-6
670,14,7.552895813667249e-6
670,17,7.552894097706542e-6
670,18,7.552896252427388e-6
670,21,7.552895384677072e-6
670,22,7.552896220452965e-6
670,23,7.552892173912085e-6
670,24,7.552894843776414e-6
670,27,7.552894836670987e-6
670,29,7.552897778317913e-6
670,2,7.552894840223701e-6
670,6,7.552895642248814e-6
670,7,7.552897208995546e-6
670,8,7.552896026830069e-6
671,10,7.552894663476195e-6
671,12,5.664672308114405e-6
671,14,7.552901111651522e-6
671,17,7.552894455642445e-6
671,18,7.552896601481507e-6
671,21,7.5528978937811075e-6
671,22,7.552896009066501e-6
671,23,5.664671381744313e-6
671,24,7.552896197360326e-6
671,27,7.55289644249757e-6
671,29,7.552897799634195e-6
671,2,7.552896572171619e-6
671,6,5.664671104632646e-6
671,7,7.552895319840047e-6
671,8,7.552895820772676e-6
672,10,7.552897227647293e-6
672,12,7.552896857276892e-6
672,14,7.552896010842858e-6
672,17,7.552897211660081e-6
672,18,7.552894843776414e-6
672,21,7.552894884632622e-6
672,22,7.552895243456703e-6
672,23,7.552897970164452e-6
672,24,7.552897294260674e-6
672,27,7.552896622797789e-6
672,29,7.552894270901334e-6
672,2,7.552894548901179e-6
672,6,7.552893139362027e-6
672,7,5.664672070082588e-6
672,8,7.552896764018158e-6
