Time,Scenario,Dto,dfix_to,dflex_to
1,10,59.710962,53.73922754804351,5.929717207587958
1,12,54.5862926,49.127088106272566,5.44840437998501
1,14,51.070361500000004,45.962783879398714,5.097248030133574
1,17,60.199753,54.17916662166494,6.013745762235071
1,18,63.468266799999995,57.120787055344486,6.3387545705215205
1,21,62.34314,56.10815208725855,6.21662052143158
1,22,63.5789882,57.220413760564405,6.343670002698624
1,23,59.1135659,53.201571969669516,5.849860450076064
1,24,53.4938833,48.14393814045363,5.340736818881158
1,27,61.9129049,55.72098227778066,6.152002099002745
1,29,57.0991298,51.38859502270955,5.695484181580355
1,2,55.66605919999999,50.09880277724594,5.547651849844757
1,6,67.0900092,60.38027148512199,6.691445923059113
1,7,53.3822505,48.0433802663957,5.3182697889256945
1,8,52.539381799999994,47.28487985407277,5.242187449319623
2,10,67.6730952,60.90504542214867,6.747334154640097
2,12,61.572590000000005,55.414664488017706,6.143566022935326
2,14,59.1438356,53.22884789359684,5.907753926191696
2,17,81.4382834,73.29360975119347,8.06185881821203
2,18,73.6368669,66.27240667152319,7.311611623950281
2,21,57.898664700000005,52.108140194680196,5.768701856608538
2,22,81.9246997,73.73133014235205,8.170386569089791
2,23,66.1881515,59.56857927808767,6.547609643897421
2,24,70.29810140000001,63.267580630834864,7.024951248504814
2,27,55.09100300000001,49.5813324154272,5.45317938264861
2,29,63.901805700000004,57.51092234125155,6.37383548035996
2,2,70.2089618,63.18714159003866,6.9887999150486095
2,6,61.4775414,55.329045946060305,6.1239213886227635
2,7,64.1928161,57.77274600300364,6.394646400719259
2,8,59.9071681,53.915839003137044,5.983698939003391
3,10,76.5652372,68.90783459712091,7.631211754292518
3,12,64.56668669999999,58.1093577950401,6.449538566305478
3,14,71.6515361,64.48563565928258,7.154414480661877
3,17,60.144932600000004,54.12981144826098,6.004489092587445
3,18,66.3432243,59.708219829797045,6.567644480849777
3,21,82.9270951,74.6334436259462,8.263438288801188
3,22,60.4509462,54.405132223814114,6.021236275772739
3,23,64.9816736,58.4828298354275,6.43240892060421
3,24,66.271881,59.64402000954145,6.585658905042005
3,27,76.9627759,69.26570238843176,7.618824521743956
3,29,83.3904061,75.05041154679496,8.31406611320892
3,2,57.3207656,51.587978063556825,5.708922247844037
3,6,71.600275,64.43950672679665,7.087941577599587
3,7,52.7151347,47.44291985996579,5.24686556500401
3,8,53.8481793,48.462800393172536,5.375721368304585
4,10,56.4043198,50.76319909322543,5.617780941777388
4,12,83.0563938,74.7498953619899,8.295628304394754
4,14,52.9877056,47.68838213578274,5.29035027528703
4,17,83.266937,74.9393791857149,8.315566518632375
4,18,77.5445593,69.78929545799322,7.676055228218955
4,21,63.7917584,57.41186899365035,6.358381974939752
4,22,84.741783,76.26666562907755,8.450122876799833
4,23,72.275389,65.04703059569317,7.206747550836538
4,24,85.662745,77.09558459167063,8.555310349862863
4,27,56.8067977,51.12552801453258,5.655304339542032
4,29,69.7824881,62.80344054497549,6.956585290467831
4,2,75.26220409999999,67.73518127248799,7.511192095065426
4,6,88.904112,80.01270049755357,8.79523090352389
4,7,66.7967643,60.11635065419632,6.662562275305618
4,8,71.383422,64.24434230227209,7.12908477182424
5,10,77.4714678,69.723440347184,7.723194459672684
5,12,60.507571000000006,54.45618060424906,6.040584786549559
5,14,69.4930796,62.543054727787535,6.941150463162547
5,17,68.6733899,61.80534901442739,6.860710078683051
5,18,65.7489459,59.173371968611114,6.565191470499897
5,21,84.9058263,76.41426967773785,8.460030593305824
5,22,69.7043338,62.73315352933167,6.954004142826183
5,23,71.1988969,64.07827576052786,7.111810092263735
5,24,62.278794000000005,56.050264077374074,6.2178544801608995
5,27,71.1395692,64.02488923326548,7.04320054337853
5,29,86.391096,77.7509570408049,8.60909644999912
5,2,60.9166882,54.82428258197418,6.068793144820147
5,6,72.5988867,65.3381278522016,7.203368420559623
5,7,86.0866986,77.47701273899766,8.579617828484363
5,8,55.7971821,50.21687211976026,5.5684205155679125
6,10,57.572601899999995,51.81459366884835,5.730278343617975
6,12,82.6383289,74.37364385287724,8.254516669364005
6,14,53.095454,47.78531897118437,5.296616542094995
6,17,67.9474843,61.15204543839978,6.789125357200741
6,18,72.1701664,64.9524172986099,7.21187564737423
6,21,63.899186799999995,57.5085411041573,6.366648182154382
6,22,55.84092149999999,50.2561569238506,5.524297195065372
6,23,68.4802841,61.6315290815244,6.834602270989705
6,24,84.58899840000001,76.12922617914694,8.448645406893885
6,27,59.995247299999996,53.995097277923634,5.973015184188926
6,29,61.174160300000004,55.05593821996396,6.089346410098302
6,2,79.9493479,71.95347855828885,7.96866071720822
6,6,90.1798132,81.16082583668765,8.992172161973583
6,7,70.7212847,63.64835091222251,7.050744924951641
6,8,83.0223256,74.71923704955023,8.249424680595432
7,10,86.1592002,77.54232157135301,8.591473556104209
7,12,60.784427799999996,54.7053488474496,6.068246514011171
7,14,84.1526283,75.73649384005589,8.4045852936659
7,17,74.969729,67.47198660089974,7.489248475560438
7,18,90.39639969999999,81.35582250008514,8.94877637245435
7,21,67.3894082,60.64975199323259,6.7234473158931705
7,22,77.8110478,70.02907518086444,7.697853329899211
7,23,90.3364388,81.3018409191431,8.943153768647306
7,24,59.3852493,53.446097269201864,5.927070980377195
7,27,87.20976449999999,78.48788827645906,8.646794721447785
7,29,82.9273223,74.63365476474874,8.269438119745095
7,2,62.2599019,56.032983216335026,6.190311315882042
7,6,71.3784854,64.23976471823488,7.108746908734843
7,7,82.2445223,74.01909398831218,8.196018931097253
7,8,61.216144699999994,55.09388996766097,6.111380043343132
8,10,59.6876554,53.71811976187027,5.940626812371827
8,12,82.5043364,74.25305199503157,8.241125243805062
8,14,57.97691940000001,52.17861423958855,5.78756029954574
8,17,87.7002135,78.9292779698355,8.758538163495544
8,18,80.994152,72.89391391085373,8.01850187155673
8,21,69.6841758,62.71500804972492,6.950608416049326
8,22,62.56865809999999,56.31105054915324,6.219211384594642
8,23,69.6395514,62.67484457483914,6.915598041793458
8,24,85.89959640000001,77.3087496538827,8.579286776829536
8,27,60.877997699999995,54.78956053047107,6.0257556511967785
8,29,65.68674709999999,59.11727222847027,6.543781945228323
8,2,61.7894956,55.60982554520084,6.158148687185317
8,6,88.3295108,79.49546594108544,8.735011132523214
8,7,72.5550516,65.29876263689762,7.239046591172987
8,8,85.8634939,77.27625791445635,8.576515155026604
9,10,86.6152527,77.95275743873084,8.568928209998203
9,12,60.918649800000004,54.82614725270961,6.0816570883028485
9,14,85.7583515,77.18162659055602,8.56582340852835
9,17,66.50696889999999,59.8555820375867,6.641532241122942
9,18,83.5147109,75.16238868619519,8.268563569344995
9,21,80.0030429,72.00167196419137,7.956844317445102
9,22,90.1711653,81.15303936693607,8.970231105951585
9,23,89.3428115,80.40759432039188,8.84360540748846
9,24,60.7231081,54.650159985659315,6.061927882548635
9,27,86.6152527,77.95283379166924,8.574363223926426
9,29,84.6959155,76.22529488678185,8.437164655449468
9,2,67.33607219999999,60.60161916094465,6.705846300322182
9,6,81.867739,73.68008174207878,8.101062490022455
9,7,83.0805321,74.77152503869476,8.281850851838055
9,8,63.89206360000001,57.50219190763324,6.379289827062371
10,10,61.7761244,55.597739286006004,6.149022251985645
10,12,81.37218250000001,73.23412628707187,8.128260383810243
10,14,60.9215352,54.82874124781571,6.082012279135433
10,17,87.10703749999999,78.39542790506847,8.699723571728022
10,18,68.1036716,61.29259883186099,6.74155303466399
10,21,86.9922003,78.2920054773156,8.670632839572038
10,22,62.826032899999994,56.54268553955003,6.257472885091427
10,23,79.9110501,71.91912978088934,7.911523882266231
10,24,84.92710650000001,76.43351995682582,8.482435822420708
10,27,61.7761244,55.59786521864544,6.114591854018397
10,29,76.6338482,68.96930314701406,7.618985556240611
10,2,52.68115209999999,47.41234333943479,5.243608457841078
10,6,78.6160646,70.75357728762137,7.787448336031617
10,7,60.036333500000005,54.03196687118259,5.980509824623239
10,8,76.8797094,69.19095508282044,7.681748346864296
11,10,88.9586553,80.06178962958592,8.866882907564351
11,12,60.319851400000005,54.28723768394347,6.022338780396961
11,14,86.2352822,77.61085925680602,8.61236068882662
11,17,60.7231081,54.65015761464907,6.062089978186799
11,18,73.2133331,65.89125164134799,7.248261111085042
11,21,60.5711105,54.51327830843115,6.031731495671275
11,22,87.6023103,78.84111567605682,8.716594845958207
11,23,89.65787200000001,80.69114326841459,8.873377959818825
11,24,60.8817177,54.792903292342224,6.077165300736119
11,27,88.9586553,80.06187058497608,8.80635229936078
11,29,66.7944323,60.114250840818215,6.662022568333317
11,2,65.0770674,58.568631348985356,6.488141272103575
11,6,80.0539658,72.04772381771816,7.92337093037872
11,7,65.5693897,59.011735735685114,6.54123082393728
11,8,86.1259719,77.51246197627773,8.597711332266867
12,10,62.6741874,56.40600216322335,6.241575423394273
12,12,76.1794695,68.56072295705296,7.605817967548253
12,14,66.1162562,59.50394489923637,6.602582819940769
12,17,86.416132,77.77362354414952,8.631404009114561
12,18,78.8015664,70.92059121373568,7.846414319261932
12,21,84.58899840000001,76.12917813555568,8.436118015232596
12,22,59.5919356,53.63201853317194,5.923148487561016
12,23,74.53806870000001,67.08350248684992,7.379570121839816
12,24,86.0516526,77.44559738969484,8.594166046341664
12,27,62.6741874,56.40611539030038,6.203755638727213
12,29,59.4865439,53.53719775814472,5.929000119402675
12,2,82.6906613,74.4206499385573,8.229891053235066
12,6,69.31711320000001,62.3846637118955,6.8599704260169565
12,7,66.27097090000001,59.6431199354268,6.606996283748301
12,8,60.620011,54.557384226645645,6.05269604745224
13,10,87.2321592,78.507961117632,8.695392402514855
13,12,79.255476,71.32907814587097,7.909742900054449
13,14,86.2847673,77.65538939268204,8.617182659464424
13,17,63.60615979999999,57.24487736318642,6.349928056965395
13,18,74.9272285,67.43374346287953,7.486003959724412
13,21,59.3852493,53.44600119746592,5.912094237350333
13,22,85.7980142,77.21727231518612,8.494560441730595
13,23,84.5738476,76.1155931911818,8.373021649438142
13,24,69.5684018,62.610851590957864,6.887401810851062
13,27,86.6407737,77.975802432754,8.577218452733922
13,29,71.2132527,64.09115326187276,7.10469035269767
13,2,65.925449,59.33214060137879,6.570320108800673
13,6,79.7627756,71.78565134243433,7.894207928948576
13,7,82.3959708,74.15542703661531,8.21380978123289
13,8,69.34824689999999,62.41272088907301,6.866094893019115
14,10,67.5302117,60.77640552936093,6.729370715640381
14,12,60.395418899999996,54.35523695876189,6.027805510046853
14,14,59.192406600000005,53.27254009030453,5.909000651404676
14,17,79.6472521,71.68170797553947,7.885054314023994
14,18,85.3323424,76.79822366797335,8.497207751137655
14,21,85.89959640000001,77.30869840640842,8.566122412492096
14,22,59.17769510000001,53.25918955951317,5.852061120269718
14,23,80.510553,72.45866016209291,8.039082555815622
14,24,58.7838443,52.90484806732735,5.868545553578259
14,27,61.630016600000005,55.46636972374992,6.100156914626403
14,29,85.22327200000001,76.69977273814445,8.480348449985678
14,2,83.6612445,75.29412149139374,8.335669176397342
14,6,78.1944196,70.37412766276358,7.739208276712249
14,7,64.7095932,58.23766650602737,6.434408422094664
14,8,57.214136100000005,51.4921019154378,5.7061842414274455
15,10,86.010544,77.40849311896895,8.5695983962068
15,12,72.94693410000001,65.651492726697,7.2869048713468105
15,14,83.8161831,75.43369793390832,8.372011828076912
15,17,57.050165799999995,51.344522219768315,5.6916205101859445
15,18,66.5280453,59.874544656794434,6.623220293696966
15,21,60.7231081,54.6500745605795,6.046779629138378
15,22,86.2781707,77.64939061709214,7.0864703613688835
15,23,92.9292456,83.63533268831968,9.264699623317538
15,24,81.4846064,73.33529810114213,8.137438100000725
15,27,83.2165351,74.89401209341789,8.237492484864887
15,29,70.5598288,63.50305439508696,7.036290966118928
15,2,58.199609200000005,52.37889738739335,5.794143064748465
15,6,77.30950949999999,69.5777015787066,7.709078220618103
15,7,73.5540199,66.19785151680773,7.344208868156979
15,8,81.7041713,73.53291298054867,8.160363587926534
16,10,60.3491279,54.31349576271444,6.010253645849952
16,12,73.1054353,65.79413610179091,7.301160309150406
16,14,63.922630000000005,57.529706843244014,6.3842180895827925
16,17,69.8825386,62.89357564804844,6.983313368075932
16,18,86.9015552,78.21050177705293,8.603017355746466
16,21,85.8989487,77.30811484541063,8.498980109971765
16,22,60.5271533,54.473704681508295,6.014668518999665
16,23,70.0534164,63.04732414981927,6.990316339706848
16,24,60.6220643,54.55922456640023,6.052540007344905
16,27,78.2565274,70.4300569520175,7.813098557323583
16,29,86.4626672,77.81521551726519,8.603827954718291
16,2,81.35878699999999,73.22199081540685,8.11188448832702
16,6,86.6772001,78.00848633727476,8.574068191836966
16,7,73.2180424,65.89541678454417,7.301683279931678
16,8,58.404732800000005,52.5636450482552,5.8291780166329135
17,10,76.5544889,68.8981612183718,7.629988604169309
17,12,87.9231188,79.12989154038203,8.780591214910423
17,14,79.5740655,71.61580437166285,7.942867011848707
17,17,86.26751569999999,77.63987297967753,8.617204245727416
17,18,68.8022796,61.92133454607325,6.810407133065591
17,21,61.933690500000004,55.7395861099878,6.1669434686952975
17,22,87.3484208,78.61261254901866,8.709402010266087
17,23,88.5760269,79.71749643777851,8.843559509011575
17,24,86.26751569999999,77.6398743141941,8.617240177116189
17,27,63.1671256,56.84975904436435,6.307723821614611
17,29,59.528760199999994,53.575116652450525,5.926247354144355
17,2,59.7198955,53.74711810316337,5.944280122786928
17,6,71.9410114,64.74615183755266,7.120273482613707
17,7,73.33220390000001,65.99820048406018,7.318517842959988
17,8,81.1643098,73.04704318914584,8.082877913619592
18,10,57.455321299999994,51.70908949910547,5.722030751211144
18,12,63.9362305,57.54193506629403,6.382537113114932
18,14,54.913398199999996,49.421480381117235,5.481979735900058
18,17,61.21108159999999,55.08932471126592,6.110109790293994
18,18,86.1845003,77.5651597154198,8.4809708724612
18,21,86.0516526,77.44554247379016,8.579900908248936
18,22,70.6283402,63.56475145181699,7.0467039369509274
18,23,68.7097607,61.838042896275596,6.855525151831574
18,24,61.21108159999999,55.08932738600607,6.110271791646564
18,27,66.55602830000001,59.89974457334541,6.648398290994103
18,29,77.11443890000001,69.40217715968875,7.696409600836135
18,2,85.9228408,77.32958548538338,8.567517604824616
18,6,69.4437791,62.49866071932371,6.911277648209288
18,7,58.463691600000004,52.61656134676577,5.820421858617807
18,8,58.7773163,52.89896622610734,5.850937795139385
19,10,78.2301025,70.40618721705324,7.7966709739519375
19,12,87.5454617,78.79001238644214,8.744940769035574
19,14,67.7936913,61.013628153825564,6.772554659373906
19,17,87.66245459999999,78.89530349249517,8.75597806865411
19,18,67.4076695,60.66619994911025,6.672354504853021
19,21,65.6059012,59.044591686351474,6.540736791588398
19,22,66.2834007,59.65435928608513,6.613469655142259
19,23,86.5245607,77.87119597359073,8.635877843350181
19,24,87.66245459999999,78.8953048307403,8.756652527497522
19,27,73.7739752,66.39579270569168,7.363729198605142
19,29,61.2157539,55.093393529255984,6.095081715206209
19,2,62.01798670000001,55.815397448413016,6.174943403331405
19,6,62.0396274,55.834843867048285,6.130549911327806
19,7,70.5275152,63.473981674665474,7.034375650798649
19,8,82.5743754,74.31608654985332,8.223156587225942
20,10,59.08299890000001,53.17396987384231,5.883984476028189
20,12,63.743047399999995,57.36807574570413,6.363855686396802
20,14,87.9986607,79.19788304812364,8.790061717343377
20,17,61.512027,55.36017240441942,6.13791136275599
20,18,83.35844730000001,75.021741477835,8.252178466121837
20,21,67.03466399999999,60.33046977483742,6.685114870930158
20,22,90.33623750000001,81.30161610346019,8.970342906144378
20,23,65.8908357,59.30105535290757,6.576117478217493
20,24,61.512027,55.36017511926099,6.14033890333008
20,27,68.2176766,61.39520853642158,6.793567217616791
20,29,82.5467082,74.29109957674103,8.230648170826854
20,2,82.593894,74.33350006401942,8.226865430499005
20,6,85.58323180000001,77.0239552370184,8.466625387313488
20,7,87.3619673,78.62477974149412,8.709589672670806
20,8,61.2157539,55.09353824524837,6.110570878244862
21,10,86.3990897,77.75821387367907,8.614748825525202
21,12,84.618431,76.15571398123903,8.452085685654405
21,14,60.0807828,54.07206944065465,5.997760698430531
21,17,85.6760694,77.10757724852093,8.466476792575962
21,18,68.91656929999999,62.02420890437583,6.84829510246793
21,21,71.31786869999999,64.18531690982522,7.113272570753727
21,22,69.2576339,62.331085626217536,6.880108198475359
21,23,71.6454212,64.48014504140217,7.156739318084141
21,24,86.7038015,78.0325258960138,8.660554018089547
21,27,88.1483388,79.33259296142442,8.803410607592758
21,29,69.8028603,62.821810168070336,6.963182313984277
21,2,79.19889810000001,71.27803915417957,7.888760430750824
21,6,65.8806344,59.291735112312395,6.51166273369175
21,7,65.5664937,59.00900779387956,6.481662752185838
21,8,83.0148393,74.71249836851892,8.290750014024235
22,10,60.0330397,54.028981303466814,5.976739594271417
22,12,63.8758736,57.48762071521872,6.3776515913870035
22,14,88.0553599,79.24891173828456,8.795728411908462
22,17,60.9803325,54.88165256390739,6.035437536435072
22,18,66.4697893,59.82213541539697,6.605343922449302
22,21,87.2664082,78.53881419037262,8.634703656407682
22,22,89.4387866,80.49377174380432,8.86816624625874
22,23,69.0697398,62.16203853722787,6.894352844410219
22,24,62.0114165,55.809624163946125,6.190842459517057
22,27,61.7602163,55.58355113754923,6.166304876069214
22,29,59.51071329999999,53.55890598187955,5.927420891850887
22,2,68.8515346,61.96563243102673,6.868823889615941
22,6,85.4329575,76.88871000774436,8.453073464414707
22,7,87.538873,78.7839385509906,8.656404402836637
22,8,62.946075199999996,56.650816272277275,6.285603831346738
23,10,82.64220610000001,74.37680396652225,8.217911009647079
23,12,83.6487939,75.28305289096745,8.355774302527498
23,14,61.821189600000004,55.63841747685757,6.1716490114738916
23,17,87.2208737,78.49788245540527,8.606309512526332
23,18,86.34416999999999,77.70886199182459,8.496628338777356
23,21,62.33030899999999,56.09653828778382,6.193216304792332
23,22,74.8504119,67.3645443557995,7.445923394489685
23,23,75.7742448,68.19604545578717,7.570298525216753
23,24,87.2208737,78.49788423943295,8.711888298373292
23,27,87.1503006,78.43437150890918,8.704360784429529
23,29,72.4100627,65.16826265054372,7.223115900358513
23,2,67.1997938,60.47901233389002,6.695878575061021
23,6,66.7405988,60.06569582632497,6.645159491564242
23,7,93.4236263,84.07991771455335,9.291312742027936
23,8,77.29446039999999,69.56421387143163,7.719420173549717
24,10,77.4207995,69.67786904891436,7.721528664271065
24,12,61.592077999999994,55.432222136616666,6.145711222646997
24,14,89.6872238,80.71757083956079,8.958481479460552
24,17,63.432053499999995,57.088183351034814,6.306558014021048
24,18,66.8015816,60.12072427231172,6.611018678263602
24,21,87.66245459999999,78.89525655609914,8.721186362704756
24,22,88.4614327,79.61431641295084,8.752526697925846
24,23,86.9754182,78.2769630671838,8.684342045223929
24,24,63.432053499999995,57.088185650484505,6.333308991441967
24,27,63.5255894,57.17236580472032,6.341348207064189
24,29,88.20848289999999,79.38660777611894,8.496258085570371
24,2,70.4654419,63.41808708892382,7.024450105008602
24,6,86.0816602,77.47253072747341,8.583057672072274
24,7,76.29461640000001,68.66431283337892,7.610317267423254
24,8,60.984292399999994,54.88523371100075,6.089911655577338
25,10,89.4367276,80.49205642638856,8.918086320372883
25,12,83.7676291,75.39000217736488,8.294921364403752
25,14,64.0211598,57.618371190598594,6.391991611945444
25,17,85.0535489,76.54731415735787,8.45014984397498
25,18,86.1204835,77.50754646530582,8.474613258237559
25,21,61.512027,55.36007855998075,6.110076827345354
25,22,66.0064212,59.40501135671591,6.527288421065845
25,23,66.79061750000001,60.11083907193949,6.665490195772651
25,24,85.7254809,77.15204625721277,8.56245450422946
25,27,89.4367276,80.49213196615648,8.886912627156091
25,29,65.5664937,59.009013932912666,6.528271475341342
25,2,90.4179991,81.37517399456131,9.01549920159094
25,6,69.3280342,62.39440791331985,6.907510813498277
25,7,72.3057875,65.07425328821681,7.197585928827642
25,8,70.7577996,63.681295846074974,7.068489674506592
26,10,64.0034703,57.60232763699476,6.373652006529931
26,12,61.0829769,54.97404486103092,6.074635121787022
26,14,90.3488093,81.312990916125,9.024602734235865
26,17,64.8238764,58.340830126012484,6.474020942886447
26,18,67.6716507,60.90377731759413,6.658628048155761
26,21,86.7038015,78.03247398060614,8.578196435505223
26,22,88.0366685,79.23202747050273,8.707726732653045
26,23,85.18291190000001,76.66372820293888,8.505668257528605
26,24,61.7282024,55.55473072891869,6.161734151574773
26,27,64.0034703,57.602453649578656,6.389103584091703
26,29,87.7206806,78.94762742543405,8.748015644940608
26,2,70.7090406,63.63730775990853,7.047099953733756
26,6,86.1513561,77.53523328086777,8.58726523462742
26,7,69.7769048,62.798353348606724,6.950736292063632
26,8,87.3619673,78.6248694827553,8.680775126090383
27,10,88.68398549999999,79.81458976776402,8.8420728624413
27,12,78.6473759,70.78182334629078,7.814154372374025
27,14,65.25307959999999,58.727086210844874,6.515083886698184
27,17,76.0276817,68.42412278925768,7.591809810370785
27,18,86.4927701,77.84259942311797,8.562469300322983
27,21,62.0114165,55.80953766175936,6.130499508249522
27,22,73.6295154,66.26580726818595,7.256781848740975
27,23,64.47869899999999,58.03013135352084,6.433833368635852
27,24,68.81943700000001,61.93677481671757,6.870757179225272
27,27,87.2042855,78.48295839421993,8.710014070229162
27,29,68.4947486,61.64445613458824,6.825129676025144
27,2,91.20457830000001,82.08305740936632,9.09068230819402
27,6,73.48456490000001,66.13532959449645,7.333111631958122
27,7,75.5531697,67.99702165202596,7.536696018592433
27,8,65.5664937,59.009158701544706,6.51338382488494
28,10,65.1500441,58.63424749584762,6.488789970549934
28,12,61.1627232,55.04581928884188,6.10686779588591
28,14,87.8307272,79.04674591544884,8.773579320850923
28,17,60.7112549,54.63949303777293,6.060808508933283
28,18,68.14446269999999,61.32930616976966,6.7453702499480235
28,21,85.6474079,77.081735070752,8.474129429803652
28,22,92.41454850000001,83.17207831531451,9.103843656463646
28,23,83.7856642,75.4062176096799,8.365628485018624
28,24,78.2061842,70.38473840422901,7.807248815644074
28,27,62.2259588,56.00270830505069,6.210920518385062
28,29,80.5491624,72.49332911153971,8.031181217287543
28,2,74.5479137,67.09226194369549,7.42987905757462
28,6,75.0715634,67.56337206755889,7.438018280480346
28,7,77.9079959,70.11631050640747,7.7681794897389205
28,8,87.7206806,78.94770866678874,8.66877466093372
29,10,87.28359999999999,78.5542697213308,8.703833779911783
29,12,75.8768678,68.28836586173792,7.571480914694423
29,14,61.8938809,55.703838892108294,6.178911909623725
29,17,86.7724918,78.09434622124765,8.666859290312308
29,18,80.1206315,72.10775245125836,7.884672799289823
29,21,60.63178,54.5678651553502,6.013699405596828
29,22,65.1375299,58.622980059271335,6.482037445664233
29,23,68.56729940000001,61.70986433342147,6.848552832141398
29,24,64.6807159,58.21198732264511,6.46224600099217
29,27,87.28359999999999,78.55434056919596,8.692486757966352
29,29,57.785650700000005,52.0061986731891,5.744141595153295
29,2,84.3877904,75.9481032356011,8.420537567414645
29,6,72.2550728,65.0287314137357,7.1980633793783415
29,7,66.2397912,59.6150857497015,6.607599099557848
29,8,61.2029559,55.082016474473576,6.057621511552989
30,10,63.455600000000004,57.10927794962521,6.3206374397823
30,12,68.14206779999999,61.32716051627965,6.805263374298749
30,14,73.34469569999999,66.00947494580498,7.3275072639618175
30,17,62.5615709,56.30475104753821,6.244689090433191
30,18,67.8102094,61.02849011428643,6.712848664121115
30,21,85.0535489,76.54726398973118,8.436486817890092
30,22,89.36519349999999,80.42769716451188,8.907724546390778
30,23,64.902018,58.41113441391622,6.479240149808929
30,24,87.760616,78.98364796482166,8.76616146604615
30,27,68.7946015,61.914442300017214,6.851941834891426
30,29,83.37079560000001,75.03277609365578,8.31305220563132
30,2,91.2221056,82.09877956507125,9.084202076497364
30,6,59.457455,53.51091659649058,5.902954654525956
30,7,65.3098119,58.7781140428618,6.514724637906314
30,8,84.87662639999999,76.38808946300226,8.402642008609227
31,10,80.65237739999999,72.58621777711205,8.005655981452009
31,12,83.9601287,75.56324993485347,8.385504267792111
31,14,83.8210567,75.43807776556184,8.37145626347234
31,17,88.5544576,79.6980957298729,8.844617003289526
31,18,73.9300626,66.53630852335061,7.275635285590807
31,21,68.9090325,62.0173931308915,6.856525703160262
31,22,64.72691999999999,58.253451465123725,6.44578301774999
31,23,76.2908712,68.66093814681184,7.610331876576597
31,24,63.60479959999999,57.243652396257716,6.349909631956399
31,27,81.5620295,73.40498123470142,8.07411386628056
31,29,60.5630794,54.5059717554612,6.028373287841414
31,2,66.3953043,59.754916263802635,6.607363676937308
31,6,76.446056,68.80055235155778,7.560219376610938
31,7,79.8277583,71.84413427940238,7.967783079233798
31,8,58.931625200000006,53.03784244584001,5.832779582211218
32,10,68.811216,61.92935925243779,6.863498000560823
32,12,62.0568598,55.850524412890934,6.194524824832973
32,14,62.5372653,56.28288155760494,6.243718944235617
32,17,62.642508500000005,56.37759802787014,6.253258875357342
32,18,76.9141233,69.22193165122313,7.569228407956535
32,21,64.6807159,58.21196373234087,6.401473873026679
32,22,88.685027,79.81554969011036,8.843676953679658
32,23,60.8965795,54.806254631475575,6.0744729015836665
32,24,89.1043413,80.19298550274743,8.899215425580662
32,27,63.0690612,56.76149785782422,6.279223234371113
32,29,85.1776861,76.65893645818835,8.4913936135123
32,2,89.957695,80.96075821200314,8.914908238565673
32,6,66.4286822,59.785030775469615,6.578437202338893
32,7,67.11444519999999,60.40220407974301,6.688231056743607
32,8,83.37079560000001,75.03285738872329,8.253552876916928
33,10,84.8910418,76.40103671445073,8.469346871283435
33,12,86.72533100000001,78.05190326863702,8.661459030847633
33,14,93.0527853,83.74654121895595,9.294748199782838
33,17,86.8696169,78.1817566075377,8.676284351683464
33,18,71.5551628,64.39891984055994,7.1109491522091695
33,21,87.760616,78.98359606454223,8.683275349758278
33,22,73.4623906,66.11532964912881,7.323055766114577
33,23,82.0674571,73.85979015427523,8.185163009448567
33,24,64.4638662,58.01680634541207,6.435549727380187
33,27,92.1093604,82.89747255829526,9.172936289035382
33,29,62.625114,56.361855883265584,6.239890315194531
33,2,93.5435304,84.1879744036565,9.312847014314107
33,6,85.3627895,76.8255306059181,8.455094212969414
33,7,84.5371348,76.08242133064677,8.424360419210446
33,8,60.5630794,54.506134362164254,6.013776037414376
34,10,92.0965087,82.88572631708504,9.172151042548508
34,12,71.32216249999999,64.1892091051114,7.122027526943894
34,14,67.4625658,60.71560083275761,6.73585432004251
34,17,62.2430832,56.01811941173158,6.213954521270549
34,18,88.4664791,79.61891823227373,8.758034873530876
34,21,63.60479959999999,57.243566073970705,6.2969602782998395
34,22,90.82990629999999,81.74586793873928,9.050982463987921
34,23,81.3076965,73.1760912652813,8.122364518103769
34,24,87.39200969999999,78.65190485747338,8.728158922911762
34,27,68.5919347,61.73202671423841,6.848920373279898
34,29,75.0293578,67.52553651689952,7.477395805183577
34,2,76.0443215,68.43906589952536,7.586510938564049
34,6,67.2787546,60.5500636734589,6.652093144441638
34,7,62.290767800000005,56.06090770183644,6.202867673331798
34,8,84.1487074,75.73296885506544,8.31554874971868
35,10,65.1166913,58.60419572382767,6.482473526016327
35,12,88.6887004,79.8189070122407,8.855643892929248
35,14,91.55409300000001,82.39771736085859,9.141488890202888
35,17,87.67369240000001,78.90541620350048,8.756641630163555
35,18,69.7248578,62.75164253984324,6.901616123275834
35,21,88.7621156,79.88491790534611,8.781047375415332
35,22,64.9757156,58.47737766840571,6.472780695461446
35,23,71.4941307,64.34390627601996,7.129650432314363
35,24,63.9743867,57.5762798901427,6.387277275236499
35,27,93.0022675,83.70108091650522,9.289149377376937
35,29,57.556546600000004,51.800187962066744,5.73319619276856
35,2,62.383431300000005,56.14433604640687,6.214283673709292
35,6,82.8953778,74.60476943949763,8.19405946279445
35,7,82.9196288,74.62672748115877,8.231752896503414
35,8,65.4861989,58.93691732867106,6.47192385489823
36,10,92.7951645,83.51461470324206,9.252890355193314
36,12,65.9540774,59.35797627705554,6.581323039031678
36,14,81.87738949999999,73.68881614115158,8.182162122685952
36,17,63.37486020000001,57.03670695266063,6.327034796792417
36,18,85.9507243,77.35473998555477,8.556421093156501
36,21,87.7238257,78.95020891403111,8.701019877679816
36,22,86.0047435,77.40332715687418,8.576836038020886
36,23,65.2759918,58.74764586741861,6.508708864839182
36,24,85.2179718,76.69527911485669,8.507824908855557
36,27,66.2810075,59.65221347429564,6.617489000439943
36,29,73.7405192,66.36559511735307,7.348039555139926
36,2,82.2708128,74.04278146522675,8.137586642828706
36,6,87.7716337,78.99340868165297,8.742932753732845
36,7,63.1157222,56.80334046598258,6.284057147828644
36,8,84.4436257,75.99839107593402,8.344623551538266
37,10,66.4311561,59.78721946288613,6.6134199103144615
37,12,75.3275901,67.79402163624485,7.516606115857353
37,14,92.3166581,83.08402566543103,9.219419175246305
37,17,88.111808,79.29971432655063,8.800107252301492
37,18,90.14570979999999,81.13019394024792,9.000275497133737
37,21,62.642508500000005,56.37751499224886,6.238617910079792
37,22,61.030732099999994,54.92692078075136,6.077183043507818
37,23,84.81679840000001,76.33419464385142,8.423471809612106
37,24,92.1279753,82.91419940302713,9.195979555066659
37,27,92.7951645,83.51468997688835,9.043067985263844
37,29,59.7590464,53.78238911522714,5.951052173676371
37,2,63.4894461,57.13967371252063,6.305636818413296
37,6,70.8180351,63.73541256340391,7.058140839835755
37,7,72.067339,64.85985332209955,7.195356834119492
37,8,63.6238914,57.26083946179474,6.297714245041966
38,10,89.9647413,80.9671808824511,8.89535481098373
38,12,85.1715152,76.6534826391683,8.505878003529638
38,14,61.2447253,55.1196055962726,6.114052647856971
38,17,69.42383439999999,62.48074126746025,6.935719416368752
38,18,71.18848129999999,64.06889152780725,7.107574453930318
38,21,85.5248923,76.97143413038752,8.522982221012787
38,22,71.2899512,64.16019447068112,7.112065889991541
38,23,88.98791419999999,80.08810675386489,8.874094413461123
38,24,65.0967502,58.586395373888806,6.498808174278815
38,27,66.4311561,59.787345090182214,6.499012490107823
38,29,79.7887211,71.80900336583213,7.964088234010065
38,2,91.19668180000001,82.07598721522656,9.071509312631207
38,6,81.2941795,73.16385324370091,8.08193484840349
38,7,62.3686697,56.131018733195724,6.211405307040078
38,8,86.2206967,77.59773769277673,8.520175032070537
39,10,93.3628064,84.0253809320611,9.296102387169475
39,12,63.526036100000006,57.172764355306256,6.34069829507868
39,14,79.21318600000001,71.29105218935749,7.91324390117664
39,17,58.014680799999994,52.21260914752502,5.792796088916844
39,18,87.7541908,78.977863680168,8.738840825855092
39,21,71.9987914,64.7981134044969,7.1768940443046265
39,22,72.1930867,64.97299655112381,7.200179431980964
39,23,78.4061112,70.56469020107131,7.8311867752937525
39,24,88.111808,79.29971584924715,8.800075697720958
39,27,91.550505,82.39450935089832,8.92082886559012
39,29,71.7907266,64.6108881080913,7.164568220326296
39,2,67.7441628,60.96889573767832,6.730232047704226
39,6,79.65252430000001,71.68640131713302,7.925238563105881
39,7,80.495992,72.44555743447509,8.038513239088669
39,8,61.928535100000005,55.73503359898173,6.118868544082904
40,10,67.0970417,60.386509721977184,6.681615385130372
40,12,85.0984344,76.58770491341025,8.495727394788922
40,14,64.6932242,58.223222165226275,6.459123898365586
40,17,79.9015132,71.91053090152273,7.979890413321509
40,18,73.2202831,65.89749410154924,7.247971119051871
40,21,87.67369240000001,78.90536573090654,8.67477003423516
40,22,90.1195085,81.10656237901239,8.963924302958187
40,23,72.16183459999999,64.94489392398596,7.20460648293179
40,24,69.3637296,62.42664798276062,6.929598759670652
40,27,67.0970417,60.38663548187191,6.641367513833534
40,29,84.89091429999999,76.40083490300421,8.46187318978616
40,2,91.6862714,82.51661202108738,9.066948046991428
40,6,74.4494322,67.00364599943839,7.400019013279689
40,7,82.5544457,74.29810018669568,8.236267934885262
40,8,81.99487429999999,73.79454247964834,8.102775502885226
41,10,91.0518245,81.94562684222164,9.079225559635805
41,12,74.16232529999999,66.7453369884488,7.408906143377788
41,14,64.95159000000001,58.45577196660976,6.490067238245883
41,17,59.9952904,53.99512924552369,5.989360359439079
41,18,84.7095799,76.23775153976482,8.386327986814527
41,21,63.37486020000001,57.036622819680666,6.265404691572447
41,22,65.4156656,58.87332689184,6.466785415043286
41,23,84.55235,76.09621377529125,8.439913103346097
41,24,59.003270799999996,53.102333354919786,5.891751191500721
41,27,91.0518245,81.94570229643745,9.013363170272159
41,29,62.3642538,56.127031506218096,6.209678704601846
41,2,67.3557321,60.61931119150565,6.658256542985271
41,6,84.6496759,76.18367910893382,8.4314370275535
41,7,81.2155912,73.09317053100243,8.105627542466326
41,8,59.71547940000001,53.74330305784371,5.910249270195715
42,10,69.6013241,62.64046733951231,6.948016394363075
42,12,61.7273755,55.55395733998261,6.156625006941852
42,14,81.72645589999999,73.55296389508334,8.163210312992817
42,17,88.1212647,79.30822662136448,8.801330140616285
42,18,72.4583476,65.21174725995982,7.23304937132292
42,21,88.111808,79.2996371092681,6.323954009803465
42,22,89.6871633,80.71746597054286,8.871973366847833
42,23,69.3255564,62.392246288719534,6.917086150890524
42,24,75.57225869999999,68.01426157040461,7.550499080186617
42,27,63.1778851,56.8594403524898,6.253688333343372
42,29,82.13995109999999,73.92493207020831,8.181069069588444
42,2,91.70390569999999,82.53248282911144,9.072341278981876
42,6,68.1354692,61.32116470445501,6.794522540896437
42,7,70.4540576,63.40789467899669,7.029421057395653
42,8,82.9196288,74.62681191934796,8.194105951992787
43,10,87.9834338,79.18410702632514,8.770517959293084
43,12,69.60757029999999,62.64610416781848,6.916983608330337
43,14,56.7253068,51.05217590303451,5.662511560254974
43,17,61.908429600000005,55.71693464791054,6.180502363736982
43,18,83.58597089999999,75.22651368616233,8.349554211698411
43,21,65.7235684,59.15052355715481,6.504573426261962
43,22,64.4496053,58.00385385038983,6.370774726140282
43,23,69.4288208,62.485226123543875,6.9350360048864506
43,24,89.85703430000001,80.87038244222212,8.97132563230256
43,27,80.4580251,72.4113900701433,7.839700526733514
43,29,70.5307146,63.47689154511034,7.038077979841062
43,2,67.4651519,60.71778946300925,6.717830838541637
43,6,73.3544002,66.01806756276723,7.306836844174267
43,7,83.4812686,75.13225664780876,8.331954266343635
43,8,61.340339099999994,55.20565985207629,6.060445359754308
44,10,63.104067500000006,56.79287444322281,6.283377148092048
44,12,83.72496980000001,75.35160487269758,7.053022611623635
44,14,85.2631536,76.73595362466766,8.516328651874131
44,17,87.6749879,78.9065821399838,8.756776044254803
44,18,66.53728890000001,59.882855954983754,6.641632289033725
44,21,79.9015132,71.91046777710332,7.903222323385799
44,22,90.04241090000001,81.03718028531928,8.905811357002813
44,23,77.75894129999999,69.98222069452565,7.761891290800249
44,24,61.908429600000005,55.716937024116895,6.180553890618157
44,27,60.0821289,54.07329195488762,5.947202316547859
44,29,67.7910041,61.01116507144793,6.762722019664458
44,2,90.37764109999999,81.33885910818042,8.990010205423163
44,6,71.5403724,64.38557036136378,7.13870705030904
44,7,73.1994055,65.8785820040717,7.261716911814695
44,8,83.76220450000001,75.38511907271419,8.277177016191272
45,10,88.78045490000001,79.90141781345824,8.852523782482004
45,12,73.1968026,65.87638246678073,6.166046827094
45,14,58.2082981,52.38685579079001,5.761636814556784
45,17,62.65956499999999,56.39294870345012,6.255566897552722
45,18,78.25985039999999,70.43305603337912,7.8153776251486615
45,21,59.9952904,53.99504614205188,5.97348821319911
45,22,61.778280699999996,55.59970551069537,6.107410255163508
45,23,64.3188604,57.88626373223457,6.416015526082739
45,24,87.6749879,78.90658356514842,8.75761130369884
45,27,72.0279395,64.82440978190544,7.131079589248021
45,29,86.1423113,77.52701465418181,8.580431888297396
45,2,67.9211013,61.12813916033374,6.763241849309331
45,6,89.2188017,80.29578725727853,8.882420437726122
45,7,93.60377170000001,84.24232154662708,9.259949847021034
45,8,62.23241470000001,56.00852903097635,6.160227842533291
46,10,61.832696,55.64865332050024,6.157045604326476
46,12,63.49751259999999,57.14711663914827,5.964323718664645
46,14,83.58242609999999,75.2233161205801,8.273932908916802
46,17,88.8311621,79.94712690300689,8.872260320868588
46,18,65.8968347,59.3064703546616,6.580016922000686
46,21,88.1212647,79.30817677190849,8.787160180781095
46,22,88.3245683,79.49113981524621,8.736854699089596
46,23,81.11271450000001,73.00061192009814,8.103625851698713
46,24,62.65956499999999,56.3929510797656,6.255603004370566
46,27,89.6266677,80.66307182711626,8.872822131307815
46,29,85.0007232,76.49961874999147,8.46853220476385
46,2,91.6026958,82.44138769747784,9.062339086674218
46,6,92.3397756,83.10458275560484,9.125728092811205
46,7,73.54615100000001,66.19064880748572,7.272711890149341
46,8,73.6871779,66.31767621106972,7.292974490430403
47,10,88.0431291,79.2378379420784,8.777196549097704
47,12,81.1928614,73.07273502133536,6.839540048180541
47,14,60.41441400000001,54.37233730833194,6.014552525591324
47,17,64.01113389999999,57.609346651052974,6.389782118659806
47,18,79.3740976,71.43586114952701,7.92542084668319
47,21,61.908429600000005,55.716851608917466,6.165353704972039
47,22,60.780730000000005,54.701920198169326,6.008046133550099
47,23,70.9390151,63.84436438099474,7.081594154212026
47,24,89.3815178,80.4424414809018,8.927834123797787
47,27,64.8958549,58.40559306744198,6.423820684179255
47,29,79.59570889999999,71.63529632773016,7.945134515626996
47,2,66.5261464,59.87273543891482,6.578471522862704
47,6,72.3253632,65.09197162457566,7.152152624095032
47,7,92.1980488,82.97718505485828,9.094832263187634
47,8,68.3882564,61.548737083752464,6.770820840339737
48,10,63.425605600000004,57.082236133359174,6.313596036741701
48,12,60.745996700000006,54.670756089972684,5.117070061292033
48,14,85.00557140000001,76.5041321158748,8.415149837681554
48,17,89.8483364,80.86257303952434,8.894890987784857
48,18,71.0539209,63.94779435759055,7.096069386795858
48,21,86.6379287,77.97319411691532,8.64076393678506
48,22,84.6646567,76.19725187488201,8.373134913649084
48,23,87.0961714,78.38560697206245,8.691082470991807
48,24,65.7226388,59.14968862088216,6.562181433031535
48,27,87.6751481,78.90672969831319,8.67974938161006
48,29,92.65788470000001,83.39084690479183,9.221870288265158
48,2,74.3347644,66.90044834341641,7.364059297944192
48,6,81.1981182,73.07742767148234,8.035201175936967
48,7,71.5158756,64.36342231746428,7.091699430771439
48,8,86.1244087,77.51106849092979,8.525181077452363
49,10,91.37862100000001,82.23974029989435,9.111876513016494
49,12,82.61943600000001,74.35663856363782,6.95933571615841
49,14,73.56859209999999,66.21097973352258,7.283334900632137
49,17,67.3126832,60.58071232497225,6.672957917990029
49,18,89.2351554,80.31071489439813,8.912468869287721
49,21,61.6067556,55.445333785428815,6.1337456300138165
49,22,66.7414508,60.06661545130015,6.60654689507435
49,23,75.00420559999999,67.5030033799675,7.489597585137007
49,24,89.8483364,80.86257463372105,8.974811723373161
49,27,64.9014057,58.410588728266404,6.424352274375537
49,29,68.3169929,61.48443484097255,6.803661567392223
49,2,66.3811834,59.74234538743515,6.568546385353975
49,6,87.53290989999999,78.77863944092819,8.659019849355378
49,7,90.61887159999999,81.55583710438488,8.984094401311067
49,8,76.098383,68.48776248947286,7.520053271137997
50,10,66.12958289999999,59.51580685340396,6.585070999969007
50,12,63.7413075,57.366507980303524,5.3695143932961225
50,14,55.090632799999995,49.58098938664429,5.4527418469564175
50,17,90.4486079,81.40280632978869,8.953979223587469
50,18,69.52045890000001,62.56768591945218,6.941103362779324
50,21,85.2424231,76.71726075839612,8.50270306225616
50,22,85.9514588,77.35537091028706,8.515703534836708
50,23,85.42603749999999,76.88252344725676,8.527197162706376
50,24,63.9336237,57.539590671199484,6.382900000067149
50,27,90.12145620000001,81.10837794320588,8.921750272706648
50,29,90.72360900000001,81.65020944524822,9.045178193269894
50,2,88.3343115,79.49987570874997,8.738106072290488
50,6,81.4312348,73.28722766185882,8.058110661158253
50,7,74.7731985,67.29508576591456,7.423975179789059
50,8,88.9286959,80.03488988888564,8.786738730963895
51,10,90.2360273,81.21141123233929,8.996794475551424
51,12,84.4536791,76.00743403927572,7.114243716826476
51,14,74.5201769,67.06738600936156,7.376977649776543
51,17,63.0894164,56.77982009811917,6.245262035700739
51,18,86.68049740000001,78.01155341798379,8.658295600670373
51,21,73.749986,66.37415021693204,7.349569092223632
51,22,62.44967259999999,56.20393535135359,6.174382141265174
51,23,63.691693900000004,57.321834940816615,6.355221139574436
51,24,85.1975687,76.67688338059936,8.501403801334554
51,27,68.1845846,61.36541791081907,6.74956069367531
51,29,82.0151939,73.81278351821985,8.18284003111834
51,2,76.0165095,68.4140326516853,7.522193201037488
51,6,78.8214229,70.93841495039906,7.798793315332725
51,7,77.1763474,69.45766859187468,7.679992420683826
51,8,76.93906630000001,69.24436677353843,7.6030012647012715
52,10,71.2756666,64.14735857889737,7.110925779055603
52,12,66.15447169999999,59.53833603805565,6.213375248572971
52,14,63.3172887,56.984915410805655,6.268543951072229
52,17,69.0721538,62.16423386809721,6.838305852238216
52,18,69.31269180000001,62.38069768832034,6.920356240285931
52,21,91.0679222,81.96010346209833,9.077100325492522
52,22,87.7388815,78.96403333311096,8.749909678387958
52,23,80.3480717,72.3124222580961,8.022568903210633
52,24,90.9629921,81.86574421722317,9.037885900750767
52,27,91.0842362,81.97484731728261,9.015367263262915
52,29,68.8342868,61.950036978699366,6.858934375942661
52,2,70.85289329999999,63.766842812944496,7.011642010010553
52,6,74.2062542,66.7847941708945,7.380607562806722
52,7,71.6716022,64.50362680082935,7.145270482162014
52,8,87.1413627,78.4263130904629,8.625741867122999
53,10,91.7424389,82.5671783863384,9.148928996672913
53,12,85.36808289999999,76.83038795849728,7.19127643421443
53,14,83.77005480000001,75.39218000707287,8.292733920646564
53,17,67.0096843,60.308024645891635,6.6336494035819955
53,18,85.02102409999999,76.51803006347556,8.4891016571919
53,21,63.9336237,57.539505259097275,6.367471274362494
53,22,77.44336419999999,69.69820371238845,7.706902754564695
53,23,61.1927949,55.07286105829369,6.106896785963547
53,24,70.3031487,63.272115852307046,7.023378474547545
53,27,79.5816497,71.62266766473478,7.878203452859523
53,29,84.0705035,75.66248363137179,8.38099779513006
53,2,77.5758692,69.8174599124694,7.678080208764533
53,6,75.90569980000001,68.31428293502763,7.568410457910079
53,7,87.1261956,78.4124950273991,8.678729990185577
53,8,78.3250916,70.49177629265301,7.794933680406737
54,10,65.9093579,59.31758743652817,6.561654582707097
54,12,62.9233755,56.63037439084347,5.300524383288935
54,14,60.2950681,54.26492724968032,6.0026724086549335
54,17,85.79241549999999,77.2122875674977,8.493267273938327
54,18,86.7965953,78.11602568745212,8.665686306770363
54,21,89.3157283,80.38317670211072,8.906630539800519
54,22,77.3950319,69.65470529742545,7.7220902549576556
54,23,71.5748267,64.41656619234458,7.141796452587494
54,24,64.7827607,58.30382658369461,6.4726710565334775
54,27,90.2066326,81.18499841760007,6.340903359535989
54,29,71.0727229,63.9646910090554,7.092638198018765
54,2,65.47826450000001,58.92970062641133,6.528857649206786
54,6,63.225981600000004,56.9025521930776,6.29258438035464
54,7,79.8240905,71.84082383826347,7.965035323543405
54,8,90.40816910000001,81.36641936076872,8.93465627008512
55,10,91.4395365,82.29456939122558,9.118855633107076
55,12,83.027925,74.72427178836088,6.994155438889226
55,14,84.0113428,75.60933824268083,8.343844872204716
55,17,65.2080927,58.686600064430756,6.454476314930846
55,18,68.99082560000001,62.091017969874805,6.887571648464938
55,21,67.6875522,60.918065092882365,6.75078434542166
55,22,82.5221968,74.26901570900208,8.22192705935715
55,23,77.9882003,70.18847853972069,7.7757563794162365
55,24,86.8057521,78.12428037655144,8.670767961060307
55,27,72.92400409999999,65.63086368192714,5.126007683240625
55,29,88.3833077,79.54377196998102,8.795249388908179
55,2,65.0573182,58.550838298331435,6.485201556632594
55,6,77.6781109,69.90948761419467,7.754826038595238
55,7,65.0896064,58.57983346110311,6.4822093744674865
55,8,69.4649067,62.51768979409227,6.8758478440213775
56,10,64.92791559999999,58.434299586151255,6.464279891892211
56,12,62.82352169999999,56.54051887872439,6.21871183553797
56,14,60.327713100000004,54.29430400791818,6.005599550610341
56,17,88.1930965,79.37286949059734,8.730470298729053
56,18,87.5936445,78.83337632001205,8.749552062503257
56,21,64.995002,58.49478495794026,6.4796506123963535
56,22,73.8812731,66.49236645574118,7.353116587784837
56,23,59.105530900000005,53.19434861183235,5.898861626889877
56,24,62.207458800000005,55.98606019691401,6.210431609650487
56,27,91.7424389,75.62390845048493,0.0098331877037227
56,29,82.2892043,74.0593227606681,8.198936276021529
56,2,76.35058930000001,68.71464297284113,7.610336046561693
56,6,85.80074909999999,77.21957547543424,8.542086708599658
56,7,85.02221610000001,76.51900155720897,8.47372768861726
56,8,88.6677168,79.80003036224807,8.762167811832809
57,10,90.3571268,81.3204119086508,9.010805224381853
57,12,77.2135237,69.49135018244313,7.6420371353184064
57,14,84.71611,76.24362267940984,8.413985287514688
57,17,63.8673192,57.479918023441776,6.358705707021267
57,18,72.31082260000001,65.0789912214094,7.221302930197592
57,21,75.12962250000001,67.61582320030543,7.489498876801319
57,22,59.700739000000006,53.72995240412753,5.902442211753708
57,23,70.4986074,63.448013153762844,7.0396687637822835
57,24,87.2230945,78.49988293685682,8.71215943324593
57,27,65.9093579,59.31760027317684,1.4233748282233527
57,29,65.6306988,59.066660382828765,6.525643960719359
57,2,58.543557,52.68844683667846,5.828495549504938
57,6,78.2485388,70.42281822232137,7.803556689050905
57,7,65.3628623,58.825775369834545,6.510570133158414
57,8,67.6796143,60.91095015305232,6.687600783587156
58,10,64.8168992,58.33438597958689,6.453204233571806
58,12,67.2596825,60.53302450762397,6.658469167683747
58,14,58.57783439999999,52.71942709519529,5.830873471143164
58,17,87.89754330000001,79.10687968573663,8.778969461250574
58,18,83.7720706,75.39399343827685,8.366130548063966
58,21,58.3392948,52.50466736728448,5.809083294228094
58,22,82.3780379,74.13930498937253,8.146984921704325
58,23,74.07751900000001,66.66896324955503,7.391536554676783
58,24,66.6821016,60.013199590555764,6.658790127723939
58,27,91.4395365,81.85296943143464,0.009850279621872455
58,29,89.04450609999999,80.13905014947785,8.87846237357745
58,2,83.7396456,75.36473247774325,8.34887057914461
58,6,85.6736424,77.10518076666786,8.52946616497606
58,7,81.32598250000001,73.19236349414336,8.099760556139822
58,8,84.94318990000001,76.44798887137455,8.408724435062817
59,10,90.192277,81.17196229436078,8.984467353944783
59,12,77.5185346,69.76587774876084,7.64548261991073
59,14,83.9453919,75.54998304887455,8.310245333816262
59,17,62.225162999999995,56.00199141603251,6.212163614015547
59,18,67.651264,60.88542992761574,6.754221519187094
59,21,86.8057521,78.12422910525474,8.65592152442428
59,22,63.0882335,56.77866294878831,6.269369421833715
59,23,87.9987302,79.19792014573676,8.784220343122545
59,24,88.9962402,80.09569406986832,8.841504520110169
59,27,64.92791559999999,58.434429887708134,4.563879001394839
59,29,70.2450973,63.21970872919373,6.995268467714253
59,2,62.5865333,56.32708345404156,6.231143060606186
59,6,78.02609430000001,70.22261596128023,7.780491740329389
59,7,75.5970915,68.03656695250281,7.543326927382481
59,8,73.2054374,65.88414668579773,7.313844076660833
60,10,78.60007540000001,70.73924054276954,7.8453278527784835
60,12,66.7017627,60.03089556125426,6.6266735350221895
60,14,57.9956429,52.19546499198062,5.761205088773536
60,17,84.4739073,76.02561416367745,8.43144615792564
60,18,73.2202734,65.89749165972641,7.312136796453284
60,21,62.207458800000005,55.98597478352157,6.195209185291188
60,22,91.2379972,82.11319634369724,9.098588645169867
60,23,66.40089300000001,59.76008598178481,6.625839907641601
60,24,62.225162999999995,56.00199363095738,6.181508982896722
60,27,90.3571268,81.32047551565894,5.864285368908209
60,29,91.3244094,82.1908490717906,9.09689909413439
60,2,86.6733701,78.00505404144094,8.641729443175276
60,6,87.1593393,78.44232539434552,8.679711843067786
60,7,58.832249700000006,52.94829193434081,5.859642780557993
60,8,67.5223079,60.769376292553176,6.742488244914958
61,10,79.6580256,71.69122082442328,7.931850314519148
61,12,87.9010927,79.1100430801907,8.738337178663942
61,14,80.6478486,72.58222836798336,7.984629729929913
61,17,89.618397,80.65561709512171,8.87111802097994
61,18,62.9926907,56.69277092456629,6.2898396990063095
61,21,86.732301,78.05812389916272,8.649494909350503
61,22,67.0913274,60.38139359899507,6.682569348663263
61,23,81.3429704,73.20783923366338,8.126445209988987
61,24,86.5486652,77.89290589814831,8.630234744707375
61,27,64.8168992,58.33451629873923,4.556166032158837
61,29,82.0497235,73.84384018273478,8.182485885767466
61,2,63.5631705,57.20604682634583,6.329241322863717
61,6,89.88225589999999,80.89288840912221,8.929150753520268
61,7,73.0316834,65.7276566431732,7.267964051408863
61,8,88.2610915,79.43404742755989,8.810038980103421
62,10,83.3747228,75.03613055437113,8.295715422621663
62,12,76.9584733,69.26183691639268,7.653958297220682
62,14,56.9026296,51.2117706329352,5.665048796546204
62,17,62.47496580000001,56.226811038070245,6.183692188721993
62,18,71.2111371,64.08926478228311,7.106786047935033
62,21,62.090222100000005,55.880462971289774,6.183495501884651
62,22,93.1384151,83.82355270871052,9.288356652994217
62,23,76.5179977,68.86541326748961,7.643997855173881
62,24,61.3631331,55.22617206019715,6.115602383932146
62,27,90.31346190000001,81.2811791257804,6.348370019447792
62,29,92.323241,83.08985044733367,9.132225682463961
62,2,86.75565200000001,78.07909964886906,8.6491637450797
62,6,71.2565358,64.13003885456222,7.083190200257747
62,7,65.0626906,58.5557200561147,6.4583697786498035
62,8,89.5695458,80.61164854833872,8.941730360769823
63,10,67.1821224,60.46316597287672,6.697280432547858
63,12,89.2943106,80.3639521744774,8.916985982720616
63,14,74.6248241,67.16156739710975,7.387296160757053
63,17,84.6899208,76.22005258434177,8.383993689990904
63,18,71.9913275,64.79144196969078,7.186988845010253
63,21,87.89754330000001,79.10682986013644,8.765781551489015
63,22,67.5200619,60.76725015555423,6.724526264168889
63,23,84.81976300000001,76.33686306426999,8.46369552982394
63,24,84.6899208,76.22005409099022,8.414409143452252
63,27,64.74966739999999,58.274019642308225,6.432503726523845
63,29,73.0557276,65.74928847247455,7.224257269165638
63,2,70.09023690000001,63.080390845805184,6.984700689852068
63,6,82.8686345,74.58073494097741,8.232969205390226
63,7,85.0659443,76.55828237974198,3.882332660218006
63,8,66.776346,60.09801327172567,6.644364578146411
64,10,69.7814688,62.8025277097622,6.955603588174463
64,12,66.7952018,60.1149857612712,6.669339196331384
64,14,62.5018654,56.25104290827428,6.18773150323167
64,17,67.3131339,60.58113423872376,6.664232264664321
64,18,62.063711600000005,55.8566768966285,6.1938611476526555
64,21,71.12466069999999,64.01140979187868,7.091002545710587
64,22,90.992955,81.89266040348352,9.026683587992123
64,23,84.7066116,76.2350170487198,8.44991445722381
64,24,68.76471790000001,61.887544114797734,6.868935639804795
64,27,87.9373764,79.14273253488298,8.757585186099341
64,29,91.2785124,82.14942248266352,9.01543246616791
64,2,79.0586976,71.15194930640905,7.884201174982668
64,6,72.1325745,64.9185090774225,7.1744919193736285
64,7,65.2944404,58.764193457536905,6.453627245622555
64,8,87.2977818,78.56709481438413,8.626239435494098
65,10,88.0685464,79.26070755064131,8.781384291336567
65,12,86.1615843,77.54453814054928,8.605782268633899
65,14,85.30762750000001,76.77598091921907,8.444859652190562
65,17,66.20036230000001,59.57965109783538,6.61388114192787
65,18,80.74413729999999,72.66889100772427,8.065254429746531
65,21,78.9586645,71.0619318191899,7.873320508546602
65,22,64.8082432,58.32664074717111,6.427906287056676
65,23,64.8882095,58.398699253006946,6.475687606344735
65,24,62.5308448,56.27711712306478,6.244436558439515
65,27,64.55438380000001,58.098272854465854,6.445467264350316
65,29,76.8551269,69.16875186756803,7.603250092138184
65,2,72.3537991,65.11730944736503,7.191391063790148
65,6,73.41290120000001,66.07067393735602,7.3080679444432555
65,7,81.2450284,73.11947271038072,8.026719309127097
65,8,92.5379546,83.28317112930802,9.159008708651113
66,10,63.673824,57.30564924325419,6.3385886638252735
66,12,63.3240578,56.99098599422465,6.321366212511041
66,14,59.37083079999999,53.43311969844438,5.876810801959251
66,17,87.4319646,78.68786369437532,8.732472141142507
66,18,63.365801499999996,57.02855820793135,6.32623201585998
66,21,72.2155451,64.99309102334601,7.187825675761894
66,22,89.63413,80.66966434471892,8.862037994804126
66,23,75.26388,67.73665671730431,7.506952484655172
66,24,67.8799726,61.091276419030244,6.719809956335791
66,27,81.17860089999999,73.05990127082451,8.107906794013916
66,29,79.5583697,71.60150575624169,7.863431148631602
66,2,84.5462672,76.09066681302559,8.363057891021619
66,6,71.0337728,63.92956539215132,7.078659329885103
66,7,76.4895089,68.83973455567751,7.569728023531743
66,8,70.2450973,63.21985347504652,7.012607183637728
67,10,89.278625,80.34976484663602,8.832716629832186
67,12,85.4118402,76.8697740071609,8.530152333160974
67,14,84.7204467,76.24752558910963,8.386971750948193
67,17,63.04582010000001,56.740574280540976,6.294158785755432
67,18,80.4941786,72.44393077516642,8.040278529968909
67,21,78.5615684,70.70455756630874,7.83506277244885
67,22,75.5844718,68.02519818350511,7.476960153686116
67,23,67.4648998,60.71770330522451,6.735278667905533
67,24,87.9123575,79.12021239642922,8.754629099068802
67,27,59.8618362,53.87502877222203,5.97662472516067
67,29,71.264054,64.13684434964847,7.0497694942987845
67,2,69.95447970000001,62.958264120738484,6.945861895055214
67,6,58.949545,53.05372472052722,5.860739292598402
67,7,62.679573600000005,56.41082853988902,6.233236633284343
67,8,92.65577449999999,83.38924097853179,9.221335422402898
68,10,62.95552909999999,56.65914725890333,6.263272366019182
68,12,64.3129555,57.88098975398947,6.3946819734940865
68,14,58.8278761,52.94446181016545,5.822288205507147
68,17,88.31324790000001,79.48100950632117,8.820505136848013
68,18,73.5634747,66.20637554375192,7.349406643165416
68,21,61.7449621,55.56971820012679,6.147542855190664
68,22,89.0414643,80.13625075012393,8.802332822476153
68,23,69.9008728,62.910016840610155,6.972294789406609
68,24,64.8118844,58.330018964512014,6.438822349961173
68,27,71.28220950000001,64.15326017144116,7.120299455134082
68,29,78.7301635,70.85603920975282,7.776839827524232
68,2,68.72691640000001,61.85347280866508,6.854862198832713
68,6,70.1943598,63.17402001921004,6.986670816283688
68,7,77.8704549,70.08239563403524,7.74263650617781
68,8,70.80684240000001,63.72541799650871,7.008721867458053
69,10,73.2608434,65.93367493591253,7.282450260551008
69,12,75.6164685,68.05405278102035,7.486531280608052
69,14,79.0543947,71.14815211566764,7.826969513754944
69,17,63.615163100000004,57.25297706476067,6.3510415837031635
69,18,64.9172539,58.42485431271456,6.482224360686586
69,21,71.13289280000001,64.0188680269496,7.10187249821137
69,22,70.5422969,63.487289422472266,6.979050946735402
69,23,68.3918974,61.55199316748556,6.825507734362258
69,24,88.31324790000001,79.48100562481585,7.265454194593563
69,27,86.7611903,78.08416519919788,8.66295537737474
69,29,72.1730063,64.95489181742055,7.136636808625203
69,2,60.410670700000004,54.36880678887132,5.969949358500772
69,6,68.2095384,61.38781173163729,6.747269358675005
69,7,73.24309650000001,65.91788934486642,7.28555963279651
69,8,86.05425410000001,77.447945325371,8.56477407638957
70,10,91.6198583,82.45682831200084,9.133538303975602
70,12,58.2051669,52.38404347350149,5.787140462827216
70,14,58.165696600000004,52.348511420261474,5.756942321976899
70,17,89.212481,80.29031114874736,8.910664036946383
70,18,71.9387431,64.74413920816374,7.188953556859722
70,21,89.85610899999999,80.86941523937745,8.94778950077943
70,22,80.5419095,72.48681590095403,7.96547267824813
70,23,83.5507143,75.1947400722362,8.268507378544129
70,24,63.615163100000004,57.25297230706049,5.406691732397884
70,27,90.0295806,81.02566845950884,8.944933162284185
70,29,88.0446697,79.23908724937044,8.701444173214773
70,2,87.9417275,79.14656155529534,8.700024625296669
70,6,80.2569173,72.23024037395909,7.93481625342646
70,7,61.4306824,55.2867700534817,6.0860287794985695
70,8,67.0420759,60.33713337668315,6.688246806810598
71,10,69.8452125,62.859882210700036,6.960878925425526
71,12,77.0745695,69.3663139345559,7.664546775896087
71,14,72.30292630000001,65.07190117973069,7.158626947454972
71,17,63.5953267,57.23512052972969,6.348440673886225
71,18,67.2525203,60.526556787586436,6.713188742845169
71,21,63.04582010000001,56.74049124103872,6.278818650724242
71,22,60.991131700000004,54.89131167559363,6.031521510931493
71,23,73.37103019999999,66.03315904555085,7.262610149713807
71,24,89.212481,80.29029599234079,3.7912678266209365
71,27,67.3403033,60.605573514253024,6.666027239417071
71,29,74.9327003,67.43858278637936,7.412595128897712
71,2,65.1151062,58.602772176291445,6.469089194932561
71,6,71.9835273,64.78437253843238,7.14808537270593
71,7,77.1570038,69.44025758218574,7.642661685957816
71,8,89.2660778,80.33853489444417,8.91231689093273
72,10,90.9686956,81.8707781627995,9.067303847999504
72,12,63.209754,56.8881198599019,6.284886799107348
72,14,87.3584483,78.62169834984255,8.648270069322464
72,17,86.9878171,78.28813675291845,8.688365431685476
72,18,64.59133,58.13154286632125,6.454121174703346
72,21,88.31324790000001,79.4809596829187,8.807350596720221
72,22,79.7605564,71.78350265495102,7.883462612311414
72,23,84.0185047,75.61577144257554,8.346577723608288
72,24,67.47225110000001,60.724321253843854,6.678728953611808
72,27,90.1154195,81.10294496815673,8.920916305188399
72,29,85.94501319999999,77.34941853773417,8.495474829241788
72,2,87.6392117,78.87430690379496,8.670645237895659
72,6,80.7319053,72.6576678017915,8.017442720926251
72,7,65.44866230000001,58.90304487452822,6.493231607491743
72,8,91.4680208,82.32025045870282,9.130149847680059
73,10,66.4653968,59.818016608024294,6.616791604621939
73,12,77.2610221,69.53413050234113,7.621015079722276
73,14,61.1385519,55.02405059499647,6.102617935092564
73,17,66.5039795,59.852884902114305,6.621378718642383
73,18,80.9833145,72.88414192560205,8.087684159619508
73,21,63.615163100000004,57.252894028171156,6.3356916708002124
73,22,71.6635804,64.49643292324599,7.090060915866298
73,23,67.1604215,60.44366291456674,6.699673520855579
73,24,88.03084340000001,79.22682286490819,8.713066850867941
73,27,62.966254,56.66896949903646,6.232439316392573
73,29,74.0404423,66.63556500142649,7.324755660606991
73,2,68.86596510000001,61.97852232326998,6.808758949357067
73,6,71.3645692,64.22731667983298,7.085338904123888
73,7,67.177261,60.458660431703265,6.67577735708618
73,8,72.9098595,65.61808971643767,7.252060212208206
74,10,72.0315284,64.82730433105135,7.1604300447863185
74,12,87.1105104,78.39854124583469,8.591138431530986
74,14,89.1574739,80.2408012275571,8.826185454947812
74,17,90.2331727,81.20889967855845,8.931579590762913
74,18,70.7788457,63.70024222498164,7.072430679899449
74,21,90.2389096,81.21403520516489,8.999665247831986
74,22,90.0525795,81.04624389469869,8.901971734819417
74,23,83.9463966,75.55087251420098,8.376063637652127
74,24,75.70555060000001,68.13421716465228,7.494721777366606
74,27,88.8019404,79.92083108516685,8.804541475756018
74,29,83.4865712,75.13675714143207,8.248858844729206
74,2,90.4605103,81.4132860471442,8.940879400716836
74,6,80.3624982,72.32515904066292,7.977935604448994
74,7,61.5027812,55.351787724522815,6.130218146764769
74,8,72.7720246,65.494084600153,7.192003080994066
75,10,85.6989847,77.12812006948899,8.544547586740975
75,12,74.0826812,66.6736506910813,7.333757434238478
75,14,64.9428198,58.44785532482637,6.42815848669198
75,17,88.3491961,79.51333341374175,8.744510365413216
75,18,78.9497528,71.05393853321631,7.880850895057083
75,21,68.0489604,61.243286417622045,6.780679850754573
75,22,75.9217177,68.32871597296916,7.509757731915155
75,23,66.8042882,60.12314671196959,6.666613520461259
75,24,90.2331727,81.20890273214332,8.931503813440488
75,27,62.445838200000004,56.200597368080736,6.216373175383532
75,29,72.8864197,65.596951640059,7.218719657387866
75,2,91.8531672,82.6666993890266,9.080490175876884
75,6,73.5566275,66.20016579551672,7.319283378114213
75,7,64.5274119,58.073824519797576,6.423830078486144
75,8,88.49693429999999,79.64632533479296,8.745086531275229
76,10,58.8366095,52.952187388507156,5.856569939130766
76,12,87.8473178,79.06166488791085,8.695597243694653
76,14,84.59802789999999,76.13730793070432,8.420458674678256
76,17,61.9111824,55.71942001549984,6.164314427588512
76,18,74.8352727,67.35098261892973,7.477234478599385
76,21,87.6374018,78.87262639901627,8.728318710392646
76,22,88.7117029,79.83944135065425,8.767283393805698
76,23,86.6196063,77.95672712434686,8.646145937819773
76,24,70.8545709,63.76838398110844,7.0143263002400875
76,27,89.10048830000001,80.18952003107107,8.821308457381301
76,29,81.32598250000001,73.19236688218976,8.039867238202495
76,2,68.4890161,61.63928609339181,6.772062795201199
76,6,81.4532148,73.30687189132038,8.091987827354487
76,7,63.703222000000004,57.33216158596419,6.349922366663002
76,8,67.2462224,60.52090195041105,6.645988197276546
77,10,72.8634335,65.57618324630175,7.256144221988314
77,12,89.12629840000001,80.21271526102171,8.82091738204159
77,14,87.20258050000001,78.48140556116263,8.706661668373686
77,17,68.3157557,61.483480951866795,6.82455490631726
77,18,64.74810869999999,58.27262728768073,6.4656961517381
77,21,74.13952280000001,66.72475415810365,7.374311687649846
77,22,74.7574319,67.28085805973306,7.395543831984817
77,23,68.9719628,62.07403481023244,6.884379635386088
77,24,74.6836696,67.21451632187188,7.3927294005209845
77,27,77.6757021,69.907336483463,7.690009738109136
77,29,71.31403710000001,64.18181775277972,7.0539850770891075
77,2,84.0231898,75.61980105120635,8.305335075254353
77,6,64.2277159,57.804160556329904,6.350206654249112
77,7,79.6571601,71.69044068838305,7.9335225775776586
77,8,85.94501319999999,77.34960650676926,8.505236499947253
78,10,69.36732669999999,62.4298502726425,6.921397221302813
78,12,72.1081452,64.89658987298594,7.201624088653924
78,14,65.56719629999999,59.00979075075784,6.5469272151979645
78,17,68.6819127,61.813018448788654,6.861291294966449
78,18,75.62551450000001,68.06215024415228,7.547424009387186
78,21,88.47051350000001,79.62249708614539,8.822976924540624
78,22,88.3637191,79.52637996756087,8.741971222142325
78,23,82.0421548,73.83705271467716,8.186656586288835
78,24,65.4793679,58.93075820430283,6.520580206043921
78,27,70.1793158,63.16066816751364,7.010342457082344
78,29,80.1854028,72.1658289521317,7.925157429031013
78,2,76.9101752,69.21833038105922,7.611138106910376
78,6,77.7475957,69.97185203425532,7.684765408716579
78,7,68.9565396,62.06009284224293,6.874406991949532
78,8,73.5277572,66.17422600742891,7.279020948235144
79,10,61.2791222,55.15047060311464,6.104289471829417
79,12,73.57647320000001,66.21807125006504,7.283999796466177
79,14,84.5229411,76.06975370831533,8.43902378912154
79,17,88.4189752,79.57616003702833,8.830386348078637
79,18,65.9654609,59.36823858530613,6.589010033272609
79,21,64.1066875,57.69530190348099,6.389598861605804
79,22,60.363529299999996,54.32642791035329,5.966254143244991
79,23,84.81782460000001,76.33506943468505,8.457006574445495
79,24,71.4265337,64.28312326153463,7.110319461528547
79,27,67.1644025,60.447277908920135,6.71006406386709
79,29,67.6923094,60.92230617386545,6.695575983340177
79,2,59.6642671,53.697089697801445,5.897797173788338
79,6,65.4992764,58.948658076164776,6.4825076994590525
79,7,77.6318005,69.86763809506141,7.731408919393598
79,8,83.2364111,74.91189278947996,8.238797929147687
80,10,85.9684592,77.37054544018238,8.561001043069583
80,12,82.5177094,74.26506821176993,8.167622230501586
80,14,84.9207775,76.42777942055427,8.474560255508957
80,17,63.22180469999999,56.89896177741092,6.312267636024259
80,18,67.8159531,61.03364045300426,6.769480053376894
80,21,70.0920632,63.08212129856717,6.995115813441025
80,22,87.6710329,78.90291343421758,8.669524933021096
80,23,66.290294,59.66056369121991,6.617136012703492
80,24,68.2735033,61.44545100836189,6.784034794215763
80,27,58.0604519,52.25379538635256,5.795533735964094
80,29,69.831946,62.847853410930746,6.9020641382934205
80,2,70.6369144,63.5723197945159,6.981899581654021
80,6,66.69752079999999,60.026899599177966,6.591965270088164
80,7,67.8157087,61.03335688594745,6.760504723434779
80,8,72.5881977,65.3286322231536,7.186021621604641
81,10,86.4258549,77.78221714823783,8.397623442779942
81,12,67.5524805,60.79653786050394,6.663052551158508
81,14,59.346278399999996,53.41103353996726,5.925299386163693
81,17,84.9833364,76.48412239304811,8.488417610091329
81,18,62.3998576,56.15923184241843,6.232449637062346
81,21,63.1098263,56.79811703390099,6.287405973446447
81,22,75.6888548,68.11917866480424,7.534733836400773
81,23,73.9710708,66.57317660030837,7.383448658385976
81,24,87.826165,79.04262098199989,8.725198469661366
81,27,86.2282266,77.60451448797478,8.612205759641588
81,29,65.05221610000001,58.54624392533362,6.434169188930347
81,2,63.3237831,56.99067944754068,6.263633463878759
81,6,65.946143,59.350785296337236,6.574040543966492
81,7,77.0208173,69.31778165628373,7.672229331309295
81,8,81.8873856,73.6977838518947,8.105062985593554
82,10,62.338889200000004,56.10420267455858,6.205419112752212
82,12,72.9793445,65.68063876629115,7.197241684351926
82,14,74.562824,67.10576452882655,7.446247689348971
82,17,64.0971231,57.686741848798654,6.400184021917355
82,18,66.0135247,59.41149898811667,6.594794079323831
82,21,89.281761,80.35258631497025,8.899219158858717
82,22,79.7085209,71.73675973463239,7.943673024058962
82,23,68.8809703,61.99206616518214,6.866427153233409
82,24,72.4471039,65.20164723194573,7.2145389183926065
82,27,63.433926500000005,57.08987014494296,6.33218556127565
82,29,68.2095042,61.387672729028196,6.741729859354759
82,2,67.9014415,61.11035961447847,6.730593911019488
82,6,80.5078834,72.45617534489324,8.024886525940458
82,7,67.2042101,60.48300786336035,6.698713133223984
82,8,75.5970915,68.03661170964742,7.48452533665049
83,10,85.4770256,76.92835157703067,8.521415458215058
83,12,64.5729878,58.11502631464546,6.369108407548979
83,14,53.8710405,48.483372056562494,5.378259577929704
83,17,84.96612569999999,76.468632942239,8.486749515809748
83,18,77.9947243,70.19443325015754,7.787275679358668
83,21,76.42465729999999,68.78138083311764,7.625526183431501
83,22,59.9272215,53.9337958280751,5.970036567688699
83,23,60.0121965,54.01031913330382,5.986132104750828
83,24,84.0498957,75.6440227675005,8.391154364477046
83,27,85.1227842,76.6096276600667,8.426984850167903
83,29,73.56298340000001,66.20587866041286,7.278760961341734
83,2,67.3413399,60.60644868170013,6.686054991214218
83,6,61.768481099999995,55.59084093007064,6.13501989214459
83,7,75.9579224,68.36116464890361,7.55336167498201
83,8,58.5178927,52.665493727385034,5.8003775526880865
84,10,71.4086165,64.2669495298637,7.119615943748304
84,12,70.93169110000001,63.83777655990645,7.019504082275511
84,14,68.9237938,62.03067050010101,6.878875388411764
84,17,61.2518392,55.126013295623395,6.115433406928816
84,18,84.4336876,75.98940197671493,8.425472613637995
84,21,62.640802799999996,56.37599135932598,6.23955107788092
84,22,77.6725829,69.90445268461139,7.742473345174455
84,23,68.5284143,61.67479229894878,6.832598312500742
84,24,71.82578170000001,64.64246376164331,7.1732538354276745
84,27,71.9882703,64.7887112052544,7.12720395922304
84,29,87.2944993,78.56390501237331,8.627942008294825
84,2,81.5203477,73.36723411747333,8.095937198951699
84,6,75.17427260000001,67.65605247488615,7.440401292365798
84,7,67.3549727,60.6186918991911,6.681957432639332
84,8,69.8481494,62.86259641339764,6.92290727754805
85,10,73.2255086,65.90214719525376,7.302754131670968
85,12,65.8130869,59.23110070400143,6.515027108118232
85,14,74.098756,66.68808997368285,7.3968507881870345
85,17,81.4958679,73.34542162229478,8.136988282091766
85,18,63.845235499999994,57.46004888063788,6.374278063087647
85,21,83.8536376,75.46729640427901,8.353106288636779
85,22,60.59793140000001,54.53741731205124,6.0348515732858825
85,23,68.6445761,61.779402907322726,6.854119969313053
85,24,83.8536376,75.46739252114743,8.37163016118928
85,27,85.5860543,77.02654078979177,8.47133643121196
85,29,62.522324,56.26929302777655,6.225296013148623
85,2,73.490953,66.14107985195824,7.301477572046162
85,6,70.3981748,63.357611244275674,6.967170569676843
85,7,77.5163253,69.76380365571944,7.6911186738305135
85,8,65.32670470000001,58.79336397278739,6.467064116752603
86,10,83.1154613,74.80290173841443,8.27905669292581
86,12,80.4144528,72.37217942394788,7.997315255360111
86,14,54.1648096,48.747755016072986,5.406604714321444
86,17,82.4977699,74.24711788428357,8.235282803235844
86,18,81.6541314,73.48787488112657,8.083452695448354
86,21,71.0853558,63.97604355971447,7.0571907710168755
86,22,87.7206312,78.94755152280368,8.67652848528211
86,23,85.3496783,76.8138162295814,8.522189991616639
86,24,86.4494431,77.80357944106345,8.628954208413802
86,27,73.97149429999999,66.5735862671539,7.388388523721595
86,29,77.6154186,69.85305265117049,7.746734288352721
86,2,86.8944493,78.20400625658448,8.595234696653398
86,6,74.89893239999999,67.40800490047124,7.398698711291802
86,7,58.95646409999999,53.059963035896125,5.863100881208483
86,8,68.2095042,61.387837147052316,6.751287074692322
87,10,73.3778679,66.0392649272176,7.3170636224303385
87,12,58.8943021,53.004251729544265,5.85506389337606
87,14,83.0931851,74.78300579816138,8.226132473118394
87,17,60.7174945,54.645105422262745,6.060923763174695
87,18,66.63863309999999,59.97407749840553,6.5965096066748785
87,21,82.1044208,73.89300022406009,8.144431640791582
87,22,74.4741225,67.02589188457317,7.394260501892697
87,23,65.220474,58.69772114585585,6.507916723562504
87,24,62.7049445,56.43379750398927,6.2602731866676615
87,27,84.56744710000001,76.1098052709568,8.442084565580497
87,29,63.276794300000006,56.94833972064607,6.302703198986782
87,2,67.2647444,60.53745430401779,6.650955177031494
87,6,66.24931819999999,59.62366531109269,6.555220820502542
87,7,65.0756569,58.56740116357834,6.494896637871006
87,8,68.8581991,61.971672240379036,6.816716943183656
88,10,85.2757826,76.74706469655183,8.486151450431251
88,12,80.3015717,72.27058537173771,7.985919104282423
88,14,60.423313199999996,54.380342917876085,5.980510921439702
88,17,82.7258445,74.45240136043277,8.189398812001267
88,18,79.46843609999999,71.52075394934178,7.911486919309945
88,21,70.6887245,63.619079839390864,7.048069353214594
88,22,88.28600039999999,79.45634179418828,8.757475774547926
88,23,85.7712236,77.19320261580825,8.563407246969723
88,24,83.2871159,74.95754144600373,8.245043376702192
88,27,69.5479357,62.59243741893892,6.949952819924875
88,29,71.2180695,64.09547835714203,7.103761391756392
88,2,88.0110731,79.20885478222554,8.701023765832067
88,6,63.337922999999996,57.0034353931735,6.30103407390901
88,7,58.8630435,52.97595177059776,5.858093966567582
88,8,84.9888882,76.48910416356007,8.4576864531198
89,10,82.4387824,74.19391692560384,8.212495412589105
89,12,72.1850749,64.96582854187669,7.172834075867315
89,14,83.5053037,75.15390951688545,8.266668137877513
89,17,66.1794014,59.56078602796374,6.55188333068301
89,18,72.3060627,65.07471139274878,7.158171856275542
89,21,82.4122713,74.17006322951386,8.206845175321584
89,22,80.4111985,72.36921816497689,7.958129003586086
89,23,65.7568507,59.180454595743335,6.560874365786405
89,24,63.06425060000001,56.757169047379726,6.242487679428153
89,27,81.3036293,73.17240308354715,8.10362424501666
89,29,76.15729300000001,68.54060192340316,7.583645109581229
89,2,81.2212799,73.09828030512888,8.104207738827592
89,6,69.6380724,62.673529817260466,6.892263712172834
89,7,81.8683938,73.68062073577843,8.16126171211645
89,8,72.4311941,65.18732875817244,7.20977250463794
90,10,58.9964614,53.09607158809189,5.873278620344606
90,12,69.6862352,62.71689290698855,6.959781569831931
90,14,61.894293899999994,55.70420598082835,6.125908163699404
90,17,60.41949089999999,54.37691916122903,6.016433819360422
90,18,80.8863479,72.79687901120376,8.055138071401844
90,21,67.2181442,60.4955930632203,6.649834707892048
90,22,88.5508436,79.69469833767633,8.801299222907272
90,23,75.859189,68.27248589037589,7.572199692749718
90,24,83.1391251,74.82434954197355,8.230185271813538
90,27,59.4651972,53.51805489840535,5.9076927978103715
90,29,65.3545577,58.818364443502766,6.515655052135488
90,2,72.1312855,64.91736411173463,7.176605670910746
90,6,75.04731220000001,67.5417690387694,7.486771724885736
90,7,62.2526864,56.026616312838435,6.173793444838544
90,8,80.4725697,72.4244722741802,8.008921600999981
91,10,73.8044409,66.42308001692841,7.348598855935825
91,12,84.3476517,75.91198335922667,8.417602602845019
91,14,85.71181610000001,77.13974775787344,8.485221527186667
91,17,63.68978,57.320144236524605,6.3601799534598475
91,18,65.4252132,58.88200722358068,6.509467476590951
91,21,71.9937022,64.79343456919037,7.163971426582942
91,22,64.5531585,58.09705197246634,6.426624751331894
91,23,81.6603854,73.49349094711545,8.152672681678455
91,24,61.04193409999999,54.93710895972606,6.042574770983003
91,27,86.9765025,78.27795495215689,8.643180428364392
91,29,69.1008471,62.18968042422083,6.867843576039859
91,2,62.22142710000001,55.99852117131334,6.1519032053072396
91,6,81.1022615,72.99110933495747,8.081538109106065
91,7,80.9326266,72.83844598605941,8.030817967486147
91,8,71.1318442,64.01792920847058,7.0418509238702764
92,10,78.4658847,70.61822725308397,7.806038057084906
92,12,78.5855201,70.72616733103902,7.852312205730041
92,14,62.5500028,56.29433740379174,6.226606958074737
92,17,82.6759105,74.40746441775946,8.257181972309196
92,18,77.650322,69.88447812435906,7.726322530724371
92,21,62.3157509,56.083502180074994,6.213919834021503
92,22,89.3502386,80.4142377283392,8.889122769288251
92,23,65.8280419,59.244535196862465,6.569944110417855
92,24,71.43245569999999,64.28844680426403,7.1288227027012185
92,27,67.0110823,60.30927824075514,6.690577323521361
92,29,61.9972145,55.79678596451113,6.180789683543433
92,2,73.7809247,66.40189646040999,7.293375007066869
92,6,65.1711771,58.65325088116426,6.463576854613537
92,7,63.9391916,57.544471047741744,6.339636658443755
92,8,82.5907881,74.33083880943218,8.174963702428386
93,10,66.8032311,60.12219629847621,6.666144361292882
93,12,62.8073175,56.52592855662354,6.270356425066356
93,14,86.3049526,77.67356455923519,8.594828160548538
93,17,59.1269182,53.21360327993243,5.902017918314025
93,18,69.1832805,62.26423880613268,6.908697812166435
93,21,65.5991874,59.03855574903855,6.54173667688432
93,22,64.0841532,57.67495210173125,6.380014373219516
93,23,72.17928810000001,64.960617162534,7.209666602403266
93,24,61.137862600000005,55.02344946154388,6.105695202582111
93,27,86.0600614,77.45314856610827,8.59226337860492
93,29,64.5274119,58.07382981827606,6.423903041714787
93,2,70.4175285,63.37497095671428,6.965699905579533
93,6,79.0559409,71.14939344125571,7.8168451237464645
93,7,82.1200946,73.90698908555777,8.162524759303396
93,8,72.052132,64.8461881925761,7.125652687809528
94,10,85.9865746,77.3869603464917,8.574892014426325
94,12,76.1891183,68.56942012168766,7.608566071118567
94,14,62.124262900000005,55.91117591764396,6.18415387766708
94,17,81.9537226,73.75750384374432,8.113202976768545
94,18,67.57093280000001,60.813142627819566,6.74758505858739
94,21,82.6759105,74.40741458251485,8.24363087660858
94,22,89.9808823,80.98180567528519,8.946716030620747
94,23,64.3273788,57.89396869642547,6.422471688095425
94,24,73.68327120000001,66.31417941386168,7.336988243792682
94,27,73.2528362,65.92679794776572,7.31655205072261
94,29,66.0191048,59.41639070711052,6.576970726220826
94,2,87.8520072,79.06572450717792,8.686229849471761
94,6,73.1120122,65.79999233374501,7.232834720339854
94,7,81.972893,73.77457566473502,8.15265485433045
94,8,64.2098257,57.7881825858419,6.379327751350852
95,10,62.8571252,56.5706097211435,6.257348906415653
95,12,61.8674768,55.68008841755136,6.1240669941120265
95,14,86.10050820000001,77.48954755196938,8.566819565114333
95,17,62.68879870000001,56.41926164429677,6.205067343822843
95,18,59.7484024,53.77294337503587,5.914423771609769
95,21,59.1269182,53.21352024227018,5.887624069750167
95,22,62.1387618,55.92414827118049,6.174890560207696
95,23,69.1280069,62.21445378071706,6.896534591345752
95,24,55.7868592,50.207587002725525,5.5216539934151205
95,27,84.2731048,75.84491410742982,8.415299494215478
95,29,58.60827990000001,52.746556383630036,5.826087181301075
95,2,75.4816584,67.93264141183204,7.507508938556311
95,6,78.6277315,70.76393326786135,7.808611220103311
95,7,62.864841999999996,56.577550444610566,6.250430967504017
95,8,67.4201547,60.67742659478596,6.714623168901647
96,10,86.6798208,78.01086894436496,8.64311036972198
96,12,76.22291960000001,68.59982729698757,7.544696069592127
96,14,69.3377567,62.40327642241863,6.928505033923762
96,17,82.44502729999999,74.19964970945438,8.160347898502478
96,18,66.1277346,59.51426552564704,6.54529196229481
96,21,80.8301771,72.74622774523785,8.053360203496567
96,22,78.6913212,70.82122963899992,7.779847790064835
96,23,68.4626068,61.615630895300555,6.8325702968074635
96,24,81.0171513,72.91458774542828,8.019692210770373
96,27,87.5211846,78.76813832508118,8.736308177435376
96,29,79.6571601,71.69044587570788,7.932594853210762
96,2,88.4298872,79.58574865691286,8.802589517723103
96,6,78.8158844,70.93330197477589,7.829845583302715
96,7,80.2771801,72.24854401474747,7.941221455293976
96,8,62.12145569999999,55.908676559112614,6.186548165064657
97,10,62.682545499999996,56.41350903325271,6.24171741982748
97,12,68.6394436,61.77478987328153,6.825670674809773
97,14,72.8820729,65.59308783087353,7.275321768195433
97,17,71.3572825,64.22081890880581,7.064066206640583
97,18,66.7983177,60.117800091154464,6.6127879438604955
97,21,70.3027083,63.27166115621861,7.008246325967584
97,22,70.3314057,63.297489534018816,6.958032014832751
97,23,79.2140332,71.29176441970738,7.90109869803237
97,24,72.7140026,65.4418634340146,7.2426436488202794
97,27,62.1460939,55.93083696861709,6.204863960313216
97,29,69.8678,62.880230623218814,6.935729973037141
97,2,76.259653,68.63283378846029,7.60404787185272
97,6,61.460619699999995,55.313826125240126,6.085332615556821
97,7,67.6997039,60.92900451525274,6.69950393126392
97,8,69.8525205,62.86654118178339,6.974005874713471
98,10,81.9434622,73.74821076840517,8.171438218201061
98,12,88.7088337,79.83703501005567,8.822244099520555
98,14,69.7937186,62.81362670126361,6.971094715679725
98,17,83.200635,74.87968877627884,8.23508701044675
98,18,79.582855,71.62372956081562,7.877163743646369
98,21,81.6405632,73.4755339606063,8.129832710854767
98,22,76.8390343,69.15421123539085,7.597088586305935
98,23,75.7168736,68.14440733282395,7.559570431363044
98,24,75.30601300000001,67.77464691120007,7.4838189416520216
98,27,83.6363291,75.2718191240691,8.349923090475055
98,29,78.0689652,70.26097023751933,7.763494332849523
98,2,85.8249587,77.24134024389242,8.543667280135134
98,6,67.81488949999999,61.03248647791252,6.700134182705867
98,7,67.7571285,60.9805345758303,6.717286522423615
98,8,56.075591300000006,50.46744190500658,5.597211172016295
99,10,63.7974148,57.41686060584333,6.351431602561574
99,12,67.3630258,60.626018314863074,6.643635249497676
99,14,88.5286466,79.67485976199704,8.8417878527208
99,17,72.49093909999999,65.2410980669319,7.1762818276642815
99,18,71.9997247,64.79901391314199,7.12787226562785
99,21,84.3316525,75.89750485916268,8.400943779575842
99,22,69.8323576,62.84834720024444,6.90873338159553
99,23,63.233538700000004,56.909499944455355,6.306690180943787
99,24,79.0629226,71.15581537677741,7.896435079802548
99,27,77.338239,69.60362631618086,7.71365003220522
99,29,68.1682892,61.35067809550885,6.7924153674089105
99,2,74.03538549999999,66.6310055751357,7.381001380089811
99,6,62.6527987,56.38681341857175,6.197684794416723
99,7,60.2072017,54.1857790602832,5.974987606880841
99,8,80.5737815,72.51557282850901,8.02394637235637
100,10,84.459238,76.0121830312259,8.404654567039783
100,12,90.0238158,81.02050392669224,8.89791248933087
100,14,61.5771449,55.418783172717276,6.147786743937717
100,17,84.400669,75.95970692079284,8.35398606343361
100,18,79.1267183,71.21318414936097,7.830302141845368
100,21,60.410260900000004,54.36851534741427,6.015874026909949
100,22,88.71698099999999,79.84423987637686,8.773278678983194
100,23,80.9613197,72.8643409520591,8.080505938710338
100,24,68.7388796,61.86428785261019,6.845697390548216
100,27,63.16614980000001,56.848894277149114,6.311188509859222
100,29,76.4301546,68.78611001544108,7.606124781597325
100,2,83.38237269999999,75.04303818892397,8.299488345992248
100,6,68.5807205,61.72172672321672,6.7842731422625295
100,7,62.7981409,56.517498333511696,6.249383498569986
100,8,59.085225900000005,53.176085092088904,5.88201694579879
101,10,77.3452965,69.60987984859098,7.709036861810824
101,12,80.0127838,72.01069033339911,7.892689592167675
101,14,82.5280596,74.27440016816803,8.243524042916095
101,17,69.0006844,62.099904042161505,6.830674004373614
101,18,72.1900908,64.97034142441653,7.146693765462231
101,21,83.84594589999999,75.46043429924295,8.361292064886033
101,22,75.2758092,67.74739707521128,7.447470282053713
101,23,67.1956865,60.47540106171161,6.703562855465563
101,24,56.125614999999996,50.51246922728454,5.584557169113925
101,27,68.37277309999999,61.53477731225649,6.824991591175461
101,29,69.4463935,62.50097826755783,6.925583419972288
101,2,73.7233352,66.35017386221608,7.333530070645474
101,6,65.7732054,59.19513166907363,6.514795844547825
101,7,62.0494697,55.84380728692734,6.176046008165303
101,8,76.98065079999999,69.28177373300342,7.663544812038998
102,10,78.0248367,70.2214840521297,7.780886443930181
102,12,96.34560570000001,86.70998424155832,3.760813862486961
102,14,62.1322424,55.91836506501036,6.185927536476864
102,17,72.5092847,65.25758977490796,7.176942124206475
102,18,78.3966527,70.55615379178599,7.759330903090556
102,21,66.5509389,59.89509046599817,6.632160490192612
102,22,88.5955826,79.73498255950093,8.760975679927132
102,23,79.6434919,71.67826189124928,7.944069074869549
102,24,72.57535179999999,65.31704126972002,7.224049524345049
102,27,65.37513940000001,58.83695260188288,6.496170527764758
102,29,76.4111041,68.76896481129535,7.604878085471709
102,2,82.377755,74.13904508813711,8.212884158362252
102,6,80.1568939,72.14030173815239,7.929759300359797
102,7,77.2617606,69.53457690676142,7.6799526879710704
102,8,80.46980980000001,72.42198480778737,7.96520317753314
103,10,60.6384724,54.57390292048982,6.041336415823427
103,12,82.5440777,74.28882206814752,8.140476680731679
103,14,87.51906310000001,78.76624500677852,8.714839422949929
103,17,65.53868229999999,58.98414880122505,6.498690546258779
103,18,70.5855406,63.526262922677105,6.987953695313309
103,21,84.45334220000001,76.00706742691546,8.419350380913105
103,22,74.8004618,67.31958453789979,7.399967408133006
103,23,72.3354684,65.10116609197001,7.219317565853009
103,24,72.0485962,64.84299992436219,7.132960771712626
103,27,85.42227319999999,76.87916464629556,8.456600229454855
103,29,79.94423619999999,71.94874697369626,7.957206279131026
103,2,68.073763,61.26563900064699,6.78930659465496
103,6,64.8999937,58.40921630705481,6.417930076062094
103,7,78.1523184,70.33606956955646,7.767140264813567
103,8,58.2343042,52.41026434573478,5.785075961870569
104,10,65.261673,58.734795377197,6.509908380070671
104,12,91.7061999,82.53462930376425,9.132235462732492
104,14,63.873788600000005,57.48574130719151,6.359428208627293
104,17,84.4101072,75.96822325470441,8.356311636937342
104,18,78.2461456,70.42072017732814,7.791543045532187
104,21,64.4282951,57.98478885474344,6.4293260418440035
104,22,87.4771082,78.72839609919762,8.652305570288704
104,23,79.4733276,71.52512673189449,7.928619777071308
104,24,74.3290447,66.89538423247963,7.42631940606892
104,27,62.6585132,56.39200597642951,6.201968111899433
104,29,60.4350162,54.39075491335502,6.018513188885047
104,2,59.0414077,53.13653803380591,5.879899984472788
104,6,78.7992457,70.91832704703147,7.821012354608963
104,7,69.3509946,62.41516925258141,6.922696804601885
104,8,78.0513801,70.24543782815552,7.795065866364668
105,10,69.6874239,62.717749961036674,6.934708426898914
105,12,68.1847189,61.365525918916916,6.790332949602265
105,14,85.0333263,76.52908922251872,8.416519580998775
105,17,62.165789000000004,55.94855530166904,6.188808834471843
105,18,62.514807299999994,56.262674948783506,6.220090047884497
105,21,69.6693709,62.70160378473264,6.938287357111061
105,22,75.2055589,67.68417296406075,7.480611406778411
105,23,80.1758777,72.15740362134241,7.997422256120593
105,24,84.00260080000001,75.60147200481005,8.3653317456994
105,27,85.6619154,77.09484013575764,8.480304270847277
105,29,76.9067097,69.21500469416848,7.654291562963895
105,2,71.1559533,64.03942401410926,7.082415814227287
105,6,71.9065897,64.71512932023518,7.124588371227863
105,7,77.1868984,69.46725243242258,7.677538508726927
105,8,58.8818253,52.99302676272278,5.8781687380256455
106,10,76.1199937,68.50702885019844,7.578583988633282
106,12,79.7570408,71.78050844563614,7.964045891625236
106,14,84.6562636,76.18974220769474,8.379494077570293
106,17,76.05553350000001,68.4492018894,7.529668275171364
106,18,76.4854298,68.83609592803425,7.638011375026293
106,21,65.6324119,59.06844293724106,6.542667057085363
106,22,91.552544,82.39617079707175,9.116170005867135
106,23,64.2963436,57.86605081200527,6.422312507068323
106,24,65.52732230000001,58.97391184945533,6.524747439684238
106,27,63.124484300000006,56.81137526493421,6.271394745111725
106,29,77.92273560000001,70.12950342491233,7.761628132356354
106,2,76.6920701,69.02183394721422,7.60276586014718
106,6,78.7823337,70.90302671481786,7.806593832904325
106,7,68.7807501,61.90189455061797,6.824951177941012
106,8,75.4399202,67.89514013314229,7.532618469987439
107,10,61.5013289,55.3504542377993,6.125201943270647
107,12,71.4283554,64.28478515584263,7.112877801489847
107,14,59.3621574,53.42530962676601,5.908955516305423
107,17,83.15622019999999,74.83971598986464,8.24293454381801
107,18,58.932894000000005,53.03899257389545,5.883514121025752
107,21,76.1157323,68.50334995242801,7.594382751109949
107,22,80.2010761,72.18006296563831,7.993967882031579
107,23,66.46049040000001,59.81371666116802,6.630945737870775
107,24,82.1635018,73.94627668417972,8.183071367350196
107,27,85.9316725,77.3376188083073,8.539350660821619
107,29,61.874021400000004,55.68591345432859,6.168490713825008
107,2,60.00136379999999,54.00045619076198,5.930592004095299
107,6,70.0854365,63.076110215337984,6.9335379572597455
107,7,77.1930532,69.47270194150373,7.649115211462642
107,8,80.0380232,72.03337139524488,7.988595895509484
108,10,85.4314243,76.88721964877408,8.507699598249442
108,12,74.3565744,66.92015708238945,7.427703068503579
108,14,84.2953676,75.86495754189515,8.344900959847369
108,17,70.8404045,63.75563408389699,7.012925791284074
108,18,66.235515,59.61126257236027,6.610743903656699
108,21,83.4404753,75.09545465433544,8.31247828863137
108,22,70.201161,63.18014794943279,6.986106953733778
108,23,66.8438295,60.15874457309836,6.672285172569504
108,24,69.2907157,62.36092953868566,6.8999830658882
108,27,62.33779929999999,56.10336705716747,6.22270577037765
108,29,60.9632495,54.86621740071404,6.075616116283509
108,2,76.2490754,68.6233534633369,7.546039574975468
108,6,77.7293616,69.95544160442313,7.683376059970913
108,7,64.34232920000001,57.90735115145022,6.404063690054144
108,8,58.899605799999996,53.009029014866975,5.879135898372022
109,10,87.7674623,78.98959642571316,8.736476686407464
109,12,86.1725544,77.55438479844112,8.530157633646278
109,14,59.90987,53.918252796339814,5.929882655840528
109,17,82.1310697,73.91709113502657,8.129278063963191
109,18,61.065172999999994,54.95802864284351,6.098034093474508
109,21,71.5397176,64.38495669217536,7.132524596765302
109,22,86.391463,77.75135388648465,8.592704611274284
109,23,76.5465928,68.89113946790825,7.643612926255589
109,24,78.6617835,70.794794358001,7.857341492995173
109,27,84.3864074,75.94688175340545,8.412708859744777
109,29,68.1741143,61.355824073381804,6.787711916184523
109,2,83.16653149999999,74.84872994489344,8.217832334465028
109,6,72.3454179,65.1101010160659,7.159610520253939
109,7,62.139782499999995,55.925117621308125,6.167184724409219
109,8,76.7479313,69.07233300998375,7.640909675815738
110,10,62.6585132,56.391878758561894,6.194017920834732
110,12,75.8866453,68.29721126078533,7.513458612027385
110,14,74.4703314,67.02250355332488,7.3706771639029425
110,17,70.1068082,63.09540503133601,6.940245955933685
110,18,62.23156949999999,56.007757707143384,6.212270248938084
110,21,82.6654013,74.3978960992969,8.234987850668158
110,22,67.2972607,60.56682661139397,6.698288779615345
110,23,71.7056711,64.53431658215638,7.152779986056448
110,24,63.771115599999995,57.393352485525895,6.370352412459626
110,27,72.84522319999999,65.55995319098993,7.238953083140758
110,29,65.89060599999999,59.30078060108125,6.566838209284841
110,2,61.1620886,55.0450980223219,6.089045387777049
110,6,58.766543299999995,52.889162764984306,5.838788300562562
110,7,65.23609,58.71155987681026,6.469162224621502
110,8,69.4230933,62.48006678070426,6.916287268310432
111,10,84.7779555,76.29921487444456,8.387493973219698
111,12,76.65262659999999,68.98658463953292,7.634932636345956
111,14,65.0845899,58.57546063178478,6.442999507533846
111,17,80.2345553,72.21024787696025,7.941480675658232
111,18,61.4734899,55.32550856209433,6.13749267303774
111,21,72.4185396,65.17590457726915,7.22225121979817
111,22,75.2530124,67.72672289128516,7.472743417701591
111,23,82.0670798,73.85950057514171,8.19142303019882
111,24,64.5500751,58.094415426175885,6.450734302643082
111,27,80.6216259,72.55861296121883,8.009680577989387
111,29,80.1661988,72.14859698301882,7.985313822859279
111,2,82.04425260000001,73.83889606260412,8.16036024683962
111,6,65.3663577,58.82891219762218,6.508702399141815
111,7,66.0226698,59.41957986734413,6.5477623547546235
111,8,63.2094914,56.8878860525413,6.257157742952387
112,10,69.3655402,62.42817318452173,6.911049864406097
112,12,64.0840291,57.674976033919634,6.344588056364384
112,14,74.0831792,66.67407059877208,7.332365134877878
112,17,65.11086230000001,58.59910457132094,6.445559520900431
112,18,73.75876609999999,66.38211835524285,7.363745735863401
112,21,83.8268088,75.44318603624738,8.355490171690168
112,22,66.6115284,59.949634811539454,6.624901477829216
112,23,62.66647640000001,56.39914983115891,6.252025673722438
112,24,80.4921094,72.442068651762,8.040297089962259
112,27,66.24655419999999,59.621216866338756,6.582707927187052
112,29,71.1202863,64.00743858420047,7.089522716380067
112,2,60.5625629,54.505531165511876,6.029943078517402
112,6,61.39330160000001,55.253320144289624,6.110129474599614
112,7,55.044842800000005,49.53949156614415,5.470807662017902
112,8,60.965696300000005,54.86850326122431,6.035387667547075
113,10,86.6536734,77.98730299424226,8.636106518866187
113,12,68.6987449,61.82814824334243,6.7997187159595365
113,14,68.6056234,61.74435319497266,6.79159023274211
113,17,68.5948089,61.734602565039054,6.847957957384067
113,18,72.1583211,64.94173447446506,7.2029131609815575
113,21,58.716049999999996,52.843743140868625,5.846817441921479
113,22,86.3120851,77.6799263667415,8.586128521157246
113,23,81.0298919,72.92605116807468,8.08940692247408
113,24,58.4605527,52.6138799522343,5.835464298689089
113,27,68.2299351,61.40624015818987,6.803631020999952
113,29,81.69711530000001,73.52647477612886,8.145153870549615
113,2,73.868128,66.4805073134692,7.368846083015428
113,6,73.93043540000001,66.53647340406052,7.3453870042202976
113,7,76.73419299999999,69.05990009029087,7.650950606251699
113,8,73.3269772,65.99352008992489,7.285084793060969
114,10,61.971626,55.773669585149975,6.168492441998443
114,12,69.9820165,62.98310436110014,6.928625167711664
114,14,86.6096898,77.94779999965094,8.572695391330717
114,17,59.172931500000004,53.25502976834188,5.909900258400457
114,18,59.139270499999995,53.22471604833091,5.874088669910032
114,21,79.51427580000001,71.56197621862772,7.928917658571489
114,22,61.0874797,54.977992575042165,6.0693151787630795
114,23,64.6519749,58.186082950869576,6.451795579922707
114,24,80.0958823,72.08545547955107,7.997769115392875
114,27,61.717711900000005,55.54531474158406,6.153020114603785
114,29,64.4415648,57.99662109817934,6.419510859028851
114,2,80.7514693,72.67540487101004,8.051365311768793
114,6,66.66182189999999,59.99488296224173,6.594047413384398
114,7,58.7813951,52.90249119131063,5.852108422351773
114,8,59.5090259,53.557500778135314,5.9400682691541515
115,10,83.6856587,75.3161650283005,8.345763199020755
115,12,79.2562504,71.3297934959065,7.845002188101366
115,14,75.0602641,67.55346276215282,7.430685447577641
115,17,65.66759210000001,59.1001327421894,6.55473042723946
115,18,74.44801389999999,67.00243396398284,7.369292644282672
115,21,63.950680299999995,57.554927826070525,6.3791205310648245
115,22,84.3172295,75.88450924184745,8.337492323086453
115,23,79.2872377,71.35766739962503,7.9128930703950955
115,24,68.4699291,61.622230090796734,6.803215166940697
115,27,82.7354641,74.46105333025415,8.220531468862843
115,29,81.7145496,73.542047509486,8.136558572974824
115,2,58.225167,52.4019160584912,5.797893474602863
115,6,73.922817,66.52965078531744,7.309726194736157
115,7,76.7058884,69.03441958831199,7.64648485485867
115,8,81.8683938,73.6807105003389,8.176494807984309
116,10,59.0974023,53.18689819685166,5.8825747053698745
116,12,69.89577270000001,62.9054765547255,6.9193296761205465
116,14,87.9464551,79.15087493081579,8.718422061464619
116,17,61.1274128,55.01404038110371,6.104708238968239
116,18,66.73172389999999,60.057865527046076,6.645277404875188
116,21,60.6993045,54.628737748343916,6.057211661167927
116,22,71.2768234,64.14835184226284,7.089647404423392
116,23,83.5450473,75.18960593575505,8.331858297036884
116,24,79.7156725,71.74327035558387,7.890898959647881
116,27,76.2981942,68.66759681444255,7.6224182585065074
116,29,71.19484700000001,64.07454243096502,7.096691025658998
116,2,73.3430464,66.0078936056039,7.2932334425521015
116,6,66.0299259,59.4261706595425,6.5306436943245085
116,7,57.7444626,51.96926271621234,5.748650248801751
116,8,62.2526864,56.0267667292425,6.214961955522005
117,10,80.25618329999999,72.22966194367524,8.001861102987
117,12,79.2577561,71.3311486107545,7.845159553066383
117,14,86.83342809999999,78.14916213206597,8.594740794812916
117,17,77.7112053,69.93926847724677,7.737284051655946
117,18,74.631317,67.16739117954012,7.449404300052378
117,21,78.9747926,71.07634354457764,7.862235459169882
117,22,82.9160785,74.62350462045916,8.239694688893533
117,23,65.2752662,58.74704255478867,6.483126693589142
117,24,68.7447744,61.869590046521964,6.805667562825875
117,27,60.0553705,54.04920485253294,5.994677009547924
117,29,80.6469353,72.58132369761479,8.040489681607436
117,2,58.04099,52.236184066757275,5.781567944662112
117,6,73.8845653,66.49518976911833,7.303966570692056
117,7,71.37434110000001,64.23614663197739,7.123316076340786
117,8,79.8978944,71.9072834435453,7.9801578480535005
118,10,56.73902199999999,51.06441499775106,5.649745773757992
118,12,71.0170855,63.91464957329831,7.030606693735544
118,14,64.5421584,58.08726421929557,6.388473957346147
118,17,68.9298308,62.03613768296185,6.84953983048192
118,18,67.388868,60.64929091879268,6.731462269972143
118,21,69.6218717,62.658926774076356,6.941894899047708
118,22,72.47556469999999,65.22721060346683,7.194261098172731
118,23,79.34881150000001,71.41306294482919,7.8519123158387325
118,24,78.8444396,70.95916625346841,7.849733613089263
118,27,81.6060931,73.44464340087526,8.15059655160424
118,29,60.6018398,54.540877194878355,6.033431676328592
118,2,75.82122869999999,68.2382141604058,7.5562991272125775
118,6,66.56960079999999,59.911890069780874,6.585370881848567
118,7,62.2387837,56.01415937619488,6.201378324671589
118,8,64.0055263,57.60430441942547,6.389262410482511
119,10,68.32851,61.49479909874777,6.802254377212412
119,12,72.0500786,64.8443327052952,7.175413494973327
119,14,87.7645234,78.98715854699114,8.688115983701925
119,17,81.1905851,73.0706649895921,8.073200335738754
119,18,74.0342272,66.63002253272505,7.390748956612791
119,21,81.04487019999999,72.9394846629578,8.0798158577444
119,22,86.9310485,78.23689930970065,8.629015289708377
119,23,79.6889881,71.7192076143477,7.91291164210407
119,24,62.99957309999999,56.69896656439805,6.273370586233356
119,27,58.7921072,52.912277548148936,5.867902154830662
119,29,78.8002693,70.91934343335973,7.855540406130375
119,2,61.8291331,55.64543117575167,6.156194263671025
119,6,74.1049855,66.69358524372456,7.336519219601269
119,7,69.3966058,62.4561478510468,6.918347008358605
119,8,81.7145496,73.54223356416259,8.1497726864131
120,10,59.790483699999996,53.81076027796735,5.959496798710995
120,12,77.6599982,69.89319892782507,7.733714960177517
120,14,62.278704399999995,56.05017571547766,6.164191032258607
120,17,74.6008775,67.14002744795422,7.413924216936069
120,18,78.1980684,70.37742183522442,7.7831570990005154
120,21,58.4605527,52.61378386448659,5.81983448674226
120,22,72.5055366,65.25417605902685,7.202732204651256
120,23,59.9214833,53.9286896375585,5.978462195926465
120,24,67.36503780000001,60.62782395934266,6.7222858472783
120,27,74.562782,67.10574637919832,7.449955404511019
120,29,58.9692133,53.071573337494755,5.874371761873674
120,2,88.28541720000001,79.4558859966736,8.803224660571795
120,6,66.7446872,60.069460862932665,6.602160850860967
120,7,52.51681419999999,47.264382982664934,5.223848182928495
120,8,71.3928401,64.25282203493167,7.129778339200106
121,10,72.65009380000001,65.38423736032017,7.239880293378629
121,12,69.4730069,62.525000472603175,6.8781793183983915
121,14,85.67822120000001,77.10951141247462,8.481812802031126
121,17,71.9933021,64.79324134547404,7.194503289600194
121,18,61.5386049,55.38410512931285,6.091926376119748
121,21,80.4813007,72.432228252738,8.016997615155743
121,22,84.2912016,75.86110041850634,8.335876434085716
121,23,67.5286322,60.775039538570006,6.738442554969517
121,24,63.745678,57.37044434396784,6.346543249089881
121,27,57.27318580000001,51.545259617894764,5.71547131792759
121,29,69.7007774,62.72985779180972,6.944430134374359
121,2,70.109718,63.09788795287002,6.967720568066242
121,6,72.1444937,64.92914445207474,7.1677097152159375
121,7,63.6376078,57.27298167106157,6.333083101621668
121,8,79.9005248,71.9096301236488,7.976796100112256
122,10,57.2157331,51.49343468260491,5.696368447281548
122,12,80.77743290000001,72.69881107013813,8.059179689213158
122,14,63.0144288,56.712320098782655,6.246484406686736
122,17,53.7333814,48.35947620874854,5.363740632806189
122,18,72.49800669999999,65.24743991154638,7.217163769164253
122,21,69.003842,62.10269868514207,6.826292655433128
122,22,72.3987732,65.15812691535325,7.164830652397537
122,23,61.6964553,55.52616319846563,6.159295806009564
122,24,50.059378200000005,45.052905102782915,4.95403427422118
122,27,66.176621,59.55828356169643,6.608062020241939
122,29,55.1381076,49.62360628522699,5.4910615556114255
122,2,88.3233326,79.48988507078194,8.731871855970072
122,6,62.6787164,56.41012448431161,6.247375316460696
122,7,56.7915231,51.11170436525662,5.659230946680546
122,8,70.1959051,63.17559387692243,7.010623401214763
123,10,84.2304422,75.8064536676243,8.398765395135396
123,12,72.6273191,65.36384008427966,7.25351236673219
123,14,82.6267711,74.36322436331442,8.179322580776999
123,17,67.84253220000001,61.057556234614616,6.772021826233362
123,18,63.1156655,56.80345044761039,6.2481415762197905
123,21,79.7156725,71.74318409029583,7.882797283208183
123,22,58.0763958,52.26807968111631,5.743324130249665
123,23,65.0756487,58.567354435714684,6.490351240418075
123,24,64.9588976,58.46231774723432,6.429164351045798
123,27,70.7663245,63.68894425099523,7.063337325568084
123,29,62.7981409,56.51750388561342,6.251370776467612
123,2,78.9237109,71.03051491680569,7.812817686892047
123,6,64.05175709999999,57.64574156278565,6.374975211916117
123,7,60.977467399999995,54.87896553963236,6.073040482699479
123,8,78.9113336,71.0193727022338,7.877775399732442
124,10,61.1452239,55.029858715452995,6.0826562263000215
124,12,88.9682312,80.07048896336808,8.88564699668192
124,14,67.7443769,60.96923923345287,6.73097256848491
124,17,67.65043800000001,60.884678564769224,6.753504103407184
124,18,64.05175709999999,57.645902831083404,6.339496546902578
124,21,71.7821417,64.60316131447489,7.104120768579205
124,22,75.05532790000001,67.5488749625505,7.472953128405273
124,23,62.45472600000001,56.2085989498946,6.235057667166687
124,24,59.1347772,53.220690294881905,5.853773289726005
124,27,65.8155681,59.23333496586151,6.572712462803576
124,29,62.0494697,55.843810042059594,6.185466904440738
124,2,65.49358790000001,58.9434178876639,6.474987389258105
124,6,60.159238800000004,54.14265535551802,5.999263293339795
124,7,55.5505892,49.99481712520041,5.531053469576664
124,8,65.8952001,59.3050031070564,6.561899088971225
125,10,77.4974229,69.74682565962073,7.728496360584938
125,12,67.3081707,60.576652438525144,6.719897168269589
125,14,70.935141,63.84087894369155,7.0659855842637205
125,17,61.5554564,55.39928711722407,6.149720588512591
125,18,59.389797,53.45021000524223,5.879388209837268
125,21,63.852429799999996,57.46648183894513,6.364968468053068
125,22,66.54141220000001,59.88652645921056,6.633606090257721
125,23,75.3295081,67.79574680092209,7.517739741627015
125,24,76.0878114,68.47823302819954,7.531516763919135
125,27,86.0317148,77.42765591079757,8.59258045646976
125,29,77.2617606,69.53458368530629,7.692411635074247
125,2,83.0366234,74.73190173553829,8.208684683387174
125,6,60.1251354,54.11193304590015,5.947083930738901
125,7,70.91782359999999,63.82518287571096,7.065857326426305
125,8,67.7571285,60.980703906601875,6.745402119631731
126,10,64.4737142,58.02557017276129,6.4223415792086795
126,12,84.367957,75.93028278683407,8.40086261845625
126,14,61.6360016,55.47176611163933,6.141036432784025
126,17,66.4618779,59.81500658073889,6.57943388789159
126,18,62.5164484,56.26414127197378,6.239229200305179
126,21,67.36503780000001,60.627727935683616,6.708330983120796
126,22,83.5550471,75.19857023880859,8.324864156470062
126,23,77.8099211,70.0280781645236,7.762486702136712
126,24,65.9597831,59.36312679590745,6.529704701361257
126,27,61.91649,55.724193068821975,6.180631010053876
126,29,80.1892548,72.16926116931432,7.98160559002185
126,2,68.4029601,61.561886017437814,6.76700916178887
126,6,70.6151109,63.55286072389749,6.98950819031372
126,7,60.5191482,54.46651403681237,6.030554102768136
126,8,60.2072017,54.18586355595078,5.960165832940115
127,10,81.8679625,73.68006193990222,8.14540020133232
127,12,73.3956539,66.055333419518,7.330196525714931
127,14,69.0790889,62.17042427028088,6.892252231720603
127,17,78.8361812,70.95171883852457,7.802743932697406
127,18,59.9859012,53.9866930022093,5.990480036748277
127,21,69.5835484,62.624321336373995,6.9251849676007255
127,22,69.5171741,62.564680977151845,6.913776877571276
127,23,59.435312100000004,53.491129141823485,5.928371962685248
127,24,78.54234919999999,70.68728303905208,7.7739885156210935
127,27,82.9409082,74.64595100454582,8.281172975414913
127,29,57.88455689999999,52.09535083985984,5.762699853720905
127,2,73.8312232,66.44713838705015,7.333290272131216
127,6,76.7096212,69.03768579600137,7.5821706719348985
127,7,71.8672412,64.67963438898069,7.159363218166649
127,8,62.7981409,56.51766640995906,6.215602303692908
128,10,73.93176369999999,66.53778903648069,7.375231176829134
128,12,82.9486456,74.65290057518682,8.25723027614821
128,14,66.7866355,60.107285799792756,6.651102818758559
128,17,71.7392507,64.5645943030422,7.102461035563166
128,18,75.1256503,67.61229634862993,7.47942570514787
128,21,51.851921499999996,46.66611967552243,5.163497568279766
128,22,82.0376083,73.83289065866758,8.15507156809358
128,23,76.6921959,69.02217197116681,7.653626584394156
128,24,65.8694762,59.28184941632849,6.520542841838213
128,27,70.94956529999999,63.85387806584721,7.085484317615129
128,29,78.16572699999999,70.34826844194984,7.793257011213743
128,2,64.2006631,57.77985728990923,6.384365163955779
128,6,68.29713149999999,61.46664973410229,6.756203931351394
128,7,60.4429043,54.3978953290638,6.023075225015988
128,8,66.4863879,59.83707106034362,6.582184214151338
129,10,67.9839423,61.184765979700856,6.776275639721868
129,12,70.981379,63.882512697723456,7.026988070061847
129,14,79.978824,71.9800726167346,7.980941660570775
129,17,57.9360479,52.141835299862336,5.734478267926535
129,18,69.4972712,62.54683243223713,6.880167690876679
129,21,65.2593919,58.73262538330394,6.493222664979143
129,22,67.9987969,61.19815726418449,6.7624898189238545
129,23,64.3001251,57.86943229541782,6.415276511571114
129,24,76.80958369999999,69.12782058941997,7.602916410978156
129,27,81.868154,73.68048613955385,8.174556411366046
129,29,57.8283824,52.044772788208576,5.754955286897729
129,2,69.39856800000001,62.45779491099081,6.892926808537623
129,6,76.8031215,69.12187939329408,7.593866557743485
129,7,66.54609339999999,59.89073997792694,6.63635667425303
129,8,66.806436,60.12510482553447,6.61350909955291
130,10,80.8834897,72.79416971111789,8.058299019867789
130,12,81.28356169999999,73.15435265071224,8.057663441324518
130,14,69.1073102,62.1958662705462,6.901701350628347
130,17,78.1415051,70.3265244351019,7.734219741783603
130,18,76.3273135,68.69377007496782,7.565579746167951
130,21,59.386099400000006,53.446830816975314,5.916174062286714
130,22,83.1408346,74.82578207906445,8.222053527770193
130,23,75.5539917,67.99773893028848,7.533956603828453
130,24,64.9080055,58.41653577470797,6.42533900998271
130,27,70.3473812,63.311919662098845,7.023518593989288
130,29,77.318591,69.58577809575792,7.646849398789953
130,2,73.9377566,66.54304460903303,7.343045834522209
130,6,66.9671571,60.269676466518355,6.674305086609105
130,7,65.4744475,58.92620051942804,6.512816692053743
130,8,78.9056624,71.01428287180924,7.811400746559098
131,10,76.9011758,69.21010935935934,7.659027286544071
131,12,68.6516381,61.78576834438341,6.796176055800766
131,14,83.0154337,74.71302906740875,8.290675734488104
131,17,67.0015554,60.30070750426731,6.6326409069243955
131,18,67.2494433,60.52380525827483,6.6572877245774755
131,21,72.59954400000001,65.33883227423277,7.185662754078954
131,22,70.1689221,63.15124693517216,6.9414817726705484
131,23,69.10611399999999,62.19479457378807,6.902025027438045
131,24,76.91991139999999,69.22711437377961,7.613855637921005
131,27,83.4976611,75.1470148882259,8.3328749952882
131,29,71.2331314,64.10903325963297,7.048081208251936
131,2,58.7123288,52.84031848654446,5.843057990523166
131,6,75.44660789999999,67.90103272828601,7.5149464643386485
131,7,61.91007080000001,55.71835439903653,6.1261989097664
131,8,58.8548615,52.968759607593206,5.874649015736646
132,10,63.640337300000006,57.27562350887259,6.350034315384474
132,12,78.3954228,70.55505311145204,7.759502663951697
132,14,57.6958737,51.92567178933945,5.758879028478684
132,17,77.0339096,69.32970517392997,7.624925313062442
132,18,76.41785709999999,68.77527951941978,7.60930405207034
132,21,56.746775299999996,51.0714154245733,5.616511775145664
132,22,82.9091079,74.61724440209802,8.262737002249196
132,23,59.7062941,53.734990650298435,5.927231868967444
132,24,67.0015554,60.30070893332064,6.632624681819781
132,27,70.3166444,63.28425581857014,7.020122626588576
132,29,68.6877446,61.818193516521646,6.848176329270188
132,2,82.1915624,73.97140598171237,8.188309652552864
132,6,65.1259718,58.61262889129373,6.490886476068551
132,7,70.9589287,63.86212219057132,7.050227612834679
132,8,77.318591,69.58592432645968,7.7193700106791185
133,10,72.7350879,65.46064881773027,7.241120839064665
133,12,65.3625289,58.82560516435877,6.470583276202069
133,14,80.39845129999999,72.35775998552276,8.027851384814662
133,17,65.9439786,59.348907602589684,6.567555317917797
133,18,73.4700194,66.12222687543876,7.312449823366737
133,21,77.9269258,70.13329800600634,7.727881835916408
133,22,71.2009458,64.0800709926795,7.100642150021502
133,23,73.6031342,66.24200234215164,7.308057110915892
133,24,76.6149664,68.95267002573969,7.5839138418305945
133,27,80.3624358,72.32535262696754,8.023454827891085
133,29,77.5550124,69.79847034633588,7.718376359034517
133,2,72.1271152,64.91357579125886,7.1902587788696035
133,6,67.37311849999999,60.63497615286783,6.709273858493272
133,7,57.3155433,51.58331046939171,5.71096731150885
133,8,67.9652916,61.16806297055703,6.78715532824248
134,10,65.3277979,58.79426955706201,6.478948332855788
134,12,71.655316,64.48902703483768,7.092294603238764
134,14,69.4833849,62.53432720283039,6.939665247989331
134,17,60.0620727,54.05524644751302,5.967522740184092
134,18,58.7738293,52.8958170071718,5.865180593407536
134,21,66.3304993,59.69672527908078,6.56221027826063
134,22,80.1471213,72.13150419661457,7.988502821099264
134,23,63.4460319,57.100766995081486,6.302994261207022
134,24,63.091160300000006,56.78139398093701,6.245528754401534
134,27,64.5246438,58.07151650732221,6.443711563618427
134,29,76.2425806,68.6173598700152,7.592159814760356
134,2,82.4685626,74.22068211938885,8.214065635193217
134,6,62.7618441,56.48494937514567,6.256260388664626
134,7,63.0480685,56.742430589377236,6.274047701496559
134,8,78.6237333,70.760547179691,7.829312427625694
135,10,84.49620089999999,76.04557130153374,8.382221543291832
135,12,62.6454953,56.380303161318366,6.201669272403616
135,14,79.65389379999999,71.68766936360946,7.95405053018208
135,17,68.6853597,61.81607530861026,6.797155244326618
135,18,75.5347973,67.98054109972502,7.54516268512946
135,21,78.1415051,70.32641662782378,7.724426294680756
135,22,57.5607079,51.8039473584645,5.719439588235598
135,23,67.632073,60.86814419711456,6.717402888661749
135,24,68.69973900000001,61.82904465659628,6.804732446750031
135,27,69.6150081,62.65277589992845,6.949045290119235
135,29,55.6052788,50.04404136981019,5.536003084446248
135,2,73.2762229,65.94777769201372,7.306169667444509
135,6,62.213021999999995,55.99102739620004,6.203598317129672
135,7,55.9812669,50.38249245057267,5.537309635914005
135,8,64.08873229999999,57.67919736451164,6.400111805582154
136,10,72.4838883,65.23467718883695,7.225770340283514
136,12,67.8781716,61.089636645882706,6.7756083458290295
136,14,68.6820243,61.813109530368564,6.858407647502977
136,17,63.9489657,57.55341076103169,6.330554814597261
136,18,59.1371337,53.22279764160274,5.903125053491232
136,21,67.0015554,60.30065718729467,6.6275128787065904
136,22,66.92073979999999,60.227968493417,6.623862236068042
136,23,56.178954000000004,50.56046273813087,5.606268824410161
136,24,60.0620727,54.05524773002029,5.945686537025259
136,27,61.7476791,55.57227712162036,6.164452276593818
136,29,67.3181614,60.58544757273746,6.699445210791341
136,2,84.6983904,76.22744043497809,8.43077907254501
136,6,74.2179623,66.79533673964585,7.400800405297313
136,7,61.0282776,54.92457118581666,6.027974117029573
136,8,77.233122,69.50899531989997,7.7102987836658645
137,10,82.9461613,74.65056798359636,8.263935553854449
137,12,63.3629908,57.026040873805684,6.328428169104051
137,14,82.3939386,74.15367781211359,8.226205293574358
137,17,79.8441903,71.85894668261663,7.904242516691948
137,18,74.9613157,67.46438658099198,7.4823501522930975
137,21,76.70551719999999,69.03407557140777,7.58451572956997
137,22,80.253523,72.22724448352942,7.937325161570556
137,23,62.6232417,56.360232668306686,6.246774904096119
137,24,68.65837769999999,61.79181139602355,6.795429303267342
137,27,67.6142674,60.85213350782721,6.747950241311579
137,29,60.0619439,54.0550574058103,5.986173592735758
137,2,74.1936696,66.7734595961163,7.396438377478149
137,6,61.81391240000001,55.63176380423175,6.156495048293672
137,7,56.79097360000001,51.111208869338874,5.616434452224705
137,8,64.1583325,57.74184127127633,6.408159036950594
138,10,86.1608511,77.54361437124288,8.512796424757468
138,12,77.3971469,69.65661996410486,7.727482968052673
138,14,81.4790032,73.33023575439282,8.133013377784533
138,17,57.1848747,51.46577999633089,5.659722186815112
138,18,75.4352623,67.89094752473316,7.532200364676207
138,21,63.8854633,57.49621102255123,6.31933831687375
138,22,66.81916249999999,60.13649866757478,6.65243929607916
138,23,60.65153840000001,54.58574877689199,6.0453126647935065
138,24,65.7822072,59.20331120913328,6.512198587675265
138,27,62.5967767,56.336453912319755,6.248784166048313
138,29,65.09113880000001,58.581150369683854,6.477302476190039
138,2,77.4957405,69.74532575274108,7.73165260476442
138,6,74.6448786,67.17940795061853,7.429278135119666
138,7,74.0086915,66.60689804868117,7.317001481588095
138,8,67.15681839999999,60.44043116135125,6.704331992910316
139,10,61.1606428,55.043812368645156,6.089228683093733
139,12,66.5350607,59.880870773679675,6.625672057723359
139,14,57.553679599999995,51.79770619271798,5.744905284383952
139,17,81.0981158,72.98745256771203,8.027841862036254
139,18,59.8350661,53.85093809705698,5.974397982436723
139,21,68.887253,61.997704528262695,6.809659705612289
139,22,75.0898297,67.57996227699002,7.47123024379708
139,23,75.5854799,68.0261118529368,7.479827165954335
139,24,80.74565,72.67022455177708,8.0032780640118
139,27,80.6623076,72.59523413417193,8.0534596538812
139,29,62.0099344,55.80821647724547,6.179517520075611
139,2,87.7304736,78.95632014155444,8.737010966551406
139,6,74.4276273,66.98376887699129,7.399727974028639
139,7,62.877053800000006,56.58861786080788,6.219363184222991
139,8,59.967605199999994,53.97022822986653,5.95831016282552
140,10,83.0239366,74.72061116219096,8.278283633118493
140,12,79.8312109,71.84725210443693,7.9309612905069535
140,14,73.5694308,66.2117027840373,7.343064767406856
140,17,69.3311332,62.397303438819094,6.904091242616942
140,18,68.0859883,61.276673803380184,6.797227564441503
140,21,60.59571030000001,54.53546750266813,5.993645045646189
140,22,63.542384399999996,57.18743702329825,6.31055252045925
140,23,65.254783,58.72861675312689,6.458619462182715
140,24,67.7588658,60.982280425864005,6.707605438119691
140,27,68.2759846,61.447683215900476,6.818943467187028
140,29,76.53449260000001,68.88009906750922,7.622728802709528
140,2,78.97844979999999,71.07965371498189,7.811410757700084
140,6,63.656533599999996,57.29014322575941,6.34428928718626
140,7,76.3016161,68.67045658771535,7.5786418520568315
140,8,63.893690199999995,57.50364959482672,6.360821712031743
141,10,65.1777025,58.65916282876355,6.494018167922772
141,12,67.52419499999999,60.77108132310806,6.706211983423776
141,14,62.8743587,56.58627468000498,6.278874409405502
141,17,83.0433787,74.73818054504402,8.269675668226325
141,18,62.9049556,56.61381282398622,6.281652866078406
141,21,67.4087587,60.66707501126274,6.663173913612635
141,22,72.6244384,65.36107206442807,7.219696007516541
141,23,71.5752741,64.41701209789346,7.0860113908289595
141,24,81.0981158,72.98745491706273,8.027478891703897
141,27,80.5900779,72.53024028010505,8.04977279732524
141,29,78.1701546,70.35212851335473,7.78049452668919
141,2,70.821736,63.73879523489414,7.065893889047858
141,6,72.6454747,65.38008922584491,7.240836573451165
141,7,65.7410916,59.16622804331813,6.5033514951565685
141,8,62.0099344,55.808303370524804,6.192164131097658
142,10,83.2901207,74.96015989805029,8.303190783232733
142,12,80.9680109,72.87036377637564,8.04796581540435
142,14,70.0782643,63.06968178174976,6.9752738866977895
142,17,62.0518341,55.84600029838391,6.177893423157699
142,18,64.3641296,57.927039631476966,6.424534803296238
142,21,63.330038099999996,56.99632976445945,6.264016571524892
142,22,62.570442699999994,56.31269991599659,6.237008350583309
142,23,66.32808650000001,59.69458458142286,6.565302417601744
142,24,69.3311332,62.39730474703007,6.863265207768421
142,27,58.721286500000005,52.848539657889084,5.861344405937436
142,29,57.732324,51.95832121222795,5.745268559423382
142,2,75.866208,68.27872676550969,7.563345500610492
142,6,57.8819553,52.0930279191229,5.762867467554672
142,7,79.3652969,71.42778751122873,7.856482742453994
142,8,76.53449260000001,68.88024382435644,7.620106126849298
143,10,59.1512357,53.235347695594186,5.887922979971343
143,12,68.4411993,61.59637456381604,6.7752780431393225
143,14,65.04824430000001,58.542750078187524,6.4776291112092474
143,17,81.3642195,73.22694658593532,8.124103590024763
143,18,62.3992944,56.15872390732975,6.177317453703406
143,21,80.7270606,72.65346988779133,8.048506698066149
143,22,70.8464076,63.76097759006007,7.063435398423638
143,23,75.4666177,67.919117840867,7.466935473969122
143,24,81.0983317,72.98764922743187,8.027539166630467
143,27,82.0078268,73.80619733386071,8.190907243840895
143,29,74.7008102,67.22958899803052,7.4258032901904025
143,2,68.6153021,61.75295509562821,6.8371328285649415
143,6,74.3346905,66.90029944867774,7.40291669597311
143,7,64.673368,58.20527531275002,6.396935121611758
143,8,67.436311,60.6919868151101,6.675912902230808
144,10,79.7559716,71.77947660305234,7.9516956945149
144,12,79.84662639999999,71.86112926328518,7.903731654147759
144,14,80.55738099999999,72.50077810032876,8.041088488450647
144,17,84.7000252,76.22910823574745,8.431429264144427
144,18,76.1005779,68.48972441439508,7.53372417145442
144,21,61.5766809,55.41830175995719,6.119876116910167
144,22,55.8309775,50.24721876083781,5.5605308910455475
144,23,76.69055970000001,69.02067218795247,7.5892425285364205
144,24,70.21604380000001,63.193715094737364,6.950898610828613
144,27,60.9214684,54.82868674309417,6.0825025105667505
144,29,68.8867489,61.99731098066484,6.870576407003455
144,2,90.3232744,81.28981389574683,8.994941503735964
144,6,71.4632232,64.31598395924635,7.113421387223007
144,7,76.7111248,69.03906135657448,7.637387010187567
144,8,76.2516243,68.62565726020652,7.547350517018658
145,10,55.931664999999995,50.337802105783005,5.569515463084453
145,12,65.09957990000001,58.58895062315643,6.444322836736339
145,14,69.4433716,62.49831692116705,6.935933500575362
145,17,59.7299425,53.75631877870496,5.946218171538547
145,18,66.1693227,59.551711134326965,6.550598757283244
145,21,82.237249,74.01261859547938,8.179047095114909
145,22,70.4080868,63.36648147523215,7.008289021952425
145,23,57.44443030000001,51.69936212363938,5.684195079983462
145,24,81.2032619,73.08208531807512,8.037931700696728
145,27,80.2003242,72.17946600217266,8.01117362745822
145,29,75.76162910000001,68.18444406060799,7.540090462179549
145,2,75.759164,68.1823746881805,7.551259480216203
145,6,60.2730982,54.245059599009316,6.003885071416687
145,7,61.140294399999995,55.02554674354146,6.093388186099274
145,8,67.25661360000001,60.530262745747336,6.658292451489243
146,10,70.11139159999999,63.099316480753785,6.976966021451025
146,12,72.11165430000001,64.89973474121034,7.13789531824765
146,14,79.45941140000001,71.51263383142918,7.934022014930419
146,17,80.78977569999999,72.70994564787857,7.996799813473913
146,18,74.42124530000001,66.97832867631787,7.408050157661848
146,21,61.84799760000001,55.6624739249154,6.114912253117355
146,22,52.2926226,47.06273555216073,5.18780881994091
146,23,72.9702664,65.67245336877505,7.231808448421652
146,24,69.59216310000001,62.63222894930208,6.889172416464006
146,27,67.3242873,60.59117685224315,6.727622691887907
146,29,66.64250419999999,59.977498429226905,6.644607039502358
146,2,87.7512058,78.97504419537432,8.744519114025112
146,6,74.17203119999999,66.75380413334254,7.3787362491204105
146,7,65.99532500000001,59.394931056698326,6.57028454406957
146,8,75.72319320000001,68.15009251004288,7.507688746102271
147,10,70.8579874,63.77132172892286,7.056699247459186
147,12,63.134770399999994,56.8206447370184,6.249964022285864
147,14,68.51169999999999,61.659820878527064,6.841636741114213
147,17,78.23356179999999,70.40937969267554,7.743679714432397
147,18,65.5670755,59.009694987893276,6.529274664310599
147,21,82.53326709999999,74.27897546255258,8.160965989923156
147,22,66.1216079,59.50861943104017,6.573923871594127
147,23,61.27445110000001,55.146361602193224,6.06468446385293
147,24,80.9909959,72.89103962411818,8.01642785604247
147,27,52.48518060000001,47.236115373910565,5.239381894120448
147,29,75.1698918,67.6518866348179,7.481050215958527
147,2,75.7618023,68.18475608087438,7.534875744359041
147,6,63.440529999999995,57.095734623720034,6.321592875105929
147,7,57.6644017,51.8972860617093,5.747051209643605
147,8,56.2949649,50.664875593700266,5.571872443200774
148,10,54.4953427,49.045126961028835,5.426204005623541
148,12,71.6174038,64.45491453663985,7.114968377284355
148,14,80.0164914,72.01400339332086,7.985903537511672
148,17,55.035076100000005,49.53098789883217,5.4930931246187775
148,18,73.4055221,66.06419883263517,7.308040196458172
148,21,69.2603378,62.33353290693494,6.850721887974121
148,22,60.4139933,54.371925684888545,6.01562742532004
148,23,63.3162612,56.98394280089571,6.300024797930215
148,24,66.6980786,60.02758594496644,6.602794413628616
148,27,68.5599423,61.70322319998442,6.843490446432863
148,29,77.1745889,69.456093152048,7.680579187712635
148,2,87.134806,78.42022542188863,8.676543630918822
148,6,59.205141100000006,53.28391969930498,5.897336426800423
148,7,63.229829699999996,56.906036112375595,6.295980189622084
148,8,74.79005439999999,67.31027947650485,7.404218636483447
149,10,71.64431610000001,64.4791257997426,7.150370676853973
149,12,60.50145260000001,54.45068518054206,6.041419545493447
149,14,67.0922081,60.38229129889727,6.642182675271957
149,17,68.2703029,61.44254541091572,6.814741758283398
149,18,64.2476594,57.82223319402292,6.360191576744
149,21,81.2032619,73.08199906879486,8.029672001913367
149,22,69.8713995,62.88336566060845,6.945389206694495
149,23,57.8588368,52.072347943429186,5.747525597390026
149,24,68.2703029,61.44254811109146,6.7570839893817265
149,27,70.6170266,63.5545717548306,7.047430481707636
149,29,59.197379500000004,53.27689464582807,5.894252020333519
149,2,76.2455535,68.62014438969213,7.602767210220062
149,6,56.275748899999996,50.64753560096468,5.609224242356034
149,7,54.5718047,49.11397426681794,5.437716458033852
149,8,63.238728300000005,56.91421445648899,6.2984817357967
150,10,58.409265600000005,52.56760153350994,5.815466900017679
150,12,63.2052513,56.88408215799411,6.314067134294552
150,14,78.0381637,70.23352880410003,7.725217580594427
150,17,58.85315,52.96723061566404,5.859227356546491
150,18,74.13326099999999,66.71914571954646,7.363838448358531
150,21,69.59216310000001,62.632177210230346,6.884188336838704
150,22,63.4860494,57.136703754374984,6.317376962580979
150,23,62.626035300000005,56.362746576234926,6.218994231154831
150,24,58.8195068,52.93695231648679,5.822741186259879
150,27,55.4156514,49.87350587970762,5.531892898438712
150,29,72.9154867,65.62303139222304,7.261679968260558
150,2,84.829307,76.34532753439022,8.449124846236137
150,6,60.968147800000004,54.87049212495093,6.063949019852477
150,7,60.8982458,54.80763483262003,6.063341166130825
150,8,63.375297200000006,57.03709113269309,6.324848267775142
151,10,80.197166,72.17650088434058,7.991310029257654
151,12,72.4145142,65.17230576817333,7.23029316924705
151,14,64.17738,57.758976277769044,6.353187123893497
151,17,64.65312899999999,58.18713147219105,6.436156079897677
151,18,63.334844700000005,57.000709591513974,6.3248444638971515
151,21,80.3149184,72.282511746429,8.002907730506589
151,22,60.7164981,54.64404993422513,6.040831979312458
151,23,59.671599900000004,53.703812175423664,5.905987277534029
151,24,64.0722351,57.66433936530168,6.37866323860471
151,27,78.9369387,71.04242283073505,7.882672461927007
151,29,61.109082699999995,54.99747148117887,6.090948418253651
151,2,70.16306759999999,63.145958795142555,6.94049044312512
151,6,58.4031772,52.5621943178435,5.818923615308301
151,7,54.30554480000001,48.87434975129551,5.41174856590135
151,8,57.1314863,51.41775077142192,5.705365304790284
152,10,81.2449309,73.11938616230314,8.087477932823294
152,12,63.6843492,57.315259055271085,6.360239141027215
152,14,63.4391004,57.094523601600294,6.302235526244378
152,17,59.4538424,53.50784424754183,5.885789154928445
152,18,73.03684630000001,65.73240082998608,7.293111240743222
152,21,64.2902134,57.86047822090432,6.40806827189779
152,22,75.5245964,67.97118454607735,7.5180495802332326
152,23,77.4067264,69.66522119766398,7.660525559148309
152,24,60.59401,54.53398577416994,5.998346248564416
152,27,67.0977253,60.38726090322128,6.701169543819776
152,29,63.6376078,57.27298771179683,6.333107762443723
152,2,73.7248495,66.35142967058121,7.297841329043887
152,6,73.6733635,66.30511177454518,7.334158006982256
152,7,65.0695343,58.5617006459024,6.475937664571231
152,8,62.664895200000004,56.39777044741803,6.261066693337238
153,10,58.721286500000005,52.84839788520232,5.845061786854006
153,12,76.98570959999999,69.28633413088335,7.686982739281983
153,14,55.7029747,50.132102364968745,5.534252735791427
153,17,77.9998981,70.19908479925516,7.720682749524483
153,18,61.510771,55.35905281489661,6.1413696320090265
153,21,67.0603681,60.35354272962241,6.679503617049738
153,22,64.4353626,57.99111628237012,6.416811114253002
153,23,64.12405890000001,57.710979010034194,6.346783023275038
153,24,78.0877446,70.27813728058136,7.7287916360023505
153,27,79.2448284,71.31951759162507,7.912845701976589
153,29,56.7915231,51.11170703727006,5.659941400471449
153,2,65.80506229999999,59.22379928630844,6.508897367530356
153,6,63.0399799,56.73526350513679,6.281307853351275
153,7,66.4462353,59.80067935392107,6.610756365977096
153,8,59.592908099999995,53.63300229798359,5.950874211115783
154,10,80.84632470000001,72.76070232966248,8.051951600571122
154,12,65.3397537,58.805097593398,6.523829964113063
154,14,65.0690761,58.56147173404943,6.477000516223262
154,17,64.5752816,58.117087498733156,6.392486815207153
154,18,53.49650929999999,48.146275331308054,5.3231897744479895
154,21,58.3565942,52.520286916276625,5.817050097031938
154,22,75.1215547,67.60851404892075,7.45475956216005
154,23,76.7596022,69.0828097322155,7.5961666421163265
154,24,75.8402603,68.25543134100323,7.549961104906585
154,27,69.1221336,62.20921129571058,6.904396233877908
154,29,60.4001978,54.359379961274044,6.011810768562956
154,2,70.3125271,63.28037470411497,6.95053638210768
154,6,72.6219984,65.35886967692365,7.229963336781886
154,7,53.7001131,48.32940782337387,5.346211188054169
154,8,71.91505649999999,64.72280439270509,7.181446728942726
155,10,82.6409756,74.37584455581214,8.226403096295522
155,12,71.74706640000001,64.5716182064326,7.165420131682604
155,14,57.124916400000004,51.41184667952301,5.706848840738241
155,17,77.4752475,69.72690468635844,7.668576161788614
155,18,63.751730699999996,57.37587641775473,6.345418029293358
155,21,64.7940074,58.31380882391013,6.449890244888859
155,22,63.664973,57.297769903447346,6.339507131423297
155,23,67.23463079999999,60.51046516866639,6.690185856861701
155,24,54.239545,48.81501687909459,5.413768433581395
155,27,80.10988420000001,72.09805536209265,7.998606862628612
155,29,63.3306228,56.99688837321849,6.267700392861118
155,2,64.311138,57.87928294362594,6.361042046246447
155,6,62.1904741,55.97072229734138,6.199046107899809
155,7,72.9924702,65.69231046519094,7.253129374656826
155,8,60.952720400000004,54.85682175995128,6.087328399764541
156,10,60.706134899999995,54.6347753818451,6.04542793117619
156,12,76.7397316,69.06494263796354,7.659928346002789
156,14,61.3187182,55.18621848236064,6.125124762466074
156,17,63.3853451,57.04615701026278,6.274660461698826
156,18,61.61072789999999,55.44897535298413,6.145023901019664
156,21,60.774773,54.69662648145367,6.05795379112967
156,22,65.1820176,58.663104492473096,6.499807484020705
156,23,79.8776626,71.88902381397448,7.948806160465468
156,24,75.7120817,68.14009338658761,7.562583076895813
156,27,66.8948675,60.204693215773844,6.681350277314717
156,29,71.53447320000001,64.38004523287316,7.067908758804481
156,2,68.34974539999999,61.51382786663705,6.762790486843924
156,6,72.2288547,65.00506908080833,7.192147553719786
156,7,60.7730011,54.69498566650391,6.011502965326158
156,8,71.5823192,64.42333590043877,7.1465067234083754
157,10,81.3956644,73.25510236177527,8.10680901895253
157,12,62.2380995,56.01364330841098,6.214447959578101
157,14,76.7682701,69.09064079111292,7.666210837341737
157,17,78.05276789999999,70.24667106740789,7.726012705991838
157,18,63.30034249999999,56.96961096876162,6.314565298442885
157,21,78.1223165,70.3091657361436,7.723906720904592
157,22,71.35122080000001,64.2152374805214,7.105230974845573
157,23,69.0699745,62.16225545526314,6.876649793359383
157,24,56.875671000000004,51.18750952163886,5.678213858839721
157,27,79.8674802,71.87988982803941,7.9734873061765095
157,29,64.8492186,58.36347236341572,6.410308319446128
157,2,61.771391799999996,55.593543393410066,6.109856068992127
157,6,60.889370899999996,54.799737805607165,6.068306194165412
157,7,73.9295587,66.53567933840613,7.309060437113978
157,8,61.8262429,55.64298482626865,6.158304348807369
158,10,67.9633523,61.166241743456034,6.7740887819495965
158,12,76.0987355,68.48805280962837,7.595916455466221
158,14,76.92777050000001,69.23415615918324,7.676157639190023
158,17,63.1580046,56.84155171829823,6.252089043783844
158,18,52.162542,46.945746124886966,5.207765390224222
158,21,66.0232336,59.42021912270186,6.5341992391574815
158,22,69.5677298,62.61009340759919,6.917712838805863
158,23,76.6426689,68.97757131429144,7.6275569436893464
158,24,78.05276789999999,70.24667375234533,7.793690478428274
158,27,63.6769265,57.308580665507485,6.359818576875717
158,29,62.766443800000005,56.48911874929859,6.261838715841651
158,2,71.47913489999999,64.33033086319257,7.066375807530579
158,6,73.2036937,65.88241366041422,7.2863242421712275
158,7,61.2652656,55.138018478094025,6.058961295040673
158,8,70.4441993,63.39902941350514,7.007809565428873
159,10,78.5055061,70.65402443776044,7.820421507497636
159,12,72.9911443,65.69125895138342,7.286426096317578
159,14,60.465364,54.418191746390974,6.006549423530962
159,17,78.4407502,70.5958511091369,7.7644422891328295
159,18,60.8714218,54.783638912842285,6.076404652709203
159,21,77.0643522,69.35706975462972,7.623715348997949
159,22,54.00591970000001,48.60467533602895,5.378041027437114
159,23,63.1516366,56.83581097786981,6.250681861241626
159,24,61.61516339999999,55.45300955075295,6.152140044024299
159,27,72.8622372,65.57524836242787,7.27418923112142
159,29,71.301178,64.17003279356234,7.091795394337361
159,2,65.3062237,58.77484329676468,6.459028807152359
159,6,59.2856659,53.356424434077695,5.870492556463933
159,7,73.8980521,66.50730132419388,7.3044157317751335
159,8,71.22292449999999,64.09987379363268,7.049084212024012
160,10,63.0319281,56.72801115839962,6.28086208926055
160,12,61.253022800000004,55.12708450765095,6.115260173019959
160,14,77.63926450000001,69.87452041212278,7.730038637289119
160,17,63.714004599999996,57.34194594113849,6.307133194151881
160,18,63.942523699999995,57.54756737600314,6.378765310336539
160,21,54.793693600000005,49.31366204433708,5.416378235006265
160,22,68.6361825,61.77179252111696,6.842066470034327
160,23,68.60348880000001,61.742384539076866,6.8260184793778595
160,24,77.21617710000001,69.49375357186031,7.688285966014587
160,27,58.6146246,52.75255959684493,5.853459534694938
160,29,70.8054746,63.72404251572572,7.052008484225823
160,2,81.77334400000001,73.59501208938877,8.085346707829997
160,6,63.9245745,57.53127719777368,6.335244701214647
160,7,61.380565,55.24177914656936,6.070291768498193
160,8,53.4253758,48.08227880919285,5.318268956059285
161,10,68.61992810000001,61.75707240352739,6.83184523579403
161,12,65.17822340000001,58.65973609704938,6.511123932231591
161,14,65.550255,58.99455226247044,6.4892035677066024
161,17,77.02322219999999,69.32008661835995,7.623833126892049
161,18,53.4867592,48.137522611469734,5.3128969178519005
161,21,77.66180609999999,69.89477206851734,7.6831519735408325
161,22,53.3819096,48.04309911019445,5.31827949152217
161,23,59.482404700000004,53.53354065817967,5.9379815870953685
161,24,65.50931519999999,58.95771037215013,6.48512150658912
161,27,66.99805669999999,60.2975423870172,6.687465991536435
161,29,58.7100027,52.83829641483706,5.84937525704308
161,2,70.25498,63.22868461659242,6.949634993517499
161,6,64.390455,57.95053181687589,6.380979956220574
161,7,71.8095622,64.62772332623356,7.13677363564524
161,8,70.6962519,63.625887857642105,7.038746115717084
162,10,59.273539500000005,53.34551130563808,5.906610095313105
162,12,67.4657955,60.71850689479082,6.735184381204429
162,14,75.9172665,68.32473014660754,7.514170978040821
162,17,59.742465,53.76760157185169,5.913943719309374
162,18,72.3927505,65.15272106018828,7.165932492570631
162,21,55.08473430000001,49.57559673519008,5.484419216839537
162,22,57.59156359999999,51.83177996860944,5.743388993397977
162,23,63.438582200000006,57.094036865965045,6.313131987741348
162,24,76.7727988,69.09471091051566,7.610409907153103
162,27,57.296018000000004,51.565830125534724,5.721836783518929
162,29,70.3864617,63.34684838342976,6.988319399135544
162,2,82.48427550000001,74.23475761567629,8.151501403132345
162,6,51.3875733,46.2481794741389,5.116542124527289
162,7,58.993861700000004,53.09377960474344,5.878659267004244
162,8,60.503155500000005,54.45222645029503,6.025886726667742
163,10,64.1338788,57.71978474412317,6.395399004444116
163,12,57.9808259,52.18214930223344,5.790783115553282
163,14,64.7597698,58.28312250636797,6.4107946295497955
163,17,66.5249223,59.87173000474458,6.623235478650889
163,18,63.0399799,56.73533418832508,6.240582396657037
163,21,75.4630671,67.91593047733576,7.524259493553025
163,22,65.4099015,58.8680642289133,6.508984492359505
163,23,57.0621244,51.355313267468986,5.6477571220327
163,24,58.7883783,52.90893489048944,5.819509172396619
163,27,63.8906918,57.500946260177656,6.376553923218111
163,29,57.742474200000004,51.967557982356226,5.711258008339408
163,2,70.12006170000001,63.10725390235603,6.936018331116997
163,6,59.95874,53.96211257098634,5.970093535585376
163,7,64.30891749999999,57.87718182357895,6.402003268753145
163,8,50.640312200000004,45.57575311016778,5.012319924612723
164,10,80.28387359999999,72.25453677779302,7.999024542228733
164,12,67.49483389999999,60.7446411524406,6.738085583164655
164,14,75.883196,68.29408023778691,7.511385179492421
164,17,54.9152916,49.42319578210622,5.468145804740157
164,18,72.3890011,65.14934031282675,7.165166929987085
164,21,53.562953400000005,48.20603062995175,5.334874641087293
164,22,55.1758188,49.657615254910205,5.499517287981818
164,23,61.1245453,55.01141272373616,6.0477389878676755
164,24,67.1879683,60.468466719935876,6.650408420916938
164,27,55.670799,50.103149099220964,5.559740195721353
164,29,63.38589019999999,57.04644248946805,6.263425480451363
164,2,84.6123041,76.15004668767762,8.366376382163981
164,6,52.625946400000004,47.362729355724795,5.243202367352393
164,7,56.142267999999994,50.52739256347972,5.5954593019631655
164,8,60.6062947,54.545033812714806,5.999060889047663
165,10,65.9123762,59.32037016965979,6.565297101226352
165,12,60.503058700000004,54.452130653497775,6.04154901553248
165,14,59.1929022,53.27300079157317,5.859682842102546
165,17,62.90807229999999,56.61660258667762,6.262996655137601
165,18,61.6550025,55.48886891880016,6.10345912682904
165,21,67.1585781,60.441916352406125,6.687740859407237
165,22,66.7274727,60.053940833305155,6.646890421356649
165,23,55.6029522,50.04207361659281,5.535000012744158
165,24,54.1365581,48.72234615792071,5.358996490537994
165,27,64.4493284,58.00371340644437,6.433113920391591
165,29,62.248639,56.02292946953716,6.180684207175039
165,2,69.8788638,62.89017188584183,6.911742618477078
165,6,57.72559819999999,51.95223138791025,5.741648363989861
165,7,63.5607359,57.20379766418764,6.324597705599153
165,8,55.9227703,50.32991640387525,5.5833912480804075
166,10,79.4659718,71.51844504785991,7.859036911835361
166,12,77.1603839,69.44353126429324,7.702062257875049
166,14,62.85336769999999,56.56738299894129,6.276783848668157
166,17,58.120622899999994,52.30796183998932,5.787386881280867
166,18,72.2288547,65.00521021790712,7.149328834828206
166,21,54.7184101,49.24595902854515,5.453848658991987
166,22,55.297648099999996,49.76725007747629,5.508469480247217
166,23,61.3299911,55.19632059731734,6.11850263397515
166,24,65.1848582,58.66567999132202,6.461000574102215
166,27,58.2755461,52.44739350947871,5.819821421360466
166,29,50.2758911,45.24763067642246,5.0036117380640075
166,2,81.6450586,73.47955660672835,8.072861839978628
166,6,52.770471500000006,47.49281786256876,5.259405607846533
166,7,57.6971224,51.92672006661622,5.748110643699596
166,8,74.0086915,66.60704917383823,7.38960882647896
167,10,66.8464254,60.1610190292687,6.660905213505784
167,12,76.2624979,68.63543725745855,7.611356332120028
167,14,51.8999553,46.70939997905083,5.178479226129489
167,17,78.4435261,70.59834020561442,7.764158283790036
167,18,61.6296156,55.46602190199676,6.100998111644336
167,21,64.30093310000001,57.87006552411303,6.402365679540216
167,22,67.3701054,60.6323029766931,6.685436209487034
167,23,58.5826567,52.72377681113244,5.848187883817448
167,24,58.120622899999994,52.30796310363803,5.760990595679524
167,27,75.1342448,67.62003505763245,7.501817667547859
167,29,60.5186038,54.465965683709,6.025526108891162
167,2,65.4872134,58.9377321653174,6.47703788519967
167,6,58.3207127,52.48782825652114,5.801002663803324
167,7,74.7254693,67.25202389694685,7.428041677116248
167,8,62.877053800000006,56.588702850156665,6.279883740921696
168,10,80.1335709,72.11923133306809,7.98095884489477
168,12,58.5956152,52.73544301128395,5.849331578472323
168,14,64.82664580000001,58.343292554187066,6.467503460446551
168,17,64.3477687,57.91232931449844,6.370016023715355
168,18,73.1651458,65.84785795743713,7.241703479787487
168,21,58.120622899999994,52.307914569005696,5.748787195464722
168,22,56.7390365,51.06449877138071,5.633058663386698
168,23,72.07388850000001,64.86571662723871,7.191649575635621
168,24,78.43686389999999,70.59235216202782,7.763900768698358
168,27,59.6635927,53.69661880424121,5.958261735145425
168,29,56.941040099999995,51.246212725097266,5.6698589907892565
168,2,69.4897181,62.539876659506035,6.878361395893296
168,6,55.6416758,50.076880456941616,5.547013988579536
168,7,63.2803965,56.9516153688238,6.258563249763171
168,8,75.7257053,68.15235350696942,7.563372298763658
169,10,65.73845820000001,59.163853619334354,6.552082991191636
169,12,77.85875,70.07205795093785,7.772645173030866
169,14,66.6667939,59.99938367176221,6.63458892080918
169,17,77.2457129,69.52032994908386,7.646074919266035
169,18,59.1107085,53.19903075329617,5.851531281707455
169,21,78.43686389999999,70.59225512340859,7.754971509085908
169,22,64.830138,58.346282689481875,6.44318501203057
169,23,68.53279289999999,61.67875918942853,6.836822489769352
169,24,63.47011500000001,57.12245039132654,6.28313052038812
169,27,74.74909029999999,67.27340001227729,7.463609777185236
169,29,60.9037167,54.812477109417934,6.057189899431435
169,2,60.376154299999996,54.33783847974686,5.971377663597006
169,6,69.964468,62.967144618217,6.966898457147578
169,7,76.3652364,68.72774160247374,7.548788721146699
169,8,59.1549995,53.23888342647465,5.905187598099508
170,10,78.9442122,71.04885547507998,7.866103014334597
170,12,66.97469980000001,60.2765431767529,6.688994644125997
170,14,52.4865209,47.23731263485885,5.23902349806149
170,17,62.430748300000005,56.18702860495879,6.180084008412789
170,18,63.694625699999996,57.32449291069997,6.327320703162322
170,21,62.7262367,56.45291478051353,6.204296184475006
170,22,54.732554,49.25868574310272,5.4557666749886575
170,23,56.9456567,51.250471365340786,5.666378950151142
170,24,77.07607589999999,69.3676637896481,7.629566872165683
170,27,61.191161699999995,55.07141725561945,6.111179115200556
170,29,74.23386400000001,66.80950735297031,7.373198424194607
170,2,68.191722,61.37167205691541,6.739956627222416
170,6,68.79185580000001,61.91174823084307,6.845315608940634
170,7,63.8990757,57.50842689792592,6.320076919813815
170,8,79.3652969,71.42793813322496,7.856299047205072
171,10,63.1614472,56.844577080158395,6.295465365697208
171,12,78.7516274,70.87563388834535,7.8619487704846325
171,14,76.55946780000001,68.90271472390305,7.644259002707539
171,17,76.5284747,68.8748230753751,7.586448199969752
171,18,55.74514069999999,50.17005479615583,5.550846251882969
171,21,76.964388,69.26705661061631,7.610260738030101
171,22,63.602437300000005,57.24139245632893,6.331010533344993
171,23,72.7629171,65.48583495576844,7.237816848373494
171,24,61.4937058,55.34370025346099,6.087268797951594
171,27,75.3163554,67.78392477522335,7.517727732922896
171,29,62.212279800000005,55.990324311854756,6.153011665078016
171,2,62.857561,56.57107230874171,6.216628688367382
171,6,53.472577099999995,48.124633245593834,5.3220876672855875
171,7,78.38825130000001,70.5483670979506,7.745903837742719
171,8,65.52481470000001,58.97166001007182,6.486735291448312
172,10,71.798394,64.61769334963853,7.153006518255289
172,12,75.65477059999999,68.08848899592253,7.550581292516279
172,14,64.15038320000001,57.7346834782309,6.407211530001604
172,17,60.0773844,54.06902258910753,5.9470863173524755
172,18,59.775725,53.79752317237566,5.966928880931775
172,21,63.351339900000006,57.01550551601723,6.2665351744127
172,22,53.5289484,48.1754532056928,5.335534109949015
172,23,62.9428129,56.64787181262553,6.229979935751273
172,24,76.7715843,69.09361304127638,7.5987228610462525
172,27,61.3827381,55.24383493373618,6.129835177396485
172,29,76.07622590000001,68.46767962231269,7.522422514170502
172,2,80.8973393,72.80659557750143,7.997446699367513
172,6,71.2463707,64.12090103969007,7.0965179092550725
172,7,75.9590214,68.36215245298376,7.509115683700943
172,8,76.8053026,69.12396217737094,7.6460926707375005
173,10,58.5156942,52.66344106689559,5.831090285301565
173,12,60.882895500000004,54.79397149882504,6.076207177899801
173,14,74.2590545,66.83235696360063,7.412897794611794
173,17,74.9026626,67.41161224684174,7.414327623357
173,18,53.7922052,48.412432075278566,5.352205345949914
173,21,76.5284747,68.87473916586418,7.5670230548215125
173,22,59.9517943,53.955851360267154,5.959579211089485
173,23,71.0685812,63.960949949795136,7.03262310332387
173,24,62.4335659,56.18956697224188,6.180512836400256
173,27,73.0142999,65.71210665764512,7.289154637516095
173,29,63.139003599999995,56.82435006454474,6.243818854341661
173,2,68.132184,61.31818461215611,6.7391390723882605
173,6,57.662065299999995,51.89517633657494,5.744060657475062
173,7,60.312592200000005,54.280584755758916,6.006623540101249
173,8,61.05409830000001,54.948071035474214,6.080402059518162
174,10,66.12325580000001,59.51009334995372,6.583594532066382
174,12,78.9780348,71.07939816384881,7.88154444963246
174,14,73.8517376,66.46575851593985,7.369039747427005
174,17,62.7914254,56.511646485287855,6.216648464237761
174,18,56.497964,50.8475757054481,5.623869549820462
174,21,61.4418145,55.29694815443508,6.077333391072176
174,22,51.0620064,45.95523065965256,5.068677625321475
174,23,60.7861314,54.70688086874263,6.016427611267152
174,24,75.8278611,68.24428046656743,7.505815530731493
174,27,59.1098172,53.19821670008385,5.900123173500408
174,29,77.6734185,69.90511999285776,7.7190453275099005
174,2,81.8676715,73.6799058482538,8.094624878499078
174,6,72.4225063,65.17935336376027,7.210816256643938
174,7,77.7032398,69.93193271329,7.7385221317195665
174,8,63.2125517,56.890627657542744,6.3064175028099365
175,10,57.139570500000005,51.424961474009976,5.695575897297675
175,12,67.42707759999999,60.68367766934441,6.732042366447437
175,14,56.2851737,50.65606659864465,5.571215554069836
175,17,64.60746499999999,58.14602898164985,6.394313203302627
175,18,52.7485102,47.4731193187344,5.221670252708115
175,21,76.0506757,68.4447117525811,7.574152828262455
175,22,58.2860394,52.4566886568645,5.778774132410676
175,23,68.8264945,61.94309523165665,6.810763467775234
175,24,63.1147829,56.802656175816644,6.24799794154839
175,27,49.6502433,44.68468464642909,4.953856330672807
175,29,65.84618169999999,59.260805348809185,6.5478283492194915
175,2,67.5072915,60.755781451109804,6.676934168470377
175,6,61.03446,54.93031633744488,6.080485347107057
175,7,63.6383112,57.27373553006155,6.327367264128575
175,8,55.6361113,50.071931492275866,5.540196173323544
176,10,63.184884,56.865608462919724,6.2918752335312735
176,12,77.1424692,69.42741267196907,7.7010882965452545
176,14,75.18639999999999,67.66696336616403,7.4418790478748695
176,17,63.468455199999994,57.12092538799287,6.317072622118798
176,18,58.9948035,53.094691105293805,5.838464223654671
176,21,62.2925661,56.0626204902153,6.194596705057449
176,22,49.359768700000004,44.42322540292629,4.898830498728386
176,23,56.30647439999999,50.67523437274715,5.604893675111112
176,24,74.4365657,66.99211419016873,7.36717767236476
176,27,64.35010410000001,57.91441701798477,6.423949076248946
176,29,76.74570870000001,69.07019143695597,7.643928951753698
176,2,80.0716261,72.06346345241043,7.956181743214327
176,6,72.55014469999999,65.29422514299735,7.172204148210956
176,7,74.4642911,67.01691247538848,7.41448672795005
176,8,61.5168492,55.36451297176428,6.123330693950703
177,10,57.6062793,51.84503849119485,5.745989313546122
177,12,62.285802000000004,56.05658110437957,6.219902884449291
177,14,61.3884401,55.24895933503307,6.076838480269063
177,17,56.480563800000006,50.83193173055842,5.641952344274729
177,18,55.43408050000001,49.89010468593037,5.4875812146100476
177,21,74.2267864,66.80322913251037,7.338399848666404
177,22,57.780035,52.00132647735691,5.731376035006889
177,23,58.6920738,52.82222871483157,5.854326686410407
177,24,58.1642223,52.34720208956222,5.757782631447314
177,27,53.5547322,48.19871096766254,5.348500547222233
177,29,61.973181600000004,55.775145796123304,6.176324436462329
177,2,65.9716284,59.3736943305823,6.574245510382541
177,6,58.6637411,52.79668753277412,5.801895737885301
177,7,60.1329048,54.11890653830464,5.992093490900174
177,8,54.4191883,48.97671172553305,5.418787342518564
178,10,73.9327274,66.53858374176129,7.366310835033087
178,12,65.6829566,59.11397386901216,6.557677104387108
178,14,71.3436019,64.20851567788701,7.105979843385166
178,17,53.8938189,48.50387407960459,5.380659850075875
178,18,69.964468,62.96728572004962,6.925176335737602
178,21,59.8418895,53.857058376204435,5.920960800309847
178,22,52.546524299999994,47.29126053526283,5.214470522703287
178,23,52.6552688,47.38919087216563,5.2415800875347625
178,24,64.05582629999999,57.64957146071244,6.34026353299952
178,27,65.5676954,59.01021784335101,6.542645753019623
178,29,66.17387620000001,59.55560283354055,6.58531366137626
178,2,79.786924,71.80728585825078,7.890634715762199
178,6,60.776051900000006,54.69769979064801,6.049757893321382
178,7,64.8719033,58.383902943190925,6.461125706170115
178,8,64.238012,57.81353124136038,6.395181557730856
179,10,60.5653228,54.50809205746178,6.035668636225311
179,12,56.464002300000004,50.817022898118736,5.638196060310713
179,14,53.354691700000004,48.0186634050163,5.311721467343863
179,17,74.6710391,67.20314136463921,7.433623169607256
179,18,60.1495662,54.133991892751695,5.954431444166925
179,21,54.2002963,48.77966574990368,5.401136889872908
179,22,51.4394106,46.29472938568175,5.112277858044983
179,23,59.0257129,53.12247467225584,5.860066302148821
179,24,54.6914624,49.22175616153164,5.425347655481583
179,27,58.804947500000004,52.923851002815404,5.873385276400405
179,29,58.1142496,52.3021468027175,5.7780269706406155
179,2,66.0843958,59.47519014445387,6.536337069035693
179,6,53.5172506,48.16490035186917,5.331750242431155
179,7,55.6315056,50.06768546343426,5.501387847750989
179,8,64.69161249999999,58.2217714651302,6.458028161300551
180,10,74.7635522,67.2862894946285,7.446670699080138
180,12,65.9112487,59.31943437524668,6.57957615727297
180,14,66.656485,59.99012853031507,6.597508964656727
180,17,66.6767858,60.0084276158791,6.640741899220293
180,18,71.9111545,64.7192833414459,7.117880350795891
180,21,57.092378499999995,51.38252129740733,5.6924332988376145
180,22,55.812058300000004,50.23024368772772,5.565688070333265
180,23,56.04321289999999,50.438305307064894,5.567148507629528
180,24,63.458674699999996,57.11211792757325,6.331962436243894
180,27,77.2124523,69.49039675701505,7.709099493829611
180,29,62.6616368,56.39468898841844,6.196612654553691
180,2,78.17275380000001,70.35453545265108,7.730001332048321
180,6,58.935903599999996,53.041551237351015,5.866440557735153
180,7,62.9357684,56.64138233577741,6.220948389199576
180,8,55.614950500000006,50.052876117481844,5.552261229818963
181,10,60.3825924,54.34363652848144,6.016072889169008
181,12,59.26293929999999,53.33603607830903,5.917650256203826
181,14,57.4608757,51.71419614177053,5.710802743335938
181,17,52.4100962,47.168533161464815,5.217120729218892
181,18,59.52679010000001,53.57349881530583,5.892650670705062
181,21,73.2232157,65.90006236832708,7.2955940076541514
181,22,66.010694,59.40881888782403,6.573202832309183
181,23,71.6396787,64.47493211003602,7.129205294200095
181,24,54.5736859,49.11575569045596,5.449856495778531
181,27,62.238878799999995,56.01435176072792,6.215900345046991
181,29,54.7786301,49.30010934659143,5.416538920514621
181,2,60.6950338,54.62480528255328,6.033281530736799
181,6,54.9440666,49.449013449075224,5.474579032153685
181,7,59.8713011,53.88347751742917,5.921701932052206
181,8,73.0130838,65.71100917552853,7.2894671995519955
182,10,74.9275247,67.43384377266388,7.461013366335996
182,12,73.4033975,66.06228700122966,7.3284390658827006
182,14,63.740807200000006,57.36604364428896,6.361218355476897
182,17,72.88155979999999,65.59264569215384,7.257026436924041
182,18,71.929281,64.7356005132165,7.119860813475741
182,21,60.2095983,54.18796677671744,5.986308517822692
182,22,55.3591732,49.8226323066307,5.517750679578808
182,23,60.9308015,54.83708262666566,6.065646550305918
182,24,73.152856,65.83680689773104,7.304592961909293
182,27,75.2488501,67.7231751628042,7.511903797148182
182,29,59.789556499999996,53.80980729063296,5.908301709470084
182,2,67.4248394,60.681508718867136,6.714715464002332
182,6,70.0079993,63.00636940394546,6.974648862592111
182,7,77.0507398,69.344658883615,7.615344148422747
182,8,60.7730011,54.69507625640252,6.069359362899409
183,10,61.5232538,55.37023087478518,6.132573927753352
183,12,61.0781483,54.969705325218904,6.099846750451228
183,14,55.7169584,50.14468485421072,5.547603941987079
183,17,64.8874225,58.39801850801825,6.465928298596299
183,18,61.03446,54.93038711635126,6.042017754465887
183,21,75.1787564,67.65997368741021,7.432773792844281
183,22,64.7175365,58.244990560903354,6.444040041473129
183,23,71.2260221,64.10264545720152,7.0879152945684245
183,24,61.066924199999995,54.959603794848796,6.098176580916799
183,27,63.8521095,57.46625192227433,6.3217757744933145
183,29,54.786496299999996,49.307202813185675,5.418154412575426
183,2,57.7918909,52.01202921603556,5.759856478760168
183,6,59.358413600000006,53.421886429596455,5.915111213189496
183,7,65.0848584,58.57562490350219,6.437757389750173
183,8,73.862882,66.47581870360122,7.372299974316574
184,10,72.81677789999999,65.53419367696063,7.251266481629444
184,12,73.3007234,65.9698848409274,7.318846749231645
184,14,75.2133564,67.69122812852386,7.444834181940286
184,17,54.0252193,48.62213700824212,5.379019064294618
184,18,72.55014469999999,65.29436787836003,7.181114161634464
184,21,61.0774472,54.96902958792173,6.042791627727469
184,22,55.2053935,49.684239985908924,5.496316903970551
184,23,61.0609048,54.954174074128375,6.043644334911751
184,24,74.7958865,67.3155105100631,7.432296933380671
184,27,75.1064908,67.59505318114947,7.477544259327624
184,29,63.24839169999999,56.92274475374362,6.251749957760214
184,2,64.5465596,58.0910868048499,6.427491848285295
184,6,70.8720974,63.784036157382204,7.05971513760429
184,7,75.92805919999999,68.33425794830579,7.504040788791951
184,8,61.4935197,55.343535361820614,6.087537362520162
185,10,59.1098172,53.19809065076887,5.884748719807897
185,12,61.589927,55.43030187580638,6.1512059196819076
185,14,65.9512689,59.35546273689578,6.528887897229042
185,17,63.3044441,56.97332408055416,6.317861470432166
185,18,58.6637411,52.79676368207582,5.807195081896291
185,21,73.480948,66.13201794498738,7.267939127084075
185,22,63.6782709,57.309641877196455,6.337928172708857
185,23,73.2795388,65.95078881212636,7.2514958280861075
185,24,59.614087500000004,53.65206467999379,5.923432414878632
185,27,60.6812998,54.61254683901215,6.059645260942458
185,29,58.4799089,52.63123576815874,5.783711225900491
185,2,58.6113934,52.74956659787908,5.840992219718201
185,6,58.418910700000005,52.5763369962142,5.820631458212259
185,7,64.6930218,58.222976042554656,6.399004580996548
185,8,73.5803975,66.2215888117214,7.29431226920602
186,10,53.421689900000004,48.078816009778905,5.3163739293170575
186,12,72.3825361,65.14352234759832,7.226427000635221
186,14,77.5414931,69.78651718952447,7.674819358527093
186,17,53.922244799999994,48.52945926099106,5.383192297750694
186,18,60.7958358,54.71561551581755,6.017573864980148
186,21,56.9668495,51.2695159027046,5.662373541915941
186,22,52.9494767,47.653925732293395,5.276688143184345
186,23,61.390453199999996,55.250764208151494,6.076258574838779
186,24,73.9501304,66.55434249734711,7.347206615398707
186,27,74.0049403,66.60367273728957,7.388332749204656
186,29,72.978793,65.67998309917076,7.2137410902147465
186,2,74.89595030000001,67.40540972399153,7.458491852072399
186,6,70.51411130000001,63.461817833442616,7.0209907945863455
186,7,80.0185959,72.0156985940851,7.909362551091797
186,8,62.879898499999996,56.591263815960374,6.224797498157792
187,10,62.2564919,56.03011252780435,6.203726679616325
187,12,60.0712181,54.063479645875525,5.999462150614195
187,14,64.5697894,58.11214339848516,6.391958532156216
187,17,59.372961700000005,53.435054870128454,5.929890993609168
187,18,54.0827955,48.67396033142346,5.384443684458847
187,21,72.9202609,65.62740548125406,7.215645765482866
187,22,65.0332228,58.52910496163851,6.475645538584318
187,23,72.3305032,65.09666663069758,7.157528110623498
187,24,59.0189655,53.11646113548155,5.893285955840233
187,27,56.230834900000005,50.607173579191915,5.5991024993588
187,29,60.922239600000005,54.829301522238,6.025211367220719
187,2,61.8954354,55.70517629665479,6.154620799389459
187,6,59.0112369,53.10943102297348,5.880623862540642
187,7,65.2358701,58.71152797316425,6.452439265582878
187,8,72.4692658,65.22157833251984,7.17308753107629
188,10,47.6085627,42.847081138661565,4.737885238398251
188,12,72.0606614,64.85384469486439,7.195495005542045
188,14,74.6791302,67.21042582204282,7.391725782959793
188,17,46.658588,41.99223565400476,4.656921577585444
188,18,58.1780057,52.359595884070465,5.80788609499809
188,21,59.1655653,53.24837883019719,5.902087716269418
188,22,53.26770990000001,47.940332304295346,5.30842763668932
188,23,61.621027299999994,55.45827850044691,6.099067661796328
188,24,73.00468,65.70344708472884,7.288430308787679
188,27,64.9334983,58.43946909436417,6.46449008666416
188,29,73.6229338,66.25974314472062,7.317220041541205
188,2,74.5214452,67.06837946976101,7.402126507430343
188,6,70.7704298,63.69252105575945,7.04900458454419
188,7,76.5274586,68.87373989857956,7.5648329959714244
188,8,58.6503741,52.78473488980074,5.805983138260864
189,10,64.46245350000001,58.015361954202895,6.370238480739226
189,12,56.1821146,50.56332170483234,5.609026964851842
189,14,63.799832099999996,57.41919096011527,6.31577344563853
189,17,60.471081500000004,54.42333947354663,6.037367957333809
189,18,56.443064,50.79817851586508,5.620374230327683
189,21,48.024190700000005,43.221180826036324,4.779451089775787
189,22,60.9002574,54.809494928854235,6.064792938666568
189,23,70.2747915,63.24654746784102,6.954061261614892
189,24,57.806957999999995,52.0256669823235,5.772223369531207
189,27,52.355597700000004,47.11950032938935,5.201766194456914
189,29,61.2652656,55.13802197669871,6.0911425262869265
189,2,61.3669878,55.22957247942854,6.098238004777
189,6,63.392038299999996,57.05204528410303,6.311764416767395
189,7,62.3766332,56.13823014774101,6.16869184900371
189,8,64.5156048,58.06336169080775,6.394685501309326
190,10,58.414007,52.571940281508894,5.7778109915248566
190,12,69.5322978,62.57834370002359,6.940079081641083
190,14,75.88044889999999,68.29159470345704,7.510810153491599
190,17,51.3328354,46.19902094599537,5.081355381389504
190,18,70.6844289,63.61524306134994,6.996567505914149
190,21,61.0874487,54.977988438884104,6.070305420327767
190,22,52.560850800000004,47.304171219299484,5.238343178554189
190,23,57.146798,51.43151669438286,5.655980456733638
190,24,63.29821369999999,56.967728270418824,6.319302486385372
190,27,65.1243476,58.61122797435409,6.475159906043511
190,29,73.92213389999999,66.52900293456248,7.346199506616649
190,2,75.7703663,68.19237437874745,7.528395647945653
190,6,55.5143372,49.96215192453118,5.520551043296039
190,7,74.0719444,66.66385865853644,7.3793427739831285
190,8,55.6799274,50.11136372159183,5.511848556658288
191,10,77.2074013,69.48572682182981,7.6338016828462525
191,12,55.80483040000001,50.22377398737718,5.570619062481688
191,14,64.56868879999999,58.111154076846546,6.415840517814192
191,17,60.8740261,54.78598196868733,6.0253838610534185
191,18,60.0697922,54.06219612082422,5.946504061379914
191,21,51.4619161,46.315138750392855,5.115014900800365
191,22,62.2749895,56.04672365160847,6.2004474088799055
191,23,60.38873769999999,54.34920207727082,6.008579451280852
191,24,53.866249700000004,48.47907045967887,5.379127102287191
191,27,63.0867185,56.77740797268592,6.24593319228521
191,29,60.40100940000001,54.36018372221801,5.972711310451228
191,2,63.0667596,56.75935586031732,6.270737234044612
191,6,69.9892265,62.98940203238301,6.965098639488945
191,7,58.242979500000004,52.417993302285126,5.803003356078148
191,8,62.8352893,56.551099580261436,6.219228188889356
192,10,59.803824999999996,53.82273674827922,5.913827487151689
192,12,61.812339699999995,55.63045540579283,6.1695919273949595
192,14,77.356555,69.62007520195833,7.721344296597933
192,17,53.913338700000004,48.5214470983591,5.336777684752009
192,18,70.9760031,63.87765680351495,7.025392356133327
192,21,60.471081500000004,54.42326436420496,6.008957367456711
192,22,53.5389504,48.18445054703723,5.329164606962034
192,23,52.932659699999995,47.638839734108,5.257936913114677
192,24,61.087124800000005,54.97777123805588,6.0984989758454935
192,27,74.83158159999999,67.34763756484165,7.406986016659035
192,29,71.8095622,64.6277266135188,7.1000190455164285
192,2,75.0883039,67.5785243124786,7.423573910216587
192,6,56.78423299999999,51.10516143236417,5.659085257312242
192,7,67.4774038,60.72880847456381,6.7186107900492456
192,8,59.378066,53.43965003756828,5.878001732739853
193,10,74.3196143,66.88676407277414,7.349001321685336
193,12,52.412929,47.17109902382087,5.2336888912060795
193,14,61.5081892,55.35673631805099,6.1421099636720395
193,17,73.52263740000001,66.16960407975992,7.320409549790727
193,18,59.9236062,53.93063023897872,5.93202901237881
193,21,52.0371059,46.83281310723687,5.186171844554869
193,22,67.85400440000001,61.06775776175677,6.72943886669211
193,23,58.4655238,52.618329438210395,5.805262969589328
193,24,52.0095375,46.808049877581254,5.193852407045252
193,27,61.444438899999994,55.29936488330657,6.082685560588498
193,29,59.0558197,53.149549525497456,5.840867044221083
193,2,62.734664699999996,56.46047394282083,6.238163420330345
193,6,60.5804459,54.521622152296516,6.02980859373795
193,7,56.3646604,50.72752565449647,5.615653808164733
193,8,75.3930022,67.85291071908111,7.462618168471904
194,10,60.7585806,54.68202702418563,6.009594263663335
194,12,60.7725734,54.69468000795123,6.067046070999571
194,14,67.3746423,60.6364629519214,6.7250218758033125
194,17,59.5164119,53.56415494298529,5.9434479330407815
194,18,70.51411130000001,63.461958973874246,6.979521105355293
194,21,61.9903195,55.79051884912887,6.17019285288162
194,22,55.2570025,49.73068377621689,5.500590871816394
194,23,56.10770109999999,50.496342206668245,5.553219725445481
194,24,61.512027,55.36017511770029,6.140337957108835
194,27,74.7522501,67.27623555987175,7.399164183156873
194,29,64.5513716,58.095392458697624,6.411194869523586
194,2,74.3890392,66.94919501528705,7.407955051545558
194,6,52.59590709999999,47.33571163205979,5.2409232700824155
194,7,70.0919852,63.08188261311126,6.978213233162033
194,8,64.1095469,57.697933688923925,6.346491062343299
195,10,75.4740996,67.92577332000606,7.462321214388356
195,12,54.2153078,48.79321897688645,5.4116277689727825
195,14,57.13543060000001,51.421295166241215,5.7045465869116825
195,17,73.6017236,66.24078084504355,7.328331282265289
195,18,68.14542,61.33015086636431,6.744293036760781
195,21,55.503199800000004,49.9522616043812,5.532192607055299
195,22,66.9814069,60.28246598560592,6.6629457573809825
195,23,71.6712068,64.50330672119858,7.092247082038444
195,24,52.1932866,46.973422149258624,5.211399966321569
195,27,59.3402506,53.40561412937691,5.882885322928823
195,29,55.6799274,50.11128154576446,5.506777074839292
195,2,59.0086785,53.10712540778473,5.881287644132732
195,6,59.1919784,53.2720158631082,5.891348605531899
195,7,61.511353899999996,55.35950297133113,6.130006866662229
195,8,76.34281539999999,68.70773907408662,7.601324200317721
196,10,60.1786795,54.16011680767968,5.98329266565392
196,12,69.703861,62.732748796135624,6.957203927822634
196,14,63.8110157,57.429243681678976,6.370991752527152
196,17,60.2448156,54.21971060798976,5.985722222341518
196,18,56.174161899999994,50.55616222661571,5.58078549616224
196,21,75.37812980000001,67.83944183839454,7.509666034344517
196,22,53.8037733,48.42278359610062,5.354552016789507
196,23,61.6187326,55.45621499751905,6.098981820958146
196,24,61.6815668,55.51275915747997,6.1564578970360495
196,27,74.4065133,66.96508680498025,7.365348882274468
196,29,63.0827013,56.77362514321725,6.235458997009876
196,2,64.181115,57.762169156830986,6.388447048664034
196,6,54.997112599999994,49.49676087883755,5.480542921814918
196,7,75.45564900000001,67.90912418028124,7.512998171149408
196,8,62.134210499999995,55.92014939895567,6.204311499380385
197,10,75.1064908,67.59491144355212,7.479122732884595
197,12,59.5223922,53.56954202155521,5.942191942562339
197,14,55.5655157,50.008386392031134,5.547559059949393
197,17,73.4748359,66.12658331048075,7.335764283987901
197,18,70.86053009999999,63.77373259125208,7.074378505108384
197,21,59.6510074,53.685241008851676,5.94475446639246
197,22,63.207973100000004,56.88639843676166,6.269912353793151
197,23,71.52520650000001,64.37188914253498,7.115868148049555
197,24,56.5709393,50.91326498174179,5.6204747964683
197,27,58.9042516,53.013219534392526,5.830952415464519
197,29,58.99913719999999,53.09852932796837,5.834719978666682
197,2,54.610080100000005,49.14842551996954,5.4141040856758895
197,6,74.13405870000001,66.71976747176251,7.386155442714149
197,7,61.0085153,54.9069392245816,6.078405113599139
197,8,78.4493301,70.60358050645334,7.833912199380231
198,10,59.492282900000006,53.542360387486255,5.91435002756359
198,12,73.01385259999999,65.71170062368711,7.288547177135067
198,14,76.2464545,68.62101441398036,7.592330641958839
198,17,60.2518942,54.226083927892375,6.016724124438253
198,18,59.1705723,53.25290665855712,5.909272247642833
198,21,74.9692047,67.47141237841551,7.412837041733858
198,22,53.4521618,48.10633666969475,5.305399748034213
198,23,62.704345599999996,56.43325708840711,6.2427771413015165
198,24,75.4724497,67.92440541289061,7.470268032188566
198,27,73.0782885,65.7696921131577,7.259846279964425
198,29,75.5212022,67.96814680018898,7.467236953761577
198,2,63.0829939,56.77389184980887,6.255910255891934
198,6,58.54780280000001,52.69232213508214,5.832684398316982
198,7,75.76690459999999,68.18929063382137,7.545368669430861
198,8,62.864869899999995,56.57773527217744,6.278141081581958
199,10,73.1238913,65.81062661532737,7.267874528094677
199,12,60.825463899999995,54.742293022775,6.0740292558387665
199,14,62.9292698,56.635691705925744,6.283886162845478
199,17,75.8413012,68.25637033559526,7.57107310899237
199,18,69.7197611,62.747052347612524,6.9604651076423725
199,21,60.369454700000006,54.33183546685075,5.970961631629467
199,22,62.713721899999996,56.441594082100124,6.244897251999195
199,23,71.1426124,64.02757779778422,7.097721522915254
199,24,60.7003975,54.629733420066074,6.008895813390393
199,27,57.01422350000001,51.312218002516246,5.693665167074992
199,29,63.2803965,56.9516191798927,6.306261325164504
199,2,56.398436,50.757919679529124,5.577471066360868
199,6,72.1698763,64.95203623168825,7.1904398855866765
199,7,61.892415899999996,55.702440419403544,6.164580253277927
199,8,77.39857860000001,69.65790892906033,7.727654057957939
200,10,57.26730679999999,51.53991689256275,5.6640401099201645
200,12,72.16002780000001,64.94327064226268,7.203950243607066
200,14,74.59777720000001,67.13720387367266,7.446737895591937
200,17,58.6732062,52.80528112950093,5.858970712496914
200,18,56.0635322,50.45660279071238,5.582430192213873
200,21,74.45945160000001,67.01263987423107,7.362238869387704
200,22,53.9271933,48.53386934033314,5.368417399509883
200,23,60.738499999999995,54.66401146538539,6.062472321008343
200,24,74.7550803,67.2787851825056,7.39943617771295
200,27,64.3435377,57.9085107786732,6.423088779631201
200,29,76.3652364,68.72774885716751,7.60507543904877
200,2,74.0727839,66.66460516395128,7.324343448739497
200,6,62.9567556,56.6604142405824,6.252893150239204
200,7,74.2677781,66.84009227127089,7.395218612097055
200,8,65.2525371,58.72661398971866,6.497978377159449
201,10,65.2009106,58.6799908354549,6.452887346606532
201,12,59.615587500000004,53.65341579384347,5.952889933994145
201,14,63.216491500000004,56.894189523908494,6.31283417977625
201,17,65.154323,58.63819586525567,6.5026090787263655
201,18,60.132115600000006,54.11827447379317,6.00229495436992
201,21,60.3228192,54.28986835259181,5.96671083033407
201,22,62.7486865,56.47299794440985,6.235636683514682
201,23,70.9795842,63.880854122806724,7.082292552189459
201,24,60.2448156,54.21971211597056,5.9852754092729485
201,27,52.34436839999999,47.109394118391734,5.2122463297567725
201,29,63.8990757,57.50843052875824,6.3695060623578
201,2,62.683057600000005,56.4140275410623,6.200411496489991
201,6,72.6401565,65.37517762746033,7.201441977215551
201,7,62.4583095,56.21175318819553,6.224745429379544
201,8,74.3245527,66.89131284001624,7.356505515240595
202,10,52.96886739999999,47.671360329314574,5.238986841107329
202,12,71.7415401,64.56663259431271,7.161440474993026
202,14,74.09016510000001,66.68036793419446,7.39656035801745
202,17,53.164483,47.847488533639066,5.308536540422318
202,18,55.46131869999999,49.91462555572901,5.523646188994982
202,21,75.5288515,67.97510976995673,7.469738093400868
202,22,51.5059661,46.35478575370363,5.12471529830657
202,23,67.0502312,60.34446905229277,6.687958892101102
202,24,73.4748359,66.12658530031888,7.299349181853841
202,27,64.1575002,57.74107539270013,6.386859564569191
202,29,78.2769525,70.44827349311086,7.7958797498188686
202,2,74.1260889,66.71254063574399,7.327434557650582
202,6,69.6673951,62.6997569715907,6.926275523373733
202,7,77.19283340000001,69.47257226439845,7.687600806789403
202,8,60.1735703,54.1555956422118,5.9567632436119515
203,10,63.843326,57.45819872899206,6.341755337717204
203,12,60.871602800000005,54.783817551956155,6.07861094530301
203,14,61.932952500000006,55.73901769759584,6.167077893352705
203,17,63.862266999999996,57.4753639880853,6.373816026722035
203,18,54.6224404,49.15962660974255,5.406515372254512
203,21,53.280519500000004,47.951850863716984,5.306925149710454
203,22,57.0517894,51.34592616283664,5.6747223275688
203,23,56.177275699999996,50.55893645580117,5.589895710460513
203,24,58.9992564,53.09872176228337,5.855311678946009
203,27,54.973970900000005,49.476007739241815,5.441800641763308
203,29,64.8991162,58.408456590699224,6.469371833119621
203,2,59.016003100000006,53.11370283380033,5.8362134836022035
203,6,54.9723294,49.474410189723514,5.473782853519993
203,7,62.7773214,56.498846434669034,6.255646061494885
203,8,65.2499382,58.7242586057675,6.48190267236651
204,10,58.3223214,52.48941908528037,5.76860296492654
204,12,74.7331416,67.25904285884614,7.4602934766623905
204,14,74.6578184,67.19124019064621,7.432220928466823
204,17,57.65681729999999,51.89054158874995,5.728620040036221
204,18,73.9322303,66.53823689148155,7.3183965869733205
204,21,64.7021936,58.2311957847283,6.441787757187611
204,22,48.8064129,43.92521091880388,4.843487447093773
204,23,69.5803752,62.62158035704434,6.924108702892378
204,24,73.4906969,66.14087013592673,7.339578412810819
204,27,75.1518543,67.63588596127542,7.439156372099498
204,29,77.2934137,69.56307114437213,7.6955727536262435
204,2,72.05286960000001,64.84676186573975,7.183486338189665
204,6,69.8732375,62.88505730605999,6.959453624566888
204,7,74.9632673,67.46602558512309,7.467318834616922
204,8,56.3184703,50.68604469107894,5.583545883350469
205,10,76.0029959,68.40175613527178,7.551730773105432
205,12,59.4148425,53.472748410143666,5.931457931086344
205,14,61.0269541,54.92362856064512,6.077174225818871
205,17,75.7883504,68.20871499359865,7.535516522213633
205,18,60.09598940000001,54.08577123841087,6.001475762031516
205,21,57.1194616,51.40690513610291,5.682722486186051
205,22,59.7242646,53.75112567933527,5.925226358852057
205,23,56.7293833,51.05584984293941,5.635124128046111
205,24,49.8924215,44.902654564040986,4.97938043486851
205,27,60.0196107,54.017031135798554,5.94138837835252
205,29,65.4109061,58.86906785061935,6.520262664735494
205,2,51.4486888,46.30311801612167,5.119198923553345
205,6,55.21256329999999,49.69065767019801,5.500914779332976
205,7,60.1774536,54.15899993196112,5.996344124039061
205,8,62.9357684,56.64153317595243,6.229451170815697
206,10,61.392977,55.252977729042705,6.104784533424734
206,12,67.23606939999999,60.51176199615141,6.710712972264761
206,14,73.4518975,66.10594584402776,7.334995359898341
206,17,61.0607304,54.95402794602713,6.044602378354196
206,18,72.86428360000001,65.57708544943485,7.2738584691651615
206,21,57.7276775,51.954263654867006,5.7260861421067135
206,22,48.9858122,44.08665710515044,4.879080628595051
206,23,59.5672113,53.609836871568035,5.926703703994553
206,24,63.9712453,57.573457079683074,6.387200605694743
206,27,75.2887629,67.75910462618782,7.47979329469467
206,29,74.4642911,67.01691779601639,7.414539647641447
206,2,73.5081891,66.1564771667722,7.32325513726368
206,6,58.745497400000005,52.87023475114298,5.851440839673472
206,7,65.1180746,58.60543684642735,6.483948754577672
206,8,58.923162399999995,53.03024152433735,5.832960928401789
207,10,74.83158159999999,67.34749545405354,7.435234833286018
207,12,55.022237600000004,49.51944740911647,5.492190775018252
207,14,53.740556500000004,48.36593755636439,5.319236093550568
207,17,74.7577522,67.28118722029444,7.410549111524228
207,18,61.6730514,55.50511289241201,6.159598320605894
207,21,75.8502536,68.26431408708433,7.497645103019122
207,22,64.2876689,57.858175442504006,6.407200649188066
207,23,52.407645300000006,47.16633229975828,5.217024313549666
207,24,49.9310146,44.9373953376636,4.985099332596451
207,27,60.459793399999995,54.41319219503646,5.985184702306384
207,29,60.1735703,54.155514354087686,5.996877500593728
207,2,59.6455009,53.68024535299671,5.94355764187878
207,6,50.7407451,45.66605993773481,5.047640895777333
207,7,56.022034399999995,50.41917834607651,5.583024112783702
207,8,77.0411378,69.33621907771015,7.625994068493634
208,10,60.59349160000001,54.53344866110742,5.993459531031138
208,12,67.1430031,60.42800746762053,6.704098891349329
208,14,64.0172231,57.614814708967195,6.335783344717182
208,17,59.5003115,53.549664566438295,5.889955508379026
208,18,70.9734104,63.875323691901436,7.085723780252987
208,21,61.0607304,54.953980765233055,6.03976149130614
208,22,49.3435975,44.4086436302299,4.894544418967825
208,23,60.2127961,54.190848288952346,5.990391437362534
208,24,62.51188559999999,56.260041154538754,6.240853211652211
208,27,76.6710348,69.00312983352046,7.589416482612671
208,29,65.2499382,58.72409595768481,6.4958958534946225
208,2,72.4494175,65.20359372657859,7.217569487237483
208,6,56.3747574,50.736565116876974,5.605214256724367
208,7,63.2859065,56.95645412553733,6.297834760737356
208,8,61.9828534,55.78392808256247,6.144789188678658
209,10,74.7906683,67.31067284391622,7.393576512668639
209,12,54.258868400000004,48.832415957633486,5.416748790703141
209,14,54.63932460000001,49.174829387936825,5.408773787584304
209,17,73.6355168,66.2711968332107,7.289120861017128
209,18,66.8554734,60.16921857402268,6.655162157242543
209,21,74.7577522,67.28109280600341,7.390632804327511
209,22,68.571009,61.71309093765359,6.802626946555739
209,23,60.8101766,54.728473453873285,6.036959897396611
209,24,55.884942,50.295871292439806,5.58059639195769
209,27,58.394181999999994,52.554160809503294,5.78034113819634
209,29,56.150877300000005,50.5351322660047,5.588986355951289
209,2,57.21459169999999,51.49245958633675,5.701600126388012
209,6,51.43155780000001,46.2878038291082,5.103541542920685
209,7,55.12092750000001,49.60817904125704,5.4920828685712975
209,8,75.4766712,67.92822040580349,7.471471978558252
210,10,59.3402506,53.40553227900508,5.8683748426892075
210,12,76.5848601,68.9255806734624,7.648504839404888
210,14,59.4076485,53.46627481308055,5.881196065058807
210,17,58.046045199999995,52.24083840943737,5.7457960460185005
210,18,55.3137624,49.78180641480751,5.4747932388067335
210,21,60.7739943,54.69592125051059,6.011298371033822
210,22,56.0819423,50.47311166411935,5.55886326619564
210,23,52.46872019999999,47.221280305489216,5.234862471960911
210,24,74.7437453,67.2685951613381,7.464521087877543
210,27,75.68306249999999,68.11397010627772,7.491858243868563
210,29,64.0981166,57.68746811062614,6.374513359259932
210,2,64.4349553,57.99064409552783,6.416358395231121
210,6,62.190126899999996,55.97035208198902,6.168461755192207
210,7,64.3558599,57.91945155155375,6.407957604751293
210,8,62.9515559,56.655752784788035,6.231744858027451
211,10,74.4065133,66.9649722541042,7.357499524518889
211,12,61.5948128,55.43469681951746,6.151204045650284
211,14,76.0806521,68.47178866975361,7.530910462834399
211,17,74.9749478,67.4766778244125,7.422108453490933
211,18,72.5547318,65.29849622345769,7.181574706722301
211,21,74.5123485,67.060246534146,7.36751538367677
211,22,68.38624420000001,61.54680450196212,6.78371595846641
211,23,70.75079480000001,63.6749524060065,7.060362093145687
211,24,57.94619720000001,52.15097809787058,5.786256365268872
211,27,58.7150105,52.84290324000369,5.846206272423379
211,29,58.923162399999995,53.03015949859398,5.83528539122305
211,2,54.243178400000005,48.81822479603648,5.404836678834106
211,6,54.6820848,49.21321538031673,5.424251699946282
211,7,60.8429506,54.7579580319446,6.064674846926898
211,8,79.8228993,71.83977207469134,7.90114476563972
212,10,58.9042516,53.01313771459793,5.8252605109373405
212,12,73.66400229999999,66.2968320764999,7.355146591935188
212,14,63.40235,57.061460064667244,6.27632377082524
212,17,52.5599347,47.30338624704474,5.23203205921289
212,18,60.906299399999995,54.815044839353526,6.029395498550141
212,21,59.662407200000004,53.6955000591932,5.900909796770094
212,22,55.5792955,50.02072966754395,5.530675280176625
212,23,66.1846395,59.56541936342517,6.599458126720027
212,24,74.67861740000001,67.20997630542723,7.45704897808685
212,27,74.19860990000001,66.7779784060094,7.409666445239217
212,29,77.0411378,69.33607295151593,7.617089535355256
212,2,63.643820500000004,57.27860979601171,6.33511254516257
212,6,71.68165909999999,64.51264552245154,7.132590522087474
212,7,66.2386454,59.61402213521731,6.60330528646964
212,8,65.2358701,58.711612862927126,6.457975821056321
213,10,72.4553047,65.20890477922553,7.164273761878167
213,12,61.7019937,55.53115970288713,6.162182321711762
213,14,77.0204519,69.31759123454941,7.667739207353693
213,17,72.1491947,64.93353070859261,7.184850401742957
213,18,69.8593087,62.87263900414815,6.9380661826516095
213,21,76.40281759999999,68.76164907694303,7.554546221376025
213,22,66.97987090000001,60.281067718161104,6.66154442026487
213,23,50.142505400000005,45.12769970672373,5.00116599594314
213,24,59.788841500000004,53.80934153648627,5.9702203708767865
213,27,56.1743059,50.55629806530534,5.593446926396493
213,29,61.9828534,55.783826918886575,6.129515169519759
213,2,56.1025172,50.49159679212507,5.589153952117781
213,6,59.349585299999994,53.41394084417213,5.906861238068306
213,7,61.4418196,55.296757236081895,6.111649525953637
213,8,76.5274586,68.87390968735072,7.574886276097259
214,10,55.395580200000005,49.85538239860657,5.478787139797916
214,12,76.0929996,68.48290440813886,7.5978528335281315
214,14,65.3101258,58.77843863705127,6.522012102284278
214,17,50.179359999999996,45.16089386966188,5.008628760124955
214,18,56.1523872,50.536572322924975,5.558644653265153
214,21,59.207750000000004,53.286302597748154,5.855143426578941
214,22,57.25023769999999,51.52457452652905,5.682659229355775
214,23,68.8053428,61.924059454377186,6.865135710874433
214,24,74.4139881,66.97180129946022,7.427599651212757
214,27,63.894793400000005,57.50465665832233,6.381364748447008
214,29,75.4525716,67.90642415192697,7.504580070536524
214,2,73.9819912,66.58291946193627,7.37183339026312
214,6,72.23844969999999,65.01372289911636,7.167634412304295
214,7,74.7612589,67.28418048786838,7.444970387373732
214,8,63.4479089,57.10246636326039,6.280985334939804
215,10,64.3706325,57.932784024292744,6.372594751382295
215,12,59.5721794,53.61434640366045,5.94874313763029
215,14,78.4760959,70.6276558553139,7.835067459940843
215,17,63.42758429999999,57.08416127973972,6.332834302709271
215,18,59.073513899999995,53.16554018683869,5.846828874620114
215,21,73.90913,66.51736775605717,7.308671374657357
215,22,66.5251922,59.87184099100009,6.612108001896315
215,23,67.5673661,60.80989327124711,6.74061788679281
215,24,60.2874538,54.258087427951956,6.020063362781914
215,27,47.089688699999996,42.3802224873932,4.698940692019096
215,29,62.0775615,55.869072434180374,6.171323762543846
215,2,57.7201772,51.94745588962517,5.749737115568101
215,6,58.36591800000001,52.528635926061206,5.791133049901022
215,7,61.78480160000001,55.605603160249665,6.158397992713204
215,8,74.7942309,67.31402283597973,7.422181944453151
216,10,51.33536600000001,46.20121167158429,5.075740905950128
216,12,72.2606178,65.03380337522755,7.215423604858735
216,14,66.56727289999999,59.909857908196216,6.628723030053904
216,17,51.585121099999995,46.42607699794189,5.1511914315411325
216,18,51.8054056,46.624332993268396,5.1281636847620655
216,21,57.7940037,52.0139563264637,5.7160018393399294
216,22,54.7621238,49.28529786721558,5.435402451595497
216,23,56.37775189999999,50.739375856797864,5.626395576565867
216,24,75.2693527,67.74163434573812,7.515852099775162
216,27,62.9585977,56.66207916994652,6.284730658351351
216,29,79.8534973,71.86718549994778,7.936574541637003
216,2,73.1709822,65.85300831077197,7.290863657243665
216,6,70.618735,63.556012416721046,7.027513946927971
216,7,74.3951441,66.95465256843536,7.406317257358405
216,8,59.261784799999994,53.33499819875815,5.8794874375849915
217,10,62.93903159999999,56.64434295911839,6.242294009256667
217,12,60.860740199999995,54.77404132831178,6.077598828685764
217,14,77.8791183,70.09038206645823,7.753072647887261
217,17,60.0503463,54.04467898428163,5.994874305359626
217,18,56.4510214,50.80533051577808,5.587628717090912
217,21,63.5624821,57.2054812325289,6.315291452102567
217,22,59.7728743,53.79484560740474,5.942767643391535
217,23,70.4577742,63.41123054879083,7.030216351843311
217,24,59.207750000000004,53.286362496415016,5.910240245351978
217,27,52.102293700000004,46.891530439692474,5.187988693843342
217,29,63.130153099999994,56.81639432687454,6.290605201914531
217,2,60.0046206,54.003456471778435,5.978370700242288
217,6,59.3875957,53.4481432839331,5.911422801238996
217,7,62.9554672,56.65914482390659,6.2709239890741655
217,8,67.4774038,60.72895785583734,6.679191013857457
218,10,57.0242193,51.321141024974104,5.660041228294575
218,12,70.1987616,63.17815421962209,7.009440683585898
218,14,62.8212146,56.538441493455394,6.218630365495398
218,17,50.790141399999996,45.7106021464727,5.0707002659646365
218,18,51.0511685,45.945527539297565,5.083152258118642
218,21,52.3281817,47.09477373088443,5.201856188950424
218,22,50.5798944,45.52133086009778,5.033565322297718
218,23,55.84071,50.25604372696642,5.572747776717397
218,24,73.9093243,66.5176229125543,7.379760056829928
218,27,63.980926800000006,57.582169777864564,6.388628868769373
218,29,76.5274586,68.87374711678619,7.620474839973817
218,2,73.5905817,66.23059122314307,7.325668882105526
218,6,69.7397046,62.764917218772474,6.940657519628134
218,7,60.696213,54.625719043381466,6.03729212009983
218,8,56.6873316,51.01801704266351,5.611758452875549
219,10,76.1561698,68.53964548692596,7.5567374582823605
219,12,54.3986764,48.95824745771969,5.431812371995136
219,14,75.3619991,67.82500843522945,7.459734470581439
219,17,60.7710391,54.693294898515376,6.04989160272323
219,18,62.814487799999995,56.532390176732775,6.272841509601103
219,21,59.054589899999996,53.14842510306943,5.866763017562964
219,22,59.7530182,53.77697531005839,5.940650552669502
219,23,69.8699149,62.88218237284738,6.974294057092566
219,24,56.92215710000001,51.22935264932395,5.683984455436668
219,27,54.247411,48.82211011205303,5.401246668938781
219,29,63.4479089,57.10238423031219,6.276290158394923
219,2,59.103195799999995,53.192176043631164,5.884541120561081
219,6,54.6613333,49.19454855579322,5.4380765608394
219,7,71.8840251,64.6947220546014,7.159588095358255
219,8,71.35158849999999,64.21567028601993,7.102311400501715
220,10,57.2899567,51.56027245792893,5.6645551937365
220,12,61.0836548,54.97465003722989,6.098140051150514
220,14,60.0376912,54.03330210559112,5.943197581310919
220,17,53.567180400000005,48.20990821489089,5.302434087422776
220,18,51.2775495,46.1492570050299,5.118467072222232
220,21,51.6177498,46.455396729261935,5.13166613555661
220,22,52.472529,47.224677304888765,5.2069193481718745
220,23,62.7630562,56.486045211957446,6.259399354794092
220,24,62.490565,56.24086020264897,6.24006944738483
220,27,75.00336990000001,67.50224525293886,7.424017321702532
220,29,74.7664123,67.28884366556808,7.392074590690124
220,2,71.6464024,64.48088801380621,7.131668114914709
220,6,60.64346739999999,54.578375150710215,6.0317945553376875
220,7,55.1550761,49.63890489243652,5.495259157444317
220,8,60.8785115,54.790034472255655,6.065206393270882
221,10,75.1882218,67.66850178033225,7.434849522947538
221,12,51.4935944,46.343707434377706,5.141684643657759
221,14,65.41024159999999,58.86852246851012,6.4864168903214985
221,17,71.8979697,64.70741985980511,7.116855645647749
221,18,71.4664141,64.31902816162659,7.135284256911097
221,21,61.80565850000001,55.62435825738547,6.140556444468821
221,22,64.2783014,57.8496991213638,6.393230317885387
221,23,49.6070864,44.64579381364786,4.944263938389948
221,24,50.798330400000005,45.71797370411413,5.072346073639696
221,27,58.59813619999999,52.73771885183886,5.800622653010343
221,29,58.043171400000006,52.238162673778355,5.740297122246187
221,2,57.9520739,52.15617846758295,5.772371438488167
221,6,51.814127600000006,46.6321072333641,5.1558808208879015
221,7,61.86757349999999,55.68001968987319,6.160058621130157
221,8,74.711721,67.23977331283382,7.439536083562947
222,10,60.0067591,54.00538300909168,5.934398654349288
222,12,58.214588199999994,52.3925164321555,5.81015518462097
222,14,55.8829212,50.29404959893151,5.551921624334144
222,17,58.231139600000006,52.40742561845874,5.764367929308845
222,18,59.2096996,53.28811962733465,5.912903618715103
222,21,54.690534,49.220866214562534,5.434252196101022
222,22,54.530371099999996,49.07671886331308,5.427594824000668
222,23,66.4181144,59.77559431647393,6.628898147678114
222,24,59.647435699999996,53.6820765315738,5.956612336418643
222,27,74.1167223,66.70427791308201,7.336650936066736
222,29,67.0086642,60.306982823232026,6.636453933206244
222,2,68.3674318,61.52990614477372,6.815683354393307
222,6,58.8268126,52.943370080992494,5.848041511830811
222,7,51.486329600000005,46.33707113805358,5.128812680300086
222,8,70.7222777,63.64928888121227,7.038553296758961
223,10,75.7396147,68.16476235604424,7.490134217341698
223,12,50.67363580000001,45.60575307834441,5.01628652113988
223,14,60.3991488,54.358598793515625,6.013009381854733
223,17,72.979527,65.68080296095073,7.22350467385307
223,18,71.4019301,64.26099741381806,7.130599152203387
223,21,73.057253,65.75066198633029,7.2590466127966975
223,22,66.2687111,59.641047198243335,6.5919053055858
223,23,55.623206,50.06030192963689,5.552506798639617
223,24,46.272332999999996,41.64461254418459,4.6183694335124805
223,27,60.51850090000001,54.4660271291094,5.990764633978128
223,29,55.4793949,49.930790421124556,5.486118944926909
223,2,48.2286753,43.405177390652405,4.800482200674373
223,6,55.4240501,49.88100574713608,5.516267096281832
223,7,59.3134409,53.38134454971874,5.90649155983582
223,8,54.6952127,49.22511892150604,5.459873430466323
224,10,58.394181999999994,52.55407270629935,5.774364411170802
224,12,60.9551688,54.85901663756309,6.068395982968426
224,14,53.078801,47.77037195191452,5.254165385090213
224,17,59.1319111,53.21811061721945,5.853630402067406
224,18,57.268492800000004,51.54105061710403,5.701928762955948
224,21,56.904957,51.21381901190091,5.65707808361831
224,22,53.7712089,48.39347053040819,5.350696215226769
224,23,59.6328616,53.668933128838646,5.950470788776385
224,24,61.477580200000006,55.32918239755597,6.138448744973225
224,27,73.5052469,66.15396584367575,7.276757577769529
224,29,69.94813309999999,62.952392963506014,6.913327798381829
224,2,61.123384599999994,55.01028178791074,6.087195806340356
224,6,70.189032,63.16924953686687,6.981294929355402
224,7,55.04097409999999,49.53622181207308,5.484187540898047
224,8,76.6487955,68.98311534343536,7.653416652673219
225,10,74.04788740000001,66.64226524148603,7.335296962637169
225,12,53.7846174,48.405601956349194,5.324797791552902
225,14,62.515502,56.263291107440715,6.18766890550856
225,17,76.00719769999999,68.40567534635133,7.567163370726348
225,18,70.618735,63.55612569307523,7.031171820364804
225,21,71.8865051,64.69702698668904,7.145228744749305
225,22,63.936252100000004,57.54185829828512,6.359090180341085
225,23,51.034300099999996,45.930329899676465,5.050718821603082
225,24,53.9391549,48.54468311489959,5.385504655081888
225,27,55.6673311,50.100017749878816,5.556770417042513
225,29,60.8785115,54.789947370014865,6.053378027990184
225,2,49.5547697,44.59869199188298,4.935005052840137
225,6,59.8918549,53.901988745489824,5.962223976630721
225,7,73.596732,66.23615813727288,7.3319827023633275
225,8,63.0513657,56.74558174884111,6.297296936026502
226,10,51.3803283,46.2416116781796,5.1120181388216475
226,12,70.5430066,63.48796462964438,6.982526323038924
226,14,57.5744462,51.81640719778099,5.699302108936543
226,17,60.478149699999996,54.429711470287735,6.022251527797784
226,18,59.6716598,53.7038801924942,5.95855113930245
226,21,59.1319111,53.21806379330439,5.877442938475363
226,22,53.7670438,48.389731949139495,5.3357582926562825
226,23,60.4356308,54.391405084985045,5.980042156796812
226,24,73.1262348,65.81283671282551,7.2990092537965
226,27,74.5301148,67.07632087155534,7.441061430983736
226,29,74.711721,67.23965449291748,7.426995969476407
226,2,58.4618893,52.614925355121095,5.817138893544054
226,6,71.1404801,64.02551859996126,7.0821691345245865
226,7,67.5450087,60.78943128818318,6.712218930229318
226,8,74.99421699999999,67.4940146157989,7.488656369966978
227,10,74.3226768,66.88952117834168,7.387969712910758
227,12,57.5094926,51.75795316528951,5.692998036895817
227,14,73.4859184,66.13654759639122,7.2735605928390425
227,17,72.2764305,65.04802772201698,7.2155510951348525
227,18,70.6454504,63.58016648254837,7.033573298699735
227,21,76.00719769999999,68.40558153924506,7.552233709397866
227,22,62.9835242,56.68439665378567,6.245660181387025
227,23,53.6172808,48.25498982022743,5.306724844013615
227,24,57.9495852,52.15402996782418,5.784940163568747
227,27,69.6287256,62.66511097796613,6.930625261290395
227,29,61.3686658,55.23108109982068,6.101537352354119
227,2,49.7979326,44.81754977813807,4.961245231743191
227,6,60.2512782,54.225461063706405,6.004963604019259
227,7,55.869230599999995,50.281590839354905,5.5615685688056695
227,8,60.6957524,54.62555205929345,6.06137815039033
228,10,57.0408717,51.33612238003855,5.670804662990333
228,12,69.6090452,62.647409062005316,6.889896875861261
228,14,60.1659512,54.14873201993428,5.955718826370254
228,17,53.9919067,48.59215902928238,5.391674443355316
228,18,56.532111799999996,50.87832057574413,5.616625563763809
228,21,60.478149699999996,54.42966420092269,5.98237234609691
228,22,51.041736400000005,45.936983618545476,5.065140925301801
228,23,61.4342644,55.29017136380461,6.079236928460097
228,24,72.1746213,64.95640821815304,7.2043950636297724
228,27,49.5794225,44.62096304343014,4.9072288226408505
228,29,76.89718450000001,69.2064959644261,7.640599201263446
228,2,59.207622699999995,53.286050627324336,5.890568050347633
228,6,73.1415099,65.82648381523208,7.286135589773503
228,7,74.6414606,67.17636196168799,7.401618637626452
228,8,77.19283340000001,69.47274038469838,7.707068404103839
229,10,64.9694598,58.47173562450319,6.457237806704994
229,12,58.1940462,52.37404429077142,5.7607566009793825
229,14,72.2094421,64.98774269892107,7.147820195656149
229,17,63.502541300000004,57.15161463565036,6.3391793543464505
229,18,61.104118299999996,54.993066689476784,6.075285530603837
229,21,72.4563339,65.20984026635354,7.163028901398924
229,22,58.1809064,52.36207089354826,5.789219158450691
229,23,56.592367200000005,50.932532538594494,5.6009910910327365
229,24,56.3788224,50.74035705951557,5.628976984094076
229,27,64.5917561,58.13190101658429,6.393235612199127
229,29,61.892415899999996,55.70244273490761,6.121415054745171
229,2,55.5409217,49.98619527605686,5.535193711425449
229,6,59.104492799999996,53.1933370694332,5.880320304157222
229,7,70.7920905,63.7119022433773,7.0162089270316805
229,8,63.8282958,57.444810712539336,6.356004854818604
230,10,52.4480748,47.20264568447384,5.186188068663254
230,12,69.5006352,62.549841188153096,6.879166127573157
230,14,57.5760665,51.81786101378327,5.699246753445539
230,17,51.1968797,46.076663771601424,5.112394781120682
230,18,51.878805299999996,46.69039082468147,5.1540721158573835
230,21,54.876687700000005,49.38840223739859,5.427190494742867
230,22,49.1758135,44.25767700721191,4.900395406524457
230,23,72.1204711,64.90764637777866,7.137380152174143
230,24,74.61876840000001,67.15611282009722,7.450154156232506
230,27,52.5056612,47.25455585973467,5.197668254634829
230,29,74.3980674,66.95736863207857,7.357162313156256
230,2,68.3997886,61.558995176153715,6.815578996713574
230,6,71.6307487,64.4667987348067,7.125203371332923
230,7,57.38388,51.64477421026291,5.714753439148863
230,8,75.9078049,68.31622797707705,7.557210806754686
231,10,64.0986424,57.68796063375927,6.33528524662896
231,12,56.7420489,51.06725956274873,5.616870637091242
231,14,71.22432429999999,64.10114691946214,7.050315490864394
231,17,61.2438723,55.118843166548714,6.1146330812293925
231,18,58.10266360000001,52.29179156707046,5.8008662808834055
231,21,62.842868900000006,56.55783614554416,6.21236113512535
231,22,55.3972516,49.85683099491909,5.514179371814147
231,23,60.612327799999996,54.550459560741885,6.021585367596951
231,24,59.7629328,53.78602396185156,5.965931017292665
231,27,61.254007200000004,55.12796517876054,6.062985892625803
231,29,62.507547699999996,56.25606886590798,6.182633166984384
231,2,48.5202665,43.66756811484705,4.825723251741672
231,6,63.2596787,56.9330037757617,6.300550289703064
231,7,64.94879399999999,58.45319658508215,6.478015492478835
231,8,60.2095097,54.18794073088432,5.960344130242698
232,10,52.102293700000004,46.891458749100764,5.152618451663227
232,12,67.7019354,60.93103866879615,6.711666529665225
232,14,57.368373299999995,51.63094106148487,5.699599202864323
232,17,54.2954268,48.86532379309849,5.374681379479235
232,18,55.15208700000001,49.63631164015008,5.507693527359581
232,21,51.111073399999995,45.99939284945211,5.054875317496459
232,22,48.9376221,44.04330299650822,4.875765716038111
232,23,71.5323236,64.37831382469396,7.137413614188054
232,24,72.3174526,65.08494955509587,7.219644022565883
232,27,53.0619462,47.75520537448072,5.252489567489663
232,29,77.4551683,69.70869763612869,7.714480797874207
232,2,69.5141812,62.56196811228042,6.9000049370147964
232,6,72.5073517,65.25568877928075,7.217673361178055
232,7,73.6397715,66.27485347920167,7.333058665947966
232,8,65.67154,59.10369575018284,6.500169429361285
233,10,63.5143177,57.16209387596643,6.278495034329493
233,12,55.151143499999996,49.63546347908246,5.459498733788331
233,14,70.6466445,63.58123849338715,7.040141891048213
233,17,74.56343720000001,67.10630568772969,7.380361073818026
233,18,70.189032,63.169391282179575,7.007352655051108
233,21,62.358511699999994,56.12190641367225,6.207893743718969
233,22,59.3166875,53.38428233129395,5.899237137772212
233,23,60.8932342,54.803274147522224,6.062250847559762
233,24,54.876687700000005,49.3884541520898,5.479398319029652
233,27,72.0374621,64.83296533602862,7.130766665133906
233,29,60.236656700000005,54.212259185677254,6.000121790195491
233,2,48.288816600000004,43.45926463025258,4.7847936224730825
233,6,62.2273813,56.003846266985576,6.181887134374406
233,7,69.08053629999999,62.17146983297846,6.869963055404358
233,8,55.8899589,50.300389890458355,5.532649861598861
234,10,55.82517849999999,50.242010568733214,5.52082903570144
234,12,62.3036983,56.07267641134986,6.202562352879654
234,14,53.408291,48.066909674586235,5.324003691013906
234,17,59.921072900000006,53.92834802987152,5.931689800847773
234,18,58.073489,52.26554189319336,5.799371479242901
234,21,54.886128199999995,49.396903574691414,5.470578277999967
234,22,53.476491800000005,48.12823843687769,5.322442797881857
234,23,71.58047090000001,64.421637369219,7.108229925763331
234,24,62.8545817,56.56847143992876,6.27562082084327
234,27,57.6703394,51.90271361837509,5.70891703274905
234,29,75.01466359999999,67.51229963211591,7.4568989448255145
234,2,70.3249038,63.29155295862363,6.999695726533393
234,6,50.0728726,45.064855689186956,4.944541432283849
234,7,51.3891721,46.2495450832605,5.112465193896154
234,8,62.6420734,56.37720730170615,6.202152696396713
235,10,75.00336990000001,67.50210209825308,7.414818344747556
235,12,51.23157270000001,46.10788834092922,5.100897691329418
235,14,60.6629192,54.59598191042716,6.055305726720091
235,17,74.547757,67.09219768077023,7.378996528681191
235,18,70.3727118,63.334711639442645,7.027781919097626
235,21,74.7127089,67.24056994372559,7.4432696292620895
235,22,67.67131429999999,60.903359166500216,6.713350993458227
235,23,60.73744250000001,54.66306137079876,6.011684783629448
235,24,48.273669600000005,43.44580204925005,4.818888039420383
235,27,73.0605833,65.75375749370842,7.231649488919074
235,29,59.1882353,53.26871569326009,5.85369751852656
235,2,57.3233421,51.590326510944905,5.71098879072965
235,6,61.7917707,55.611819697388405,6.1082630612776665
235,7,71.9021075,64.71102796732696,7.162491403685016
235,8,55.1771045,49.658828336412995,5.462061545357264
236,10,59.8898296,53.900160159585624,5.9236828573972655
236,12,60.8648271,54.777710138015074,6.075980240291343
236,14,50.0952513,45.08520968064695,5.002429958026283
236,17,58.5738546,52.71586435013681,5.798210899899921
236,18,58.761711299999995,52.884934807774215,5.8673885251102025
236,21,57.2770062,51.54865401432655,5.707134092992895
236,22,56.6589913,50.99245471342346,5.624672599248978
236,23,70.3196004,63.28688144639652,6.958956369853722
236,24,60.9657859,54.86856747763263,6.0855970498552034
236,27,57.551000200000004,51.795307331665086,5.69695094477525
236,29,65.6536375,59.08744104800081,6.4900654511230655
236,2,70.5638602,63.506625430542265,7.028649209359561
236,6,53.487036200000006,48.13771273784548,5.289949407204455
236,7,55.9741631,50.37607455158932,5.575851898333893
236,8,65.3978725,58.857397840861594,6.473022056723603
237,10,75.6772043,68.10856544824381,7.482518380002993
237,12,51.1060571,45.994922629924616,5.088115356226437
237,14,58.7096701,52.838078017333864,5.860166328798217
237,17,73.32419329999999,65.99099905347337,7.25767650899879
237,18,72.90135,65.6104492904605,7.277425778726874
237,21,73.2672212,65.93964560732626,7.28155220763354
237,22,67.6451747,60.879813676996264,6.724950480142757
237,23,55.8937319,50.30376803124605,5.531857489943935
237,24,52.998531400000005,47.698131738231496,5.291533905018493
237,27,72.7456526,65.47033171656592,7.201058014290161
237,29,55.248595099999996,49.7230810460362,5.492144157349386
237,2,53.705489299999996,48.33430368967921,5.3489500973756074
237,6,61.7676833,55.59012196268021,6.105419156441482
237,7,63.0236937,56.720515801760726,6.275021218914067
237,8,59.209029599999994,53.28751903557491,5.861283001082437
238,10,60.808538,54.72698233468511,6.014102839083597
238,12,68.5536819,61.69759949374792,6.825425059855912
238,14,49.5562262,44.6000899648398,4.9480862841129465
238,17,58.274253200000004,52.4462274127881,5.768650434967672
238,18,62.0527759,55.846860849344296,6.142864840941991
238,21,60.4918732,54.44201903933681,5.983836814348853
238,22,58.8823985,52.99355218547352,5.828971729706581
238,23,62.5502969,56.29458928801888,6.2244055093212625
238,24,73.2706109,65.94278507923599,7.315473996381087
238,27,56.2063937,50.585174069815764,5.563726648254769
238,29,62.6420734,56.37704465772964,6.234972416250894
238,2,62.716903800000004,56.444394302878514,6.242304156228523
238,6,55.3103435,49.77865790558793,5.469695330390076
238,7,53.7405993,48.36588172453032,5.353309168854566
238,8,73.73758839999999,66.36306184287622,7.341834372073355
239,10,76.03067019999999,68.42668108320257,7.517484323406449
239,12,57.3621496,51.625346086986035,5.711841690894314
239,14,69.8286687,62.84506885370517,6.971436278790454
239,17,72.72375989999999,65.45061535162101,7.223550545373323
239,18,72.9230885,65.63001975528255,7.218479017280543
239,21,73.32419329999999,65.99090470314125,7.248863146199835
239,22,65.9731322,59.37502908463859,6.555858253070237
239,23,54.3366402,48.90240595788,5.4086989727390185
239,24,58.6077116,52.74633563822541,5.8519605706885605
239,27,74.2680619,66.84049036976171,7.352215929877402
239,29,55.1771045,49.65874695500302,5.496912156734015
239,2,51.678798199999996,46.51030911671185,5.147368809057961
239,6,71.3840293,64.24478094162221,7.059333582612056
239,7,57.8386403,52.05406585485828,5.76148345761384
239,8,57.8197364,52.03716454140636,5.75678747429972
240,10,61.3083988,55.17685769452125,6.064042876964601
240,12,69.782108,62.80315962183652,6.965809604850569
240,14,56.9395534,51.24501045344955,5.685671861445787
240,17,56.772684,51.094828207450334,5.633705377966048
240,18,58.4050073,52.56390173489959,5.7813035096181995
240,21,58.274253200000004,52.44618023621606,5.763873338266973
240,22,51.59271520000001,46.43284873681614,5.128467783732249
240,23,60.7475195,54.67210195376799,6.044001849055386
240,24,73.5599106,66.20315421704785,7.344876007556896
240,27,59.1917409,53.27196751859135,5.882054801748959
240,29,65.3978725,58.857235070741154,6.508467939726029
240,2,62.0460118,55.84059824289104,6.1738316968084215
240,6,58.294489500000005,52.4643506972779,5.765476570568271
240,7,54.8490625,49.36350340657839,5.465392475056762
240,8,73.2156638,65.89333512522809,7.289824585826389
241,10,74.44681829999999,67.00118757006736,7.3944867010181055
241,12,67.2847433,60.555557340834824,6.7163136643165275
241,14,72.9207158,65.6278757314508,7.280676315895653
241,17,70.4613989,63.41452126821272,7.024418336127991
241,18,71.6087311,64.44711176948802,7.088817920448067
241,21,72.7460251,65.47057383085767,7.1926852714610074
241,22,58.083433299999996,52.27438250415443,5.783703065032813
241,23,55.1812996,49.662586356361224,5.46125255972366
241,24,58.5738546,52.71586595791456,5.849579748079666
241,27,62.2144743,55.99237217646129,6.173602083441542
241,29,60.0563581,54.050030187039354,5.9841319309992755
241,2,53.1656693,47.84846403931918,5.294614873603862
241,6,71.4887509,64.33901742625535,7.105290079168229
241,7,71.6309956,64.46699813521035,7.134341826330918
241,8,72.4292598,65.18556302025671,7.168450262761211
242,10,56.9874052,51.288003032314826,5.664981756939074
242,12,49.1227696,44.20997416919948,4.902582089533097
242,14,58.108644899999994,52.297179384117634,5.802335919428331
242,17,53.3104764,47.97887999190148,5.31513049163459
242,18,58.0102254,52.20860749061608,5.77646874768304
242,21,56.976455699999995,51.27817162302568,5.635110419097429
242,22,50.1550442,45.13897448553824,4.99880437214985
242,23,71.1419738,64.02701408848597,7.04059913219878
242,24,73.3145045,65.98228591182595,7.319292031926089
242,27,54.0296481,48.62613499943291,5.380722109005172
242,29,73.8221223,66.43894490452806,7.3488938895111104
242,2,70.98475950000001,63.88541647506045,7.068588751658776
242,6,60.5199173,54.46723315695291,6.017725854601001
242,7,56.190082600000004,50.57039997226787,5.5982871071816565
242,8,52.7326709,47.45884826866592,5.2625534489413655
243,10,63.9432833,57.54815933408528,6.3526340382688264
243,12,69.1904229,62.270662123692894,6.908234903422613
243,14,73.9503169,66.55450176779308,7.381935493074211
243,17,60.7412441,54.666479757838005,6.05452997047461
243,18,62.35202829999999,56.11616926162363,6.207056406769875
243,21,71.2845604,64.15527083258993,7.0489691090052835
243,22,60.4266163,54.383206950491285,6.0154980129612055
243,23,61.595485599999996,55.435291246554215,6.096653950560451
243,24,57.2767371,51.548473521096405,5.669851528678762
243,27,52.524501099999995,47.271510540079,5.24486957732923
243,29,60.0603036,54.05356163888046,5.984066293943797
243,2,57.3999389,51.65926274801719,5.717777581678923
243,6,71.35193840000001,64.21585295956,7.089119941239371
243,7,70.3185638,63.28582312507573,7.003030283293447
243,8,73.4950611,66.14479397774589,7.339754242012539
244,10,52.9017107,47.610913292623955,5.231183189859378
244,12,55.9280657,50.33468186736382,5.568526247638928
244,14,58.0938588,52.28387326747175,5.789966945814598
244,17,47.6260176,42.86292497538153,4.75497747973399
244,18,53.487036200000006,48.137784171765446,5.3141945505054835
244,21,52.2178107,46.99544097774813,5.1908749937428915
244,22,51.0910163,45.98133038008747,5.078605367245782
244,23,72.07388850000001,64.8657161588594,7.142495158287371
244,24,72.72375989999999,65.45061793359628,7.198278329919779
244,27,73.9398617,66.54510545134168,7.383335981402652
244,29,73.2156638,65.8932035203719,7.239640961951103
244,2,73.1264633,65.81294157545811,7.284256059982107
244,6,59.0388691,53.13429278349094,5.8691910657999955
244,7,56.0595763,50.452945651183725,5.5852190170027605
244,8,57.9576326,52.16126976278734,5.787135521044812
245,10,59.824703199999995,53.841494686082925,5.914111669905846
245,12,69.0720139,62.16409695619254,6.837442496262915
245,14,71.6620543,64.49509335014393,7.140798989774162
245,17,58.5815408,52.72276922775095,5.839133982264628
245,18,62.225387,56.00219955323396,6.159284785898537
245,21,60.8955626,54.80526732171676,6.05936970236751
245,22,66.13625760000001,59.52180284359079,6.536832918636602
245,23,60.342101199999995,54.3072541744837,5.97219806842339
245,24,56.772684,51.0948298589373,5.668588055860647
245,27,68.498783,61.64817453799666,6.836724168138924
245,29,62.05693049999999,55.8505180405121,6.1378123279310515
245,2,58.6769445,52.80854599326249,5.841627258750458
245,6,70.2370233,63.2124874575656,6.945778784365267
245,7,69.6918743,62.721863483710614,6.945432153281083
245,8,71.3628723,64.22584621139585,7.126680405098063
246,10,53.0619462,47.75512356964329,5.246974914738518
246,12,55.01183079999999,49.51007824972753,5.445309353997326
246,14,54.199928,48.77937326743078,5.4012860676740795
246,17,49.0979887,44.187680622753774,4.877734799046476
246,18,53.8527005,48.46687291497847,5.330618624494549
246,21,50.941290699999996,45.846561307411825,5.069705495286365
246,22,53.941978199999994,48.54717509096018,5.335807797429273
246,23,71.6771267,64.50865385021176,7.094109675526282
246,24,70.39222269999999,63.3522680158206,7.028356233328686
246,27,52.814401499999995,47.532410766603626,5.272478632471143
246,29,74.3942306,66.95391550204575,7.3564792200462445
246,2,74.5537351,67.09745762169187,7.426464019913661
246,6,57.7118846,51.940019921241394,5.707251856818603
246,7,55.7873846,50.207975972625675,5.55837237575882
246,8,55.1550761,49.6390009557022,5.50763743135019
247,10,70.2145922,63.19233974511939,6.983106291433714
247,12,67.5245372,60.77138209612325,6.684080819897279
247,14,70.1121649,63.1002124784176,6.9996911250926095
247,17,71.73776579999999,64.56324075181536,7.1273614947927575
247,18,71.3840293,64.24488476280327,7.066232165810508
247,21,41.002564,36.90164619958275,4.069377464468187
247,22,64.3566086,57.92015783726555,6.361829114911326
247,23,59.2939773,53.36395385849368,5.91830261029761
247,24,52.2178107,46.9954924815187,5.213762171907507
247,27,75.05725650000001,67.55074639137038,7.494425009633228
247,29,58.3821089,52.5431942438039,5.772855092297237
247,2,59.728097700000006,53.75458154267485,5.95067654876881
247,6,69.0596307,62.152833636998025,6.828264779662606
247,7,71.459946,64.31300477773617,7.113470159399698
247,8,62.388817100000004,56.149275137185285,6.22703570871495
248,10,48.1553503,43.339164757489755,4.786381360278621
248,12,54.5010058,49.05034630274819,5.395117459982833
248,14,51.7355974,46.56150284994242,5.165465888155717
248,17,60.158380099999995,54.14190421958278,5.9958808657008555
248,18,58.294489500000005,52.46443848239715,5.770461729938068
248,21,57.5661369,51.808833299310834,5.732082787401529
248,22,53.27089350000001,47.94320158236454,5.268947553591524
248,23,69.6449993,62.67976612209782,6.9527416419004355
248,24,60.8955626,54.80536356238107,6.078744045517657
248,27,58.6118173,52.75003305537827,5.852683700008034
248,29,72.3321023,65.09796821044233,7.149826354855809
248,2,71.84824880000001,64.66256186099497,7.157016570169043
248,6,54.1136414,48.7016450707087,5.351428551622708
248,7,67.4043282,60.66289997757929,6.703020913409533
248,8,52.4460602,47.20091784119309,5.222305901603665
249,10,72.12949429999999,64.91569275165524,7.187262463359109
249,12,61.2548329,55.128700500683294,6.097106302107425
249,14,61.466544,55.319240121964846,6.136216201204664
249,17,52.093578699999995,46.88366171590782,5.198670734520414
249,18,71.7171948,64.54473025075082,7.099217365658381
249,21,49.781785299999996,44.803038767591666,4.959848138126358
249,22,64.948269,58.452646061780165,6.420523128601135
249,23,55.099201099999995,49.58868578697926,5.4976194332271024
249,24,48.36856,43.53120795774265,4.830016194411063
249,27,73.4785695,66.12995301140637,7.3377225449146755
249,29,57.095195200000006,51.38500787588475,5.64700691970417
249,2,57.0298488,51.32618556870215,5.681347158259708
249,6,59.8421939,53.857176521520444,5.912835553660407
249,7,52.597865399999996,47.337410844981655,5.237510546509869
249,8,60.27182679999999,54.24401365971725,6.016242082623844
250,10,65.2563391,58.72981967141508,6.492675236272116
250,12,50.8978123,45.80750869167852,5.0818410273378545
250,14,49.1538655,44.237970968707224,4.908129524289741
250,17,73.30961959999999,65.9778832080196,7.319034502592086
250,18,58.5185933,52.66612957569868,5.792667517187561
250,21,71.57676699999999,64.41826627372038,7.130680607167126
250,22,53.34830699999999,48.01287293773977,5.276792244739373
250,23,69.95527580000001,62.95899357226759,6.98089767726689
250,24,58.5815408,52.72277167142763,5.848157363688517
250,27,51.0262509,45.9230908992098,5.068857388470765
250,29,61.943287000000005,55.74814357052644,6.152060174831483
250,2,71.5454223,64.39000744035927,7.127359328651335
250,6,57.2788634,51.55017279715028,5.661509381116343
250,7,69.47252689999999,62.524398719155826,6.918866686512043
250,8,53.1514997,47.83580165742683,5.30651210228281
251,10,48.5228528,43.669888754825884,4.825496894594497
251,12,58.8711144,52.98338942752712,5.87681788176916
251,14,60.0377407,54.0333353887224,5.993977027693108
251,17,57.666897399999996,51.89961367183706,5.759169635967617
251,18,70.4390838,63.39444132958045,6.972508260792743
251,21,57.4543653,51.70829026403271,5.726256247855378
251,22,64.4209523,57.97806653956731,6.3688014071936125
251,23,62.9160406,56.62372958300479,6.274678055689545
251,24,49.0979887,44.18768238315058,4.902169419662221
251,27,73.015124,65.71284478448648,7.269101493072559
251,29,52.047403,46.842047958760574,5.17512061225604
251,2,54.58258190000001,49.12367075363156,5.4367814862276695
251,6,47.323592500000004,42.590626443067016,4.710573006764527
251,7,52.9182333,47.62573856696324,5.269102996050387
251,8,72.25217819999999,65.02620817735534,7.213716432024086
252,10,72.7456526,65.47022836952755,7.231500529555245
252,12,52.49144019999999,47.24175605578351,5.240663072435612
252,14,50.9794041,45.88093361126341,5.090018008013008
252,17,71.9909494,64.79109372734403,7.187264124487961
252,18,60.5731254,54.51519170211303,5.996423791702876
252,21,73.30961959999999,65.97778975707942,7.300698152463788
252,22,52.9594801,47.66293276927666,5.238318080561284
252,23,49.6561479,44.6899893692374,4.953308208342998
252,24,71.57676699999999,64.41834317381341,7.147000699481846
252,27,59.8256815,53.84250099520856,5.975226647065002
252,29,60.1720316,54.1540327093751,5.9886520672335255
252,2,62.5071244,56.255595141358995,6.222300264518969
252,6,55.21411739999999,49.69202944583674,5.499028173629465
252,7,47.5806872,42.82174958653847,4.723141083320266
252,8,59.8398623,53.85525976175046,5.945365513591963
253,10,57.7691137,51.991532176382805,5.7145381345541235
253,12,69.3540548,62.41792913493474,6.924595899104002
253,14,70.1880943,63.16855834169557,7.010096395107678
253,17,57.07460090000001,51.366552947994116,5.691087976763564
253,18,71.16350059999999,64.04639828040632,7.084204098974911
253,21,56.880075399999996,51.19143035589548,5.625588434230266
253,22,65.83528480000001,59.250967099891966,6.509326859037071
253,23,59.787908,53.80846182882698,5.9644777904475585
253,24,56.2158327,50.59366948574405,5.613695453722578
253,27,68.9617614,62.06487402559992,6.887451868292978
253,29,55.41779999999999,49.875370182938575,5.509563854734
253,2,55.657640799999996,50.091183019155885,5.542940056160486
253,6,48.2128892,43.39101613414104,4.8020408306870195
253,7,59.2418697,53.31693122506834,5.899394842241005
253,8,73.8644407,66.47722970800783,7.311835868835165
254,10,76.1302021,68.51626018293793,7.582818753252979
254,12,55.233526499999996,49.70960517854468,5.499517574963853
254,14,51.562790199999995,46.40596799450082,5.147217764640631
254,17,73.299418,65.96870182525149,7.309140889650636
254,18,59.196166500000004,53.27594212402954,5.881585948960539
254,21,71.71259309999999,64.54048126719206,7.089331052972011
254,22,51.1382016,46.02379623191808,5.05766754786393
254,23,51.3386773,46.2042706040536,5.1237777167137075
254,24,71.71507609999999,64.54281698217362,7.160416520496198
254,27,46.963732,42.26686623237392,4.6873230308743645
254,29,73.6521055,66.28598010757254,7.318817279893103
254,2,45.4645021,40.91734854195313,4.517987765555291
254,6,57.5764739,51.81811318448897,5.733663956209499
254,7,53.589151300000005,48.22938434583976,5.325692170701223
254,8,59.0626509,53.15577614808668,5.8465306989952825
255,10,58.467653,52.62019684967722,5.82477419873449
255,12,69.0784669,62.16989775643196,6.877329099234823
255,14,71.7742853,64.59610349766923,7.15258133655521
255,17,57.0053438,51.30422108025043,5.683976236206441
255,18,69.18753509999999,62.268057702071694,6.848446979718803
255,21,56.8851276,51.1959772812073,5.626064371700101
255,22,61.846701800000005,55.6612683188936,6.132817648706693
255,23,59.357562200000004,53.42117066787201,5.922693682110629
255,24,57.5899729,51.83038264972171,5.751244147364438
255,27,62.1751332,55.95696135156693,6.205723878630368
255,29,59.2101915,53.288469202993795,5.885784960733596
255,2,59.814098900000005,53.83192106011731,5.953143584940709
255,6,52.357677599999995,47.12129021544828,5.216332664601772
255,7,41.9070866,37.7157667378086,4.167219164559118
255,8,72.62805089999999,65.36449173651305,7.189470488336452
256,10,72.2608347,65.03388514410608,7.198302281389342
256,12,54.2178606,48.79551493237882,5.3668077783064545
256,14,54.2955124,48.865398135766085,5.388288023444085
256,17,71.3830133,64.24396153701213,7.127196387041101
256,18,54.1136414,48.7017212371864,5.356777886191346
256,21,72.0997216,64.88892848677061,7.130242849003259
256,22,50.7733193,45.69540622662448,5.038048411971468
256,23,53.653022299999996,48.28715045656729,5.35443295049499
256,24,70.9236742,63.83057084297171,7.079875446975531
256,27,50.44897579999999,45.403562477212326,5.038143834081531
256,29,74.4621907,67.01504735399617,7.361797173153926
256,2,51.229852799999996,46.10624088347034,5.10047848146825
256,6,67.4830294,60.73389480262641,6.7200812096369775
256,7,56.2169068,50.594478266187316,5.595695287308676
256,8,59.8958582,53.905656641618044,5.938498007106502
257,10,66.24176899999999,59.61669630012492,6.590230000535606
257,12,67.8698381,61.082147029705034,6.7181033882010786
257,14,72.6843588,65.41515662605538,7.21285190024133
257,17,54.13995860000001,48.72540539754224,5.406722411251191
257,18,59.5557481,53.59954612839033,5.928401506671456
257,21,55.7136672,50.141670122994825,5.50974340555433
257,22,59.4992628,53.5486263539979,5.9015591203331805
257,23,69.8522219,62.86624613202842,6.970599380807386
257,24,56.1447874,50.529730709914936,5.606131579451416
257,27,58.5658157,52.70862378884637,5.847133212596686
257,29,60.2847644,54.25557301652256,5.961678317324919
257,2,71.0399208,63.93507500465953,7.076053589716071
257,6,55.5465963,49.99129015983822,5.522102827263386
257,7,50.1517489,45.13596229687672,4.995153951723507
257,8,73.61459070000001,66.25236239151727,7.3135482562389535
258,10,46.7968352,42.11651556230682,4.654983103439594
258,12,56.7824569,51.103628585494725,5.620986851820716
258,14,55.1363827,49.62217097536785,5.471581504891004
258,17,62.797420699999996,56.51701342059654,6.268724108003229
258,18,50.5224326,45.46967176692047,5.030537141963787
258,21,71.3830133,64.24387738018699,7.0578631116430826
258,22,47.723025899999996,42.95017372493882,4.7267865821855
258,23,55.611755200000005,50.04998972162861,5.550307074253207
258,24,73.6824615,66.31343971387193,7.356275384949454
258,27,48.6967602,43.826583435992504,4.84847613616453
258,29,72.4670677,65.21947471503893,7.165032351392431
258,2,56.392180599999996,50.752290500717216,5.613867827284792
258,6,69.9646675,62.96732349803828,6.9505459138098065
258,7,69.4661767,62.51870112908499,6.918689321181168
258,8,59.4837815,53.53479187396124,5.888944024416156
259,10,60.8006033,54.71980809524616,6.042250249723852
259,12,70.84476699999999,63.75954933264054,7.012459500241865
259,14,70.4274305,63.383940396075914,6.996124296534443
259,17,49.9467622,44.951572201983296,4.987615152060192
259,18,56.086773099999995,50.47750467668567,5.582995768473097
259,21,65.5949091,59.03458573560705,6.480894555484816
259,22,60.2396174,54.21493761592157,5.965150583692939
259,23,68.0897348,61.280031136082044,6.795014516576357
259,24,56.6349794,50.970898423634225,5.655840569394726
259,27,60.3486494,54.31315266028195,5.994767692248406
259,29,59.63826209999999,53.673727651842555,5.897603513955904
259,2,72.5108991,65.25892596568654,7.2172560647906
259,6,58.2752571,52.44706739707901,5.794742529590606
259,7,55.7353831,50.16117486842284,5.550125956142727
259,8,72.710401,65.43859753860767,7.197381341195207
260,10,49.6125998,44.650754302529094,4.9059197039977676
260,12,55.370793,49.83314211202422,5.480957371767177
260,14,58.4395006,52.59494936916025,5.806131273906236
260,17,59.3658177,53.428606370545005,5.925842296059328
260,18,49.1954909,44.27543793855335,4.869852425127947
260,21,46.3075256,41.676199987297,4.606128776255783
260,22,48.0506632,43.24503243183633,4.775241740740096
260,23,57.1930259,51.47312352345505,5.70912895840795
260,24,71.52184059999999,64.3689070395268,7.14110795087289
260,27,54.596327,49.13613533341725,5.404722028208921
260,29,72.7519457,65.47587623819125,7.194430745368987
260,2,56.1503116,50.53460250368151,5.588952519327049
260,6,69.34143259999999,62.40641850045089,6.888335272988523
260,7,68.71128909999999,61.83929214937824,6.839188453838152
260,8,57.2171915,51.494885530806194,5.697434811767653
261,10,60.9249988,54.83173379248859,6.02232676064976
261,12,67.6878562,60.91836749861098,6.700248154883513
261,14,68.8917435,62.00184573618307,6.8441410295608955
261,17,48.8502022,43.96467836652495,4.870183647553268
261,18,58.3405675,52.505899561642224,5.774521213914263
261,21,61.147232900000006,55.03182844330599,6.095064049217672
261,22,63.7388086,57.36419325297775,6.350677697036959
261,23,69.4054541,62.46416483929567,6.926524742147409
261,24,60.396936499999995,54.356600504868055,6.027474027434966
261,27,71.5362614,64.3818839139277,7.141078889161349
261,29,59.4837815,53.5347045477659,5.902557459909627
261,2,71.4294888,64.28565138379304,7.112429249036301
261,6,56.6362169,50.97194264201849,5.601650010942044
261,7,56.8228099,51.139855328187416,5.659807842883649
261,8,63.6094717,57.24785598897391,6.349911325433039
262,10,51.806228499999996,46.62498304271653,5.122646201416559
262,12,53.0216435,47.71893197176991,5.248377119277241
262,14,50.5772635,45.51901109095326,5.0192939608312335
262,17,60.8515326,54.76574407541644,6.068108540408993
262,18,53.0916826,47.78196893197031,5.255556424152153
262,21,43.53098,39.17733749743241,4.321915474612971
262,22,49.4195135,44.476983781288624,4.9224894257745415
262,23,56.042421399999995,50.43758733828898,5.593514258516726
262,24,45.2536905,40.72783624305606,4.494086115700223
262,27,54.5403872,49.0857841114747,5.4450150929560674
262,29,72.710401,65.43843371011086,7.208839318920569
262,2,60.1657916,54.148525742145324,5.997237150269528
262,6,67.79290730000001,61.0127802910701,6.702372523271781
262,7,64.1036119,57.69256344700526,6.392844195609479
262,8,52.730834800000004,47.45721207361006,5.266149006672028
263,10,73.973097,66.57491479703485,7.315392417548825
263,12,59.1045324,53.19346526141505,5.850411306311575
263,14,59.97588700000001,53.97766753210506,5.958070283682105
263,17,53.960702999999995,48.564077178716175,5.380015683472886
263,18,68.0226566,61.219679190338134,6.7431255572228945
263,21,58.2953364,52.465116369573174,5.792210534461619
263,22,62.885751899999995,56.59640346654486,6.261388779189376
263,23,67.91215120000001,61.12022083598304,6.779556169390135
263,24,62.093223200000004,55.883252120910896,6.162494485164453
263,27,66.3256693,59.69240070598312,6.619272229945296
263,29,57.2171915,51.49480330159073,5.659649809747254
263,2,74.0394069,66.63452957680089,7.373039714872853
263,6,52.4911434,47.24141375643845,5.191019768475288
263,7,53.1111894,47.79940866365754,5.2845335209005615
263,8,62.033410499999995,55.829417285758005,6.192450205789337
264,10,56.0556234,50.44939425431877,5.542793254688254
264,12,49.7243362,44.751389661524655,4.921906552119332
264,14,48.3323212,43.498589573690175,4.8165112277068625
264,17,72.4353062,65.19100509433821,7.229944987782802
264,18,55.3396092,49.80507951375943,5.478091546908506
264,21,48.3536626,43.517747829179825,4.805784633652622
264,22,52.0672978,46.85997388860777,5.188627949282871
264,23,49.1108581,44.19922785211607,4.898070903866104
264,24,49.1467916,44.23160581374865,4.8773997002519955
264,27,70.0365148,63.03212310931649,6.990772217988949
264,29,63.6094717,57.2476916220589,6.294207048685986
264,2,57.1915956,51.471747665336764,5.697103613070502
264,6,58.2606162,52.433798967950004,5.785918269693688
264,7,68.0370707,61.23253464121269,6.771513584353339
264,8,52.9926931,47.69287737391303,5.291341790822373
265,10,73.8872246,66.49764111769272,7.3075549708383
265,12,57.7353899,51.96124895176905,5.714704292626244
265,14,60.3407094,54.306000675060005,6.023718328997153
265,17,54.7667553,49.28951176978912,5.4678592465680875
265,18,70.6957967,63.62548027908153,6.997983626412922
265,21,61.828583800000004,55.64501208199391,6.159129265433553
265,22,62.8135887,56.53147321596787,6.255706937649681
265,23,67.7656029,60.988310704802075,6.7619237173047315
265,24,58.2953364,52.46519347549102,5.7911506911202615
265,27,52.97779,47.67946446976478,5.289862853425939
265,29,53.101015100000005,47.79027337164249,5.251412740917282
265,2,72.7197808,65.44693154547656,7.243575829343944
265,6,49.424542100000004,44.48151076453721,4.913083949072459
265,7,51.67109,46.50336091981184,5.145384871350019
265,8,70.7736261,63.69552888665499,7.066525126575858
266,10,57.439573700000004,51.69494343107625,5.709960987762314
266,12,50.3722816,45.33453517835114,4.986228556750526
266,14,52.2752314,47.04716784713462,5.220034219189554
266,17,71.17425229999999,64.05608458556236,7.1064502003403245
266,18,55.594225200000004,50.03423008764126,5.511390507774306
266,21,49.3780265,44.43964741406241,4.906446088243703
266,22,51.5461139,46.39091349494678,5.123636290179055
266,23,54.2386636,48.81422815540138,5.414178717437465
266,24,48.0834722,43.274629355753724,4.759572689673641
266,27,70.693781,63.623666541427355,7.0580595463725615
266,29,58.60986259999999,52.748134370394446,5.7965058497348645
266,2,55.448508399999994,49.90299507244857,5.501581043567249
266,6,56.166945999999996,50.5495175738623,5.577728445935824
266,7,59.2687748,53.341145524173974,5.902052898538684
266,8,55.6898359,50.120277802564125,5.54482357240492
267,10,75.2484513,67.722693654168,7.494994015873824
267,12,58.7129734,52.84106636003696,5.845474977846815
267,14,71.1748021,64.05657153970137,7.106219869571004
267,17,56.964926299999995,51.26784567103663,5.6597420572400505
267,18,69.3307739,62.39697112711096,6.862612432177144
267,21,71.5814305,64.42247193472133,7.0796769042085375
267,22,62.546607,56.291192005589394,6.214710757250462
267,23,58.0610862,52.25435160380702,5.793478228398581
267,24,60.4885698,54.43908066325779,5.987488859678932
267,27,53.2965572,47.96635002919756,5.318836666600657
267,29,55.36966089999999,49.832045446431934,5.504576305514026
267,2,60.354327399999995,54.318137931725026,6.002546221970459
267,6,52.238671800000006,47.01419819577678,5.19054806164701
267,7,47.0494927,42.34396404797917,4.686259659363122
267,8,69.7380258,62.763499301103245,6.94372251374043
268,10,58.3106694,52.47892743930107,5.8105993285684425
268,12,53.1049035,47.79386771885258,5.264667575022285
268,14,54.3365238,48.9023064520973,5.4247708667227394
268,17,71.4356943,64.2913852590856,7.133696297411524
268,18,55.00657089999999,49.5053459057529,5.444927229565838
268,21,53.29752210000001,47.96715304922064,5.309276650013696
268,22,49.7241987,44.75121356964361,4.943828600708057
268,23,48.743410399999995,43.868553281555585,4.864547648135283
268,24,50.95534120000001,45.859280142328714,5.043797792544239
268,27,70.1526023,63.13661360083296,7.004455144723879
268,29,71.5999042,64.43899864788219,7.112903016291192
268,2,48.8293728,43.945849093053766,4.844376645491343
268,6,69.6407848,62.675832408915504,6.918049734562857
268,7,59.1105533,53.198708057862476,5.883384521314709
268,8,56.212022,50.59024231731124,5.5650353302843225
269,10,73.5228059,66.16963075873699,7.323502378991482
269,12,69.0697482,62.162053695321404,6.846975315547791
269,14,69.0387182,62.134124390295455,6.893791383652119
269,17,48.2320538,43.40833454376678,4.813577482825178
269,18,66.5440645,59.88896673155838,6.587023850551694
269,21,71.40913789999999,64.26741908853984,7.1171650376664966
269,22,58.3707778,52.53295325511155,5.808996039768574
269,23,55.687016,50.11770800121727,5.5556791180278475
269,24,70.2254651,63.20218768585684,6.951462102226112
269,27,52.4951485,47.24509213517635,5.241655262918836
269,29,56.846256600000004,51.160952388268896,5.650574645883166
269,2,57.2324791,51.50846799549468,5.673307854800549
269,6,56.9622934,51.26540854912996,5.660458062974933
269,7,49.4495397,44.50399559310086,4.926636782510288
269,8,71.0653428,63.95806572892388,7.045360362648992
270,10,57.4559709,51.709707686340536,5.725767318963383
270,12,54.48805370000001,49.038687300981266,5.393672405093175
270,14,53.137726799999996,47.82340161571511,5.305679173716285
270,17,70.291017,63.26118413121502,7.008290964097103
270,18,52.3690739,47.131627400218406,5.183879839552178
270,21,54.7972478,49.31689693553187,5.4466662108413395
270,22,49.6394404,44.67494014221381,4.9471620618392596
270,23,51.78341760000001,46.60451925216903,5.166966258957003
270,24,55.84904,50.2635609602902,5.5284920901270445
270,27,60.1644342,54.147366094804475,6.007298442581734
270,29,69.7380258,62.763380455192234,6.931645397694437
270,2,48.5017237,43.650974647523874,4.811726905903151
270,6,70.10148000000001,63.09045333006236,6.964222455341773
270,7,58.0053321,52.20402046234141,5.773128979906755
270,8,56.48611449999999,50.836922738033685,5.6003837530034115
271,10,71.72527629999999,64.55185358533153,7.142547325323829
271,12,69.031623,62.12773857600403,6.832951789512147
271,14,70.1309986,63.11716262832538,7.00248971757179
271,17,51.7332631,46.55940184103643,5.152407734914885
271,18,57.7693675,51.991828307827966,5.718165501050974
271,21,72.8317396,65.54771706661897,7.254485998630527
271,22,57.055408799999995,51.34918381945897,5.681736938016672
271,23,55.0398697,49.535257609674254,5.488177959966334
271,24,73.0165548,65.71413400835505,7.227476484791959
271,27,49.4570689,44.510852060589926,4.938082364452857
271,29,56.212022,50.59015523457392,5.587984018300334
271,2,59.5098679,53.55811556094685,5.900925109801035
271,6,56.7632039,51.08622435188689,5.643181923985128
271,7,48.948695199999996,44.05324076741843,4.87701982011792
271,8,71.3066733,64.17525716589664,7.058010873260363
272,10,54.2890691,48.85952895055121,5.409183453632147
272,12,56.136943800000005,50.52267245636941,5.557007936336971
272,14,57.399809999999995,51.659233883132615,5.731129048005508
272,17,61.403016300000004,55.262071112979,6.130527552134679
272,18,48.9662544,44.06912521096502,4.847004833977276
272,21,57.1907204,51.471008051898444,5.686229080016243
272,22,46.724333800000004,42.051334080566534,4.652456826579433
272,23,70.0475098,63.041996852171714,6.989238741102855
272,24,56.964926299999995,51.267847036766256,5.63898237265497
272,27,58.418240499999996,52.57580763695891,5.832311093182681
272,29,71.0653428,63.95792060496673,7.061477018880314
272,2,50.54822,45.49277797168838,5.0140053515210505
272,6,69.3546352,62.41833547696461,6.892865101475747
272,7,60.76225469999999,54.685244240047616,6.049737562659194
272,8,57.224885,51.50180950917271,5.664808712003787
273,10,61.393522,55.25340069833803,6.099000455155797
273,12,69.0441084,62.13897810568295,6.834414418540103
273,14,70.9388636,63.844232644078396,7.06926598691174
273,17,47.324640099999996,42.59168542504291,4.724953808577181
273,18,55.4105066,49.86888043647858,5.516634679431234
273,21,71.50797949999999,64.35635788755468,7.107685727284986
273,22,63.7125684,57.34055831583419,6.346758288046104
273,23,55.6689949,50.10150955598068,5.556767166579836
273,24,73.4896039,66.13987328252023,7.274301344850436
273,27,51.0322058,45.92846011360777,5.051647595181872
273,29,56.48611449999999,50.83683601614048,5.62882456919082
273,2,70.01435959999999,63.012079922554804,6.946549246602748
273,6,54.7557122,49.27948842491084,5.441876216425626
273,7,52.3800025,47.14137503651563,5.218716886385479
273,8,69.47252689999999,62.524547907509344,6.87665038560755
274,10,49.3544548,44.418426479581925,4.880326549903285
274,12,55.57670220000001,50.018459730248786,5.533447906766886
274,14,56.681864999999995,51.01309068350335,5.62517627945951
274,17,58.4579251,52.61152224152008,5.836710462649571
274,18,51.6782306,46.50987577763702,5.160243128221336
274,21,52.664725999999995,47.397654719935964,5.207873040345487
274,22,52.17281379999999,46.95493174551149,5.198518805906018
274,23,68.2551176,61.428873946384954,6.811792074809777
274,24,56.77566349999999,51.09751248350956,5.620241996012319
274,27,71.0616141,63.95471460484117,7.044905156939805
274,29,71.3066733,64.17509463876463,7.100335696125247
274,2,56.513867399999995,50.86181421659103,5.602151514852125
274,6,67.752569,60.976504391151146,6.699738380380061
274,7,68.8047586,61.923391946486134,6.849436109135036
274,8,51.494887600000006,46.34487037483622,5.105005568202814
275,10,58.5658157,52.70850901461786,5.789495625938214
275,12,68.9919253,62.09200772207369,6.868022473871051
275,14,69.0444715,62.13930639480776,6.852276164675304
275,17,48.9267299,44.03354776101402,4.8847233462496815
275,18,69.5992453,62.63858490425138,6.947648405801768
275,21,60.787717799999996,54.70825051374631,6.011099143655303
275,22,62.7905159,56.510731035188755,6.2557938522120855
275,23,53.3832478,48.044353278353306,5.32723213308217
275,24,72.1024376,64.89143430904393,7.136728326853542
275,27,57.598250500000006,51.837833310510874,5.701717210216543
275,29,56.258161900000005,50.631673678402095,5.605418278874662
275,2,71.7013507,64.53032341121695,7.112039287044417
275,6,55.420553299999995,49.87785220805464,5.480857091340922
275,7,55.2657991,49.73856853850642,5.506534215664348
275,8,59.520285200000004,53.567630376729696,5.8996335901166415
276,10,48.9644938,44.06746569726262,4.84262892960639
276,12,54.020904,48.618259675864955,5.3476018777418375
276,14,49.497568400000006,44.5472968073213,4.932326555917418
276,17,70.9728713,63.87484378624867,7.087153338416375
276,18,68.1278697,61.31433529696536,6.796800267687785
276,21,46.3246901,41.691675856158135,4.579394913754467
276,22,52.4264161,47.18317635210275,5.2120665817656775
276,23,67.5265682,60.77319121575547,6.739565858545036
276,24,53.9908218,48.591185006801,5.344606714811309
276,27,73.5391022,66.18441953836594,7.279091123182079
276,29,68.4760578,61.62762288099039,6.822215710631516
276,2,55.932678599999996,50.33873476210923,5.548921845245752
276,6,68.6562399,61.7897706212424,6.787560994616173
276,7,70.6781644,63.6094093027714,7.034384188039068
276,8,47.9833851,43.184555618820085,4.74979578127923
277,10,61.30313509999999,55.17203471128135,6.101865121370238
277,12,60.4174987,54.375121493720776,6.031707533913575
277,14,59.056606,53.15031659421826,5.881244910322339
277,17,54.727294400000005,49.2539972517258,5.43706664076097
277,18,53.5294826,48.17598036173163,5.344704542166305
277,21,58.5150419,52.66286583770751,5.786506294812255
277,22,65.86187129999999,59.274895429314135,6.5447713206685005
277,23,55.8777987,50.289430787504294,5.576826880943756
277,24,61.4513575,55.30557670864779,6.104559759397733
277,27,56.7105023,51.038869154798064,5.613830693280129
277,29,51.18210800000001,46.06327790987635,5.09876905105455
277,2,69.2180549,62.295399823924235,6.859945819472338
277,6,53.25782529999999,47.93141957332377,5.268642427053213
277,7,57.261813599999996,51.534960938299484,5.70638974345302
277,8,57.194050100000005,51.47404636166102,5.660960240079328
278,10,53.6379804,48.27356163111296,5.3446936326887196
278,12,48.3747037,43.536734612156124,4.829285315708563
278,14,48.0508075,43.24523022918186,4.797910725817906
278,17,71.381869,64.24293468132797,7.090140359360267
278,18,69.79450940000001,62.8143313090638,6.969124943449708
278,21,47.9979483,43.19758385623886,4.779484169064825
278,22,52.25617340000001,47.029959263277696,5.1687626331380585
278,23,68.2180821,61.39553725957683,6.806391452386439
278,24,48.2991618,43.46874781812366,4.798379349704426
278,27,72.6233606,65.36026790091083,7.188806194112429
278,29,59.115120499999996,53.202845297911516,5.885492856952262
278,2,55.797406699999996,50.21699989156122,5.536113179422379
278,6,60.2647179,54.23748865711455,5.978774499628461
278,7,69.1676303,62.25002709138752,6.89117141331577
278,8,49.6196076,44.65713529352038,4.911632242451069
279,10,71.3635161,64.22627307205477,7.10549069464636
279,12,59.0483563,53.14290529549272,5.89452504721658
279,14,54.8664131,49.379194280118455,5.477288784779627
279,17,56.525487600000005,50.87235402173902,5.614734797717578
279,18,55.7698421,50.19228361296954,5.568455224255215
279,21,69.65358280000001,62.687459280680265,6.945010866619655
279,22,65.17221520000001,58.654195533841914,6.450954966582865
279,23,55.2187152,49.6962624871067,5.511008766217361
279,24,58.309909999999995,52.47830956230319,5.792575987575481
279,27,55.4599042,49.91334127429311,5.48980460792263
279,29,47.9833851,43.18447435878824,4.78072492229696
279,2,67.0720455,60.36402783978242,6.654460055280045
279,6,50.37298260000001,45.335091308055844,4.995604581250605
279,7,51.763001200000005,46.58605367816802,5.154205308868035
279,8,69.3781838,62.43964857730196,6.867861533023631
280,10,55.4027238,49.86179967420792,5.507100422630984
280,12,50.291547599999994,45.261872537283786,5.006873536355727
280,14,46.1415272,41.52689634515065,4.606893855425483
280,17,69.0830254,62.17395633004684,6.882030902640317
280,18,69.1753031,62.257054268342976,6.887719729093893
280,21,47.2123858,42.49055051732963,4.697649132702435
280,22,54.4734421,49.02548285941671,5.388512943381673
280,23,66.1539895,59.537875396935206,6.601177038194109
280,24,52.890756,47.60113725764454,5.249294598581785
280,27,71.4358681,64.29153698455343,7.0711940437324
280,29,57.209608,51.48788231742015,5.693680419448654
280,2,50.98754639999999,45.88818290127574,5.058757217889498
280,6,59.14061269999999,53.22580639753052,5.887668336462558
280,7,58.6969379,52.82652477314697,5.8471377622559455
280,8,54.983244899999995,49.48435464088588,5.487872728461676
281,10,69.6081174,62.646466563342415,6.917244589805415
281,12,67.7055335,60.93427689472244,6.702113095796886
281,14,56.7380828,51.06367417165149,5.663789788940044
281,17,73.8806628,66.49181614454666,7.375170200911535
281,18,54.98817030000001,49.48878695271723,5.443229732065819
281,21,71.6391951,64.47445943027334,7.084773494003169
281,22,67.0971565,60.38666266028834,6.680708950781804
281,23,51.1269269,46.01369554779993,5.102989721835597
281,24,72.6885403,65.41892076538498,7.220921182814072
281,27,55.7793866,50.20087349821163,5.521539592504666
281,29,51.7094401,46.53788507991357,5.151811767233975
281,2,58.4102822,52.56847857454415,5.790316615305611
281,6,53.0598793,47.7532704442291,5.262774914907054
281,7,54.005096699999996,48.60378385751914,5.369781969986172
281,8,70.4362127,63.39185195285631,7.031883223480187
282,10,56.082733399999995,50.473813141259654,5.546812543925686
282,12,55.1174391,49.605126236399336,5.455866620954387
282,14,57.45244040000001,51.706571626305156,5.732933643064592
282,17,54.85868120000001,49.372244126846,5.477057469570401
282,18,68.876239,61.98789444382045,6.817617037018549
282,21,55.1649515,49.64782595980408,5.455008729596276
282,22,49.8310192,44.847327323576415,4.963330053084024
282,23,60.1290101,54.11546162749756,6.00004210068714
282,24,56.1938844,50.573917346513774,5.5626973132449935
282,27,70.2047642,63.18356207511151,6.949713453329396
282,29,71.2538937,64.12761497358049,7.095855374608073
282,2,55.217867,49.69527432502869,5.470207324605642
282,6,69.7959453,62.815494537496846,6.935327565432353
282,7,43.598330000000004,39.23786805385624,4.335282228468736
282,8,54.6561047,49.189930461104176,5.441826813140905
283,10,71.0515217,63.945479797519056,7.023746731549713
283,12,68.9265781,62.033202055432504,6.822778454241203
283,14,42.2557387,38.02971059611995,4.208756002145159
283,17,72.0668294,64.85939209261758,7.1951227154419835
283,18,54.3244414,48.8914364503756,5.377444427305346
283,21,72.1891066,64.96937407795602,7.139477281967888
283,22,60.2429687,54.217973670467565,6.001828332446073
283,23,49.046297700000004,44.141146184877414,4.8943715474505165
283,24,70.7808527,63.702036085294694,7.048246457870224
283,27,47.9688149,43.17143521784518,4.747881701439751
283,29,59.230791100000005,53.30692595310525,5.894414124890701
283,2,43.0299587,38.72636954777316,4.280853153373265
283,6,56.7520355,51.076172934871785,5.642349674681645
283,7,59.0373554,53.13285239174736,5.874638177689569
283,8,69.3584682,62.42190325903651,6.901613670740815
284,10,56.57800039999999,50.91954828043384,5.595715378094428
284,12,55.68437469999999,50.115363795139864,5.520221560386752
284,14,66.17808509999999,59.55959281866549,6.551184659284389
284,17,55.740871299999995,50.166208955333865,5.557393400222109
284,18,67.5451564,60.78993924421718,6.742948730123979
284,21,55.709332499999995,50.137763678016086,5.537414081668068
284,22,47.8174302,43.03511780603186,4.751406467070242
284,23,55.3169445,49.78465258437809,5.519367376583027
284,24,47.8487674,43.06338318498643,4.742348033385742
284,27,58.2942084,52.46417980023393,5.770055560328761
284,29,49.1308105,44.21698176399741,4.851626293817589
284,2,55.79199379999999,50.21208546970711,5.555235957505816
284,6,70.7372792,63.662685799206336,7.044808986417835
284,7,52.4894988,47.23992027322401,5.22676303086745
284,8,53.498500299999996,48.148096948213585,5.32634275128196
285,10,71.8472987,64.66167081292191,7.102354471395885
285,12,67.9065536,61.11519289065965,6.721926897736234
285,14,45.994716600000004,41.39475166940391,4.558414386047866
285,17,71.7189624,64.54631222401011,7.159852684205363
285,18,53.1884675,47.869073298622986,5.311223665389939
285,21,71.173369,64.05522079830271,7.0391494746737555
285,22,58.8497489,52.96405812280661,5.846722408253402
285,23,48.1153571,43.303311834331105,4.801753673945128
285,24,70.8148578,63.732642603834734,7.010369123399049
285,27,47.7637305,42.9868674905527,4.727985811090934
285,29,69.7769927,62.79839609267391,6.896785882794589
285,2,48.7105064,43.838855460093036,4.850655360935608
285,6,57.422244,51.679353618400924,5.708956322535645
285,7,72.3574541,65.12080301975645,7.205390100574643
285,8,68.9461474,62.05081198438529,6.864206911473613
286,10,53.726677300000006,48.353375252891055,5.340338544481113
286,12,54.651765600000004,49.18602492805132,5.4097993727203
286,14,67.9952859,61.19505465357185,6.731076401361398
286,17,61.850523700000004,55.66479431866555,6.162232599182389
286,18,59.665526,53.69834870359292,5.956514311068849
286,21,54.23777,48.813372239315434,5.363176955340174
286,22,51.9960841,46.79588642616711,5.1440457241871895
286,23,56.481329,50.832586519450466,5.634966631932224
286,24,48.157971100000005,43.34166346118169,4.79557460738648
286,27,57.7240053,51.95100293530489,5.713605577838255
286,29,56.8228099,51.13985737874622,5.619338645088369
286,2,67.9775191,61.178931503151176,6.770167180787703
286,6,70.5055356,63.45409931061911,7.0073531304325565
286,7,56.37632970000001,50.738011448717835,5.613953654857292
286,8,56.6843568,51.01533871394236,5.611244693828654
287,10,60.1644342,54.14726297718649,5.99302599964973
287,12,67.6604174,60.89367058350391,6.6974377596818835
287,14,49.1679412,44.25062848578739,4.866311654224853
287,17,45.1712146,40.65361485900492,4.486586616725385
287,18,50.9510188,45.85539495507749,5.088118495852329
287,21,70.5902474,63.53041739226837,6.980847936957011
287,22,66.5885305,59.92886447460279,6.5844655306236595
287,23,50.6512879,45.58562318237924,5.05434762068873
287,24,71.0241351,63.92098012653374,7.0717368132410625
287,27,51.13097210000001,46.01734994395899,5.061371052250206
287,29,69.3584682,62.421793524544505,6.858737976912585
287,2,56.38732950000001,50.74794910232457,5.620002026296085
287,6,57.542535699999995,51.78760828199644,5.720249541592998
287,7,70.8517997,63.76576162375816,7.05510524982897
287,8,68.0351043,61.230885257673776,6.734480209558749
288,10,49.1805292,44.26189580218034,4.888253280039519
288,12,55.4862375,49.9370423544253,5.492569649697826
288,14,69.4850039,62.53576611321426,6.877423979274922
288,17,61.981562700000005,55.7827593108452,6.1575917803289
288,18,59.14061269999999,53.22593218719612,5.904062214305695
288,21,51.3702087,46.232607572402216,5.080114882625279
288,22,54.056188299999995,48.64995400218461,5.347927568494278
288,23,68.6810263,61.812187322193736,6.853356509113676
288,24,56.044750099999995,50.43969545911758,5.595581960743432
288,27,71.3007769,64.16995351365756,7.057630915533668
288,29,53.498500299999996,48.1479871938422,5.288765541233409
288,2,69.4006531,62.45963588153693,6.905618824736481
288,6,68.88521560000001,61.995875749219095,6.862715992628092
288,7,56.912141999999996,51.2202531838206,5.667878674355835
288,8,52.6551501,47.389094602783736,5.231377177629176
289,10,61.3214252,55.18851433973461,6.091894657115885
289,12,67.2542333,60.528106324720696,6.657108345214434
289,14,55.2160584,49.69388139628008,5.465718652078574
289,17,47.169337500000005,42.451914583706916,4.690050644531593
289,18,51.54376309999999,46.38885504826671,5.14654133851165
289,21,62.779824399999995,56.50109753779775,6.240265193781737
289,22,66.1757255,59.55737352231425,6.570105700417013
289,23,53.9618565,48.56509801541141,5.384743304553414
289,24,68.6599792,61.79327057601857,6.85603411423538
289,27,54.3547465,48.918710830845356,5.380407912141807
289,29,68.9461474,62.050665659813234,6.815642419653969
289,2,54.0464045,48.64111677056554,5.384685890353301
289,6,55.26012970000001,49.73345936286498,5.505390242801856
289,7,71.0674921,63.95985027733815,7.073816204671414
289,8,58.7257801,52.85259253609613,5.834147720828771
290,10,50.1518783,45.13608506532979,4.958922075049444
290,12,54.3434455,48.90854381760159,5.427072147703656
290,14,69.53605309999999,62.5817175682656,6.88293182272631
290,17,58.393271199999994,52.55332842567313,5.800597098562237
290,18,68.57380669999999,61.71571573853324,6.847985567075625
290,21,48.261039100000005,43.43438789048505,4.808037942115676
290,22,52.5214674,47.268709547413536,5.2106119455625395
290,23,65.094539,58.58438093490616,6.494599792022135
290,24,50.260077800000005,45.233551891774226,5.004166510116027
290,27,71.107987,63.99644752187898,7.066158399338956
290,29,56.6843568,51.01525100812328,5.60554366946465
290,2,69.0096904,62.10790043724532,6.875753559594985
290,6,66.4561245,59.809706467372976,6.6198368107170085
290,7,55.3601836,49.823490448627545,5.511855521282725
290,8,47.0494927,42.344060008670176,4.6741619007298185
291,10,71.0616141,63.954610437529276,7.027164297335399
291,12,59.927663200000005,53.93426960935552,5.982644006965117
291,14,52.0916905,46.88198128146771,5.156285034663876
291,17,52.0065013,46.80531589127853,5.167081248010423
291,18,54.4756029,49.02747861548246,5.392431749890334
291,21,59.7001475,53.72942024315693,5.931060065251093
291,22,66.0221049,59.419116495377295,6.550191581592559
291,23,62.736640200000004,56.462281968370924,6.2573078888941644
291,24,62.779824399999995,56.5011832007759,6.253175185305546
291,27,57.442923300000004,51.698041636636674,5.736089257887391
291,29,68.0370707,61.23253765766215,6.727294849647152
291,2,52.2353802,47.0111955466756,5.201766101745379
291,6,62.25623300000001,56.029755630082455,6.193497571787979
291,7,69.88250310000001,62.893417176739575,6.9627194417571
291,8,59.1105533,53.198875896355865,5.8507101372148504
292,10,56.0965552,50.48623245031758,5.546859716657335
292,12,49.9144427,44.92248731650518,4.984486860585563
292,14,59.7167755,53.7444697557995,5.91075668512666
292,17,72.96811100000001,65.67052881488077,7.249035197086741
292,18,69.57417339999999,62.61603327026879,6.88715358921297
292,21,51.4431416,46.29824684685087,5.113913607718082
292,22,55.141854099999996,49.62704187793245,5.453974284839307
292,23,47.1389553,42.42453579330448,4.700597800023035
292,24,48.2300412,43.40654000450792,4.7915208647501535
292,27,72.98641289999999,65.68700520321684,7.286835378105562
292,29,51.67109,46.50336297240343,5.109255154464568
292,2,66.8707149,60.1828764875039,6.666257618112222
292,6,48.7071938,43.835853247966746,4.848686926000895
292,7,54.1147103,48.702567461612105,5.389024719282061
292,8,49.4495397,44.504079528327495,4.894976526720362
293,10,72.4331363,65.18896615887644,7.162891448993995
293,12,59.4795092,53.530940701976476,5.938809885494433
293,14,47.982836400000004,43.18405528326083,4.749466990008872
293,17,56.0698189,50.462256930440624,5.570539237625199
293,18,56.68656,51.01732003853235,5.611399164234046
293,21,72.96811100000001,65.67043556433252,7.2665884121450866
293,22,67.64986640000001,60.8840716476478,6.688530917179414
293,23,65.2798497,58.75117135719655,6.514729445313618
293,24,58.393271199999994,52.55333087381723,5.812872817445132
293,27,55.522627,49.969792677951475,5.541004931762522
293,29,59.52848109999999,53.57481421963541,5.8811345678575435
293,2,47.7008583,42.93013060219659,4.746235385141507
293,6,59.1032076,53.192141760182636,5.871290224894639
293,7,69.8238729,62.840638379856074,6.954966001781937
293,8,58.0053321,52.20418846452555,5.774018453067326
294,10,56.4624381,50.81553758323278,5.583889389091012
294,12,51.7925108,46.61270312846982,5.167781183215507
294,14,57.4852836,51.73615023088158,5.6898092378064264
294,17,71.01316709999999,63.91110372115321,7.079000719061805
294,18,70.20940279999999,63.187720182370214,6.98918665899578
294,21,56.437684899999994,50.793283897688255,5.610059388138311
294,22,55.00352349999999,49.50255057307637,5.44039136635706
294,23,52.4965214,47.24631164365706,5.238301027869568
294,24,58.150377399999996,52.334714344102274,5.802866925840729
294,27,71.6288765,64.46524485713856,7.090865364346903
294,29,49.0988987,44.18842980343671,4.855346511736758
294,2,66.6155322,59.95319261026708,6.637366916081976
294,6,49.416522,44.47427987899142,4.8886508064953365
294,7,53.313543200000005,47.98154370097105,5.2888981894795
294,8,48.948695199999996,44.053324826678086,4.887996928209415
295,10,72.91349190000001,65.62125298846007,7.208830276988275
295,12,54.8744541,49.386433841800226,5.462886813914415
295,14,49.8699717,44.88245575561044,4.936240397507455
295,17,57.7850652,52.00596448536208,5.7634290535774735
295,18,59.1184865,53.206031012542624,5.903497258621342
295,21,72.2617097,65.03471664275014,7.182507367948965
295,22,67.3473617,60.61182057233798,6.658736477021151
295,23,66.10833360000001,59.496790620000645,6.59635522553149
295,24,46.1499145,41.534437060098156,4.593587458427174
295,27,56.0938589,50.48389756529084,5.553028111554745
295,29,59.3237966,53.39065001209985,5.864674497973022
295,2,48.251456,43.42571495803516,4.805599051429145
295,6,55.743655999999994,50.1685796307673,5.519106644877082
295,7,61.132176,55.01814729920446,6.083983524636383
295,8,60.344584999999995,54.3094918827137,6.0237202689076925
296,10,55.4599042,49.91325317951624,5.483929898936239
296,12,69.1945249,62.27434885396463,6.908552630911093
296,14,69.87489380000001,62.886675815158206,6.916783341952788
296,17,72.8517649,65.56581870887734,7.2722756556141075
296,18,68.7317594,61.85786720801467,6.828469722750101
296,21,53.4980278,48.14761241142636,5.316521065541134
296,22,51.0735795,45.965625157878584,5.05031087508284
296,23,50.927458,45.83417340514314,5.081949483303548
296,24,72.3997126,65.15898251610028,7.169087198787324
296,27,71.91644459999999,64.72404479141557,7.177809204936779
296,29,48.677526199999996,43.809186677919804,4.813009226522687
296,2,58.3253874,52.49207530848699,5.805192459704661
296,6,50.531877300000005,45.478087973522605,4.996623817251092
296,7,51.1532478,46.03732100650605,5.096936737849341
296,8,52.242989699999995,47.01815345439341,5.216713537031097
297,10,71.4686162,64.32090836465959,7.0810290585062505
297,12,51.922561099999996,46.72976592917634,5.183730042332239
297,14,53.1867807,47.86754741327365,5.264487294692073
297,17,58.42339,52.580451105521625,5.825431410425034
297,18,56.342961800000005,50.70808522762205,5.5773779372275705
297,21,72.5549487,65.29861929300306,7.211938023993738
297,22,57.7753635,51.997145363206755,5.731363454157726
297,23,58.0900943,52.28043892544539,5.79317476283425
297,24,67.6365121,60.872136837182566,6.728024065258369
297,27,52.5604584,47.30387166806698,5.233299287426474
297,29,58.0412593,52.23637975008814,5.736841156749296
297,2,46.383152700000004,41.74426977358091,4.619852547331845
297,6,68.59744880000001,61.73688743898854,6.783425858558997
297,7,59.39689,53.45646190108373,5.912473539401664
297,8,67.2033789,60.482343506867046,6.710624911770418
298,10,55.0955147,49.585314140532354,5.449250805015526
298,12,67.4992076,60.74858782480227,6.740570147226894
298,14,70.2309161,63.207087047849136,6.951711811406211
298,17,70.1316787,63.117781359955764,7.003603361095796
298,18,66.5015667,59.850719192544815,6.592571739302704
298,21,54.1045895,48.69351193455428,5.389994189974193
298,22,47.8324868,43.04868224513927,4.754160006215771
298,23,49.8597619,44.873263793914994,4.976302490424009
298,24,50.9865661,45.887376296999356,5.089750890345082
298,27,62.2120817,55.99021878127791,6.157613734246475
298,29,48.1593614,43.3428362822318,4.7612633568810905
298,2,55.4587497,49.9121523224829,5.5207277939795905
298,6,55.4451617,49.8999928602722,5.482837880047713
298,7,49.713435499999996,44.74145342186954,4.9465632667639925
298,8,54.257032,48.830771707262485,5.40241247429537
299,10,70.8700036,63.78217355823737,7.008781115875535
299,12,52.696358200000006,47.42617716805002,5.261402684098902
299,14,56.4548698,50.8087973209661,5.588298764381818
299,17,51.2014785,46.08079308211201,5.110633227954073
299,18,52.8191136,47.53665846542478,5.228602860486434
299,21,71.5950326,64.43472236581583,7.134805923497624
299,22,57.9093368,52.117728865313765,5.75565667409489
299,23,55.4946991,49.944618403495895,5.535003769674056
299,24,72.5759347,65.31758372424838,7.246990905372621
299,27,50.6748718,45.606865465032506,5.016308366018623
299,29,59.264007299999996,53.33684017173795,5.857293314961371
299,2,49.168721999999995,44.251253196720356,4.897831933546377
299,6,69.443344,62.49815613359283,6.865483840564578
299,7,69.0982493,62.18758462422328,6.881119575902936
299,8,70.8195671,63.73686675477884,7.03522397323235
300,10,47.9491087,43.153606311623705,4.739917507858304
300,12,67.9230967,61.130083610547814,6.782928881694257
300,14,70.6933772,63.62330004356305,6.997744708411426
300,17,71.4652301,64.31795896456657,7.134824514614225
300,18,58.6114625,52.749705158365046,5.823431282258418
300,21,53.309181,47.97764592228658,5.309874049412646
300,22,48.218482699999996,43.39606823303178,4.7918962104060565
300,23,52.5421151,47.28735380585389,5.244273012539181
300,24,53.4980278,48.14767185255365,5.341523879755292
300,27,59.513474499999994,53.561506660678496,5.899539014971148
300,29,52.242989699999995,47.01805931337731,5.165458970974413
300,2,68.3369367,61.50241757061227,6.80813163500032
300,6,56.2968068,50.66646460128277,5.5671458168474794
300,7,55.461726,49.914894178238384,5.526461151760857
300,8,56.7773452,51.09902833764428,5.620493666962438
301,10,59.390782200000004,53.450971072286315,5.90057190251962
301,12,54.861957800000006,49.375197274953784,5.478399674692276
301,14,54.808204100000005,49.32681363874966,5.433216900391847
301,17,51.1051132,45.99407174133908,5.058727368229752
301,18,49.3670849,44.429869793945166,4.915379728022272
301,21,70.5565072,63.50005248498241,7.031008049717986
301,22,66.9125111,60.22044439014923,6.647883391072473
301,23,68.3382081,61.50364305939811,6.817651440025064
301,24,72.5549487,65.29869653004017,7.243928390403664
301,27,52.0555982,46.849503829843925,5.152945590531717
301,29,67.2033789,60.48222369988323,6.644748841786212
301,2,53.3199823,47.98733586023158,5.310561075381242
301,6,70.4086101,63.36692436186076,6.963408510810887
301,7,69.8603019,62.873370100151426,6.955908788088518
301,8,69.86469819999999,62.87749454859184,6.915178672183272
302,10,46.9827056,42.283870767659714,4.66882789857103
302,12,70.2892754,63.259615698817356,7.018486228340804
302,14,70.0156176,63.01332063810175,6.930411026008519
302,17,60.430987800000004,54.387252089635474,5.98138650066738
302,18,56.627242300000006,50.963921341305195,5.636837391755592
302,21,52.335084499999994,47.10098151979522,5.214718677165853
302,22,53.023644299999994,47.72067005564635,5.270895511538029
302,23,56.0894,50.47986756887744,5.5975319856235055
302,24,55.593451,50.03353358615956,5.523415617432729
302,27,71.2175678,64.09506269338173,7.04917354827619
302,29,53.3790234,48.040469293021644,5.277694568013759
302,2,69.5227012,62.569593316219965,6.926714150896507
302,6,54.42840329999999,48.98490428945429,5.381599809084433
302,7,55.18497060000001,49.66580962497417,5.498197974529109
302,8,53.737100299999994,48.36283848030807,5.319385586924623
303,10,57.7240053,51.950889243443086,5.735067277148833
303,12,54.00064329999999,48.60002172991905,5.37343134825002
303,14,56.239203100000005,50.61469953165098,5.566938316414528
303,17,48.7620479,43.88534147408369,4.8268320091508405
303,18,51.9651465,46.76809919749251,5.144049533742074
303,21,60.4355219,54.391261471305,6.0196539939597935
303,22,65.20980229999999,58.688063619141914,6.496460175800006
303,23,68.3936816,61.55358422947043,6.8250393980610875
303,24,73.0890991,65.77942329496497,7.276853315140242
303,27,55.2718831,49.74412562033452,5.471282611520302
303,29,69.053807,62.14758979088486,6.828051820258792
303,2,53.87361980000001,48.48560381905223,5.365670653078107
303,6,68.319487,61.486712001878274,6.755029587190472
303,7,69.0272696,62.123703891257286,6.876750291393001
303,8,59.5545516,53.59847317977151,5.894632504169664
304,10,51.13097210000001,46.01727358146252,5.056126639406668
304,12,67.8622666,61.07533291509653,6.756916505703124
304,14,68.13108650000001,61.31727389075251,6.784388517617097
304,17,57.9543621,52.158310667688504,5.7359195870363475
304,18,70.06398619999999,63.056854574699614,6.935180275810247
304,21,48.2765033,43.44830959999737,4.799099919071358
304,22,52.526704099999996,47.27342903865007,5.221426729462819
304,23,54.5141968,49.06219853862273,5.43981879643262
304,24,54.6543515,49.18835099347155,5.410393860976485
304,27,70.4087114,63.367110821211156,6.969782067705852
304,29,55.6886906,50.11916177916924,5.506992587983375
304,2,68.8810575,61.99208939252735,6.856503542904437
304,6,56.2702534,50.6425668117553,5.564480518170827
304,7,53.9418807,48.54703283599192,5.372688180862407
304,8,49.7566628,44.78048608812462,4.9252914111410275
305,10,71.3007769,64.16982624473349,7.049190510529273
305,12,52.777460899999994,47.499171665009186,5.255174648739204
305,14,46.9737202,42.27585255993905,4.6758291027536805
305,17,51.00978670000001,45.90828303933786,5.0493798164828165
305,18,55.0852404,49.57614763765117,5.45271714458092
305,21,58.703897500000004,52.83277278279954,5.833087025220952
305,22,66.5365026,59.88203994696218,6.579981107156908
305,23,68.4849643,61.63573774467791,6.835107744135263
305,24,70.37052419999999,63.33274140298299,6.9659997388069375
305,27,52.9515451,47.65584253181331,5.2413367221372535
305,29,69.8212973,62.838291503835514,6.902354440320473
305,2,67.38969,60.649825623376444,6.7040782157194725
305,6,67.1229341,60.409839504805305,6.637276142318244
305,7,70.8888083,63.799081124204264,7.060032835074539
305,8,57.9143733,52.12233250932364,5.732440606353751
306,10,54.3547465,48.91862271970406,5.374440993571677
306,12,60.2477501,54.22234716505451,5.994570666717378
306,14,61.2760046,55.14776270822263,6.100711375152118
306,17,71.45490989999999,64.30866742803026,7.072779833190542
306,18,68.5114234,61.659566999272066,6.781661216882655
306,21,49.3072403,44.37595276390073,4.891931230553
306,22,55.7098424,50.13824185931996,5.529329510925895
306,23,54.6256963,49.16254695621889,5.451793319389256
306,24,51.4374879,46.29320863219825,5.091612177960494
306,27,71.54745869999999,64.39196736521058,7.082235344170913
306,29,52.613029700000006,47.351091485007984,5.202141015126912
306,2,46.7390404,42.06448328746749,4.648812590718187
306,6,51.93909169999999,46.744566298069344,5.13583136650331
306,7,53.9933733,48.593365175227994,5.374844284233145
306,8,50.85894869999999,45.77252939858306,5.034235012176625
307,10,71.3379371,64.20329827317089,7.054562063375961
307,12,48.993064600000004,44.09325431024369,4.877920958452716
307,14,47.1185793,42.40623132062417,4.690969737673118
307,17,55.026051200000005,49.52287815458521,5.4469563356889426
307,18,56.2968068,50.66654620162014,5.572783328309602
307,21,69.6042754,62.64304334996462,6.882613737659324
307,22,68.8154257,61.933000568146156,6.847847340235625
307,23,69.1527504,62.236741773974195,6.902644204941402
307,24,60.9552065,54.85904585997016,6.033298537629692
307,27,56.39845329999999,50.75802710112022,5.582894619418914
307,29,59.7127684,53.74076470450923,5.934413065647623
307,2,68.899923,62.00908554930141,6.863241237932608
307,6,58.8680957,52.980523258992555,5.818592918773101
307,7,69.4934336,62.54324626191236,6.919601206013918
307,8,70.6721124,63.604167399602005,6.995725395606364
308,10,56.36328900000001,50.72630498723248,5.603345970398252
308,12,58.4753125,52.62716896010818,5.817852814209348
308,14,60.0173706,54.01499473570457,5.9742875530866355
308,17,71.6894697,64.51977202819933,7.096209137830832
308,18,70.46039069999999,63.413619620119974,6.974782075902058
308,21,56.1435892,50.52860477565622,5.552970412514155
308,22,54.0807193,48.67203706707034,5.389537649771823
308,23,53.7860625,48.40688231851301,5.367283138358235
308,24,48.0282312,43.22491302504573,4.754065800542322
308,27,69.05131279999999,62.14547149318578,6.861168613866993
308,29,47.1996324,42.47908231036844,4.689653502162372
308,2,55.7013575,50.13057087700825,5.55116047437272
308,6,57.9135991,52.12131182458058,5.715180665551432
308,7,52.3615968,47.1248098105888,5.213984287378114
308,8,56.37632970000001,50.738114972567764,5.580515149398989
309,10,72.9196595,65.62680464169688,7.245943197792703
309,12,52.0221549,46.81940409888054,5.176535074551887
309,14,51.8655449,46.6784525967857,5.133903566937546
309,17,54.23506879999999,48.81100084122877,5.368604543337942
309,18,55.613835599999994,50.051877826020586,5.505053846646043
309,21,71.6894697,64.51969655824675,7.089083400828194
309,22,66.50583879999999,59.85444403235313,6.621853904490726
309,23,67.4807237,60.73192747230592,6.734150810212668
309,24,57.002364299999996,51.30153192688424,5.642153241694896
309,27,46.7054381,42.03440091449908,4.660420005207315
309,29,59.0373554,53.132857386961376,5.87685081488006
309,2,69.4493772,62.50352331888658,6.912918267420525
309,6,47.6325023,42.86867392638622,4.7435415937584615
309,7,60.228391699999996,54.204790617767074,5.996743689332211
309,8,70.5650673,63.50782566493752,6.984956772934265
310,10,54.2254728,48.80227781034564,5.362076874438803
310,12,69.3668825,62.4294738637152,6.907064345254963
310,14,70.9986357,63.89803194406274,7.0539553951139045
310,17,72.9307053,65.63686413563265,7.260651938785538
310,18,68.5111478,61.65932129859556,6.791995464463293
310,21,54.23506879999999,48.81094741530807,5.393447215715299
310,22,51.1124893,46.0006608861678,5.093032747596242
310,23,60.257266099999995,54.230871037059295,6.009901694366526
310,24,50.4726029,45.42482343072828,4.996152029792533
310,27,69.2528128,62.32681237333539,6.9128410430583855
310,29,50.85894869999999,45.772428955975,5.053881236829784
310,2,63.7806202,57.401664408967186,6.3439586264087025
310,6,56.889566,51.19988786058215,5.663854673546904
310,7,47.4846457,42.73558835915194,4.728069418454281
310,8,56.9446074,51.24956036091989,5.636864441672222
311,10,71.6288765,64.46514142993728,7.119961006855593
311,12,55.932169200000004,50.33837754682124,5.569572763061715
311,14,53.4646599,48.117635899160824,5.3112559107901145
311,17,56.73187790000001,51.05810576255022,5.6489489872037435
311,18,55.181214700000005,49.66252353767021,5.469513353861515
311,21,73.0439748,65.73872655858783,7.275797704698029
311,22,58.6035449,52.74247707918507,5.822190454057185
311,23,46.0934286,41.483578983443664,4.596814943776492
311,24,71.2734413,64.14534625039721,7.054640614222772
311,27,51.7627446,46.58593873092506,5.154010404999235
311,29,70.36055300000001,63.323634341288795,6.992524594778381
311,2,46.7757808,42.097601298377846,4.656657053437223
311,6,50.165267300000004,45.148136135016394,4.996841367631929
311,7,58.11062259999999,52.29878062217278,5.782554071362508
311,8,69.9803799,62.981615334589996,6.927201383595224
312,10,53.58543529999999,48.226251299723046,5.325790281006144
312,12,70.1646707,63.147469775264426,6.946745862274564
312,14,70.7268993,63.65346965917667,7.019281380379184
312,17,71.6902469,64.52047413151821,7.096456217086297
312,18,67.1229341,60.40994335884942,6.644351951067112
312,21,54.658675599999995,49.19218908425489,5.433147583466588
312,22,49.0991097,44.188629201097385,4.855295298269362
312,23,58.3240465,52.49100166889531,5.817858547013473
312,24,55.004001099999996,49.503033457998455,5.444761922985658
312,27,62.3204662,56.08775360163712,6.21880108837832
312,29,57.6199994,51.85731259620805,5.716708335312864
312,2,59.42586669999999,53.48251640295586,5.916542304538831
312,6,68.3429529,61.507864279659465,6.810466762563513
312,7,52.390719,47.15103216225584,5.220059503196305
312,8,55.3601836,49.823594041726054,5.47992184688082
313,10,70.42753309999999,63.383955431758785,7.0016654706683
313,12,56.2998456,50.66928238558712,5.573151437476691
313,14,54.8014942,49.320774905911875,5.456281503940911
313,17,50.5295195,45.47603932863565,5.0013246128555435
313,18,51.93909169999999,46.744647890919396,5.141333485629446
313,21,71.908657,64.71696346856434,7.14737808613136
313,22,59.6661542,53.69882646905187,5.899244979040895
313,23,48.0128622,43.211071576828,4.791993693230625
313,24,70.23890820000001,63.21428390466835,6.9526441424754815
313,27,50.3152782,45.28323684100609,5.024968740077847
313,29,70.5650673,63.50769506908179,7.012813540097704
313,2,46.558721,41.90228667413447,4.637994513903189
313,6,53.4627141,48.11578450685701,5.321972386230766
313,7,70.299611,63.26876580463881,7.001351105864476
313,8,69.7914205,62.81155384200216,6.9085464721197285
314,10,51.600276099999995,46.43963659534297,5.140163863909353
314,12,70.4397589,63.39504278306566,6.973189130379658
314,14,70.88398169999999,63.794844590371746,7.057972294587431
314,17,69.5020833,62.55114962568384,6.879799631097158
314,18,59.1942918,53.27422034301093,5.890410469804846
314,21,54.789375500000006,49.3098227533085,5.457800560947689
314,22,49.876260900000005,44.888062702267774,4.932580478723013
314,23,57.684504999999994,51.91543242464195,5.755615553974258
314,24,56.3773744,50.73905755197522,5.580916097680202
314,27,58.661519500000004,52.794756214966256,5.8566961471129755
314,29,56.9446074,51.24946702688242,5.659805001022145
314,2,58.4363216,52.591936092164254,5.8178012510898895
314,6,69.5159384,62.56350703144786,6.922815629834826
314,7,55.3035777,49.77256233693806,5.510153720658052
314,8,55.4046873,49.86364690968276,5.484324925560391
315,10,62.9147867,56.62252347094748,6.260924387772422
315,12,65.1412887,58.62646415183519,6.446838334176241
315,14,55.1693661,49.65185746212278,5.489563563733657
315,17,50.994144399999996,45.89420394317278,5.048115779370977
315,18,57.0965531,51.386302569841384,5.700337503790519
315,21,70.7279559,63.654333310971815,7.032377256693108
315,22,67.2901876,60.560387803003735,6.654584210856441
315,23,51.5304257,46.37683807154113,5.142173434868151
315,24,72.4743963,65.22620262965326,7.237317735849179
315,27,50.3808733,45.3422677928392,5.030667832249768
315,29,69.7304802,62.75657453611084,6.8950950043772945
315,2,49.1030157,44.19210984278005,4.890587978898827
315,6,57.6238198,51.86077501681198,5.699685647370179
315,7,70.8769384,63.78833232236747,7.056545212041242
315,8,69.7869576,62.80753915704215,6.908212628324285
316,10,49.0293172,44.125806039392344,4.848306748873432
316,12,53.4914566,48.141755501321484,5.325659906415292
316,14,71.3827433,64.24371635053966,7.1068576544510105
316,17,60.49468,54.44457456291468,6.022088089282532
316,18,45.4884701,40.93914847838012,4.540542774056438
316,21,50.724351899999995,45.65133863738714,5.041696730103442
316,22,50.493867599999994,45.44389046982118,4.99290391010166
316,23,69.408434,62.46684161810917,6.925758945113441
316,24,52.1165726,46.90437482744526,5.203429248716947
316,27,71.7018289,64.53089295276106,7.158492185533636
316,29,56.58298309999999,50.92400832102202,5.595248586421412
316,2,69.1719112,62.25388596006322,6.891696357820669
316,6,70.3206814,63.287750957133994,6.962125338021314
316,7,56.490535900000005,50.84080473864302,5.627532138122832
316,8,52.0775935,46.869297059383705,5.154915235216387
317,10,60.48989219999999,54.44012297244266,5.978203075371848
317,12,69.31306860000001,62.3810334818154,6.918975204441427
317,14,54.0795625,48.67104395024671,5.39909758440841
317,17,47.0915218,42.38188424118814,4.6885919942876635
317,18,56.889566,51.200013543917656,5.679139350404339
317,21,59.8241362,53.84102974762152,5.945522192181546
317,22,67.821673,61.0386958186821,6.705731025892425
317,23,54.119282,48.70677934394873,5.40101709091252
317,24,70.59171950000001,63.53174876027237,7.039453106890036
317,27,66.621394,59.95854380115976,6.631268998749036
317,29,69.7914205,62.811434316176104,6.901342879112964
317,2,52.932559700000006,47.638659515748664,5.271821508939708
317,6,55.2417203,49.71689023928245,5.4699791540813845
317,7,70.6703139,63.60243855372237,7.040251658431008
317,8,61.2858987,55.15667447589807,6.066541265652516
318,10,51.0622841,45.95544844678641,5.0489704803638
318,12,55.341592500000004,49.806864702915995,5.525854172809825
318,14,69.2320711,62.30814230542173,6.91356057294709
318,17,58.524973599999996,52.67185928902749,5.826208803189537
318,18,50.766641,45.689454606182466,5.068568262990957
318,21,46.4435461,41.79864584144136,4.624684363144237
318,22,52.514065200000005,47.26205366476187,5.193318348731891
318,23,67.3499528,60.61423919172864,6.721852691246518
318,24,72.1901223,64.97034994276254,7.207223806676803
318,27,48.4422489,43.59751582765832,4.794561027155798
318,29,56.6573931,50.990983985353544,5.6030039246946215
318,2,69.10334540000001,62.19217649402847,6.854545274658532
318,6,69.2756734,62.34728254494966,6.8506696313061965
318,7,55.4005133,49.85979568476858,5.518607824512127
318,8,47.868496,43.081151452410516,4.73806380647882
319,10,69.8274704,62.843881227601464,6.904246182515924
319,12,68.66647999999999,61.799110461838765,6.854603119033206
319,14,50.19235520000001,45.17259777045151,5.010737445653887
319,17,48.5987486,43.73836975428804,4.8384705917252475
319,18,69.486422,62.537055821089986,6.933480868316826
319,21,56.2867346,50.657413243314814,5.6076379283527595
319,22,68.34344999999999,61.50831302568751,6.7589196765829795
319,23,53.905861099999996,48.514702748256724,5.3796610822884245
319,24,51.97164600000001,46.77394239501023,5.188992953424482
319,27,71.4641114,64.31695286674686,7.073801971964938
319,29,70.9096905,63.817812373310886,7.009025163892608
319,2,53.8087286,48.42720172966531,5.336750914885281
319,6,57.3959651,51.65570812223894,5.676798762473506
319,7,73.5800067,66.22108768814071,7.3274342424550625
319,8,58.444259200000005,52.59922657095502,5.785039714741886
320,10,55.2718831,49.74404380446821,5.465668576549894
320,12,52.992593,47.69278955874457,5.291153548487371
320,14,59.694517499999996,53.7244408421759,5.959523362857117
320,17,71.26240059999999,64.13541704506132,7.095246510709831
320,18,55.95947650000001,50.36295258987197,5.585080853169793
320,21,47.7729846,42.99512670133932,4.757935881864173
320,22,52.8047608,47.52367717782823,5.249092595917471
320,23,67.2706428,60.54286447999755,6.714314849193898
320,24,69.5020833,62.55115180777406,6.9394338857647275
320,27,55.2632698,49.7363737409956,5.470438037601669
320,29,54.5049814,49.053835805657215,5.389849071254128
320,2,68.2084775,61.38684825656897,6.768704138745081
320,6,70.0033579,63.00211938887014,6.94396432302157
320,7,56.18447210000001,50.56535803036332,5.5974806184092225
320,8,50.511384400000004,45.45972363058115,5.018154030749441
321,10,70.35566829999999,63.319266545883835,6.9572511963291355
321,12,59.927541500000004,53.934165044816815,5.966860805069896
321,14,47.570761499999996,42.81319228572849,4.736169183189458
321,17,54.089492699999994,48.67998227415893,5.354074938903707
321,18,70.5362486,63.4818860764781,7.041582953934195
321,21,71.0174686,63.91492741723937,7.078989411050611
321,22,70.7222779,63.649211281743675,7.044103440509038
321,23,53.8388754,48.454418838305536,5.373567405416774
321,24,50.724351899999995,45.651393718889786,5.041148442662549
321,27,70.9403313,63.84556130200754,7.022288521862178
321,29,61.012744100000006,54.91068516436984,6.030518638971191
321,2,47.7774374,42.99902859084808,4.733532567909078
321,6,54.2195814,48.79699075191064,5.400787559985539
321,7,69.3707289,62.43278138794079,6.907440446828292
321,8,68.876022,61.987702569228915,6.856824986669404
322,10,55.760737999999996,50.184014783593405,5.514423084955416
322,12,48.4524042,43.60666411289273,4.797493990609714
322,14,59.028741,53.12524261650346,5.876172395564046
322,17,71.4856862,64.33637163033276,7.076229159973668
322,18,57.010078,51.30848408209238,5.643582335561616
322,21,52.0542299,46.84820298743314,5.185183337365674
322,22,55.312423499999994,49.780558035418665,5.512322442366079
322,23,68.32922860000001,61.49556162268082,6.817582254432355
322,24,59.9223359,53.92947603178314,5.93121159133084
322,27,54.2540366,48.82807296425821,5.370415324354449
322,29,50.5967452,45.536470380489234,5.003515003564292
322,2,69.79533930000001,62.81498528749431,6.924913182983234
322,6,59.2416599,53.31674791160155,5.898383582013384
322,7,51.014421899999995,45.912358090028185,5.044242712616908
322,8,55.3806673,49.842030590845766,5.5023406514303135
323,10,73.355218,66.01880188457086,7.2525357209402985
323,12,58.052570599999996,52.24670553417791,5.747037990981701
323,14,48.1261422,43.31302733119398,4.763622478206476
323,17,54.1190884,48.70661809214957,5.356980704169251
323,18,69.8948652,62.904647437355415,6.918460879648206
323,21,72.3766107,65.13810583462497,7.210091670611502
323,22,69.38949199999999,62.44970195138999,6.909671814782763
323,23,56.59498979999999,50.93489892819653,5.649151288601294
323,24,47.0444421,42.33951316576751,4.683818232589671
323,27,71.47227029999999,64.32430088108552,7.07501728527803
323,29,59.4076968,53.46617805953145,5.915243036472219
323,2,53.6625859,48.29567487367863,5.322618004413692
323,6,50.4086549,45.367202331118435,5.022328402695084
323,7,59.251717299999996,53.325792455808326,5.857149655899812
323,8,68.67994859999999,61.811238427804454,6.798352518632646
324,10,56.3276872,50.6942631785526,5.570582549881272
324,12,54.632586800000006,49.168769656637735,5.437400375255776
324,14,70.1163281,63.10395904263951,6.9403831270078875
324,17,70.3828603,63.343839777559765,6.967053733800082
324,18,64.9783898,58.479856600468686,6.430778854012192
324,21,55.5480831,49.992646872486496,5.535380634939316
324,22,50.754686400000004,45.67863724223039,5.056923621134864
324,23,67.6884898,60.918903353894144,6.753339153991805
324,24,57.543937899999996,51.788945121882804,5.733394345146636
324,27,56.2048035,50.583745580843924,5.596460358953258
324,29,51.2531246,46.127183596463055,5.105086543834902
324,2,69.98240559999999,62.98329076493815,6.94524523354621
324,6,57.719039,51.94640492754342,5.746542879125459
324,7,47.2371504,42.51285291961466,4.6699759671383845
324,8,55.18497060000001,49.66590552638961,5.462665638507428
325,10,72.12129859999999,64.90830280249938,7.131557190376006
325,12,71.1411261,64.02625585201969,7.100602091407643
325,14,54.8399893,49.35542164818279,5.428398348479927
325,17,55.000919800000005,49.50026015418429,5.444460051703124
325,18,49.8667896,44.879584156933916,4.96349472575159
325,21,70.18974650000001,63.16996188438171,6.97643889570144
325,22,59.6514758,53.68558854497168,5.937964434551939
325,23,50.7837097,45.70480362504632,5.068181121736511
325,24,49.9229413,44.93013252992037,4.967424637190429
325,27,71.2156102,64.09330945721331,7.049599035443151
325,29,69.8451348,62.85974667443625,6.956182052124024
325,2,50.368355099999995,45.33090976307996,4.995625736619358
325,6,50.7546135,45.67854119781093,5.043787198326024
325,7,56.488693700000006,50.839082082039866,5.582789943797447
325,8,69.0272696,62.123825969545194,6.832848709101738
326,10,52.9127114,47.62080612900887,5.231812683953815
326,12,57.229971,51.50638674371023,5.700446261748471
326,14,69.7864777,62.80709991133158,6.907904182039964
326,17,71.94722850000001,64.7517450323979,7.12128172001255
326,18,68.9508312,62.05503546847918,6.88506672137818
326,21,56.0829872,50.4740636132159,5.547136186372469
326,22,48.894483300000005,44.00447378588064,4.871329697297027
326,23,58.0237314,52.22072756303321,5.78834595241506
326,24,73.1378937,65.82333802778786,7.301651618639021
326,27,49.0409292,44.13632885459905,4.854149236938685
326,29,56.45290080000001,50.806950488936025,5.626161166105979
326,2,58.6380831,52.77351821360085,5.813492482953368
326,6,69.6851319,62.715791632193714,6.926520683367438
326,7,49.6029694,44.642065459598456,4.904288995687273
326,8,53.9418807,48.54713616809063,5.339483569592847
327,10,70.1516936,63.135663228480645,6.9355213753235185
327,12,71.20594270000001,64.08460396556511,7.108611077164744
327,14,53.4919826,48.14222793009334,5.294827898409041
327,17,55.2663263,49.739121869662625,5.470660804087739
327,18,53.574832900000004,48.216793254529456,5.348197654762144
327,21,71.94722850000001,64.75165069990221,7.112725180204041
327,22,57.8251202,52.04191610550528,5.7591788980244925
327,23,47.6170649,42.85485618993476,4.7515929839864315
327,24,54.089492699999994,48.67998404675953,5.385413298841085
327,27,60.212590600000006,54.19070804023326,5.960257999020729
327,29,69.8603019,62.873375407348625,6.956010355052134
327,2,47.3061597,42.57497942506985,4.692432631407897
327,6,55.6986416,50.12811449035271,5.507622938731288
327,7,69.7887161,62.80900868897182,6.901804562352747
327,8,70.8043201,63.72315298790573,7.019180174592032
328,10,52.7345846,47.46050817463505,5.21489608982638
328,12,64.3520175,57.9161201902904,6.404425433375675
328,14,70.3962254,63.355870820037715,6.968600296964227
328,17,70.116472,63.10409306978433,6.94062550547822
328,18,68.5375458,61.683079407027456,6.843981042053996
328,21,55.2663263,49.73906795258913,5.465336466971873
328,22,49.2905992,44.36097398740797,4.911115112767122
328,23,56.020899,50.418192822401615,5.587368256504359
328,24,71.4856862,64.33637358513212,7.076252917816256
328,27,46.415136600000004,41.773142796669816,4.594170110345034
328,29,65.0197937,58.51690374103146,6.46787499992854
328,2,58.339908900000005,52.505143200928444,5.782372120508857
328,6,70.4020509,63.360982381946144,6.960362446142121
328,7,53.1529539,47.83699625942794,5.281355560562503
328,8,55.7115177,50.13979244558467,5.514795923218183
329,10,61.079379700000004,54.970690665057816,6.041084223312676
329,12,52.8142613,47.53228436534029,5.228290214354285
329,14,54.062482599999996,48.65567200235362,5.3513126219353655
329,17,51.11034479999999,45.99878170041568,5.059174515288981
329,18,53.493932,48.14398679810708,5.341468586109367
329,21,70.116472,63.10402444580683,6.933827296570926
329,22,67.5484357,60.79278631795806,6.728185957882168
329,23,50.8953883,45.80531509852135,5.079352980079636
329,24,54.1190884,48.70661974761599,5.3570127720938805
329,27,58.0557996,52.24961156408769,5.746297808583912
329,29,51.038086299999996,45.933615522977824,5.0800954223701185
329,2,49.4486832,44.503214637752215,4.904450769010087
329,6,58.8801947,52.99149352817421,5.823400730831069
329,7,70.5190824,63.466331907814215,7.026183275393689
329,8,69.8010256,62.82020021138711,6.909599371000627
330,10,48.2725191,43.4446898436573,4.807947561026557
330,12,70.9707674,63.87294842681262,7.02720480744942
330,14,72.0429128,64.83786182706608,7.130918740574509
330,17,60.6700601,54.602417878616265,6.005173262251332
330,18,58.184192599999996,52.365166821057784,5.809013886423304
330,21,51.11034479999999,45.9987277812928,5.053901723774171
330,22,51.8282259,46.64479961500887,5.151339373669817
330,23,68.4908821,61.64105444133908,6.834268372085269
330,24,70.3828603,63.34384173476833,6.9670712895206846
330,27,51.880021600000006,46.69148776380605,5.135666437302985
330,29,70.0253817,63.021945352480735,6.971400140443159
330,2,68.62879600000001,61.76507307229072,6.806749837525337
330,6,71.51833979999999,64.36565900226924,7.0727310960085354
330,7,54.2361937,48.81190084329013,5.389237998636222
330,8,49.7739841,44.79607106492098,4.9553475535705065
331,10,57.5794075,51.820737847946795,5.732608548151779
331,12,55.347099,49.81181777926962,5.4795105479330095
331,14,54.5860127,49.12684365244087,5.403146374256796
331,17,47.179611300000005,42.46116387847469,4.6974190729964045
331,18,50.4086549,45.367273075926455,5.033271672205841
331,21,60.6700601,54.602342395497146,5.998081717692041
331,22,66.5984928,59.93786969618744,6.586487967495833
331,23,54.540049599999996,49.08547050740326,5.443737730562228
331,24,53.6392798,48.27479711060505,5.34055637097016
331,27,72.6786986,65.41006873892385,7.194455344072863
331,29,57.1097222,51.3980883708657,5.689399832029639
331,2,54.6051779,49.144006465129486,5.420137292696453
331,6,57.9331171,52.139133516253125,5.729533705475004
331,7,70.5014094,63.45039916906332,7.0010974621006055
331,8,59.544391399999995,53.58932930967501,5.941682803092485
332,10,51.367886799999994,46.230500732196894,5.106753478422908
332,12,69.5411521,62.586314584026795,6.885320058185779
332,14,68.288075,61.458550245119994,6.759351145772831
332,17,57.7415872,51.966815796058796,5.763578160559215
332,18,57.719039,51.94653061787567,5.761299493897772
332,21,47.2065563,42.48535869487952,4.6675143522004685
332,22,53.20346190000001,47.88250353154775,5.261552865924004
332,23,69.1340376,62.219887722145494,6.898848043227954
332,24,70.5342493,63.48009039550019,7.022971742629668
332,27,54.900258,49.40966551287963,5.434435697124454
332,29,72.4701939,65.22227241491102,7.216924990925029
332,2,69.3735464,62.435355178464754,6.902071760540928
332,6,72.67866079999999,65.40992313155934,7.186556381181669
332,7,57.1104722,51.39875432657049,5.648294026126043
332,8,49.2275869,44.30432328260109,4.872945123330967
333,10,71.7018289,64.53075053839035,7.123675048643536
333,12,56.0278454,50.42448504504445,5.547107696313394
333,14,51.580170100000004,46.42161982454857,5.13568564292991
333,17,49.110982199999995,44.19937632953157,4.90371595951708
333,18,52.307131299999995,47.075880936288165,5.178455647691101
333,21,56.8208741,51.13811498885628,5.6170715849638775
333,22,68.2966546,61.466187153752195,6.753573809528733
333,23,53.7950983,48.41501738062385,5.368605627171865
333,24,53.933293400000004,48.53940618354056,5.338663310972715
333,27,73.5887158,66.229079836498,7.284517186481079
333,29,53.9933733,48.59336903231188,5.377749198001134
333,2,53.196524000000004,47.87622449892869,5.291842382463842
333,6,56.2433961,50.618378928410024,5.560991745383356
333,7,71.0960189,63.9855239969332,7.064333115091368
333,8,58.687572499999995,52.81820609367087,5.830416071275871
334,10,56.5240474,50.870991158135574,5.590530042629508
334,12,69.8458696,62.860548601355966,6.9146804566324755
334,14,59.408894599999996,53.46738042136437,5.930405732976457
334,17,69.84831729999999,62.86275687376059,6.974876649497609
334,18,70.55757,63.50108001639224,6.985174681237505
334,21,48.3138529,43.481908388808826,4.776655031344233
334,22,53.5784363,48.219982099017464,5.29911400931977
334,23,67.93857410000001,61.14399223400173,6.779926783149964
334,24,70.116472,63.10409503087022,6.940684567798575
334,27,56.881493000000006,51.19275900645382,5.630741054648391
334,29,69.0642228,62.156986924331896,6.882942776173492
334,2,69.3670473,62.42950640319989,6.91085468948571
334,6,70.5630817,63.50593662393831,6.977985241587698
334,7,55.31893530000001,49.78638365601722,5.499082889804068
334,8,48.731776100000005,43.85809464677421,4.8411129705647165
335,10,71.8471391,64.66154656037159,7.103336173232275
335,12,53.9175775,48.52526595181589,5.368943564875984
335,14,46.7705149,42.09298018072257,4.669361695845838
335,17,64.8612404,58.37440820069656,6.471442496780252
335,18,53.608048,48.24668642014126,5.3370797789750615
335,21,69.84831729999999,62.862687997593035,6.907221905012308
335,22,68.9973977,62.096849240029165,6.853826816682347
335,23,53.9865386,48.587311643473996,5.3871194757908825
335,24,51.359845199999995,46.22333230836997,5.091537602132318
335,27,77.5906418,69.83076657584765,7.680472705552553
335,29,52.272601699999996,47.04462796695367,5.201336059176618
335,2,54.349259599999996,48.91369023420848,5.408211944821952
335,6,53.1416743,47.826885117265775,5.2725550215268875
335,7,70.9787852,63.88001537663054,7.068058419485867
335,8,68.6391513,61.77452127961134,6.794270001266892
336,10,53.9663364,48.56905766567725,5.335988906789973
336,12,60.852953600000006,54.76702412006596,6.075586902276943
336,14,59.010237700000005,53.10858985012727,5.874398171431186
336,17,46.045524199999996,41.44048060890106,4.594490713936697
336,18,69.1646333,62.24745870566663,6.887566081547146
336,21,53.282338100000004,47.95349344895943,5.268540949992905
336,22,51.1741166,46.05610802842775,5.086086087742018
336,23,68.0546729,61.24847993971675,6.791457502481067
336,24,61.313097000000006,55.181139874343565,6.068510172490968
336,27,56.5136764,50.86172530782831,5.5941612799218765
336,29,44.776749,40.29824489047226,4.443863520839202
336,2,70.42862439999999,63.38488293924829,6.984734053747481
336,6,59.8638754,53.876715574864164,5.9454462595848065
336,7,52.336693000000004,47.102388658651805,5.191623794355887
336,8,55.2808092,49.75215927360974,5.472175088923822
337,10,70.849204,63.76343086301353,7.005444551256278
337,12,50.06162079999999,45.05494498291268,4.984769849367262
337,14,50.541212599999994,45.48656875168112,5.0028607028799135
337,17,70.8702376,63.78247451546769,7.076078114390854
337,18,55.5327785,49.978923931044385,5.54366497032479
337,21,70.507317,63.455795485646526,6.973595690188518
337,22,65.4167258,58.8742922728696,6.502438066372123
337,23,53.5569951,48.20072696075082,5.344289296966044
337,24,48.1489841,43.333590655041796,4.766097547410181
337,27,72.94001829999999,65.64525882522662,7.220275008015459
337,29,59.63858869999999,53.67397814491355,5.936551766516922
337,2,54.7681929,49.29072540280119,5.433273733156409
337,6,50.1546742,45.13862176087086,4.971380610122504
337,7,60.353773200000006,54.31763205916529,5.991533298053976
337,8,69.52985980000001,62.576156835514055,6.908557905933592
338,10,56.6911701,51.02140036555743,5.636563495493429
338,12,60.6125395,54.55065092813868,6.00034237795073
338,14,69.6391426,62.674489351981826,6.892712840225233
338,17,53.4318112,48.08807595000297,5.334491309327424
338,18,72.2978194,65.06728408126415,7.157135121988197
338,21,52.733174000000005,47.45925146675014,5.214206432851448
338,22,49.533043,44.57915883488183,4.92266096637906
338,23,66.4071454,59.76572578140336,6.6274330215366115
338,24,56.8208741,51.13819272132748,5.64448364312447
338,27,55.7833241,50.20441840643929,5.522013660781835
338,29,48.3699048,43.53233134995964,4.816307027046774
338,2,70.04893129999999,63.04316368590231,6.966768672445173
338,6,57.4483168,51.70273732562586,5.689572245907866
338,7,48.453375199999996,43.60745064838345,4.8069912671528305
338,8,51.157488900000004,46.0412069129497,5.095266876783094
339,10,72.92114819999999,65.62814507760437,7.263404961176232
339,12,53.088383900000004,47.77900023180844,5.255728869244916
339,14,54.2582699,48.83188024282108,5.370935783954757
339,17,70.3897496,63.350040276959646,7.019951279324985
339,18,56.31130640000001,50.67959430073704,5.574116228134788
339,21,71.81633579999999,64.63386310617196,7.100500799086147
339,22,59.0235662,53.12049172686061,5.859238325646632
339,23,50.0892554,45.07979978458646,4.998336966044807
339,24,48.3138529,43.481968295277596,4.8231623048244785
339,27,71.6538813,64.48774660202987,7.0927902026228615
339,29,59.721574200000006,53.74867831241394,5.9458158086966115
339,2,50.7747435,45.69666288345644,5.051989467107567
339,6,51.7355235,46.56136405906775,5.133674656913799
339,7,59.310705399999996,53.37886419629886,5.890685322310751
339,8,70.68506140000001,63.615821511781675,7.0417316214240815
340,10,55.3354578,49.80126132466333,5.512963138439771
340,12,71.561717,64.40479341392485,7.084045426252796
340,14,70.5892514,63.529590240682985,6.987557706062403
340,17,53.6901007,48.32053375447027,5.345687586612291
340,18,72.9506105,65.65478294220063,7.220795463946873
340,21,53.6901007,48.320475550950036,5.308882161715463
340,22,51.4755536,46.327414324957424,5.091198198463017
340,23,57.8377555,52.05335629092849,5.771148354500084
340,24,69.5630806,62.60604631882865,6.944977548149831
340,27,50.7597235,45.68322888914963,5.031986941800476
340,29,47.798742,43.01825337349455,4.757940271808118
340,2,59.3917103,53.45175470933499,5.910573602773992
340,6,69.9275725,62.933973364870546,6.962825805044206
340,7,50.654681700000005,45.58859621491782,5.033843570337537
340,8,56.4076852,50.76633724179884,5.616622335784347
341,10,72.0493931,64.84357399973341,7.159785973713886
341,12,55.8447774,50.25972455180481,5.528936506903287
341,14,54.2026185,48.78179455533737,5.365313106719689
341,17,71.09739189999999,63.98690832887576,7.078803988398776
341,18,58.4358912,52.59169993698397,5.784572850202294
341,21,71.09739189999999,63.98683266744912,7.030171414935365
341,22,64.1987655,57.77810066661311,6.345999561697974
341,23,47.0664349,42.35929275410494,4.697007997548512
341,24,54.669362899999996,49.20186265594916,5.440047499360934
341,27,62.89819800000001,56.60771980924221,6.2257107601227535
341,29,68.7141448,61.8419203593318,6.847982994694211
341,2,55.40701850000001,49.86550956452093,5.50305086994786
341,6,54.6974158,49.227021687932904,5.408611586159474
341,7,70.3878099,63.348160161350556,6.9601696696512265
341,8,73.482605,66.1335732607084,7.315544069991405
342,10,53.07288380000001,47.76496789479312,5.27522336629556
342,12,69.552259,62.5963106704911,6.885963321430036
342,14,70.24429789999999,63.21912284175613,6.952686118802222
342,17,55.7597477,50.18319612953461,5.551982304559722
342,18,70.5630817,63.50604048655179,6.9953402568147185
342,21,56.0520344,50.446202051616865,5.5435369349283565
342,22,52.639521,47.37497288886999,5.206403825414375
342,23,56.78371490000001,51.104725614007386,5.665205097304932
342,24,70.8702376,63.78247637900568,7.056462208936833
342,27,47.811637000000005,43.02998164472139,4.732646584513637
342,29,51.548996300000006,46.39344338599042,5.132676150429561
342,2,42.595774199999994,38.33562494090266,4.238670660101394
342,6,68.8877974,61.99818548812223,6.811480372517848
342,7,54.63581429999999,49.17156471173049,5.401833824590257
342,8,57.3203939,51.587766616649304,5.707674035068199
343,10,59.50111999999999,53.55028709382992,5.926833795676342
343,12,56.4934709,50.843544227954794,5.5978751140203835
343,14,54.8749661,49.38690041712646,5.4319890411849485
343,17,70.5439503,63.48882151747915,7.044805118252395
343,18,53.3921894,48.05241933066451,5.285098489896152
343,21,71.813529,64.63133701355233,7.100181490713149
343,22,68.6916215,61.821603771007055,6.789519678971221
343,23,49.314608799999995,44.38262338534984,4.921059634354502
343,24,53.4318112,48.08807753035681,5.319910923513152
343,27,58.7026721,52.831792887144786,5.810493523495918
343,29,69.8986227,62.90792823549421,6.965251577289729
343,2,57.125142100000005,51.41191893970414,5.689379162672638
343,6,57.014864499999995,51.312715743747304,5.638861498704226
343,7,69.3365357,62.402006306040626,6.854185489951717
343,8,69.4677154,62.52021444120371,6.93432526478142
344,10,50.3847446,45.34569691283855,5.022149118422017
344,12,70.3541493,63.31799530271585,7.0237708739003475
344,14,69.3124821,62.38050880487623,6.861016789199695
344,17,51.0287325,45.92533009853505,5.095064086699777
344,18,58.321389499999995,52.48864466666203,5.772904808286586
344,21,53.64737,48.28203342807831,5.305831005905279
344,22,55.305969899999994,49.77475344438626,5.470754616016966
344,23,67.7367072,60.96231412718264,6.760338984185567
344,24,70.21325859999999,63.19119968436878,6.990744425607555
344,27,48.273728500000004,43.44585781414256,4.778333850762693
344,29,54.4172184,48.974835146246555,5.420900460041904
344,2,47.0054163,42.30428234631518,4.679826259295843
344,6,69.8899192,62.900084777444704,6.911764282752539
344,7,57.0328928,51.32892692771039,5.639990368359569
344,8,52.186449499999995,46.967269025487816,5.2106148372085945
345,10,59.3938448,53.453693368043446,5.912170060733678
345,12,55.33757729999999,49.80325107003275,5.526183776466339
345,14,52.992852400000004,47.69301594433086,5.245448318439104
345,17,60.4945936,54.44450012417728,6.039775044426662
345,18,49.6170968,44.654876603261314,4.911405629429696
345,21,61.5889202,55.42926220068375,6.0860805231296
345,22,69.1654956,62.24813566450805,6.874196924979478
345,23,54.3898035,48.95024586946856,5.427480592953805
345,24,55.0089978,49.507530541460106,5.477145981025537
345,27,69.6839148,62.71479722848469,6.897830874316364
345,29,71.5299437,64.37608840502523,7.1261335983610765
345,2,68.54084660000001,61.68593435889463,6.8282455154718456
345,6,55.025839399999995,49.52259969724733,5.44879196013537
345,7,69.4262906,62.48281722740173,6.864706721736064
345,8,59.251717299999996,53.32592844239738,5.914861388946457
346,10,46.6581604,41.991744313970706,4.644228414883975
346,12,71.5326786,64.37865942866927,7.141525747666838
346,14,66.5591627,59.902550176364905,6.645025947776441
346,17,47.460415,42.713882997423426,4.738782511254952
346,18,56.4249264,50.78184247563238,5.5849902590358145
346,21,49.0946505,44.184640432889495,4.855697612986383
346,22,52.583027,47.32411267921656,5.224611762037504
346,23,68.66174720000001,61.79484691791817,6.853180566145695
346,24,71.3199885,64.18724738673247,7.059960806607857
346,27,54.6515859,49.18586469223634,5.4416130563685705
346,29,55.4005133,49.85979884582996,5.519785815875357
346,2,51.20889830000001,46.087372202387044,5.092864711321783
346,6,68.1000817,61.28927344359359,6.769816925833453
346,7,53.588961999999995,48.22940851534169,5.298209071688255
346,8,47.2371504,42.51294992769695,4.675764796386833
347,10,71.0402113,63.93534890532404,7.0616266782994055
347,12,57.0347397,51.330679596080046,5.695780944393323
347,14,48.324108100000004,43.49119646395997,4.824324510212416
347,17,57.685187299999996,51.916063540168814,5.742855047048463
347,18,51.293491700000004,46.16361459638095,5.07739645676384
347,21,59.3360876,53.40178100382903,5.866009102336785
347,22,67.8312352,61.04735302178054,6.7101438710618995
347,23,57.3729802,51.635082203280135,5.726882411402858
347,24,55.68244730000001,50.11362926596681,5.512025019827279
347,27,69.5900381,62.630311573959574,6.924641195361835
347,29,73.5800067,66.22109256020003,7.328641178146582
347,2,68.54574799999999,61.69035623937596,6.79987622394469
347,6,54.71750829999999,49.24511240232015,5.4111208328017275
347,7,68.6421407,61.77707588172595,6.786399925983502
347,8,56.488693700000006,50.83923292834648,5.591097849376863
348,10,54.900258,49.40957741210936,5.4284804174948125
348,12,69.39256929999999,62.452589446796914,6.909373610238471
348,14,56.450423400000005,50.8047870866279,5.635348195955212
348,17,50.65966349999999,45.59317470142768,5.044068972331148
348,18,68.8367952,61.952402485032906,6.824229957971093
348,21,47.077601800000004,42.36928064169276,4.653263083536936
348,22,49.5066868,44.55541207298723,4.917989801883075
348,23,58.3010778,52.47036324696305,5.8208657602608005
348,24,72.2899516,65.06019497195445,7.155458180498499
348,27,52.216429600000005,46.99424794824966,5.1988353295825345
348,29,56.18447210000001,50.56536094733086,5.597982477366287
348,2,53.53397210000001,48.17993215694335,5.309962464733703
348,6,67.8842043,61.09494668459887,6.711676754885775
348,7,55.552247200000004,49.996353665292204,5.493221861257744
348,8,49.6029694,44.64216244413229,4.909988570345539
349,10,73.5887158,66.22897631516821,7.310693382518099
349,12,54.0600593,48.65349800113247,5.352247785533747
349,14,45.8962364,41.306138620868914,4.582040090648362
349,17,72.01950289999999,64.81679530396384,7.129622760433502
349,18,53.9577261,48.56139648333216,5.341091131175671
349,21,70.0628588,63.05576362909149,6.9277580798557405
349,22,70.5998664,63.53906535022789,7.035357477670741
349,23,69.5466078,62.59119661621629,6.9400625976377235
349,24,53.64737,48.28208195467087,5.310604535169161
349,27,69.64443700000001,62.679261505520365,6.933411908053815
349,29,69.3707289,62.43278626673784,6.908283618040477
349,2,70.2480517,63.22238694800243,6.9879964221489015
349,6,52.3235315,47.0905712102146,5.207026312320792
349,7,67.6955368,60.925142247646164,6.692872878906707
349,8,69.2157654,62.293467977305056,6.851376589081473
350,10,55.406751799999995,49.865417200998834,5.506870812088301
350,12,62.7411386,56.46636451895422,6.211107728986818
350,14,57.9434373,52.148480687444575,5.783489960691167
350,17,54.4485271,49.00310950265025,5.389617216875337
350,18,70.1437602,63.12865315683152,6.943266865480116
350,21,55.753779400000006,50.17777096837198,5.532313279068488
350,22,50.9792435,45.880708601467255,5.077046520890154
350,23,56.734172400000006,51.06016014603039,5.663494069614422
350,24,61.1136812,55.001671439844024,6.048966534655852
350,27,68.4314258,61.58755956804687,6.812120206182768
350,29,61.634669200000005,55.47027521027418,6.127152079389577
350,2,51.62801030000001,46.46456860510459,5.134475669230179
350,6,59.282863799999994,53.35378713937462,5.8992396321042815
350,7,52.9251394,47.63199158419739,5.233526291851303
350,8,56.897033500000006,51.20674656456308,5.6323480337137495
351,10,75.568218,68.01050777983761,7.508299655510161
351,12,51.3399418,46.205420558546386,5.100565825338255
351,14,49.1340101,44.22009817522761,4.904961541182219
351,17,70.9456672,63.850360141573304,7.02276500218596
351,18,55.959818299999995,50.36326004905777,5.539388390661084
351,21,70.9456672,63.85029208407339,7.052590481969592
351,22,66.3462363,59.71084245750585,6.610767371500961
351,23,69.8559467,62.869583871562526,6.9690499598735975
351,24,47.4411593,42.6965556883467,4.696015781880736
351,27,47.3069895,42.57579441899493,4.721778034518877
351,29,46.0340809,41.430062651480725,4.580934114606029
351,2,68.3343551,61.50006290929334,6.795854421610987
351,6,50.1511841,45.13548133442219,4.997389162220691
351,7,59.757815400000005,53.78127547570428,5.907173701425014
351,8,71.9305279,64.73672326644076,7.1200203322909426
352,10,56.5136764,50.861637821869806,5.616936400007221
352,12,59.726865600000004,53.75355662382955,5.963084939214769
352,14,69.150819,62.23501394193359,6.904267994442892
352,17,55.964851800000005,50.36778894622516,5.539958056398886
352,18,69.7821178,62.803175941313484,6.907271359938742
352,21,54.830879200000005,49.347164824608654,5.44961643059978
352,22,51.262666499999995,46.135808633678124,5.107685759069697
352,23,63.1236433,56.81058075541323,6.296595081190837
352,24,58.776955,52.898647550978296,5.817978614827281
352,27,69.6435597,62.67848244409001,6.954906207571286
352,29,59.738296000000005,53.76371384336715,5.948047899419392
352,2,56.3634644,50.72646556105521,5.609690666681248
352,6,57.6449377,51.87971454128594,5.73922183705859
352,7,48.368263500000005,43.53085066559004,4.7826650244368345
352,8,56.7153065,51.043193118533914,5.6142757687809715
353,10,72.94001829999999,65.64515473083684,7.213318366781889
353,12,52.1196824,46.907176537486556,5.204095317841812
353,14,53.717031000000006,48.34477250013941,5.363416238936867
353,17,71.0021289,63.90116522043006,7.027730523909688
353,18,56.1568603,50.54059580250561,5.558902442366949
353,21,69.541123,62.58622470289157,6.90985807225528
353,22,59.440750200000004,53.495966319392174,5.920418502115738
353,23,47.1621025,42.445374408140495,4.704018422521059
353,24,47.077601800000004,42.36935123086711,4.659655211151249
353,27,61.0068362,54.905491937304774,6.086364528432942
353,29,46.3186208,41.68618136963099,4.611993374805051
353,2,69.0393291,62.13454959721683,6.877229739975103
353,6,55.705984900000004,50.13460032152222,5.539562599247779
353,7,58.060212099999994,52.253433948738625,5.779601217154468
353,8,72.2380711,65.01350894995107,7.150445728371775
354,10,55.7833241,50.20434206235631,5.516804281871018
354,12,69.7855701,62.80629031843468,6.969042251194424
354,14,70.0357309,63.03142545743132,6.99264288275376
354,17,54.9376564,49.44332238074398,5.4381472870196115
354,18,67.9847551,61.18557100058851,6.729512334587029
354,21,53.9732988,48.575357146147994,5.368180457914024
354,22,48.251180399999996,43.4255078521134,4.807071302320389
354,23,57.5144927,51.76243075734559,5.739728232317054
354,24,70.3046043,63.273412222932855,6.9848291676999805
354,27,45.883616100000005,41.294765107955165,4.56628193406712
354,29,56.488693700000006,50.83908844042012,5.623205508664927
354,2,49.7005098,44.729848316913866,4.950161609609993
354,6,47.328977300000005,42.595437143595184,4.690106533335835
354,7,50.4268882,45.38359246142898,5.023404725658852
354,8,54.904324599999995,49.41332567981854,5.434790729873031
355,10,72.1402054,64.925303227345,7.1326327736829604
355,12,54.4200209,48.97745558095691,5.406452141396023
355,14,49.744035,44.76910997719477,4.965281758185137
355,17,70.54113869999999,63.48628883971992,7.023697717218448
355,18,56.462409199999996,50.815588899970834,5.589321107037576
355,21,72.1831593,64.96400116083834,7.173646490935508
355,22,59.4192353,53.47658995962086,5.9033366495832995
355,23,46.4844479,41.8355050356634,4.637915779422643
355,24,55.74229630000001,50.1674927673466,5.526180610597248
355,27,69.803704,62.82261057454537,6.95055290361952
355,29,49.6029694,44.64206950485955,4.940447448701328
355,2,59.4024338,53.461443962727024,5.91552448940477
355,6,68.99062620000001,62.0906960408264,6.841343237260675
355,7,71.1650696,64.04768720419926,7.088425833436959
355,8,69.4267862,62.483384504584976,6.8722601723050065
356,10,51.5609008,46.40419834089435,5.098673707608223
356,12,69.0862105,62.17687387725354,6.8793817443205345
356,14,68.80788410000001,61.92637330727373,6.869292260062788
356,17,55.352759500000005,49.81691234093487,5.511548402454198
356,18,68.0151889,61.21295482724022,6.744907225797685
356,21,63.2786742,56.94999942288537,6.281851617473878
356,22,49.7084414,44.73701505289021,4.915163619502315
356,23,55.0938134,49.58382537929783,5.492712825507802
356,24,72.300639,65.06981351221556,7.156384116712864
356,27,50.2490545,45.22363081348432,5.005552002990185
356,29,69.7887161,62.80901314720093,6.951036178787211
356,2,47.2689944,42.54151807494254,4.707773103539514
356,6,57.123889000000005,51.41083699066367,5.668529198267045
356,7,53.2042549,47.8831768978387,5.28732772205867
356,8,56.375746299999996,50.737593501479765,5.580737183365121
357,10,62.3703385,56.13252540169391,6.196246191956348
357,12,53.7248198,48.35178191572671,5.36347967263067
357,14,53.431996000000005,48.088242501960856,5.334599130011011
357,17,70.4328345,63.38881356826441,7.012595767510746
357,18,52.8298109,47.54628714400931,5.237408430911948
357,21,46.192787200000005,41.57290391205374,4.594394703929495
357,22,67.4872542,60.73776184336217,6.675163778112906
357,23,51.475277600000005,46.32721110669635,5.13538680893494
357,24,56.1782189,50.55981727390709,5.560987020847182
357,27,59.9337204,53.939720950070885,5.969613531853162
357,29,54.6461141,49.180846985238816,5.438597060244561
357,2,57.2575752,51.53111884981717,5.702846427036577
357,6,68.72157279999999,61.84861820738969,6.848200753795061
357,7,70.3563326,63.31983089154954,6.956652212383367
357,8,70.9514551,63.85556452146416,7.033268508611723
358,10,48.6262129,43.76302267990934,4.833583437240021
358,12,68.41481379999999,61.572623887985536,6.831658999562238
358,14,66.0096422,59.40799825610637,6.592565682449025
358,17,50.469852599999996,45.42234391403633,5.0248532265513965
358,18,58.50507940000001,52.65395856437964,5.790965759643348
358,21,68.9507043,62.05486102064048,6.872649844953085
358,22,52.1002946,46.889658082331415,5.151985394215002
358,23,68.2656181,61.43831914507249,6.8107178816685625
358,24,69.6245018,62.6613269620153,6.8919794130011764
358,27,47.6588391,42.892466418566876,4.745021678300147
358,29,71.6506412,64.48471456661964,7.13526685962526
358,2,48.402903200000004,43.56200536150149,4.8002953810849425
358,6,53.7411498,48.3663842565157,5.351880779387397
358,7,55.1273754,49.61398109147373,5.451471414274718
358,8,53.5940752,48.234117384149464,5.305316977683206
359,10,59.794125799999996,53.81394199981588,5.951323670113723
359,12,53.457004600000005,48.1107526216639,5.337710500365865
359,14,43.932182600000004,39.5384800760145,4.38193873558576
359,17,60.7759618,54.69772847424221,6.05072156875417
359,18,50.1511841,45.13555188337305,4.964435186119352
359,21,49.709782000000004,44.73823086575784,4.951990414603694
359,22,69.3331913,62.39903054422426,6.854322297721781
359,23,53.2771411,47.94886106155156,5.2906291577691755
359,24,53.6881575,48.31878649482747,5.333903961748212
359,27,58.499588700000004,52.64902008641947,5.824085950454918
359,29,54.6113304,49.1495336278394,5.437586207706183
359,2,71.0185387,63.91581639707449,7.025898726578451
359,6,70.3870711,63.34748277322506,7.006847228851048
359,7,69.959118,62.962356440716015,6.917888546324568
359,8,60.353773200000006,54.31776711898406,5.983010000053356
360,10,49.8318253,44.84805555522652,4.9534599000486885
360,12,69.0515078,62.14563772058366,6.894809708837512
360,14,66.5710727,59.91327138426801,6.646769759349244
360,17,48.0138704,43.211988303412355,4.752771132269599
360,18,57.6449377,51.87983996105186,5.705595687358777
360,21,61.4310624,55.28722609072315,6.1177474036528094
360,22,54.3353652,48.90120473150421,5.373498454020006
360,23,67.0084771,60.30691434244346,6.654401317901725
360,24,70.265619,63.238329700592665,7.014688267698923
360,27,51.4755057,46.32742669558762,5.1222311826797995
360,29,72.2380711,65.01336371301944,7.1791984587759865
360,2,53.5013202,48.1505370806984,5.290035234254184
360,6,58.323371800000004,52.490374904350375,5.81346223153554
360,7,51.217118299999996,46.09475226943236,5.087957781400203
360,8,48.536937800000004,43.682745111871306,4.811649242756309
361,10,70.8609649,63.774000945249874,7.04130223175705
361,12,54.8668649,49.37961224245812,5.478568488741489
361,14,48.9014377,44.010787111012796,4.882035177906339
361,17,59.0720782,53.16424757100477,5.846807793090153
361,18,51.835826100000006,46.651711126095904,5.131172861026532
361,21,48.0762548,43.26807875712861,4.7780352946144165
361,22,67.79055120000001,61.01069933957684,6.703339617820383
361,23,53.9456473,48.55050971080007,5.3578809729987915
361,24,51.411003099999995,46.269367576514696,5.1303206604315985
361,27,71.9936723,64.79355233817299,7.167768003033888
361,29,67.8767801,61.08790199233245,6.734931245770032
361,2,69.8933135,62.903139167717136,6.911054557987876
361,6,70.3807778,63.34183827610301,7.009610341871153
361,7,68.340381,61.50549619217448,6.7909637692991955
361,8,57.60373319999999,51.842753495853195,5.709570478494274
362,10,54.6515859,49.185783378775454,5.432392175172375
362,12,66.1542273,59.538124719387646,6.606507428042096
362,14,59.0114052,53.109644100214304,5.891422297272514
362,17,48.3682611,43.53093334806792,4.804973575159887
362,18,69.964889,62.96766813001217,6.925464399301883
362,21,57.6490447,51.883448757442096,5.715495141064844
362,22,65.5808144,59.0218821991298,6.4798949815316655
362,23,68.4872282,61.63777078512845,6.801066928483978
362,24,69.29984850000001,62.36914459460535,6.919604211973767
362,27,55.6865995,50.11736737067153,5.544859476197202
362,29,53.063123499999996,47.75615385923846,5.28449341621571
362,2,53.966007299999994,48.568750638587616,5.336017564459193
362,6,55.012093699999994,49.51022948458875,5.4799023543526
362,7,56.08009739999999,50.471427714634856,5.5463505976476934
362,8,53.5907731,48.231148285443744,5.305170302202782
363,10,69.5900381,62.6302080925696,6.9172661706656635
363,12,49.1169619,44.204753523902745,4.902363206910327
363,14,45.093540999999995,40.583717963771086,4.501305913544912
363,17,69.9631398,62.96609591811318,6.985452574266809
363,18,55.23866079999999,49.714225795827716,5.468013571315045
363,21,51.8840614,46.695078102615796,5.149609678225771
363,22,46.4670504,41.8197423542711,4.616604144455066
363,23,64.9915738,58.49168745366691,6.452148415710205
363,24,50.7848671,45.70585672528829,5.028672634806334
363,27,72.6663635,65.39896743146116,7.2348360120718995
363,29,71.0960189,63.98552933711153,7.080332604265803
363,2,69.267562,62.339955347230934,6.8484521662385704
363,6,69.50687309999999,62.55536106814863,6.925503544955931
363,7,68.583895,61.724637830441736,6.7880856988329645
363,8,71.0824638,63.97347122440087,7.095673578864984
364,10,52.216429600000005,46.99415999404399,5.174113755124964
364,12,62.837503100000006,56.55309172802392,6.2556670660801466
364,14,56.3205702,50.68792053975658,5.621765573563016
364,17,53.9229797,48.53012242804783,5.368819386046788
364,18,69.8126253,62.83063749045041,6.910638362273055
364,21,71.8754014,64.68698980459578,7.155515508909885
364,22,67.7962036,61.015774857885,6.752973202716847
364,23,50.908119299999996,45.81675570949204,5.078987939223233
364,24,61.495996,55.345747085622506,6.086680429895541
364,27,54.5021303,49.0513548310375,5.426551791496632
364,29,54.1749504,48.75679643912627,5.396131816381666
364,2,54.643348700000004,49.17835932487975,5.403597159437533
364,6,51.8975917,46.707210095120644,5.169712085344721
364,7,51.0178133,45.915410367503185,5.045096578481685
364,8,55.7814225,50.202707374091105,5.569816492110028
365,10,70.3791592,63.3404081240464,6.9596425469832095
365,12,51.4735902,46.325703818919386,5.125607504655826
365,14,48.2737717,43.44589567810271,4.819488555317874
365,17,70.5791184,63.52047004064314,6.986601904763639
365,18,54.724907099999996,49.25185141472685,5.417063388594067
365,21,55.596689600000005,50.03639714293067,5.540915003375405
365,22,56.70923020000001,51.037673787812274,5.653154094907138
365,23,69.4889615,62.539315543889856,6.934304541825869
365,24,48.8199781,43.93747940522862,4.8326529953180515
365,27,70.6513205,63.58545657286377,7.019491659193166
365,29,69.483522,62.5343301605093,6.922020947876038
365,2,68.7761148,61.897672558074554,6.826031431365203
365,6,59.0667693,53.1593761163648,5.883404974659179
365,7,58.0445809,52.239365365950285,5.765213037335662
365,8,71.3147185,64.18250418695636,7.120045623494193
366,10,54.247980299999995,48.82254858165132,5.364738376180053
366,12,60.890467,54.80078579392216,6.079351747932176
366,14,69.05232529999999,62.1463602039013,6.892498360244388
366,17,55.401208700000005,49.860516013700035,5.484144106038055
366,18,70.3870711,63.347624282480176,7.006292641728661
366,21,71.6591565,64.49241599536789,7.1398435725518095
366,22,69.6914382,62.7214662995704,6.9419825686270045
366,23,63.8641716,57.47702212936591,6.358391397119357
366,24,58.962614099999996,53.06572987671312,5.869386651180069
366,27,52.294219600000005,47.06425650929882,5.199729509961416
366,29,52.336693000000004,47.10239237151511,5.213332493861094
366,2,53.229794500000004,47.90616716996255,5.280229517618904
366,6,48.889899199999995,44.00032564619453,4.86970728706853
366,7,47.835318900000004,43.051206659487704,4.7540954033288365
366,8,53.798359500000004,48.41796869373516,5.356410141490861
367,10,71.159986,64.04311590433112,7.0352928060587345
367,12,53.0826561,47.773844224863765,5.299866525652011
367,14,55.331009900000005,49.79733798006375,5.522912817580267
367,17,73.3689343,66.03127272712744,7.262543339163481
367,18,57.190746299999994,51.47108481602986,5.694854617819467
367,21,54.010571,48.608896021012114,5.368854678907425
367,22,51.8133221,46.631392940234335,5.162368806024614
367,23,52.310521,47.07890240208183,5.194017615590916
367,24,50.781345200000004,45.70268951019853,5.056372261754824
367,27,70.35184009999999,63.31592534202763,6.964062823006174
367,29,60.353773200000006,54.31763701598198,6.009795585753902
367,2,68.0191027,61.21638063655203,6.7267274228313125
367,6,58.27162500000001,52.44374192867186,5.802657076721754
367,7,55.456333300000004,49.909987582457376,5.51938339968433
367,8,70.42298,63.37994857861847,6.970933583558101
368,10,53.503866300000006,48.152839383286675,5.290228700295048
368,12,70.86885819999999,63.78123141796693,7.074920337716557
368,14,69.9760244,62.97767428984747,6.981847278251849
368,17,55.029956,49.52639109127092,5.45564717155397
368,18,69.707662,62.73616666155938,6.940129782089284
368,21,71.6770335,64.50850507009905,7.140627958824884
368,22,60.5816109,54.522748150520535,6.036274212010371
368,23,69.7495228,62.77381773543198,6.9275228061586835
368,24,71.636033,64.47168186862339,7.132527851865031
368,27,55.2605263,49.733905819378094,5.470252904355946
368,29,48.453375199999996,43.607454078971124,4.82648926528207
368,2,50.0026939,45.001809760911684,4.943671432976269
368,6,50.4804362,45.43178482469632,5.0277491099996885
368,7,48.2659636,43.438766079842516,4.795957848540107
368,8,53.588961999999995,48.229513007476456,5.3045578184510225
369,10,70.0593346,63.05256933075546,6.928223428658815
369,12,55.6081681,50.046778696103644,5.525487564148115
369,14,55.9805069,50.381877260649695,5.587707043417878
369,17,74.25758,66.83104141835899,7.350608885726242
369,18,57.065600800000006,51.35845402570837,5.649009338799361
369,21,57.2636937,51.53668758258876,5.693918127082064
369,22,47.1177077,42.40536649383915,4.691622407935216
369,23,53.0962262,47.786042099939465,5.274039156007491
369,24,52.5388839,47.28445053665355,5.2309908101352995
369,27,70.1859343,63.166606758817366,6.947262599837144
369,29,59.310705399999996,53.37886966345384,5.9049811917300605
369,2,60.0863037,54.07693235176991,5.941032905416784
369,6,68.5999726,61.739147466282674,6.833498424734066
369,7,67.0071763,60.30566275882187,6.661539110711452
369,8,68.4301235,61.586395675132195,6.773403745791945
370,10,51.7636771,46.58668719810735,5.118048402590398
370,12,68.8706679,61.982885776792834,6.818628100705929
370,14,68.1915277,61.37165890970047,6.805574663287511
370,17,54.9344641,49.44044934170387,5.437829074726177
370,18,69.6927709,62.72276469278798,6.899057694563169
370,21,74.25758,66.8309579681181,7.366453301697715
370,22,58.1920134,52.37213466701863,5.7728998306767245
370,23,60.0769687,54.068624773789075,5.985358017136881
370,24,70.5791184,63.52047212643735,7.027460537041484
370,27,50.02540210000001,45.02234723506749,4.951840671907257
370,29,50.0685677,45.06109460007387,4.986112926907781
370,2,47.625365800000004,42.86223986271332,4.732126434020152
370,6,54.514198400000005,49.06213652105042,5.431345080429704
370,7,50.9419254,45.84709406110356,5.072596716237194
370,8,57.819882899999996,52.0373031627818,5.723898194064198
371,10,58.670515599999995,52.802738378097196,5.819183783848737
371,12,55.868040900000004,50.28066271441463,5.552004233705231
371,14,54.897587800000004,49.407262593805484,5.479637072204877
371,17,72.7366332,65.46220829478116,7.1998752237727635
371,18,54.5665074,49.109294879757385,5.448146077545678
371,21,55.8160065,50.23377939568953,5.520156725888769
371,22,49.2547985,44.328748077341494,4.899441414133653
371,23,50.040566399999996,45.03598010703189,4.986094338149318
371,24,55.401208700000005,49.86051755056533,5.516421705564284
371,27,59.1340622,53.220036798698345,5.874148207220938
371,29,68.573515,61.715280233175584,6.824733450522159
371,2,57.08078559999999,51.37198415997752,5.67078748551085
371,6,70.7037741,63.63253157303485,7.041802327751082
371,7,69.2779189,62.34925341387003,6.898300727727524
371,8,69.211319,62.2894559321854,6.907782858139214
372,10,47.6539821,42.88802507405762,4.7369287905864415
372,12,69.8270945,62.84364700103993,6.9702799801047215
372,14,69.51647600000001,62.56409101021959,6.938868670647526
372,17,52.49275719999999,47.242938493155975,5.196029762399638
372,18,57.9546384,52.15856763412108,5.7855625468332725
372,21,73.39924740000001,66.05845260568617,7.256226092012287
372,22,67.8792249,61.09050556008355,6.751657003180133
372,23,56.2067842,50.58550311509467,5.599972652721006
372,24,73.48620340000001,66.13680935047697,7.316043448375402
372,27,47.3807877,42.64222304931551,4.717526831972336
372,29,67.4278482,60.684192225134765,6.712332663773074
372,2,49.2814665,44.352712622421244,4.872409058881344
372,6,66.8647804,60.17740019930758,6.651707069807798
372,7,55.98239040000001,50.38349299692564,5.565630638398076
372,8,52.9933694,47.69348952718763,5.276723632792612
373,10,59.712751,53.740724292074376,5.931835652443788
373,12,55.8544876,50.26846377527189,5.576844412971205
373,14,55.4049816,49.86391176712494,5.532207906038227
373,17,62.32145690000001,56.08865462214701,6.168487586410183
373,18,50.779006,45.700585164142844,5.056157233875607
373,21,53.9212328,48.52850709985732,5.33287021563474
373,22,51.2590317,46.132530768537364,5.095421452776553
373,23,49.0172051,44.11495984744941,4.850647624421717
373,24,56.18390960000001,50.56493895963784,5.594215019554234
373,27,56.6255599,50.96241092348829,5.65186356880543
373,29,49.368306499999996,44.430813963244574,4.913064426089243
373,2,69.47157059999999,62.52359651327164,6.871065071477152
373,6,53.214689299999996,47.892564914697594,5.299287675695347
373,7,70.4645687,63.41720387563742,7.015346692500325
373,8,60.3957038,54.355501655922474,6.0284903180916745
374,10,51.4755057,46.32735082406246,5.116879159569216
374,12,69.0342998,62.1301528891398,6.873926145393283
374,14,69.0562903,62.149928672485316,6.892959814829646
374,17,50.216860100000005,45.19465733498907,4.970862282724036
374,18,57.0055043,51.3043567077383,5.674902073749911
374,21,63.18162470000001,56.862712843594366,6.245926886115263
374,22,66.8520493,60.16604531620674,6.643096736074805
374,23,67.5442733,60.78912521791097,6.684653398193894
374,24,72.3662688,65.12888650516318,7.205289693362832
374,27,49.6737226,44.705840629690925,4.945751208320005
374,29,70.6903902,63.62046773372009,7.040316994644732
374,2,54.631476199999994,49.16767426111262,5.402959937396165
374,6,70.0728499,63.06470639312348,6.979382952710616
374,7,55.6502526,50.084572747673235,5.54520732270634
374,8,53.0755796,47.76746244925481,5.28554005061474
375,10,71.9936723,64.79342589903885,7.154661507924734
375,12,55.057268,49.550974259583796,5.450073705723318
375,14,51.2340271,46.11009478589791,5.115300994180611
375,17,60.0583078,54.0518399283738,5.944192546334587
375,18,52.3840601,47.14511708509935,5.18552244993593
375,21,49.3267921,44.393553857778755,4.877748957024378
375,22,53.950882899999996,48.55517465884223,5.335463718901014
375,23,54.1298689,48.71630964283791,5.357105724201407
375,24,56.9712497,51.27353930182295,5.6896134992926966
375,27,70.759051,63.68240863375145,7.004220812264559
375,29,55.9572061,50.36081651425823,5.574557319170071
375,2,72.0796536,64.87079307286861,7.178345182709262
375,6,61.3217064,55.18864532758669,6.097220615420927
375,7,69.8576642,62.87099619431677,6.955618803488264
375,8,42.9884737,38.68916732883468,4.254018277706671
376,10,54.370795199999996,48.93306679789015,5.393850809259538
376,12,67.84471450000001,61.05953605582981,6.7156536197599
376,14,59.7719548,53.79412743419981,5.966146250864567
376,17,52.32845699999999,47.09507260523554,5.179931199177876
376,18,69.1091793,62.197538287325855,6.840660961481196
376,21,60.1306632,54.116879219549176,5.9445207168744645
376,22,67.1876398,60.468095843355265,6.644369062863596
376,23,68.9072304,62.015768247965894,6.819392355117368
376,24,73.2454147,65.92010580951309,7.3123774654838725
376,27,52.63796790000001,47.37362792923991,5.210447008394062
376,29,69.2196342,62.296819758359035,6.894265826911141
376,2,55.108929399999994,49.5973780990994,5.490040775083365
376,6,47.7621219,42.985239015393674,4.74950855988122
376,7,54.7095459,49.23793229685868,5.450078887135514
376,8,57.9763167,52.17807472660306,5.7381616120372945
377,10,70.8337,63.74947789210115,7.02618264946212
377,12,52.0238757,46.820952703495294,5.149696854202993
377,14,47.5823201,42.82359768091644,4.74915976750961
377,17,73.31787800000001,65.98531533812164,7.256984910751307
377,18,55.261111500000005,49.73443239668628,5.470306377247269
377,21,50.13936759999999,45.12485265729212,4.957420405686135
377,22,53.52226960000001,48.169432655120346,5.293685914461245
377,23,55.93707690000001,50.34278027042678,5.536190759460293
377,24,52.7149981,47.44295591755384,5.248681729019164
377,27,68.9341714,62.04003594973209,6.823507246788742
377,29,54.867811499999995,49.3803727022208,5.465880202753239
377,2,73.0445744,65.7392108465414,7.2451880090771335
377,6,67.66637680000001,60.898943876733725,6.741273620531619
377,7,66.7858615,60.10644537199886,6.651283550669256
377,8,49.4572646,44.51102963980476,4.895579323268915
378,10,57.0092655,51.30768280086923,5.661942388089336
378,12,59.7456223,53.770437223789976,5.913731262132588
378,14,57.809949599999996,52.0283431020252,5.768381501072375
378,17,57.094518199999996,51.3844781649981,5.6518166984527785
378,18,71.327009,64.19355845906502,7.060029692158075
378,21,71.36468099999999,64.22739958069599,7.057453184090894
378,22,68.2030434,61.38192520780049,6.743406218228098
378,23,70.7898169,63.71007139591902,7.005429068275582
378,24,63.1333428,56.819342392328814,6.287930905208904
378,27,54.454709599999994,49.008677962400796,5.390384630391614
378,29,68.9025755,62.01148427688431,6.863762698551035
378,2,55.06242139999999,49.55551227077163,5.460152916965243
378,6,53.4634951,48.11650680483876,5.3250874147334555
378,7,51.7604367,46.58377888170743,5.157174212066567
378,8,68.67475119999999,61.80655806415809,6.797632317306491
379,10,72.0396633,64.83479798172753,7.157289885843302
379,12,49.1711669,44.25354562072877,4.8673188156446425
379,14,48.9603134,44.06377291879173,4.886063380914541
379,17,73.9084607,66.51683765288053,7.315710465194843
379,18,57.3314478,51.59771461010455,5.675364598237845
379,21,55.985190100000004,50.38604287396637,5.536843630492425
379,22,52.432343,47.18850452207595,5.185096587221192
379,23,56.2974284,50.66709287525415,5.571856229921703
379,24,50.216860100000005,45.19465878343954,5.000111327265773
379,27,69.2247575,62.30156622719381,6.85267518648385
379,29,54.32496449999999,48.8918073362698,5.409211822537495
379,2,71.4599264,64.31307509785277,7.093045735365227
379,6,67.3783126,60.63966589157689,6.707687026867982
379,7,57.704993800000004,51.93374120816247,5.744726722795824
379,8,56.5993624,50.938844730068865,5.635711186303937
380,10,54.9676818,49.47026582258145,5.435755190090809
380,12,59.559221900000004,53.60267601002884,5.895149473948961
380,14,70.2332951,63.2092283576291,7.0094184545736935
380,17,56.1020382,50.491255273473826,5.553489360115026
380,18,70.23211,63.20816073445567,6.951621553026173
380,21,73.9084607,66.51675378630239,7.307659076956802
380,22,65.8509909,59.26511521783037,6.511314731349958
380,23,69.50155500000001,62.55064907317168,6.877909595516732
380,24,60.1306632,54.116965643555275,5.9890156642941
380,27,51.83523410000001,46.651175846513794,5.13093725376684
380,29,67.53973309999999,60.78496132348264,6.701960670360081
380,2,55.6359662,50.071712369030465,5.518219620449036
380,6,51.9542108,46.75818069097224,5.173601212250235
380,7,46.0523108,41.44651789319375,4.5765814827873195
380,8,69.3217394,62.38884593890533,6.9213911379485715
381,10,70.1578399,63.1412103562811,6.937011271412315
381,12,51.173245300000005,46.05539290965154,5.094896995077981
381,14,56.5044321,50.85340305191415,5.640219305317542
381,17,73.8778021,66.48924523254516,7.312671910130807
381,18,56.2431302,50.61824007749181,5.567606821828813
381,21,56.1020382,50.49120496083399,5.5486116108710775
381,22,51.852952900000005,46.66706495169537,5.128118795218406
381,23,54.2171511,48.794860176112394,5.365598466648745
381,24,51.7697204,46.592215811196134,5.154678365734002
381,27,70.73718799999999,63.662729364095895,7.001908355448211
381,29,49.4013273,44.46057510637018,4.9174437256571
381,2,71.1829664,64.06380032957114,7.074456741883864
381,6,57.574559300000004,51.81640257444426,5.734110982087798
381,7,56.3040505,50.67290664971346,5.604040631936981
381,8,54.3805797,48.941962237303876,5.42957119691902
382,10,56.3249835,50.69183569758458,5.570655410977267
382,12,68.4151364,61.57291936606967,6.812894085238802
382,14,72.6034171,65.34231634022535,7.248961459740129
382,17,56.157612199999996,50.54127129808373,5.559000404808698
382,18,69.2605727,62.333790774210264,6.855652919106896
382,21,73.8778021,66.48916155699735,7.314902511305803
382,22,60.980240200000004,54.88147736517711,6.028340964387702
382,23,66.3454074,59.710158363328695,6.565959611266366
382,24,73.36416270000001,66.02697769943347,7.307987767586585
382,27,53.1292964,47.81581847149008,5.259065553463433
382,29,59.757815400000005,53.78128112438303,5.9500686891776295
382,2,50.821808000000004,45.73900464708292,5.050360937570058
382,6,47.6062206,42.845028287351205,4.742167087740497
382,7,48.254195100000004,43.428183627243094,4.805811721585577
382,8,69.82385690000001,62.84074423961584,6.971375844890796
383,10,70.475385,63.42696298793583,6.9759194999673895
383,12,49.4262747,44.4831254881213,4.919395927894893
383,14,57.32794,51.594553054688895,5.722296772324188
383,17,74.8048736,67.32359593196556,7.404201131742459
383,18,55.098053400000005,49.58768180312734,5.4541808826342395
383,21,56.157612199999996,50.54122109192306,5.56191486101424
383,22,48.678290499999996,43.8098962783039,4.813479086054369
383,23,51.216171,46.094011808381964,5.068648077676377
383,24,55.1908211,49.67116962783148,5.495300966141852
383,27,69.0530529,62.147030351728894,6.835430220358508
383,29,48.368263500000005,43.53085444001649,4.817976487753839
383,2,59.197614,53.277108196402125,5.894305714313107
383,6,57.889324900000005,52.09961660178963,5.760169434737321
383,7,66.0037756,59.40255859528541,6.572773631636805
383,8,53.8678881,48.48054371517637,5.363364962438782
384,10,51.5056661,46.35448765732001,5.092999476704894
384,12,68.9822936,62.08334269741156,6.843652414470872
384,14,74.3691181,66.93141844523159,7.421390667101523
384,17,57.352349999999994,51.61652427070309,5.72698294140395
384,18,67.787589,61.00812085270146,6.734273509164896
384,21,74.7109816,67.23901431793128,7.388538299934167
384,22,59.564232100000005,53.60708479388963,5.8882286153822365
384,23,57.114924,51.40281500954594,5.651868684766492
384,24,73.1374619,65.8229493179031,7.2817082446542525
384,27,50.2704038,45.24284741647114,4.976174484672345
384,29,58.060212099999994,52.25343868908797,5.780194383373139
384,2,47.2776753,42.54933797893058,4.708753687904233
384,6,52.139951399999994,46.92535124098725,5.195909189814201
384,7,62.7712504,56.49323113174151,6.2442228360264895
384,8,68.5959559,61.735648261988445,6.8300369531040355
385,10,57.9353192,52.14106878665971,5.72835557964153
385,12,57.4980923,51.74769398930319,5.711458146124378
385,14,56.3826883,50.74383633930716,5.627727448589576
385,17,72.4107238,65.1688903030507,7.229855051391044
385,18,51.9542108,46.75825622686371,5.1731041020673585
385,21,56.245183499999996,50.620034361219616,5.5709631924935845
385,22,50.44328970000001,45.39837721942172,4.988196121653562
385,23,47.1451811,42.430165399045094,4.665731946986388
385,24,58.028530499999995,52.225081956121535,5.777723543995246
385,27,59.2244491,53.30138051391024,5.870245468049005
385,29,49.3600443,44.4234394840924,4.9163180322735025
385,2,57.2473978,51.52191641688639,5.686152756799687
385,6,68.6149701,61.752645068517765,6.83524393951301
385,7,45.87435,41.286284603532856,4.563851571177613
385,8,54.0494201,48.643920629569834,5.381468443807442
386,10,47.3807877,42.64214658679131,4.684892731925219
386,12,70.4637066,63.41659903162463,6.998478739336359
386,14,70.6346834,63.5704702495833,7.048745616131802
386,17,52.416012,47.17387015559274,5.232564071887237
386,18,57.8579566,52.07155153384532,5.775309493692212
386,21,72.6623077,65.39521471317853,7.191649472116549
386,22,66.1887283,59.5690625376375,6.543903805716033
386,23,56.747885499999995,51.072479030813774,5.61519762090854
386,24,74.2488898,66.82321928180941,7.411942402465446
386,27,47.5960814,42.835986092777496,4.711474294953307
386,29,70.5925,63.53238475560747,7.031385320794404
386,2,50.1439266,45.12892680592577,4.983402633898556
386,6,53.50574030000001,48.15453463344662,5.329827039443971
386,7,67.44628110000001,60.70074624621488,6.66694259399938
386,8,66.9656485,60.26839199760853,6.671523611867064
387,10,56.819796,51.13710942651041,5.616688169084939
387,12,55.0482102,49.54282094785484,5.4490427829372905
387,14,66.1777134,59.559226568396184,6.6014101687274795
387,17,61.800476800000006,55.619777977248205,6.117176998758731
387,18,49.097568200000005,44.18730858991471,4.878103698741954
387,21,53.4312432,48.087517203949254,5.2841049323573515
387,22,55.2320456,49.708222336885726,5.4633521694422695
387,23,50.976975599999996,45.87874063342094,5.045087412956928
387,24,55.154637900000004,49.638603666264004,5.491732571144272
387,27,59.0817441,53.17295095164687,5.847843491826697
387,29,55.283296299999996,49.75431205369956,5.507903435760901
387,2,71.1452553,64.0298612458065,7.086532833539388
387,6,68.3655078,61.528116156303625,6.808032486557537
387,7,68.1752573,61.35672797060581,6.7790440597881165
387,8,48.7032004,43.83237686421077,4.848713173827482
388,10,50.121361099999994,45.10863417224748,4.956192010806218
388,12,69.7711441,62.79330267690228,6.906356318683497
388,14,49.030598600000005,44.127018459045914,4.89314649792293
388,17,48.430222699999995,43.58670104587016,4.794010172500534
388,18,57.3708163,51.633136586331965,5.726705241564931
388,21,61.1373877,55.02293237152971,6.044217370407674
388,22,66.2108465,59.58896979548579,6.593323703518954
388,23,69.3905354,62.450741920186964,6.867413262193579
388,24,72.5229751,65.26992296055751,7.221123095693766
388,27,48.2685752,43.44121989390784,4.777797955170365
388,29,70.7841772,63.70487498610095,7.0489645676267605
388,2,55.135865900000006,49.621620678630315,5.4927426608137395
388,6,54.3512314,48.91546785085386,5.414358034154552
388,7,51.6037437,46.44273389085828,5.140066222720716
388,8,58.043096000000006,52.23818175290827,5.778573187677557
389,10,71.3675569,64.22992754924341,7.055772960670312
389,12,57.9866905,52.18742631651399,5.7402444701835424
389,14,69.5895803,62.6298917833933,6.94838927720855
389,17,57.9252149,52.13207859409154,5.753647005390757
389,18,50.3378247,45.30352301643977,5.0260878359178145
389,21,48.7320505,43.85829694369793,4.819158027706088
389,22,51.1374592,46.02311655000276,5.073197911322022
389,23,51.922591100000005,46.72977355007161,5.138040948132132
389,24,56.245183499999996,50.62008610468034,5.600700769322549
389,27,67.8162121,61.03388648250968,6.712976423224519
389,29,54.104068999999996,48.69300382190793,5.388682054965881
389,2,71.5776823,64.41906646063474,7.132026834259968
389,6,69.3061326,62.37468406177898,6.903248540374307
389,7,69.0119936,62.10992354402585,6.872973886760516
389,8,47.0655621,42.35852351139219,4.683323997577207
390,10,54.7560398,49.279803154245485,5.443206237655264
390,12,70.6109301,63.549098696749326,7.023961837491337
390,14,51.5941797,46.434228389136294,5.151349771817739
390,17,50.801869700000005,45.72115990392549,5.028843872047832
390,18,68.191689,61.371809510336114,6.7894661604411315
390,21,58.5849143,52.725706735014896,5.78986633005211
390,22,66.2988925,59.668232515921645,6.556449222493317
390,23,68.5304896,61.67670543885165,6.782039344285228
390,24,72.4107238,65.16889259457965,7.212480556640653
390,27,51.872485000000005,46.68470126867927,5.134621198117998
390,29,68.4502877,61.604415840540234,6.817269319506851
390,2,51.9896999,46.790074251839194,5.176154630657479
390,6,55.0827595,49.57383557091368,5.487699273439412
390,7,62.067261699999996,55.85964860180378,6.17394001335697
390,8,56.361128699999995,50.72442248681126,5.610191744969699
391,10,71.064681,63.957324028490596,7.060185303884462
391,12,53.0893017,47.77982630439485,5.275513473582289
391,14,60.1666026,54.14930975300973,6.006184107629105
391,17,70.76314839999999,63.686089265582986,7.004298616283412
391,18,53.7614732,48.38477231931842,5.3225317835081905
391,21,48.8353645,43.95126341390917,4.828336912905659
391,22,52.950528500000004,47.654859774155454,5.236451083269079
391,23,56.596286799999994,50.9360644081896,5.6332245933818434
391,24,52.21932820000001,46.99685688789173,5.199279651790452
391,27,67.6566478,60.89028027011353,6.697173444109323
391,29,56.0010746,50.40031159321207,5.580904237003419
391,2,69.8912013,62.901239539211765,6.962675341273368
391,6,67.4482833,60.70262360458477,6.716239349475144
391,7,46.6467006,41.98136935796419,4.629672866774149
391,8,48.903460700000004,44.012611978490035,4.866076360426258
392,10,53.1836267,47.864627616593275,5.284323067718737
392,12,59.159519599999996,53.24294473440309,5.8775867802038055
392,14,46.7364161,42.062290167004626,4.665742522750344
392,17,52.438711999999995,47.19429678492746,5.190584805553613
392,18,67.8689231,61.081323458387025,6.728872290802124
392,21,68.491606,61.641640830520814,6.771402984483621
392,22,66.73632,60.061902297973226,6.602216995881074
392,23,69.6258714,62.66252643175349,6.928436243845071
392,24,61.1373877,55.02301004322753,6.0517024814924785
392,27,54.3995432,48.959031022939335,5.3850767617132895
392,29,70.0590864,63.05230089627422,6.977548364395729
392,2,53.9521217,48.556254791726914,5.373757142715461
392,6,54.7336454,49.259643028673345,5.45287818866091
392,7,67.43985,60.695026804572116,6.667668841283282
392,8,67.09307249999999,60.38306881154175,6.680232705630614
393,10,69.4431763,62.49803323625285,6.866968906537074
393,12,47.7963595,43.01623438726616,4.758997987277613
393,14,58.3615226,52.524753123784514,5.825987914464349
393,17,68.39380080000001,61.55370103941087,6.76970106291025
393,18,54.3512314,48.91554855842389,5.3801518833772795
393,21,54.7720167,49.29419941777671,5.416757427427215
393,22,56.2105961,50.58890336955002,5.559857140207272
393,23,55.6228069,50.05994248474942,5.505381690626345
393,24,48.5049969,43.65399721771553,4.801427163858696
393,27,69.3984783,62.457901245137286,6.912427232376804
393,29,54.0494201,48.64382048888153,5.384069857937134
393,2,69.0341659,62.12988477014126,6.845224044094854
393,6,66.162556,59.54549770994308,6.588925791957488
393,7,52.2566809,47.030378240881156,5.167020623193395
393,8,53.9110752,48.519414184846624,5.367996374715563
394,10,53.9936635,48.59366609771259,5.339518874620171
394,12,58.7766428,52.89836320644067,5.867638985662142
394,14,49.5886918,44.629310121775596,4.951585924497596
394,17,54.85017989999999,49.3645970155717,5.429615680326767
394,18,68.95971370000001,62.06301755422306,6.883224156557981
394,21,68.7603005,61.883492097708114,6.80021272990528
394,22,70.6183058,63.55562023349154,6.981451745639513
394,23,68.2219843,61.39904903262203,6.78938750374365
394,24,56.9322166,51.23839987581335,5.667869667305432
394,27,53.27154659999999,47.94384485494441,5.304314257564189
394,29,67.3402226,60.605382996246945,6.708799321091892
394,2,55.976260200000006,50.37797981833234,5.5529506329097025
394,6,52.5302614,47.276606171333206,5.231903406695808
394,7,66.81132079999999,60.1293391685699,6.604329695434973
394,8,69.7194016,62.74673547767695,6.9418385246712395
395,10,70.7589075,63.682130011478066,6.994483705527876
395,12,50.725904899999996,45.65279263700376,5.0650945533065945
395,14,67.8886031,61.099022346676584,6.77722476828914
395,17,70.0768494,63.068430509047545,6.936536370474541
395,18,66.5619049,59.90501008302612,6.643311171784168
395,21,51.01383499999999,45.91185753796605,5.043519889151817
395,22,53.8116822,48.42990098013674,5.322156769826976
395,23,52.612196,47.35041745876567,5.233502231711205
395,24,50.28619009999999,45.25705394869718,5.0053358368644965
395,27,68.9991543,62.09851387876701,6.88752672982345
395,29,51.1869146,46.06761116347857,5.099809390116881
395,2,68.9378526,62.04320424349929,6.84965985734998
395,6,57.791544699999996,52.01168717664795,5.755531104835516
395,7,50.9741646,45.87614127717287,5.0411006547757085
395,8,53.2939387,47.963995216169984,5.306169664786346
396,10,55.2797787,49.75116223646198,5.4671905768967415
396,12,67.70945999999999,60.937808554338,6.741333742855663
396,14,64.80404539999999,58.32292956591754,6.4660129917786335
396,17,55.0546965,49.54865983059911,5.44986031487877
396,18,49.6232128,44.66037115022951,4.952443167787531
396,21,68.7841777,61.904973418807245,6.8019596955345385
396,22,60.371655999999994,54.33375791398879,5.968129494601181
396,23,64.9317587,58.4378896261833,6.48040400782218
396,24,70.8568784,63.77044416923601,7.0541487901425155
396,27,53.0500516,47.7445005236871,5.296695672706225
396,29,58.462851400000005,52.615827061875144,5.821619370182562
396,2,51.71317319999999,46.54123966813459,5.139691942338814
396,6,57.3422572,51.60718223476551,5.699623982358489
396,7,58.409788500000005,52.568026313356484,5.800299392532212
396,8,69.84747949999999,62.86200150180541,6.950001843984135
397,10,70.78402969999999,63.7047397359454,6.996993257580661
397,12,54.440354899999996,48.99576009453132,5.390148328704837
397,14,46.0696382,41.462184868180344,4.5973902384927205
397,17,71.4033894,64.26229571857607,7.111910985900764
397,18,67.427254,60.683819770147245,6.730595978331535
397,21,53.363566,48.02660345037412,5.276961464372069
397,22,49.4698232,44.52227298742284,4.892233398701757
397,23,49.8549326,44.86891169823018,4.974923295439716
397,24,53.8304957,48.44689221746341,5.374824427511196
397,27,66.1826356,59.56368482389351,6.608649897820443
397,29,46.288320399999996,41.658911225449444,4.608325611742401
397,2,58.6655473,52.79825320315699,5.828434692825392
397,6,44.6922895,40.22246573641959,4.4469697449961165
397,7,51.9196255,46.72698676670702,5.1536590491460155
397,8,63.746383900000005,57.37107115091634,6.362276234503962
398,10,51.5084517,46.3570071310466,5.0939214232486805
398,12,67.6935857,60.923515486923286,6.711344931698622
398,14,67.33521780000001,60.60099173188091,6.723602666133617
398,17,53.886847100000004,48.49760641663619,5.3655631155502626
398,18,55.538825,49.98437286702279,5.546578722111113
398,21,70.4220177,63.37899130629689,6.962500999480537
398,22,58.6008639,52.74006418642818,5.821808326982816
398,23,56.7618819,51.08508524240564,5.649004423659869
398,24,70.01697879999999,63.01454696224897,6.971211700939648
398,27,49.164615,44.24764795862613,4.9091235884944435
398,29,55.456333300000004,49.90999180974006,5.520350415156997
398,2,47.445320099999996,42.7002156764525,4.6912106773790025
398,6,55.0401374,49.53543669211991,5.480586932459506
398,7,43.4258394,39.08260010626052,4.317283628579525
398,8,49.3532615,44.417418346074314,4.926180184371487
399,10,59.2448659,53.31963246694566,5.884860388255577
399,12,54.652113,49.18634121620184,5.410118664360086
399,14,54.6558842,49.18973302708409,5.458381555548828
399,17,69.9676444,62.97014740558515,6.9854277391092445
399,18,66.101246,59.49043490035678,6.600535406547465
399,21,55.799280100000004,50.21873400001192,5.519175365302484
399,22,50.0860961,45.07690701276305,4.9694256369317245
399,23,47.3283899,42.59504391703625,4.7071359680676075
399,24,53.6711389,48.30347143718731,5.343931449323044
399,27,58.363463100000004,52.526510817266406,5.827343817832823
399,29,49.6605312,44.69388160860318,4.942284378389941
399,2,56.08448860000001,50.47530950852722,5.5522960519495195
399,6,49.813682799999995,44.83172133578743,4.962508988465801
399,7,58.62332489999999,52.760229656091056,5.83635004973183
399,8,69.8576642,62.87116431988092,6.974190060318951
400,10,46.821513100000004,42.138799204207,4.652857157529292
400,12,67.4535779,60.70751718832736,6.677252739471202
400,14,69.138894,62.22425844096878,6.900344611635123
400,17,49.966107,44.968979755204046,4.988515141694843
400,18,51.1429291,46.028108608179465,5.105883270091157
400,21,70.4250134,63.381673694237875,6.997077258669212
400,22,66.0985496,59.48792599450202,6.536715734285248
400,23,54.0196631,48.617120299345196,5.376361658553206
400,24,68.7841777,61.905044012930716,6.808878071675826
400,27,45.578184300000004,41.01989759324934,4.5507713642959615
400,29,68.830125,61.94626505513022,6.848999309381069
400,2,48.6713791,43.80365626524267,4.822412149245268
400,6,67.1340445,60.419827423912736,6.687495429889686
400,7,49.122626600000004,44.209754274084474,4.8924309053091894
400,8,54.7095459,49.238028321335825,5.435989117470628
401,10,57.474346,51.726183061695664,5.7093582562706775
401,12,52.06525669999999,46.85819217696677,5.153582890519802
401,14,53.3672818,48.03000038969604,5.327952952674402
401,17,59.9128145,53.92090178155993,5.980382526792476
401,18,58.825416600000004,52.942261748184855,5.872319951579241
401,21,51.0141588,45.91216185628976,5.071391090356128
401,22,53.483797499999994,48.134808160818515,5.2897169186405995
401,23,49.1850581,44.26602897743218,4.895145891083516
401,24,54.109791200000004,48.698255113476826,5.35629830197995
401,27,57.741314,51.96657014463249,5.76296016207401
401,29,52.9241597,47.631106230520466,5.2717491351778785
401,2,68.83915619999999,61.9543775342724,6.805399434498553
401,6,54.3413166,48.90654470925891,5.414386940983424
401,7,67.88299359999999,61.093852947391795,6.761730971132431
401,8,66.7858615,60.106579832439664,6.635632121412334
402,10,50.4136005,45.37165295058813,5.0115507823692065
402,12,67.578664,60.820095653445726,6.689429519575903
402,14,66.814886,60.13269572561982,6.670267517805338
402,17,46.7365731,42.062434103572684,4.653301141608401
402,18,49.2101351,44.28861540859159,4.899613766761595
402,21,59.1748061,53.256629969259336,5.879887863593943
402,22,67.5182746,60.765640538555786,6.681544293031694
402,23,67.4879073,60.738392216149975,6.678957496807458
402,24,71.1617101,64.04479322282307,7.084896705053682
402,27,49.2117924,44.290108316258,4.914090357431921
402,29,69.9009674,62.90997384785214,6.959162389210449
402,2,52.573201700000006,47.31525580985788,5.1986373522581175
402,6,69.7905207,62.81062839311775,6.952545059843581
402,7,53.685283,48.31611393559288,5.349152553645436
402,8,51.7604367,46.58386290639433,5.153867197510195
403,10,69.6805652,62.7116342528369,6.923062129466588
403,12,55.8571425,50.27085419251409,5.52930714249112
403,14,53.3757782,48.03764706256581,5.328899838656862
403,17,57.2062008,51.48498061369238,5.683288071335502
403,18,55.0401374,49.53554957234308,5.447902038321837
403,21,46.7365731,42.06238409696255,4.645314977829399
403,22,52.6910295,47.421325192297225,5.211148487023976
403,23,54.3219869,48.88921605254724,5.376280009654771
403,24,53.886847100000004,48.497607844076356,5.365603208154053
403,27,67.0951276,60.384918143093465,6.699834374069211
403,29,55.98239040000001,50.38349599052395,5.578520317531591
403,2,68.6485153,61.7828026591402,6.786285009263072
403,6,55.1077174,49.59629746982051,5.49092043459057
403,7,68.6065603,61.74503710498369,6.816466210990836
403,8,57.704993800000004,51.93389054440633,5.7445439945009
404,10,53.34619550000001,48.01095219861879,5.303022250543368
404,12,69.5883957,62.62882822225202,6.888120478945247
404,14,66.2013931,59.58055509172271,6.608333264557372
404,17,48.474878100000005,43.626889054940115,4.798246928577825
404,18,51.561090899999996,46.40445335561562,5.104040833099482
404,21,57.2062008,51.48490602947685,5.697378581990215
404,22,68.27855790000001,61.449871655268666,6.758782602109633
404,23,68.6664816,61.79909169971728,6.7953617580606345
404,24,70.644277,63.57910035989375,7.032435444212128
404,27,52.0014937,46.800810443130125,5.177837573372498
404,29,70.4645687,63.41720915517537,7.015370772646412
404,2,52.8759632,47.587738018755616,5.228628204806938
404,6,69.3329012,62.39876025415842,6.905547694958285
404,7,54.002752,48.60183170801221,5.340091035779045
404,8,46.0707584,41.46320935107968,4.586859119401584
405,10,68.8874679,61.997890061989075,6.861612517482539
405,12,53.147120400000006,47.83186246223142,5.261001358292867
405,14,51.675034200000006,46.506998990343526,5.159826544426453
405,17,69.4348049,62.490584733350445,6.8722481690683415
405,18,67.9207231,61.12794006201304,6.723057104940792
405,21,46.796713600000004,42.11649262096499,4.649484412616072
405,22,56.5927256,50.93282021485875,5.598311305582373
405,23,53.724309999999996,48.35131305853335,5.317213354031502
405,24,53.2171766,47.89491335480421,5.268194197786645
405,27,67.89951789999999,61.10885227013676,6.720738273369838
405,29,55.6502526,50.084575170766264,5.542979147551435
405,2,69.1958135,62.27536534434267,6.840416837912659
405,6,56.1795104,50.560912362888345,5.5990105046994225
405,7,69.053807,62.1475534137515,6.826158901569126
405,8,55.529282,49.97577937305033,5.525500834015609
406,10,53.5358166,48.181609516033035,5.33391625304846
406,12,61.3364478,55.20215287549482,6.070673366431526
406,14,57.5180828,51.76566606515796,5.741717148701611
406,17,54.2181704,48.795795032995606,5.367037314653314
406,18,54.075669000000005,48.667545365509525,5.384267743482157
406,21,67.4382813,60.69368068938368,6.669704430969618
406,22,71.5299253,64.37606917292081,7.107306227321066
406,23,67.3771998,60.63874511085738,6.67662482889348
406,24,59.9128145,53.92090393694792,5.938917702381644
406,27,53.5245714,48.171565495567776,5.298459911063859
406,29,69.9027748,62.911620416679895,6.910445992928437
406,2,53.622322200000006,48.2594534684354,5.308077546640734
406,6,68.960312,62.063414644526596,6.866650619960261
406,7,53.7264321,48.35314668144737,5.312817143366025
406,8,50.29722760000001,45.266988942250414,5.021820669453778
407,10,69.10261,62.191515707247085,6.883048437849336
407,12,50.8541041,45.768172755557146,5.0635786263611555
407,14,45.4166057,40.874475969182186,4.534100465257385
407,17,69.7643909,62.78722127129836,6.946000371917326
407,18,70.3154739,63.28318766952557,7.01917160023125
407,21,52.879259,47.59073717793969,5.229846376987579
407,22,56.1200123,50.50737480727864,5.592487091119484
407,23,53.5845981,48.22557158571135,5.303096150295178
407,24,46.7365731,42.062435429897945,4.626258371194045
407,27,69.66126489999999,62.6944097509018,6.89532980142684
407,29,54.35902540000001,48.922476921939044,5.375391713771306
407,2,71.4657553,64.31826804868405,7.0641831315818
407,6,55.9494021,50.353811486824,5.574839581133191
407,7,68.4736953,61.625459821849326,6.800241509916326
407,8,66.8855688,60.19629909972773,6.675515644738965
408,10,54.1991634,48.77862022222631,5.388361211408852
408,12,57.9636629,52.166689713133955,5.785501810008487
408,14,55.2036348,49.682677207412965,5.508495991008019
408,17,53.3342053,48.00023165429868,5.324746471973117
408,18,56.712799999999994,51.040938164994394,5.663190073388265
408,21,70.36178,63.32477818347821,6.965842581089443
408,22,71.0216548,63.91864741258596,7.0746933340733404
408,23,64.94699659999999,58.45160316739975,6.4274703428272675
408,24,57.1664148,51.4491689768041,5.657950505531612
408,27,53.79613090000001,48.41596517504057,5.325273361298392
408,29,68.51790220000001,61.66522777632342,6.7724365504206965
408,2,55.5712675,50.01348388739686,5.495449364958435
408,6,64.6530712,58.18702327532067,6.444225637066271
408,7,53.7825871,48.40368620942288,5.346033287703518
408,8,52.6331101,47.369258931325184,5.255948164407041
409,10,69.1699855,62.25209371463895,6.885588909313008
409,12,54.0287791,48.62534900764754,5.380016513637127
409,14,50.666594200000006,45.59941446730605,5.0592607393382725
409,17,69.1164367,62.204066131857054,6.899823635466251
409,18,69.95848500000001,62.961901368956966,6.983467143393558
409,21,54.3165423,48.88427719862371,5.37175242716086
409,22,53.564093,48.207073274252764,5.297610794612209
409,23,52.291082200000005,47.061418176661675,5.174910932627791
409,24,49.586186399999995,44.627058907062,4.908467882518998
409,27,68.8201882,61.9374459674206,6.811841342371371
409,29,51.7604367,46.58378085750532,5.132894118103013
409,2,67.8092082,61.02746606076061,6.704790618013313
409,6,46.0979084,41.48750810128898,4.586924109611561
409,7,67.372675,60.63457000690957,6.660988738871271
409,8,67.8494061,61.06375904014598,6.774712636465628
410,10,63.2861173,56.956594410172606,6.293111028559118
410,12,69.6400196,62.675281410956565,6.932335533736568
410,14,68.08858690000001,61.27900568273031,6.79715460794087
410,17,55.947073800000005,50.35179134412204,5.5865814888227465
410,18,56.1795104,50.56098306442268,5.609766957637243
410,21,71.4325367,64.28843342697014,7.0617528561403295
410,22,62.4346149,56.19042283873045,6.174074042787659
410,23,63.89656,57.50621179503726,6.32287959659725
410,24,69.3727976,62.43478666919327,6.866460522921911
410,27,54.139348600000005,48.72485859043924,5.3593589597729325
410,29,57.7052869,51.933987980105684,5.742246080986247
410,2,48.5479051,43.69252342328472,4.800172386961818
410,6,57.1408163,51.42596660823995,5.685318288826935
410,7,49.7470316,44.771711115186825,4.91805999654947
410,8,64.2425339,57.8175868118937,6.3935404147698325
411,10,44.6846528,40.21557336972279,4.444551014431576
411,12,55.5861747,50.026986050998964,5.522721466243468
411,14,53.433931300000005,48.08998571748975,5.335788473326979
411,17,70.8940412,63.80388772459104,7.076511368694607
411,18,69.01823689999999,62.11569133027761,6.8901794109730155
411,21,54.370950500000006,48.933244261029344,5.394846370738028
411,22,48.577941200000005,43.71957712801609,4.827425744682506
411,23,52.4697977,47.22226694171869,5.193030966352854
411,24,53.2367986,47.912570910093365,5.289309956369486
411,27,68.5209012,61.66809438965603,6.812079074063301
411,29,46.8462178,42.161029063110995,4.6659066832294585
411,2,57.739390199999995,51.96472142547041,5.73622460455026
411,6,55.8191311,50.23648837807974,5.555540132051119
411,7,57.5963572,51.835967718555885,5.6923904071333205
411,8,45.7610729,41.18448240218448,4.554441052712683
412,10,66.1826356,59.5635816814507,6.592927300403509
412,12,69.7542373,62.778080443818574,6.904256524424091
412,14,69.6401338,62.67538177299746,6.9522084741846815
412,17,54.7915211,49.31180487176919,5.471143496958187
412,18,55.5190477,49.96657245011516,5.543606991085138
412,21,70.20805519999999,63.186427970048655,6.976847794805482
412,22,60.9174883,54.824986136383174,6.050987372867501
412,23,57.0318117,51.32801900510547,5.643884145202084
412,24,69.7643909,62.78722341812956,6.9460414695112584
412,27,50.5723173,45.5145665033979,5.028084611941501
412,29,55.25305,49.72703909842267,5.500714551549757
412,2,45.0256025,40.52248780187764,4.457044203643871
412,6,44.483636,40.03469510793412,4.427269238882152
412,7,48.0070151,43.20573751165313,4.747040887573088
412,8,66.7007303,60.02995986897416,6.626200809581886
413,10,49.164615,44.247566934448734,4.897460579685156
413,12,55.601776599999994,50.04102753928059,5.504051699070653
413,14,53.9675517,48.57023979169398,5.388627491343315
413,17,69.52460620000001,62.57141046034293,6.939981914256284
413,18,67.2579336,60.53143315931044,6.713584620293785
413,21,54.1983988,48.77794928199777,5.360216226142598
413,22,53.889196299999995,48.4996680448464,5.354846774021602
413,23,46.640663100000005,41.97610224147495,4.6156799204913765
413,24,54.3165423,48.88432905661271,5.408350369221752
413,27,60.539419,54.48482930760941,5.992081350938269
413,29,49.0956989,44.18553868772768,4.890397534063973
413,2,56.838165399999994,51.153589194505436,5.616870156852572
413,6,55.9929056,50.39290281719392,5.5743875325928345
413,7,57.0975032,51.38698235356192,5.650440121773149
413,8,55.27700960000001,49.74874194702526,5.492058809749617
414,10,58.398631800000004,52.55803118823097,5.813923723031385
414,12,67.20716,60.4857437053958,6.67637923400526
414,14,66.0951922,59.484971115523784,6.595352514885196
414,17,52.100501200000004,46.88991480539296,5.158511301236783
414,18,52.2154376,46.99335867962884,5.199247110359198
414,21,68.9931547,62.093014961947304,6.820164721047961
414,22,69.8004012,62.819577251718336,6.958264259124126
414,23,55.17422990000001,49.65621053474214,5.467389229312544
414,24,71.4325367,64.28853047663628,7.0705991282064815
414,27,55.6793685,50.110848402105546,5.537293768692479
414,29,66.7104998,60.038607657175405,6.642482457244785
414,2,49.8865135,44.89727075089099,4.933001093142412
414,6,56.38656399999999,50.74706842058914,5.604985322933461
414,7,52.023443300000004,46.82048174552963,5.171507341379799
414,8,67.37107639999999,60.63326943310998,6.707939023404591
415,10,47.1565618,42.44035166485154,4.674292376845606
415,12,56.39716609999999,50.75685865624573,5.582214891135407
415,14,59.5362272,53.58196527710022,5.934474287638208
415,17,59.0988505,53.18834253551347,5.883360254344285
415,18,57.421791899999995,51.67900756577735,5.683540677389994
415,21,53.032234499999994,47.72842170877753,5.245222677239873
415,22,50.7824346,45.70355953181932,5.055213502076561
415,23,48.9053269,44.014276131015826,4.839885526194848
415,24,55.017776600000005,49.51543365106002,5.446246984726176
415,27,42.214910599999996,37.9929763131612,4.213021531805451
415,29,52.3057935,47.074590464019394,5.210714069556967
415,2,68.5129816,61.660802344170385,6.771677676792236
415,6,50.258842800000004,45.23233371708023,5.003816341600563
415,7,69.8310668,62.847080252426075,6.938329069179747
415,8,51.1469379,46.03171680152119,5.092261821942885
416,10,57.741314,51.96640676909167,5.719102827219858
416,12,51.8326627,46.648839403611625,5.171124127507794
416,14,44.7838827,40.30501827436617,4.468960188060491
416,17,46.6342339,41.97032988880278,4.643119089934296
416,18,48.7588276,43.88244550436276,4.826620814401588
416,21,59.0988505,53.188258478886816,5.841692866168709
416,22,73.30917930000001,65.97737981471096,7.301386189018476
416,23,66.0110266,59.40920978515366,6.532424412545462
416,24,70.8940412,63.80389009825889,7.017070975403709
416,27,58.355698000000004,52.51951380965705,5.825041924916792
416,29,68.2401211,61.41520171244869,6.791280605672354
416,2,54.3371211,48.90277135341202,5.373598482747099
416,6,69.6501582,62.68426903234555,6.9352358345486484
416,7,54.9539867,49.457934086258085,5.475802238936233
416,8,66.7390853,60.06448176749789,6.644701094867714
417,10,50.333793400000005,45.29983229424594,4.994576932465642
417,12,66.9237452,60.23066725262635,6.681013615613245
417,14,67.512921,60.760916597448,6.740338289080813
417,17,59.2448027,53.31969799971989,5.89788150491039
417,18,55.9929056,50.39302823985185,5.542045652979838
417,21,46.6342339,41.970279461565426,4.611333553257876
417,22,60.374100500000004,54.336018978345216,6.019050549281084
417,23,52.391243499999995,47.1515670503851,5.18512020462136
417,24,54.7915211,49.31180605034008,5.423841379541317
417,27,51.2531619,46.12732069477443,5.118299924723687
417,29,56.1792943,50.56071820437247,5.599207116637114
417,2,67.4927552,60.742630793847646,6.6804280712873085
417,6,56.0651343,50.45797504972886,5.587479938711656
417,7,69.95963309999999,62.962789247096154,6.967542790403221
417,8,49.9665113,44.96934765769572,4.975053471387772
418,10,68.94986680000001,62.054032250191014,6.8410853845270925
418,12,56.1626601,50.54581978300242,5.608526634968006
418,14,51.7085033,46.537115307863004,5.16223486423049
418,17,48.8838834,43.99499111661993,4.88059105330799
418,18,51.149769199999994,46.03426704516718,5.063242613839933
418,21,59.0843039,53.17515343128937,5.881386913227582
418,22,74.8006461,67.31968444209683,7.450276806886681
418,23,66.0997132,59.48902036480816,6.540652927995275
418,24,69.52460620000001,62.57141282529119,6.881480074182337
418,27,70.3012041,63.270348644737346,7.019021896500023
418,29,69.21515000000001,62.29274539831878,6.8916310365047275
418,2,51.7352245,46.56107776529622,5.116005451719945
418,6,67.8331352,61.04903367766987,6.760426509539592
418,7,55.39279259999999,49.85285483231642,5.519472554038248
418,8,58.409788500000005,52.56819502153069,5.814295997911272
419,10,52.0014937,46.80073401428633,5.1426155177897845
419,12,67.105289,60.39403608345431,6.695391745496053
419,14,66.0044657,59.40332247515861,6.588570951634812
419,17,69.2729683,62.34493886583655,6.896837791360252
419,18,69.41497989999999,62.47275581464197,6.910986022543732
419,21,48.743587999999995,43.86867688909538,4.8562176039153995
419,22,58.983281600000005,53.084292196545974,5.878909641967512
419,23,53.041387500000006,47.73668988963511,5.249442564613176
419,24,52.0683177,46.86095016919079,5.154144526497468
419,27,53.22026760000001,47.89769315617805,5.313708859143569
419,29,53.8596096,48.47300887256912,5.366032990048959
419,2,66.7403791,60.0655170422363,6.598664212174106
419,6,50.3918802,45.35203815215106,5.015573790925757
419,7,71.2296654,64.10580512056184,7.094286473352035
419,8,48.2035281,43.382682036672456,4.771639203260083
420,10,67.8228592,61.03975200746491,6.706034757703679
420,12,52.716611300000004,47.44441085348045,5.264018303362331
420,14,51.02617659999999,45.92303388681197,5.094968665823259
420,17,53.234762999999994,47.910736011087984,5.2695369075484395
420,18,55.229946500000004,49.70638437563546,5.514770324364726
420,21,68.535219,61.680892801534874,6.810672269921975
420,22,71.7825246,64.60340636720133,7.1478709282214865
420,23,66.1798859,59.561181386672814,6.548991261960503
420,24,58.3993165,52.558771409787184,5.780224251450695
420,27,69.3974125,62.456950627080246,6.929003482320166
420,29,67.8764871,61.0880013284475,6.760245220958396
420,2,52.498970899999996,47.248448862806725,5.191290502838376
420,6,70.1863596,63.166879296990096,6.992118831562588
420,7,54.8782537,49.389774783620005,5.4551591446914
420,8,57.59735860000001,51.83701638699186,5.700763313415026
421,10,50.1850679,45.16594635741976,4.961246521722878
421,12,59.787437600000004,53.80807078943762,5.96846931207751
421,14,58.7344512,52.86038072294317,5.861869365469387
421,17,67.1456076,60.430343344913965,6.646306344618404
421,18,69.7757359,62.79741849551225,6.945409503207591
421,21,53.234762999999994,47.91068209647714,5.264313039827199
421,22,56.50883209999999,50.85730266763389,5.6071035162949086
421,23,53.2094309,47.88792720629129,5.266107495413247
421,24,47.7054887,42.93445150020999,4.722318014333873
421,27,53.105738599999995,47.79461687669495,5.302004896034517
421,29,50.878325999999994,45.78985871827057,5.066076544943157
421,2,68.0558904,61.24942499709439,6.726374273785211
421,6,57.009160599999994,51.30758891312557,5.681743240330556
421,7,69.5798202,62.62093757240217,6.877301342470462
421,8,52.882056,47.59329923694519,5.234254754844029
422,10,67.8264785,61.04302200661995,6.706873657491737
422,12,48.4831138,43.63430257097631,4.840060395555072
422,14,45.53577,40.9817238669868,4.546090818005243
422,17,54.0008452,48.60020340458951,5.345441294689077
422,18,57.958601,52.1621469048898,5.737532177440978
422,21,67.4326285,60.688593183235454,6.668154931588392
422,22,67.658803,60.89211492301391,6.709660991374209
422,23,65.006686,58.50531880745044,6.4331586464394634
422,24,60.075310400000006,54.067144787100474,5.945932322337279
422,27,70.1124067,63.10043798383202,7.001342541713182
422,29,65.6146484,59.05238401452964,6.535500191119
422,2,53.5747439,48.21663979720992,5.298146279360759
422,6,69.16493249999999,62.24757094429001,6.88679974189908
422,7,55.9219418,50.329089283658185,5.530464547896725
422,8,48.4186154,43.57623290034388,4.830188252605688
423,10,53.1281185,47.814677947682284,5.253513595528404
423,12,58.50804240000001,52.656630543169015,5.812456183094006
423,14,54.2730536,48.84517687305972,5.417281112375664
423,17,69.7147111,62.74250659307387,6.9005072936316365
423,18,70.1863596,63.16699217276788,6.947472840823782
423,21,53.6417511,48.276972125076334,5.304893928529295
423,22,54.811209500000004,49.3294744512306,5.439019370878191
423,23,51.7083058,46.536928012755105,5.117354742151577
423,24,48.8838834,43.99499238768333,4.838865414211841
423,27,52.182884200000004,46.96405591144629,5.2101406572193305
423,29,49.8201449,44.83752515654807,4.961967693690787
423,2,66.9863654,60.28688506052201,6.622003181494089
423,6,54.3698512,48.93221792462743,5.41593859278472
423,7,69.97425940000001,62.97590002660199,6.914834310358719
423,8,68.5381739,61.68364016800522,6.842526622876605
424,10,68.1382988,61.323657065264285,6.737986603542226
424,12,51.0175796,45.91529667011578,5.050074830985334
424,14,46.2497145,41.62426377571218,4.617086775855009
424,17,55.6865846,50.11735262184561,5.53271561125829
424,18,56.2425452,50.61771252659113,5.56746232226459
424,21,70.31449669999999,63.28220921053598,6.959922287740897
424,22,61.4938168,55.34367628955126,6.121861372647316
424,23,65.1145999,58.60244024997618,6.4528899536621624
424,24,69.2729683,62.344941330618276,6.856567486189173
424,27,69.9063304,62.91496910175587,6.960277241458005
424,29,57.7580421,51.98150587662208,5.750395837392743
424,2,49.1080658,44.196669657793834,4.86215127567035
424,6,66.9303281,60.23650780931179,6.669380460576709
424,7,54.140465000000006,48.7257786800001,5.354146365745213
424,8,53.685283,48.31620360414581,5.360400437892024
425,10,52.1727214,46.95483050795858,5.159124524872092
425,12,67.40234120000001,60.66139838944979,6.671422060734865
425,14,66.3384053,59.70386467037776,6.622981287305655
425,17,71.05362240000001,63.94750903697963,7.073754663369813
425,18,69.09198359999999,62.182062331629346,6.838937722556688
425,21,54.9110075,49.41928473175997,5.430291515008371
425,22,51.1348588,46.02079297192351,5.0838121167951495
425,23,50.5005155,45.44993149532215,4.997922147967261
425,24,54.0244626,48.62146137131012,5.347902870007289
425,27,56.4699748,50.8223980434246,5.622828344924855
425,29,47.9456449,43.150485959724854,4.772765291209203
425,2,57.3837259,51.64462643268172,5.673853386890529
425,6,51.970887399999995,46.77318306126728,5.177814087666436
425,7,59.9460635,53.950656675960225,5.923981828786069
425,8,68.4951045,61.64487004593397,6.77960716287376
426,10,68.7476926,61.87205757117248,6.795841270224224
426,12,54.938041500000004,49.4436716430975,5.438222382914095
426,14,51.7922966,46.61253154582137,5.171780090346601
426,17,56.254834499999994,50.62877162960052,5.589222378650287
426,18,55.0780567,49.5696849799164,5.452210462793647
426,21,69.27491140000001,62.34664325466644,6.851620352832616
426,22,61.8935951,55.70345123323779,6.135697358589471
426,23,57.418711200000004,51.676200508896244,5.680762597194008
426,24,69.0456197,62.14032516881835,6.833748720279609
426,27,71.0993736,63.98868934400669,7.081876320348779
426,29,54.761449799999994,49.28458653621608,5.448650796579097
426,2,45.3585432,40.82213082411387,4.484228729185201
426,6,59.4905328,53.54071176692011,5.9218408739460555
426,7,50.4604998,45.41385414256502,4.990183584981623
426,8,55.26371089999999,49.736773196424416,5.470642329598422
427,10,51.580708099999995,46.42203716395622,5.1012861115912695
427,12,67.2030614,60.48205721596274,6.6522411185217925
427,14,67.7416509,60.96676688760017,6.762508116212731
427,17,69.1041571,62.19301032176246,6.839840983165408
427,18,68.6511875,61.785346911500575,6.79511105901708
427,21,54.224103899999996,48.801079056736626,5.389825070384601
427,22,53.530580699999994,48.17691256069778,5.294377651215659
427,23,48.3134532,43.48160177832218,4.781639849334653
427,24,54.9402935,49.445699665400085,5.438571077748087
427,27,53.0797881,47.77126523608012,5.285262186182764
427,29,50.754204800000004,45.678176671521484,5.054848761168953
427,2,55.614563800000006,50.052360617603924,5.502046914933393
427,6,57.035514600000006,51.33119621795141,5.675083956512594
427,7,58.8371055,52.952606013825275,5.814344205991831
427,8,68.52994799999999,61.67623944418022,6.7834751886088025
428,10,59.751059100000006,53.775181514463306,5.924000582987521
428,12,55.493596000000004,49.943666131351364,5.493788719223227
428,14,53.334278000000005,48.00029876868282,5.325024629614293
428,17,51.9487492,46.75333832508238,5.142261026393119
428,18,53.939627599999994,48.545110616186456,5.339461152836416
428,21,69.1227905,62.20966857084184,6.880816597607205
428,22,69.1174836,62.204912138096454,6.843788480884531
428,23,55.2494869,49.72392117352232,5.46598529949385
428,24,69.8623257,62.87536371396217,6.9557601343113875
428,27,59.5658723,53.608657814626575,5.895599464109904
428,29,66.0842761,59.47501253690187,6.577821258615169
428,2,48.8885533,43.99911694102518,4.834218635169512
428,6,45.3368993,40.80262321662792,4.51243826643604
428,7,52.3367872,47.10248738110126,5.17548085230735
428,8,53.7264321,48.353237213843194,5.318351807913671
429,10,47.9522031,43.15641533268872,4.776464280463408
429,12,68.1267957,61.31340019472275,6.80034562450208
429,14,67.7982015,61.01766947416737,6.769391507725257
429,17,58.041992799999996,52.23718139567385,5.744782718411754
429,18,58.7793249,52.900776655405956,5.81791915870454
429,21,52.0207106,46.81805726512871,5.171841978758522
429,22,57.75174,51.97592152402234,5.7431420891346745
429,23,50.117620900000006,45.10533396320753,4.960271089441563
429,24,54.652966400000004,49.18710724721623,5.441838611316969
429,27,48.166117,43.34901221106223,4.767921664149001
429,29,55.46976,49.92213945370442,5.52587114582532
429,2,67.46408459999999,60.71680594525849,6.667876305717522
429,6,57.7124545,51.94043507622931,5.742488002391293
429,7,70.5146861,63.462307126983475,6.9697128951793905
429,8,68.4629489,61.615934747134446,6.776413178478104
430,10,57.3268346,51.593440228027035,5.708478043211879
430,12,55.184426499999994,49.6654169350706,5.510147690872907
430,14,65.4952409,58.94498306355271,6.532774738759307
430,17,46.7482158,42.07291350419494,4.627432182606125
430,18,50.011479800000004,45.00981946510487,4.950607595356204
430,21,58.6597256,52.793036974854886,5.827646149347171
430,22,69.29541809999999,62.36509741287345,6.8910857852168395
430,23,67.2960959,60.565758792418094,6.659512623050345
430,24,71.05362240000001,63.947511651977614,7.058747218680741
430,27,57.8362658,52.0520299305371,5.724322734371022
430,29,68.6065603,61.74504207081808,6.829258537341604
430,2,54.1921561,48.77231001457254,5.35956398566811
430,6,52.033353299999995,46.82941402216436,5.184605803767173
430,7,55.6062752,50.044985971254555,5.499094274195821
430,8,54.706154500000004,49.23497822906625,5.415434168465966
431,10,49.2462261,44.321008390325495,4.904290154062655
431,12,68.524371,61.67121729582299,6.840511872504391
431,14,48.0154831,43.21343121533196,4.792469039436339
431,17,57.7723267,51.99448470869521,5.718093279975686
431,18,57.0526375,51.34677251738485,5.667270852064858
431,21,46.8443531,42.159384979574064,4.656104146464635
431,22,47.7554324,42.97927308013092,4.751322399355155
431,23,54.332948599999995,48.89908146882462,5.377393343275344
431,24,55.666124800000006,50.098939179864786,5.510369961269502
431,27,51.2080615,46.08673065408001,5.069099874384664
431,29,54.002752,48.60183539693851,5.378966402354695
431,2,68.3695045,61.53169587151942,6.758880211150532
431,6,69.3274721,62.39385464769869,6.900084803304225
431,7,69.6077365,62.646062633357424,6.902180189328728
431,8,67.6964356,60.92608422973493,6.710696618005127
432,10,67.9099769,61.11819766350883,6.765315969520464
432,12,55.401519099999994,49.860799063025006,5.532781557468643
432,14,67.7074034,60.93595211905022,6.759530298719253
432,17,48.0669234,43.259732468756866,4.757742156303477
432,18,51.2833642,46.15450115710486,5.076493928144663
432,21,56.102297199999995,50.491378335460816,5.583596577408879
432,22,69.5189837,62.56627133530583,6.909910831782684
432,23,67.7298241,60.95609498054066,6.701555498489563
432,24,68.6576374,61.791153635443166,6.795881775971887
432,27,69.999498,62.99881253388888,6.928604923193296
432,29,69.053807,62.14755956092797,6.874503071104174
432,2,52.4637875,47.21677698851345,5.1942898135597435
432,6,56.511370500000005,50.859582873333224,5.629602892540779
432,7,56.2569372,50.63058204075227,5.582554791470617
432,8,53.775693700000005,48.39757876213465,5.323762523199253
433,10,51.0521441,45.94630704421146,5.084433818066922
433,12,66.92632640000001,60.23299030707499,6.681275699021824
433,14,59.306994599999996,53.37564095062201,5.91637159119963
433,17,68.7196563,61.846975642778965,6.802451154449959
433,18,68.762233,61.88529303021125,6.806472136236136
433,21,49.7930105,44.81315031876094,4.950015865559342
433,22,57.53529710000001,51.78112091607931,5.718942705708718
433,23,55.165503199999996,49.64837195125359,5.459734730424698
433,24,52.0207106,46.818105390804774,5.149503657143936
433,27,54.5603939,49.10379273876328,5.4008883129695295
433,29,53.7264321,48.35315029267948,5.3507971901164355
433,2,69.3487482,62.412983662481814,6.854690673933423
433,6,70.46462919999999,63.417303612930205,7.017521422937235
433,7,68.0534368,61.247208486366915,6.72690058979903
433,8,46.6612397,41.99463639522617,4.648114657082267
434,10,69.82211099999999,62.83905918329406,6.955758725123194
434,12,59.7574958,53.78111279880445,5.964293426642277
434,14,45.949587400000006,41.354140379765845,4.585350004965402
434,17,53.8987651,48.50833106528799,5.354740985562474
434,18,55.6308377,50.06718213337387,5.50690711464048
434,21,69.7527104,62.776622395479144,6.931637009040172
434,22,70.0993952,63.0886233333694,6.981980681210985
434,23,64.9061686,58.414849070478994,6.423041667095952
434,24,59.0264605,53.1231860037179,5.841850582021674
434,27,68.4751761,61.62694923468208,6.8038678357311415
434,29,68.4629489,61.61577221517268,6.816543153461336
434,2,54.279769300000005,48.851141582160245,5.367107938911384
434,6,57.327858,51.5944132446306,5.713087690189179
434,7,56.19312669999999,50.57315878866248,5.557687735600955
434,8,57.2471961,51.521877386151615,5.701920669133393
435,10,53.9778313,48.57941152733711,5.377199001885594
435,12,45.5140958,40.96220861013073,4.530239019272111
435,14,66.33466059999999,59.70049445382964,6.621714020334815
435,17,70.821416,63.73852566828511,7.050466259988301
435,18,70.4008321,63.3600088675655,6.968299013204288
435,21,56.004046699999996,50.40301813987273,5.551547516776927
435,22,62.7289142,56.455202844655815,6.228010241001323
435,23,55.1953582,49.675244877728915,5.482999635344701
435,24,47.4223674,42.679644299411095,4.694428885928642
435,27,51.95255709999999,46.756763838881156,5.172414260012918
435,29,54.153749100000006,48.737731396191904,5.396038205433405
435,2,68.0125494,61.21045704494732,6.724188796222254
435,6,71.7670484,64.58942352941538,7.144388390292337
435,7,68.9704978,62.07255407713615,6.826363104337247
435,8,51.595357,46.43529186510595,5.137316313643243
436,10,70.8455194,63.76008147785585,7.053953754129549
436,12,59.9351678,53.94101995820334,5.934780928120035
436,14,48.8768454,43.9886557360829,4.879759982439217
436,17,55.221356300000004,49.6986494081805,5.486265202830116
436,18,57.4188004,51.67633104199332,5.68401231991265
436,21,70.821416,63.73843113777307,7.00113680261042
436,22,47.797406599999995,43.017048066700035,4.722546826413718
436,23,67.3563673,60.620007711587974,6.684346654835819
436,24,56.102297199999995,50.49147437767517,5.5844704651180646
436,27,69.5893595,62.62969858136633,6.928674627911094
436,29,67.333011,60.598861360954,6.7055061895305705
436,2,55.377416999999994,49.83902742399026,5.50539893334546
436,6,58.464738100000005,52.617593536590796,5.827018618514685
436,7,57.682287499999994,51.91339798722875,5.705715720522023
436,8,69.8310668,62.8472303357664,6.971248448882516
437,10,55.5144922,49.96240278340972,5.5321422015977
437,12,50.401427600000005,45.36076852625171,4.989275104243914
437,14,58.0524743,52.24660828686052,5.745671034133195
437,17,69.4095717,62.467887607724016,6.895538703943112
437,18,71.4861582,64.33679108926142,7.075822735075303
437,21,56.087359299999996,50.477998446233784,5.547330242705811
437,22,67.04262279999999,60.33755871787285,6.628453653652063
437,23,53.2410388,47.9163719168387,5.288123724395802
437,24,50.6166704,45.5544848345642,5.023271026279286
437,27,56.2448715,50.619806369885396,5.600415041586562
437,29,51.828886600000004,46.64537930132692,5.163974383348318
437,2,68.7464422,61.8709161364621,6.843647312075103
437,6,69.031254,62.1273357421176,6.8808639046922595
437,7,67.7412579,60.96613314463878,6.736344734646641
437,8,54.2051155,48.78404486962234,5.39695552146032
438,10,72.01727919999999,64.81467238262736,7.173413961381929
438,12,59.00701419999999,53.10569149827716,5.873793361889659
438,14,47.837194100000005,43.052981484491674,4.735246444198265
438,17,56.09221720000001,50.48241767979125,5.5525821336145595
438,18,58.464738100000005,52.61766416133157,5.808889800840369
438,21,71.2439701,64.11874061231059,7.079970666497215
438,22,52.3643009,47.12727765214064,5.179085015695529
438,23,66.8222654,60.13931019030542,6.64947160014553
438,24,70.5804924,63.52170332576638,7.026932743587893
438,27,71.1506283,64.03482150199628,7.083889644531793
438,29,57.5963572,51.83597406626176,5.7333858355542455
438,2,51.76833979999999,46.59088887845562,5.136717968633923
438,6,51.374519299999996,46.236418486519945,5.114819835916085
438,7,52.101689500000006,46.890896251443344,5.191156659656182
438,8,68.1163633,61.304019854921584,6.767388950212949
439,10,54.4118742,48.970038100690985,5.420677197648795
439,12,52.8842116,47.59524838093574,5.254291109333961
439,14,57.216854399999995,51.49455909502028,5.671182499610012
439,17,70.7405323,63.66573098410954,7.001788209895513
439,18,71.1769229,64.05848614134229,7.071117789010977
439,21,53.986206800000005,48.58696796439779,5.338159591303765
439,22,60.198648600000006,54.17803700979418,5.9500031359233105
439,23,52.069767199999994,46.862239713309826,5.182578150939861
439,24,54.9879655,49.48860296133967,5.475264465385554
439,27,56.564841099999995,50.90777672811866,5.632472393909474
439,29,48.0070151,43.205741083759605,4.78251007104364
439,2,57.6475089,51.88204289127617,5.718950924145625
439,6,68.16946619999999,61.351636957227505,6.785662609555525
439,7,58.103784000000005,52.2926482460868,5.784513405244484
439,8,55.39279259999999,49.8529444160394,5.50355312231061
440,10,68.8136485,61.93136111330021,6.846809061520897
440,12,68.7918829,61.91197159604922,6.833522329816939
440,14,51.5853411,46.4262748380117,5.106334367183219
440,17,55.543965500000006,49.9889956415455,5.4982324773462
440,18,55.3975252,49.85720215049269,5.49796515083223
440,21,68.87634969999999,61.98790616223133,6.809450798393549
440,22,49.3023956,44.37158988372616,4.875636934736706
440,23,56.001623,50.40085594198311,5.57279294728748
440,24,70.821416,63.73852836990778,7.050581448822221
440,27,72.37824950000001,65.13965981992692,7.190211392161144
440,29,57.365191800000005,51.62794484418455,5.71216420781172
440,2,46.3752475,41.73714637934702,4.607621480201478
440,6,53.76577030000001,48.388576423594714,5.358520305628009
440,7,48.1939663,43.37399260182143,4.801696564976453
440,8,71.1235689,64.01046528418179,7.080675552681219
441,10,65.3912524,58.8513450579883,6.5147128612031056
441,12,57.0895112,51.379974339775416,5.677023437026593
441,14,68.9095859,62.01789590384518,6.820524341198755
441,17,69.38351189999999,62.44443075416263,6.867733547184618
441,18,67.4062336,60.66490775387173,6.696796528476129
441,21,56.37239509999999,50.73452335083514,5.575188833773655
441,22,60.0638787,54.05677437000573,5.938469826594927
441,23,48.0020868,43.20137372702079,4.777960373913126
441,24,56.087359299999996,50.4780469787186,5.552273425865734
441,27,54.404926499999995,48.963875940603536,5.385644928907351
441,29,50.1793536,45.16080083738468,4.997535900613953
441,2,55.7262426,50.152893100832124,5.54675671325949
441,6,58.025016799999996,52.22178177048391,5.777012261364209
441,7,56.031628600000005,50.42770782617053,5.576247174219586
441,8,55.4073296,49.866027501349684,5.484799450405638
442,10,44.580575,40.12190446288477,4.434522354418365
442,12,69.6023533,62.64139002702324,6.914695883490601
442,14,54.6232606,49.16037082127519,5.407108864586991
442,17,52.185271099999994,46.96620678890675,5.165784699264392
442,18,52.07780749999999,46.86949193148734,5.174055517973428
442,21,68.2067089,61.385257499309645,6.744800589886759
442,22,51.2875135,46.15816986790838,5.071776562480871
442,23,55.381956200000005,49.84315077281492,5.51007156507691
442,24,71.22461960000001,64.10140723903636,7.049849688964873
442,27,61.45328370000001,55.307311954187796,6.082660088364096
442,29,68.99050079999999,62.09058487142581,6.869989457358035
442,2,50.08702149999999,45.077726759835684,4.989995208789316
442,6,49.6292756,44.665763328860024,4.944481590967041
442,7,48.0305351,43.2269061978509,4.784857788949603
442,8,68.9756512,62.07736493657009,6.827413778650694
443,10,58.8228412,52.93984322618514,5.859156203816841
443,12,56.0941533,50.4841616020198,5.601043451597575
443,14,69.4032262,62.46216703578288,6.869334344180404
443,17,59.4481587,53.50271239531437,5.933313240201571
443,18,57.995168,52.195040086317526,5.740152598157472
443,21,51.1339216,46.019951633574244,5.0566883821841175
443,22,69.92647149999999,62.932992577004306,6.913858434715858
443,23,50.2243188,45.20135926274583,4.970705359339594
443,24,55.399006500000006,49.85853550254367,5.484264231331498
443,27,49.3177046,44.38542803837516,4.881879457824121
443,29,55.9404061,50.3457105089257,5.574133096840092
443,2,68.0785967,61.26991424780177,6.78197376180823
443,6,57.979213200000004,52.18053982044605,5.771011700541024
443,7,59.0524283,53.14636767443651,5.8749694874037415
443,8,55.3926754,49.85283887150792,5.483328269474962
444,10,46.6834262,42.01452280436733,4.65007374425093
444,12,68.8344965,61.95032702345937,6.87165547892382
444,14,53.981854,48.583108794400005,5.343442982386216
444,17,48.1283381,43.31500939904338,4.805363308050204
444,18,50.333627400000005,45.29974790408404,4.982437557455181
444,21,59.3535759,53.417520298960596,5.867800148288542
444,22,55.7911054,50.21136610301555,5.51842010149947
444,23,67.211777,60.489866229097,6.650726070234607
444,24,70.4211933,63.37834125702925,7.031255322013778
444,27,59.23316870000001,53.309231526139115,5.862916588737192
444,29,69.95963309999999,62.96279359304558,6.964400266072032
444,2,51.8863264,46.697060552846196,5.168357509092283
444,6,54.19063750000001,48.77095250688734,5.401182496901859
444,7,53.1991147,47.87857994325172,5.300980266634339
444,8,68.9105687,62.018796376418585,6.821337475148221
445,10,57.955417,52.159142504395234,5.770161071232069
445,12,55.1940712,49.67409587646536,5.51075821967613
445,14,68.42453640000001,61.58136922408041,6.77318911627445
445,17,57.341055399999995,51.60634130684357,5.721059070890227
445,18,56.675904499999994,51.007716679488325,5.617823224588522
445,21,46.578779999999995,41.92036666894905,4.611836577170882
445,22,70.8753176,63.786944225759825,7.007979507806935
445,23,64.4421601,57.997220515131616,6.375352370623448
445,24,53.1493071,47.83382684748121,5.3069637137533965
445,27,52.207448199999995,46.986168305246025,5.1681693131473905
445,29,55.39279259999999,49.85285739183554,5.51673171536918
445,2,69.7276469,62.753990381482964,6.942820720713303
445,6,70.4131971,63.37099614698379,7.0116780995307515
445,7,69.1554096,62.238996400196896,6.8864661082173075
445,8,50.916303,45.82414767763078,5.0399474370321204
446,10,50.69469049999999,45.624625564909365,5.050484476841499
446,12,68.326862,61.49346125796267,6.82185630489807
446,14,55.4436401,49.89870384694308,5.488332534742604
446,17,48.1373252,43.3230976833967,4.8046032346492495
446,18,53.57834809999999,48.21996480621891,5.303839454642615
446,21,57.341055399999995,51.6062468808011,5.675287885900009
446,22,55.6635742,50.09658456152575,5.5063642182065875
446,23,51.8671539,46.679880816496805,5.151093042261463
446,24,69.38351189999999,62.4444334071744,6.926473115643499
446,27,71.9915455,64.7916380829381,7.126091252559275
446,29,71.1235689,64.01030204611325,7.078243637639352
446,2,56.9778197,51.27938410641942,5.678507461141637
446,6,56.410177100000006,50.7685042399867,5.621474391579687
446,7,54.785521800000005,49.30631739301183,5.458340359137627
446,8,59.7578634,53.78145670495275,5.915123675862279
447,10,70.0372744,63.03268860744545,6.975134954980475
447,12,64.72456960000001,58.25142167619632,6.4596022139664875
447,14,70.337121,63.30265717284293,6.961681314700467
447,17,61.2560864,55.12982340507237,6.111699311975296
447,18,70.20438850000001,63.18321518567134,6.949092637170189
447,21,48.1373252,43.32305036824674,4.760563566499852
447,22,71.0224647,63.919359072815695,7.021895546050468
447,23,68.986463,62.08704663773704,6.88004903698892
447,24,52.185271099999994,46.966208136806806,5.165856496155927
447,27,53.961561700000004,48.56484997861064,5.341579349220473
447,29,55.953265200000004,50.35728343000453,5.573653062949011
447,2,70.4359436,63.39142271903158,7.010353514168463
447,6,69.2040218,62.28278548577614,6.8940869677741174
447,7,70.7073891,63.635761250215076,7.025742299950721
447,8,48.5757505,43.71767621237301,4.83636409015426
448,10,53.6296063,48.26601266975002,5.34258273709414
448,12,48.8153448,43.93329849574387,4.871784066306642
448,14,52.8348414,47.5508094499753,5.249038861552403
448,17,53.29490260000001,47.96486481334159,5.320396952711623
448,18,56.410177100000006,50.768579496340124,5.584071537953097
448,21,61.2560864,55.12971524952882,6.053219652727807
448,22,57.17449489999999,51.45640227166933,5.655251292991679
448,23,66.47405950000001,59.825909338932554,6.6130110130131685
448,24,59.4481587,53.502714776642144,5.88383854222138
448,27,69.97177049999999,62.973861563496925,6.926060406667186
448,29,69.5798202,62.6209447612368,6.927623052438149
448,2,54.702711199999996,49.231785944601306,5.449499640900422
448,6,55.40345129999999,49.862454900515175,5.520337493251933
448,7,55.6267912,50.06345073592115,5.529527934997458
448,8,58.939465199999994,53.04490206782148,5.883387515735541
449,10,69.3018441,62.37080888921309,6.901279376869421
449,12,66.3954612,59.75521702797202,6.609656880222994
449,14,68.45718149999999,61.61074445019523,6.800918514741164
449,17,71.37739979999999,64.23890534081326,7.106020590815292
449,18,69.3440696,62.40893711543456,6.863920801815027
449,21,53.29490260000001,47.964820270023914,5.2712044659633674
449,22,71.0154271,63.91302526861378,7.02068881046915
449,23,50.1493262,45.133853570141014,4.962528611943712
449,24,48.1283381,43.315010582409585,4.764111115315242
449,27,55.2249883,49.70192303724608,5.466813561340646
449,29,56.692025300000005,51.02216571903073,5.649885789589172
449,2,69.8876809,62.89804041906672,6.959625821656313
449,6,71.0184828,63.915746905911234,7.0713263074701205
449,7,70.0180546,63.01527809249999,6.939981813946837
449,8,54.074631,48.66659842351731,5.397295544501822
450,10,55.5240626,49.97101598456476,5.53274754728953
450,12,53.4770254,48.12877457961809,5.293713036329945
450,14,48.926936399999995,44.03373701397628,4.860705736935604
450,17,56.399469599999996,50.75894044580647,5.582946141575678
450,18,56.2394606,50.61493642289412,5.567191458247489
450,21,71.37739979999999,64.23881156814005,7.091950448631824
450,22,56.3421321,50.70727959052492,5.5725585075891635
450,23,67.3644289,60.62725134854951,6.665816994044868
450,24,57.35735629999999,51.621018068891324,5.677192056689646
450,27,70.3882946,63.34872543778248,6.967125805986249
450,29,69.89562910000001,62.9051417709103,6.956550783089441
450,2,56.1809012,50.56215429655751,5.556175707871779
450,6,68.2142916,61.39194621767286,6.786325167198875
450,7,66.6826812,60.01354373201228,6.623448773922421
450,8,49.290457700000005,44.36088764645631,4.905510253533369
451,10,71.5483307,64.39262355628425,7.12571636956724
451,12,58.9854325,53.086271502499386,5.838265146789547
451,14,56.507618199999996,50.85625392831476,5.606841902106604
451,17,70.9833721,63.88428830687075,7.02609983865713
451,18,71.11062179999999,63.998818558158504,7.039050882697389
451,21,57.82015619999999,52.03750207595287,5.7633428691867605
451,22,68.8863042,61.99683679068673,6.810028537260369
451,23,54.0356001,48.63147090011028,5.347887395470013
451,24,47.5139627,42.76207805503725,4.720511415668731
451,27,55.5111426,49.9594590261429,5.527505959352115
451,29,53.18563280000001,47.86643674407164,5.298700211996902
451,2,69.88112770000001,62.89211962094975,6.907102775700983
451,6,50.8164554,45.73415138622342,5.05766805883156
451,7,49.1818071,44.26297937587902,4.895260916807511
451,8,70.5690532,63.5114101858378,6.985208160077025
452,10,58.449248499999996,52.603662552240785,5.826019481793433
452,12,49.5726182,44.61484959172766,4.907198269900053
452,14,45.223379,40.70057388284282,4.502499168765408
452,17,56.293503199999996,50.66357178396995,5.572444345965634
452,18,58.9949364,53.0948214758691,5.879897442800703
452,21,71.6999627,64.52909538692491,7.086675367024028
452,22,54.122162900000006,48.7093432094585,5.353696516844228
452,23,66.7448198,60.06961602174312,6.604886142954801
452,24,61.3947093,55.25459020762305,6.098653698941562
452,27,69.8877639,62.89825675006001,6.97696375040877
452,29,59.7914029,53.811509624899486,5.954270629251789
452,2,53.129873,47.81625418249447,5.253674629152402
452,6,68.8459249,61.960486640733826,6.8569346904745325
452,7,67.73294899999999,60.95877458569797,6.743574653882365
452,8,55.1985363,49.67811570145337,5.464130894262514
453,10,72.0375897,64.83287473127326,7.168679262807994
453,12,60.6274804,54.56408956426286,6.000348433926239
453,14,54.7379477,49.26357674494552,5.464436482601121
453,17,71.3808543,64.2420181530482,7.065436671835319
453,18,56.9407544,51.2460790892662,5.68369134114009
453,21,56.293503199999996,50.663521469445634,5.567534040218999
453,22,61.280606500000005,55.15176726804121,6.055917692150976
453,23,54.9566994,49.46045070116359,5.4390930575921415
453,24,51.561988299999996,46.405257759521284,5.122571199864929
453,27,53.0899737,47.78042994608252,5.286132975368093
453,29,49.298865,44.36838614783127,4.9114428727960755
453,2,58.598167700000005,52.73759424585684,5.791503301568003
453,6,62.613687299999995,56.351518362449454,6.233422524343419
453,7,53.4510983,48.105362626426185,5.327003110908275
453,8,70.4100061,63.36826944838405,6.96947417515859
454,10,59.906817000000004,53.915362993914975,5.962885774740343
454,12,51.0354759,45.93140434646427,5.0518894364906055
454,14,48.2238507,43.40096578059387,4.801223861997513
454,17,56.2317596,50.608004390704195,5.566402013525559
454,18,69.16573029999999,62.24843037333275,6.904221309484576
454,21,71.4475961,64.30198671906993,7.063119251695806
454,22,50.9533476,45.8574295579263,5.039495922094665
454,23,67.8395675,61.05487757959937,6.713261821280531
454,24,69.2799636,62.35124372198743,6.857678080252181
454,27,68.25484469999999,61.428646447942945,6.814718022184606
454,29,58.939465199999994,53.04475735145438,5.8679645868717065
454,2,48.1575648,43.34123489033929,4.761877960235254
454,6,52.5418797,47.28701535503469,5.229990398044383
454,7,59.2797781,53.350980218504155,5.8983803639060115
454,8,54.80885130000001,49.32740325103301,5.425559087992911
455,10,45.8703269,41.28256389210787,4.556274303477887
455,12,58.951016599999996,53.0552975478133,5.834844026605092
455,14,68.6629861,61.795963117658175,6.835871363900789
455,17,70.6098555,63.54811809414464,6.9888662255354905
455,18,54.921502,49.42878630173863,5.4755408498967695
455,21,56.5828625,50.923946177906075,5.596416158775438
455,22,59.928176099999995,53.93463180187806,5.967033226786798
455,23,52.8990986,47.60863141223052,5.243075257756202
455,24,57.052497599999995,51.34666140919497,5.647711826782268
455,27,51.820549699999994,46.637962779659006,5.174722513563084
455,29,51.8420168,46.657196330469326,5.165099600061562
455,2,56.868896199999995,51.18126838082846,5.63798510538511
455,6,67.1292124,60.41541932264428,6.681688021501914
455,7,58.51332059999999,52.66113838056933,5.81867598787615
455,8,68.85831970000001,61.97175404304474,6.815093138097542
456,10,70.103863,63.09263291962696,6.9824565276029995
456,12,53.32634830000001,47.99316675551309,5.278801169184834
456,14,55.684455,50.115433589178984,5.5444972341179275
456,17,64.54139789999999,58.08657471882102,6.4346128360556
456,18,67.38084260000001,60.64204550765367,6.7251281915528995
456,21,69.77926679999999,62.80052217921094,6.898953064387176
456,22,53.011131,47.709418687528846,5.28262653975692
456,23,57.929546200000004,52.13596167281262,5.764324360532384
456,24,71.500304,64.34952031399165,7.077077745789415
456,27,58.822876,52.93997538483037,5.87273189875019
456,29,70.5146861,63.462314253238404,7.0202665923349095
456,2,47.5901902,42.83058993843142,4.705175981733914
456,6,59.638314199999996,53.6737133238038,5.935469630898447
456,7,43.2313151,38.90758076520248,4.300860570373873
456,8,56.35618289999999,50.71998673632079,5.611668170716314
457,10,53.425039500000004,48.08191703686806,5.323437547872947
457,12,68.41545909999999,61.57319397021552,6.771709592995806
457,14,71.21004640000001,64.0882908302058,7.067125234037571
457,17,44.2536969,39.82785467170443,4.416161800755027
457,18,60.300882099999995,54.27016258543663,6.019333110617233
457,21,53.456374600000004,48.1101351995324,5.286534785287175
457,22,62.5894191,56.32970693459633,6.230693132520279
457,23,49.2469477,44.32173713175209,4.874077879626471
457,24,56.9603194,51.26370198428648,5.638562233889168
457,27,47.5000985,42.74960158822234,4.742973606122316
457,29,56.1863772,50.56708184790814,5.5971374442576876
457,2,58.194446,52.374248940543026,5.751695747391695
457,6,44.9925945,40.49269231602279,4.4594557724414665
457,7,57.9242209,52.13106099476129,5.7679120978184235
457,8,67.28879429999999,60.55921411260239,6.685024039558195
458,10,62.1865873,55.96715173900255,6.191499964293312
458,12,56.8974275,51.207100935110354,5.632436492073767
458,14,55.9924019,50.3925825449014,5.557326797236913
458,17,60.1146862,54.10258422653804,6.00130414312976
458,18,44.9925945,40.49285484967594,4.489434724987088
458,21,60.1146862,54.10250005627177,5.942300879975465
458,22,53.6731135,48.30518586219816,5.347659032141692
458,23,56.898070000000004,51.207628837970276,5.629211061411773
458,24,72.0883151,64.87871941815172,7.135018011907978
458,27,58.3981153,52.55768437010365,5.812787039360722
458,29,70.2950926,63.26468220311735,6.996730731838439
458,2,51.4582953,46.311858023535834,5.088522421988345
458,6,56.464104299999995,50.81697657734663,5.62022769879098
458,7,59.8888242,53.89902441412024,5.95346743631133
458,8,55.6095871,50.04805830508024,5.545738161675473
459,10,48.4487507,43.603296455662054,4.825499927737344
459,12,69.2072397,62.285788326396265,6.860166715155315
459,14,71.795542,64.61523081374462,7.1327464496546105
459,17,49.314074000000005,44.38216045231413,4.924678591247523
459,18,56.464104299999995,50.817102437275985,5.63665835051364
459,21,49.115895599999995,44.20374919921264,4.856875915536388
459,22,69.6460443,62.68063533159597,6.939266097329888
459,23,50.505730299999996,45.454624760131736,4.998440330997552
459,24,56.5828625,50.923994799811354,5.634249495588747
459,27,57.4178352,51.67544239737408,5.702668079330943
459,29,55.3149494,49.78279944021087,5.509950944280001
459,2,69.2770344,62.3484803632283,6.849205625427634
459,6,49.4070094,44.46573689587259,4.9233614533588375
459,7,47.9677344,43.17032601165897,4.7635730197007495
459,8,68.1145449,61.302375059910084,6.80002114287506
460,10,59.439399800000004,53.4947269464832,5.918840493705625
460,12,56.6696372,51.00209202963252,5.609819395440683
460,14,57.431335100000005,51.68760876989672,5.70628581233167
460,17,59.746189400000006,53.77093695127256,5.963878748156401
460,18,49.2790542,44.35064415390528,4.913117290093903
460,21,57.7252594,51.9520407711247,5.705860082625456
460,22,56.832618700000005,51.148713151383056,5.663513304612003
460,23,68.490421,61.64064410778693,6.77805103497226
460,24,69.9372827,62.94281769837008,6.982065493319428
460,27,44.456312399999995,40.01021968032076,4.437768938922065
460,29,68.1538426,61.33760094388583,6.784453947281142
460,2,52.9293977,47.63581270301487,5.232952544905537
460,6,56.6152192,50.952934709571046,5.6330656221781386
460,7,69.8224696,62.83934286979555,6.937584843758531
460,8,52.101689500000006,46.8909859124337,5.202842826565392
461,10,51.60157950000001,46.440816237737494,5.1409435080578065
461,12,68.41395340000001,61.57183887443536,6.771835416535035
461,14,72.71740030000001,65.44489359464546,7.19788628564127
461,17,51.5132245,46.361370734092674,5.129097983467583
461,18,55.9701035,50.37250330826955,5.579720507062748
461,21,52.0463358,46.84111930763921,5.147961949150258
461,22,70.9060931,63.81462716439941,7.060848369334114
461,23,53.6668107,48.29956207128135,5.311255221122603
461,24,54.3975474,48.957233915357534,5.416557423407315
461,27,61.934506600000006,55.74039991391587,6.181864328825735
461,29,54.786225200000004,49.30695311843415,5.456750380882382
461,2,69.154508,62.23819078604942,6.836227016059551
461,6,50.639190199999994,45.57468681661024,5.046363882484376
461,7,56.1558671,50.5396135728333,5.582386187839186
461,8,58.1616193,52.34484543318613,5.805620638749507
462,10,71.9147698,64.72239569936981,7.160526272076688
462,12,56.4197994,50.777240695760874,5.617951771033224
462,14,55.6538019,50.08784454272103,5.509031927028354
462,17,72.96797600000001,65.67041119983021,7.2226018347493985
462,18,50.639190199999994,45.57475329950108,5.03140492480388
462,21,72.8415633,65.55654377984052,7.251157022031442
462,22,57.065537899999995,51.35834279691746,5.687640283386806
462,23,67.0623179,60.355361015283854,6.636325557575427
462,24,60.18641,54.167140123323016,5.991990115724648
462,27,52.958244300000004,47.66187713750539,5.2886581037998965
462,29,68.4774077,61.62880615051387,6.816585379620639
462,2,55.414502600000006,49.87240348859468,5.480172029920278
462,6,60.1416885,54.12676432102074,5.988349952503216
462,7,70.96112690000001,63.864100382609706,7.04912015708696
462,8,48.9267138,44.03354179496954,4.885799160220076
463,10,55.057506700000005,49.55110811979845,5.484530947600362
463,12,66.6473425,59.98190758790185,6.635167845499407
463,14,67.9611843,61.16434864472449,6.736775020506838
463,17,56.82786949999999,51.14449590017988,5.625343948767932
463,18,59.90755169999999,53.91616583401025,5.980086527879386
463,21,57.004196500000006,51.30313352553017,5.666889092006842
463,22,71.7742303,64.5959416724221,7.148344650135247
463,23,55.0849336,49.57586207947308,5.451941404367655
463,24,48.2299487,43.40645801633644,4.791592128518034
463,27,71.0681104,63.96055634645815,7.095790175437872
463,29,55.6095871,50.04797689001067,5.541271115134908
463,2,69.7024019,62.73130668499532,6.891270155015427
463,6,53.227556799999995,47.90417246488498,5.3032506548092515
463,7,57.6496871,51.884048569888265,5.73211184402342
463,8,54.907796600000005,49.4164422241723,5.4811211548784815
464,10,67.948925,61.1532622832542,6.721452663615214
464,12,52.7925793,47.512780294862154,5.256676949544958
464,14,51.9999295,46.7993988135998,5.147378913691682
464,17,72.597698,65.33716805513647,7.186120712573195
464,18,52.79425210000001,47.5142821551663,5.271455121292179
464,21,70.97011549999999,63.87232006522333,7.020752303435777
464,22,57.5033766,51.75239306978114,5.731277236765307
464,23,67.6731249,60.90507455733537,6.696474139984092
464,24,59.1141798,53.202140965159266,5.851117015115309
464,27,57.573164899999995,51.815258601161126,5.733168327420729
464,29,68.3423656,61.50722079797694,6.8017607554232855
464,2,53.5115037,48.15971052709221,5.291099494233643
464,6,69.23054669999999,62.306623074255874,6.893665554501665
464,7,69.51563469999999,62.56317257805484,6.907901932611986
464,8,47.8864328,43.09729867295297,4.7808963132826445
465,10,45.242845100000004,40.71793963723817,4.48514139122923
465,12,59.6178963,53.655479034603694,5.934482932315265
465,14,58.1352984,52.321153382347305,5.7540006742767424
465,17,55.8524637,50.26663943707938,5.528690393941418
465,18,67.4719674,60.72406763490973,6.73685832952243
465,21,51.9725734,46.77470479293489,5.163789816205329
465,22,70.2910578,63.26110176386075,6.999264025136074
465,23,55.25255799999999,49.72672038302669,5.468540333216883
465,24,51.5132245,46.36137205776588,5.099186554571905
465,27,71.474341,64.32616243687072,7.136962949129152
465,29,62.20002890000001,55.97920917675978,6.1907704842139895
465,2,69.10233,62.19120978732911,6.830047043347587
465,6,67.5104185,60.75846798138798,6.7175439277032565
465,7,55.506274899999994,49.954987349091724,5.517720408157901
465,8,58.2366489,52.412374697251074,5.812953936351571
466,10,68.2269843,61.40350745287584,6.7882353208293305
466,12,50.00712899999999,45.00590282744779,4.950097469091062
466,14,48.1334113,43.31957260365198,4.764497482239222
466,17,73.452684,66.1066341674375,7.270023784499386
466,18,57.431664000000005,51.68790821053595,5.7063037444645
466,21,73.5861137,66.22664554134221,7.313302077957616
466,22,54.8260338,49.342807595810235,5.463322067453863
466,23,68.1921856,61.37223032637499,6.759559135609919
466,24,72.8415633,65.55663975352252,7.209906843069256
466,27,52.1182842,46.90591658259141,5.203682215595428
466,29,43.805613900000004,39.42442689775347,4.356558704158164
466,2,52.0718162,46.86401407519472,5.149026391663489
466,6,55.6261085,50.06283639745952,5.540926118859587
466,7,69.0555655,62.149137721762294,6.876436425093044
466,8,61.4456298,55.300410380011854,6.115600235831959
467,10,49.9420528,44.94722593246362,4.972895979318864
467,12,57.811085799999994,52.029371686112796,5.72213822609633
467,14,55.71137280000001,50.13964565975141,5.545220655404993
467,17,57.848411899999995,52.062973455693246,5.726383945297492
467,18,70.478634,63.43003354572498,7.036027054025589
467,21,56.771388599999995,51.09361377927838,5.644312770285904
467,22,61.9321583,55.7381791049043,6.1656532993726145
467,23,56.098422199999995,50.487991354137094,5.561655842660314
467,24,57.2171472,51.49484322036876,5.6639274901456345
467,27,71.7054178,64.53412292534315,7.158849933353583
467,29,58.4412218,52.59637474526055,5.820693349323414
467,2,58.2824188,52.45342358171393,5.76110518331641
467,6,66.248051,59.622481941723485,6.602664751022206
467,7,55.3407408,49.80600836530667,5.501201255150129
467,8,47.5140398,42.76214051277152,4.719697478490315
468,10,69.95116759999999,62.95517418876022,6.965525102775457
468,12,52.71654169999999,47.44434715684926,5.218492229181123
468,14,48.1087954,43.297419858486116,4.769202992665109
468,17,71.46756189999999,64.32005730718379,7.0742184592210755
468,18,57.7576977,51.98133300013411,5.767080022372805
468,21,73.0523951,65.74630406592068,7.246332294640983
468,22,52.7514081,47.47568208761739,5.2584029083859765
468,23,66.2108598,59.58905134028601,6.574296345724154
468,24,72.2454049,65.02011007492405,7.15126255599459
468,27,57.157606400000006,51.44125939362539,5.707611405484143
468,29,46.513148300000005,41.86126265227708,4.6322108298536975
468,2,47.6475186,42.88219222262797,4.711190485530794
468,6,53.208638900000004,47.88704777442997,5.2929784597408736
468,7,68.562793,61.705646037307524,6.778053935600753
468,8,69.0369253,62.13251375299402,6.833713332255897
469,10,54.874353600000006,49.38628467025099,5.468099398499281
469,12,68.73595710000001,61.861638847356694,6.803505196676142
469,14,58.1498642,52.334258217137766,5.763589234509201
469,17,58.38622719999999,52.547002848740256,5.779740055901095
469,18,69.9245991,62.93141296545243,6.9825868875958745
469,21,56.434298299999995,50.7902306278326,5.581110687039548
469,22,63.959152200000005,57.56240493584248,6.364287876894684
469,23,51.7953758,46.615292337638074,5.126569307002832
469,24,56.0122184,50.41041854056706,5.544515770331957
469,27,70.6816267,63.61272146394932,7.036768237005785
469,29,56.031628600000005,50.42771308528998,5.575869071632738
469,2,55.136646,49.622260761293326,5.450250558481774
469,6,70.37297769999999,63.33481825295739,7.008914516702734
469,7,51.751864000000005,46.57604826258173,5.11691605315068
469,8,53.8437328,48.45880544981812,5.329961751534874
470,10,68.618014,61.75534951988581,6.828208509534157
470,12,56.5141204,50.86212853008624,5.594522507566618
470,14,50.104800299999994,45.09380221926222,4.959686279738353
470,17,71.3348664,64.20062963400972,7.0867173667177505
470,18,56.006885,50.405619760552774,5.59213412400421
470,21,71.13664349999999,64.02215871611901,7.034237735359515
470,22,62.8033116,56.52216040572438,6.2489923526753275
470,23,56.2395337,50.61496775572322,5.565818806226192
470,24,73.17015,65.85237105596165,7.242818074658551
470,27,53.8724687,48.4846703857642,5.333093825222586
470,29,47.8864328,43.09721182695388,4.770031243461304
470,2,50.4090631,45.3675599788834,4.984822443887445
470,6,61.3905515,55.25070878559272,6.110933444864881
470,7,58.8163112,52.933931503004054,5.814266438023931
470,8,70.618438,63.55585255179686,6.98992121381446
471,10,51.820549699999994,46.63788698365369,5.159717068267547
471,12,68.6798161,61.811112601868906,6.82162904406774
471,14,69.3460643,62.41072620018018,6.86392250110037
471,17,53.2235852,47.90067754792341,5.287851751210817
471,18,68.2637515,61.43666231102884,6.814765615591277
471,21,53.033230499999995,47.7293051659459,5.258990118445094
471,22,49.8197591,44.837174293129635,4.960342804885809
471,23,48.695352400000004,43.82530357066191,4.836384907723099
471,24,56.771388599999995,51.09366510953957,5.619773361251478
471,27,61.193793500000005,55.07377026079792,6.107815917476754
471,29,58.774282899999996,52.89611216086875,5.852162258813566
471,2,69.8451591,62.85974826861553,6.903589661661181
471,6,53.8443242,48.45918246707708,5.357275227020011
471,7,48.4240166,43.58102017327227,4.787483753460171
471,8,56.613804099999996,50.95184305381528,5.6043965597924466
472,10,51.90725080000001,46.71598124650377,5.179646280051967
472,12,57.19931940000001,51.47880050551239,5.662266030177475
472,14,54.853262599999994,49.36736894440128,5.4297894266317615
472,17,61.78493160000001,55.605787534248364,6.137582539692053
472,18,53.6348603,48.27082217522207,5.355132984582397
472,21,61.195293500000005,55.075047506943356,6.074705029125112
472,22,71.8918586,64.7018218044173,7.161729194803634
472,23,54.542249,49.087429397150785,5.426994778730342
472,24,72.8405918,65.55576541079488,7.209800853458307
472,27,49.3469261,44.41172723622318,4.92695168536905
472,29,51.1701753,46.05253848333557,5.096654309162309
472,2,56.548071,50.89260328442106,5.5924317737012155
472,6,68.3242279,61.490920615945,6.79947227265299
472,7,56.5416443,50.886737030290156,5.587860785960385
472,8,69.6334546,62.66937782603265,6.9225812424503665
473,10,61.3184477,55.18581570369545,6.100412172972642
473,12,69.26897319999999,62.34134778886977,6.8561804997454034
473,14,69.5705263,62.61273966573724,6.8861381717553005
473,17,49.1020992,44.19138152758348,4.8603492952175005
473,18,58.6862906,52.817049794884475,5.858417620059383
473,21,49.0631714,44.156298632813815,4.888185751725955
473,22,57.1051411,51.39398051507284,5.691544855512615
473,23,48.2640161,43.43710539289177,4.79362568647319
473,24,57.655133199999995,51.88902607333685,5.707318689099326
473,27,60.084108300000004,54.075065017446434,5.981223684876738
473,29,68.621742,61.75872293448254,6.834446003376071
473,2,71.3379663,64.20325923737308,7.051341691124996
473,6,54.5127311,49.06082828579342,5.43239345684045
473,7,52.2356731,47.011485733683564,5.165449676381777
473,8,54.94918009999999,49.453697738108104,5.4475875235799585
474,10,51.751624799999995,46.5758486076402,5.150930277707531
474,12,57.303750099999995,51.57278705138037,5.6726253059643295
474,14,55.48068790000001,49.93204648382741,5.492012306538786
474,17,58.6763881,52.80813379053057,5.807781839127269
474,18,50.865879899999996,45.77876977213297,5.076314286699885
474,21,59.9394356,53.94478895810956,5.970174393696544
474,22,72.1677769,64.95014540912432,7.189282721009344
474,23,55.4860522,49.93684266657397,5.535603348630159
474,24,71.3742422,64.23606601113389,7.064659640988507
474,27,53.3084005,47.97701402721701,5.308160184497811
474,29,54.785521800000005,49.30631971310382,5.441670290524528
474,2,56.8235396,51.140515778515486,5.6194845636892525
474,6,59.156678299999996,53.24024618488285,5.888533424951602
474,7,69.7099811,62.738052267649834,6.888593727585361
474,8,67.4546654,60.708490082905875,6.676665952570363
475,10,69.0203048,62.11744161364289,6.8704323660830084
475,12,69.73313370000001,62.75909091610961,6.902449594126917
475,14,70.0428627,63.03782775302609,6.932441999956174
475,17,52.2749393,47.04690602553706,5.174558130671966
475,18,57.5009012,51.750194940628134,5.737541204907924
475,21,52.8963587,47.60612737541354,5.270729598953897
475,22,57.0828985,51.37395696063922,5.688664667456442
475,23,51.4219874,46.2792488402452,5.132770730751371
475,24,55.1773578,49.65905507096875,5.4620364988424415
475,27,71.8709853,64.68313186414757,7.159052947333502
475,29,70.618438,63.555688190375456,6.980565400720147
475,2,71.3180831,64.18538689455575,7.086295685427572
475,6,51.652877600000004,46.48698412591373,5.146721179792975
475,7,58.3404985,52.505776333471196,5.770458041749393
475,8,53.9069134,48.51566954731253,5.336353887611136
476,10,56.8258732,51.142631906683825,5.659803742882616
476,12,56.22573680000001,50.60258523047948,5.565786404106345
476,14,54.9492565,49.453763813652564,5.459371112216781
476,17,72.147319,64.93182841836719,7.141317924125166
476,18,53.90598490000001,48.514834661679714,5.383075389761194
476,21,70.9294289,63.835692589786476,7.069586118401722
476,22,72.2558026,65.02938030946828,7.1988754353482
476,23,66.7907594,60.11096167073023,6.663910445359446
476,24,61.2453296,55.120149912521576,6.061805746070751
476,27,57.91904960000001,52.12655023257759,5.7340104615998175
476,29,56.613804099999996,50.951761143022296,5.617600103725331
476,2,57.4238275,51.680775588944684,5.709034305896534
476,6,56.5201235,50.86739344484854,5.626981391246069
476,7,69.4549663,62.5085704288664,6.865797642239957
476,8,58.602809,52.74191474207167,5.800499684929592
477,10,71.4534776,64.30721232826903,7.106970320672121
477,12,67.4070017,60.66559627942847,6.672075832682042
477,14,68.2691312,61.44149779817434,6.796636403603433
477,17,57.354050199999996,51.6180542705775,5.677525426463062
477,18,70.3781364,63.33958953704314,7.026519208175232
477,21,50.3661183,45.32890282661731,5.014195913811848
477,22,57.344528100000005,51.60943106698842,5.715317460215305
477,23,62.482363,56.23342353780218,6.181639270100616
477,24,50.5887304,45.529338088829036,5.007727086986421
477,27,72.16671,64.94928083551984,7.143339842956933
477,29,69.6334546,62.66921418271466,6.912078667592066
477,2,71.7680253,64.59030896288415,7.129593492076832
477,6,52.8970642,47.60673174259423,5.232843759710739
477,7,55.0818468,49.57299817262092,5.446496146728944
477,8,49.4830806,44.53426700600165,4.933520961188862
478,10,57.1010215,51.39026190320991,5.648381611841669
478,12,52.1429793,46.9281446997006,5.161455556814114
478,14,51.3952697,46.25521138827817,5.117288094898599
478,17,72.6322861,65.3682680888708,7.188093193523646
478,18,59.17702070000001,53.258711191625565,5.909384410047595
478,21,72.3673268,65.12975037388499,7.208093067320634
478,22,71.8051095,64.62371214170281,7.148432796807498
478,23,47.9431213,43.14827630831414,4.743116595663819
478,24,58.239762299999995,52.415170568504934,5.764201208023533
478,27,58.3997218,52.559150237586195,5.790189872561662
478,29,60.6707146,54.602983914608366,6.024402406878923
478,2,56.94967749999999,51.25403122184053,5.631417630875059
478,6,69.0288734,62.12513702919428,6.826173829176264
478,7,69.79281929999999,62.81263464625697,6.899901386312237
478,8,59.773949699999996,53.79592603894549,5.966693166725496
479,10,71.2170893,64.09448895878982,7.040587430421838
479,12,60.4901719,54.440521325016455,5.987238578847257
479,14,59.6696462,53.70205683795486,5.940696096172862
479,17,59.4535833,53.5076143508067,5.920413413171629
479,18,72.9811241,65.68224515455223,7.285420075238995
479,21,56.8531304,51.16718037759701,5.641281110492867
479,22,57.3874491,51.648054725478765,5.7181596086274675
479,23,67.153133,60.43709366614125,6.645329005982191
479,24,51.6989897,46.52855880826424,5.117591924307118
479,27,72.3518968,65.11594718755246,7.203083876651139
479,29,45.1404667,40.62580176326616,4.486968611695133
479,2,68.9075594,62.01597070400698,6.813420964561537
479,6,59.156213,53.23990733415451,5.860201564257971
479,7,58.6910331,52.8212486084439,5.805016633713757
479,8,51.0444421,45.93947306297319,5.09630191239204
480,10,57.4381381,51.69366329724415,5.681184803001745
480,12,51.410150200000004,46.268607322923565,5.088985225108467
480,14,45.1514908,40.63587205817227,4.485366666239338
480,17,72.4649161,65.21766270090059,7.214695234269059
480,18,58.9513532,53.055611741325656,5.886599740436463
480,21,72.4649161,65.21757865810598,7.164963915398141
480,22,69.6535023,62.687337081804436,6.939243626395762
480,23,55.3339657,49.799988384538665,5.476614114145289
480,24,70.5177502,63.46523879912251,6.980204111903963
480,27,58.231641999999994,52.40788014711833,5.7653745393526075
480,29,58.602809,52.74177026120939,5.834358599519208
480,2,52.406510100000006,47.165235104355766,5.182151537999575
480,6,71.4852698,64.33589632622848,7.069239690714708
480,7,70.5266537,63.47310044216581,6.981399629830629
480,8,69.3131067,62.381076600143494,6.920481989891015
481,10,70.3324674,63.2983577949809,6.953675720989481
481,12,58.3496706,52.51408890111312,5.775087036041192
481,14,56.6183404,50.95591036347972,5.60398336622768
481,17,57.6699336,51.90234615319956,5.742475878102275
481,18,70.5173023,63.46483112785617,7.039225442476342
481,21,56.756102500000004,51.07985603112748,5.613279875787116
481,22,54.1490845,48.733554843261324,5.395801497108995
481,23,67.3734084,60.63533289672883,6.676367295720084
481,24,57.532577100000005,51.77872797675382,5.695331284897428
481,27,72.0212403,64.81835960899411,7.128897266386619
481,29,49.3441173,44.40911274367212,4.915942943178719
481,2,59.7315127,53.75757162249759,5.9026854314160415
481,6,58.9513532,53.05553543020655,5.830354541002562
481,7,56.95329099999999,51.257286178127316,5.6322542172920445
481,8,56.1403922,50.52577637653049,5.605702317484971
482,10,53.8724687,48.48460304785463,5.32890355149043
482,12,54.5760818,49.11791484458107,5.402598881856884
482,14,52.627263899999996,47.36399453067705,5.209484182042261
482,17,72.3421738,65.1071799189339,7.2008402601214225
482,18,58.8290064,52.94550184669549,5.845126706206188
482,21,72.2382152,65.01353569705894,7.14138628025805
482,22,62.377235600000006,56.138772668417886,6.213472672742083
482,23,55.137833,49.62346908673678,5.458459553182852
482,24,72.3673268,65.12983564209165,7.189323560786553
482,27,57.281423200000006,51.552693086910054,5.670533206982928
482,29,57.569198099999994,51.811531188110116,5.73121906138503
482,2,49.6375919,44.673249598269784,4.909007900409205
482,6,70.50639029999999,63.45484253105393,6.969409800717769
482,7,69.1984442,62.277704246627884,6.873757126063265
482,8,71.1969237,64.07647956457004,7.107187484432713
483,10,61.2894631,55.15970407500265,6.071742697931679
483,12,69.3150045,62.38277547794876,6.860736637397578
483,14,72.2369137,65.0124508501446,7.149604293561954
483,17,58.5692977,52.711765524445795,5.819288007296296
483,18,69.42277999999999,62.47977575458691,6.896752955667598
483,21,58.4847135,52.63559616598585,5.785200944837017
483,22,51.195558,46.07542187449953,5.101682912818061
483,23,66.4255479,59.782274652912534,6.573498967690101
483,24,56.8531304,51.16723188840274,5.627911531267017
483,27,70.8701631,63.78240208607762,7.014905468113061
483,29,52.515055700000005,47.26293081127001,5.233055762350287
483,2,59.7055974,53.73424931947425,5.930024488671866
483,6,59.051576,53.14574078902905,5.842104606422867
483,7,53.4940748,48.14402810615441,5.317094426470178
483,8,56.1422261,50.52742569574935,5.605609034222987
484,10,50.071595099999996,45.06384557574927,4.965127469298103
484,12,57.6637188,51.89675513942913,5.708249533017187
484,14,57.9698705,52.17228379933566,5.772193793288416
484,17,71.7807422,64.60190416207692,7.145539723647052
484,18,56.9398997,51.24532319283688,5.657183940061787
484,21,71.9046412,64.71327964717885,7.126636526996465
484,22,63.796904600000005,57.41641097303485,6.349837670997135
484,23,52.7408462,47.46620584921213,5.219739088094312
484,24,72.4649161,65.21766491044707,7.172861788943102
484,27,53.3091901,47.97772352086739,5.277159289920297
484,29,68.7783496,61.89971252033738,6.85524243590614
484,2,53.5636852,48.206687116114615,5.297258307009365
484,6,69.1837592,62.264548111362814,6.842308511475104
484,7,58.876940600000005,52.988480435448324,5.847965686854264
484,8,67.7691205,60.99150009518754,6.765259619283033
485,10,59.1754487,53.25717275378765,5.865320693264887
485,12,70.9886309,63.88901745069679,7.050854525769384
485,14,72.7449624,65.46969525185222,7.262412796149448
485,17,54.947380300000006,49.452077587443775,5.486933015438438
485,18,68.4463676,61.601011242618206,6.7995056205350375
485,21,54.947380300000006,49.45203324295476,5.45228413132927
485,22,54.859001500000005,49.37248297617949,5.46787101030443
485,23,56.9316442,51.23785994784104,5.633354317727968
485,24,55.3470098,49.811736249273686,5.478594723771792
485,27,61.0068787,54.905552105310825,6.038603840477465
485,29,50.7843339,45.70524110297724,5.055517211518238
485,2,70.9225884,63.82939671834721,7.0306876622871615
485,6,57.6033843,51.84237742800193,5.696915354654447
485,7,49.7626637,44.78580349419245,4.943713640807034
485,8,57.2265077,51.5032709686736,5.714659824123323
486,10,52.7671239,47.48979322541482,5.218365820583441
486,12,58.4231713,52.58025542683888,5.783532535395078
486,14,59.138218499999994,53.22378492978807,5.9058376031738575
486,17,61.681081000000006,55.51232327143509,6.157808305538276
486,18,66.4435734,59.79850677139605,6.599606501847856
486,21,61.681081000000006,55.51223979039609,6.128131686846918
486,22,72.2023744,64.98124649563621,7.1890854734437655
486,23,49.4840071,44.535086426344975,4.897420190605024
486,24,71.17460559999999,64.0564042759733,7.045453496332166
486,27,50.331316400000006,45.2976701819373,5.011542635928324
486,29,71.1464295,64.03089806276502,7.078915095455049
486,2,57.21985670000001,51.497204350864884,5.702031208411437
486,6,68.4242303,61.580945091937636,6.764721834375745
486,7,58.608475299999995,52.746864424106064,5.821020932832157
486,8,69.0555655,62.149287178791354,6.883768745113926
487,10,71.8709853,64.68298846316621,7.104429939266134
487,12,70.0037525,63.00264152955164,6.928967876375781
487,14,72.6549739,65.38872434605874,7.255729638456185
487,17,48.6200037,43.75750214563546,4.854899174364204
487,18,49.2840038,44.35509165192819,4.920152394023383
487,21,48.6548971,43.78885039494411,4.811441895489207
487,22,59.1678927,53.2504402876255,5.89807962392358
487,23,57.29827469999999,51.567824071230646,5.715892523867464
487,24,55.2875195,49.758195715033395,5.504765451878294
487,27,61.2432519,55.11827781588309,6.111708510080008
487,29,56.71348939999999,51.04147732002646,5.646255215813314
487,2,70.023853,63.02054558689469,6.970316397332968
487,6,54.6419585,49.17712544595955,5.42909232254566
487,7,52.6278346,47.364420959013266,5.231055218308579
487,8,55.3407408,49.80609836741542,5.500309580909905
488,10,57.91904960000001,52.12647866904744,5.729112976982734
488,12,57.8347228,52.050656967421965,5.725236965244013
488,14,52.7664326,47.489236421896145,5.267842155557718
488,17,60.087698,54.07829512475507,5.99860390244808
488,18,59.02963810000001,53.12605620128577,5.892986954132851
488,21,59.210983999999996,53.2891985641404,5.85438498055675
488,22,71.8858264,64.69637699865778,7.159394326875969
488,23,53.031816,47.728077839901374,5.292794329962246
488,24,70.4161882,63.373831089827654,6.970026237757133
488,27,52.1751824,46.95712727162802,5.194860196853427
488,29,69.51563469999999,62.563178502349906,6.9216018085263515
488,2,69.2954177,62.36496137950713,6.897575288565855
488,6,58.5707777,52.71297579473678,5.819706874141242
488,7,70.0756945,63.067242548490086,6.962401290018811
488,8,68.562793,61.705797019388605,6.819307348474586
489,10,72.16671,64.94913874074517,7.170231447170376
489,12,69.3971724,62.45672592804966,6.908769255619681
489,14,71.7544604,64.57825374771994,7.163471134454715
489,17,52.5832525,47.32438477926384,5.224269212665114
489,18,50.412125100000004,45.37039517963612,5.034045035202676
489,21,49.5451374,44.59004497904393,4.898472106644179
489,22,59.870232599999994,53.88254309178935,5.968270999156209
489,23,68.90504870000001,62.01377463575143,6.8726602656442894
489,24,67.0522254,60.34629101342832,6.636368178797793
489,27,71.8643658,64.67718891976467,7.140574985470701
489,29,55.506274899999994,49.954990562762674,5.531044531393145
489,2,47.1639611,42.446907564564256,4.691383658348725
489,6,50.412125100000004,45.37031974391178,5.0222825263047755
489,7,56.357860800000005,50.72140518053076,5.573321490333176
489,8,52.349976,47.11444214902633,5.203043411355751
490,10,58.3997218,52.55907946317758,5.82081550004197
490,12,58.2170808,52.39477625145015,5.813615613156666
490,14,55.1198038,49.607251996115124,5.503920587643418
490,17,73.1355188,65.82119797520804,7.239175403306362
490,18,57.9728978,52.17500091139525,5.787405311494184
490,21,71.1662037,64.04880174177676,7.040252275407614
490,22,72.0848897,64.8755477860585,7.180959751523892
490,23,57.5174726,51.76512027687945,5.741401893434406
490,24,46.4739888,41.82610351325841,4.62615900761748
490,27,52.0076883,46.806379355868906,5.14919973487343
490,29,68.1838488,61.364667977818016,6.795891635685743
490,2,71.1274964,64.01389184121992,7.0701492191191155
490,6,57.7361587,51.96176859630189,5.744581685091821
490,7,70.3133371,63.28109547134274,6.959316127352157
490,8,59.431009599999996,53.48727911611369,5.9309711916178
491,10,72.4940967,65.24380317807774,7.2210021991609015
491,12,67.8540498,61.0679317260058,6.773965026062912
491,14,67.1042801,60.393158872870686,6.70209776992637
491,17,57.2118359,51.49006167103183,5.663358004051704
491,18,52.2320291,47.00828729922191,5.215374459574635
491,21,47.0943394,42.38430875946786,4.653053248645188
491,22,57.4787367,51.7302126713008,5.728798720903174
491,23,67.8231428,61.040101075349426,6.767581806264319
491,24,61.681081000000006,55.51232561458979,6.156964064303223
491,27,73.0963924,65.78598891358774,7.261923485142962
491,29,46.390178500000005,41.750508191460646,4.614559347854761
491,2,58.2054475,52.38421856982645,5.756656294752157
491,6,60.8668348,54.77931092380096,6.041804096464806
491,7,58.526399399999995,52.67307414186931,5.7891451337163415
491,8,49.3208843,44.38829205270686,4.925385527896531
492,10,57.2049718,51.48381111318484,5.700930567153208
492,12,53.0664315,47.75924225208601,5.298265571347926
492,14,45.4493829,40.90396483797767,4.524039362950513
492,17,73.3274588,65.99394197904196,7.258171154959592
492,18,68.56343609999999,61.706378124733675,6.84547941427035
492,21,71.332343,64.19832539587183,7.056999710716361
492,22,72.1932183,64.97302648453606,7.189448406259278
492,23,57.21407790000001,51.49206983946162,5.662840319556018
492,24,48.6548971,43.78890593467222,4.84426983242628
492,27,58.880936299999995,52.99223721080746,5.828848865789361
492,29,67.5437297,60.7885370260886,6.722483705784987
492,2,71.4088208,64.26710153253374,7.062403130545842
492,6,47.9353709,43.14120528072167,4.770088955361918
492,7,71.14115389999999,64.02614425172611,7.037547631200962
492,8,58.2902833,52.460631457901876,5.8168786423601375
493,10,72.0194059,64.81658638096833,7.173568735316102
493,12,60.3175188,54.28513543539064,5.991789736675967
493,14,61.2343723,55.11028772365875,6.061709951618985
493,17,57.443329899999995,51.69840386950606,5.686306784064216
493,18,68.7610098,61.88417568225869,6.8620612012998405
493,21,47.442648999999996,42.69778500566356,4.72064800376983
493,22,58.3226277,52.48971056577254,5.813552679320453
493,23,69.48619000000001,62.53681432458702,6.876089952122361
493,24,58.542246,52.687406645785416,5.827890384121283
493,27,73.8360763,66.45169663458552,7.308684095378016
493,29,51.751864000000005,46.57605185587628,5.139601134002245
493,2,52.49484399999999,47.24469756058297,5.1901393218934135
493,6,68.56343609999999,61.70626501049997,6.830146507129934
493,7,57.7429776,51.96799682770751,5.7532935727105174
493,8,51.2179815,46.09565789447378,5.114536601702762
494,10,56.299869300000005,50.669228211867264,5.609665567227276
494,12,58.9445432,53.049463577783506,5.833694043725875
494,14,47.894322900000006,43.104395528393646,4.740822256453854
494,17,73.0655114,65.75818814896648,7.258140290404945
494,18,52.8291195,47.54565666983474,5.273957064987013
494,21,72.1032546,64.89210906259437,7.185150681294224
494,22,70.09582049999999,63.08540617324841,6.982459741995903
494,23,56.2542811,50.62825855761371,5.56747244071844
494,24,53.1743345,47.85635491740617,5.263755425231493
494,27,58.2131792,52.39126275003542,5.762596624154796
494,29,58.7878429,52.908297951418824,5.8348890246836245
494,2,70.9967738,63.89621193493913,7.054596663132966
494,6,58.8035784,52.92254630728036,5.861149989182528
494,7,71.5922108,64.43206990334525,7.127353818320496
494,8,68.94287460000001,62.04787342023307,6.883943680714847
495,10,70.8701631,63.78226042351314,7.055571934442467
495,12,47.7774796,42.999235638350854,4.768954653151332
495,14,58.315815199999996,52.48359995019181,5.818433017522845
495,17,59.00682080000001,53.1055308034709,5.892312609084169
495,18,71.1746405,64.05642869171395,7.1058292868091755
495,21,56.5637206,50.90670420858754,5.628340911439962
495,22,53.490499899999996,48.14084096885583,5.330132202716097
495,23,68.0186823,61.21608864858732,6.770225208837636
495,24,72.8436453,65.55850874831854,7.20979413133204
495,27,72.6189103,65.35625638630071,7.187959341618932
495,29,49.3208843,44.3882150133242,4.899426166616668
495,2,54.237728399999995,48.81337488371914,5.397486533730176
495,6,71.4873327,64.33772621787564,7.120551485701582
495,7,60.1510071,54.13521056709638,5.981067471832302
495,8,55.731480899999994,50.15776045905649,5.565564641338041
496,10,53.3091901,47.97764773359743,5.299499156104494
496,12,61.4984483,55.347951964318845,6.13824270444857
496,14,52.075925,46.86779755169558,5.200758684517502
496,17,74.0192202,66.61652035632945,7.390606374586904
496,18,70.5218893,63.46894894698625,7.038836316066046
496,21,72.3351568,65.10079710091912,7.176187282246281
496,22,63.3717766,57.033800052669314,6.305490077605204
496,23,56.1069295,50.49564613062951,5.599780267137292
496,24,58.246757599999995,52.42148188407625,5.765874651554083
496,27,60.24960539999999,54.22402714641934,5.96437303524006
496,29,54.6512012,49.185471823555794,5.449710294318688
496,2,59.7686231,53.790992996066976,5.937105576659834
496,6,58.944014,53.04893112083368,5.874381262382514
496,7,70.7834235,63.70414069103406,7.029840213696214
496,8,69.1346983,62.22049813371133,6.901177140129942
497,10,61.332324699999994,55.198303549756965,6.062190300463454
497,12,55.006596699999996,49.50537300777593,5.493343685945065
497,14,71.55868939999999,64.40206188262559,7.143913253611685
497,17,58.037156499999995,52.232841821208204,5.795936880547308
497,18,50.455522200000004,45.40943749338891,5.035780363037727
497,21,61.4313351,55.28753196022637,6.124625761340734
497,22,52.3200646,47.08746605053309,5.211929985682934
497,23,69.0572349,62.150765608403546,6.833947215124639
497,24,72.0670414,64.85958721622916,7.133773196898146
497,27,71.8499305,64.66418282821262,7.172064903983715
497,29,69.9233883,62.93008798234413,6.95764583905188
497,2,54.402802900000005,48.96188441547815,5.381581798597887
497,6,70.16723660000001,63.149609572456356,6.98509586432567
497,7,55.751037000000004,50.175277086975676,5.531997137916556
497,8,68.0370973,61.23266277875971,6.789798689122398
498,10,50.478475,45.430043977347005,4.992801719703988
498,12,70.2342673,63.21009235439402,7.00927581134652
498,14,58.7750339,52.89692495869695,5.870023480231537
498,17,73.6404409,66.27561894278658,7.352096127477654
498,18,69.7203195,62.7475695258836,6.963557724323691
498,21,73.8047828,66.42335390472428,7.342245887060108
498,22,62.32375,56.09060622019491,6.16063858246466
498,23,52.8186877,47.536260191802604,5.227309865199124
498,24,59.2196814,53.297105298690724,5.862365952044546
498,27,54.0824219,48.67362307299789,5.400546416829944
498,29,58.3404985,52.50577955777745,5.81569413909432
498,2,71.1396126,64.024825427825,7.036400041391973
498,6,60.3889881,54.349408160861124,6.020529967945565
498,7,60.682438000000005,54.613385992536344,5.996514937687442
498,8,50.245527599999996,45.22045128834424,5.015128347325801
499,10,60.8216388,54.73871123268979,6.021912400683695
499,12,58.3580848,52.5216783869094,5.827697192513994
499,14,74.641628,67.1766618656567,7.450038957463292
499,17,55.256508800000006,49.730287782465105,5.5180667415262885
499,18,53.9664511,48.56924551877092,5.37953661591654
499,21,59.0361404,53.13190263166785,5.881510330395679
499,22,56.707219499999994,51.03586351527164,5.609319859983339
499,23,59.411925499999995,53.47009275400915,5.9124062910945305
499,24,73.5032059,66.15210666471353,7.317267878473611
499,27,61.9365027,55.742207066258565,6.183919152795143
499,29,69.1346983,62.22031204128309,6.881508054991283
499,2,52.823000799999996,47.54002249844092,5.258231604248857
499,6,70.3860454,63.34653521215313,7.006906959981746
499,7,52.1007077,46.8900182816177,5.152086965952445
499,8,70.2445356,63.21934455245703,7.011935561703277
500,10,51.358629300000004,46.22214935899656,5.115287914862281
500,12,68.98057279999999,62.081794179069895,6.8863353196101675
500,14,59.11284260000001,53.200946875626116,5.902540910677792
500,17,61.947940300000006,55.752493869657435,6.184472418388567
500,18,70.3515716,63.3156749340102,6.963429356086576
500,21,44.3995877,39.9590967038567,4.420447041263541
500,22,73.0006384,65.6996741926896,7.215876945548427
500,23,49.7902088,44.8106649444199,4.955985015961458
500,24,56.5637206,50.906763448324426,5.631880937828025
500,27,54.5668653,49.109607205529265,5.4468605833291885
500,29,69.7779599,62.7991504347377,6.912441868462437
500,2,73.6158586,66.25342205683917,7.33721228029813
500,6,60.5527022,54.49674845285207,5.991300396370082
500,7,62.3182257,56.08555045196928,6.186934350682127
500,8,56.8463822,51.16115886986078,5.6759686280612085
501,10,64.4294144,57.98577848346965,6.376548722868781
501,12,56.1444005,50.5293835070739,5.590426338803973
501,14,72.9717098,65.67377309082275,7.26545757750968
501,17,50.2746688,45.24668473832351,5.020466985334577
501,18,59.342651599999996,53.40777713437627,5.874503506928201
501,21,60.405986,54.36457601980483,6.006192474793236
501,22,59.2897199,53.36008761230909,5.907905540438665
501,23,57.643797799999994,51.87877672301621,5.749274274984927
501,24,72.545233,65.28995239763572,7.218459194267583
501,27,44.928219000000006,40.43491184264659,4.482218186892386
501,29,48.039266600000005,43.2346902203379,4.746479104100968
501,2,54.756700300000006,49.28034593052707,5.453037276437339
501,6,68.33796559999999,61.503355453353926,6.762278083417949
501,7,59.161561500000005,53.244729221495945,5.852209319620394
501,8,67.705912,60.93457897668403,6.7544972994220425
502,10,72.9124817,65.62015304635034,7.247733590155344
502,12,70.7633161,63.68624453167006,7.0451747880802476
502,14,58.500765099999995,52.65008469382702,5.825170968815533
502,17,59.41064900000001,53.46894896358964,5.929638016102315
502,18,69.25846759999999,62.331892693764026,6.855226577905173
502,21,55.3408892,49.80619366058839,5.494004628104141
502,22,73.4077056,66.06605236890775,7.309953760934914
502,23,52.6168623,47.35462372974022,5.237567651276667
502,24,58.280568499999994,52.45191144813977,5.803198654444201
502,27,61.5127264,55.360806569429066,6.140464999234308
502,29,69.13909459999999,62.22433350831125,6.835619829738875
502,2,71.6029274,64.44172334270883,7.129915689875476
502,6,50.7058797,45.63467250055794,5.040697533389464
502,7,76.2221819,68.59887354139967,7.528979672663768
502,8,70.3677043,63.33018487145925,7.023392558941486
503,10,60.0922089,54.08228791484141,5.988455506514003
503,12,56.7349773,51.06089639438217,5.616260818479717
503,14,74.1111465,66.6992464085485,7.335552550120394
503,17,55.169909100000005,49.652352136610624,5.510054591473783
503,18,55.4015139,49.86079424539435,5.516601994948783
503,21,71.31447159999999,64.18222701282481,7.1077742710773695
503,22,59.9652105,53.96802214006554,5.975391817497863
503,23,69.5930796,62.63302055874752,6.925926293581865
503,24,73.3211976,65.98830936185709,7.257630493813236
503,27,55.97423620000001,50.37623942941061,5.5902977816966555
503,29,57.8936669,52.1036240580395,5.725662256353917
503,2,56.252597800000004,50.626659441178134,5.604088119917387
503,6,60.423291,54.38018442583754,6.014687097135175
503,7,65.7623323,59.185404690901414,6.508487483382796
503,8,68.6810037,61.81217185475595,6.854873967779806
504,10,70.34867320000001,63.312959219294775,6.992053673644217
504,12,70.7761742,63.6978130394477,7.005496897352885
504,14,58.158661499999994,52.342194903858086,5.757187966752063
504,17,72.10136200000001,64.89045880145628,7.197506153924158
504,18,60.573836,54.5158102937895,6.04581062377872
504,21,52.8900936,47.60046377905938,5.267086356537435
504,22,73.22699030000001,65.90338995012705,7.287988523792609
504,23,56.511766200000004,50.859994787088624,5.613199630890995
504,24,55.7468151,50.17156170986004,5.518493835603556
504,27,73.0673623,65.75984844016605,7.293145152459394
504,29,70.3225693,63.28940935772907,6.950783383589195
504,2,71.4144326,64.27213191189679,7.115406072033391
504,6,51.437913099999996,46.29351797610013,5.113275936724985
504,7,63.85416779999999,57.46803079911798,6.350986228663767
504,8,49.6060956,44.64496640663992,4.951410994753539
505,10,59.264134199999994,53.33703530488508,5.879844703933842
505,12,58.806807299999996,52.92552392653697,5.855891550735456
505,14,69.8237621,62.84064498396717,6.910992657366803
505,17,59.0688015,53.16131384065203,5.8986886352418795
505,18,52.508020099999996,47.256681638926196,5.228650621275238
505,21,72.5092847,65.25745356542853,7.216277715346825
505,22,59.8413651,53.856558348810005,5.962387984701421
505,23,70.5289009,63.47524993029208,7.010021034678572
505,24,63.027683999999994,56.72423919461676,6.237568452615144
505,27,63.1726649,56.85474246856605,6.307887703587694
505,29,57.236058899999996,51.51177717234695,5.66017331952033
505,2,58.897868499999994,53.00739756654247,5.870274149339984
505,6,57.729143699999995,51.955498526444046,5.734742271865122
505,7,72.10376029999999,64.89233972049772,7.170527892711499
505,8,69.0561517,62.14981467949202,6.861266635547609
506,10,71.9096656,64.71788198630777,7.117197500931211
506,12,68.3473204,61.51187360564921,6.8238984888879
506,14,51.9216872,46.7289815519258,5.139569817634313
506,17,72.5092847,65.2575779939358,7.217472544500761
506,18,58.0914952,52.281729246046474,5.782182974430466
506,21,60.9705358,54.87281425098146,6.070610893226436
506,22,73.7987946,66.41802746819498,7.311247031949878
506,23,56.3340382,50.70004143554115,5.5958607053828615
506,24,51.1298842,46.016372746884144,5.061434293424056
506,27,48.4678232,43.62049788227357,4.821272756355047
506,29,69.0561517,62.149668428044976,6.8266834706292165
506,2,70.57570079999999,63.517230082149666,7.027438777871995
506,6,60.8653988,54.777970780898805,6.011416137791834
506,7,61.3793754,55.24072926649385,6.103354043374873
506,8,53.9613754,48.56468574376642,5.361436617181115
507,10,55.130082,49.61640877083547,5.491047353887584
507,12,53.3637602,48.02683500107347,5.328689923053879
507,14,59.5538808,53.59786299245643,5.928558067206515
507,17,60.9705358,54.872855756979405,6.0358912876321815
507,18,54.2177666,48.7954338872889,5.36714615448788
507,21,72.8425349,65.55739992364006,7.252253825140127
507,22,61.5995646,55.43896312229292,6.113118718737227
507,23,68.96038920000001,62.06359906051324,6.82398065123921
507,24,60.0307915,54.027073684332734,5.975282281996694
507,27,64.0888512,57.679313654364236,6.3782590353499895
507,29,56.3261491,50.6929200130002,5.58132278350491
507,2,54.3608172,48.92409218513763,5.416700527571245
507,6,47.037802,42.33338340801423,4.679506728566748
507,7,71.574528,64.41617615812801,7.075769595221376
507,8,59.6323167,53.668447333973674,5.922560638299546
508,10,71.92516049999999,64.73172259047594,7.160478999598892
508,12,64.3586549,57.92210818754713,6.423991256517657
508,14,49.683913600000004,44.715011144544555,4.961510907631058
508,17,72.8665004,65.5790681581672,7.211737506641087
508,18,70.3323815,63.29840756028217,6.961783035585449
508,21,57.828786099999995,52.045255877618246,5.763087176895746
508,22,66.3755356,59.73715200659923,6.606513993949579
508,23,58.0312143,52.22748409565096,5.743629056015927
508,24,54.899487300000004,49.40897564103836,5.482146402876728
508,27,72.0762699,64.86788585213174,7.175668374091797
508,29,52.136173,46.921992416035266,5.158852434075741
508,2,61.408407499999996,55.266761362214424,6.112763058397868
508,6,68.941266,62.04635981378317,6.873291969454553
508,7,55.9840024,50.38493648364086,5.5361926119205584
508,8,50.3795453,45.3410766772526,5.00554616656311
509,10,55.231815100000006,49.70799058306168,5.503944800178168
509,12,59.1163276,53.20407876836994,5.902084284455669
509,14,60.04553849999999,54.04033297466996,5.991960259919543
509,17,58.8201164,52.937497421358316,5.822712917299193
509,18,57.818455199999995,52.03601515677953,5.723521331549225
509,21,71.9584017,64.7617218310784,7.158787809697082
509,22,55.183736100000004,49.66474071212623,5.49955186590665
509,23,69.7183051,62.745721895580935,6.89925939130432
509,24,72.291409,65.06150691884636,7.217341685097592
509,27,57.406487500000004,51.66524751223878,5.716070826337201
509,29,69.91823839999999,62.925487811781565,6.9093387298157225
509,2,57.7534649,51.97735097324881,5.7478416703074595
509,6,50.786850400000006,45.707507219898744,5.054947712805591
509,7,61.5761988,55.417762071119554,6.104006220436935
509,8,59.0695947,53.16200351399971,5.885800185684799
510,10,61.886928100000006,55.69746164738065,6.162466688256673
510,12,56.93958690000001,51.2450441041841,5.686511779019048
510,14,52.443875299999995,47.19894559908272,5.236222182161359
510,17,72.21149700000001,64.9896020333231,7.148773524759983
510,18,70.8767952,63.78837423187248,7.015673617763685
510,21,60.5956603,54.53542659531512,6.015141619457302
510,22,67.70572030000001,60.93434077308748,6.742985347870005
510,23,57.4434015,51.69845675480989,5.685303531516777
510,24,57.234505999999996,51.510466133676395,5.715748256984209
510,27,69.9705476,62.97277320791103,6.926957070582635
510,29,57.341935600000006,51.60707161502201,5.6710146578886595
510,2,45.4794951,40.93092677863113,4.524616711338964
510,6,70.3568456,63.32029909576411,6.99219217030278
510,7,52.9075324,47.616152523529976,5.249903254312173
510,8,53.471372800000005,48.12368853422283,5.326828716954395
511,10,51.4408609,46.29617695769053,5.126128683278868
511,12,57.03382190000001,51.32985358604962,5.695691257080822
511,14,71.1201294,64.00738016635692,7.077868359144294
511,17,52.2367889,47.01256150674906,5.188817851523676
511,18,59.9236062,53.93063023965136,5.932039078611849
511,21,71.3116316,64.17967060368257,7.0780328468675
511,22,57.2315496,51.507735092975736,5.702045082659343
511,23,68.5315671,61.677663601995164,6.7813869397459765
511,24,72.8295806,65.54585943315412,7.270772839620434
511,27,47.5837595,42.82488079323338,4.709275183113968
511,29,70.3133371,63.281100472379855,6.949869893261405
511,2,61.416003399999994,55.27359751007291,6.112776710564899
511,6,60.0629117,54.05593284356406,5.970308442743335
511,7,61.397490600000005,55.25692671025775,6.087225513573464
511,8,69.7094786,62.737794347757045,6.947819765497392
512,10,61.5127264,55.36066479425305,6.123574637784433
512,12,71.0352016,63.93093875915674,7.0924732232631005
512,14,49.7724027,44.794637719931934,4.951733395451249
512,17,72.08640670000001,64.87700398417518,7.135198596866507
512,18,71.04919579999999,63.943529470400335,7.032576477855202
512,21,49.5720176,44.614237704260844,4.937410676036317
512,22,75.71816369999999,68.14550738967452,7.546978916468696
512,23,54.7434125,49.26849663682554,5.418125954848941
512,24,58.4299319,52.58633686102958,5.7840823585624035
512,27,68.5368769,61.68248539562085,6.784955135246579
512,29,58.526399399999995,52.67307673978168,5.788341034593927
512,2,54.70105159999999,49.23030590261956,5.450560097521001
512,6,70.8298171,63.74594919390814,7.037277630856527
512,7,56.5969884,50.936624591512555,5.616534715415419
512,8,57.201123200000005,51.48042316197954,5.683181163640576
513,10,65.8701193,59.28210018627253,6.546520074927807
513,12,69.0081437,62.10658554107008,6.885484727687654
513,14,71.5801113,64.42134549130934,7.126741951338645
513,17,68.3101374,61.478388793981985,6.76055925000258
513,18,58.9443331,53.04929357043958,5.835017273544112
513,21,61.8998242,55.70907400139925,6.160898531201662
513,22,56.6229655,50.96000839945142,5.640511023628557
513,23,59.837993700000006,53.85353787437017,5.920727895494421
513,24,72.817274,65.53477967276352,7.209763696237232
513,27,46.6870151,42.01782019930196,4.627374904216227
513,29,70.9767336,63.87815041489128,7.015477501938409
513,2,71.9071123,64.71545934059236,7.15747169801961
513,6,60.963893199999994,54.86681605780776,6.031674902859927
513,7,72.909332,65.61746359553433,7.206905200880579
513,8,69.5604167,62.60365290615372,6.910916456890734
514,10,48.3410156,43.50629649410101,4.811923811134617
514,12,54.6221282,49.15934577094307,5.406526236504868
514,14,70.48434449999999,63.435149472818686,6.976071412416253
514,17,48.669395,43.801946765522715,4.845151492218195
514,18,70.3707174,63.33290595810125,6.965376797046867
514,21,52.314075100000004,47.08209271276249,5.215245049342864
514,22,74.5723585,67.1142669644696,7.4318731909621825
514,23,51.389919299999995,46.25038930173322,5.08622703490219
514,24,59.0524848,53.14662912217647,5.84600073811262
514,27,61.669999600000004,55.50235402685167,6.1042753181381615
514,29,58.6625738,52.79563226974327,5.801730066069482
514,2,59.703113699999996,53.73211548075812,5.95124093149093
514,6,70.3581929,63.32138659766605,6.949643027188879
514,7,60.4461387,54.4008194484857,5.978138025857031
514,8,57.4006657,51.66000342646309,5.7220455653344695
515,10,71.4698669,64.32207392057406,7.106711154396064
515,12,71.0015983,63.90069237568941,7.027731244473161
515,14,51.3032822,46.172413199398726,5.077727064831145
515,17,61.1524054,55.03653209838953,6.106975979421647
515,18,59.730711400000004,53.75702785311532,5.912992687700605
515,21,62.580052900000005,56.321326491233705,6.234821776981464
515,22,56.369277100000005,50.73169150155411,5.615883129911625
515,23,60.0529321,54.046971940067614,5.94152327120893
515,24,73.1767567,65.85831035513192,7.243458897835831
515,27,52.2433653,47.01849425128512,5.171814607343919
515,29,71.5922108,64.43207352395179,7.076493270127964
515,2,72.1463283,64.93084199073644,7.1896833587155315
515,6,59.79443679999999,53.81431284642787,5.914436479446304
515,7,73.86940870000001,66.48159978922698,7.305544539555872
515,8,68.1360736,61.32176684766215,6.770155589314284
516,10,48.541036500000004,43.68627792649552,4.816846327866731
516,12,61.033616800000004,54.929629249043394,6.041960359556928
516,14,72.7132426,65.44114739376369,7.197000746063336
516,17,42.9843342,38.68544143105162,4.289360219527959
516,18,68.8821334,61.99319582220889,6.817962619892925
516,21,51.439267099999995,46.29473502225141,5.122910709629677
516,22,75.2560788,67.7295691475084,7.4958243855370705
516,23,54.087707900000005,48.67836930745203,5.35318791730416
516,24,60.5873162,54.52796243715279,6.006906159562511
516,27,57.17697080000001,51.458691897493644,5.711468892094405
516,29,59.4488459,53.503268998542985,5.879609922083406
516,2,52.907375599999995,47.61597285620638,5.26785475610813
516,6,68.9166357,62.02410473644842,6.812200599745228
516,7,54.7843281,49.305203681055346,5.433405989007968
516,8,54.31913659999999,48.88666113072524,5.416516997926865
517,10,71.8611757,64.67424773181067,7.143710622655024
517,12,70.470303,63.422521639640415,6.974450458384382
517,14,58.324942899999996,52.491846427386456,5.773604786456586
517,17,59.33837079999999,53.40390444999851,5.923129514504552
517,18,55.050807199999994,49.54516176985191,5.44962004499683
517,21,72.9468173,65.65122833908259,7.259765236523441
517,22,61.76074259999999,55.58396804755373,6.155647724584671
517,23,69.99802269999999,62.997450141173665,6.92605055818972
517,24,71.97255890000001,64.77454010961172,7.134267369745855
517,27,72.6485785,65.38295772950991,7.2503676761261175
517,29,71.0713161,63.96324576638755,7.023468855431443
517,2,71.71909910000001,64.54627653325228,7.140476350809176
517,6,55.6331778,50.069212082643475,5.502848792750604
517,7,72.37060100000001,65.13258386186766,7.187413238515278
517,8,71.51161259999999,64.35969044153221,7.136741143205094
518,10,51.653131900000005,46.4871667281902,5.142010600541842
518,12,59.3883347,53.448892455478344,5.879076945869478
518,14,71.3559797,64.21962489138275,7.062662937041964
518,17,53.4761947,48.128023589339215,5.3401596700041365
518,18,59.9122052,53.920343150579846,5.937798945264353
518,21,59.0802394,53.171555622639204,5.8807201322202785
518,22,73.6491201,66.28339448613663,7.343983259518475
518,23,58.757681100000006,52.88129836702451,5.815657453292984
518,24,55.1909599,49.67129682317014,5.463405600290891
518,27,59.542185599999996,53.58735587939421,5.941012229261116
518,29,56.5521723,50.89629860905329,5.5931994434188885
518,2,60.7188306,54.64620115959824,6.047164356941239
518,6,59.119339599999996,53.206659487425775,5.844447565633807
518,7,61.021067699999996,54.918243542816654,6.066659813164444
518,8,60.20852060000001,54.18705159645959,6.012647091003994
519,10,71.96644979999999,64.76888130186651,7.135095539363992
519,12,69.5279221,62.574394613952485,6.88153056604613
519,14,57.0671763,51.35986955659403,5.64907546266141
519,17,72.2850128,65.05575967702758,7.2187642092235
519,18,54.00334049999999,48.60246194999551,5.346536234376031
519,21,72.2277708,65.00420137264281,7.170901220572604
519,22,56.177921600000005,50.55946487660359,5.595859439856415
519,23,69.7368184,62.76237726276194,6.900776897072102
519,24,61.9334476,55.73944896037493,6.129890951772425
519,27,72.7835208,65.50440438471533,7.261193742478571
519,29,60.682438000000005,54.61339251734118,6.0263898636242565
519,2,66.9590659,60.262397070309845,6.675687536088307
519,6,51.90800840000001,46.716604109934956,5.133556588298282
519,7,71.5415072,64.38645838145682,7.0950971793007565
519,8,70.8586939,63.77208064257194,7.073303547769574
520,10,59.98869690000001,53.98914944214687,5.934738413761711
520,12,61.034612200000005,54.93051893447814,6.041675011148371
520,14,69.2245541,62.30136399866229,6.8516348179421005
520,17,55.0904018,49.58078843089217,5.500595978788518
520,18,69.5807004,62.62190749007953,6.887689581671969
520,21,51.4457325,46.30054382766919,5.102002711093422
520,22,75.9670551,68.36942000966948,7.5647380949945715
520,23,59.190482200000005,53.27081497047,5.879894314374711
520,24,50.9972777,45.89702641418936,5.048175144982379
520,27,59.178630899999995,53.26016042609713,5.90467831600953
520,29,52.1007077,46.89002155528577,5.1791861166495075
520,2,53.48750330000001,48.138093361281626,5.327329984955261
520,6,58.3422136,52.50720984662073,5.764922820909116
520,7,61.8052443,55.62400686878711,6.145834162216011
520,8,56.1225796,50.5097471493671,5.604356139516463
521,10,71.1228894,64.00968522518295,7.031328170840927
521,12,56.910613,51.218933604677744,5.677184135863362
521,14,52.2197216,46.99720941332943,5.1690749346909195
521,17,72.2277708,65.00424844467135,7.214335418505927
521,18,57.420043099999994,51.67744591950587,5.717221570167063
521,21,73.2183956,65.89566923193325,7.237102431549023
521,22,58.8442818,52.95919804142855,5.866244297391796
521,23,69.7936887,62.813552308670275,6.962786837442358
521,24,60.812493,54.73060147980082,6.01906693484611
521,27,72.4157791,65.17344068735687,7.227101629589695
521,29,62.3182257,56.08555739168044,6.200705764229699
521,2,69.7057529,62.73428601040233,6.940629157532371
521,6,55.2758463,49.74762835111587,5.467162682563994
521,7,72.30880210000001,65.07707075906526,7.185193870707518
521,8,60.484606,54.43550493549863,6.036759211914486
522,10,57.076993,51.36862419544359,5.653289213059499
522,12,66.8557738,60.16950824418521,6.677226771654117
522,14,59.644811,53.67970246828705,5.903721658854422
522,17,47.3867835,42.64760005808392,4.729141460259124
522,18,69.932359,62.93839427756749,6.922376876149157
522,21,61.7062397,55.53494273330945,6.104490428110708
522,22,69.84090330000001,62.85591979577385,6.950793273514122
522,23,58.6291506,52.765620830823515,5.852437485110225
522,24,52.9359342,47.64179475684679,5.247193880039152
522,27,62.848821099999995,56.56330299408454,6.279057934959911
522,29,57.370912100000005,51.633156493733416,5.704568623364524
522,2,54.219385499999994,48.79681146482826,5.402920935262082
522,6,70.3723129,63.334199141207534,6.957146255224513
522,7,51.2129618,46.091011925969035,5.098651739545402
522,8,52.330412599999995,47.09683625074371,5.22548308934353
523,10,70.6965671,63.62604468320609,7.025502535755754
523,12,48.422406099999996,43.57965429750346,4.83262154890575
523,14,48.4496847,43.604215503367335,4.824538071948105
523,17,72.18264119999999,64.96362142799003,7.186989599560632
523,18,64.55301,58.097051642604285,6.3908273973949985
523,21,73.5478984,66.19216023880892,7.308204442831596
523,22,58.096522900000004,52.28622280131874,5.791602793845885
523,23,70.8233405,63.74024259165171,7.0484946288008885
523,24,71.84849220000001,64.66290282266925,7.112708009512499
523,27,71.9823093,64.78331793713033,7.184817507565979
523,29,75.8225174,68.23930621881271,7.519726532943663
523,2,60.5960668,54.53563591289759,6.02920319138742
523,6,59.4707887,53.52302784112785,5.883264295953531
523,7,61.698415,55.52775659587387,6.140761390822512
523,8,63.618013,57.25553867391618,6.349246488547967
524,10,68.11068139999999,61.2987292961164,6.732654873254927
524,12,60.9700824,54.872436045275386,6.085979562659011
524,14,58.6115367,52.749758972381024,5.850358516121451
524,17,59.4956445,53.54546689861485,5.889681710546381
524,18,70.3822847,63.343284808835904,6.96487898870508
524,21,72.38311870000001,65.14393005987691,7.205463195744691
524,22,70.29809540000001,63.26743560000243,7.0010249664422375
524,23,58.555817899999994,52.69962200910045,5.816863082407551
524,24,47.3661375,42.62902127553397,4.6943083977464335
524,27,56.8190191,51.13653524977295,5.67252798434445
524,29,61.403645399999995,55.26256824436301,6.073147210432501
524,2,49.6335048,44.66956644093674,4.94480628502359
524,6,70.8539488,63.76766667359221,7.010009854093647
524,7,53.9623064,48.56544369576482,5.336775628776473
524,8,56.887581499999996,51.19823997786871,5.671964391394286
525,10,47.2865727,42.55729206102924,4.672741787903372
525,12,52.6236188,47.360717602193304,5.239862291326418
525,14,50.9880095,45.88868005650074,5.0911546949324205
525,17,73.46798629999999,66.12041126550987,7.271977003024884
525,18,53.9989264,48.59847071752972,5.390154747303875
525,21,52.9505079,47.65483598700033,5.272408159162832
525,22,60.9813441,54.88253190992264,6.079691875547143
525,23,69.1193409,62.206645874349725,6.857108794800246
525,24,72.2277708,65.0042496264227,7.150343871418031
525,27,63.3309614,56.99719469635848,6.319046044626734
525,29,73.80880789999999,66.42695996348637,7.294477922538541
525,2,56.8816057,51.192707762435006,5.661449962808556
525,6,60.9487205,54.85315650365747,6.0493571895515945
525,7,61.7823837,55.603258819318405,6.102449907150533
525,8,75.8225174,68.23947014594002,7.555559302705724
526,10,61.9022407,55.71130345963129,6.1231571473397945
526,12,62.4402147,56.195536278995036,6.215713417008592
526,14,71.8964728,64.70608112555897,7.143538366926718
526,17,60.4432944,54.398343965159434,5.983531070774786
526,18,69.7133792,62.74130870235633,6.959822650018597
526,21,71.1022821,63.99125203720297,7.085666234887998
526,22,75.84837719999999,68.2626865320534,7.561309498472822
526,23,55.905661900000005,50.31450911566115,5.548099423428104
526,24,51.4457325,46.30062110502032,5.108833145355121
526,27,53.278134200000004,47.94977471258877,5.318623550093767
526,29,62.8934493,56.60338201897697,6.220949161472614
526,2,51.4589655,46.31244855002475,5.1263960471300765
526,6,71.05227280000001,63.9461328843363,7.072483566178602
526,7,65.2240316,58.70074447121639,6.444985125583099
526,8,61.403645399999995,55.26265056350438,6.122398666985803
527,10,46.7848722,42.105795718442835,4.64714303672291
527,12,66.5382872,59.88372763847864,6.609935000552921
527,14,50.7435709,45.66868166492487,5.022629445659008
527,17,71.7749683,64.59669095007457,7.103032783017882
527,18,59.720082600000005,53.747461258594825,5.963649029527528
527,21,47.8055765,43.02445121659403,4.759735982560868
527,22,51.6185675,46.45605457442258,5.137253262227866
527,23,60.6524791,54.58655839897207,6.034092122253227
527,24,73.2183956,65.89578032089622,7.288619118641267
527,27,62.5021667,56.251288078125,6.236287181824068
527,29,74.1635865,66.74628495753477,7.331086817764387
527,2,69.08981920000001,62.18004728427359,6.887219023999119
527,6,60.4001565,54.35944998964679,6.019824168515293
527,7,52.5890889,47.32949752784636,5.234844337892631
527,8,73.98224060000001,66.5832401578548,7.374668990846674
528,10,61.6520437,55.48602350039583,6.121801475936208
528,12,50.71275309999999,45.640938349455126,5.060756802591993
528,14,71.4481656,64.3026077609452,7.072795020293799
528,17,68.6411669,61.77631878650091,6.793713074088785
528,18,70.1708834,63.15305755681514,6.970978177675838
528,21,64.0347909,57.630521864453144,6.374144704561405
528,22,74.8807126,67.39175934944805,7.460036029120828
528,23,52.9568868,47.660642314968506,5.285160846286376
528,24,59.254475299999996,53.32841734919152,5.865678071194929
528,27,58.056359300000004,52.25013011778428,5.796456616376771
528,29,61.5081666,55.35663623627817,6.083493432131193
528,2,46.4099615,41.76831571692306,4.616065562490225
528,6,69.69064350000001,62.72068062842406,6.936384434113202
528,7,74.668215,67.20041269923348,7.416415954020979
528,8,62.124522999999996,55.911432913560155,6.194326804724799
529,10,55.21912639999999,49.696576346241876,5.490198316446315
529,12,57.520462699999996,51.76779201810104,5.7388169448047766
529,14,45.7565699,41.180422278406716,4.5539222271606175
529,17,45.5715035,41.013870897009845,4.548310841162558
529,18,57.552488499999995,51.796650704888215,5.6974053675651675
529,21,53.3928521,48.05296136942479,5.320302106956656
529,22,62.501030199999995,56.2502246410262,6.230241094137752
529,23,59.013651499999995,53.11164524360051,5.877167339231106
529,24,72.3764218,65.1380339752987,7.164956535482552
529,27,75.3900929,67.85030261622487,7.5291470637841185
529,29,72.3340806,65.09974867418491,7.150092279890154
529,2,69.63906589999999,62.67436352797215,6.941074585368244
529,6,64.532247,58.0783303060732,6.437874371358776
529,7,62.234671500000005,56.0104743586518,6.187513901879002
529,8,74.1635865,66.74644946875021,7.367530977828885
530,10,72.7154003,65.44292900019624,7.209566771056105
530,12,71.4976174,64.34710471276311,7.1380213370467
530,14,70.4871531,63.437690207928235,7.01713610482223
530,17,62.2883154,56.05884185594611,6.221013304775465
530,18,61.550764400000006,55.39502959601626,6.126132090713833
530,21,57.751855,51.9759985342639,5.752568948053293
530,22,75.9528842,68.35675347451833,7.573337381751784
530,23,56.1001184,50.4895178565364,5.552494526864842
530,24,47.2330317,42.50922740032261,4.674488288099419
530,27,49.5471225,44.5918873834529,4.945035993372599
530,29,60.67221670000001,54.604290009680575,6.000722757248251
530,2,47.354304,42.61821419186642,4.710281318495728
530,6,50.8058028,45.72459210808682,5.059115756103151
530,7,74.7923991,67.3122980985448,7.398158798165763
530,8,61.5081666,55.35671844509708,6.088902825148687
531,10,60.2856351,54.25638631957936,5.974200547333746
531,12,65.8439465,59.25885964449424,6.573135780605585
531,14,62.864475399999996,56.577372334796685,6.277268237778817
531,17,45.3893224,40.84991298888688,4.530572648180338
531,18,53.656996,48.2907471881464,5.342981295550213
531,21,53.170222599999995,47.85259697385692,5.290953216119415
531,22,59.0576114,53.15117176998057,5.885049181297338
531,23,72.4187876,65.17611340485183,7.1657317024937575
531,24,70.9371375,63.84269082988453,7.083750877159079
531,27,74.3400775,66.90529777865511,7.423808739694646
531,29,71.5370377,64.3824183136775,7.071033654415368
531,2,71.6868168,64.51731813627342,7.1462748110907794
531,6,61.963927500000004,55.76674129611374,6.168608161685192
531,7,56.6902292,51.02049433919112,5.604122943370338
531,8,72.2826757,65.05364475007896,7.154321812959263
532,10,72.8749977,65.58660879264188,7.207405271870661
532,12,54.625870899999995,49.16270816282647,5.452358394807324
532,14,55.0246442,49.52158753085492,5.490631642244291
532,17,62.5424517,56.28753885299658,6.24251243612076
532,18,60.2606659,54.233960456328646,6.013892535087394
532,21,75.53379770000001,67.97959145971613,7.5218187128973755
532,22,77.7602047,69.98320879050311,7.7411010008165
532,23,61.4549649,55.308825761009516,6.082699082502739
532,24,49.2133445,44.29149970339732,4.913390135661708
532,27,60.168726299999996,54.15123498318561,6.0090108302369405
532,29,69.3876301,62.447908642723085,6.855076200337249
532,2,60.50209399999999,54.45123672026428,6.036073369443517
532,6,53.069020099999996,47.76150342021944,5.288671304419754
532,7,74.0620328,66.65488231902722,7.3208742127804385
532,8,61.3793754,55.240808615578445,6.076220332098589
533,10,58.2167521,52.39440203048994,5.75844429879378
533,12,71.6826028,64.51358955536791,7.136445345871235
533,14,70.9256376,63.83231638471826,7.079808071445411
533,17,56.3899978,50.75041835273065,5.631785070830887
533,18,57.5725884,51.81473966528488,5.733026299686034
533,21,49.835881199999996,44.85166905984517,4.958512165958538
533,22,61.548035,55.39253339926215,6.1337096241133
533,23,72.7934935,65.51337531930821,7.20470365284089
533,24,64.0347909,57.63063167864345,6.391622262808683
533,27,73.37090280000001,66.03304212084551,7.325257540176198
533,29,50.6940426,45.62399381711893,5.046765175217547
533,2,70.2203492,63.19730267505982,6.982288256754266
533,6,60.214814800000006,54.19250046633149,5.989906400256847
533,7,63.646607200000005,57.28121378976725,6.295473409674216
533,8,71.5370377,64.38258273402252,7.080873207837742
534,10,72.4157791,65.17329734027064,7.159338127685964
534,12,74.1106441,66.69877042082679,7.393310687143812
534,14,56.6422152,50.97740644020718,5.656151466997048
534,17,76.91019569999999,69.21835233057219,7.676014991224006
534,18,72.42621,65.18282361394635,7.205684711203356
534,21,74.5874837,67.12787951760488,7.402866391215596
534,22,75.0136449,67.51139702649657,7.472876842529875
534,23,51.5636199,46.40669387253014,5.102186816114371
534,24,52.182735,46.96392680321315,5.211367650078131
534,27,59.89451220000001,53.90444395096116,5.980568172220169
534,29,61.8031927,55.62199629859989,6.147632749646509
534,2,55.6486663,50.08315471996497,5.543096929219734
534,6,60.5992371,54.53855330604164,6.033997839326252
534,7,75.3133356,67.7810135354513,7.453580991104931
534,8,57.291779399999996,51.562014740023436,5.692413922031502
535,10,60.5858071,54.52653784864026,5.993500732570185
535,12,57.972539999999995,52.174688935299145,5.789232213410818
535,14,69.4105614,62.46877662413636,6.929619677785086
535,17,76.1189635,68.50625826797172,7.577735457266348
535,18,72.5066679,65.25522871873446,7.176478701116137
535,21,66.6749767,60.00676414942822,6.62110962729484
535,22,61.9385749,55.74402966795405,6.174528469626294
535,23,72.4652493,65.21796370376761,7.1726570523662705
535,24,61.946737399999996,55.75140522345429,6.183006478676605
535,27,74.0836567,66.67451321313968,7.395221823016309
535,29,56.5486504,50.89318403883867,5.6429705712115465
535,2,61.0085086,54.906856024499156,6.069311983818299
535,6,52.75999529999999,47.483297943840206,5.250371102099991
535,7,62.896837000000005,56.6064224960458,6.220921885891654
535,8,61.469118300000005,55.32155576231332,6.134525053875117
536,10,73.2302182,65.90628400277677,7.239405976545981
536,12,71.1259258,64.01257574849416,7.099112001360553
536,14,55.1816953,49.66295515238092,5.509780630246534
536,17,49.835881199999996,44.85176241557932,4.96037510230375
536,18,51.524494600000004,46.37150152256592,5.1418854760418125
536,21,63.0040233,56.702928489171136,6.272959713236898
536,22,69.47469720000001,62.52638577454786,6.918843674196515
536,23,54.98702049999999,49.48772822493311,5.44927968268272
536,24,64.6818599,58.21298705434776,6.4561874729697575
536,27,63.325355900000005,56.99217159190175,6.324330573947154
536,29,73.0195317,65.71658488970658,7.26654643662676
536,2,54.292044399999995,48.862240223230295,5.411366812021837
536,6,72.3475186,65.11186536617173,7.204026671681489
536,7,72.0797566,64.87085431292064,7.124584715076372
536,8,52.9075324,47.61623713984121,5.27493998920429
537,10,60.892959999999995,54.80297224654528,6.023573730839988
537,12,65.1981145,58.677640120871736,6.512928907027198
537,14,62.7390829,56.46450752841075,6.245392379033208
537,17,74.87227659999999,67.38427607987248,7.43195403963655
537,18,73.6228665,66.25981282982846,7.330460301325889
537,21,75.3257419,67.79233388761695,7.477670640724812
537,22,58.2067588,52.38542974978883,5.801493303024067
537,23,70.2486511,63.2230131119876,6.950933839411842
537,24,49.2458923,44.320787966204286,4.915902320778218
537,27,73.3273576,65.99385186629075,7.318165712411695
537,29,74.0919274,66.68172986387988,7.373457596483885
537,2,50.6173159,45.55495452201603,5.040902014508358
537,6,60.516854499999994,54.46446463662579,6.030151891712178
537,7,58.272625,52.4447399749968,5.7667692307980545
537,8,61.397490600000005,55.25709591528951,6.1194305517474925
538,10,72.0246377,64.82116931295846,7.11464969993261
538,12,56.9841042,51.28510555082152,5.673768381026124
538,14,52.502432600000006,47.25164879242684,5.1972033431446665
538,17,49.907292,44.916031381666336,4.967454771121895
538,18,63.5938667,57.233828387949835,6.3288127828738014
538,21,50.379234600000004,45.34068083273503,4.9942554697384285
538,22,68.7763598,61.89786880513857,6.844852662161431
538,23,61.2896165,55.16001543528484,6.066481213768626
538,24,76.69941019999999,69.02865746468824,7.656957520745798
538,27,57.977597800000005,52.17924402195046,5.7833022621863295
538,29,50.830406800000006,45.74668904253959,5.0589243033398485
538,2,70.3991075,63.35834988484117,7.014201066100095
538,6,73.45392790000001,66.10759758665093,7.312887576968852
538,7,62.3053195,56.07396359100454,6.18762902657317
538,8,56.5969884,50.936709206207176,5.642959210370283
539,10,57.527621100000005,51.77420675835318,5.690466832073181
539,12,69.9514834,62.955589653004466,6.962763666804995
539,14,60.8396087,54.755000276528094,6.02151169472248
539,17,75.8523529,68.2663345113261,7.509205712828309
539,18,73.324352,65.99115714848153,7.32258776778592
539,21,73.8273234,66.44363983286736,7.335957954667955
539,22,60.195917300000005,54.17564689844227,5.997734496391506
539,23,72.5964396,65.33599836190514,7.183329655573468
539,24,62.101319600000004,55.890547808358974,6.2021028439557995
539,27,64.5228836,58.069912250743954,6.4331165017819885
539,29,73.2164258,65.89394230145014,7.298056917908655
539,2,64.03192519999999,57.62803793901891,6.388010000836241
539,6,64.29564979999999,57.865367125562706,6.410350401926589
539,7,59.8852658,53.896045634936435,5.92327067805614
539,8,72.920511,65.62769017158053,7.273031410688747
540,10,63.6032158,57.24202373004547,6.283832920658371
540,12,56.969707199999995,51.27215297111915,5.688963600468826
540,14,56.3787563,50.740298823804984,5.613821488805604
540,17,49.6274784,44.66420186091997,4.91155226960017
540,18,52.186419799999996,46.96722734854279,5.2087111071869545
540,21,72.3226539,65.08956616200044,7.207263567343357
540,22,78.6058468,70.74439630305523,7.776699301104584
540,23,57.4752822,51.727150986303535,5.688625553409225
540,24,74.5874837,67.12795692481878,7.447996669248125
540,27,55.9668665,50.36961010467979,5.589657819607113
540,29,51.5896907,46.430036644241845,5.134360827948214
540,2,47.5672111,42.80982841797475,4.732053063366896
540,6,72.696929,65.42633105099657,7.2385123691805875
540,7,74.97293900000001,67.47465981168082,7.4098355623004535
540,8,61.17466459999999,55.056571130402695,6.099777015411047
541,10,54.468273599999996,49.020829914382126,5.388418609731741
541,12,65.7515972,59.17573583086317,6.561212549879994
541,14,72.9216519,65.62871382856618,7.259589821164513
541,17,74.8222405,67.3392440460998,7.407046875712753
541,18,71.6977589,64.52724546875166,7.151704324275106
541,21,52.0688477,46.86135102380982,5.1857684112534885
541,22,52.9393727,47.64476452448225,5.245304130219518
541,23,61.7624049,55.585479762321015,6.1113983864852655
541,24,75.3469315,67.81143436956275,7.520795533210653
541,27,59.8562854,53.87004556232361,5.976446676402549
541,29,71.803935,64.62266370574221,7.153115025567695
541,2,71.2086774,64.08698406202319,7.0979068423297855
541,6,67.0591449,60.3525090848899,6.689739718266815
541,7,63.9196929,57.526988085952766,6.322513553582722
541,8,72.6503919,65.38459016582043,7.241794865251889
542,10,63.569947400000004,57.21211750958834,6.326040116886662
542,12,55.772479399999995,50.19465843744453,5.568933933788939
542,14,59.020779499999996,53.11808951571989,5.8766515591127275
542,17,50.379234600000004,45.3407746335422,4.9860284048979535
542,18,55.9739725,50.37599169335056,5.588169387357746
542,21,65.2006809,58.6798107508443,6.490469286542686
542,22,78.1369672,70.32241016956092,7.789011917205464
542,23,54.2450549,48.819981832479,5.399811269738463
542,24,49.907292,44.91603419006916,4.98091849473157
542,27,73.7599386,66.38315150193569,7.352816511482367
542,29,73.4632615,66.11593699972678,7.309961519463828
542,2,49.872774,44.88484915813397,4.964652789116268
542,6,53.790786999999995,48.411018954159324,5.3546607931436245
542,7,74.1893989,66.7694835072161,7.383077924270712
542,8,62.603117600000004,56.34216479247476,6.242383585815079
543,10,53.1538849,47.83786077620695,5.294536453923234
543,12,61.3444126,55.209332116516066,6.1247028945313335
543,14,72.8932693,65.60318766201847,7.258706493610918
543,17,72.7928631,65.51282548109576,7.206301360331089
543,18,73.4494746,66.10376779812958,7.335607250147192
543,21,56.786695099999996,51.10743144596932,5.665967705310485
543,22,53.8220878,48.43919992136634,5.356548410398302
543,23,62.2045965,55.98345614193075,6.189456108999839
543,24,77.0107412,69.30886961765411,7.6914486689953705
543,27,62.0532275,55.84726830407449,6.143006170480741
543,29,50.1764622,45.15812411000323,4.991599302211328
543,2,70.2876296,63.25799015401025,7.000388518882204
543,6,72.9230885,65.62995292705294,7.269806027969758
543,7,66.4771957,59.82873616276398,6.628987598865573
543,8,72.94743299999999,65.65193425670135,7.247502676088086
544,10,75.4888957,67.93914601904596,7.524565829439629
544,12,58.838687,52.954216187502105,5.875913394464285
544,14,49.4090341,44.4676063721426,4.918105210365953
544,17,59.2609686,53.33426705015434,5.866742336593283
544,18,53.95255100000001,48.55673752595491,5.386978250130657
544,21,76.488856,68.83913377632335,7.594283573901281
544,22,77.5298409,69.7759981084352,7.730082478794087
544,23,58.177070500000006,52.35875639003343,5.758426314286734
544,24,55.4107125,49.86906450357079,5.532259600713242
544,27,75.8032143,68.22209691618711,7.503289717482058
544,29,71.8491925,64.66340905992521,7.158869411614886
544,2,64.6555426,58.18918726119685,6.438968164257387
544,6,54.740616499999994,49.26590285305076,5.452919419599571
544,7,68.7806713,61.90186130766869,6.862756237217195
544,8,50.1764622,45.15828683449413,4.9837995971569935
545,10,52.8059796,47.524717721369925,5.25762615089858
545,12,71.2710461,64.14320309216308,7.055216924740157
545,14,66.87327619999999,60.18526785507993,6.678623691361908
545,17,49.2347192,44.31073491677789,4.914865662169094
545,18,63.757194,57.38081245595988,6.36630977151339
545,21,59.049893899999994,53.144227410700374,5.859049627306483
545,22,55.056822100000005,49.55046383811497,5.481028992709164
545,23,72.0786594,64.8700256598255,7.135107989551982
545,24,74.8222405,67.33924555189655,7.4736362312999285
545,27,63.5632994,57.20631650669837,6.340575458887515
545,29,62.859700100000005,56.573018569687044,6.2674053457006025
545,2,52.574597499999996,47.31639694462376,5.229731776787464
545,6,61.83369640000001,55.64947707250171,6.151318282792006
545,7,60.4884999,54.43893088878397,6.027561562079467
545,8,72.0838232,64.8746996152854,7.187753535638483
546,10,73.9981214,66.59747703483634,7.378195286814468
546,12,49.9203579,44.92779522970596,4.968563117063049
546,14,67.2907453,60.56098407365127,6.661922930266238
546,17,58.698831500000004,52.82834722330623,5.863067576329297
546,18,50.666125699999995,45.598981937765814,5.0573846157206335
546,21,79.3913392,71.45129910119199,7.851647248319929
546,22,72.8009195,65.52006490306141,7.265744445764835
546,23,51.275920500000005,46.14776786135386,5.114443184625489
546,24,54.5668201,49.109567700946236,5.447525371330276
546,27,75.9178195,68.32524062079541,7.570795718628472
546,29,72.2113027,64.98927291963486,7.189582376350453
546,2,72.2482516,65.02252958343819,7.196055426771614
546,6,54.668390300000006,49.20092957852598,5.449376848361891
546,7,74.38383950000001,66.94454671194923,7.410537497014225
546,8,58.3772392,52.538912910452794,5.828605472205338
547,10,61.3060062,55.17474846236379,6.116655024028511
547,12,69.9029785,62.91196179109622,6.960842568404278
547,14,55.5967345,50.036497708903084,5.524805757039425
547,17,68.70009879999999,61.82938759498217,6.863404862799688
547,18,58.021729099999995,52.21895355631184,5.77668450607969
547,21,55.9660824,50.368812082496774,5.56577793806143
547,22,53.4899272,48.14029783023215,5.327163156711197
547,23,71.7236872,64.550565802004,7.159852979512312
547,24,73.9753914,66.57707357939312,7.385490196663394
547,27,62.3497242,56.114109209981294,6.219140618344642
547,29,50.49119090000001,45.4414151444373,5.024047243234389
547,2,66.3527824,59.71658391126024,6.601561766583282
547,6,63.2197707,56.89681435601576,6.282207560364124
547,7,56.98704060000001,51.287673958137084,5.680001389800274
547,8,72.2331863,65.00911567123028,7.212743561266956
548,10,74.023124,66.61997907684405,7.379717774804525
548,12,57.0739164,51.36593394915987,5.670271201297251
548,14,62.5566937,56.30035893254905,6.191509298754118
548,17,77.5144228,69.76215728217426,7.738338583910003
548,18,59.0749686,53.16686628714963,5.900164769378094
548,21,77.30522189999999,69.57385457236869,7.67392010452629
548,22,71.54400050000001,64.38879213266135,7.128741379509488
548,23,57.447813999999994,51.70242354122719,5.732884744133731
548,24,71.7080591,64.53648698401629,7.156269484208495
548,27,76.6993605,69.02863502198178,7.653389742205422
548,29,62.268083100000005,56.040547595991576,6.205060676278359
548,2,49.868127099999995,44.880666936985946,4.963580396030128
548,6,58.6445067,52.77939226647248,5.800905788157487
548,7,58.651228,52.785457713857454,5.84970230840787
548,8,50.49119090000001,45.44154571313513,5.040328643021426
549,10,50.6446055,45.57946885143965,5.03876478684447
549,12,70.70433109999999,63.63314475186109,7.037708443971049
549,14,55.974257400000006,50.37625115399576,5.540700802574618
549,17,70.8458187,63.76051427254193,7.078182926885185
549,18,71.632876,64.46882543288356,7.1498299770426295
549,21,52.8280894,47.54462465345395,5.236878052848764
549,22,50.471842200000005,45.424042195498174,5.023521928477867
549,23,70.8801709,63.79134800676065,7.012333651877935
549,24,50.7112218,45.6395692619455,5.0615529919693705
549,27,51.1570993,46.0408497434936,5.103987267966813
549,29,55.5443931,49.98935422739407,5.541343934987663
549,2,63.996282699999995,57.59575864024179,6.366249814032405
549,6,71.6696386,64.50177872306331,7.084580781457071
549,7,57.6917213,51.92185921593922,5.748456566345978
549,8,61.3353323,55.201157571538005,6.123310243467591
550,10,73.0175325,65.71495140819304,7.278642991563186
550,12,61.082412,54.97354533361577,6.082737057825479
550,14,74.9931237,67.49303468856257,7.42391026285023
550,17,60.145830499999995,54.13062172981793,6.005547002119496
550,18,62.704969899999995,56.43382974168303,6.262932266076005
550,21,75.78992919999999,68.2101068993775,7.524020236483797
550,22,65.6133214,59.051289765062535,6.545498938131889
550,23,65.3115237,58.77970090457159,6.465466765049173
550,24,65.2562342,58.729922454923546,6.460100922445523
550,27,75.0134188,67.5113050011541,7.483298229041198
550,29,74.75686259999999,67.28022871183279,7.441139233774757
550,2,62.467357899999996,56.21980571752156,6.21839893192697
550,6,62.1594737,55.94281635332555,6.148279171982107
550,7,74.9049435,67.41351722422048,7.461060679528391
550,8,54.2999396,48.869386992546985,5.4222560853753805
551,10,49.5993289,44.638765344918575,4.937022909466284
551,12,71.0959683,63.9856331864866,7.098795411048316
551,14,52.53013560000001,47.27656539607948,5.242714412271914
551,17,69.0967246,62.18634775578595,6.90339094782989
551,18,72.4388599,65.19421301564576,7.232145755358053
551,21,64.4104512,57.96870217189153,6.394740453336826
551,22,78.56651169999999,70.70895228915127,7.796302958190497
551,23,50.8546811,45.7686498923577,5.0314481730547564
551,24,53.833305200000005,48.4494218196879,5.373625358745134
551,27,56.59237,50.93256074457581,5.6471514347068315
551,29,63.8946428,57.50445116471719,6.341637744292873
551,2,44.628363199999995,40.164917000840596,4.440303735945548
551,6,72.4388599,65.19406989799924,7.160725630287528
551,7,67.21816630000001,60.4956020487943,6.703875142440891
551,8,61.5264111,55.37313845361656,6.1449079378476235
552,10,64.56178489999999,58.10486642819416,6.434540352026777
552,12,51.4036112,46.26271128166369,5.116955144887694
552,14,74.9014665,67.41053416563683,7.478432281517662
552,17,75.29440170000001,67.76414493476304,7.513237624705901
552,18,75.7314545,68.15749512939647,7.557127955279337
552,21,58.178796,52.360270368537165,5.798590937767188
552,22,53.2969773,47.96662132233869,5.293655819376517
552,23,70.08959569999999,63.07988932517395,6.994774684491828
552,24,63.664614799999995,57.29750916134171,6.3608701672200025
552,27,67.2075112,60.48606703266069,6.70348369945822
552,29,75.4477357,67.90206048805767,7.517099741459151
552,2,65.42673070000001,58.88328371515236,6.519507368455372
552,6,63.177326099999995,56.85887806282837,6.249318143212282
552,7,66.4036952,59.76262003068965,6.627265902778885
552,8,48.249139400000004,43.42371651481667,4.815334220763292
553,10,46.1557156,41.53954916034671,4.593536887515922
553,12,70.9602132,63.86346089880303,7.024671048120271
553,14,61.476944200000005,55.328612300076394,6.1384828574529955
553,17,50.398975199999995,45.35855103767359,5.030770774819392
553,18,53.529659900000006,48.176132945124905,5.3426819029809485
553,21,64.840643,58.35578033837503,6.453675956368544
553,22,76.886404,69.19691133619456,7.650708533926799
553,23,55.643260299999994,50.07835059130879,5.554510915683287
553,24,77.8217921,70.03880972102337,7.773124755718514
553,27,48.959740499999995,44.063249672131455,4.8856980583060095
553,29,53.292901699999994,47.96290886763179,5.304590795078083
553,2,52.2447904,47.01965299395281,5.201554629577893
553,6,73.0527783,65.74656515769175,7.220154008884853
553,7,74.9911103,67.49106644348025,7.469632802457034
553,8,74.85699489999999,67.37052433956532,7.475881456583817
554,10,64.3380386,57.903490401863884,6.409748041012598
554,12,54.555161399999996,49.09909470825916,5.401141449504331
554,14,75.6896388,68.1198912280915,7.5598635561375405
554,17,64.840643,58.35588710091848,6.4711515482760085
554,18,73.05162440000001,65.74571021980435,7.231882837424787
554,21,58.4307209,52.58697080268311,5.8206780185209395
554,22,53.8199933,48.43733067207975,5.356289000018849
554,23,61.4910238,55.341240175447744,6.133601044030336
554,24,54.073000900000004,48.66513260476877,5.397703063654226
554,27,76.8299961,69.14620572607801,7.673352965813643
554,29,74.8388236,67.35408352160688,7.461045910383
554,2,75.4448619,67.899422671255,7.458188915248815
554,6,64.6002188,58.139512079313484,6.3932597644793105
554,7,78.6388384,70.77389534946856,7.826243281546221
554,8,52.582269800000006,47.32349225558297,5.248099620349857
555,10,47.573710600000005,42.81569532014708,4.732418536664263
555,12,64.6591794,58.192570781623026,6.399112832763099
555,14,52.6129597,47.35110624069829,5.251655281480478
555,17,64.8536899,58.367629187330124,6.47256583013404
555,18,52.16687519999999,46.949637159062995,5.170592679549017
555,21,48.655660499999996,43.78948275979241,4.841679755355447
555,22,78.8694154,70.98159530962293,7.82837300850834
555,23,52.8288788,47.545436482883616,5.273330566627959
555,24,78.1135237,70.30136512935009,7.802239594810778
555,27,51.930625,46.73701486105168,5.18255048027508
555,29,56.4983921,50.847848137085684,5.6260640048162065
555,2,63.3804497,57.04167879177342,6.269176113756306
555,6,71.2037979,64.08256180557032,7.040339594271765
555,7,54.7028329,49.23182758634602,5.445164278401393
555,8,74.995046,67.49476762926682,7.451535154084497
556,10,73.70443039999999,66.33315815179924,7.347923959462189
556,12,59.1260597,53.21284850310604,5.853161288108114
556,14,74.857257,67.37074607797106,7.474733431819563
556,17,55.558437299999994,50.00203121538265,5.550800402376318
556,18,73.1740776,65.8559168247892,7.243965484744039
556,21,63.25075759999999,56.924840940894796,6.290417869132493
556,22,59.719145,53.74654509841856,5.950272813042785
556,23,55.48762430000001,49.93828761530363,5.540351415301291
556,24,60.533127799999995,54.47918875976104,6.044776535091133
556,27,76.0157963,68.41343436053775,7.591708886605303
556,29,75.196709,67.67608594008246,7.485163317668621
556,2,73.7967121,66.41604082730238,7.291648311328934
556,6,59.0645329,53.157466502521004,5.846240218903135
556,7,76.5041291,68.85283834301006,7.627249861158094
556,8,55.1591457,49.642656473158155,5.498058052689823
557,10,49.1564118,44.240110011846895,4.890516691844322
557,12,73.9421627,66.54717836333383,7.319468074266174
557,14,63.5686314,57.211111708583445,6.329971590452358
557,17,75.71295620000001,68.14083967794885,7.555870508213987
557,18,52.852732700000004,47.56690176296214,5.231579120126074
557,21,58.349118499999996,52.51356592353245,5.809396911147434
557,22,76.782554,69.10336046949472,7.6449700424304465
557,23,69.6297626,62.66605733342044,6.951060915494607
557,24,75.70207450000001,68.13105053392093,7.55484808161381
557,27,50.7582538,45.68189295255812,5.065268227626029
557,29,62.896837000000005,56.60642517593048,6.220990085006828
557,2,61.997889900000004,55.79737728994737,6.131811712422239
557,6,69.2642205,62.33707503957664,6.855825526141099
557,7,57.1872603,51.46783059610837,5.696313409602157
557,8,73.6452668,66.27997330842942,7.316664969477996
558,10,75.653079,68.08692166649143,7.54277439744534
558,12,55.5042649,49.95320166143717,5.532825917317335
558,14,74.6087517,67.1470860077233,7.403534409925429
558,17,66.8927714,60.20281038482177,6.682391773950179
558,18,71.2037979,64.08267622759617,7.08956330486981
558,21,75.8357333,68.25131515636231,7.528219603035709
558,22,65.5163149,58.96399917653599,6.538657229904198
558,23,49.4209509,44.478308133579006,4.9284730231547735
558,24,65.7437987,59.16874487081119,6.566133145441556
558,27,76.678521,69.00987035618314,7.6559015184552335
558,29,72.0797566,64.87085977197945,7.125270166255907
558,2,74.8044873,67.32313060594203,7.396662085432007
558,6,76.24807129999999,68.62226242201419,7.534606701944845
558,7,69.1901589,62.27032484365532,6.895439773152016
558,8,64.2814164,57.85261622535951,6.387156397952691
559,10,51.214043,46.091956738100414,5.096152883356358
559,12,51.684961200000004,46.51590960472241,5.15704147653343
559,14,59.242588399999995,53.31771789604595,5.879448608197225
559,17,64.5200232,58.06735568801231,6.444037446473982
559,18,61.759449499999995,55.58287699963413,6.170053696968232
559,21,49.7005894,44.72990786237488,4.945193339475132
559,22,72.11565399999999,64.90324804335988,7.185430160807889
559,23,70.2486511,63.22303320708878,6.991764009960531
559,24,74.3469217,66.91142708759969,7.418852260711776
559,27,65.1139587,58.601896260050246,6.504091822426616
559,29,61.445453900000004,55.30024151820499,6.128914282606044
559,2,60.062315,54.05537263815718,5.939534861945499
559,6,66.3501491,59.71439036613092,6.563779150613311
559,7,52.8627604,47.57581359497953,5.263950047576571
559,8,75.3533626,67.81722529981025,7.4848771383008
560,10,75.4533212,67.90708985029784,7.517752198270111
560,12,72.0395602,64.83486318363616,7.195543577429876
560,14,66.3224352,59.689487276907506,6.587859862113615
560,17,77.07255669999999,69.36449146983954,7.694773030110709
560,18,51.643225,46.478368042625064,5.141606524491578
560,21,74.6363863,67.17182290621938,7.428486851410299
560,22,51.8241658,46.641138555168986,5.162246204460961
560,23,64.60532140000001,58.14412182382075,6.395268111963177
560,24,72.9507961,65.6549437103768,7.281543674035982
560,27,67.2296122,60.505964695861685,6.712802985548581
560,29,54.776885500000006,49.298564681476904,5.45730333446321
560,2,72.7150487,65.44271597311942,7.246269326534503
560,6,74.695934,67.22535635532246,7.417152427452226
560,7,70.0767552,63.06826104105563,6.984785789691364
560,8,64.086613,57.67729518928236,6.367790742036444
561,10,65.3965983,58.856205174170405,6.519358235620475
561,12,51.27204210000001,46.144297091091204,5.117302566132543
561,14,55.1061211,49.594940320482344,5.4747401197247605
561,17,64.6232693,58.160274824018714,6.421098868925644
561,18,62.5119753,56.26011971974699,6.187258173918717
561,21,77.1497213,69.43386669220648,7.656015929729952
561,22,72.7058429,65.43442231799244,7.245554459708424
561,23,60.486457699999995,54.43717381223195,6.036858243110589
561,24,50.7165919,45.64440472586011,5.062579664636229
561,27,75.7867706,68.2073063249288,7.50214611664976
561,29,57.206248,51.484941209934746,5.699100076312399
561,2,50.5901347,45.53042783547549,5.031223866890645
561,6,68.186743,61.367337089162,6.785617332897116
561,7,52.9854562,47.68618431823527,5.272378245189439
561,8,71.5714018,64.41350003687303,7.133160027892983
562,10,76.9122615,69.22014398875996,7.664884287416381
562,12,71.8255364,64.64224398761979,7.1741549199199826
562,14,64.8583657,58.37183992755472,6.442125964237068
562,17,76.5399851,68.88519650155162,7.644328366138602
562,18,61.386341200000004,55.24707829779936,6.076976966584587
562,21,51.6908608,46.521131183879035,5.1375793396935805
562,22,56.31616,50.683886654707905,5.6103940710706235
562,23,73.78182,66.4028636722936,7.3031348637303735
562,24,64.516137,58.063838150237416,6.438872825970036
562,27,50.8883022,45.79894364263958,5.0780696521598
562,29,74.6565178,67.19001657147662,7.442434838790271
562,2,72.661704,65.39463205964017,7.233784733548566
562,6,52.6796229,47.41099764945902,5.232931950218002
562,7,75.8317496,68.2476109918751,7.551766676362852
562,8,59.1569338,53.240635206025246,5.90791695871891
563,10,51.1570993,46.04070799946142,5.090473181465816
563,12,51.4273438,46.28406700752163,5.132817445209712
563,14,58.471151600000006,52.62343275767996,5.78840811850961
563,17,50.8081849,45.726825766567984,5.070917905561713
563,18,75.41416650000001,67.87194719740894,7.4640008601002705
563,21,77.95241229999999,70.15631923123298,7.7392096337768335
563,22,79.8947604,71.90438931815682,7.963975515412444
563,23,57.9360646,52.141840957167645,5.766334698764981
563,24,53.4733295,48.12544843592593,5.339608346362664
563,27,66.0633133,59.456302028144,6.597069435589194
563,29,55.950649399999996,50.35487135801332,5.570511059174215
563,2,70.69892589999999,63.628103937060374,7.036261986354591
563,6,65.013291,58.51113567692836,6.445765336142913
563,7,79.00519390000001,71.10367788327264,7.868394143714509
563,8,65.5643444,59.00722451253702,6.544987896229852
564,10,75.9495134,68.35370379253771,7.572210268918931
564,12,71.4796566,64.3309557613247,7.139588200433166
564,14,74.2984919,66.86785537463487,7.365161964655458
564,17,75.3526962,67.81664764052732,7.52634044678675
564,18,79.7094678,71.73765268267714,7.888280707086744
564,21,51.9704316,46.77274157603349,5.151959118597683
564,22,57.570816400000005,51.81305513127723,5.712405666325741
564,23,72.9323972,65.63838462087402,7.280238614448487
564,24,62.9527339,56.65679161600512,6.282996251473248
564,27,50.226728,45.203533750595135,5.012964310170974
564,29,74.24030139999999,66.81532940064243,7.39229199497659
564,2,57.314429,51.582344437276184,5.714993958200119
564,6,55.3046327,49.773540823421094,5.499227309175334
564,7,55.390213499999994,49.850440891483444,5.512225932733157
564,8,53.719522600000005,48.34701991642359,5.364737242126288
565,10,51.4042325,46.26317245161618,5.118316228084016
565,12,51.5746869,46.41667426637053,5.147537195492541
565,14,63.292081200000005,56.96222042633034,6.265508680681951
565,17,56.938845900000004,51.244386135935834,5.689242710948367
565,18,57.238231799999994,51.513811926417134,5.714480383434525
565,21,76.5399851,68.88514977996381,7.631641896056695
565,22,81.5748115,73.41641706479166,8.070003096225458
565,23,52.534867500000004,47.2808163537872,5.242030682957216
565,24,55.0664595,49.55924554724942,5.498840595574698
565,27,67.0362698,60.33190706629734,6.686891734270588
565,29,62.3021479,56.07119818946426,6.207765906398454
565,2,47.1199498,42.40736136810062,4.69189611012878
565,6,61.9174591,55.72486178952026,6.145950860691626
565,7,78.9173942,71.02474421330777,7.866423956894906
565,8,64.9700759,58.47239388608426,6.454717732992472
566,10,66.13689360000001,59.52236713361575,6.5840150141935485
566,12,70.8151502,63.73289755544589,7.071037738328402
566,14,74.9549088,67.45861818752783,7.4186675346865885
566,17,57.895939,52.105749786658926,5.78228446386238
566,18,77.1578147,69.44123792958072,7.706842976636187
566,21,50.8081849,45.72673235381693,5.056398172137347
566,22,61.943001900000006,55.74799950360039,6.173087519515747
566,23,62.580698700000006,56.321971053468545,6.229812831628811
566,24,75.1161419,67.60375374262645,7.501891720796254
566,27,60.6242012,54.561159615719305,6.054993085188295
566,29,75.0757531,67.56731726763891,7.474676118134229
566,2,60.8192826,54.736555073788104,6.053989594887454
566,6,67.1740379,60.45572761807803,6.659647879146056
566,7,58.295265799999996,52.46499753655883,5.8048455507498256
566,8,50.143490199999995,45.12861254668447,5.004525799463853
567,10,60.098498,54.088013880636574,5.995318743281014
567,12,57.6993178,51.928794018794356,5.76242320609441
567,14,61.9513259,55.755550699528875,6.132488980808586
567,17,76.7656054,69.08824830109735,7.6669114444203785
567,18,61.0116247,54.90983051089252,6.092344131601603
567,21,74.4801246,67.03129675257604,7.42694777762519
567,22,82.49389000000001,74.24355259818807,8.220759046403753
567,23,57.44028479999999,51.695669435764515,5.707278014631251
567,24,49.7005894,44.73000382000184,4.937514286097767
567,27,77.57009740000001,69.81228817129684,7.748025056784134
567,29,58.0253351,52.222092665651225,5.779296281872062
567,2,57.6817015,51.912870461676576,5.7492395465861685
567,6,52.0505247,46.84481495833352,5.144581760333268
567,7,78.2262929,70.40276786836797,7.799168639750697
567,8,72.3873487,65.147802889812,7.219622064853026
568,10,77.35808159999999,69.6213774664607,7.709799719561951
568,12,63.6082371,57.24675632917696,6.3335414890646105
568,14,75.257632,67.73107590358127,7.49272329338276
568,17,52.3541551,47.11819005387575,5.226422050429817
568,18,76.1438332,68.52864003951524,7.600481087166002
568,21,50.043771299999996,45.03878241757829,4.981522764807475
568,22,59.9857615,53.98648988559346,5.976853061848984
568,23,73.7114206,66.33945895719913,7.3188824050221495
568,24,76.2072207,68.58571318406196,7.544242451179938
568,27,53.273375599999994,47.945479908823785,5.317161668390289
568,29,73.7650965,66.38762226513731,7.342696792673272
568,2,73.191487,65.87129611434992,7.279501185840792
568,6,75.1388437,67.62409434758304,7.431725009906221
568,7,59.3115225,53.37963246027236,5.907356991039573
568,8,76.1741454,68.5559420115585,7.607464818681026
569,10,51.930625,46.7368730914057,5.167629555822722
569,12,50.8519862,45.76626294809736,5.033584961070123
569,14,65.78898869999999,59.209413294420564,6.571385006621582
569,17,76.623606,68.96045031727486,7.652731044113928
569,18,77.0592595,69.35252003765143,7.671445698963174
569,21,66.1046621,59.493445981546586,6.5875858341413664
569,22,83.1975212,74.87682377593042,8.292842683656986
569,23,64.3391167,57.9045324469504,6.36886069064767
569,24,51.6908608,46.52122740615059,5.135373033266287
569,27,76.5634611,68.90632698359036,7.644030753323336
569,29,61.6135671,55.45148265123916,6.13911760865888
569,2,61.48895829999999,55.33936202367136,6.12932773924528
569,6,65.7826589,59.203718371852894,6.512142187840561
569,7,77.88356,70.0941525259293,7.750610303929961
569,8,53.2393649,47.91487102911878,5.314427964457319
570,10,76.0157963,68.41336348021306,7.579638709677328
570,12,62.498721700000004,56.2481729226281,6.184737119303184
570,14,75.33701980000001,67.80249709075271,7.518247390908708
570,17,53.9337418,48.539801671829565,5.3842426104239385
570,18,61.0007222,54.90001817423456,6.0383068244165905
570,21,49.7605495,44.78392676968208,4.957741271665798
570,22,60.683560199999995,54.614515079365816,6.048108760372103
570,23,74.3096665,66.87791528403861,7.355017424030046
570,24,77.07255669999999,69.36449378368225,7.6836416793865965
570,27,53.275263100000004,47.94717517607907,5.316787719315855
570,29,73.5844225,66.22492904698453,7.318683528686759
570,2,72.6360582,65.37150303630828,7.230025710605581
570,6,55.775513499999995,50.197364684290264,5.519340260937957
570,7,69.38633060000001,62.44696967024247,6.9260671991698075
570,8,75.09615170000001,67.5857629752532,7.499781683042114
571,10,50.7582538,45.681751194635474,5.050690882006661
571,12,58.368145299999995,52.530733418990565,5.778121753486942
571,14,78.47147009999999,70.6234799619684,7.832676964753512
571,17,77.2708443,69.54296100264332,7.71806214595084
571,18,74.695934,67.22554541052784,7.3929100175097675
571,21,63.796523699999995,57.416059245486984,6.348066145424806
571,22,77.8931147,70.10278829066574,7.751050270638969
571,23,62.175002400000004,55.9568436706724,6.153525574339856
571,24,66.8888254,60.1992570045237,6.6805689655906235
571,27,78.2194612,70.39670765316991,7.811614701273806
571,29,63.420315,57.07759603567412,6.327147017521714
571,2,58.7235311,52.85048202402783,5.850582291604869
571,6,64.09635460000001,57.68584511575148,6.362769467681649
571,7,62.96972709999999,56.671805034052,6.260566450726315
571,8,53.7016567,48.33092884583641,5.360614826667927
572,10,76.8243735,69.14107455842664,7.660346650146403
572,12,73.18428300000001,65.86507544283744,7.243154369451518
572,14,53.6464983,48.281280237799706,5.354904131939109
572,17,56.1277348,50.51437518185239,5.60387790691407
572,18,65.0601817,58.55349574896603,6.440668305017195
572,21,58.2296147,52.40601386702525,5.805440643319057
572,22,77.3564768,69.619885088368,7.703050522363675
572,23,74.770605,67.2927140967212,7.439183177040277
572,24,76.9788536,69.28014721734316,7.672614044913202
572,27,56.9854592,51.286323508129456,5.689317536640391
572,29,55.7722231,50.19435332365959,5.558771716291039
572,2,68.00867699999999,61.20708662213803,6.7838487501916935
572,6,59.9052914,53.91408615526363,5.9722303583967635
572,7,65.5558869,58.99956441871993,6.537486996747594
572,8,73.7771548,66.39867127961757,7.366994614058837
573,10,50.7587323,45.68218183937663,5.050737647981067
573,12,65.0663649,58.55907255710465,6.442207828240443
573,14,74.3442131,66.90902327368867,7.398640690356557
573,17,75.9865517,68.38708916806658,7.5856926097940285
573,18,72.7781276,65.49954560140777,7.203403354517629
573,21,75.075862,67.56734651890453,7.473269591097928
573,22,52.421255099999996,47.17849362745621,5.219278903390493
573,23,65.81236849999999,59.23042513324566,6.567751612789182
573,24,64.4200188,57.97736449908523,6.4257588130580805
573,27,78.5968075,70.73631386457484,7.780675698638825
573,29,64.3244803,57.89107736233788,6.396082056490013
573,2,55.1395255,49.62489606282071,5.491294865045769
573,6,73.3007617,65.96974951699136,7.296785589322079
573,7,56.7755256,51.09722947765628,5.651927675376343
573,8,77.6729495,69.90482144265887,7.7509162518596515
574,10,74.64890709999999,67.18317738443348,7.4423250730050565
574,12,65.5326192,58.97869548047822,6.488283006492511
574,14,58.9356236,53.04146678719837,5.870256126112824
574,17,65.23954400000001,58.71492665799486,6.518450520520742
574,18,59.8080335,53.826616031953336,5.929467647790068
574,21,76.0528617,68.44667916522388,7.5750623078189685
574,22,62.813570399999996,56.531560464639504,6.269387476403425
574,23,68.9123843,62.02044204594078,6.883448734104926
574,24,64.1938979,57.773842109319794,6.409752582872413
574,27,55.3048052,49.773748211368385,5.5205811444629855
574,29,58.191631099999995,52.371783213602285,5.798396287920466
574,2,69.7406217,62.765740565602336,6.947146944462289
574,6,81.9649996,73.7673923231953,8.100434259089257
574,7,80.5502175,72.49427580669426,8.030247057615579
574,8,53.2424911,47.91768456437385,5.3140293365217905
575,10,52.3711016,47.13329736360342,5.210825690336332
575,12,55.5826567,50.023808801702344,5.533083569130061
575,14,68.8412809,61.9564578030371,6.815999780616508
575,17,54.71481609999999,49.24277847390639,5.465810659682873
575,18,65.013291,58.51127785787247,6.434902043572445
575,21,51.4018173,46.261009706504105,5.11700967372629
575,22,78.59195530000001,70.73187822343806,7.832106658161383
575,23,53.6607362,48.29408648683683,5.3544931628279615
575,24,45.0706026,40.56306765388128,4.497678006128071
575,27,76.564196,68.90698617234226,7.646230057385596
575,29,76.3933432,68.75313493492122,7.615119389227325
575,2,48.9760579,44.07782779008319,4.8756254459408295
575,6,58.8006866,52.9199138041239,5.814113762671303
575,7,60.4478728,54.4023038002818,6.01832561184299
575,8,74.4766886,67.02825258815061,7.426301901522776
576,10,76.5044284,68.85310720113763,7.6230246479480686
576,12,78.5482699,70.6926351994068,7.845229372913418
576,14,57.744110000000006,51.969116715871955,5.717050793595881
576,17,52.6791146,47.41063111933028,5.256311837673825
576,18,55.3046327,49.773603836737664,5.474817884817354
576,21,73.75359470000001,66.37734430301118,7.343823059265854
576,22,56.0204136,50.41768616469021,5.57712102751611
576,23,64.5690175,58.11143742325015,6.445967087439033
576,24,65.6781407,59.10966301459977,6.527052626874861
576,27,51.1562379,46.04008075526537,5.106807506294989
576,29,53.9683635,48.570817462266774,5.371897885142302
576,2,56.4939342,50.843947014652166,5.6378803422339265
576,6,74.7164093,67.24381580330531,7.384901569447214
576,7,80.450686,72.40460575575747,8.012662538799674
576,8,53.2129873,47.89113139962002,5.30356806102902
577,10,55.414673199999996,49.8725609511183,5.5215558066226205
577,12,57.4473289,51.701991035741756,5.733493936916275
577,14,76.4681158,68.8205107755516,7.5697730038791535
577,17,68.5382416,61.683696565511475,6.842950281006089
577,18,62.0897711,55.880121345187185,6.144334359021273
577,21,79.9719524,71.97377696737078,7.961009775050335
577,22,82.9313984,74.63733827957701,8.268374252542078
577,23,50.719110300000004,45.6466037699251,5.0553019174278395
577,24,52.1618048,46.94507582171306,5.185987902554693
577,27,65.398539,58.85799753515872,6.528700636367076
577,29,75.1131799,67.60100779188268,7.489039282704321
577,2,67.92157800000001,61.12869405142481,6.777888800894726
577,6,80.7959905,72.71534253656766,7.985116917530112
577,7,71.0461946,63.940760631608065,7.083042971424844
577,8,74.1173671,66.70486691211926,7.364356243309146
578,10,66.1706292,59.55279542907535,6.5944386722370645
578,12,80.6041857,72.54293475092955,7.9794625385898375
578,14,55.080522099999996,49.57188986583164,5.451734934342358
578,17,49.4617763,44.51507918608587,4.937442390587263
578,18,65.3868829,58.84753041335597,6.473516793941026
578,21,53.863788400000004,48.47675808408073,5.362035882674633
578,22,69.2094051,62.2876970797556,6.899455757348288
578,23,59.295907,53.36568794647327,5.902139680834888
578,24,69.80047280000001,62.81971503773283,6.936242821853128
578,27,57.1156164,51.40346883384699,5.704145271320557
578,29,52.317098200000004,47.08464671057633,5.204001369890217
578,2,52.0860697,46.87675419349992,5.182736438858806
578,6,56.5036368,50.85255554439039,5.624643415089115
578,7,81.2961507,73.16560041934227,8.10490885037947
578,8,52.062943800000006,46.856106935546904,5.189241655292737
579,10,57.8515784,52.06579932718724,5.771114879271282
579,12,63.357054000000005,57.02066350780683,6.320958143908007
579,14,78.49901849999999,70.64830486126131,7.771091402404209
579,17,77.3909634,69.65106813922895,7.730344290717793
579,18,52.764582299999994,47.487567296110946,5.222209282844329
579,21,70.17167520000001,63.153629352019074,6.983985362147972
579,22,83.683958,75.31458871658188,8.337784816910089
579,23,58.4111555,52.56942090483648,5.82996913388022
579,24,64.21073849999999,57.7890058475804,6.413594071321085
579,27,63.7923903,57.41248039164222,6.368222251199449
579,29,72.8421091,65.55702365271156,7.257137051874445
579,2,75.7518578,68.17579074780059,7.54935574396641
579,6,76.3736157,68.73539730652215,7.614594310058665
579,7,59.9695396,53.97182657313803,5.972002194557501
579,8,64.6462869,58.18099323245927,6.456435489491777
580,10,75.4653799,67.91790776717767,7.5130214126436226
580,12,69.4652807,62.518031296446,6.9366201341924665
580,14,53.489028000000005,48.139554202765254,5.324044476344265
580,17,53.64469819999999,48.27965826988567,5.354310797177304
580,18,73.4725323,66.12452304631253,7.316701340875853
580,21,69.1536445,62.23754633404168,6.899697056117299
580,22,62.1149071,55.902690139511705,6.188395653943399
580,23,74.9676889,67.47013554889934,7.4853200516164335
580,24,71.99101879999999,64.79117302790348,7.178144392424532
580,27,62.2796326,56.05103148199121,6.219650359603159
580,29,62.4704621,56.22267928480717,6.224764464106031
580,2,69.0595847,62.15242392189006,6.857418540497333
580,6,60.142123700000006,54.12718391089,5.990825404435918
580,7,72.3294096,65.0956905098282,7.217472692114479
580,8,49.1864232,44.267262192274046,4.908915850039259
581,10,73.0117265,65.70967866740193,7.2194710892230285
581,12,68.2037296,61.382657229869636,6.812650034611185
581,14,80.6018549,72.54083448533119,7.9791903773057085
581,17,80.7000785,72.6292347876603,8.06046212342446
581,18,53.9274665,48.53415476100665,5.382622577711637
581,21,76.8325506,69.14839108552816,7.653089392913961
581,22,83.4347155,75.09017140866331,8.303392200903435
581,23,60.116848700000006,54.10452065702533,5.999411745658506
581,24,47.8516821,43.066013222692945,4.770631358421916
581,27,77.8101225,70.02828326737861,7.760510893008265
581,29,75.6430898,68.0778772052462,7.537293310332515
581,2,52.0114516,46.80959868830963,5.175329965419765
581,6,77.3575444,69.62090299425951,7.71120350277711
581,7,80.9952368,72.89462953920516,8.062030342484078
581,8,60.5229024,54.46997903471286,6.03261772373975
582,10,51.5285894,46.37498753377394,5.1232435019291245
582,12,71.7647708,64.58756337147213,7.1704672620057925
582,14,56.6332311,50.96930839637574,5.6052188044189055
582,17,59.4603844,53.51370348142707,5.933703604593111
582,18,72.0625258,64.85551621753828,7.193571314602048
582,21,51.0578797,45.95145508098866,5.081312743670997
582,22,69.4771958,62.52871014822985,6.92713926548903
582,23,78.1024198,70.29129780418651,7.789564127292931
582,24,64.2985041,57.86798655935058,6.4103229530692785
582,27,66.2030408,59.58205530385116,6.606488257284246
582,29,62.077271599999996,55.86880343879434,6.185470454778236
582,2,72.67908010000001,65.41024959303465,7.237299918440572
582,6,55.384362499999995,49.84520115798619,5.512181817694848
582,7,63.5920395,57.23212874768279,6.342105718917952
582,8,60.52554020000001,54.47236661079951,5.989580525966554
583,10,68.8007284,61.919906155050654,6.862787089186663
583,12,63.7564414,57.38014478684262,6.368380466299519
583,14,82.3951973,74.15482253142493,8.156418112179619
583,17,72.5258898,65.27255733342179,7.245338331270013
583,18,74.74148120000001,67.2665436490901,7.440574197635886
583,21,72.77730059999999,65.49876361350749,7.255500749387661
583,22,79.2766801,71.348140003239,7.905176121849963
583,23,75.9376767,68.34308584724859,7.576637742311142
583,24,54.388610299999996,48.949199455787884,5.433819161319119
583,27,77.8571236,70.07059753363973,7.734705048114378
583,29,76.5041291,68.85284115420987,7.6265174430416645
583,2,64.2888866,57.85927683724866,6.409624070605799
583,6,74.3502464,66.91424202527223,7.399854525158164
583,7,56.67492790000001,51.00675567691577,5.646418210947446
583,8,76.42546519999999,68.78211223639909,7.561790848819855
584,10,78.2194612,70.39662663905233,7.798094095429477
584,12,69.8633787,62.87631309417164,6.975929871147555
584,14,57.522951,51.77005048911976,5.693513933775186
584,17,60.6361521,54.57189413774955,6.05279821858104
584,18,53.520441500000004,48.16783639114148,5.327738934392661
584,21,56.8965792,51.2063325316297,5.679186341082974
584,22,55.1890394,49.6694707750261,5.4961165604658095
584,23,57.406738499999996,51.66544547096437,5.728112129057881
584,24,75.6408653,68.07598941950744,7.553251324101902
584,27,81.0350663,72.93070492409296,8.02227311527929
584,29,63.464981099999996,57.11778213856821,6.32906124305436
584,2,65.2816661,58.75276411167218,6.509262636003745
584,6,66.4185635,59.77596741326804,6.623079352290941
584,7,66.92988319999999,60.23590437155135,6.655499858106298
584,8,64.60706189999999,58.14569292237279,6.393518771047086
585,10,63.5354788,57.18121701094043,6.334684289025002
585,12,53.673196000000004,48.30532103330803,5.358362859025608
585,14,80.9505278,72.85463500352397,8.013597678285993
585,17,83.7466833,75.37114404045735,8.36418055889132
585,18,71.5870724,64.42761281612816,7.0857594773025
585,21,47.018070800000004,42.315669039062925,4.678259429591995
585,22,70.604859,63.54359112596523,7.039994824351077
585,23,73.03429820000001,65.73009740017974,7.29092922173916
585,24,83.429205,75.08538769137058,8.3258989810245
585,27,54.303600200000005,48.87266787502816,5.419427222523061
585,29,60.264947899999996,54.23780443891997,6.010349110963944
585,2,64.2552599,57.8289996882535,6.404667054557672
585,6,65.211444,58.689447721476036,6.490668361539906
585,7,68.4411587,61.59628564714034,6.826417889810264
585,8,75.5155638,67.96321043196713,7.471787559889098
586,10,80.2779127,72.24911272635427,7.992996416856287
586,12,68.20476210000001,61.3835836985426,6.812036347193363
586,14,64.5547396,58.098606160517825,6.4071570337810595
586,17,65.9527726,59.356817253131666,6.5876723691976995
586,18,62.736339799999996,56.46206125468845,6.210552147315814
586,21,69.8245987,62.84139666950492,6.9664150872387145
586,22,53.0813813,47.772587677637894,5.284600203143078
586,23,58.0138872,52.21188062669743,5.789841212051403
586,24,61.5121765,55.36032237752178,6.1326776384442585
586,27,79.6790805,71.71034985337911,7.957304991472977
586,29,78.6815031,70.81244748867533,7.838229437888702
586,2,48.9988048,44.09828595003391,4.877418412782032
586,6,70.7099281,63.63802440293311,6.9884333154904805
586,7,74.1996501,66.77888592060008,7.403903831754816
586,8,75.8222976,68.23926175199286,7.5016830608289276
587,10,58.5953563,52.73511965856363,5.837415294577571
587,12,53.779239999999994,48.40074914999476,5.367776546943157
587,14,62.002525500000004,55.801642190772114,6.138349333551617
587,17,68.1200824,61.30736742862095,6.8029472012242165
587,18,71.6569146,64.49048483058232,7.0936497019067986
587,21,80.1342055,72.11990155870063,7.989027429633453
587,22,73.5671148,66.20957404356766,7.332597626371021
587,23,74.0557021,66.64934722173966,7.3718610447683615
587,24,71.7589681,64.5823423275613,7.16958019719157
587,27,69.4810964,62.53227834568763,6.940684480388938
587,29,60.18815119999999,54.16860469123048,5.995148230319046
587,2,61.977947099999994,55.779468042803884,6.181373896347107
587,6,57.813693799999996,52.031665523744586,5.762761860073316
587,7,62.06455629999999,55.85735648913557,6.183517993786305
587,8,52.8621409,47.57536980727098,5.261002707582563
588,10,77.4575497,69.7107363072816,7.706267164074712
588,12,76.3181779,68.68557242804535,7.6216250291547185
588,14,84.6412179,76.17621765915155,8.342770705410304
588,17,60.53080320000001,54.47710716504082,6.047164330651751
588,18,51.099937,45.98941014143961,5.057744459070285
588,21,53.2339649,47.909909116063695,5.297852657768795
588,22,53.3699225,48.03225582703727,5.3112880485861025
588,23,53.7862842,48.4070686511004,5.322090952162982
588,24,63.860906799999995,57.47412234018003,6.342133707843931
588,27,51.827265,46.64399193030638,5.172142558434958
588,29,80.2384929,72.21370388485148,7.99623742111749
588,2,76.9011793,69.21003137398884,7.652746053688254
588,6,63.875208400000005,57.48696569232898,6.368075789132016
588,7,76.2358982,68.61122093887516,7.582771515606392
588,8,75.6149111,68.05264098547407,7.528934447054015
589,10,76.3592532,68.72235971796212,7.599980290344691
589,12,57.880734499999996,52.092060076398944,5.778343540924697
589,14,62.0987383,55.8882116887047,6.182313812521365
589,17,71.3574825,64.22099204069195,7.1260210931482595
589,18,58.9971389,53.096829611552494,5.841060443378433
589,21,79.39775159999999,71.45710993307802,7.916960019753448
589,22,78.9468289,71.0512671147558,7.870353197118213
589,23,70.57610439999999,63.51775485510992,6.985811544471572
589,24,81.1728192,73.05467238125502,8.034229841390406
589,27,74.8645995,67.37736919242349,7.474319949106339
589,29,60.348175299999994,54.31262474008529,6.011177063346313
589,2,66.8628957,60.17583877808502,6.6370627356028775
589,6,72.52907400000001,65.27537602315476,7.23501590259669
589,7,79.4472384,71.50151329735797,7.9119267269461435
589,8,53.8831736,48.494292155904645,5.3780514409614515
590,10,51.895627899999994,46.70542318440694,5.167202644243399
590,12,75.1633403,67.64618606893804,7.498529337538775
590,14,86.36779759999999,77.73011291284227,8.600162032291108
590,17,54.1556495,48.73951629452963,5.406412920700802
590,18,74.4741954,67.02600933268866,7.372594853541368
590,21,56.0789795,50.47039267141472,5.581406950345192
590,22,69.4283664,62.48480764954886,6.930059490052435
590,23,58.0551264,52.24902337369959,5.747404189150388
590,24,86.3205475,77.6875744925963,8.574718840272064
590,27,56.9801392,51.281549001650625,5.690012342887661
590,29,79.39761130000001,71.45692908396359,7.912988550934989
590,2,71.4373216,64.29285281208075,7.071829142838266
590,6,80.29461049999999,72.26425189829047,8.00681517555019
590,7,67.3617102,60.62476880272098,6.715793208247643
590,8,74.9911103,67.49121578118024,7.465369073656776
591,10,66.65361419999999,59.987352731733175,6.631796070867466
591,12,70.867782,63.78028343901186,7.081057215696832
591,14,75.11005010000001,67.59828282798416,7.464391201632912
591,17,79.0637727,71.15656119636373,7.893860892786132
591,18,54.022818699999995,48.61996699309392,5.346948686735836
591,21,79.9357613,71.94124843357659,7.961911919753109
591,22,58.5055213,52.65428906092717,5.82842452564987
591,23,55.5315484,49.97780135591514,5.526823135268733
591,24,61.1509,55.035177308580785,6.1056495793087455
591,27,61.821610299999996,55.63881964134853,6.175807811480049
591,29,59.3115225,53.37963621687941,5.906619278618503
591,2,53.0767319,47.768360005471834,5.261805769211106
591,6,59.041404799999995,53.13650122613966,5.876998711628747
591,7,85.4209281,76.8776526658218,8.499742121692364
591,8,70.1836189,63.16454289129991,6.948937903923889
592,10,61.11304,55.0010845828467,6.097214761375061
592,12,55.3309665,49.797286877582074,5.522800910489023
592,14,83.6241674,75.26088131018616,8.327237713163289
592,17,86.4167334,77.77413672475335,8.445711202741027
592,18,73.99238,66.5923711408534,7.367282194884688
592,21,86.3205475,77.68744661951185,8.594946699198427
592,22,78.5962861,70.7357759669946,7.834734585751396
592,23,73.2143874,65.89218231350846,7.289227218316562
592,24,78.0935741,70.28338415895388,7.794231699601493
592,27,77.2531264,69.52699261581499,7.7102722718897505
592,29,80.58330670000001,72.52403274090132,8.030764998976208
592,2,70.9002222,63.80938430709808,7.037844414087949
592,6,80.4478337,72.40213883126135,8.01978465619474
592,7,59.01924280000001,53.1165692693029,5.876608984610536
592,8,55.409732899999995,49.86818231188819,5.515500851910304
593,10,67.9027399,61.111691251345206,6.768885112392622
593,12,76.977611,69.27905537012246,7.688461393540846
593,14,64.4953612,58.04516192717585,6.422663299090735
593,17,56.50044870000001,50.84981093746715,5.592350634224368
593,18,71.3814548,64.24258179686184,7.131796083143637
593,21,57.25516819999999,51.52897618779164,5.702286087521589
593,22,54.0713358,48.66353640056687,5.382719080730051
593,23,52.6132705,47.35136241966497,5.234364757123758
593,24,66.6865016,60.01717250481494,6.662594030330322
593,27,82.66868410000001,74.40093792476996,8.182149434386993
593,29,67.5428984,60.78789883971958,6.739020036018013
593,2,52.4323062,47.18840150565964,5.2194024393989125
593,6,61.181623200000004,55.06271005733793,6.092685609030762
593,7,69.7378659,62.76333362878205,6.959432915414386
593,8,67.9545208,61.158354747297125,6.726156835285563
594,10,70.0428465,63.03782643984665,6.990798561701706
594,12,61.21633250000001,55.0940671112516,6.113077657581832
594,14,65.74114060000001,59.16634476094194,6.565400554901965
594,17,81.10403170000001,72.99278965062648,8.028934740260453
594,18,69.4634716,62.516416153146544,6.938930731040508
594,21,78.8490893,70.96331035392711,7.861587008430508
594,22,77.5166179,69.76409130926382,7.668507754454233
594,23,71.46165620000001,64.31470515540634,7.071218124196242
594,24,62.176817500000006,55.958502202659105,6.210561949570643
594,27,54.0849436,48.67588266785653,5.398177103389697
594,29,62.5979459,56.33747532232862,6.216378911374809
594,2,64.2133262,57.79128023741017,6.403903526225409
594,6,79.4060984,71.4645869626314,7.855218433947555
594,7,61.277887799999995,55.149308683379985,6.101208832249871
594,8,61.806732200000006,55.62543352893524,6.119164997406645
595,10,79.3513786,71.41528543853035,7.902414768076431
595,12,77.67691289999999,69.90841493752572,7.75606837139773
595,14,69.19642759999999,62.27606988705732,6.911258394690054
595,17,63.3449727,57.00981969996549,6.270594354856747
595,18,55.384362499999995,49.84534243738638,5.513046595737855
595,21,62.6657318,56.3985090671486,6.255153206732369
595,22,61.9831721,55.7842140589193,6.135409039311206
595,23,77.0954363,69.38505746013179,7.692301396090946
595,24,52.6776032,47.40928909561294,5.2501331603486525
595,27,75.15864930000001,67.64201097482531,7.507303245875721
595,29,76.5643872,68.90713696786625,7.577754306385844
595,2,78.28101699999999,70.4519345800555,7.796105386332558
595,6,63.4612713,57.11440055527243,6.27602750800567
595,7,56.278007900000006,50.64941821870702,5.598940994415014
595,8,77.4184717,69.67582772291735,7.664181729591304
596,10,53.0814629,47.772614991951414,5.280528867171393
596,12,55.6358796,50.07171397502158,5.553898425425089
596,14,56.84295660000001,51.158062886101106,5.674739125953565
596,17,82.5118655,74.25981287182537,8.23814941746756
596,18,68.2999298,61.46924360751096,6.762070567929747
596,21,54.1556495,48.73944155735745,5.392885330218852
596,22,78.2804838,70.4515729154318,7.740870994644102
596,23,53.8513802,48.46565485121991,5.372331690816844
596,24,82.2150416,73.99268718295396,8.138933879421625
596,27,51.477121999999994,46.32887034200914,5.138399443670356
596,29,58.7566539,52.8802075080853,5.847452297930439
596,2,82.9311751,74.63700113815354,8.25658858280933
596,6,79.2384382,71.31366729183664,7.836396336446026
596,7,72.9325443,65.63839596327672,7.264568463226583
596,8,70.33370020000001,63.299619858452026,6.961137343785194
597,10,77.8293828,70.04557228736793,7.75667493368449
597,12,65.619096,59.05644458952092,6.542892717779966
597,14,81.19186069999999,73.07183493076727,8.067131962065782
597,17,60.28800439999999,54.258576766061346,6.019947695619046
597,18,58.3209254,52.48819967279665,5.803607905076467
597,21,73.3819063,66.04294497602613,7.3225987013720815
597,22,52.6639012,47.39684262150327,5.204179422722919
597,23,71.8258541,64.64248822573158,7.16594861341753
597,24,56.50044870000001,50.849813188403644,5.612722409760851
597,27,76.27567189999999,68.64731867096513,7.618677082790789
597,29,81.2961507,73.16560342059789,8.104017946625842
597,2,59.6016318,53.64073381881276,5.935563410659651
597,6,64.0223642,57.61942754213509,6.334886359813818
597,7,57.1450268,51.42979434508331,5.689649991071795
597,8,62.0923692,55.88250333794992,6.154693240986546
598,10,51.827265,46.643849756288695,5.154699494815704
598,12,61.9447897,55.74967832981372,6.187660649421022
598,14,54.653493600000004,49.187561114081284,5.433114037145826
598,17,80.53324520000001,72.47908654886409,8.043717123169541
598,18,58.10266360000001,52.29179735170636,5.801995974808415
598,21,82.32066569999999,74.08761917112864,8.198270768342613
598,22,77.9688909,70.17113222106316,7.70934670708175
598,23,65.4484826,58.90295321735697,6.516217805368908
598,24,81.6159962,73.4535526179822,8.109572929066381
598,27,52.610467400000005,47.34886942633981,5.251629539078899
598,29,59.9695396,53.97183080732942,5.972052703666729
598,2,78.7157994,70.8433157807112,7.846207415763408
598,6,55.2328715,49.70889515924663,5.497890281042354
598,7,82.0137636,73.81145208303575,8.176388444959235
598,8,66.24203539999999,59.61715540313078,6.55554592205284
599,10,76.4382772,68.79357857612362,7.561011868205736
599,12,62.962288799999996,56.66541797821016,6.288861285623953
599,14,81.4209446,73.27800525902957,8.06033029978081
599,17,53.8866204,48.4973857282226,5.378430827125689
599,18,72.1387617,64.92415443528114,7.18562545991166
599,21,66.877125,60.18870842086358,6.673545096663703
599,22,54.688365100000006,49.218867969322304,5.4062996713913085
599,23,72.8223017,65.53924553191665,7.204422400748698
599,24,57.77088019999999,51.99318847514264,5.766851077960434
599,27,77.4396121,69.6948515688473,7.734640627571441
599,29,76.59823850000001,68.93744833012758,7.62831319038794
599,2,55.9083444,50.31676168472394,5.563538312826412
599,6,66.6806543,60.01181948432364,6.5952853313322946
599,7,66.5853039,59.926005331713625,6.6374547162153394
599,8,75.3350779,67.80080614644908,7.1364250757063985
600,10,57.7969414,52.0166343259084,5.766287833365729
600,12,76.86723429999999,69.17971748597223,7.677270501792936
600,14,57.7882083,52.00877958703922,5.768474508067765
600,17,79.9644574,71.96718324992598,7.91608587354732
600,18,63.605079399999994,57.2439127171631,6.333095810497129
600,21,79.6886169,71.71888570028099,7.9468205361697315
600,22,77.3476678,69.61204340437628,7.648820501015777
600,23,66.6197273,59.95706620648722,6.594773567630913
600,24,72.6074138,65.34593277576398,7.215262377799428
600,27,53.633625900000006,48.26970421494816,5.354330516456736
600,29,67.0584886,60.351946235509565,6.696265029270536
600,2,80.4814827,72.43241246789728,8.022905618342167
600,6,56.400285100000005,50.759554661104744,5.593776485911225
600,7,83.2322033,74.90794237630864,8.28963416021553
600,8,71.277844,64.14933255804637,7.054171097584811
601,10,60.7260917,54.6528018557539,6.054660279869315
601,12,56.596051800000005,50.935856733913795,5.6502664110680065
601,14,80.2672104,72.23965810391347,8.016340138986314
601,17,61.7531451,55.57720707260162,6.114005168123913
601,18,73.3121466,65.9801890927846,7.258549530172997
601,21,53.8866204,48.49729231167828,5.363422941816285
601,22,55.71902600000001,50.146439318016235,5.508706338581693
601,23,76.4948859,68.8445336642212,7.609491821995423
601,24,83.9065537,75.51501164731971,8.363876808476709
601,27,77.7662354,69.98880914688102,7.767339416833314
601,29,56.82111,51.13827688106487,5.6578922080558876
601,2,58.20193259999999,52.38100526764303,5.794919027634493
601,6,78.64847280000001,70.78273179090705,7.780193671772201
601,7,57.79350530000001,52.013400639180325,5.753549494400928
601,8,56.127467200000005,50.51412949808731,5.575249591891075
602,10,78.5996786,70.7388183428954,7.835927388940519
602,12,74.1750783,66.75679516257354,7.406097971888554
602,14,56.7431492,51.068233875655764,5.6642835748428295
602,17,82.1963411,73.97585676738984,8.137159989535702
602,18,57.553685099999996,51.79772060398364,5.697073279128775
602,21,79.9644574,71.96712962733294,7.937932381544993
602,22,80.6217398,72.5586795280651,8.020687629205826
602,23,55.4678373,49.920465106941464,5.535933328347452
602,24,55.21060730000001,49.68896654431916,5.5113603846240435
602,27,53.6445709,48.27955686704186,5.355835560884437
602,29,80.7385315,72.66376557404793,8.047063150090707
602,2,79.0019522,71.10086311146087,7.815549255098761
602,6,58.464837800000005,52.6176301445541,5.77974679170624
602,7,82.5382674,74.28350011591577,8.229666430700908
602,8,76.997859,69.29728072761728,7.650872043817663
603,10,54.206700100000006,48.78535161915918,5.397399623400851
603,12,78.9265748,71.033078760632,7.877322958383163
603,14,82.2775223,74.04891919950589,8.217508943678725
603,17,56.7616728,51.084906881212234,5.650538440406861
603,18,70.0258173,63.022511782066104,6.992417406024931
603,21,61.6482282,55.48276375359466,6.123510101780666
603,22,58.1240671,52.3109366193525,5.786274957836374
603,23,66.5248769,59.871682925083284,6.640055430021555
603,24,79.9644574,71.9671849647498,7.986895524999444
603,27,62.892057,56.602213146360526,6.283622583153161
603,29,66.6901677,60.02038993416616,6.647546885676963
603,2,56.7340576,51.0598945913904,5.643834771675757
603,6,74.9305584,67.43659202966248,7.408260289658034
603,7,59.06822699999999,53.16063692477167,5.880735219604038
603,8,55.92415990000001,50.33116359096056,5.582854244638342
604,10,73.8295631,66.44568977720834,7.351582328830209
604,12,54.9998809,49.49931671095029,5.489505036106122
604,14,58.0993107,52.288760885625294,5.798476276455654
604,17,81.2022255,73.0811631429046,8.069743186374495
604,18,54.4708165,49.02317101713863,5.423288754819379
604,21,77.8321556,70.04794760845017,7.744228648024678
604,22,81.5461418,73.39062174710429,8.130714901381497
604,23,55.8703313,50.28271531306741,5.577748863410459
604,24,55.8336126,50.249670199602534,5.574517721882138
604,27,60.3373151,54.30296510664717,6.02632397266565
604,29,70.0394498,63.03472979500933,6.984812219024108
604,2,78.80647090000001,70.92483749416361,7.847552215607784
604,6,79.7189267,71.74602950245685,7.880177205665501
604,7,81.834756,73.65033959110009,8.158625124582157
604,8,71.320042,64.18729752371735,7.121979817709803
605,10,79.5141965,71.56177610810663,7.917092207701345
605,12,76.83331,69.14918595125161,7.67293106983124
605,14,83.26529839999999,74.9378882067207,8.289901262039521
605,17,57.14792789999999,51.432532460432405,5.689018411378935
605,18,69.5390728,62.58444512700134,6.92423278775231
605,21,54.164782300000006,48.74766098587963,5.39388648969431
605,22,60.3476389,54.312207551315105,6.0169330187389365
605,23,60.9404794,54.84579273624521,6.0829881248036175
605,24,68.6352912,61.77102782115321,6.849432872813751
605,27,78.31735239999999,70.4848087178137,7.8220903418555014
605,29,68.240653,61.41581066707897,6.8028139056046015
605,2,80.8474876,72.76170421801352,8.04931991824582
605,6,57.0237194,51.32060470793505,5.662851640598704
605,7,60.708112199999995,54.63653423847623,6.045702678340528
605,8,55.05023559999999,49.544642670890475,5.496621377234225
606,10,51.477121999999994,46.3287443175109,5.123829714904009
606,12,60.591154599999996,54.53141347353489,6.049649811485174
606,14,71.82111169999999,64.63826506814497,7.11039652492779
606,17,82.6722833,74.40419981211087,8.184320995905507
606,18,55.255438700000006,49.7293159457649,5.5151917318685895
606,21,81.2318424,73.10777261067881,8.100624000027052
606,22,75.8252021,68.24172647747268,7.547001980231916
606,23,79.6107665,71.6488551438019,7.926342997776259
606,24,62.334168999999996,56.100121047541926,6.217034442269494
606,27,53.2448771,47.91982810187664,5.314442615142122
606,29,78.9610114,71.06401609464635,7.872220060370916
606,2,57.006208199999996,51.304879578765295,5.6766965725681455
606,6,79.7257645,71.75228403573904,7.947558156531475
606,7,72.0279964,64.82442961042008,7.188612254427075
606,8,69.8772904,62.8888408627619,6.978912458949429
607,10,75.41980099999999,67.8769734367642,7.488164487215839
607,12,67.5672562,60.80984679397163,6.689639366653416
607,14,65.2556802,58.729439226600164,6.498177923252919
607,17,57.6279129,51.86450998341155,5.736443988669849
607,18,78.64847280000001,70.78281353352533,7.854493715687124
607,21,55.5113367,49.95952009555759,5.525400272860363
607,22,54.4796837,49.031076719292514,5.414482821677892
607,23,57.6164824,51.85420752501367,5.733202079250784
607,24,82.6863943,74.41689985358516,8.245055196434267
607,27,78.7782857,70.89964612719076,7.869065862337725
607,29,56.2703458,50.642555931303235,5.599196994987303
607,2,72.6579309,65.39127877001303,7.237476096961756
607,6,58.8313198,52.94746145130808,5.85884649524098
607,7,56.8116276,51.12977529043234,5.659840277545949
607,8,54.809247000000006,49.32774519485519,5.470700328200842
608,10,51.3640587,46.22696765870467,5.075050605307778
608,12,60.827286599999994,54.743935852046334,6.057353237115691
608,14,78.5659688,70.70855301359903,7.77729566249139
608,17,80.7434973,72.66831486565982,8.064638741936129
608,18,62.9525845,56.65667714550098,6.286140177332825
608,21,80.29427249999999,72.26396944020605,8.006842279929336
608,22,73.11416539999999,65.80198033438124,7.2625241842364785
608,23,79.9004677,71.9095808091407,7.9086161632632175
608,24,68.9468867,62.051497587009045,6.889203011107805
608,27,52.961354699999994,47.66466088894863,5.286124040579376
608,29,79.5101364,71.55820839284549,7.890653632781767
608,2,53.606951800000004,48.24559573065874,5.338578193402606
608,6,77.78793859999999,70.00826086335788,7.7541260132193806
608,7,72.5854286,65.32603229560672,7.234372794210007
608,8,73.3715993,66.03369244073207,7.3301187609093885
609,10,76.0582648,68.45158383590662,7.524241775484598
609,12,70.6329181,63.56889620936755,7.018080920261767
609,14,59.9788608,53.98034378965387,5.93666037907326
609,17,56.327702599999995,50.69433435108092,5.622349340673811
609,18,71.9806542,64.78185534030231,7.191790661468622
609,21,55.9570468,50.36065454397493,5.569673378166102
609,22,56.9210913,51.228299457746935,5.66825423980187
609,23,63.2621845,56.93525479197581,6.258883560633695
609,24,83.9670689,75.56949037704486,8.312397035368729
609,27,79.8118353,71.82982780189609,7.971760080294073
609,29,57.3585681,51.622008580461866,5.689447962518369
609,2,64.368249,57.930709136896255,6.418670631263162
609,6,63.7323385,57.358448641242695,6.345960708481631
609,7,55.89248679999999,50.30248163851861,5.562281301129867
609,8,71.2243448,64.10117446952997,7.112257065750829
610,10,50.4448239,45.39966583716141,4.983854840692859
610,12,55.358571,49.82213410038211,5.5261343950329955
610,14,87.9295379,79.13561140655085,1.9760510025443452
610,17,82.59093010000001,74.33098294252999,8.248705542474429
610,18,84.12623839999999,75.71271342041761,8.39561521678186
610,21,81.7504205,73.57448751691952,8.152624669025693
610,22,78.8743561,70.98604781015152,7.864082291256774
610,23,70.4160114,63.37368693961956,7.03260260904957
610,24,57.9806756,52.18199919045676,5.787197644980897
610,27,65.2992744,58.76867691839774,6.521923019452829
610,29,64.2465479,57.82121500334524,6.4116809271361115
610,2,80.8951648,72.80472930556496,8.064827086631077
610,6,79.9690754,71.97126098653087,7.95313044802305
610,7,83.908663,75.51683431895712,8.364918272875357
610,8,68.6185442,61.755990814280736,6.855498240569834
611,10,76.3169043,68.68435668631612,7.549717204934721
611,12,80.6294732,72.56569459298056,8.053653557755844
611,14,61.5742593,55.41613761147728,2.9128754676715514
611,17,65.8691361,59.28154924895973,6.579428828579044
611,18,58.8313198,52.9475745742781,5.873590700126204
611,21,56.7379502,51.06345951128453,5.647958773244711
611,22,56.6245294,50.961383680789915,5.6251271187830945
611,23,80.7518359,72.67580113484188,8.060976415703172
611,24,83.3974484,75.05684101980117,8.256062817349399
611,27,82.4754423,74.22703307292129,8.234970772390696
611,29,82.74256079999999,74.46734897370402,8.247483935220094
611,2,58.4625347,52.615527547896534,5.819672765295589
611,6,59.9543791,53.958202709592335,5.95919687640966
611,7,61.431737500000004,55.28778945515453,6.117404257447323
611,8,74.6886765,67.21904362899942,7.461183212769646
612,10,50.8607897,45.77405014152713,5.026033924695199
612,12,58.8366794,52.95239552181694,5.87363658988099
612,14,87.1736801,78.45534726578401,1.9591770197006941
612,17,52.741707500000004,47.46698579080585,5.265552161907316
612,18,70.7422201,63.66727807525403,7.068190408412769
612,21,81.98979229999999,73.78991963873237,8.175822573524306
612,22,82.31044349999999,74.07849003788894,8.143439857097746
612,23,62.7406829,56.465944164429395,6.2607305393106705
612,24,59.4894021,53.539840104013074,5.888411975034348
612,27,54.567716,49.110372830469124,5.447176788837222
612,29,68.7404914,61.8657068913036,6.859667379470941
612,2,82.1067545,73.89515366423387,8.183979417071022
612,6,79.0716742,71.16362111603871,7.822930654585382
612,7,84.0442522,75.63887074766457,8.379135189826627
612,8,61.2395914,55.11497810206864,6.111491224901468
613,10,72.27432160000001,65.046054096542,7.148125515873487
613,12,82.7992591,74.51848030957639,8.227272508293971
613,14,61.761935099999995,55.585088714857484,6.113024634351774
613,17,74.80090630000001,67.32003767055029,7.469045371519859
613,18,73.80905920000001,66.42738432999754,7.349070075191239
613,21,56.327702599999995,50.69424087492935,5.606216481535717
613,22,58.4382173,52.593684384540865,5.818378035926444
613,23,79.4924424,71.54235365809119,7.934035644658522
613,24,82.59093010000001,74.33098419052709,8.175969685870605
613,27,71.8463668,64.66100016130216,7.179131941279861
613,29,73.8098901,66.42809773559154,7.363707278999001
613,2,58.6479875,52.7824120402278,5.8373545685062
613,6,57.0071663,51.30570631686119,5.640950498621281
613,7,60.2726084,54.2445675272232,6.000091119325916
613,8,80.455815,72.40940015773396,8.034292606203184
614,10,51.1907551,46.0710550573191,5.086379974349864
614,12,60.987863899999994,54.8884355841853,6.0583024881330765
614,14,85.3674822,76.82985093550411,8.501417523467442
614,17,56.9794352,51.28089398740352,5.672584777358132
614,18,63.40070169999999,57.059984918286936,6.2999888431223905
614,21,81.5564699,73.39993336671064,8.068828709704519
614,22,82.6221082,74.35898576497338,8.238335839137353
614,23,64.5370051,58.082638745378645,6.426168034551273
614,24,63.6565487,57.29025082444869,6.302481816519488
614,27,59.0357759,53.13157240394113,5.8922767041016355
614,29,79.7427616,71.76745878770429,7.939844206192521
614,2,84.4790938,76.0302281773046,8.422703612309007
614,6,79.3960621,71.45556102518636,7.85447218013653
614,7,83.5858829,75.22634885534205,8.269099984557702
614,8,59.6176625,53.65528351589754,5.953130509385362
615,10,69.24846260000001,62.322804218499506,6.884212782950237
615,12,84.05557540000001,75.64915089366126,8.359630985435688
615,14,59.266254399999994,53.338997949641275,5.8994662815871255
615,17,85.41782479999999,76.87515873847903,8.506427756111139
615,18,60.180229399999995,54.16159636326658,5.958042344207858
615,21,62.4826876,56.23373186777465,6.228375453155945
615,22,60.8732241,54.785165231256656,6.061928938009468
615,23,54.2901371,48.86054075646076,5.417363329509904
615,24,85.41782479999999,76.87516005815621,8.456138441522677
615,27,69.149113,62.23349445251293,6.9074365574020575
615,29,77.8580616,70.07129730540241,7.752934666970796
615,2,70.0096,63.00784598777837,6.979050086215139
615,6,58.889413000000005,52.999727899650196,5.82082788543832
615,7,61.1042597,54.99302296397322,6.081495672992783
615,8,65.3975889,58.857165684854024,6.533959367568564
616,10,51.330036,46.19638381734632,5.1103675062191
616,12,62.8864741,56.597168532860856,6.2525541243147185
616,14,84.72416390000001,76.25087104075155,8.387443599689238
616,17,67.78645850000001,61.00710924966777,6.7195684356204115
616,18,76.99136610000001,69.29142100244114,7.620906070397072
616,21,66.5649542,59.907754601851906,6.641659949804077
616,22,83.648371,75.2826061610956,8.339712078933635
616,23,70.1972255,63.176763960728934,7.007655864004114
616,24,61.0329325,54.928998711470705,6.092263562118083
616,27,57.1875537,51.46818569409292,5.706763860319955
616,29,57.4127888,51.670678339043704,5.709219648315032
616,2,72.2186581,64.99603039844962,7.208698496099968
616,6,79.1996118,71.27876361208699,7.835423305848405
616,7,84.7518824,76.27573716330377,8.450365957641322
616,8,60.171152299999996,54.1534144943428,6.008319169447638
617,10,78.5537408,70.69747480519281,7.831496885285174
617,12,83.4724125,75.1243113159266,8.263612490525531
617,14,59.76014240000001,53.78349179525908,5.914551830036401
617,17,89.2965466,80.36595855721139,8.916665907492412
617,18,82.4260024,74.18253300794132,8.228142005967538
617,21,56.9794352,51.28081932504224,5.674125615765278
617,22,61.90982459999999,55.71814029671508,6.170521348523258
617,23,56.35154489999999,50.7157707028442,5.620457118920486
617,24,85.8601829,77.27327899151896,8.551698689095991
617,27,87.8740581,79.08574455570886,8.777509273318685
617,29,79.6033372,71.64208887518319,7.935485738788602
617,2,65.9207263,59.327922587913775,6.574412198338556
617,6,72.3130345,65.08093975105996,7.19457468301296
617,7,63.129399500000005,56.81562787777405,6.284303281880736
617,8,82.4706235,74.22270688041988,8.236606880768232
618,10,56.2792611,50.65063498499381,5.604208467579477
618,12,60.8902088,54.8005470642408,6.061301970896053
618,14,84.9497785,76.45391907663281,8.409494557076291
618,17,61.720915600000005,55.5481771656119,6.161480770644045
618,18,58.4664333,52.619177731043365,5.836706983603118
618,21,85.41782479999999,76.87510830553502,8.450710884233153
618,22,69.714818,62.74256727967774,6.920690123403502
618,23,80.40719779999999,72.365632632059,7.958804749733538
618,24,58.5424079,52.68754877990271,5.843648520712177
618,27,59.982231600000006,53.98338338216718,5.98865758554804
618,29,63.8689002,57.48132665652394,6.3732326714331595
618,2,75.0101114,67.50821702523004,7.475547278257688
618,6,59.9060891,53.914765244420984,5.953975368348689
618,7,86.081423,77.47229576073057,8.582501098528546
618,8,63.190507600000004,56.8708028913748,6.309955756260376
619,10,78.7782857,70.8995752228414,7.854669026286793
619,12,80.9686562,72.87095675075021,8.063336373647594
619,14,70.2341949,63.21005690471801,6.953301758608131
619,17,84.387518,75.94787654729372,8.401865524070459
619,18,79.0716742,71.1636926359055,7.897366833167212
619,21,72.9603114,65.66348781788288,7.275303391738718
619,22,66.25530619999999,59.62906790916754,6.609466100046034
619,23,70.0180242,63.01550377136545,6.931589095694541
619,24,86.9418929,78.24680441130016,8.683123977640147
619,27,85.1917547,76.6716993650544,8.509439780640697
619,29,68.8093746,61.927524063346524,6.848732803511118
619,2,58.44660820000001,52.601210852019335,5.82013583618172
619,6,66.1985469,59.57798247785848,6.551029803391183
619,7,64.0662037,57.65879607478477,6.3812094344831
619,8,81.3300648,73.19621882261295,8.122394871687417
620,10,52.961354699999994,47.664519085124105,5.2700589601595516
620,12,57.3936974,51.653726707545054,5.728724033681694
620,14,55.997225900000004,50.39691404521436,5.590239412725724
620,17,88.6150839,79.75263692162707,8.846358527376252
620,18,57.0071663,51.30584911018805,5.6903161701310445
620,21,74.111821,66.69983753888094,7.391650505440679
620,22,83.5030807,75.151851594312,8.306441572921134
620,23,83.2370868,74.91250329280693,8.236550319185342
620,24,62.073986000000005,55.865938913616226,6.18002337111531
620,27,59.3469499,53.41163645243032,5.9251802479279005
620,29,64.7315159,58.25761153012266,6.450985555582528
620,2,84.8680522,76.38027940936342,8.460552710952726
620,6,65.5345214,58.98031897876389,6.516637011373136
620,7,74.7381785,67.26334206509289,7.437715733550393
620,8,59.5016011,53.55082126853821,5.93988460316276
621,10,78.4318381,70.5877756732219,7.8013195091377545
621,12,67.3911867,60.65138582645175,6.734349109624486
621,14,68.9359891,62.04168314771171,6.886426674743842
621,17,60.2800698,54.25142774381549,6.0178229626082675
621,18,79.73533739999999,71.7609803221344,7.940297283613954
621,21,87.7631009,78.98580803025615,8.748493006656565
621,22,58.2936675,52.46358985977298,5.762483222883851
621,23,62.298622,56.06808934183462,6.165033822366242
621,24,76.72547870000001,69.05214862205301,7.5962122369704534
621,27,80.8688151,72.7810808354855,8.07360278971733
621,29,83.908663,75.5168372485341,8.364036071302888
621,2,62.858454699999996,56.57182684491421,6.259954058896344
621,6,83.3198822,74.9869588642903,8.283820827234843
621,7,72.2993701,65.0686567779499,7.214693867698553
621,8,81.6328419,73.46871726165344,8.153239871146955
622,10,69.3374124,62.40295394258309,6.887848237983345
622,12,82.6019716,74.34091992014199,8.17716960861665
622,14,87.2593238,78.53248751613533,8.715066708973751
622,17,84.4410761,75.99609615053306,8.359489783346412
622,18,68.9490733,62.05346527313274,6.867341679763121
622,21,60.2800698,54.251344710093065,6.002882202475534
622,22,86.34559750000001,77.71008671267383,8.542979998425855
622,23,81.5106241,73.35870483418671,8.068000118969389
622,24,66.0485965,59.443058085436306,6.5970558903377245
622,27,83.3018178,74.97076589935851,8.318253258268397
622,29,61.431737500000004,55.28779370121717,6.117348217182223
622,2,83.9989022,75.59806707826304,8.37563879781326
622,6,63.7636081,57.38645432399299,6.349737720374933
622,7,71.47714590000001,64.32860569376798,7.125320326194288
622,8,57.945323,52.150181003558984,5.783384297470932
623,10,57.30957599999999,51.57793074554003,5.709079959614328
623,12,60.9075602,54.81616646052963,6.028565109467782
623,14,63.2869112,56.95755168063447,6.3174880136100695
623,17,57.330368099999994,51.59672255999662,5.674397046589617
623,18,79.3886165,71.4489362134719,7.859233348069509
623,21,84.4410761,75.99604960328968,8.421397432494908
623,22,62.063359,55.85627305828708,6.135846080503401
623,23,61.2539645,55.127908723592554,6.095955783965968
623,24,73.1604343,65.84362728956083,7.305373280840843
623,27,57.0026859,51.301816978730244,5.689872556655523
623,29,84.5233865,76.0700821128857,8.426232322144047
623,2,59.6037237,53.642564692197965,5.932702980902574
623,6,84.2707491,75.84273531378894,8.403012620061448
623,7,75.2231642,67.69999571840839,7.500705611308454
623,8,81.834756,73.65043565854918,8.17282225571278
624,10,77.1183436,69.40561574463605,7.685506369259111
624,12,83.5327598,75.17861102140043,8.268691652221735
624,14,89.2527927,80.32658991235272,8.835827857617822
624,17,82.0357166,73.83129500225553,8.121102837706644
624,18,58.553387,52.69743138418968,5.795350311307793
624,21,69.4637399,62.516606429995804,6.925852248122578
624,22,85.4196738,76.8767144525932,8.491636426007588
624,23,78.4965837,70.64609999209256,7.814807793372893
624,24,69.78110199999999,62.80222352638766,6.96096267135977
624,27,83.6114119,75.24940726453066,8.351491716050786
624,29,61.9789847,55.78031036876603,6.171549831522122
624,2,82.2156655,73.99317257908609,8.197692010055096
624,6,69.70843930000001,62.73678786084613,6.946806790488888
624,7,86.05295720000001,77.44669104038312,8.581290837326529
624,8,60.708112199999995,54.63666872409137,6.060442818759836
625,10,59.537209000000004,53.58275371988327,5.915444904487494
625,12,87.4502444,78.70428437836492,8.70464166501596
625,14,64.2988076,57.86824360637922,6.4157773602226325
625,17,62.2391969,56.014637553915136,6.161346234340477
625,18,65.5765813,59.018259796295936,6.5521093747236945
625,21,68.8243513,61.941190815943756,6.867830275382693
625,22,88.147355,79.33153608847569,8.776459285809988
625,23,64.7083485,58.23684861763891,6.462859231971541
625,24,52.3102399,47.07866880903801,5.196468718557459
625,27,71.1451519,64.02991020987068,7.107687322504163
625,29,83.5858829,75.22635079294339,8.221359550509797
625,2,58.7518719,52.875906923519636,5.847720877649681
625,6,86.98155709999999,78.28232327769068,8.661887251762476
625,7,63.440215499999994,57.095358959649815,6.314628894328652
625,8,79.6033372,71.6421819274129,7.950641752591086
626,10,87.1533631,78.43705119437328,8.622114408551889
626,12,61.580161499999996,55.42150366734669,6.14746775009911
626,14,91.1732423,82.05497203884089,9.105811270490763
626,17,76.3201258,68.68729539119337,7.597083499398117
626,18,83.6614747,75.29446309776887,8.331375391546885
626,21,52.3102399,47.07859209686696,5.208838351332429
626,22,61.5921755,55.43221402642345,6.133820568504694
626,23,64.0163704,57.614064368235276,6.391396317811479
626,24,72.5449091,65.28966521158532,7.181213143074868
626,27,57.820793699999996,52.03811588402399,5.773492792595321
626,29,61.1042597,54.99302540237648,6.018663069737527
626,2,81.4458041,73.30030531810705,8.120881149547257
626,6,73.7466607,66.37118567395846,7.355228410252369
626,7,85.5165518,76.96385330751545,8.481759831664307
626,8,59.3906686,53.45098727334647,5.93032925019019
627,10,58.0842981,52.27513264431699,5.741063817158962
627,12,79.8146483,71.8323459849055,7.946215122412764
627,14,65.9415987,59.346746245194176,6.583873770595461
627,17,61.2705049,55.1428324655473,6.121667712790907
627,18,65.241006,58.716225320014225,6.457878011288047
627,21,67.577246,60.818784914566535,6.738816251456158
627,22,87.6196194,78.85662719291045,8.728729424389519
627,23,61.253299299999995,55.127317857411775,6.113422579596838
627,24,56.04866630000001,50.44321373292015,5.568161658924589
627,27,65.12937210000001,58.6157708937021,6.506410359282876
627,29,84.7518824,76.27569961489728,5.580621180773943
627,2,57.725539000000005,51.95221797454956,5.745331970891146
627,6,85.3409466,76.80579087586023,8.498192610564187
627,7,89.54593159999999,80.59020376608242,8.91697370155489
627,8,75.82742660000001,68.24389869362442,7.5728109390061995
628,10,84.5936061,76.13329576277633,8.319218957233481
628,12,68.5091348,61.6575168577349,6.782082951719254
628,14,88.6009249,79.73991584117141,8.850472923268905
628,17,81.7360551,73.56158248183672,8.159937604391057
628,18,85.478044,76.92935647909064,8.461621254759908
628,21,53.6587861,48.292114545612854,5.330192859417299
628,22,92.17956000000001,82.96047806752077,9.158830862095044
628,23,80.9101365,72.81827664025838,8.078064707787698
628,24,84.87711089999999,76.38852326961569,8.452550281086134
628,27,67.2673944,60.5399678054955,6.719821643099813
628,29,63.129399500000005,56.815631306424216,6.239009811898152
628,2,79.2463597,71.32082812221118,7.900273730120648
628,6,62.5181578,56.265542730256506,6.223051793195225
628,7,75.9976793,68.39703878239283,7.576580970829892
628,8,56.3886054,50.74916158334674,5.630337837538154
629,10,57.472219300000006,51.72426802924713,5.680752950731086
629,12,79.3994492,71.4586857065604,7.906766146428548
629,14,62.384217,56.14513204610763,6.227274750042649
629,17,80.6956875,72.62527710756868,7.988078050035871
629,18,65.3364158,58.8020931537405,6.467622937970459
629,21,82.378004,74.1392558752117,8.2079503538523
629,22,64.7040645,58.232894073149986,6.430448314332248
629,23,59.7206613,53.74794047903562,5.956999369113103
629,24,58.274091299999995,52.446070256791494,5.8163131197997755
629,27,85.5092178,76.95741285672425,8.541167642330494
629,29,85.52116290000001,76.96807689367587,8.460343848509407
629,2,56.302732600000006,50.6717280927396,5.604200772121465
629,6,82.7923933,74.51221721815811,8.19059428857681
629,7,94.10197,84.69059108104288,9.372451828033665
629,8,66.02901639999999,59.42544062361642,6.5950849090262915
630,10,82.2373791,74.01272180509623,8.087550394404746
630,12,57.8470313,52.06172239710903,5.758364803407701
630,14,87.0840716,78.37476235915396,8.698583493936075
630,17,56.3030894,50.672170763165774,5.61760454240942
630,18,84.7135806,76.24134737401269,8.386528704886139
630,21,90.96085459999999,81.86364033012738,9.054397375952691
630,22,89.4156296,80.47306536153638,8.91378712199779
630,23,82.3996823,74.15884818579629,8.203672767593915
630,24,85.2070578,76.68547186207434,8.387404210179108
630,27,61.2491582,55.12360415864417,6.115247166882544
630,29,70.6833195,63.61424385541996,7.0362773150636695
630,2,73.2019906,65.88093684146448,7.295494012779387
630,6,64.5587313,58.102128877318734,6.420133735992385
630,7,68.0795945,61.27079168526296,6.781104441387696
630,8,83.908663,75.51693024623837,8.306645422156478
631,10,57.0026859,51.301673998439284,5.6505016236104435
631,12,77.0594409,69.35270348954897,7.624307518877855
631,14,62.4390659,56.194508206816145,6.234761548388727
631,17,84.2839239,75.85466096683791,8.418160288755905
631,18,64.4008256,57.9600716904454,6.374701102494128
631,21,60.1417176,54.12684065630452,5.990351799245627
631,22,71.1956397,64.07521572598844,7.077234119392675
631,23,63.5252645,57.17205512997967,6.322194358714619
631,24,60.658768200000004,54.59225445043515,6.00387443227229
631,27,81.0132215,72.9110530073718,8.089554527997157
631,29,61.6643684,55.49714030676921,6.0952096227368475
631,2,63.2533966,56.92737775665946,6.28191702961439
631,6,64.5661259,58.10879281859534,6.438094662720666
631,7,85.97701169999999,77.3783408737211,8.573671226264038
631,8,74.4476604,67.00214090628867,7.371071110478172
632,10,83.6114119,75.24932526029757,8.271227873040221
632,12,62.4264175,56.18314571975175,6.177277321021756
632,14,69.1055221,62.1942622452412,6.903667463542402
632,17,59.4364998,53.492219530962075,5.932939417503856
632,18,84.2302638,75.80636727096297,8.33850918776845
632,21,85.2070578,76.68542086648569,8.49718531625526
632,22,71.1294786,64.01572595814966,7.0356609292752905
632,23,76.7008362,69.0299691053598,7.593593399461617
632,24,86.8789441,78.19015221517932,8.58566083165919
632,27,82.59640499999999,74.33589379524781,8.246213020280285
632,29,85.6615797,77.09445707095341,8.474634226405493
632,2,83.3139207,74.98158379308218,8.268525693912128
632,6,71.2253369,64.10194761571664,7.0792611397924645
632,7,62.1577271,55.94115490928077,6.1889923523859425
632,8,86.081423,77.47239167610051,8.52186160045938
633,10,66.3941558,59.754056417047636,6.572258991803061
633,12,75.8839451,68.29477877303513,7.5088365953923875
633,14,71.7751822,64.5969267747357,7.169946368291513
633,17,87.3583142,78.62157615863174,8.724409719967907
633,18,65.0345508,58.530417786527714,6.437458059401898
633,21,60.658768200000004,54.592169335465734,6.040671670761365
633,22,74.1266345,66.71318691785189,7.377315886427953
633,23,82.4288728,74.185100791492,8.157924145318214
633,24,61.1048291,54.993704727624625,6.070067306644384
633,27,55.69609009999999,50.12589433428478,5.559335096506799
633,29,61.7432569,55.56811923347912,6.1460991541008445
633,2,70.58580380000001,63.52642793691281,7.006282595372531
633,6,62.1513301,55.93545925970049,6.192343030025707
633,7,77.2360013,69.5114993818161,7.698404772545814
633,8,70.7807305,63.701940206541586,7.073256349735227
634,10,83.975599,75.57710162598033,8.25840754485576
634,12,61.0075575,54.90616300843598,6.044546374021053
634,14,90.7628313,81.685609136155,9.066530617571425
634,17,65.2245035,58.7013724874847,6.512003078121449
634,18,82.7923933,74.51229875917454,8.196091289925974
634,21,86.8789441,78.19010115871578,8.663627856811006
634,22,60.4251082,54.38184844578296,5.974881393565329
634,23,83.6108629,75.24886551544286,8.341877257117048
634,24,89.3303019,80.39634752193548,8.843450795521996
634,27,81.3523106,73.21624075374646,8.12602393313611
634,29,84.4016588,75.96046695204063,8.407853230536348
634,2,87.756091,78.97933914147852,8.735570947999761
634,6,83.4791112,75.13026279764195,8.258765680799334
634,7,63.849352599999996,57.46368339332167,6.364266279743869
634,8,60.8024561,54.721571004129665,6.052635641877996
635,10,73.0032499,65.70216936405123,7.182000564829273
635,12,81.75516689999999,73.57880811496517,8.093583277545694
635,14,63.285506999999996,56.95628368092525,6.317320404674418
635,17,88.78750600000001,79.90783686922502,8.867905208049962
635,18,64.14694469999999,57.73159110022937,6.387766408339263
635,21,61.1048291,54.99361948319632,6.084502468505268
635,22,89.9968341,80.9961616751813,8.902550781703907
635,23,71.57769280000001,64.41918208900145,7.1481764381614505
635,24,76.85902610000001,69.17233770454291,7.609186899065111
635,27,57.4600968,51.71348549814587,5.736157652665504
635,29,88.17605520000001,79.35733415225793,8.74645177672073
635,2,60.1792953,54.160594308267896,5.9916976867250815
635,6,61.401941400000005,55.26097735978456,6.069647088214571
635,7,80.6360326,72.57129632381414,8.021770177577002
635,8,86.5522338,77.89611775549137,8.600632056090234
636,10,65.5922516,59.03235093777689,6.491975081801799
636,12,68.1688669,61.35129236358124,6.745689929925253
636,14,90.349895,81.3139694860517,9.024968385730114
636,17,61.8702143,55.68254127416228,6.17669978739675
636,18,75.7373179,68.16279093530976,7.560751585271981
636,21,86.9072709,78.2155490048714,8.659364833386112
636,22,65.4092313,58.86752332839394,6.466730129779727
636,23,64.4098338,57.96816610411492,6.428007184193449
636,24,59.086489900000004,53.17721665082779,5.848896518449162
636,27,80.8941766,72.80392595320228,8.080535502142036
636,29,63.440215499999994,57.09536312518936,6.289226097762562
636,2,82.8321579,74.54800932593994,8.259014987527943
636,6,81.73423319999999,73.55989634560088,8.080918146597785
636,7,65.8671231,59.27962714913818,6.563702810132448
636,8,62.9164248,56.62412429705325,6.2637471542907
637,10,80.0452841,72.03985903812824,7.871559111017875
637,12,58.4747389,52.62665270700163,5.819908315796713
637,14,65.7754329,59.19720383701568,6.568083444252916
637,17,85.9959767,77.39548949914585,8.588935396884871
637,18,63.2374852,56.91309535372128,6.318325926413991
637,21,76.00198689999999,68.40100212705492,7.588311728277171
637,22,91.1217764,82.00859808542714,9.015588693627457
637,23,78.4292559,70.58550314207173,7.8077607519138414
637,24,77.7585658,69.98190537339846,7.7432749423065514
637,27,55.5776567,50.019305505648326,5.547504885824058
637,29,88.4950985,79.64458113507887,8.793234971447657
637,2,59.56149979999999,53.60456356087303,5.927802891786133
637,6,60.566086500000004,54.50869713562583,5.985330592447898
637,7,85.3909895,76.85082755267288,8.50550048703463
637,8,86.05295720000001,77.44677505518084,8.569862437984051
638,10,52.8216272,47.538763106935164,5.201695405570287
638,12,80.96317119999999,72.8660202177317,8.015235413308478
638,14,79.9607173,71.9638175024987,7.986692349899746
638,17,69.3241517,62.39103308669797,6.7598262030619205
638,18,83.872762,75.484619536726,8.377415554091371
638,21,57.8686206,52.0810942069019,5.765520707732526
638,22,69.1714943,62.25355302486892,6.841382882336003
638,23,65.06722350000001,58.55979678929562,6.438826862685567
638,24,65.6036152,59.042587308813566,6.530710286047869
638,27,80.5570942,72.50055306969966,8.046254600604513
638,29,67.72666240000001,60.95316012723038,6.730170599364561
638,2,85.7051273,77.13363728928238,8.478135496375652
638,6,74.5998727,67.13910434790874,7.383998191655477
638,7,78.4112815,70.56927795214767,7.819205908115699
638,8,63.440215499999994,57.09552712766104,6.331838271231185
639,10,80.9387427,72.84395662959867,7.959242208992513
639,12,59.8484828,53.863004334576765,5.929534871651979
639,14,56.6756344,51.00745430370497,5.655343989684446
639,17,60.3974361,54.35705905573991,5.978155157799044
639,18,63.0585473,56.752035405513624,6.296046600740898
639,21,76.6230721,68.9599179992415,7.639254357472532
639,22,89.6759302,80.70733968255236,8.871585274856804
639,23,88.1197874,79.30687686719716,6.241294069676377
639,24,88.0436763,79.23840024474298,8.716231883287978
639,27,61.9389186,55.74439954274622,6.188734972441272
639,29,91.353676,82.21727063034112,9.037251765631584
639,2,63.246825799999996,56.92135541641548,6.253216126017307
639,6,83.1464002,74.83082633733397,8.225630491820784
639,7,88.572523,79.71405526793635,8.813466425619655
639,8,88.1137873,79.30149970352505,8.774672441154705
640,10,57.20531210000001,51.48405388783999,5.652761803453018
640,12,81.8961645,73.70570447977954,8.103109557235005
640,14,81.4159097,73.27346197326385,8.12949044310053
640,17,88.0436763,79.23839884099098,8.715613968133635
640,18,82.7829344,74.50378601987794,8.268465518656484
640,21,57.9220572,52.129143491370456,5.765851584683635
640,22,62.2777543,56.049210530899806,6.155809373635012
640,23,68.7819517,61.903013564159956,6.806561404413195
640,24,61.9905277,55.790820468274845,6.135715344124923
640,27,73.2650765,65.93781153450556,7.317177275077054
640,29,76.4561928,68.80971993238164,7.5642455603306775
640,2,84.2351075,75.8106348933108,8.343511072396876
640,6,66.2753901,59.64711281654411,6.6079219662749615
640,7,86.6433635,77.97797324021478,8.632338443156101
640,8,66.0545769,59.44842858211912,6.576474880374791
641,10,82.2914518,74.06138661480773,8.092386394205482
641,12,58.371180499999994,52.53344758366141,5.777218772955983
641,14,76.5124386,68.86039232084255,7.640079394452015
641,17,61.9905277,55.79081767863624,6.135385277705264
641,18,63.3315341,56.99772068896313,6.323322569559924
641,21,86.5756399,77.9170845377148,8.626113052172784
641,22,90.4659303,81.41833788640535,8.949164845280489
641,23,84.4187347,75.97598407380382,8.35669583482752
641,24,89.5044394,80.55307185015583,8.860787209145448
641,27,52.6974515,47.42715075133774,5.259759890718403
641,29,88.7244579,79.85085429298906,8.812768284529602
641,2,64.0368422,57.6324741478558,6.337361478983815
641,6,72.0858154,64.87635440892032,7.179740663248559
641,7,66.368568,59.73077959401695,6.602999252307303
641,8,91.353676,82.21736459315255,9.043812787822313
642,10,54.890982099999995,49.40116055974883,5.393260601641793
642,12,81.5915839,73.431585114588,8.077369979420006
642,14,69.6899379,62.72023566574263,6.963647036409926
642,17,89.5044394,80.55307017480872,8.724507382033249
642,18,78.44731619999999,70.60177939853848,7.835685262772965
642,21,89.9311516,80.93697741301062,8.957955515112431
642,22,70.5836577,63.52456272122158,6.987354539531527
642,23,67.4470405,60.701544235995065,6.72325276147856
642,24,60.4967311,54.44641903831735,5.987674227281172
642,27,80.0452841,72.0399315230354,7.995692887337004
642,29,64.4312802,57.98737675164633,6.4187466119577286
642,2,65.5277926,58.97428276972821,6.518241312519181
642,6,57.8006618,52.01982073851628,5.7513688916366545
642,7,91.8662052,82.6785471594202,9.160084578400026
642,8,79.4375666,71.49299732607538,7.864512188802875
643,10,82.8056203,74.5241116474227,6.247170200529984
643,12,59.5103466,53.55868541333369,5.922772837632991
643,14,59.94785219999999,53.95244923745798,5.986899964092511
643,17,60.4967311,54.44641582436886,5.919420400476996
643,18,59.173869599999996,53.25584077035967,5.90404974416401
643,21,61.9905277,55.79072468742207,6.172036849962605
643,22,80.3198,72.28691971532082,7.945333081882109
643,23,89.6073815,80.64570486602683,8.946630822421376
643,24,88.8929543,80.00273922347725,8.800094763721185
643,27,52.8216272,47.53890759046085,5.272164999836987
643,29,74.1895245,66.76972666531907,7.339494188750758
643,2,80.9033713,72.81212048620858,8.003388700362576
643,6,73.98989929999999,66.59011905879424,7.377499408109176
643,7,68.3560708,61.51959963278005,6.806421628676672
643,8,68.6273389,61.76391077710049,6.794662627677498
644,10,56.375108399999995,50.73685885859389,5.53973754634913
644,12,84.8144787,76.33215480161007,8.444442283947492
644,14,67.9429129,61.147922693516854,6.786601244437929
644,17,88.4035396,79.56226709599562,6.799258456845497
644,18,81.8455512,73.66014789162577,8.173269049369107
644,21,89.5044394,80.55302396376126,8.927039524817113
644,22,56.091459799999996,50.48160976900701,5.543529969377651
644,23,69.3396132,62.40490362432363,6.919291897098845
644,24,64.8756197,58.38738012020761,6.459017393027259
644,27,80.04025970000001,72.03540961179293,7.994834951127121
644,29,66.9539686,60.257845740284914,6.678781924347907
644,2,57.9757551,52.177407972896845,5.728784483886375
644,6,78.0431871,70.23802301423734,7.78521204187622
644,7,91.6841412,82.51469039702647,9.069220256592745
644,8,86.8053781,78.12394595042048,8.59347941238102
645,10,82.2215561,73.99847542668361,8.085983292019582
645,12,64.7324852,58.25856215311162,6.44355633291736
645,14,86.3365486,77.70200069846766,8.624171841268053
645,17,63.02271820000001,56.71978167893722,6.143401540781629
645,18,67.68991009999999,60.92021797819915,6.758814346939592
645,21,60.4967311,54.44632326875235,6.0229927491611726
645,22,84.579229,76.12037340670328,8.36790095805562
645,23,90.6041711,81.5428029652833,9.045769062167967
645,24,89.116028,80.20350457440527,8.854543573568268
645,27,56.03559930000001,50.43144908304319,5.593228437956657
645,29,86.8053781,78.12386408438962,8.6172825951007
645,2,84.08982900000001,75.67987973967078,7.658370433383001
645,6,88.1366855,79.321926732355,8.776091122894178
645,7,70.1572697,63.140439029325705,6.972420009460865
645,8,64.4663038,58.01899567707606,6.380705504969195
646,10,56.9147342,51.2225541028056,5.666908612135018
646,12,85.78820259999999,77.20849608474295,8.48813815893386
646,14,59.5958435,53.63562486361434,5.948650821152788
646,17,89.116028,80.20349925673321,6.854316309530123
646,18,83.1464002,74.83090265480575,8.304287360187866
646,21,88.4035396,79.56222127485738,8.816368454260324
646,22,59.1448809,53.22967376212603,5.875472608901229
646,23,70.80705760000001,63.72559304623145,7.012269690803996
646,24,62.573634600000005,56.31561433659412,6.193522244117735
646,27,83.8543628,75.46806054633981,8.375403477120893
646,29,64.4663038,58.018831287878854,6.371290718819924
646,2,62.309230299999996,56.07752907367375,6.159550598015174
646,6,74.5278235,67.07419774091105,7.429494350177097
646,7,72.3723281,65.13416757959828,7.2065225506450385
646,8,89.6482232,80.68247700496853,8.875037518653231
647,10,68.9133171,62.02122593263492,6.818190547683484
647,12,69.8399133,62.85521483494056,6.914669219719718
647,14,83.0382041,74.73348291990011,8.287028028455364
647,17,62.573634600000005,56.315611273370834,6.100508653849185
647,18,62.3687144,56.13119714034836,6.227950264125887
647,21,63.02271820000001,56.71969977351668,6.276570284456465
647,22,86.5372306,77.88254900459437,8.561392109149834
647,23,89.2732103,80.34495390572827,8.815671389748085
647,24,86.2171153,77.59451447365583,8.611343324479874
647,27,58.1830006,52.36409417046928,5.808625141170199
647,29,89.6482232,80.68239474941004,8.86889467999939
647,2,85.2980155,76.76724089359983,8.43783727542966
647,6,90.8825087,81.79313864014888,9.031974251174777
647,7,90.8409001,81.75574470161973,9.05443575659447
647,8,66.5923379,59.93240428517182,6.5913237467439565
648,10,66.3838277,59.74472506324112,6.621468629077953
648,12,59.3823625,53.443449184235924,5.919758385033458
648,14,88.3773165,79.53865576031905,8.825066742590352
648,17,86.2171153,77.5945093887807,6.6310655129583775
648,18,75.8132301,68.23111960299552,7.548976750919865
648,21,85.1712822,76.65323468714986,8.495610945509473
648,22,61.61898540000001,55.45635423577739,6.092387104390094
648,23,68.7422866,61.86730920200634,6.826752900607218
648,24,70.0135734,63.01150567460621,6.996269343787619
648,27,82.8056203,74.524205422651,8.271562954070978
648,29,75.2578171,67.73115626634186,7.443331295568782
648,2,62.9347706,56.64050941018858,6.241871266553644
648,6,67.6002441,60.83940179731574,6.719766162922453
648,7,68.7321533,61.858212344868285,6.8606084404841425
648,8,91.8662052,82.67863672902506,9.094643152219252
649,10,83.9711727,75.57311956554528,8.373058885469623
649,12,82.5322133,74.27810765733189,8.236252711364612
649,14,61.0303739,54.92669495469144,6.093156233809709
649,17,61.3952437,55.255075120495626,5.985889427279815
649,18,61.1475781,55.032188695230396,6.088534154511583
649,21,68.5701957,61.712371883668375,6.830175723780959
649,22,86.94182029999999,78.2466755265871,8.60139351904769
649,23,72.10994699999999,64.8982091889861,7.20133444896924
649,24,63.60382799999999,57.24278533486146,6.3513155010434295
649,27,56.375108399999995,50.7370037495825,5.627174448632607
649,29,93.23801590000001,83.91311376770027,9.291500830825534
649,2,82.9304571,74.63647667798107,8.204338360037205
649,6,87.2689109,78.5410436482559,8.67675183342687
649,7,67.2180437,60.49545796954461,6.700159022344239
649,8,68.3560708,61.51974901443426,6.766119508149814
650,10,57.700845,51.930011112818555,5.742960410580497
650,12,75.0925418,67.58252158166609,7.502656090806157
650,14,83.383469,75.04425701579753,8.328428372831912
650,17,80.5989422,72.53820915098044,7.858645748576527
650,18,74.3002547,66.86947189746874,7.356046373466842
650,21,86.8586257,78.17180420891114,8.660363844663085
650,22,61.4864776,55.33709858969156,6.079259247384517
650,23,73.91505310000001,66.5227818743164,7.316899143150338
650,24,87.9226747,79.12949894896919,8.704190877736915
650,27,81.1843983,73.0651224675712,8.109536785075466
650,29,68.3560708,61.51960453289361,6.807497460190641
650,2,58.2755676,52.44723717629536,5.7864348418011735
650,6,67.7280244,60.95438727143028,6.729955804205731
650,7,84.46510459999999,76.01751234291014,8.41080934852403
650,8,91.6841412,82.5147810201252,9.076601245458054
651,10,83.9185755,75.5257759819331,8.302078455458664
651,12,82.0117958,73.80975157270679,8.187630351294796
651,14,60.59541539999999,54.535236823892966,6.049696751045326
651,17,69.2774213,62.34897040627771,6.860414226756481
651,18,89.1472709,80.2315986245908,8.855698502075246
651,21,68.933025,62.038971927667596,6.874198709997901
651,22,85.6029544,77.0417100934344,8.467401935230088
651,23,82.7511379,74.47516821477245,8.222302635844553
651,24,62.281298500000005,56.052514881830696,6.164588061682019
651,27,55.9467011,50.35144509236344,5.584951426161272
651,29,91.6841412,82.51469394211321,9.11992376963321
651,2,79.0721021,71.16383939161368,7.8693867320219395
651,6,87.35613049999999,78.61954074439234,8.710225669780472
651,7,74.8731207,67.38501191872002,7.47280892070356
651,8,66.8044821,60.12333530620392,6.612483313059433
652,10,56.2712432,50.64340353371735,5.60144780335865
652,12,58.1760854,52.357864325014944,5.807043582837486
652,14,84.95117570000001,76.45517820915838,8.485421042069744
652,17,60.0045312,54.00344878313431,5.940921174937043
652,18,64.6588504,58.19228877464439,6.454666743412907
652,21,70.25143270000001,63.225551270547236,7.010829077537753
652,22,59.51233259999999,53.5603886546614,5.884742581527162
652,23,90.7946471,81.71423146659633,9.040080067533369
652,24,87.0644501,78.35710683821816,8.619274814531162
652,27,74.4932848,67.04318880005232,7.440547729521164
652,29,66.8044821,60.123189170441854,6.6038029184390465
652,2,78.0688816,70.26106686006783,7.778901648738512
652,6,66.97194359999999,60.273950855145785,6.672453711569277
652,7,87.3661374,78.62852537430224,8.71082750789492
652,8,89.0066396,80.10505740336566,8.811571802538879
653,10,79.45216,71.50605509273082,7.921963760718027
653,12,80.4164962,72.37401854539344,8.032671942858787
653,14,59.0276396,53.124251497109434,5.8924913153628555
653,17,86.89296709999999,78.20277273608384,8.678870251545037
653,18,85.82375060000001,77.24049124154949,8.572104275544953
653,21,56.9502879,51.254483694005536,5.6623768764545765
653,22,79.6139818,71.65170777802629,7.919852350256259
653,23,71.425168,64.28188118640128,7.1186446308523
653,24,58.960185200000005,53.063543875351506,5.869113264290061
653,27,54.6385155,49.17409441388069,5.454732896978291
653,29,89.82980470000001,80.84580208634189,8.883283199189378
653,2,65.4931232,58.94309253167212,6.531938263589263
653,6,80.6241572,72.56078865168782,8.03299537840531
653,7,64.0883129,57.678679745583395,6.3830138547576745
653,8,67.0367553,60.332400037284216,6.6974503594453045
654,10,53.7248316,48.35164038942835,5.346610112357631
654,12,57.8790333,52.090520521559945,5.777366326999926
654,14,83.3325379,74.99841589922876,8.321363242533229
654,17,61.1355417,55.021339583040934,6.102686976408167
654,18,64.9682186,58.47071346558839,6.485707946678432
654,21,87.9226747,79.12944784653283,8.767494203260593
654,22,53.339617800000006,48.00496094974015,5.2954260145221195
654,23,91.17532560000001,82.05683825976591,9.103209423264405
654,24,77.4426512,69.69759783916547,7.667325189343115
654,27,68.6079433,61.746447887161665,6.853806109828556
654,29,63.8143376,57.43213358432685,6.3099511816218605
654,2,61.7987298,55.61818685106676,6.149222986471806
654,6,69.9659061,62.968538894345166,6.977204442459539
654,7,85.3523464,76.81614196672585,8.510539230188964
654,8,68.7639466,61.8868469093988,6.867870056422157
655,10,78.3534806,70.51725504978376,7.812354507662124
655,12,80.0089547,72.00723023460355,7.9906276829687
655,14,69.80038520000001,62.819593646675514,6.966407938847144
655,17,87.0644501,78.3571054416242,8.603925020751433
655,18,86.85463089999999,78.16827280140551,8.675124706230985
655,21,62.281298500000005,56.052429732159005,6.202320334568524
655,22,67.4139395,60.6717403942703,6.6868742586416365
655,23,78.3824788,70.54343324545117,7.832572669924899
655,24,56.621361199999996,50.95862639513947,5.603997160048262
655,27,83.9711727,75.57319047235748,8.388048456335753
655,29,76.7893407,69.10951157274938,7.594820917462916
655,2,76.6052392,68.94390397771389,7.5819268072642565
655,6,77.7888766,70.00915064174852,7.761016495943253
655,7,61.69719380000001,55.52667972549048,6.143042559811501
655,8,85.0286639,76.52492075574568,8.492305262349404
656,10,53.3357957,48.00145447648567,5.303852415784114
656,12,74.8686542,67.38097164989824,7.469946066654728
656,14,56.255594099999996,50.62943511413233,5.614989835203503
656,17,58.960185200000005,53.063540927447846,5.835339897738641
656,18,77.4870271,69.73753560712382,7.741994420066032
656,21,87.0644501,78.35705832220775,8.614371647094488
656,22,74.0561694,66.64966312445657,7.375269256819131
656,23,62.0947379,55.88460038364659,6.196972227581578
656,24,80.277027,72.24849655475788,7.946046774339364
656,27,57.700845,51.93015291276287,5.759617897145452
656,29,68.1103459,61.298586881268776,6.779158430222411
656,2,58.6437428,52.778591712569764,5.835977367049824
656,6,90.6036794,81.54216279947373,9.02045714947073
656,7,78.5108338,70.65885834075644,7.82817867722281
656,8,70.1068006,63.09539882410973,7.001212042307669
657,10,64.4627953,58.01552286311526,6.4049432912967035
657,12,57.724161699999996,51.951137690140996,5.761892316321136
657,14,69.0313925,62.127550116217,6.897320538130703
657,17,83.7388703,75.3641179441537,8.165054166867675
657,18,86.5233692,77.87009368842989,8.633182095426912
657,21,58.960185200000005,53.06344673601238,5.829681678673012
657,22,54.3274371,48.894037656834314,5.410138144160289
657,23,77.3908499,69.65097549181657,7.662002892000431
657,24,56.37977910000001,50.741211740541786,5.581826789039859
657,27,82.86316219999999,74.5759925287086,8.276217067858344
657,29,88.18657479999999,79.36682994682008,8.76425750967243
657,2,82.2869623,74.05733255172116,8.203443440387534
657,6,70.4052741,63.363912612418524,7.014515312664657
657,7,55.9150299,50.32279228876801,5.566108358609241
657,8,80.4003488,72.35949396123611,8.032561512659035
658,10,76.72634550000001,69.05283712041803,7.5913971170727255
658,12,67.6220293,60.859136466988154,6.7555129442708495
658,14,75.9067877,68.31524158603395,7.570702860725836
658,17,56.4029997,50.76210046268427,5.581548209730107
658,18,89.4153118,80.4728325007645,8.850329124843354
658,21,83.7388703,75.36407101560295,8.282587486546019
658,22,66.5553533,59.89909982397858,6.6389222791977796
658,23,80.5529511,72.49682303077832,8.04442714471708
658,24,72.2378914,65.01333057422744,7.210028826024395
658,27,54.9261532,49.432959115379944,5.482214129826182
658,29,63.936905499999995,57.54241887122114,6.367293313185419
658,2,59.070599599999994,53.16277953402055,5.879815416438777
658,6,83.9039409,75.51261655063472,8.347226029752772
658,7,72.9598552,65.66301228421104,7.2709390263130365
658,8,64.0883129,57.67881422634958,6.3980179055737425
659,10,50.5236998,45.470674115495484,5.028035502652572
659,12,65.8676754,59.28023345073553,6.579380034059175
659,14,56.6832339,51.0143107127804,5.657966850461989
659,17,81.6662579,73.49878858634332,8.084667242575861
659,18,72.51153550000001,65.25964734905578,7.179263105570152
659,21,56.4029997,50.76200625821694,5.573807368486684
659,22,83.4548538,75.10843642137934,8.319867684147207
659,23,94.05611569999999,84.64945747514408,9.306432735107972
659,24,67.15093060000001,60.43515488822025,6.709381342840528
659,27,80.9039521,72.81272156714213,8.079839948854971
659,29,85.5252326,76.97173319607069,8.526249581074618
659,2,80.1456058,72.13001715894211,7.961736870305737
659,6,79.97587109999999,71.97740337220482,7.975943736770661
659,7,58.5321088,52.67822907077169,5.834475330880341
659,8,85.8632427,77.27603183100722,8.575363554846371
660,10,68.6659001,61.7985199408179,6.791600788578162
660,12,57.0353707,51.3312391791924,5.694162624828356
660,14,86.6356038,77.97114434260588,8.576493119983256
660,17,56.621361199999996,50.958623690113924,5.603994311096905
660,18,89.24903400000001,80.32320690792788,8.83508309199522
660,21,76.42887400000001,68.78518810927179,7.564457781558774
660,22,59.7063691,53.735020140456804,5.932982190169297
660,23,78.35422319999999,70.51800509395231,7.757724267700923
660,24,52.204893399999996,46.98384684458032,5.2098267853607085
660,27,56.8377883,51.153417075822944,5.674272807822487
660,29,69.6447907,62.67950048607156,6.940912133923096
660,2,85.19971629999999,76.67869201674417,8.485719941875976
660,6,67.705599,60.93424316802624,6.73102434492656
660,7,74.6542977,67.18779708884529,7.425290504005572
660,8,63.347454199999994,57.012049095031855,6.3240377372396654
661,10,57.6314742,51.86770915116126,5.749839353315443
661,12,70.9543938,63.858217614044065,7.085422990242624
661,14,61.9728501,55.77491373298073,6.1872547082568445
661,17,81.7618712,73.58483695303639,8.079871232902603
661,18,69.3393186,62.404664075828414,6.863636988024093
661,21,58.630335499999994,52.76662967145182,5.840715866779387
661,22,78.75024309999999,70.87428015973539,7.825770232837798
661,23,80.15479049999999,72.13848842879709,7.927842935533228
661,24,79.1064734,71.1950095371905,7.9004861109408875
661,27,76.934843,69.24054678776814,7.679516977917573
661,29,86.2913887,77.66106658480257,8.585880731200401
661,2,67.1975597,60.4770198061175,6.697425600619029
661,6,78.3814751,70.54242899181723,7.7541042543365135
661,7,57.532209300000005,51.77829133067469,5.731753519703802
661,8,78.5108338,70.65894226631383,7.7723686113827295
662,10,76.7913839,69.11138934711295,7.65772036684431
662,12,53.3019345,47.97117915716531,5.320092476463536
662,14,85.96155680000001,77.36450924874012,8.586067154463825
662,17,58.630335499999994,52.76669185181415,5.8249188818683795
662,18,80.6009928,72.54007125427357,7.980111028394585
662,21,66.2861385,59.65682208720516,6.612734631876571
662,22,85.5357382,76.98110808932189,8.515835526251488
662,23,91.3726755,82.23442383639491,9.042709608192704
662,24,58.177581499999995,52.35921785287126,5.80870265537822
662,27,72.01747189999999,64.81499148237157,7.016746429368282
662,29,76.9270791,69.2334659518153,7.666061159486667
662,2,81.0095891,72.90764227093365,8.06959035746276
662,6,64.1295518,57.71588021911102,6.365949220455542
662,7,69.15206350000001,62.23606226057802,6.893063921591147
662,8,61.871565100000005,55.68378179760531,6.179289119362474
663,10,59.2421978,53.3172598005728,5.900934935261379
663,12,71.6678532,64.5003284480897,7.1351342903675485
663,14,72.55732350000001,65.30085566284622,7.251343204908905
663,17,75.498983,67.94829945571577,7.538995285060031
663,18,79.0987611,71.1880634394601,7.898415319980435
663,21,71.0735618,63.96545873573751,7.059496534016848
663,22,60.0675316,54.060082125238736,5.9850131140187806
663,23,81.9411125,73.7461312902821,8.178613998252487
663,24,77.24501889999999,69.51971850802663,7.692167132226968
663,27,59.306351400000004,53.375118632831615,5.77836088416043
663,29,63.337342799999995,57.002586431967394,6.293311136158748
663,2,61.547491,55.39208317742403,6.140602126180982
663,6,59.1878567,53.268402379752374,5.900598933574984
663,7,50.3279764,45.294451675167615,5.005434696551536
663,8,64.934213,58.440134264288915,6.487525368345152
664,10,77.2497768,69.52390428273854,7.699455934963188
664,12,55.06818690000001,49.56079823538885,5.470212075621012
664,14,77.9868612,70.18735381686207,7.751198392599299
664,17,56.8013828,51.12065539028639,5.671888596011905
664,18,70.7717416,63.69383012642477,7.065800770854265
664,21,67.0946144,60.384456714552684,6.640783745590511
664,22,81.6134538,73.45118823439695,8.135688471784707
664,23,84.6843157,76.2149966207229,8.412861277013018
664,24,64.8467963,58.36145494045579,6.477273637633012
664,27,78.0284467,70.22479829743831,7.602194837723213
664,29,85.0851706,76.57568884475646,8.449154020044805
664,2,65.2195431,58.69691635692729,6.456141767034793
664,6,66.8026896,60.12163448437569,6.656635158037851
664,7,67.7437199,60.968402011078595,6.740116069103198
664,8,60.1703888,54.15273489804079,6.010006159138833
665,10,51.1283881,46.01486821481738,5.087599960277547
665,12,70.0739466,63.06580524505993,6.973726754050456
665,14,61.3025933,55.17170199819903,6.068574503113366
665,17,73.0106921,65.70886534480395,7.291674627258515
665,18,70.514211,63.462064671963155,7.043155931973192
665,21,52.252431200000004,47.026581771903786,5.192508073006421
665,22,65.3040206,58.77293220876024,6.517385599209829
665,23,79.506167,71.55468124469009,7.867421163448926
665,24,50.276927699999995,45.24870911322762,5.018912998762477
665,27,65.5782494,59.01976260944689,6.389481875016507
665,29,69.982359,62.983365674198566,6.982300930607143
665,2,50.284980700000006,45.2558446735176,5.006109933688719
665,6,56.36736020000001,50.72993597795699,5.614097515935736
665,7,58.2658792,52.43867363203364,5.814880878909967
665,8,52.1368416,46.92261991616276,5.205819826908811
666,10,72.6264681,65.36300840226204,7.241858002599156
666,12,54.875963500000005,49.38780694501272,5.480875821838156
666,14,61.462837199999996,55.31592738772638,6.113286332812786
666,17,52.662193,47.39541379719908,5.256155322060683
666,18,61.9443544,55.74928948915781,6.188545495000006
666,21,64.735115,58.26087443234184,6.451026949269208
666,22,69.67720539999999,62.708716711064156,6.947095903549079
666,23,70.4985954,63.44796078747835,7.0147597610791905
666,24,59.338514499999995,53.40406419431946,5.929422615066457
666,27,53.1499324,47.83440566608727,5.262080187720938
666,29,57.295555,51.56516829806145,5.685564666997821
666,2,59.2258676,53.302625088739504,5.906567684805042
666,6,68.6058493,61.74453588415678,6.79056553034342
666,7,68.8106935,61.92883286950593,6.859851516201243
666,8,66.9165625,60.2242033481834,6.680328761471985
667,10,59.688562,53.71907231431593,5.9562168338191865
667,12,65.2621615,58.7352676857711,6.5166227328801725
667,14,57.206040800000004,51.48485147974583,5.6843108327943686
667,17,72.9760498,65.67770214239127,7.29201142405828
667,18,65.8036329,59.22260488410381,6.57524820229574
667,21,50.721390899999996,45.648661736637266,5.052180514398342
667,22,63.790691,57.4109220114785,6.361207935919811
667,23,79.9956761,71.99528803642328,7.990612881643503
667,24,69.50226,62.551318341156254,6.9219250565297
667,27,59.9091814,53.91765648567033,5.93123002309523
667,29,65.7414941,59.166642452256,6.5059220981554065
667,2,72.3847783,65.14544448790836,7.21266096042934
667,6,61.897733200000005,55.70721370058931,6.151450595734653
667,7,54.466294299999994,49.018803937256806,5.413141488735158
667,8,54.8346607,49.35062907629146,5.47540262956103
668,10,59.3639374,53.4267770090346,5.909125608506147
668,12,53.5591933,48.20271971793663,5.331489378225576
668,14,55.871026199999996,50.28334434123933,5.578325349070342
668,17,62.030321799999996,55.82666224055287,6.1984401808796115
668,18,68.9857768,62.08649212010186,6.82946242010531
668,21,60.566811200000004,54.509478920981884,6.040833599234884
668,22,58.8147564,52.93262128674355,5.862823511865919
668,23,68.2625806,61.4356171848208,6.782317363844937
668,24,65.6604478,59.09372993089889,6.558674812446132
668,27,61.2943303,55.164233630110054,6.1150472355056165
668,29,62.215216,55.9930355210099,6.157207359545447
668,2,53.789192500000006,48.4095849491976,5.3531121037431495
668,6,80.1987282,72.17793788593484,7.933808587160867
668,7,73.1222368,65.80916283642861,7.2888348453850424
668,8,69.0104922,62.108736108982086,6.893497366744394
669,10,47.0499717,42.344162653187,4.670169148613948
669,12,63.82710350000001,57.44374782104816,6.319309682916404
669,14,69.2036728,62.282593496026216,6.911393096772868
669,17,61.7872603,55.607911943344824,6.119248185440727
669,18,78.07580899999999,70.26740396319687,7.7562827263907606
669,21,67.2385441,60.51399966530241,6.655937208276935
669,22,77.1157624,69.40321739253694,7.676469298396225
669,23,66.2420757,59.617191209915404,6.61635604257696
669,24,60.7674119,54.69000935688368,6.06304918303949
669,27,46.0941644,41.48425651929351,4.599458300320863
669,29,56.818768399999996,51.13628339495283,5.654298159955607
669,2,62.462434,56.2155037466088,6.229354698065862
669,6,63.526369,57.17297892237789,6.282828222883843
669,7,52.4468648,47.201479737923904,5.220116684615835
669,8,65.36306880000001,58.82609564091869,6.529749907706392
670,10,51.410204900000004,46.26862827312613,5.086799551212163
670,12,63.334122199999996,57.00006838440864,6.2647384755974045
670,14,70.180693,63.16189215844809,7.008341601159276
670,17,79.8653568,71.87799373362678,7.906263323850413
670,18,65.294561,58.76442867444785,6.519482007759529
670,21,79.66174240000001,71.69468942430287,7.922889029884354
670,22,64.562392,58.105444666836576,6.422125954107707
670,23,71.2207009,64.09790113752118,7.092684503348084
670,24,69.29780530000001,62.367322970675175,6.851411099555759
670,27,60.0056864,54.004507798355085,5.994556929632606
670,29,68.8006296,61.91983287361053,6.847476026262379
670,2,66.9762748,60.2778789456278,6.660306493673062
670,6,81.2216213,73.09851264590658,8.093567141932756
670,7,62.321963700000005,56.089079259159654,6.2160126311702815
670,8,59.2471452,53.32181359561335,5.914341890717029
671,10,60.33733289999999,54.302959124807636,5.991215871207991
671,12,51.319865899999996,46.187327455870076,5.1054910024294005
671,14,67.8359505,61.05165575326987,6.7754861635677415
671,17,66.4241889,59.781084859794866,6.575559843664312
671,18,71.3119564,64.1800309736307,7.12388155586242
671,21,58.2698811,52.44220723856044,5.803379347671465
671,22,67.6544464,60.88825836690116,6.745724576896282
671,23,60.1694379,54.151834269134056,5.9537302687094185
671,24,76.36080240000001,68.7238985646899,7.596601915733432
671,27,62.9016826,56.610874288804204,6.284007170428471
671,29,62.7248697,56.45168918856241,6.227421387089527
671,2,65.8069836,59.22554839782208,6.561438254876098
671,6,63.69145699999999,57.32151908208488,6.342535636841002
671,7,66.08368999999999,59.47443022497658,6.577084310474384
671,8,73.7320198,66.35803386107186,7.359417399028147
672,10,61.088208,54.97875644155044,6.046977249548846
672,12,64.61919350000001,58.156612706468174,6.453740873021689
672,14,73.4255223,66.08222241628599,7.323403407939572
672,17,70.7731979,63.69515717468713,7.070487715887975
672,18,75.3697057,67.83195834732308,7.5055598984359655
672,21,73.8420913,66.45706879293951,7.33943605239192
672,22,75.4960336,67.94563930991622,7.472518464281042
672,23,69.6196602,62.65698661527568,6.934064730823071
672,24,72.5827357,65.32370454569602,7.246758525041682
672,27,68.50948220000001,61.65782607487805,6.841933330618448
672,29,61.8804542,55.69172875333962,6.122250461515429
672,2,63.6936403,57.32358059363734,6.302237625253143
672,6,73.13643979999999,65.82198222604903,7.292571873478089
672,7,70.0016419,63.00057444122528,6.969020952423908
672,8,62.32626449999999,56.09300478652392,6.226688928216382
