Time,Scenario,Residual
1,10,0.0005477105554296813
1,12,-4.213803043651154e-5
1,14,0.001828278524440563
1,17,6.37006409940355e-5
1,18,-1.4530672356016794e-5
1,21,0.00019439513729757607
1,22,-1.341089286555075e-5
1,23,-7.674180286265653e-5
1,24,-9.715830298606676e-5
1,27,-0.0005162336825437208
1,29,0.003648343363122919
1,2,8.487682697388976e-5
1,6,-5.7456252458898405e-5
1,7,-0.00017058004484216127
1,8,-0.0012705947352626978
2,10,-0.0013354447205848885
2,12,-4.569191549741447e-5
2,14,0.004061948405652771
2,17,2.844080550268302e-5
2,18,0.0006012576808060999
2,21,0.0003594798171748792
2,22,-1.0598390007388048e-5
2,23,-2.6407164116726278e-5
2,24,-0.00020530944285024333
2,27,-0.00035630038995826396
2,29,0.0005350426430243971
2,2,7.657360592627782e-5
2,6,-6.583643164681519e-5
2,7,0.00018570612638946216
2,8,-0.00032537100520713125
3,10,-0.00011723635974547619
3,12,-6.210261090178193e-5
3,14,0.00189343965816402
3,17,7.40001542487434e-5
3,18,-0.00043945382920274056
3,21,-0.0006371051619442625
3,22,-1.0347018860379364e-5
3,23,-6.634599789379081e-5
3,24,-0.00037325412550259784
3,27,-0.0003489621978935986
3,29,0.0005360126154094758
3,2,7.582389415539126e-5
3,6,-0.00010437313849109842
3,7,0.0001868515307466012
3,8,-0.00033789931538485973
4,10,-1.139557208329478e-5
4,12,-5.121372446836858e-5
4,14,-0.0001486225559022003
4,17,7.924703621320361e-5
4,18,-0.00043548155536043964
4,21,-0.000176821144889594
4,22,-1.2787260457614025e-5
4,23,0.00021166394456528792
4,24,-0.00019773652886989623
4,27,-0.0007303837089009946
4,29,0.0038633607806746184
4,2,7.798876543319011e-5
4,6,-0.00010379243396307913
4,7,0.00018388494920529297
4,8,-0.0003271365351658062
5,10,-6.186284204900971e-6
5,12,-6.094468525219554e-5
5,14,-0.00012708945020545315
5,17,-5.9515415928856896e-5
5,18,0.00016944732062551537
5,21,0.0004946135521741724
5,22,-1.7985367020578735e-5
5,23,-1.2906239499343997e-5
5,24,0.07920847000621212
5,27,-0.00034316447122240135
5,29,0.0005701086032736669
5,2,7.548809352897479e-5
5,6,-0.00017333158573062946
5,7,0.001021616854893992
5,8,-0.001604559902270708
6,10,-7.414582202436293e-6
6,12,-4.150866213059601e-5
6,14,-0.0001327110005870935
6,17,0.000145236522605785
6,18,3.949101797839916e-5
6,21,-0.000797383921538497
6,22,0.0005887044009265097
6,23,0.0001518941486944314
6,24,-0.0001581562022110461
6,27,-0.0005336403095670406
6,29,0.0005771761015385124
6,2,9.211033816480807e-5
6,6,-7.53086459557295e-5
6,7,0.0014515088513853414
6,8,-0.0002158045557489885
7,10,-0.00011042631150104398
7,12,-6.10112639609639e-5
7,14,0.0001471194284068389
7,17,0.0004190575755220749
7,18,-0.00019280854216496834
7,21,6.157769884040931e-5
7,22,-0.0010915266600557416
7,23,-0.000499701914272066
7,24,-0.00023197389920781575
7,27,0.0007143536007436779
7,29,0.0005740695212761437
7,2,8.730437687898274e-5
7,6,-8.053819553399677e-5
7,7,0.001097649680081858
7,8,-0.00033965502372268475
8,10,-0.00011969777002285298
8,12,-5.415668626618242e-5
8,14,0.0003566080307857433
8,17,0.00015496985303364852
8,18,0.0012872388337701324
8,21,5.499126195740445e-5
8,22,0.0005697947124243541
8,23,0.0016312405635083849
8,24,-0.00021173662404549987
8,27,0.0001516324070740538
8,29,0.0005683823731352788
8,2,-0.00010356237310116256
8,6,-0.00031068302845227436
8,7,0.0011536892262213883
8,8,-0.0003276085406156426
9,10,-0.00018370333933326322
9,12,-4.4199406293188304e-5
9,14,-0.00047622088124299466
9,17,0.00014696242564493645
9,18,-0.00020277465312545928
9,21,0.00019284200421765263
9,22,-5.350051416641577e-5
9,23,-2.6043493322802647e-5
9,24,-0.0007159972603218989
9,27,-0.0003687786275978766
9,29,0.0001791455487083482
9,2,8.218863503017815e-5
9,6,-0.00042372420534597666
9,7,0.00017595862167496534
9,8,-0.0003192446864277443
10,10,-0.0008178329986918698
10,12,-5.765672671209643e-5
10,14,1.4709494931430811e-5
10,17,0.00015771377477769022
10,18,-0.00020830819232653397
10,21,8.870818980710737e-6
10,22,-0.0001854090152484389
10,23,-2.2550165972745617e-5
10,24,-0.00018584159486856322
10,27,0.00010630303129932628
10,29,0.0005786503119624697
10,2,0.00013402487902869353
10,6,0.0004854475034239414
10,7,0.000996626704914405
10,8,-0.00031538235612149634
11,10,-0.0008072847807767403
11,12,-6.0826372196842726e-5
11,14,0.0001653444101492596
11,17,-0.0001680448531722334
11,18,-0.0002062809288840839
11,21,-0.00046583040503112016
11,22,-0.00033486650123037975
11,23,-0.0005978867975340307
11,24,-0.000715716526404897
11,27,-0.00037052165733442166
11,29,0.0005869765285968498
11,2,3.315949470028556e-5
11,6,-5.9916209139920795e-5
11,7,0.00010590828453338474
11,8,-0.00033558160406599313
12,10,-0.0006467522354745014
12,12,-3.805044311544492e-5
12,14,1.8145014860415642e-5
12,17,8.089457426763147e-5
12,18,0.00034227931012509316
12,21,-0.00044680459235557635
12,22,-0.0013016361108979524
12,23,-2.0111971386960192e-5
12,24,-0.00019669325078019995
12,27,0.00017506046873361214
12,29,0.000587391167216289
12,2,-0.0005299648862955308
12,6,-0.00012169363031233615
12,7,0.0011139801584949538
12,8,-9.196016764967396e-6
13,10,-0.0021202920785992063
13,12,-2.5314094003192622e-5
13,14,-0.0004239450452541149
13,17,2.1605736552743338e-5
13,18,3.230925084807268e-6
13,21,-0.0001746001285320986
13,22,-0.0004101947645622772
13,23,6.343656880858362e-5
13,24,-0.00031376644503211537
13,27,0.00015374842626059149
13,29,0.0005863654879005864
13,2,3.963335462309203e-5
13,6,-4.5116762285246637e-5
13,7,0.0011962385776875806
13,8,-0.0004641572988619558
14,10,-0.00035663623298543
14,12,3.2261790190446504e-6
14,14,0.00016052822167633707
14,17,-7.237302942542101e-5
14,18,0.00034509302456164903
14,21,-0.000356478083606504
14,22,-0.00042951095623067204
14,23,0.00030293774621270586
14,24,-0.00021249241571208444
14,27,5.2838435123270244e-5
14,29,0.0001666234332304839
14,2,4.684254813014377e-5
14,6,-0.0003268160821034982
14,7,0.00017307991800397104
14,8,9.317122513508025e-7
15,10,-0.001113917459271363
15,12,6.278925259373125e-5
15,14,0.00031361597358703364
15,17,7.866217521179664e-5
15,18,0.00033434362677731144
15,21,-0.00040520183734660264
15,22,0.021627251802101455
15,23,0.004299492266422789
15,24,-0.0003876575530838977
15,27,-3.932485589608348e-5
15,29,0.0005853070283610151
15,2,-0.0001745940529005452
15,6,-0.00016028594266526142
15,7,0.00016443694072520998
15,8,-3.307725031653774e-5
16,10,-0.0001445796092518492
16,12,3.531837104464586e-5
16,14,-3.5448633255441564e-6
16,17,4.872080129736389e-5
16,18,-0.00018731355621248724
16,21,1.585925157598922e-5
16,22,-0.0005037495600674902
16,23,-0.00015258870787526746
16,24,-0.00016899954540239293
16,27,0.00015026538905527076
16,29,0.00015251315465292237
16,2,0.00023605893062672578
16,6,-8.904146223720488e-5
16,7,0.0001656739100548421
16,8,-4.296557128569134e-5
17,10,-0.00012254537434674972
17,12,6.078422365973779e-5
17,14,-7.36510510357391e-7
17,17,0.0003596033024244605
17,18,-0.00020741291445602883
17,21,3.3593826665345716e-5
17,22,0.00016052391157828083
17,23,-0.00018733330662179526
17,24,-0.00023703853536538588
17,27,0.00015060999070026782
17,29,0.003659629875232717
17,2,-0.00017392234031454734
17,6,-0.00011737029216085659
17,7,0.0001637900679316573
17,8,7.925265818897742e-5
18,10,-0.000117438788326929
18,12,6.132924546964347e-5
18,14,-4.548915550017796e-6
18,17,0.0010475950806272394
18,18,0.001550870377743152
18,21,5.0868298256290245e-5
18,22,-3.57126910213168e-5
18,23,-0.00019045135784079292
18,24,-0.0001666961293356195
18,27,0.0001623538511594802
18,29,0.0036811196167194637
18,2,-0.00031811365167477845
18,6,-0.00030691714070307796
18,7,0.00017114395330963816
18,8,1.189640974619266e-5
19,10,-0.0010812339688950345
19,12,6.356522770545325e-5
19,14,-8.684063308450618e-6
19,17,-1.1201712700525945e-5
19,18,-0.00020847117297950746
19,21,4.614599933372432e-5
19,22,-0.06806730547840623
19,23,0.000154972118611596
19,24,-0.0002373945278204559
19,27,0.0004928244805988413
19,29,0.0004422654947582316
19,2,-0.0003336787034635691
19,6,0.00010401056022768529
19,7,0.0001681373912321149
19,8,7.057144518540781e-5
20,10,-0.00017713754974035822
20,12,6.038172191846769e-5
20,14,-0.00021870736770068788
20,17,0.0010436076880475653
20,18,-0.00020094159660999367
20,21,-0.0001344046094571283
20,22,-0.0005964203992352424
20,23,0.00021691754312680445
20,24,-0.0001666833965163761
20,27,-0.002038522947840349
20,29,-1.9387558133132643e-5
20,2,0.00020815824814945927
20,6,-0.0002598587833357868
20,7,0.03508871348457454
20,8,0.00014931946709317856
21,10,-0.00021158570409163246
21,12,6.553708599454922e-5
21,14,-3.7610420751121865e-6
21,17,0.10476075073624358
21,18,0.000738812348426876
21,21,4.387763192958971e-5
21,22,-0.0006070030672749027
21,23,-0.00027380045110625417
21,24,-0.00023803626503138275
21,27,0.0007754545681866176
21,29,0.0004399327302158085
21,2,0.00026877975194050663
21,6,0.00029202100757252936
21,7,-0.0002732753885084094
21,8,0.00015820026115243024
22,10,-0.000366774827698535
22,12,5.9517366218564405e-5
22,14,-0.00021975990510725296
22,17,-0.0006517244476214046
22,18,-0.00038610568782626586
22,21,-0.0001888841906740879
22,22,-0.0006114323891459605
22,23,0.0004355763484760189
22,24,-0.0001678057672798161
22,27,-0.00017640259800888458
22,29,0.00044172517594454064
22,2,9.068754912266996e-5
22,6,-0.00023048138920778172
22,7,-0.0002968764525732581
22,8,6.380349578360978e-5
23,10,-0.0003518964840427685
23,12,6.180799699784245e-5
23,14,-3.6182602265455444e-6
23,17,0.1044646632016537
23,18,0.12423280685735172
23,21,-0.0002696432003688187
23,22,-0.0006125648137595974
23,23,0.0002218315879014554
23,24,-0.00024210603872276693
23,27,0.0004055423425715077
23,29,0.000910828942885189
23,2,9.944767386471653e-5
23,6,-0.00017814058876375327
23,7,-0.00017948769802345055
23,8,5.730994079922169e-5
24,10,-0.001085048123533383
24,12,0.000747965404616302
24,14,-0.00022027128112256378
24,17,-0.0011308571019386093
24,18,0.10486835041334341
24,21,-0.000265391074846022
24,22,-0.00032408158548413724
24,23,0.00022034126592807013
24,24,-0.0001686474979774033
24,27,0.00038988429006003855
24,29,0.000633654594615507
24,2,7.480848056573564e-5
24,6,0.0001666617025168904
24,7,0.00017304205790935612
24,8,6.637538407971988e-5
25,10,-0.00020364418733365142
25,12,-0.000186380129152397
25,14,-4.270563268349292e-6
25,17,-0.0009961119969954524
25,18,0.12423273537807233
25,21,-0.0002718452756926837
25,22,-0.00034373848609270397
25,23,0.00022449541293045883
25,24,-0.0003668828972305249
25,27,-6.195437100764423e-5
25,29,5.312739355112228e-6
25,2,0.00019617738208133062
25,6,0.0001629613698197474
25,7,-9.740819959347391e-5
25,8,7.37228164435777e-5
26,10,-0.00017727920680066234
26,12,-0.0016019926056207723
26,14,-0.0002281511141752901
26,17,0.001048562289494015
26,18,0.12339752767494883
26,21,-0.00022161200474890563
26,22,0.024485238306404256
26,23,0.00022034921150648756
26,24,-0.00040538009243018536
26,27,-1.8073376792493434e-5
26,29,0.0005264535882378851
26,2,0.0005948710200307517
26,6,0.00017248927715840523
26,7,0.00017759028690633727
26,8,-0.002965310530843368
27,10,-0.00010502676333246086
27,12,-0.003244014206802426
27,14,-4.388721012382746e-6
27,17,0.00025616638362890853
27,18,0.04667939873560023
27,21,-0.00023397231316568678
27,22,-0.2509044935717526
27,23,0.0002244136397111518
27,24,-0.0001560744663544611
27,27,-1.0941161425748192e-5
27,29,0.000528879065186949
27,2,-0.00020652465538795184
27,6,0.00015639141322409955
27,7,0.00014058342471301444
27,8,-0.00699455222267531
28,10,-0.0001173489700132535
28,12,0.00016772399871811672
28,14,-0.00021665045289687157
28,17,0.0004380342677574589
28,18,0.04668703795702722
28,21,-0.00022284710244768746
28,22,-0.2508998346266331
28,23,0.0002348389771409387
28,24,-0.0007169237046786847
28,27,-1.7416840288220214e-5
28,29,0.00052890927627125
28,2,0.00025682949426997226
28,6,0.00018628784868557346
28,7,0.00015154659422389472
28,8,0.006565323313978411
29,10,-0.00010119077088077688
29,12,0.00023561580467390542
29,14,-3.6389954223281507e-6
29,17,0.0005471436575561484
29,18,0.12386090572324893
29,21,0.000354771989988123
29,22,-0.0001635040107927921
29,23,0.00022172007488308054
29,24,-0.0005652214546447709
29,27,-0.00017546606729546
29,29,0.0005344350518470264
29,2,-0.0004081265330171391
29,6,-0.0008114612025185153
29,7,0.00014160169419596969
29,8,-0.0004588543017165492
30,10,-0.00011849619786108434
30,12,0.0012614158789832075
30,14,-4.999769453561953e-6
30,17,0.0004368949410888945
30,18,0.04656891281377984
30,21,0.001144478911159652
30,22,0.0001560230314385791
30,23,0.0002361693651256047
30,24,-0.0007075202929023305
30,27,-0.00018278834913765252
30,29,0.003875664939496204
30,2,0.002754515338267538
30,6,-0.0001348686968478674
30,7,0.00013509995365978966
30,8,-0.00045491977327394295
31,10,-3.964579981463601e-5
31,12,0.00021192819373894167
31,14,2.812159433318584e-6
31,17,0.00012616412125332488
31,18,0.12375446691278214
31,21,-0.00033341582991397445
31,22,0.00015466085151238929
31,23,9.076864127877116e-6
31,24,0.0006408517697149563
31,27,-0.00010378347308304114
31,29,0.001172597831141431
31,2,0.002734222586396662
31,6,-0.0004924445563938562
31,7,0.00014687449854378087
31,8,-0.00045969804152612426
32,10,-0.0008052932425215431
32,12,0.00016253231107921096
32,14,-4.349963395711143e-6
32,17,0.0004139818290482822
32,18,-0.13881449544574576
32,21,-0.00026926041273700463
32,22,0.00015299515734312763
32,23,0.0014981786645646977
32,24,-0.00044037658332918284
32,27,-0.00019508294014958238
32,29,0.0005224190309363053
32,2,2.504601824959707e-5
32,6,0.0007046801494574595
32,7,0.0001772644617226149
32,8,-0.00028524167415611146
33,10,-0.0007994583797810151
33,12,0.000405582285345929
33,14,-0.00033902960760201495
33,17,0.00014486982238537394
33,18,-0.0008249208347406167
33,21,-0.00025983724032663247
33,22,0.00015439850684817458
33,23,0.001492262791867205
33,24,-0.0004612412879723138
33,27,-0.00018271059339447504
33,29,0.0010188664361763244
33,2,0.00024091308014817514
33,6,0.00024867439542219927
33,7,0.0007364382830186145
33,8,-0.0010296838812964282
34,10,0.0005211812348591138
34,12,0.00018077270846283966
34,14,-4.144580916687346e-6
34,17,-0.0001756215617652046
34,18,3.1083989693314606e-6
34,21,-0.00043586473145129645
34,22,0.0001613317826496541
34,23,0.00021903171685089262
34,24,0.0003086494024842068
34,27,-0.00017306411136086552
34,29,0.0005557714253772161
34,2,0.0008450941335036433
34,6,-0.0004991986231646095
34,7,0.0019376554968868476
34,8,0.052136203839246775
35,10,0.00044456867461750704
35,12,0.0003912524918820992
35,14,-0.0003853917745360036
35,17,0.0001490327741233699
35,18,-1.5164946054468942e-6
35,21,-0.00025007437015034384
35,22,-0.0001766853049085526
35,23,0.00023089789427999108
35,24,-0.0007135035148699842
35,27,0.00020898253464984862
35,29,0.000531176005956091
35,2,-0.00013522129955578777
35,6,7.88415958901112e-5
35,7,-1.8905744910924227e-5
35,8,0.05213092054659363
36,10,-0.0007457513485622513
36,12,0.001068812321303625
36,14,-8.615985779059088e-6
36,17,-0.00017558235373282827
36,18,-0.00023857739896548935
36,21,-0.0001061024532997834
36,22,0.0019173977929938246
36,23,0.0002031005081546411
36,24,-0.0004127857128661816
36,27,-0.0004746213932369514
36,29,0.003921526041946066
36,2,-0.00013070297543116283
36,6,-0.0001134587496238737
36,7,0.000996672706102153
36,8,0.0521380953743229
37,10,-0.0006917387349716364
37,12,0.0001740384391508698
37,14,-0.00023844375939852114
37,17,0.00014798731809406718
37,18,-0.0001592169011264133
37,21,-0.00017839385656159834
37,22,0.0034328558123011277
37,23,9.421523417429967e-6
37,24,-0.0004794802439622714
37,27,0.007256040558250021
37,29,0.0005654406688577751
37,2,-0.0002684653109605861
37,6,-0.00011671386748535184
37,7,6.895274635976278e-5
37,8,0.0100151009468199
38,10,-0.000144169039872466
38,12,0.00018587033458494773
38,14,-3.589324585995257e-6
38,17,0.00010684712643183047
38,18,-0.00016079512989808364
38,21,5.2594807970152146e-5
38,22,0.0034366294382097706
38,23,2.3254512042214515e-5
38,24,8.939871638258268e-5
38,27,0.008452417559793979
38,29,0.0005647448521663989
38,2,-0.00025285826725252036
38,6,0.000542502741458506
38,7,0.00023830698035798292
38,8,0.05213225075774375
39,10,-0.0006893651324499928
39,12,0.00015799394920357201
39,14,-5.1356881680675315e-6
39,17,9.282752946404571e-5
39,18,-0.00024843075584080054
39,21,5.185218703385175e-5
39,22,0.00015874203666754738
39,23,0.00022594923339269712
39,24,-0.00018696435739151696
39,27,0.007248584676601055
39,29,0.0005645147547754803
39,2,-0.00026697785743845515
39,6,0.00023802546610873776
39,7,0.00023689133641724425
39,8,0.052125044305620705
40,10,-0.00012936809388541803
40,12,0.00042406131455052787
40,14,-0.0002831088549655192
40,17,0.00012622687333507798
40,18,-0.000683478091968226
40,21,-0.0002309040176164956
40,22,0.009886945506092815
40,23,0.0002225180290862383
40,24,-5.924262235623701e-5
40,27,0.0024154333031072284
40,29,0.0005680259677856014
40,2,-0.001050645015032714
40,6,0.000536814466515878
40,7,0.0002369700137556663
40,8,0.052139272319163155
41,10,-0.00012219430375459694
41,12,0.00017607242549022573
41,14,-6.9063821754866694e-6
41,17,8.206480525263515e-5
41,18,0.00014028156067347197
41,21,-0.00026625028811455564
41,22,0.022550040850028097
41,23,0.00022803445245678233
41,24,-0.0002768329574793782
41,27,0.0076766286538880735
41,29,0.0005653553899938046
41,2,0.00036605029886249696
41,6,0.00015139386344209527
41,7,3.5896243382183e-6
41,8,0.045379539478925146
42,10,-0.00013265430670106326
42,12,0.0001500544257222458
42,14,-0.00023114190509865296
42,17,-0.0003342831422781245
42,18,-2.7328800020320898e-5
42,21,0.2236642244221727
42,22,0.02213420634951646
42,23,1.504713111444289e-6
42,24,-0.0002702280757906905
42,27,0.0024157547119170175
42,29,8.806188145271676e-5
42,2,0.0004149985356676211
42,6,8.407883720806808e-5
42,7,1.731248007175168e-7
42,8,0.05213284196735657
43,10,-0.000487203766720512
43,12,-0.0006705378564815234
43,14,-3.75914009076439e-6
43,17,-0.00017227089007842977
43,18,-1.4297487119563357e-5
43,21,-0.0002595853059395026
43,22,0.009660441079734738
43,23,0.00022351980174128983
43,24,-0.0002647875421768475
43,27,0.00710472675875895
43,29,-3.96330987806337e-5
43,2,-0.0001852711876235702
43,6,9.938311667223587e-5
43,7,-3.6512303562830084e-6
43,8,0.05211644097252677
44,10,-0.00012924261305169438
44,12,-0.29015027088910106
44,14,-1.4633415949205641e-5
44,17,0.0009084296064010289
44,18,0.0005769293930342201
44,21,-0.0002506427060415817
44,22,0.02213164410223989
44,23,0.0002222139542471524
44,24,-0.00016784718411155808
44,27,0.0020058389876780325
44,29,0.0005197846086417712
44,2,-5.7118489447560705e-5
44,6,9.600823675892656e-5
44,7,0.02194291105391244
44,8,0.05212798012021125
45,10,-0.00011566356036496472
45,12,-0.29015633719932943
45,14,-0.00010495975991808848
45,17,-0.00017564996078256456
45,18,0.0006895351284033069
45,21,-1.3451392840480025e-5
45,22,0.009659903697593286
45,23,0.00021776383673355326
45,24,-0.0002697917076321943
45,27,0.0020686012954449495
45,29,0.0011567072676914592
45,2,-0.00018374720206093542
45,6,0.000194650066671187
45,7,-0.0005453932123558047
45,8,0.009936471322516738
46,10,-0.00017745113937284174
46,12,-0.11262823026327595
46,14,-0.0013908275758911515
46,17,0.0002603028833743082
46,18,0.0006680469886672924
46,21,1.1280122718559937e-5
46,22,0.022135177937526507
46,23,0.00022226277183179377
46,24,-0.00016787444093235848
46,27,0.002089400435785649
46,29,0.00037955486312490905
46,2,-0.0002168635544634867
46,6,-0.0003508891519210522
46,7,-0.0005758493450649382
46,8,0.010851786946223463
47,10,-0.0005081688999233336
47,12,-0.2901143849706527
47,14,-0.00025122738044203174
47,17,0.00027148642285368396
47,18,0.0006931010537734039
47,21,-0.00017308687464900885
47,22,0.027047479826817877
47,23,0.00022487053815734015
47,24,-0.00027200296167961824
47,27,0.0018883176172126426
47,29,0.000603228034894876
47,2,-0.00024820113259682586
47,6,-0.0001711104430448529
47,7,0.17162785854618434
47,8,0.009938528879173347
48,10,0.00011409768554848654
48,12,-0.2901137116511303
48,14,-0.00019816226839886042
48,17,-0.0001595147918145301
48,18,0.0007396082861630404
48,21,7.223001895440007e-5
48,22,0.02212940789808826
48,23,0.0002222289370692465
48,24,-0.00016820580099974336
48,27,0.0018642595119011673
48,29,0.0003633642189573294
48,2,9.591088274518711e-5
48,6,0.00017359645816661384
48,7,-0.0005581566476333677
48,8,0.05217614512950952
49,10,0.00014430472589133103
49,12,-0.29011194962235365
49,14,-0.00023189212927032798
49,17,-0.00010302496907410585
49,18,0.0004622979934776339
49,21,-0.0001736918660757425
49,22,-0.00034048970421718394
49,23,4.218422510504638e-5
49,24,-0.0002722110066581962
49,27,0.0020456139757065728
49,29,0.0007100328154026059
49,2,-0.0002539715174956214
49,6,-0.00040683334197311183
49,7,-5.985801835173277e-5
49,8,0.05220322564450708
50,10,0.00012997185770036168
50,12,-0.2901221471993152
50,14,-0.00017303933100798474
50,17,-0.00014017085653073025
50,18,0.0007378638105723923
50,21,7.22063608797896e-5
50,22,-0.0003423357989174036
50,23,0.00021812720664016183
50,24,-0.00016733617336317508
50,27,0.0019225399334601434
50,29,0.0003803484304185645
50,2,-0.00025032333900476544
50,6,0.00010488436006816926
50,7,-0.0005072202871660991
50,8,0.05217769005835393
51,10,-0.0007687987091600235
51,12,-0.29010778501900525
51,14,-0.00016536329191918497
51,17,-0.00017123812077723954
51,18,0.00047331367680136793
51,21,6.067265363274288e-5
51,22,-0.00034635157852580534
51,23,0.00021775376272348268
51,24,-0.0002996743216527875
51,27,0.0020533243109985833
51,29,0.0007084912548727118
51,2,-0.00011097906013635139
51,6,-0.00040585435624596045
51,7,0.0002218378953049438
51,8,0.05220055115939726
52,10,-0.00030757097759082086
52,12,-0.11280696668499512
52,14,-7.887578721632593e-5
52,17,-0.00016979976058095758
52,18,0.0007377884485748609
52,21,6.826701689810477e-5
52,22,-0.00018258627642531167
52,23,0.00023285204186507258
52,24,-0.00019923853430903193
52,27,0.002100057980671366
52,29,0.00040672442206268755
52,2,-0.00013026756846912235
52,6,-0.00013937181653034258
52,7,0.00015676207401948972
52,8,0.010353039129615382
53,10,-0.00011872407537794061
53,12,-0.2901066779052339
53,14,-0.0002094932121021742
53,17,-0.00017568537273060514
53,18,0.00046777057210434236
53,21,-0.00017429007082725434
53,22,0.010040511237010996
53,23,0.00022417808966235242
53,24,-0.00028558060774930283
53,27,0.0020412365255761955
53,29,0.000727259939141689
53,2,-0.00023101150012383442
53,6,0.00015650962602897778
53,7,-8.731160016317574e-5
53,8,-0.014881025328449482
54,10,-0.0009060198044217316
54,12,-0.2901091768577344
54,14,-0.0002495648228402203
54,17,-0.00015770173454576764
54,18,0.0007234911778297715
54,21,6.697943415368002e-5
54,22,9.197214579259594e-6
54,23,0.0002592882074496927
54,24,0.0010464478525440413
54,27,-0.33553378382951493
54,29,0.0007079667046960836
54,2,7.50283109196559e-5
54,6,-6.109598832804153e-5
54,7,-0.00016925929059485867
54,8,0.013609169993788583
55,10,-0.000248298117528023
55,12,-0.29011056083640785
55,14,-0.00026715742759186867
55,17,-0.00018354447054935719
55,18,0.0007387027161280812
55,21,-0.00011025756138938192
55,22,4.082652651504759e-6
55,23,0.0002334205845544446
55,24,0.0017176120778525927
55,27,-0.33560397146602305
55,29,0.00024612506465260253
55,2,7.185814750165775e-5
55,6,-1.604306449465298e-5
55,7,-2.8711532544356544e-5
55,8,0.010315390655769363
56,10,-0.00017692925146217675
56,12,-0.00046331715101022297
56,14,-0.0002492125237267828
56,17,-0.00016738046493181002
56,18,0.0004765931941310697
56,21,0.0009076771194749256
56,22,0.009881758412504382
56,23,-9.073451177954439e-6
56,24,0.0001792384405954195
56,27,-0.0014958039559683778
56,29,0.006863338845960243
56,2,5.9354228945096565e-5
56,6,-9.224109188643581e-5
56,7,0.00043833525467462664
56,8,0.051741488678457515
57,10,-0.0002777098008603929
57,12,-0.0004770575374113406
57,14,-0.00027251847683729125
57,17,-7.069815604499041e-5
57,18,0.0007390987698174811
57,21,0.0020794580117042827
57,22,-0.00027357259653637556
57,23,0.00022355260744788552
57,24,0.0017310459568822267
57,27,-0.010425009854368783
57,29,0.0012888065582865593
57,2,5.573427820682042e-5
57,6,2.6146962356143888e-5
57,7,0.0004437086407449442
57,8,0.05297001337942131
58,10,-0.0001771732184705499
58,12,-0.0004621281672632094
58,14,-0.0002472302739535692
58,17,-8.411092470339554e-5
58,18,0.0003191478020738714
58,21,-5.37553535959745e-5
58,22,0.025139977082286435
58,23,0.00011161108790069818
58,24,0.0009806072173716984
58,27,-0.004667635255709862
58,29,0.0013098260762998137
58,2,9.124175259778156e-5
58,6,0.0010430316938734308
58,7,7.576394101249662e-5
58,8,0.01011868123190851
59,10,-0.0002785471239565851
59,12,-0.018921154247204086
59,14,-0.001152102350559403
59,17,-0.00017678580455005033
59,18,0.0002770299691814415
59,21,0.00031480535933781084
59,22,0.009866450380600966
59,23,3.431439879797438e-5
59,24,-0.00013826115628567948
59,27,-0.3354077310615078
59,29,0.001288113845973271
59,2,0.00043149149279386734
59,6,0.0011547668308207193
59,7,8.200431272786801e-5
59,8,1.677736530680818e-5
60,10,-0.0009003208414926078
60,12,0.008173044066566604
60,14,-0.0007278334993285895
60,17,0.00034641671989810163
60,18,0.005569967118650432
60,21,-0.00017409401236267996
60,22,9.663765701617422e-5
60,23,0.00021728086600081298
60,24,-0.00038446142119674676
60,27,-0.3957433830152275
60,29,0.0013172091895850002
60,2,0.00044242234939240177
60,6,0.00020653887903243628
60,7,6.301181519940968e-5
60,8,-2.0570513239448474e-6
61,10,-0.00085434102565074
61,12,0.005103374438080621
61,14,-0.0004763099767153278
61,17,-0.00017513482651310142
61,18,0.001671744976995626
61,21,7.812845266208512e-5
61,22,-0.0001762714518616093
61,23,0.00022875504184760587
61,24,-0.04906770382329917
61,27,-0.5498719406846764
61,29,0.0007478196062802311
61,2,0.00015223919483808857
61,6,0.0009681936730832064
61,7,-0.00034883674637153916
61,8,0.00019992923852818478
62,10,-0.00010191369892353919
62,12,0.005121258452134292
62,14,-0.00024965429956669283
62,17,-2.5900382135013444e-5
62,18,0.0016961274049780428
62,21,0.000127464275673006
62,22,9.397626559604078e-5
62,23,0.00022173360474031512
62,24,-0.04906840438181881
62,27,-0.3356077664692818
62,29,-0.0012099542198260593
62,2,0.0004457578931464923
62,6,-0.00017498023408712982
62,7,-0.0013635368096300837
62,8,0.0001524029492596668
63,10,-0.0005617176413874603
63,12,0.0001716308430754765
63,14,-0.00017261832353288042
63,17,-0.00016651125235433994
63,18,0.005544789118949289
63,21,7.011305750737051e-5
63,22,7.844925970257322e-5
63,23,0.00027641119793209157
63,24,-0.05799130743491432
63,27,-0.0006926616589746359
63,29,-0.0012204584494828197
63,2,0.000154787127511824
63,6,-0.00019609661119446287
63,7,-0.157798812716051
63,8,-0.00015067179102867811
64,10,-0.00016524784467453202
64,12,-0.000175932525880107
64,14,-0.00017707232546015916
64,17,-0.0001642190639881136
64,18,5.990775445230412e-5
64,21,6.38588010444252e-5
64,22,-0.03790531353952353
64,23,0.00013891048802960881
64,24,2.9634449894899717e-5
64,27,-0.0003059549833217545
64,29,-0.01723686263397184
64,2,0.0001607580222309224
64,6,-0.00018166849710876676
64,7,-0.1227808994367825
64,8,0.05243433885946125
65,10,-0.0001362822895440985
65,12,0.00019277427966812866
65,14,-0.0004998301028908969
65,17,-3.662469777232502e-5
65,18,0.00011739456679826787
65,21,0.00046777388849239543
65,22,-0.028233249661775872
65,23,0.00012109343909383341
65,24,2.5396770058527807e-5
65,27,-1.4639990952858284e-6
65,29,-0.00391998204027022
65,2,0.00015105247365720942
65,6,0.0001160390206438322
65,7,-0.14476466757664674
65,8,0.009615966338179405
66,10,-0.000819247575206461
66,12,-0.00017633442478182104
66,14,-0.00032416772790533344
66,17,0.00030218293740347235
66,18,0.00011747307006260144
66,21,0.00034583702093637925
66,22,0.022428106771290146
66,23,7.760462080685926e-5
66,24,-0.00045473800248885254
66,27,1.7672057492035265e-5
66,29,-0.003858989708971805
66,2,-0.00011923814818537437
66,6,3.586866432936375e-5
66,7,-0.00039102588849271314
66,8,-0.000186444948763409
67,10,-0.00016385084175851716
67,12,0.00016246352882376414
67,14,-0.0004932400300194928
67,17,-0.00017662189486333801
67,18,-2.5979575429602164e-5
67,21,0.0002866308541209506
67,22,0.01970256473782772
67,23,0.0002457280297978315
67,24,-0.0005658711579599185
67,27,-2.4678372883002453e-6
67,29,-0.003921497794716622
67,2,-0.00015324359662560738
67,6,-0.000169392104591104
67,7,-0.0005685508790662652
67,8,0.010373855027527412
68,10,-0.0008163514331203103
68,12,0.0051144595665366666
68,14,-0.00031881855196402853
68,17,0.0003354583701806746
68,18,0.00011949144896838959
68,21,0.00020491225195318208
68,22,0.019685572418559616
68,23,-0.012347533016827228
68,24,-0.0009873199239507358
68,27,0.00017395564530264807
68,29,-0.003853761326519489
68,2,-5.731768057692932e-5
68,6,1.8329683628692806e-5
68,7,-0.0005830298122795341
68,8,0.009600721668825862
69,10,-5.244690374439642e-6
69,12,-0.00021451515495130025
69,14,-0.0001541136277545263
69,17,-0.00017627675993647784
69,18,0.00011755698220294875
69,21,0.0002478829054712861
69,22,0.007602816489795217
69,23,-0.012414564834502428
69,24,-0.26346414519706585
69,27,0.0001973987551711076
69,29,-0.017304115638264506
69,2,-0.00019040931407854345
69,6,-0.00011909186831005059
69,7,-0.0005622972021246397
69,8,-0.07917961606829493
70,10,6.751618042777352e-5
70,12,0.005800624788752096
70,14,-0.00031740827093340584
70,17,0.0003358602710221703
70,18,0.00011627568122207776
70,21,0.00026571268939079573
70,22,0.019698036814818742
70,23,-0.0005136865879151742
70,24,-0.22321829627619882
70,27,-0.00040255217271756294
70,29,-0.017220393215870544
70,2,-0.00017635504277180303
70,6,-4.7334476650284785e-5
70,7,-0.0003758780159852648
70,8,-0.0001788244784366455
71,10,6.871355239113086e-5
71,12,0.0047627220742718634
71,14,-0.00010898797760372503
71,17,-0.0001767464838708932
71,18,0.0001685524684624795
71,21,0.0008615748133591339
71,22,0.0076053142739676005
71,23,-0.0005037882101692759
71,24,-0.06914118286010451
71,27,-0.0005146528829822472
71,29,-0.0012127549533884618
71,2,-0.00043827567498322395
71,6,-0.0001683748332350632
71,7,-0.00032189472238464134
71,8,-0.00013091857987745925
72,10,-0.00047373703384678834
72,12,0.004355163565748832
72,14,-0.0003251130666459545
72,17,0.00017512204810721244
72,18,0.00011762270023218946
72,21,0.0002670789586645128
72,22,0.0075947119645141115
72,23,-0.0011612668041571794
72,24,-0.00050124147409214
72,27,-0.0005810040939842054
72,29,-0.001223287470867973
72,2,-0.00017409369464438385
72,6,-0.00016665115148484233
72,7,-0.00037478594921935837
72,8,-0.0001229791776342637
73,10,0.0002631708253897358
73,12,0.02636085454111825
73,14,-0.00018288312751479907
73,17,-9.467239543514694e-5
73,18,0.00014456185603606286
73,21,-0.00017408941243335363
73,22,0.007611970570593485
73,23,0.00018672435064193138
73,24,-0.0005123284340964318
73,27,-2.3346991092410008e-5
73,29,-0.0012061639873319763
73,2,-0.0001874865605326903
73,6,-0.0002489977655901754
73,7,-0.00010790177579167448
73,8,0.009990754677714264
74,10,-3.8063738396765245e-5
74,12,0.026356958510579176
74,14,-0.0004702016736306547
74,17,-0.00010912359370252034
74,18,0.00011667007575688615
74,21,0.0002738516813725056
74,22,0.019692765820897407
74,23,-0.00021903914457332974
74,24,-0.0005000100200476254
74,27,0.0004944061208096429
74,29,-0.001218963679365359
74,2,-0.0001236638550263791
74,6,-0.00041202634062642574
74,7,0.00014616317876736673
74,8,0.052164576547653496
75,10,-9.273377944651884e-6
75,12,-0.00034313292053322897
75,14,-0.0004874647178052527
75,17,-0.00010134830554875407
75,18,0.00018383024791646108
75,21,0.0012141178681153164
75,22,0.01970276145032024
75,23,0.00014937867462272436
75,24,-0.0005191333122471775
75,27,-0.0006547936318552772
75,29,-0.0008095303405681875
75,2,-0.000167336529505846
75,6,-0.000442985760686021
75,7,0.00011649996902107773
75,8,0.05216483598175614
76,10,5.582675073956267e-5
76,12,-0.0002730359622944434
76,14,9.611465305248146e-5
76,17,-2.2687319230385583e-5
76,18,0.00011059024969739539
76,21,0.0001166217794192903
76,22,0.019685864516111096
76,23,0.00019543687223055883
76,24,-0.0004918985828394895
76,27,0.00020093297806234034
76,29,-0.0011438778035053332
76,2,-0.0001839586001910476
76,6,0.00041102770295786684
76,7,0.00014551700832843295
76,8,0.05212326581508542
77,10,4.413349846998926e-5
77,12,-0.0003449335673622045
77,14,0.00015125045659303282
77,17,-0.00023588571688559767
77,18,-0.00010751065584635455
77,21,0.00010950132206044572
77,22,0.007604850252175055
77,23,-0.0003186330577511498
77,24,-0.0005144313848974846
77,27,-0.0005585126450018407
77,29,-0.001222985944977495
77,2,-0.00014124987030150749
77,6,-0.0001228015491889778
77,7,0.00010229181522003472
77,8,0.05196814850267195
78,10,8.933098345842438e-5
78,12,-0.00016375763674325583
78,14,-0.00018281093935712533
78,17,-0.0002560673134706093
78,18,-0.00014548776383094264
78,21,-1.2450406629227473e-5
78,22,0.019715032221693463
78,23,-0.002050906757336435
78,24,-0.00013207438237472502
78,27,0.00016483719765592042
78,29,-0.001165790291546287
78,2,-0.0001868923886503282
78,6,-8.930364743076069e-5
78,7,0.00014522433068009377
78,8,-0.0008121526441451365
79,10,6.862386991635105e-5
79,12,-0.0003434707366025691
79,14,-3.451877945792603e-5
79,17,0.0005078534047928684
79,18,0.00011132026787574745
79,21,5.179110152297994e-6
79,22,0.007600932551461881
79,23,-0.0021179350775604178
79,24,-0.00015855510940543383
79,27,1.4176915399843892e-5
79,29,-0.0012335038021689115
79,2,-0.00016885039004055358
79,6,-0.00013006784379232528
79,7,0.0001259245601339387
79,8,-0.0008288105948732749
80,10,0.001506017615570343
80,12,-0.00026850120705113056
80,14,0.00030220695766125516
80,17,6.358103257131376e-5
80,18,0.00016600510773567834
80,21,9.03352775960542e-6
80,22,0.02012428833829638
80,23,-0.00031859114068044647
80,24,-0.0001576569244701176
80,27,-1.3596441650776114e-5
80,29,-0.0011485677511293702
80,2,-0.0001440243672279351
80,6,-9.342423397118438e-5
80,7,0.0001449427237290024
80,8,-0.0008115528378977999
81,10,-0.006817400089662584
81,12,0.026318246381556776
81,14,0.00028591747150130686
81,17,-0.0012557998787041669
81,18,0.00010922750928443747
81,21,-3.1936616275984875e-5
81,22,-5.8800748169218764e-5
81,23,-0.000332275295142459
81,24,-0.00015338050672752956
81,27,0.000174257527653765
81,29,-0.001220747884135065
81,2,-0.00019227108614305877
81,6,-2.0471052445181215e-5
81,7,0.00012471244030098916
81,8,-0.0038888407882904374
82,10,0.001510231584358479
82,12,0.0262998256961664
82,14,0.00010923792976225144
82,17,6.737130134659708e-5
82,18,0.00011909780834784556
82,21,0.0003151494856741266
82,22,-0.000364120659370748
82,23,-0.00031085028389643554
82,24,6.994238376023532e-5
82,27,0.00014316243293954756
82,29,-0.00113435086500413
82,2,-0.00020141311270016615
82,6,-1.681628523364509e-5
82,7,0.00014238970076263513
82,8,0.0010680750795790672
83,10,0.0006855091048389994
83,12,0.026313537734679926
83,14,0.00011714337532087171
83,17,-0.0012445204644198071
83,18,0.0001542829653837785
83,21,-0.0003684960346905797
83,22,-0.00018074532159140233
83,23,-0.0009417679729475381
83,24,4.8329182980921814e-5
83,27,-0.0002046103093000795
83,29,-0.0012106734378480866
83,2,-0.00017952327819514835
83,6,-0.00013803375721277433
83,7,-0.0002660546481987325
83,8,0.0002666703232305778
84,10,4.308008578046696e-5
84,12,0.026299835806060656
84,14,7.846067445882454e-5
84,17,6.5048620284891e-5
84,18,-0.0001506398492310268
84,21,0.00038064311616281543
84,22,0.00039888264976983834
84,23,0.0005153146007854659
84,24,7.877884548079805e-5
84,27,-0.00023794072368588104
84,29,-0.001199735100595234
84,2,-0.000771436363352862
84,6,-0.00011567371062604082
84,7,-0.0003786381151531515
84,8,-0.0002950135411703414
85,10,4.8016150892671305e-5
85,12,-0.0003426664689438752
85,14,0.00017368713956145143
85,17,3.412474038277935e-5
85,18,-9.563754926666945e-6
85,21,0.000257849123787679
85,22,0.00029449890541410895
85,23,0.00041743269346739
85,24,6.212553979700886e-5
85,27,-0.0001798143329700963
85,29,1.8425681413525297e-5
85,2,-0.00017297487952561141
85,6,-0.00013548958857079185
85,7,-0.0003577609182956465
85,8,-0.0002787961830303942
86,10,3.8597892032754544e-5
86,12,0.005104113169061009
86,14,0.00019784629475161353
86,17,-0.0012942908834112643
86,18,-0.00012419932268592504
86,21,-0.0001100747488163023
86,22,-0.00022575460718421425
86,23,-0.0009272166360148049
86,24,8.587052171904475e-5
86,27,0.00015421701000040144
86,29,3.23949983185301e-5
86,2,-0.00036004497834518645
86,6,-8.749957009879239e-5
86,7,0.00015230190199844174
86,8,-0.00030291877964927494
87,10,-8.86833219420069e-5
87,12,0.005113423858588817
87,14,-0.00030080170560609076
87,17,0.00015972951338572017
87,18,-0.00013327070202517888
87,21,-0.0001266866730400551
87,22,-0.0005186137493291554
87,23,0.0003967467836458738
87,24,6.909386665654438e-5
87,27,2.390131198737322e-5
87,29,0.000506967643194578
87,2,-3.499461050360253e-5
87,6,-0.00012333603036918106
87,7,4.6698426534597104e-5
87,8,-0.000281952141715891
88,10,-0.0004313151559820483
88,12,0.0051218353880670975
88,14,-0.0001297379890958794
88,17,-0.0001256135007743353
88,18,-0.00031468578690052595
88,21,0.00020616180198906875
88,22,-0.0005150036939536307
88,23,0.0016104822813947095
88,24,-0.0004931900876847806
88,27,9.433556579097058e-5
88,29,2.326681868058955e-5
88,2,1.548048894584042e-5
88,6,-0.0003686319386968506
88,7,0.00016123023994829566
88,8,-0.0005119741752910301
89,10,0.00012647293292999962
89,12,-0.026034152639435426
89,14,-0.0005391488061068372
89,17,-0.00014641580735563764
89,18,-0.00013368275330893908
89,21,0.00027020525704202214
89,22,-0.00023078413858712565
89,23,0.002659534373241179
89,24,-0.0005193238942045042
89,27,2.8561903070212225e-5
89,29,0.00020859006697371285
89,2,-2.5219221509331646e-5
89,6,-9.979299302287359e-5
89,7,0.00017872307748234562
89,8,-0.0005676902959939056
90,10,0.00010747193224158735
90,12,2.8056515690266792e-5
90,14,-0.00021652200596999904
90,17,-4.868049409090247e-5
90,18,0.0006051942894913509
90,21,-3.286455541839928e-5
90,22,-7.956027801014898e-5
90,23,-0.004887354797936894
90,24,-0.0004964702709777669
90,27,-0.00032270159489744543
90,29,0.0005461686810104283
90,2,-8.71983700898582e-5
90,6,-6.628842049050121e-5
90,7,-0.00017155151716963246
90,8,-0.0005096526564418724
91,10,-0.0006730528699323557
91,12,0.0005246758788928219
91,14,-0.00015058747357876712
91,17,0.0010474413245784575
91,18,0.0015267179442002288
91,21,-0.0002730528766061724
91,22,-0.0001760330996214421
91,23,0.001201693006635196
91,24,-0.0004405547596970649
91,27,-0.0003120194114583086
91,29,8.950799290374789e-5
91,2,-0.00018306776920873347
91,6,0.00018849390498942853
91,7,-0.00036560760923265434
91,8,-0.00034570070412343057
92,10,0.00011686434226110265
92,12,5.585724972956285e-5
92,14,-0.00016512002827706596
92,17,0.0006249794892028149
92,18,0.0015962538050100505
92,21,0.0002574224329121577
92,22,-0.0001931106120345305
92,23,0.00040741775204899966
92,24,-7.422809958956833e-5
92,27,0.00015371537167130356
92,29,8.18365449921643e-5
92,2,-0.00013034006646073237
92,6,-0.0001711123476386689
92,7,-0.00037030044913954896
92,8,-0.00028329530241677503
93,10,7.2753138313785826e-6
93,12,1.5820430507851313e-5
93,14,-0.00015678808568253544
93,17,0.0010490082783620736
93,18,-3.6023467465895465e-5
93,21,-0.00012830014806830548
93,22,-0.00018317082841701193
93,23,0.00024485481472513726
93,24,-4.796016187746943e-5
93,27,0.00023367021650066988
93,29,4.338028886330392e-5
93,2,-0.00018562725051385343
93,6,-0.00015322364674474898
93,7,-0.0006134768024477211
93,8,-0.0022270063343938773
94,10,-6.787638250571604e-6
94,12,0.00018122218538607626
94,14,-0.00016102222712710557
94,17,-0.00017319673380988831
94,18,-3.842809360232735e-5
94,21,4.2138139452418955e-5
94,22,-0.0006062545649232476
94,23,0.00023632693645936342
94,24,0.00010285398682441382
94,27,0.0002201940572872374
94,29,6.687591338394583e-5
94,2,-0.00013660075019750195
94,6,-0.00021040629342206074
94,7,-0.0005910442608598743
94,8,0.0020547784960855964
95,10,0.0002738257210967987
95,12,-7.815600028671099e-5
95,14,-0.0004262906806253852
95,17,-0.00019397872860871246
95,18,-0.0001653013451452523
95,21,-0.00037846911837835506
95,22,-0.0006024326280762438
95,23,0.00020845825272708396
95,24,-0.00040487727701865595
95,27,0.00014697873385927096
95,29,4.312200395428789e-5
95,2,-9.555073880651577e-5
95,6,-0.0003782530772129533
95,7,-0.0005964337246142648
95,8,0.00013653772136468234
96,10,0.0002871082189344065
96,12,-8.367932587294291e-5
96,14,0.0002061199492633392
96,17,-0.0001408188696103707
96,18,-0.00011469113139384035
96,21,0.0007813722790821487
96,22,-0.00023275362710073466
96,23,-0.012642316882756965
96,24,-0.0005195051501409864
96,27,0.00021710948458952828
96,29,0.0004561417015729319
96,2,-0.0009464504900034143
96,6,-0.00047204576998627346
96,7,-0.0005031375084216805
96,8,-8.685071858494098e-5
97,10,0.00010002657221086508
97,12,0.005048827944849066
97,14,0.000150959827828423
97,17,-0.00020478813860602685
97,18,-0.0001726311843057715
97,21,2.1252600467036586e-5
97,22,-0.0002978482510815894
97,23,-0.011292281552607086
97,24,-5.792859089748248e-5
97,27,0.00017653754711588476
97,29,-0.0008061414728439686
97,2,-0.00014502623715273444
97,6,-0.0003190203466685304
97,7,-0.0005163307793356608
97,8,-0.00013832510649258722
98,10,0.000259676038721679
98,12,0.004693678682416547
98,14,0.00020912948924234342
98,17,-0.00014685901318323147
98,18,-0.00012719689458506878
98,21,7.321085975675601e-5
98,22,-0.0002435798475817208
98,23,-0.012645701898859052
98,24,-0.0002743058820335875
98,27,0.00022732475295050847
98,29,-0.0012417429335807029
98,2,-2.082724330421115e-5
98,6,-0.00015283029098434042
98,7,4.8663930591885673e-5
98,8,-0.00017725720466987838
99,10,-0.0003582968141611076
99,12,0.02623460645241682
99,14,0.00023780123487782134
99,17,-0.00020804121970918743
99,18,-0.0001748669856445062
99,21,0.001263892134950595
99,22,-0.0002887009797722939
99,23,-0.012648021632049478
99,24,-0.0001735300231322512
99,27,0.00019658379166287432
99,29,-0.0006148662574210206
99,2,-0.00014238726753745823
99,6,-0.00021241371794200603
99,7,-0.00016780838728980285
99,8,5.583754539806307e-5
100,10,-0.0002758748739974948
100,12,0.0890593427517885
100,14,0.0001762739488881948
100,17,-0.00011682192313067219
100,18,-0.00010862188354643365
100,21,0.000563836086178604
100,22,-0.00023877095602031773
100,23,-0.012642451374640373
100,24,7.336742585284384e-5
100,27,8.896865844043589e-6
100,29,0.00017291693332133207
100,2,-0.00014410470960157795
100,6,-0.00015585224784153695
100,7,0.0005478330510415574
100,8,4.438553701646697e-5
101,10,0.0002591555971438453
101,12,0.026241262568352575
101,14,0.0003020139097493768
101,17,-0.00019952912352572127
101,18,-0.00017658999954228705
101,21,-0.0006691975171122522
101,22,-0.000290828037003088
101,23,-0.012652542263144717
101,24,-0.0003806460641708753
101,27,0.00020338884097625964
101,29,5.101126392847988e-5
101,2,0.004252549007002671
101,6,-0.0003424377999161621
101,7,0.0005675001241751687
101,8,0.00027536799498051323
102,10,0.0001378888104115461
102,12,-0.22993119150373406
102,14,-0.08659482352741676
102,17,-0.000146726072042469
102,18,-9.769020612981905e-5
102,21,2.9553337342669295e-5
102,22,-0.00022663812793588534
102,23,-0.007045552367674013
102,24,-0.00033544590977285793
102,27,-0.0003468627429272786
102,29,-1.5578686625161708e-6
102,2,-0.00019341318238552674
102,6,-0.00018199857259748597
102,7,0.002282885415263003
102,8,9.507900649285972e-5
103,10,0.00011290338420089086
103,12,0.026244136800992024
103,14,0.0021235827918708594
103,17,-0.00014786431276192502
103,18,-0.00015835604333780395
103,21,-0.0013946501407886558
103,22,-0.0003019819564729076
103,23,-0.012649665331878168
103,24,-0.000472365281825482
103,27,-0.00030257914655429374
103,29,0.00010223076721427304
103,2,-7.457143321065729e-5
103,6,-0.0002005483865250568
103,7,0.0021973059562858666
103,8,-0.0021984157166157203
104,10,0.0001264406307504018
104,12,-0.006304160855190588
104,14,0.0007739872108807333
104,17,-0.0001819953794992557
104,18,0.0006469711971828218
104,21,5.392521953595519e-5
104,22,-0.00023725149903874865
104,23,0.0002206924360095286
104,24,1.2334368559407949e-5
104,27,-0.0005302640786641888
104,29,3.2948923012199316e-5
104,2,-6.844471741729308e-5
104,6,-0.0002691393994771474
104,7,6.968213137170665e-5
104,8,0.0001632397740047864
105,10,7.223179635662547e-5
105,12,-0.006105926827057573
105,14,-0.00028487027561574507
105,17,-0.00040816984910829746
105,18,0.0018019544032732426
105,21,1.0585021836817532e-6
105,22,-6.373701844708535e-5
105,23,0.00017270596046436992
105,24,0.00031025008851415237
105,27,-0.0003084194469806789
105,29,-3.5620125036217587e-6
105,2,-7.978129325003636e-5
105,6,-0.0003381909488862078
105,7,-0.00033975737645786097
105,8,0.0006234897643748738
106,10,-1.6944112436689807e-5
106,12,-0.0001495860100328983
106,14,-0.0003419928366010794
106,17,-0.00018632105241689345
106,18,0.00011080447046118991
106,21,0.0022827041886710475
106,22,-6.972355559042853e-5
106,23,6.119458174236314e-5
106,24,0.0003016177647348073
106,27,-0.00034765026621563777
106,29,0.0005194405722876994
106,2,-0.00017217505842559433
106,6,-0.00023130298119511394
106,7,-0.00037877805123454067
106,8,-0.0004608362026221613
107,10,0.0005182732541459956
107,12,-0.0028788071374350466
107,14,-0.0002465587799376223
107,17,-0.00012085052315491396
107,18,0.00011423440250446504
107,21,0.0045479530610395
107,22,-4.938929246556256e-5
107,23,6.850306794703442e-6
107,24,-0.0006313605043573034
107,27,-0.00035001395016820425
107,29,4.677627367488668e-5
107,2,-7.242787513472848e-5
107,6,-0.00020481840800989914
107,7,-0.00030031680356223944
107,8,-0.0003995892187251826
108,10,-0.0003356689080025177
108,12,-7.876897568515062e-5
108,14,-0.00024927974694577415
108,17,-0.00019007159579498278
108,18,8.933653665366137e-5
108,21,0.0022690312208766272
108,22,-5.381448387531407e-5
108,23,-0.004052744358859606
108,24,0.0003056925464717253
108,27,-0.00018555804765085782
108,29,0.00052090799257698
108,2,-0.000194990683358931
108,6,-0.00013933161248047554
108,7,-0.0007143861878855517
108,8,0.00015326876593224625
109,10,0.00021949508554719444
109,12,-0.0002799925759635613
109,14,-0.00030210917350625976
109,17,-0.0001333270575649692
109,18,0.00010677526425784123
109,21,0.0045474170925663415
109,22,-2.8075313233344446e-5
109,23,-0.00264802601625469
109,24,0.00032664075163690853
109,27,-0.0002263282559251678
109,29,-8.409217186944318e-5
109,2,-0.00019262715896672944
109,6,-0.0001877811071029356
109,7,-0.00037082161417512083
109,8,0.0007112900874322037
110,10,0.0005789588044518013
110,12,-0.0003151692858267552
110,14,-0.00020591592789998003
110,17,-0.00020556084501599514
110,18,0.00042158861777519263
110,21,2.3118342312500317e-5
110,22,-5.278904422567621e-5
110,23,-0.004053298395763072
110,24,0.0001955323744375903
110,27,-0.0003390528481892474
110,29,0.0005261747358966673
110,2,-0.0001858228493096803
110,6,-0.0002824665410852134
110,7,0.0015135691515100191
110,8,0.001791183053665435
111,10,-0.0007921461798776619
111,12,-8.571754173125612e-6
111,14,-0.00035572186289201113
111,17,-0.0001343137634473024
111,18,-0.00039472335341717013
111,21,0.0002957395778100391
111,22,-6.348016574619919e-7
111,23,-0.002644991011912623
111,24,0.00021456369022576638
111,27,-0.00027874516237069713
111,29,0.0005714368043321372
111,2,9.516123174257984e-5
111,6,0.0003079094588498421
111,7,0.000761216267872733
111,8,0.00019755053718917281
112,10,0.00021264824927058612
112,12,-0.0003267168375744589
112,14,-0.00021304990942994095
112,17,-0.0001925852917041837
112,18,0.00011508261452242152
112,21,-1.0542410754155185e-5
112,22,-6.601032060515877e-5
112,23,0.0001442707393364273
112,24,0.00018246385037556934
112,27,-0.0003573653133983612
112,29,0.005263599489442328
112,2,8.322731304755138e-5
112,6,-0.00028791038207920394
112,7,-0.0006389747817134861
112,8,-0.0009044446744388424
113,10,5.5175652510897066e-5
113,12,-0.00029653816508190545
113,14,-0.0002372134439108109
113,17,3.56045322842391e-5
113,18,0.0001228153659491582
113,21,9.840691353257824e-5
113,22,-4.6833946941049476e-5
113,23,-0.002653159206914779
113,24,0.0001762115252139651
113,27,-0.00017939603205974208
113,29,0.0027364678470895853
113,2,0.00010667847498879723
113,6,-0.00029221170588922263
113,7,-6.32420089630159e-5
113,8,0.0003273635253551177
114,10,0.0002000819379128771
114,12,-0.0003350165458160248
114,14,-0.00019185382881836688
114,17,7.820883631648456e-5
114,18,-0.0001447230202353822
114,21,0.0001043692433650989
114,22,-6.787894578330622e-5
114,23,-0.0026794234109619453
114,24,0.0002320949872789413
114,27,-0.00040672289340371037
114,29,-0.0001717553786608761
114,2,0.00011532391403967779
114,6,-0.0001838281638528727
114,7,-6.706962480507173e-5
114,8,0.0010009227494736095
115,10,8.495608392777854e-6
115,12,-0.0002941815426460437
115,14,-0.00031508360975962546
115,17,8.529110315969035e-5
115,18,-0.00011277152015942704
115,21,0.00012333913553952414
115,22,-0.0002204770586864413
115,23,0.00017938687838636724
115,24,-0.00038978633316588684
115,27,-0.00030537667563557136
115,29,0.005346822486773206
115,2,9.027595744548478e-5
115,6,8.473847139800483e-5
115,7,0.000504231266567956
115,8,0.0010039355461284316
116,10,-0.0001759071907940779
116,12,-0.00034441172519983354
116,14,0.0007968269912499437
116,17,8.315147107307297e-5
116,18,-3.061856610830915e-5
116,21,0.0001317499250221843
116,22,-0.00027053508472896226
116,23,-0.004804277466805118
116,24,-0.0004681079291168899
116,27,8.077432277442398e-5
116,29,0.002742523037665201
116,2,0.000257745918551322
116,6,-0.0001919978195941141
116,7,0.0001812647415659896
116,8,-0.00018150629296442844
117,10,-0.00020812220033228357
117,12,-0.000296799672983461
117,14,-0.0003055404006513385
117,17,1.305123022099508e-6
117,18,-6.328093776097887e-6
117,21,6.413126899751376e-5
117,22,-0.00033414950217292017
117,23,-0.00019175113767833096
117,24,-0.00047218852061181593
117,27,3.0172028924191352e-5
117,29,0.005284499908936979
117,2,5.4194981835564704e-8
117,6,-0.00011065683288702388
117,7,0.00021062987172459913
117,8,0.0010105097035317812
118,10,-8.256769278069953e-6
118,12,-0.000334463557516429
118,14,-0.00027551541821413394
118,17,-0.0001610396527098601
118,18,4.378040561547891e-5
118,21,0.0003030864404518496
118,22,-0.00203206810310963
118,23,0.0001079698217090197
118,24,-0.00039683634185294636
118,27,7.065860114607858e-5
118,29,0.00526876164819523
118,2,-6.616116782431902e-6
118,6,-0.00017757530662532162
118,7,-1.3128499427139673e-5
118,8,0.0009947601996502797
119,10,0.0002121721270862409
119,12,0.0003795261219865509
119,14,-0.00032365696418423795
119,17,-0.00021935093628222546
119,18,-4.316997200604078e-6
119,21,-0.00013313594855901556
119,22,-0.0010226373054660343
119,23,-0.0001775714058691591
119,24,-0.00042632928072094955
119,27,2.7995365771360525e-5
119,29,0.0005539545973753945
119,2,-1.1788779269217287e-5
119,6,8.81298388941687e-5
119,7,0.00019065473802371002
119,8,-0.11323837561387684
120,10,0.0005504038032677627
120,12,-0.0005410397334593142
120,14,-0.00029116566447129344
120,17,-0.00016010565511948016
120,18,-2.9717995399636266e-5
120,21,-0.00017707579370807025
120,22,-0.0009947257705213985
120,23,0.00016976196360474205
120,24,-0.00045711949641003
120,27,8.297107561894279e-5
120,29,0.00017457979269952517
120,2,0.00016734771732629383
120,6,-0.00019219187906038826
120,7,0.00017533344164810671
120,8,0.0025181659562232284
121,10,-1.9924519743419467e-5
121,12,-0.00031081213054307
121,14,-0.0001764386162665943
121,17,0.0001588279719531016
121,18,-0.0001467411688000908
121,21,-0.0001561736538899794
121,22,-0.00024351537561173586
121,23,0.00022545122432493514
121,24,0.0012398659481753782
121,27,6.249323637330662e-5
121,29,0.0001638326936097556
121,2,-9.796909545833898e-5
121,6,-5.925661950278993e-5
121,7,0.00015731861947276826
121,8,0.00010064350585636817
122,10,-0.00017466352190176337
122,12,0.0018695373718813357
122,14,0.0006841177629492989
122,17,0.00012683409113023458
122,18,-0.0002755157370701866
122,21,-0.00013054351524832697
122,22,-0.00029124778826083997
122,23,0.0001517884511486045
122,24,-0.0005103695499109051
122,27,-0.0001435246633567644
122,29,0.00017402070996652697
122,2,-0.00011763852531032626
122,6,-5.732107832834288e-5
122,7,0.00036238618431561065
122,8,0.001005125484237368
123,10,-3.297278286495953e-5
123,12,6.141363102774022e-5
123,14,-0.0002871889307716202
123,17,0.00010100126118128827
123,18,-0.00014953126970151942
123,21,-8.218783584457157e-5
123,22,-0.0002514223030214424
123,23,0.00011861539768265317
123,24,-0.00042578948523797067
123,27,0.00022333953933539874
123,29,0.00014882858069320548
123,2,-0.00017265062158511313
123,6,-9.519625668641396e-5
123,7,0.0003481308798045646
123,8,0.000975690899427839
124,10,-0.00017336187536010073
124,12,-0.0007881263389748483
124,14,-0.00038679957406539955
124,17,0.0002355821358372978
124,18,-8.402193931011936e-5
124,21,-0.00010952942282393963
124,22,4.607523058108853e-5
124,23,0.00015218393296390076
124,24,-0.0005513953038294162
124,27,-0.0001878800686503368
124,29,0.00018359193379069438
124,2,-0.0001942569883635059
124,6,0.00017174193106583857
124,7,0.00010482493618102495
124,8,4.851975297892608e-5
125,10,0.00021464160597162163
125,12,5.066421522847975e-5
125,14,-0.0013745596232475066
125,17,0.0001750099059307786
125,18,-0.00015501580613275223
125,21,-1.968282052011716e-5
125,22,-0.0001773040276358273
125,23,0.0001242492915407567
125,24,-0.00046623057043859717
125,27,-0.00012510645234264928
125,29,0.00013692233383544306
125,2,-0.00012144605469366354
125,6,-0.00012971899891134342
125,7,9.530863257189992e-5
125,8,0.00017008202194190858
126,10,0.0001904692126135643
126,12,0.0004766930923558732
126,14,-0.0014552472161888375
126,17,-0.0001910940934806149
126,18,0.00010649618983205045
126,21,-0.00011550615031552525
126,22,0.0002934984535798435
126,23,0.00016227919086020393
126,24,-0.0005348556314128672
126,27,0.0001627027121395841
126,29,-0.0001921683766283877
126,2,-0.0001863787706488651
126,6,-0.00011726269277367862
126,7,-0.0023521946892035572
126,8,-0.00030910299585862333
127,10,0.000495126120620526
127,12,8.269500115432038e-5
127,14,-8.474338586861307e-5
127,17,-0.00012432406948104102
127,18,-0.00018022371352799382
127,21,0.0011068984903728207
127,22,-6.758837415521413e-5
127,23,0.0013164255400672786
127,24,-0.00045064721633636395
127,27,0.00023677277289735343
127,29,0.00016808435684900758
127,2,-7.579032157334353e-5
127,6,-8.767066082171482e-5
127,7,-0.00024533051288777585
127,8,-0.0002631169351214879
128,10,0.00019336722973406495
128,12,0.00021642867920235176
128,14,-0.0008385582348839904
128,17,-0.00011767354489222726
128,18,4.109597751789096e-5
128,21,-2.7873386746257722e-5
128,22,-1.2064188634752782e-6
128,23,-0.006111464471946881
128,24,-0.0005368798135325648
128,27,0.00017166298674453628
128,29,0.00020181427415177922
128,2,-4.946092412527747e-5
128,6,-0.00013771570176146497
128,7,-0.00022221517391862733
128,8,-0.0003402370733294191
129,10,0.00018445029247793343
129,12,-0.00034974828653133727
129,14,0.00020097399589946718
129,17,-0.00017994500039453243
129,18,-0.00012865960726315961
129,21,-4.331117278333352e-5
129,22,-6.740963277263035e-5
129,23,-0.006113004943360423
129,24,-0.00047239993320680185
129,27,0.00024065612650581159
129,29,0.00015314643323893762
129,2,-6.619360040360789e-5
129,6,-9.51828474020644e-5
129,7,-0.000218767660895125
129,8,-0.00033763811369968977
130,10,0.00015807717192295456
130,12,-0.00024322174580504452
130,14,0.00015601955481248098
130,17,-0.0001483656604737149
130,18,-7.769302126980904e-6
130,21,3.291373982339252e-5
130,22,-0.00021218863798821985
130,23,-0.004913553450822228
130,24,-0.0005338031599588788
130,27,-0.0003360536728003183
130,29,-0.00014341745389323535
130,2,-1.7119387522690488e-5
130,6,0.0004425948367883237
130,7,-0.00034680251375363014
130,8,-8.099692774710121e-5
131,10,0.00022862751515173585
131,12,-0.00035622723135730894
131,14,0.00017358399688660597
131,17,-0.00019627094868024386
131,18,-0.00012618929218977115
131,21,-0.00014678689468805572
131,22,-0.00027421954501694046
131,23,-0.004906139394210918
131,24,-0.0004584237794658108
131,27,-0.0001219283247806402
131,29,-0.0001343207072102004
131,2,0.00015477463432578276
131,6,0.000389106790692928
131,7,-0.0003492548833152753
131,8,0.00013416671427446403
132,10,0.00020395675796258672
132,12,-0.0002802891615631964
132,14,5.155914353771607e-5
132,17,-0.000143989755112095
132,18,-0.0003642202072606793
132,21,-0.0002011100134708954
132,22,-8.214754451785211e-6
132,23,-0.0001217614556479063
132,24,-0.0005406356195605255
132,27,-0.00013681837030521393
132,29,6.091269438801561e-5
132,2,-3.842646592033816e-6
132,6,0.0004437431866639585
132,7,-0.0002790376296779584
132,8,-0.0003129439347615559
133,10,0.00033974679943415964
133,12,-0.0003542755966163824
133,14,3.372475161000921e-5
133,17,-0.00026573141796415456
133,18,-3.479498594849417e-5
133,21,-8.809524718067507e-5
133,22,9.330765999848722e-7
133,23,-6.871067744906867e-5
133,24,-0.00045879963521944234
133,27,0.00010996311705468997
133,29,3.441624929667597e-5
133,2,2.7380047280090025e-5
133,6,0.0004159889799959515
133,7,-0.0001820061036479359
133,8,0.00014430380085261874
134,10,-0.00029691674645615507
134,12,-0.0002603544626840204
134,14,6.350741881977484e-5
134,17,-0.00016534299441151035
134,18,0.0003891379952962737
134,21,-0.00015478949268299402
134,22,0.0001767010569828642
134,23,-0.00011608439502541756
134,24,-0.0005419914903042056
134,27,7.972624102059456e-5
134,29,5.7265594101352235e-5
134,2,6.072094185682886e-6
134,6,0.0004402193666619425
134,7,-0.0003742702545466159
134,8,0.0004219391972704045
135,10,-0.00029558301914001106
135,12,-0.0003402786379878009
135,14,3.6928858969886846e-5
135,17,-0.0003223090348560831
135,18,0.00021216293542458686
135,21,-8.923093059109988e-5
135,22,-6.270623697623989e-5
135,23,-0.00010046278500475125
135,24,-0.0004257483899818837
135,27,0.00010225613195746774
135,29,4.284845528079728e-5
135,2,0.0008418193998771528
135,6,0.00011842667570238774
135,7,-0.0003996252058158234
135,8,0.00014703124200643458
136,10,-0.0006025107779006333
136,12,-4.119481173958661e-7
136,14,0.00016079595100215727
136,17,0.0003788195127141236
136,18,0.0002034970232243083
136,21,-0.0001760913848656287
136,22,-0.000277731636586509
136,23,-8.248030944457696e-5
136,24,-0.000537506582584335
136,27,-0.00022346863795874583
136,29,0.00047609627160127843
136,2,-0.00017843411036189138
136,6,0.00010820061784500012
136,7,-0.00034630154631187793
136,8,5.7491296336031894e-5
137,10,-8.747394474362125e-5
137,12,5.0013695276796e-5
137,14,0.00024068803780075143
137,17,-0.000628991910455845
137,18,0.0004249935091715784
137,21,-0.0001311145747182607
137,22,-0.00024220408986508346
137,23,-9.59552660591001e-5
137,24,-0.0004228075390875219
137,27,-0.00019600111525708286
137,29,0.00039931580076491
137,2,-0.00016024137679426786
137,6,0.00010063502171941963
137,7,-0.0004111594778555272
137,8,0.00010207357287228547
138,10,-0.00016571126755593468
138,12,1.292510430594973e-5
138,14,-0.0013931549368475515
138,17,-0.0001823975707075931
138,18,0.00019491191538367758
138,21,-0.0001789724533010073
138,22,0.0009706027864577749
138,23,-0.0001497127067340287
138,24,-0.0005286263758232934
138,27,-0.0002263685534114046
138,29,0.0008582773180183523
138,2,-0.0004041332294715261
138,6,6.416848277535081e-5
138,7,-0.00034537860329120207
138,8,6.56157435798832e-5
139,10,-0.00016431694763596738
139,12,-0.2545374763578465
139,14,-2.0716863955883014e-5
139,17,-0.00018182214790662954
139,18,0.00020839570376640637
139,21,-0.00011521497781874501
139,22,0.0009514905378829042
139,23,-8.889148545154768e-5
139,24,-0.00045084258239747044
139,27,0.0007483469830837919
139,29,0.0006663472436905238
139,2,-0.000396126612182357
139,6,0.0003139652353212341
139,7,-0.0003983246424157372
139,8,0.0034909780359102527
140,10,0.000502452034908174
140,12,-0.00027801555485229557
140,14,-0.000990762859870209
140,17,-0.0003211473037163515
140,18,0.0001775902881275826
140,21,-0.00017814460949328037
140,22,0.0028247640515521866
140,23,-0.0001397263638382995
140,24,-0.0005505168651440684
140,27,0.001364227414534902
140,29,0.0004565497245776484
140,2,0.00018618144335746933
140,6,0.00011095500291258276
140,7,-0.00044822664362786924
140,8,0.0012967825409342382
141,10,0.00048690028799747154
141,12,-0.00035114764460431047
141,14,-0.0009681692700009847
141,17,3.880378599419032e-5
141,18,0.00015725961300816493
141,21,-0.00011792366135043864
141,22,7.542106673597004e-5
141,23,-0.00010829295480352386
141,24,-0.0004998136540130815
141,27,0.0005180610775212813
141,29,-0.00038808729244532714
141,2,8.56017091743766e-5
141,6,0.00010269224813974631
141,7,-0.0003915609428046807
141,8,-0.00018439252317481447
142,10,0.0004984568444648119
142,12,-0.00018593712923653527
142,14,0.0003008771066994598
142,17,-0.00033092398533884904
142,18,0.0002617073579047613
142,21,-0.00017243790510512724
142,22,0.0001381562529969571
142,23,-0.00013210677494246426
142,24,-0.0005385527646861732
142,27,0.0007032207004655788
142,29,0.0011436534666193765
142,2,0.00033146330321187634
142,6,0.0007263814825959614
142,7,-0.000313005166458602
142,8,0.0012997517648525303
143,10,-0.0001752427425119052
143,12,-0.0003681142151599204
143,14,0.00031625893626507917
143,17,-0.00012110320031410993
143,18,-0.00015788221294332772
143,21,7.602020081698413e-5
143,22,-0.00014482700331353016
143,23,-7.554353655159218e-5
143,24,-0.0004462266642590862
143,27,0.000745276771493053
143,29,0.00017401042010156687
143,2,2.5989231385636913e-5
143,6,7.500119150005702e-5
143,7,-0.00039822039432735323
143,8,-0.00028359491491602995
144,10,0.0006708943794713207
144,12,-0.00030484935051511286
144,14,-1.657304143165561e-5
144,17,-0.00032331582269762293
144,18,-8.565641686608672e-5
144,21,-0.0008104113984046535
144,22,0.00013917804069318862
144,23,-0.00012893684739623268
144,24,-0.0005421227753599211
144,27,0.00014391101050303945
144,29,9.635871295810006e-5
144,2,-4.3301980500842774e-5
144,6,0.0004937398894435674
144,7,-0.00030298059760802687
144,8,-0.00021829290063912765
145,10,0.0009367274186189434
145,12,-0.00037923565704289786
145,14,3.389456409053082e-5
145,17,0.00017790559489050395
145,18,-0.00015821580015629166
145,21,-0.058919751263189823
145,22,0.0001013898630484178
145,23,-0.00013391100163584468
145,24,-0.00045472811203062236
145,27,0.00023065094073615455
145,29,3.377873177257129e-5
145,2,0.0003415098186518861
145,6,0.00013410769224275754
145,7,-0.00021395816369729204
145,8,-0.0002798051156691628
146,10,5.287766741357558e-5
146,12,-0.0003155189740136066
146,14,1.602764966079917e-6
146,17,-9.029120184322892e-5
146,18,-0.0005589584627152533
146,21,-0.00021951257277130765
146,22,-0.0009541980237859349
146,23,-4.7118331774065325e-5
146,24,-0.0005394130386164875
146,27,0.00017281883042841173
146,29,9.190051340368655e-5
146,2,0.00010792880909527014
146,6,8.507864107087926e-5
146,7,-0.00012634960312940535
146,8,0.00020518576517858378
147,10,0.00026152919953759124
147,12,-0.00037145382050596254
147,14,0.0001569997591568395
147,17,-0.0001626963795766656
147,18,-0.0005001353158249344
147,21,0.0002702499079685339
147,22,0.00013262507303934967
147,23,-0.00014021929961227642
147,24,-0.00045490497408984254
147,27,0.001337543363169047
147,29,3.6302897473028395e-5
147,2,0.0002176918423151264
147,6,0.00022611601297395367
147,7,0.0005918099279478284
147,8,-0.0002741706425997137
148,10,9.082070537402842e-5
148,12,-0.00032057981355038123
148,14,0.00015571722252527564
148,17,-0.00017956058798507257
148,18,-0.0005232895688713768
148,21,-0.00022785890845256063
148,22,0.00020904673587196498
148,23,-0.0002839550647237843
148,24,-0.0005310354173992948
148,27,0.0014018259733870053
148,29,0.00017737220446090163
148,2,5.151468881692267e-6
148,6,0.000603748399115922
148,7,-7.281346537446609e-5
148,8,-0.0005312901013798665
149,10,0.00011412164032797989
149,12,0.0001781684874213596
149,14,-0.00035400708198718434
149,17,-0.0016144876082400117
149,18,-0.00041538259213691475
149,21,-0.00017240642702986975
149,22,0.0007886356254056537
149,23,-0.00025879520249016963
149,24,-0.00043243008070614763
149,27,-0.0002480570824170414
149,29,0.0005072616060175505
149,2,2.9177931839541316e-5
149,6,-0.0001389749079878655
149,7,0.0005915289884121933
149,8,-0.00018771103447345894
150,10,8.740302341792017e-5
150,12,-0.00047918154805426383
150,14,-0.0003394776184038051
150,17,-0.04690497436013796
150,18,0.0006227270680358998
150,21,-0.00010048515586369433
150,22,-2.5771197861956807e-5
150,23,-0.0002847011951994105
150,24,-0.0005297830122428238
150,27,-0.00041083695403454357
150,29,0.0005502929065537288
150,2,1.2748072631296736e-5
150,6,-0.00032794335778252304
150,7,-0.00023972433918917346
150,8,0.00017632820545898653
151,10,7.469896346634641e-5
151,12,-0.0005170034089481135
151,14,-0.0004342335630349581
151,17,-0.03960869355692953
151,18,0.00015978226682644703
151,21,0.00023306325205574296
151,22,-0.0001741418499081604
151,23,-0.0001387305457019039
151,24,-0.0006060391628492923
151,27,-0.00042342515248616763
151,29,0.00017643085775187473
151,2,-0.000212196042060242
151,6,0.0028076876859453037
151,7,0.0005946274689296871
151,8,2.8317379510589546e-5
152,10,0.0003266513950990202
152,12,0.00010005380598965274
152,14,2.3261694039433678e-5
152,17,-0.0001702677958697052
152,18,-9.391907486300255e-5
152,21,0.00015791886816174383
152,22,-8.397195324061357e-5
152,23,-6.267536232051896e-5
152,24,-0.0005387388568758311
152,27,-0.00039834439775354724
152,29,-8.39792044367016e-5
152,2,-0.00012099669437937166
152,6,0.002809229146578218
152,7,-0.00024838513501634907
152,8,0.0002356494999178338
153,10,8.318751670177704e-5
153,12,-0.0009291504870612144
153,14,-0.00037928237458650926
153,17,-9.221194435404811e-5
153,18,-7.174293492084871e-5
153,21,1.697551426271815e-5
153,22,-1.2380599585526397e-5
153,23,-0.00014421576273271342
153,24,-0.0004419355003122405
153,27,-0.00015699766325472098
153,29,-3.990933025477261e-5
153,2,-0.0002156736841678608
153,6,0.0028141467222608796
153,7,-0.00024746946878551057
153,8,0.00022020706611414198
154,10,9.133823959572851e-5
154,12,-0.0009958680386299434
154,14,-0.00031236641488874284
154,17,-0.00018892724902030977
154,18,0.0003137679362525958
154,21,5.3301422921592234e-5
154,22,-0.00024075862555683614
154,23,-5.8140998266509314e-5
154,24,8.664684903525455e-5
154,27,-0.0014584910687345243
154,29,0.00024146985555972833
154,2,-0.00014901276556322784
154,6,-0.0001262883092678635
154,7,-0.0002220894263169626
154,8,0.00020144454395865097
155,10,-0.0027980821123829713
155,12,-0.00013284133256696862
155,14,0.00017101035462019354
155,17,-0.00012745365869548664
155,18,0.0003878139629920341
155,21,9.299074394952811e-6
155,22,-4.5273144175794755e-6
155,23,-0.0001717950547961422
155,24,5.712897118037574e-5
155,27,-0.00037050072503852505
155,29,0.0012627879198330305
155,2,-0.0002104201394930172
155,6,0.0005515689020239023
155,7,-0.00029025190270992596
155,8,0.00022760576092029083
156,10,-0.00020596979422826678
156,12,-4.37258134837748e-5
156,14,2.8372073502147543e-5
156,17,-0.00019646712009535605
156,18,0.0004436574619735012
156,21,0.0001636902623509684
156,22,9.841918094988245e-5
156,23,-0.00021038465576683762
156,24,6.724096842525285e-5
156,27,-0.0001575634132082726
156,29,0.0013377865789143684
156,2,-9.029317705344653e-5
156,6,0.0006119391426073761
156,7,-0.00035777092606803507
156,8,0.00018847689908252363
157,10,-0.00020221620318494615
157,12,-0.00013242323072493178
157,14,-6.298675829796707e-7
157,17,-0.00012171566820562418
157,18,-8.57990915648088e-7
157,21,-6.544348465098437e-5
157,22,6.910258399184244e-5
157,23,-0.00020045113692912508
157,24,6.55631044335081e-5
157,27,-8.172126203298546e-6
157,29,0.0012592756317246767
157,2,-0.00021883522566579217
157,6,0.0004034670214183578
157,7,-0.0003575343856017099
157,8,0.00016173328682356214
158,10,-0.0009322200758239418
158,12,-0.00017396485882059665
158,14,0.00015327748131177543
158,17,-0.0001896895531645626
158,18,-1.9941811751245098e-5
158,21,-0.00013816668262833787
158,22,0.00032150478172709995
158,23,-0.00021160389186469786
158,24,3.602824294013374e-5
158,27,0.0007987002031386581
158,29,9.764765229292038e-5
158,2,-0.00016940218585670408
158,6,0.0027734955273261974
158,7,-0.0004237419031687395
158,8,2.304900514982222e-5
159,10,-0.0029732195660896465
159,12,-0.0001528502231158413
159,14,-0.00012530293357837508
159,17,-0.00011127635867058672
159,18,-4.6064572444493024e-5
159,21,-0.00011300652772483488
159,22,0.0002312185710167114
159,23,-7.122872096498867e-5
159,24,0.00015332930881495344
159,27,0.0009542764844070462
159,29,2.8950976392216887e-5
159,2,-0.00022568255313615282
159,6,-7.238479764559713e-5
159,7,-0.0003834958199044891
159,8,-0.00022931068049292236
160,10,-0.0029632585262850952
160,12,0.00023239810753050705
160,14,-0.00016889451123880406
160,17,-0.00018134513897116733
160,18,4.851064388322612e-5
160,21,-0.00013892305537943628
160,22,0.0002232188288173731
160,23,6.564723411894846e-5
160,24,0.00014917484960808025
160,27,0.0010445003976942147
160,29,6.185378712686429e-5
160,2,-0.0001511316767448534
160,6,-9.626947867324986e-5
160,7,-0.00041209864432101284
160,8,-8.138379042943455e-5
161,10,-0.0006000509741923565
161,12,-0.00011768289003022403
161,14,-0.00030496399286938924
161,17,-0.00010072415775042032
161,18,-0.0003800183175854954
161,21,-0.000119877079270303
161,22,0.00010703368179498796
161,23,-0.00018374066294235547
161,24,-0.0004902595520084319
161,27,0.0008196376913316428
161,29,7.931374742931041e-5
161,2,-0.00021827254972617283
161,6,0.09483419185023578
161,7,-0.00032128992440938475
161,8,-7.659173146556952e-5
162,10,-0.002940525485783496
162,12,-0.00014578301646928082
162,14,-0.0002455740554738739
162,17,-0.00018319560876101093
162,18,-0.0001506709220056024
162,21,0.00011629378101929433
162,22,0.00023428550650539393
162,23,-1.9296001205759694e-5
162,24,-0.0003919773783778169
162,27,0.0003529485147222289
162,29,0.0011465335467484294
162,2,-0.00012493566088522812
162,6,0.0004357799299281595
162,7,-0.00043957580729880874
162,8,-7.213562872365742e-5
163,10,-0.0005741149869926687
163,12,-0.00012116904582981647
163,14,-0.00031135809203686193
163,17,-0.0006354980918805708
163,18,-0.0001892146677482387
163,21,0.0001562037397748739
163,22,0.00019115283518722492
163,23,-0.00012114294626286437
163,24,-0.0004904829922223186
163,27,0.0004514769397347962
163,29,0.0012603371577588618
163,2,-0.0002131007491987802
163,6,0.00011429173983490415
163,7,-0.00012400961539249522
163,8,-0.0002758838645862127
164,10,-0.0005226462881413596
164,12,-0.0001624677845155631
164,14,-0.00025496917181744294
164,17,-0.0006096308111684934
164,18,-0.00013155982487411677
164,21,0.00012374960371097643
164,22,0.0002302470856054839
164,23,-3.7198439380325965e-5
164,24,-0.0004095768572609515
164,27,0.0010584735786514088
164,29,0.001346917831574146
164,2,-0.00013478368785335704
164,6,0.00013691376038771352
164,7,0.0004999555421179025
164,8,-0.00022717651718018317
165,10,-0.0003692872690210791
165,12,0.000105933065261965
165,14,-0.000314121026527836
165,17,-0.0006373108167609942
165,18,-0.00018556200088859498
165,21,9.079599043548825e-5
165,22,0.00022893436279769475
165,23,-5.0769305628861616e-5
165,24,-0.0004979714988877504
165,27,-7.972302427194933e-5
165,29,0.0010550703381673188
165,2,-0.00021707289912331618
165,6,9.151578489863255e-5
165,7,-9.707453229612639e-5
165,8,0.00015524443610814842
166,10,-9.305826729821831e-5
166,12,0.00024501537689491926
166,14,-4.0070456504892604e-5
166,17,0.0008813832751126682
166,18,-0.0001206683252128471
166,21,0.00013231914125011457
166,22,0.00015495655041686263
166,23,5.6090767252214846e-5
166,24,0.0004176524404391202
166,27,0.0004391976802153863
166,29,-8.630702760470399e-6
166,2,-0.00014074385904194742
166,6,0.00014097247121469536
166,7,0.00032381262787950504
166,8,2.005923556769318e-5
167,10,0.0017924308105765618
167,12,0.00021374030612708594
167,14,-4.840800282490676e-5
167,17,-9.970503411071974e-5
167,18,-0.0001893740611684791
167,21,0.0002692393449397201
167,22,-0.00022973304565265806
167,23,9.960054911761773e-5
167,24,-0.00048464340211840096
167,27,0.0004905140320348167
167,29,-2.9049575474004996e-5
167,2,-0.00021298625198618026
167,6,9.796420077634593e-5
167,7,-0.0002983603324944184
167,8,5.1082720555761796e-5
168,10,-0.000619243227271582
168,12,0.0001862301394712773
168,14,0.0005223004456471614
168,17,-0.0001945880631106789
168,18,-0.0001038994872724075
168,21,-0.0001415309626660033
168,22,-0.00028170895767232196
168,23,4.7400260894114865e-5
168,24,-0.00041269987241943085
168,27,-3.875475072501189e-5
168,29,-8.652858610957992e-6
168,2,-7.37988150900648e-5
168,6,0.00014146717932472797
168,7,-0.00039996222391813774
168,8,3.976975163322294e-5
169,10,-0.00011732211319692709
169,12,0.00022720976646439794
169,14,0.0004287093866386371
169,17,-0.00013427331373705442
169,18,-0.00019155562925998737
169,21,-6.458313195256693e-5
169,22,5.620889247115457e-5
169,23,0.00010011269500154185
169,24,-0.0004951650088456105
169,27,-5.4263264214426954e-5
169,29,0.0001668076992320522
169,2,-0.00021880188771472575
169,6,0.00010137202665205791
169,7,-0.0003341096471540794
169,8,0.0001584121818405393
170,10,-0.0006081458679769725
170,12,0.00025684297427730485
170,14,6.577298050736147e-5
170,17,-0.00019172320306548585
170,18,-9.164973937281218e-5
170,21,-0.00013164281762367835
170,22,8.999820170441097e-5
170,23,-4.946706643949028e-5
170,24,-0.00042373804088313705
170,27,0.000689057568132867
170,29,0.001141965444388937
170,2,-0.0001543584220762284
170,6,0.000101494797434043
170,7,-0.0004037070740103843
170,8,-0.00021714588743559915
171,10,0.0002705397416526978
171,12,0.00076214035600497
171,14,4.138724461100196e-5
171,17,-0.00011116440522229709
171,18,-0.0002021774381253394
171,21,-0.000100755574099054
171,22,4.363777764471166e-5
171,23,-9.240854482506222e-6
171,24,-0.0005032950993673069
171,27,0.004492012211017915
171,29,0.0012717868924978504
171,2,-0.00022760977865576848
171,6,0.00043328097447314917
171,7,-0.0003380650355531145
171,8,-0.00027222656733805195
172,10,-5.737648296211262e-5
172,12,0.00019411498875765432
172,14,7.375776399065614e-5
172,17,-0.00018065720279114572
172,18,-5.547450538312404e-5
172,21,-0.00011986876007075153
172,22,0.0001294117185306476
172,23,-0.00015390844982299257
172,24,-0.0004068265816474792
172,27,0.0045132840512769334
172,29,0.0013160815325639064
172,2,-0.00015569215609900766
172,6,0.003068266477457726
172,7,-0.00038897581644281587
172,8,0.0003477864067011893
173,10,-2.4747642718203622e-5
173,12,0.0008532816173874025
173,14,2.4801564519449926e-5
173,17,-0.0001397505066451643
173,18,-0.000379899319719712
173,21,-0.00010248241359001042
173,22,0.00010833429205714395
173,23,-8.410255507573794e-5
173,24,-0.0004918464698313585
173,27,0.004493841478228511
173,29,0.0012635690044620063
173,2,-0.0002231828803811453
173,6,-0.000656747074244457
173,7,-0.00010728080063149292
173,8,-0.00034262674459473175
174,10,-6.121506441836289e-5
174,12,0.0008741992685976641
174,14,0.0004975300696976603
174,17,-0.0001820632657496546
174,18,-0.00026947101030572185
174,21,-0.00015681537658984723
174,22,-0.000304810380399978
174,23,-0.00016148823816486413
174,24,-0.00039641536632739616
174,27,0.004509327064069701
174,29,0.0011225020279397313
174,2,-0.00014902195099963933
174,6,-0.0007554643316032283
174,7,-8.769673108499632e-5
174,8,0.00011737754323526417
175,10,-2.0321570134207434e-5
175,12,0.0008477462063565255
175,14,-0.0002940716512176422
175,17,-0.00013185644608704195
175,18,-0.00018962614973272451
175,21,-6.43115639027414e-5
175,22,-0.0002472534382569336
175,23,-8.467487103480664e-5
175,24,-0.0005032897517542878
175,27,0.000193690025437121
175,29,0.001054682275379193
175,2,-0.00022351961130251397
175,6,0.003648632504787308
175,7,-5.4263523732167585e-5
175,8,-5.8026240378872274e-5
176,10,-4.46255672272855e-5
176,12,0.00018690886929828565
176,14,-0.0002551954046463578
176,17,-6.344072656983002e-5
176,18,-0.00011781027936841326
176,21,-0.00027116576088470623
176,22,-0.00030178328046570613
176,23,-0.0006334373357326228
176,24,-0.0004034964507386718
176,27,0.00018178165772475552
176,29,2.1505952435774134e-5
176,2,-0.00016875786380676772
176,6,-7.50061837804239e-5
176,7,0.000250482920654882
176,8,-7.606782975511095e-5
177,10,-0.0030005374723796052
177,12,-0.020718714760723067
177,14,-0.000296713621477096
177,17,1.9784806362110885e-5
177,18,-0.000187347458748377
177,21,-5.460196826057029e-5
177,22,-0.00024001007861329526
177,23,-0.0006583633867913719
177,24,-0.0004965842123327846
177,27,0.00032835689753873964
177,29,3.0507510445865194e-5
177,2,-0.00018136683275482568
177,6,-5.171340537479807e-5
177,7,0.0002621514600811281
177,8,-5.872588942068546e-5
178,10,-0.0005460694912873265
178,12,-0.02058603298394157
178,14,-1.5670404080125877e-5
178,17,3.82136104892794e-6
178,18,-0.00011270393632756281
178,21,-0.0001243093610359125
178,22,-0.0002706845912303635
178,23,0.0005030648701076501
178,24,-0.00042421780732659897
178,27,0.00041852046651769115
178,29,1.0379581919295333e-5
178,2,-0.0001508041983919739
178,6,0.00277694828354047
178,7,-0.000500107971629582
178,8,-7.748438342858321e-5
179,10,-0.0005820565537586475
179,12,-0.024671540386012047
179,14,-2.2254742479965728e-5
179,17,-0.00016425162547584193
179,18,-0.00017864703248182678
179,21,0.00010890811511021781
179,22,0.00017126220545904403
179,23,5.749603813764992e-5
179,24,-0.00046991115869676747
179,27,0.00021517664598391661
179,29,0.0010538386594998173
179,2,-0.00019138632140602851
179,6,-0.00036448996878313267
179,7,-0.0004040720774201034
179,8,4.1959244280853625e-5
180,10,-0.0005061108491757338
180,12,-0.02450399082925525
180,14,-0.0002799795529337956
180,17,-0.00013649508336577298
180,18,-8.899900726078158e-5
180,21,0.00010676248769048158
180,22,0.00030140639234232935
180,23,7.837205623584254e-5
180,24,-2.663464366214896e-5
180,27,0.0001722675410000818
180,29,0.0012903309630063475
180,2,-0.00014388661253139645
180,6,-7.537314897287928e-5
180,7,-0.0003356227494926145
180,8,5.1106392431776726e-5
181,10,-0.00282171306207335
181,12,0.0001589656954967822
181,14,-0.0002654207207308801
181,17,-0.0001437428747896874
181,18,-0.00019149485101888075
181,21,0.00016550519760905047
181,22,0.0002540923943303852
181,23,-0.00020147942490744697
181,24,2.493498726607868e-5
181,27,0.0006597711033791143
181,29,0.0012384566406682396
181,2,-9.925171087044049e-5
181,6,-3.903366919111306e-5
181,7,-0.00041911436786268297
181,8,2.8270957352027892e-5
182,10,-0.0005368638201614928
182,12,0.0002076191362165858
182,14,-9.894899945095403e-5
182,17,-0.00014172261002443065
182,18,-0.00012232343908369359
182,21,-8.652555704369291e-5
182,22,0.00039220972569520285
182,23,-0.00017594898041473073
182,24,2.9307762035912788e-5
182,27,0.000702454594232016
182,29,0.001293154858998058
182,2,0.00010087898861055322
182,6,0.00040350112615783473
182,7,-0.0003504112995971198
182,8,6.247148105575917e-5
183,10,-0.0005172335299556963
183,12,0.00025659062925509346
183,14,-0.00014108136650481384
183,17,-0.0001313531389008915
183,18,-0.0001846053478136156
183,21,-5.411621634010544e-5
183,22,0.000565825666713593
183,23,-0.00011156331439998723
183,24,0.00015953568035431687
183,27,-0.0002823123431330288
183,29,0.0012475708202490665
183,2,0.00014067070396528436
183,6,0.00033837083817012115
183,7,-0.00042413590936885015
183,8,0.00017286898459012434
184,10,-0.0003593598999431791
184,12,0.00021790628978735072
184,14,-0.00029057618103855987
184,17,-0.0001354376454143491
184,18,-9.32537256739252e-5
184,21,-0.00013133235031759227
184,22,0.0002521485202997553
184,23,-0.0001389800304050226
184,24,-0.00018198376191858046
184,27,0.0002208933479295183
184,29,0.0013085979364895195
184,2,0.00010132340556978647
184,6,0.0004219722703284745
184,7,-0.00035096034648329777
184,8,-0.0004656482051883515
185,10,-0.00048463022833633573
185,12,0.00011429679402574777
185,14,-0.0003279762883758863
185,17,0.00022052618966572624
185,18,-0.00019504349349830363
185,21,-9.930691348092324e-5
185,22,0.0002128646147179225
185,23,-9.064183464868591e-5
185,24,-0.00015927116975600342
185,27,-1.7731238055596066e-5
185,29,0.0012444236800428499
185,2,0.00013898520706501216
185,6,0.00034560732491595303
185,7,-0.0004208202321596133
185,8,0.0003114388268654622
186,10,-1.6422021877460224e-5
186,12,0.00021843413051048088
186,14,-0.00026508901289457043
186,17,0.00016401489106598888
186,18,-0.00012543212002746884
186,21,-0.0005072565340284996
186,22,0.00013501073210520076
186,23,-0.00014539153393844373
186,24,-0.0001868064140051473
186,27,-3.0920634094044885e-5
186,29,0.0013026607676982493
186,2,8.794567895797911e-5
186,6,0.0005425801118192908
186,7,-0.00029108908382813325
186,8,-0.000470992470023468
187,10,-1.0539147008437055e-5
187,12,0.00025939198279800735
187,14,-0.00032889323509532886
187,17,4.900795653650647e-5
187,18,-0.0003918401391977966
187,21,-8.199844944467571e-5
187,22,9.279545333562567e-5
187,23,-5.892104662308384e-5
187,24,0.000150597213275816
187,27,0.00011132168039207357
187,29,0.0012490899884465279
187,2,-8.772495764919341e-5
187,6,0.0005591534379121299
187,7,-0.0004044612308176099
187,8,-0.0004133277096762811
188,10,-8.33773838060381e-6
188,12,0.0002285881035328785
188,14,-0.00024147878491209696
188,17,4.57521740990785e-5
188,18,-5.135840012293613e-5
188,21,-2.3473515361693842e-5
188,22,0.0001361603477940676
188,23,-0.00014855205749242373
188,24,0.0002819783686049959
188,27,-0.0003315033992477012
188,29,0.00091425327037431
188,2,-0.00020705497653850102
188,6,-4.086670081271393e-5
188,7,-0.00034581820172618905
188,8,-0.0004704549112553025
189,10,-0.0002063840645316617
189,12,0.0001857368661903891
189,14,-0.00032855941820919554
189,17,8.717658325796407e-5
189,18,-0.00017967842431421133
189,21,0.0001537865025902363
189,22,0.00010024604521685632
189,23,-4.6875087853948116e-5
189,24,0.00016435481086229942
189,27,-0.00030692848652780214
189,29,0.0009286673549215863
189,2,-0.00017688938804116816
189,6,0.0004416602771328826
189,7,-0.00042130631409520447
189,8,0.0006774842010539572
190,10,-0.0002744349830807735
190,12,0.0009208601347667766
190,14,-0.0002509130812784477
190,17,0.00031649219361451486
190,18,2.43403470623349e-6
190,21,9.642239159646238e-5
190,22,0.00013539466457057614
190,23,-0.00014664271319286826
190,24,0.0003035974559093546
190,27,0.00023733440934314842
190,29,0.0009192297948557027
190,2,-0.00023261038209554386
190,6,0.0030329756066329594
190,7,-0.01363691991774818
190,8,-0.0004727758850107122
191,10,-0.0002191189052220821
191,12,0.0009274606129965335
191,14,-0.00038047240088356915
191,17,-0.00038895589627774285
191,18,-9.779740726578723e-5
191,21,0.00010655138835424793
191,22,9.031126128622446e-5
191,23,-0.001212274004220859
191,24,0.0002268933237914439
191,27,-0.0002905548170621941
191,29,0.0012271671430417186
191,2,-0.02998804103774244
191,6,0.0031561101086028387
191,7,-0.013202322237617636
191,8,-0.0003916523239686498
192,10,-0.00028260713944394666
192,12,-2.73647250539355e-5
192,14,-0.0003276998993859692
192,17,-0.00044164401393320674
192,18,-1.0024473777292542e-5
192,21,8.455274291829795e-5
192,22,-1.5513938405042893e-5
192,23,9.719369827188018e-6
192,24,0.00011749735137556172
192,27,-0.00023369004276485583
192,29,0.001278279061144083
192,2,-0.00015806469609991325
192,6,0.0007895717306540817
192,7,-0.013650319828885316
192,8,-0.0004693555048511655
193,10,-0.00022064755409356707
193,12,0.00017013185320102764
193,14,-0.0013798130427096211
193,17,0.0005712095582302013
193,18,-9.679708003407228e-5
193,21,9.581795993085507e-5
193,22,-0.00027926147011481106
193,23,-6.908878490641257e-6
193,24,0.00015612573541812225
193,27,-0.0002943716250394246
193,29,0.0012336035675852841
193,2,-8.601274723307739e-5
193,6,0.0008758614103534512
193,7,-0.013198460360920095
193,8,-0.0003675514569900784
194,10,-0.00027234424544086977
194,12,0.0002495063817562482
194,14,-0.000336966853119236
194,17,-0.0001847837137409769
194,18,-2.542042370645703e-5
194,21,4.701754085267851e-5
194,22,-8.704452033914123e-5
194,23,-0.000132578050072496
194,24,0.00011201935411442321
194,27,-0.00023967447968509248
194,29,0.0019192128489784466
194,2,-5.553195064500471e-5
194,6,0.0018732975706576838
194,7,-0.0001072760544920115
194,8,-0.00046274955304159704
195,10,-0.00019264212800162994
195,12,0.0008473426644046711
195,14,-0.0002109563398775549
195,17,0.0005647228113474512
195,18,-0.0010724121859526647
195,21,9.470554538193454e-5
195,22,-3.991591521579352e-5
195,23,-4.885489827799461e-5
195,24,0.00017450245812966614
195,27,0.00032213849594153743
195,29,0.0012373669302432333
195,2,-5.859135789876291e-6
195,6,0.00040591068000139785
195,7,-0.013532810862939115
195,8,0.00012268706905249616
196,10,1.7575529194679973e-5
196,12,0.0008420789051690747
196,14,-0.0011991071806027875
196,17,0.0015634597016935814
196,18,-0.00037887928840873997
196,21,5.658893214821603e-5
196,22,-9.126453984986682e-5
196,23,-0.00012961992521187682
196,24,0.0002351740141044445
196,27,-0.00023822969569575747
196,29,0.0012972604500722795
196,2,3.964515850540806e-5
196,6,4.547558666168072e-5
196,7,-0.013663555642217773
196,8,0.0001588599654285261
197,10,-8.099698189667492e-5
197,12,0.00083910476933724
197,14,-0.00021887294237021848
197,17,0.00012206129316716385
197,18,-0.06173955652754959
197,21,0.00015990043436175938
197,22,-0.00026558162222478643
197,23,-9.956181108794482e-5
197,24,0.0006392682804143845
197,27,-0.0002976604495747992
197,29,0.0012238457096236388
197,2,-0.00020030513798907634
197,6,2.2914404388174603e-5
197,7,-0.013518248329453364
197,8,3.0178323185303668e-5
198,10,1.507313688353662e-5
198,12,0.00023614867062438094
198,14,-0.06887432824057882
198,17,0.0001215155026397241
198,18,-8.204937327160877e-5
198,21,-9.176815027611696e-5
198,22,-0.0003399483345747356
198,23,-4.9445600271091905e-5
198,24,-0.0004036327771110848
198,27,-0.0002049308878584455
198,29,0.0013235256128671935
198,2,6.541580644281453e-6
198,6,3.9662988522870535e-5
198,7,-0.03475350482485151
198,8,6.068416594295911e-5
199,10,-1.028135395486629e-6
199,12,0.00017317672141725637
199,14,-0.00021634234187750678
199,17,0.00011006703878280177
199,18,-0.00012195174688311994
199,21,-0.00016075849815866405
199,22,0.0009880057364899386
199,23,0.00023847383612274342
199,24,-0.0004936848843302144
199,27,8.877624107217486e-5
199,29,0.00016312058432088605
199,2,-0.00022331550356380347
199,6,0.0004366607129187017
199,7,-0.034745434223234284
199,8,1.7278868501335864e-5
200,10,-0.0002397343777484906
200,12,0.00025278543005402554
200,14,-0.0011398218055722609
200,17,0.00011224968271594804
200,18,4.164069451739749e-5
200,21,-9.558076451909869e-5
200,22,-0.00021126663619952524
200,23,0.0002545283948034438
200,24,-0.0003990783262697306
200,27,8.082836604028643e-5
200,29,7.970766670073459e-5
200,2,-0.00017269364783434327
200,6,0.08430159573641216
200,7,-0.034756619386394405
200,8,5.851648468269133e-5
201,10,-0.0001489671548329241
201,12,0.00017171108433444715
201,14,-0.00031139340570884855
201,17,9.123527987142666e-5
201,18,0.0004638734491768659
201,21,-0.00012787988442575227
201,22,-0.0002306721607547857
201,23,-0.0007315329698638351
201,24,0.0009125372908567186
201,27,0.00021949670979548586
201,29,0.00013009186758594637
201,2,-0.00022080579263406008
201,6,0.0056921989561145026
201,7,-8.326698379690356e-7
201,8,-0.000212691836746437
202,10,-0.0002361529536614171
202,12,0.00023483854016337347
202,14,-0.0003331781280850876
202,17,0.00011227317825746042
202,18,-1.4877190425366393e-5
202,21,-0.00010799716890019795
202,22,-0.0008169333017065128
202,23,0.000255440186204936
202,24,0.0008303954534429892
202,27,-0.00027074935065041217
202,29,8.679094383712282e-5
202,2,-0.00014912285993151642
202,6,0.0021682575546018157
202,7,-7.212322282512673e-5
202,8,-0.00030347889225534885
203,10,0.00017547764521985698
203,12,-1.5353244406490774e-5
203,14,-0.00016038126898276772
203,17,4.529676733344701e-5
203,18,-0.00015946885499484864
203,21,-8.908866164336615e-5
203,22,-0.00023785108012930323
203,23,-5.0179185542731375e-5
203,24,-0.0004943792998952645
203,27,-0.00012593904261937183
203,29,0.00012992941334388775
203,2,-0.000230675626853305
203,6,0.00019806196065719206
203,7,0.00028725153440767315
203,8,0.00023799617197184375
204,10,-0.00024044527475375332
204,12,0.00016831702343189647
204,14,-0.0008712254144986886
204,17,-0.00015706857027808496
204,18,-0.00010428882387447658
204,21,-0.00010955765070708168
204,22,-0.00027732061386487317
204,23,5.460374765142717e-5
204,24,0.0016498540656044725
204,27,-4.863323336756764e-5
204,29,7.978472455683061e-5
204,2,0.0001373717262698193
204,6,0.0001691936997589849
204,7,0.0008017166679001875
204,8,0.00014995339170553734
205,10,-6.772429071943975e-5
205,12,0.0007683506338649337
205,14,-0.0022993503760107004
205,17,9.093905134704983e-6
205,18,0.00015590980938728904
205,21,-6.841453370753925e-5
205,22,-0.00023180125394084428
205,23,8.899014394980753e-5
205,24,0.0016363221496709102
205,27,-0.00011822364282298992
205,29,9.382474078378777e-5
205,2,0.00013104804626351552
205,6,0.00021152284056302761
205,7,0.000753474453659031
205,8,-0.0002174808999120259
206,10,-3.6785518017445895e-5
206,12,0.0009053770715476972
206,14,-0.0001412521828951796
206,17,-0.000206887993776661
206,18,6.538374187936569e-5
206,21,-0.00014247311385418016
206,22,-1.603117786519448e-5
206,23,5.8088925046995143e-5
206,24,0.0016049225950007795
206,27,-1.1313003399848753e-5
206,29,7.357134199548199e-5
206,2,0.00011219323843913998
206,6,0.00017770202332290097
206,7,0.0015630862217923536
206,8,-0.000294179570163422
207,10,-6.338422371410246e-5
207,12,0.0009070802074271356
207,14,-0.0003483523006604372
207,17,-0.00011531055504665488
207,18,0.00010919867570624575
207,21,-7.227156018974057e-5
207,22,-1.997637664619134e-5
207,23,-0.000467355422888005
207,24,0.0004376340685308122
207,27,-0.00010788619939550159
207,29,7.980681269881273e-5
207,2,0.00014089774669479027
207,6,0.0021553578378927796
207,7,0.0033630892111640165
207,8,-0.00020993569530070033
208,10,-0.0002519487780796581
208,12,0.00016868945728187867
208,14,-0.0002817023628818305
208,17,-0.00020595056907168896
208,18,7.348647947580389e-5
208,21,-0.00015388383707115594
208,22,-0.0003850720178313338
208,23,-0.0004963605477170674
208,24,0.00040596696939942944
208,27,-2.1724329116068475e-5
208,29,-0.0002930366585784938
208,2,0.00011480820057130359
208,6,0.002253818603344726
208,7,0.002027251027733712
208,8,0.00014594334762829675
209,10,-0.00019572761649033765
209,12,0.0003524654150526274
209,14,-0.00035429848618662163
209,17,-0.0001535145284723427
209,18,-2.4725204393227784e-5
209,21,-0.00010357922814918652
209,22,0.0008326760719281623
209,23,-0.05711682702970222
209,24,0.0006714022023448507
209,27,-0.00012500698462947213
209,29,0.06671095958750595
209,2,0.00014345124727110914
209,6,0.005187667304248578
209,7,0.0016185344495429632
209,8,-0.0002136114319268856
210,10,-0.0002684706776046042
210,12,0.00033390830062707266
210,14,-0.00027627766462501313
210,17,-0.00021878701868249806
210,18,-0.0001813233662932845
210,21,-0.00016198288275237616
210,22,-0.00054895057008153
210,23,0.00023551027754198373
210,24,0.0004211104373998964
210,27,-0.0009973434194963104
210,29,0.17289772596443598
210,2,0.00010425773827282825
210,6,0.005164338791470158
210,7,0.0015704230639865813
210,8,-0.0002944759909571104
211,10,-0.00021765360972114678
211,12,0.00035539182054122875
211,14,-0.0002999951052915506
211,17,-0.00018845813218870688
211,18,-0.00011293541187562539
211,21,-9.231910585327796e-5
211,22,-0.0004169489685752481
211,23,0.0002189371285554742
211,24,0.0006592377248590964
211,27,0.00010602672674409064
211,29,0.0018867570012961465
211,2,0.0003989367627843521
211,6,0.003623233599421738
211,7,0.0007846190138769416
211,8,-0.00021393239412326182
212,10,-0.00026455439332107034
212,12,0.00031711446738924565
212,14,-0.0003546913463390311
212,17,-6.407744663583514e-5
212,18,-0.00017785443377071886
212,21,-0.00016332583197797845
212,22,-0.0012242643279236631
212,23,0.00020360171930988713
212,24,0.0007568770207546649
212,27,-9.019378610286566e-5
212,29,0.0008765587039425426
212,2,-0.0003824979873199297
212,6,0.0013502720511491262
212,7,0.0005117832344652129
212,8,-0.0003012961714192741
213,10,-0.00022117029194301807
213,12,0.0003566688893634762
213,14,-0.00018904907607808497
213,17,-3.40431455674306e-5
213,18,3.921200312007045e-5
213,21,-8.484416157461538e-5
213,22,-0.00014027195520238678
213,23,0.00023045544178312838
213,24,0.0030329166453517686
213,27,0.0003256407963636576
213,29,0.0008121605809598975
213,2,0.00040135125362805724
213,6,0.004457022378019815
213,7,0.00017293922881389534
213,8,-0.00020114843849849962
214,10,-0.00025401402311064913
214,12,0.0003144089628559499
214,14,-1.6787041341004283e-5
214,17,9.918843764200602e-5
214,18,-0.00017739935399241347
214,21,-0.0001572862944652087
214,22,-0.0003905084677517934
214,23,0.00044079203031266445
214,24,0.0017397878184040039
214,27,-0.00014066696318160155
214,29,7.781709086263078e-5
214,2,0.00039134617888603174
214,6,0.005175315111864087
214,7,0.0001604703386899331
214,8,-0.00028536037668924763
215,10,-0.00019961722346373278
215,12,0.0006103725621757761
215,14,-3.891801755528945e-5
215,17,6.760530863836323e-5
215,18,-0.00010046471905500454
215,21,-4.3708333073766426e-5
215,22,-0.00010993012782289924
215,23,0.0005173751956606409
215,24,0.001926501303864292
215,27,0.00022304933256656057
215,29,7.913439189799476e-5
215,2,-4.0940980278847405e-5
215,6,0.00519780662350211
215,7,0.0002055082290874921
215,8,0.00028270321444789914
216,10,-0.00026033771054478905
216,12,0.0007001122689898054
216,14,9.925230828944365e-5
216,17,9.982889556692243e-5
216,18,-0.00018349667591710528
216,21,-0.00015335082920930887
216,22,-0.00037559021092814504
216,23,0.00019370915098804176
216,24,0.004699111266296185
216,27,0.0001636674269711591
216,29,-0.0014640724019550078
216,2,-6.290118252039179e-5
216,6,0.0023708982742602913
216,7,0.00015144916447518142
216,8,0.00015422375156770585
217,10,-0.00035086216629309774
217,12,0.0002294106497977566
217,14,-0.00022959078023898627
217,17,6.041786560118112e-5
217,18,-0.00013162223360918546
217,21,-4.398878062694678e-5
217,22,-0.00012065287971285699
217,23,0.00018658013445271848
217,24,0.0032820415561589655
217,27,0.0003184318807338826
217,29,-5.9321847917459536e-5
217,2,0.0039638856398616085
217,6,0.0022545143171264215
217,7,-0.00019249839542645475
217,8,-0.00023248436123868288
218,10,-0.0003309305961121112
218,12,4.417725261784966e-5
218,14,-0.00034512811119125075
218,17,0.00016441310945758403
218,18,-2.7110765495663713e-5
218,21,-0.00019113038376072922
218,22,-0.00020605774403748
218,23,0.00019699670388639845
218,24,0.004097046248869418
218,27,-9.664654649643722e-5
218,29,-7.621760175258174e-5
218,2,0.009480597895356269
218,6,0.0020259884498976533
218,7,0.0001724294548859362
218,8,-0.000290039390717034
219,10,-0.0003428463485199984
219,12,7.916008144093212e-5
219,14,-0.0002722103561278999
219,17,-4.673655584142011e-5
219,18,-7.113039038664226e-6
219,21,-0.0002048413349280409
219,22,0.032932913751731796
219,23,0.00018830561401905754
219,24,-0.00010760805375920057
219,27,0.00010960395330705808
219,29,0.001258316912183588
219,2,0.010847747510354111
219,6,0.002316308663417921
219,7,0.00016953077295678298
219,8,0.00014040043977381345
220,10,-0.00027540655287427995
220,12,4.142926772487954e-5
220,14,-0.00034647254765030056
220,17,-0.0001866797299054923
220,18,1.0883581857967783e-7
220,21,-0.00019127177905264858
220,22,-0.0003936961711739073
220,23,0.00017451161009063298
220,24,-0.00012167869592438763
220,27,-0.0002448969382502497
220,29,0.0013096545906652324
220,2,0.010831253725626766
220,6,0.0022982339285260167
220,7,0.00020478538567125781
220,8,-0.00139097086521911
221,10,-0.00020083350362209984
221,12,0.0001641269075047802
221,14,-0.0002638798630743011
221,17,-0.00012184017400773683
221,18,0.0005647967266861897
221,21,-0.00021625345684217478
221,22,5.81416809160018e-5
221,23,0.00041364660524578767
221,24,0.000773035607688044
221,27,-0.0003016582501667031
221,29,0.0012521443799240473
221,2,0.003964640159379584
221,6,0.0023128813086321642
221,7,0.0001691058857957728
221,8,-0.00041687059402484294
222,10,-0.0002788955425616635
222,12,0.00016240576950909968
222,14,-0.0005623850173446243
222,17,-0.0001844114772637795
222,18,2.2403868307208086e-5
222,21,-0.0004559369930285939
222,22,1.9518862568013162e-5
222,23,0.0001795069796299842
222,24,0.00024059215636107467
222,27,-0.00028525569130177786
222,29,0.0019520310079697012
222,2,5.497143048494024e-5
222,6,0.0022940582072061844
222,7,0.0012608488828220743
222,8,0.0003321338225390491
223,10,-0.0002199946668302033
223,12,-0.00031510455265859605
223,14,-0.000584985661819637
223,17,-9.422326867980502e-5
223,18,7.865361899561663e-6
223,21,-0.00021361105740602682
223,22,-1.3945617149957457e-6
223,23,0.00020043060005026092
223,24,-0.00010994676311693041
223,27,-0.0003303679448727337
223,29,0.0012455172377041634
223,2,5.522932657342494e-5
223,6,0.0021849338216846093
223,7,0.0026233848063341725
223,8,0.0002015038256679702
224,10,-0.0002574496623601874
224,12,0.00017345056497042322
224,14,-0.00033031111611148134
224,17,-0.00017011031573233026
224,18,0.00020538929661384486
224,21,-0.0001848396794974505
224,22,1.7228848427031096e-5
224,23,0.00016962105292073204
224,24,-0.00010512783666527525
224,27,-0.00031898597245128
224,29,0.0013162118114973254
224,2,3.117895689097594e-5
224,6,0.0021219016717797246
224,7,0.0012681368274556348
224,8,0.00017269480142712013
225,10,-0.0002039870879331218
225,12,-0.00030233011046210123
225,14,-0.00025693522983338823
225,17,6.771329861976483e-5
225,18,0.00018982720826876687
225,21,-0.00020992036340139464
225,22,-0.00026137760871414173
225,23,-0.00015187733020649574
225,24,0.0016344029317991726
225,27,-0.00010315264199523
225,29,0.0009730456961856149
225,2,0.004159405744045941
225,6,0.002318683373434993
225,7,-6.637256256247781e-5
225,8,0.00020987298176855518
226,10,-0.00018189016473346697
226,12,-0.0002080921164298033
226,14,-0.00033829240451588305
226,17,-4.9932963036347644e-5
226,18,-0.0001797851752600721
226,21,-0.00015744336613465748
226,22,-0.0007012009786757645
226,23,-7.690827336848116e-5
226,24,0.001627005664334824
226,27,-0.00011248448856004956
226,29,0.0009564124246095318
226,2,0.004312813951551142
226,6,-3.937134555354049e-5
226,7,0.0004245943058265311
226,8,0.0001742273959948193
227,10,3.89893326140367e-5
227,12,-0.00031425993640166183
227,14,-0.0002551609063141669
227,17,0.0002961883274217314
227,18,3.976677824368835e-5
227,21,-4.492761625929376e-5
227,22,-0.0006052614577196636
227,23,-0.0001468037490024443
227,24,0.009789644638320993
227,27,0.00012710372578617068
227,29,0.0009693801486365672
227,2,-0.00040305144720331754
227,6,8.681270270738395e-5
227,7,0.0007351483651412138
227,8,0.00020897659664065316
228,10,4.5071268084839744e-5
228,12,-0.00022766770267601544
228,14,-0.00033998443849458937
228,17,0.0001146622547256726
228,18,-0.00023017122580082372
228,21,-0.0001394431059456025
228,22,0.00031284051012914205
228,23,-7.861176329804209e-5
228,24,0.009888522296164659
228,27,-0.00034021106658954636
228,29,0.000957834249606826
228,2,-0.0016386431555535097
228,6,5.9860248538434746e-5
228,7,0.00016300205497277176
228,8,0.00042138798859792104
229,10,2.1697759001071404e-5
229,12,-0.0003182931369085651
229,14,-0.0002642463117998872
229,17,6.387069608138063e-5
229,18,-0.00024940273625873033
229,21,-5.23566280756782e-5
229,22,0.00025403735352913515
229,23,-0.00015241808007626645
229,24,0.0015874042321959436
229,27,-0.00022244058547116197
229,29,0.0012674799483374244
229,2,0.00613050961894146
229,6,0.002322469760275503
229,7,3.0659212477246456e-5
229,8,5.710129665636998e-5
230,10,-0.0002843253121156408
230,12,-0.00024471378992974024
230,14,-0.0003330943920518692
230,17,0.00011511659143348396
230,18,-0.0002294482959808164
230,21,-0.0001528980789116119
230,22,0.0002519726122089949
230,23,-5.275362048884347e-5
230,24,0.001613794173567662
230,27,-0.0003284398743907957
230,29,0.0013225078713308136
230,2,-0.002580678518032009
230,6,0.002307758810799143
230,7,0.0004957220713119881
230,8,0.0001789073519873341
231,10,-0.0001805883963683641
231,12,-0.0003191095558392476
231,14,-0.0002718247240816041
231,17,8.117303212884508e-5
231,18,6.413501480384554e-5
231,21,-7.367592011942037e-5
231,22,-0.000650204489568651
231,23,-0.00015584510788002603
231,24,0.009934098061652463
231,27,-0.0002395593105344318
231,29,0.0012626151720995793
231,2,0.0015305479193754579
231,6,0.0024649063142883065
231,7,4.235725967483006e-5
231,8,-0.00030639670094068094
232,10,-0.0002837082398805535
232,12,0.00016018395110695138
232,14,-0.00038312466956824665
232,17,-0.00019240069470782828
232,18,9.691609345008345e-5
232,21,-0.0001452337596568043
232,22,0.000251989936571384
232,23,-4.5042833300534824e-5
232,24,0.0016329372528831598
232,27,-0.0003369549790761539
232,29,-8.626543264167452e-5
232,2,-9.817646571530503e-5
232,6,-8.613341810459474e-5
232,7,-9.701867605294012e-6
232,8,-0.00021020618098965826
233,10,-0.00020110688249186381
233,12,-0.00031848990185689985
233,14,0.00019974910858255868
233,17,-0.00010996924196593483
233,18,5.187779704307616e-5
233,21,0.00027874819619722047
233,22,0.00022448913039774254
233,23,-0.00021507634246997753
233,24,0.0015580353117794488
233,27,-0.0002598635167059271
233,29,-6.387066962343368e-5
233,2,-9.570324449903467e-5
233,6,-0.00029455122717969573
233,7,0.0004915586253373405
233,8,-0.00030653204798891664
234,10,-0.00028202241349539747
234,12,0.00013253457795503465
234,14,0.00017044458540649288
234,17,-0.0001997014197430147
234,18,8.684904299371965e-5
234,21,6.473558604014329e-5
234,22,9.982901678284861e-5
234,23,0.00013524428181543868
234,24,0.0016231588786874696
234,27,-0.0003433441265725534
234,29,0.001098284293888696
234,2,0.010376452471217767
234,6,-0.0002325282554753727
234,7,0.0008018352460039679
234,8,-0.00021245044135387303
235,10,-0.00019204166800879108
235,12,5.455362418604892e-5
235,14,5.96601596383195e-5
235,17,-0.00012396843654105538
235,18,0.00023468089105982415
235,21,2.0556136066218755e-5
235,22,-0.0003466190235243971
235,23,-0.00016268341468350656
235,24,0.0015532894107659345
235,27,-0.0002621036588728032
235,29,0.0012634059744636161
235,2,-0.00017899391470344028
235,6,-8.89259832002054e-5
235,7,0.00077938825704571
235,8,-0.0003121067992406523
236,10,-0.0002716634354742453
236,12,-0.0001024517104264433
236,14,0.00010275329009257206
236,17,-0.00020327425906074836
236,18,0.00016286805542620186
236,21,7.670198007136975e-5
236,22,-0.0003199363864689886
236,23,-0.00010954661046547187
236,24,0.0016461173703996579
236,27,-0.00033448967897076187
236,29,0.0013340074271939173
236,2,0.003406074842398077
236,6,-0.00016795098571709133
236,7,0.0007068492550432737
236,8,-0.0002180654299204221
237,10,-0.00018572683964368508
237,12,-1.7468646665186327e-5
237,14,5.864230759389244e-5
237,17,-9.712048316679045e-5
237,18,0.00025229082858135854
237,21,1.9649673498101095e-5
237,22,0.00023481891811893973
237,23,-0.0001657547349624977
237,24,0.0015946316484987122
237,27,-0.0002758376493385839
237,29,0.0010585973662573522
237,2,0.003315597971652373
237,6,-9.338422648141886e-5
237,7,0.000561203893458817
237,8,-0.000307437835793678
238,10,-0.00028517217856904864
238,12,-5.4881756182290076e-5
238,14,0.00010170694991185059
238,17,-0.0001933081612346399
238,18,-0.0001791846728886881
238,21,-0.00014992010083147989
238,22,-0.00026793551479897815
238,23,-0.0003042916820223951
238,24,0.001638341778139818
238,27,-0.00034154745717795976
238,29,0.0037587160429568556
238,2,0.003392181990281351
238,6,-0.00017127319277321362
238,7,0.00010172067340885604
238,8,3.1304914446472765e-5
239,10,-0.0001839885526040419
239,12,-3.552906062775918e-5
239,14,0.00042720062829992855
239,17,-8.543174938502318e-5
239,18,-0.00010588005888667595
239,21,-7.31529359363492e-5
239,22,0.00015349773723016824
239,23,-0.00028168591459554193
239,24,0.001563354373793402
239,27,-0.000307298244113241
239,29,0.0015476465126535999
239,2,0.003322454893090132
239,6,-0.00011999047761346304
239,7,8.5288895048663e-5
239,8,6.046771870060752e-5
240,10,-0.00027448852949785163
240,12,-7.483447427247825e-5
240,14,0.0004488629158565516
240,17,-0.00017725450997030379
240,18,-0.00019677370625892365
240,21,-0.00016341017970411542
240,22,9.118223913162637e-5
240,23,-0.00027873220664531573
240,24,0.0016566548915859514
240,27,-0.0003765121778709357
240,29,0.0023029211611218514
240,2,0.0034215223851772336
240,6,-0.00016282960402680402
240,7,0.0001044044852145376
240,8,3.9966492218823646e-5
241,10,-0.00035791105336091533
241,12,-5.781386040926151e-5
241,14,-4.7920701476300565e-5
241,17,0.00043244679308962475
241,18,-0.00010218407258744122
241,21,-8.159360154902373e-5
241,22,-0.0006866479763703026
241,23,-0.0001561436692254503
241,24,0.0017146705529569317
241,27,5.490679161290757e-5
241,29,0.004262112288611952
241,2,0.0034845448887921293
241,6,-0.00022094576449926961
241,7,6.404551637206879e-5
241,8,-0.00022858133889247512
242,10,-0.0003368772032814604
242,12,-4.879046185291003e-5
242,14,0.00045953471592952155
242,17,0.00045759840411019326
242,18,-0.00021745673488293704
242,21,-0.0001621976501526845
242,22,0.00032938358698153536
242,23,-0.00010174050251077205
242,24,0.0016695904888983648
242,27,0.00013681027817380453
242,29,-7.327956299452154e-5
242,2,0.0033996354555458907
242,6,-0.00021250592469268526
242,7,0.0006585372683698409
242,8,0.0001555778438504518
243,10,-0.0003674259020112203
243,12,0.0002230348917047209
243,14,0.00027281555481728503
243,17,0.00044313392309724975
243,18,-0.00024038959974514995
243,21,-7.738189730943645e-5
243,22,0.00027654126585385796
243,23,-0.0001436781340462545
243,24,-0.00023766603892738658
243,27,0.00010593264956781923
243,29,-4.490568314885479e-5
243,2,0.003419155042029942
243,6,-0.00022708582806085786
243,7,0.000632322249752626
243,8,0.0001273520375537629
244,10,-0.000255029931462758
244,12,5.1270871487929526e-5
244,14,0.0009419213724166653
244,17,-0.00017467427672634983
244,18,-0.0003754530687540836
244,21,-8.314289942035202e-5
244,22,-9.10486543963529e-5
244,23,-4.828129414580218e-5
244,24,-0.0002621277649099696
244,27,7.81464017753919e-5
244,29,0.0013083498729171694
244,2,0.00339399103517124
244,6,-0.00021077372066446998
244,7,0.0006556600503264676
244,8,0.0001427773348972039
245,10,-0.00017752021950290242
245,12,-0.0002631222230204955
245,14,0.0009359534994857199
245,17,0.00047107772998877806
245,18,-0.00013474767987631253
245,21,-0.007685165442526731
245,22,-0.0005361654880529088
245,23,-0.0001526861736920182
245,24,0.0016487845411425894
245,27,7.140143976691604e-5
245,29,0.0012376930152582233
245,2,0.003599963381915927
245,6,-0.00012276790804399695
245,7,0.0006809473553408552
245,8,0.00012119739250415762
246,10,-0.000256112309284795
246,12,-0.00032000917537988727
246,14,0.0007597121091986736
246,17,0.001124970054962482
246,18,-0.0001770279273491937
246,21,-0.006385265869847778
246,22,-0.00030338156783926706
246,23,-8.470212282674083e-5
246,24,0.001641152783061095
246,27,9.52714275097577e-5
246,29,0.0012825105623770483
246,2,-0.0009206042399432235
246,6,-0.000185157786800616
246,7,4.577104863212611e-5
246,8,0.00022699503034395718
247,10,9.824936916036364e-5
247,12,-0.000272371952269701
247,14,0.00022595258860480527
247,17,-0.00019832885191739535
247,18,-0.00013525003323078266
247,21,0.0028104717307524396
247,22,-0.0002198924847300887
247,23,0.003413747493397068
247,24,0.0016263686730173532
247,27,6.614946803473742e-5
247,29,0.0012378392808072292
247,2,-0.0010207131804129688
247,6,-0.0001259023957693728
247,7,-5.379209604861046e-6
247,8,0.00026369979333207283
248,10,0.00015844964372124792
248,12,-0.0003091311262641838
248,14,0.0001679297953183223
248,17,-0.00018227776026336073
248,18,-0.00018569361426834519
248,21,0.00280601370359701
248,22,-0.0003042142708622464
248,23,0.00014722183111359755
248,24,0.00020380668516128964
248,27,0.0001652701021130909
248,29,0.0013253719956756171
248,2,-0.0012096339528202549
248,6,-0.0001857043908621847
248,7,6.407039589184649e-5
248,8,0.0003379131356453513
249,10,-0.00028071367954041193
249,12,-0.00031109745391333377
249,14,8.737759484223062e-5
249,17,-0.0005171673768620266
249,18,-0.00012937201502971618
249,21,0.002839718130848823
249,22,-0.00021350577509160473
249,23,0.00014675690606669178
249,24,0.00024097692346725097
249,27,0.00020611937221026722
249,29,0.0012488177368279452
249,2,0.002003417906752958
249,6,-0.00012067355165346072
249,7,4.031081660826885e-5
249,8,2.910640593434266e-5
250,10,0.0006478859909968548
250,12,0.0002450868859185107
250,14,0.00012229830122034713
250,17,-0.0005368195101906892
250,18,-0.00017893124823409323
250,21,0.0016365971762040132
250,22,-0.0002956811626013689
250,23,0.0001270618096933518
250,24,0.00020760449323908858
250,27,-0.203012158514829
250,29,0.0006741884391976427
250,2,-8.307082957426104e-5
250,6,-0.00011266523123065753
250,7,6.854625350705135e-5
250,8,5.6088126806130845e-5
251,10,-0.0002519580644104735
251,12,0.00022982415084005225
251,14,9.752714753563652e-5
251,17,-0.0004981161964296987
251,18,-0.0001392296839588525
251,21,0.0007465402700024271
251,22,-0.00019464348520692454
251,23,0.00012537207421647878
251,24,0.00023760526437932583
251,27,-0.20293291010775416
251,29,0.0007011745667746538
251,2,0.00485401506637384
251,6,0.00010126903009233246
251,7,0.0008352411311491892
251,8,3.9704914408744685e-5
252,10,0.00016886960591833144
252,12,0.00033102371319415624
252,14,0.00012039539872166216
252,17,-0.0005428717001585426
252,18,-0.00017050461878298506
252,21,0.0007283638632751277
252,22,-0.000292983716356332
252,23,0.00022393939395648488
252,24,0.0004726114410900095
252,27,0.00022006346858738368
252,29,-3.520984138827288e-5
252,2,-5.9681926510180006e-5
252,6,9.64015725708478e-5
252,7,4.06202681713097e-6
252,8,-0.0003785371398965509
253,10,9.633080845006248e-5
253,12,0.00022548350675766216
253,14,0.00011633499730301367
253,17,0.001818002247488515
253,18,0.06066901381320822
253,21,-0.00014798800620052788
253,22,-0.00020821825631767155
253,23,0.00012009922592159938
253,24,0.00023611183886185216
253,27,0.00019931837991560286
253,29,0.0014163543063485662
253,2,-0.00011916508227471923
253,6,0.00010552692272103315
253,7,1.799083426501369e-5
253,8,-0.00017852351278069278
254,10,-0.00010280929110351167
254,12,6.074323222904354e-5
254,14,0.00011297444899938114
254,17,0.0019089767044979666
254,18,0.029721277529180412
254,21,-8.757774199086299e-5
254,22,-0.00029842478392261285
254,23,0.0012464535149305789
254,24,0.00020029535292920286
254,27,7.382083284213081e-5
254,29,0.0006880506891562277
254,2,0.00017050788058803334
254,6,7.785865301546124e-5
254,7,1.2783159077045525e-5
254,8,-0.0002539746646990082
255,10,0.0005525152045233739
255,12,-0.00027848367231264604
255,14,0.00021676813661386518
255,17,0.0018119964615852524
255,18,-9.296826741689301e-5
255,21,-0.00015475340635529022
255,22,0.0003611551443594152
255,23,0.0011930267350326318
255,24,0.0004927383538175789
255,27,0.00015062063028103978
255,29,0.0014706927292991168
255,2,0.0032813869064476364
255,6,0.0001059676957133604
255,7,0.0004925588318158702
255,8,-0.00020142950100687784
256,10,-0.00011198573067527917
256,12,-0.00032458609214813805
256,14,-0.00027190623596951013
256,17,-0.00015675602585929482
256,18,-0.00016146640632275222
256,21,-9.558914359963921e-5
256,22,0.0002293601259895084
256,23,0.003417082776136837
256,24,0.010003597285208166
256,27,0.000217775792603625
256,29,0.0012954946866079453
256,2,0.003180810621710606
256,6,0.0002578135016149119
256,7,0.0001047715620812184
256,8,6.597854592360619e-5
257,10,-8.942146018231512e-5
257,12,-0.00024912777930108376
257,14,-0.00023095985580567913
257,17,-0.0001270377651314547
257,18,-0.0004877606088227182
257,21,-0.00015296746672710526
257,22,-0.00022201025884083236
257,23,-7.474371726168272e-5
257,24,0.001652880612811991
257,27,0.00018864791687267513
257,29,0.0012221177448745735
257,2,0.003374312958644765
257,6,-0.0001271865687728635
257,7,2.568570545591342e-6
257,8,0.00017557030822157316
258,10,-9.618763248386841e-5
258,12,-0.00031952987949601663
258,14,-0.0003143534115332969
258,17,0.0005100407032072596
258,18,-0.00046157826380621714
258,21,-6.723105746697655e-5
258,22,-0.0003030707561721968
258,23,-4.116643699347833e-5
258,24,6.563426157324415e-5
258,27,0.00011573256166297341
258,29,0.001264841064552158
258,2,1.9299932041860757e-5
258,6,0.0019377169209029432
258,7,8.39257619276168e-5
258,8,-0.00024075675654167128
259,10,0.0001715784891294092
259,12,-0.0002449419400614161
259,14,0.0002630324990020583
259,17,0.0011070771826302561
259,18,-0.0004949516525236675
259,21,-0.0001427216491727279
259,22,-0.00023113986159373212
259,23,0.0012274830984697616
259,24,4.895323254583417e-5
259,27,-0.00022943533730757082
259,29,0.0012143835964977256
259,2,8.528679788089022e-5
259,6,0.0006070583382875583
259,7,-0.000207400494907084
259,8,-0.0002333109571779346
260,10,-0.00027511022694781673
260,12,-0.000324905955418231
260,14,-0.0002814722864377117
260,17,0.0005548934027661545
260,18,-0.00019729978360771838
260,21,0.00010181177367041272
260,22,7.997129355175048e-5
260,23,0.001242843890477019
260,24,1.3045669135181015e-5
260,27,-0.0003093038016741545
260,29,0.0012826246729771285
260,2,1.655023933899713e-5
260,6,0.0002736717574611802
260,7,-0.0001473350613636626
260,8,6.418131695529183e-5
261,10,-0.00020292552433343047
261,12,-0.0002568559892583977
261,14,0.0002654580350363034
261,17,0.0003078162546126251
261,18,-0.00012858395413495316
261,21,-0.00014019339469584224
261,22,0.00022168181154391675
261,23,0.00010330102899303029
261,24,0.001652163181430133
261,27,0.00047829280372191363
261,29,0.0019943133848201455
261,2,0.0003979695728446586
261,6,-0.0002478572909305754
261,7,-0.00011373636393408049
261,8,5.945796804951442e-5
262,10,-0.00027117168767976096
262,12,-0.00032050638727554315
262,14,-0.00030598431758122047
262,17,-0.0003141664275609912
262,18,-0.00020341001588963792
262,21,-8.000314977252287e-5
262,22,0.00016375640023547078
262,23,0.0012428167302447335
262,24,-0.00036998676871569103
262,27,0.00048450111394604534
262,29,0.0013316622902568298
262,2,-0.00013726698588012454
262,6,-0.0001536287786629842
262,7,-0.00018892799734882004
262,8,0.0001061716349592956
263,10,-0.00021971027505074403
263,12,-0.0002641234295959194
263,14,-0.00022667634542905546
263,17,0.0013535505902497746
263,18,3.215051705129923e-5
263,21,3.653283958193754e-5
263,22,3.2441647693559617e-5
263,23,0.0010304040364843559
263,24,-0.00013642439141481333
263,27,0.0008478094475341535
263,29,0.001232729937350463
263,2,-6.888134275406799e-5
263,6,-0.0002446594045233397
263,7,-0.00022061154889208012
263,8,6.359620312146319e-5
264,10,-0.00028118002237498274
264,12,-0.00032330497448906925
264,14,9.77940157440571e-5
264,17,3.346368890433382e-5
264,18,-0.0002016304647911582
264,21,5.542673036895707e-5
264,22,7.060094681943241e-5
264,23,0.000988054416795947
264,24,-0.00020996308959286836
264,27,1.3149808442136646e-6
264,29,0.0013223173972694013
264,2,0.0003652984950246463
264,6,-0.000248769778197655
264,7,-0.0001522454420852526
264,8,0.00010315233795221701
265,10,-0.0002046635830659227
265,12,-0.0002450167586669494
265,14,-9.233129348285019e-5
265,17,3.945015537709651e-5
265,18,-0.00011743390902996254
265,21,-9.400747376986374e-5
265,22,3.0749633818771827e-5
265,23,0.001222601752821184
265,24,-5.0973813810806234e-5
265,27,-5.0883389286937586e-5
265,29,0.0012264799068502086
265,2,0.000373412754171909
265,6,-0.00021876033561074593
265,7,-0.0001749345831543181
265,8,0.0002380225004801062
266,10,7.280398576181568e-5
266,12,-0.00031058942800044065
266,14,-7.804181588699777e-5
266,17,1.9549310070310355e-5
266,18,-8.013751168878258e-5
266,21,4.466828194260586e-5
266,22,0.0003761983323862239
266,23,0.00023998677780667776
266,24,-0.00021175305792198174
266,27,-4.8223246110090656e-5
266,29,0.0013054467966426841
266,2,8.119786803106877e-5
266,6,-0.00024115323969198244
266,7,-0.00027943238058369957
266,8,5.106411901234509e-5
267,10,-0.00028304536742407294
267,12,-0.00017044051446379882
267,14,-0.00011636946489357314
267,17,0.0005382270804101807
267,18,-0.00011570481497180651
267,21,-7.674154170533853e-5
267,22,0.00035973468840477807
267,23,0.00020984266088763803
267,24,-0.00011482574316890037
267,27,0.00041345817868521095
267,29,0.0004020199129550761
267,2,3.465016505099783e-5
267,6,2.6731659614753767e-6
267,7,-0.00025266894439646137
267,8,0.00014601360967780863
268,10,0.0006285839419106765
268,12,0.0002693591997831035
268,14,0.0004991325562695437
268,17,-2.2205379270445746e-5
268,18,-0.00021056376942851784
268,21,-3.145757064348942e-5
268,22,5.1222807070594456e-5
268,23,0.00023870478220633373
268,24,-0.00021250320244714516
268,27,0.0003987700923246962
268,29,-0.0005275975031322488
268,2,4.6131834420926054e-5
268,6,-2.7121672268037855e-5
268,7,-0.0002964733482455628
268,8,-0.0002707312493628322
269,10,-0.00031586705728781084
269,12,-0.00022371226401141087
269,14,0.00044765597280793656
269,17,-0.00017644943473893449
269,18,-0.0001235716607581594
269,21,-5.054272555060635e-5
269,22,-0.000209465326502567
269,23,0.00020641743035554327
269,24,-0.00017092538142549074
269,27,5.49256590289815e-5
269,29,0.0010582994154368919
269,2,0.0007084472562697286
269,6,4.53218537987965e-6
269,7,-0.0019759189190251547
269,8,-0.00017449342221986797
270,10,-0.0002900526146278892
270,12,-0.00031567147432998155
270,14,0.00016229950403534588
270,17,0.0006059696340958709
270,18,-0.00021022111441126867
270,21,0.00027499436256217535
270,22,0.00022126351260087773
270,23,0.00022992440239821832
270,24,-0.0002130089965595161
270,27,2.613376789373234e-5
270,29,0.0011433813376680035
270,2,0.0006113056805610029
270,6,-2.475839610305286e-5
270,7,-3.1486817144710244e-5
270,8,0.00023848066797516054
271,10,-0.0003151650341948198
271,12,-0.00021836981227352226
271,14,0.00013430494920729785
271,17,0.0006128784833210332
271,18,-0.00010947206698652678
271,21,0.0010034584355755882
271,22,1.2142683801563692e-5
271,23,0.0002098990133845291
271,24,-0.0001254683895046682
271,27,5.650331732365288e-5
271,29,0.0010599928459829044
271,2,0.00036311242362430107
271,6,-0.0002325502570528215
271,7,1.4536934500597454e-5
271,8,-0.00018648478820715297
272,10,0.0008192414864138797
272,12,-0.00031652317968866583
272,14,0.00016047554901188477
272,17,6.896964272851136e-5
272,18,-0.0002009245707164098
272,21,-8.743816331691079e-5
272,22,0.0001237294533806832
272,23,0.00019976694775358794
272,24,-0.00021024844854089508
272,27,0.00028178474930751207
272,29,0.0011507127039607212
272,2,0.00030076134599443805
272,6,-0.0002554020109135635
272,7,-2.6599224555390322e-5
272,8,-0.00027746821239471586
273,10,0.00016201616669864194
273,12,-0.00022414144225457733
273,14,0.00017115857416794
273,17,9.162576045884663e-5
273,18,9.647386938205216e-5
273,21,1.9919191532657976e-5
273,22,8.933770563412935e-5
273,23,0.00023780426297292934
273,24,-0.00015195831269565474
273,27,-0.0003375377117462719
273,29,0.0001600162404553629
273,2,0.0003799333307155095
273,6,-0.0002338507375148069
273,7,6.884176232535566e-5
273,8,-0.0002045808104282898
274,10,-0.0006078540351825978
274,12,-0.0005701333117986707
274,14,-0.00030172171257447644
274,17,6.12065042338017e-5
274,18,0.00026832270319054885
274,21,-0.00015398614858419535
274,22,0.00012460948426973317
274,23,0.00021173990263356757
274,24,-0.00020809477917804742
274,27,-0.0002771114933004526
274,29,0.00011045519056107622
274,2,0.0018663246879411233
274,6,-0.00011891124585705626
274,7,0.00046626681897077304
274,8,0.00023523400245295534
275,10,-0.0005525920509139581
275,12,-0.0005997642339110598
275,14,-0.0002572600689276783
275,17,8.956213586852613e-5
275,18,0.00012536299203258494
275,21,-9.426272504065025e-5
275,22,0.00015441928508330705
275,23,0.00043172570893812434
275,24,-0.00013405088692053369
275,27,-0.0003444598097690488
275,29,0.0001583009561638704
275,2,0.00013611693433279726
275,6,-0.0001930224905182243
275,7,0.00048105237712814386
275,8,-0.00017926496022635519
276,10,0.00035266901845165677
276,12,-0.00025457761405167645
276,14,0.0007519123583055176
276,17,0.00024744093158179936
276,18,0.00012253416459806488
276,21,-0.0001568201096890931
276,22,0.00010008807877515125
276,23,-0.001578747641195477
276,24,-0.0002015019303929222
276,27,-0.00024772924390426
276,29,0.000130963197466194
276,2,7.118508275461011e-5
276,6,-0.0001325191755805477
276,7,-0.0013320836703671901
276,8,-0.00027769849112857514
277,10,4.9526884278172645e-5
277,12,4.2209871373266594e-5
277,14,0.0022103425062844906
277,17,0.0001176808599137047
277,18,0.00017731683295707512
277,21,-9.630943403049486e-5
277,22,0.0001970759329283922
277,23,0.0012059698255431073
277,24,-4.637092401971188e-5
277,27,-0.00033619355484670876
277,29,0.000160827272778441
277,2,0.0001219135699672691
277,6,-0.00013501427101569874
277,7,0.0002720966379783363
277,8,-0.00021487213843318642
278,10,6.912294188587964e-5
278,12,5.5553723044887704e-5
278,14,0.00010170738855475037
278,17,-6.448620728960464e-5
278,18,0.00014200326161795118
278,21,3.063245027945527e-5
278,22,-0.0002766981797499568
278,23,0.0012775138950766873
278,24,-0.00015484525120790238
278,27,-0.00025279827312907344
278,29,0.00013572573118381115
278,2,7.319401179550766e-5
278,6,0.00010670406414003963
278,7,0.00023637836291090508
278,8,-0.0002756538476358372
279,10,4.6701457417697156e-5
279,12,3.5175304297752064e-5
279,14,7.56300548703237e-5
279,17,-5.731799180175301e-5
279,18,0.00016594602283337423
279,21,2.1917731316989375e-5
279,22,-0.0002050228249332875
279,23,0.0012071316680826172
279,24,-7.363089984746551e-5
279,27,-0.00035167688125437024
279,29,0.00016568855029319707
279,2,0.00012269226734673566
279,6,0.0006330959285554272
279,7,0.0005019231364133958
279,8,-0.0002432957006170966
280,10,7.683247129719462e-5
280,12,5.4943054380807155e-5
280,14,0.00010151191031493312
280,17,0.00010996659893880434
280,18,-0.0002601267095814208
280,21,2.257515744741312e-5
280,22,-0.0002762503499669222
280,23,-1.776212108151043e-5
280,24,-0.0002451698672425451
280,27,-0.00029042172537430133
280,29,0.00013573654375864663
280,2,7.347747622787892e-5
280,6,-0.0003666145116785202
280,7,-0.0008584266862250445
280,8,-3.7970675765386375e-5
281,10,-0.00017589861989097955
281,12,-0.00026244600385449957
281,14,6.959334196299238e-5
281,17,-0.0005100764170995475
281,18,-0.00016677973401613144
281,21,-9.43801862165472e-5
281,22,0.00014477742784269054
281,23,1.9196382330832762e-5
281,24,0.00021096780328377918
281,27,-0.0003459160455436816
281,29,0.0012847181812887243
281,2,0.0019821051311126325
281,6,0.000544308451478237
281,7,0.00025710462329975314
281,8,-0.00010043497668554835
282,10,-0.000282318787760083
282,12,-0.00035403975501591134
282,14,7.269665441267392e-5
282,17,0.00024117824608183014
282,18,-7.385164140316647e-5
282,21,-0.000152932102524872
282,22,-0.00017352392215297385
282,23,-1.2199503216514529e-5
282,24,-0.0006669997306234521
282,27,-0.0002829238697170666
282,29,0.00021327154270078807
282,2,4.5806526382641266e-5
282,6,-0.0009068939767145068
282,7,-0.00013022690702513273
282,8,5.655018342842766e-5
283,10,-0.0002072228766856199
283,12,-0.00027057597888369145
283,14,8.917099795358041e-5
283,17,0.00021483771114283456
283,18,-0.0001677101640096268
283,21,-8.797533044102579e-5
283,22,0.00011249346280894912
283,23,-0.0004758512619220667
283,24,-0.00020758157894373852
283,27,-0.00035487594065042316
283,29,0.00015178477744548502
283,2,-8.099522306714846e-5
283,6,-0.0001333244625065788
283,7,-0.00011128929346249095
283,8,4.548725022957001e-5
284,10,-0.0002892445256330589
284,12,-0.016510117935581547
284,14,-0.00028253326440452753
284,17,0.00022475913227193445
284,18,5.268440483341408e-5
284,21,-0.000430174952105844
284,22,9.210142430937651e-5
284,23,-1.0049912661180826e-5
284,24,0.0012285649560688228
284,27,-0.0002635376781032761
284,29,0.001233113371244876
284,2,-9.989140941346619e-5
284,6,-8.34691640321239e-5
284,7,-0.00020560839489913718
284,8,-0.00011985112100898476
285,10,-0.00020620196605136698
285,12,-0.00027239117678767855
285,14,0.00034757507355376305
285,17,-8.25275579519058e-5
285,18,0.0009614075858914717
285,21,-9.163548734836269e-5
285,22,0.00020691717311827063
285,23,0.00012833830808478552
285,24,-0.0006750482526136636
285,27,-0.00033824519521186147
285,29,0.0012898377770511615
285,2,0.0009881800934392615
285,6,0.00037446087757064817
285,7,-0.00039958538615980643
285,8,-0.0001455280226023703
286,10,5.542694958737826e-5
286,12,-0.0003471570637021415
286,14,-0.00029196783827156736
286,17,5.396748272623597e-5
286,18,0.0009309933020080763
286,21,-0.0001576369169073999
286,22,-0.00029855003887746534
286,23,0.00013553772401575515
286,24,0.0003922917160439354
286,27,-0.0002608010016382778
286,29,0.001234155970180062
286,2,0.0010703947258727808
286,6,-0.001218389564628275
286,7,-0.00018387902595762284
286,8,-0.00028509838351187256
287,10,-5.38427633989258e-5
287,12,-0.00026876760254879173
287,14,-0.00031556080798900155
287,17,0.00020094783598256782
287,18,0.0009668056881153575
287,21,-9.656510485456238e-5
287,22,-0.0002299475926710315
287,23,-0.0003906266861095631
287,24,2.211684697694949e-5
287,27,-0.00034834857539056685
287,29,0.0012783940711553754
287,2,0.0010052188831011222
287,6,0.0002161982606656565
287,7,-0.00010887017535221588
287,8,-0.00025491265764898685
288,10,5.223585127112074e-5
288,12,-0.000333329160686624
288,14,-0.0002345760065090019
288,17,0.00017313499519389097
288,18,0.0009296333955273184
288,21,-0.00015260470552913574
288,22,-0.00029644945402473866
288,23,-0.00040386234298406265
288,24,-1.1242548253243001e-5
288,27,-0.0002623591774577605
288,29,0.0012178043411337214
288,2,-0.00012409591756235017
288,6,0.0002145733705765096
288,7,-0.00017918158880103618
288,8,-3.1060811394034715e-5
289,10,3.096842823335777e-5
289,12,-0.0002817300420083768
289,14,-0.00031880336299838774
289,17,3.6331586947824235e-5
289,18,-0.00034413828995383255
289,21,8.328767169274442e-7
289,22,0.0002669986327488161
289,23,-0.00017442051517413404
289,24,-2.3357395522616287e-5
289,27,-0.000338943940334957
289,29,0.0013115418637754672
289,2,-7.414268177718952e-5
289,6,6.225895287759187e-5
289,7,-9.830829865276058e-5
289,8,3.300033368613953e-5
290,10,-0.0002626874394247025
290,12,0.00014945304431357442
290,14,-0.00026207222409535547
290,17,0.00017965220710625118
290,18,6.420627536041223e-5
290,21,-0.00016742021365523385
290,22,0.0001430075261179553
290,23,-0.0001845774210567086
290,24,8.453469430946825e-5
290,27,-0.00023915248941186462
290,29,0.0012282536732675098
290,2,0.001293921607298465
290,6,4.0832693993131386e-5
290,7,-0.00013675128730294972
290,8,-2.8061619160801854e-5
291,10,-0.0002039718070490082
291,12,0.00011664442341885461
291,14,-0.00031792085988513463
291,17,3.490318584464802e-5
291,18,-0.00013961872436318856
291,21,1.2666501542746289e-5
291,22,0.00023098151851019821
291,23,-0.00016666156195022097
291,24,0.00018544172523782265
291,27,0.00031096848245315556
291,29,0.0012714959518431712
291,2,0.0012283764411957776
291,6,3.1579062610198605e-5
291,7,-2.7051986826620578e-5
291,8,-0.00021401982102187134
292,10,-0.0002688523652558672
292,12,0.00014976621901929832
292,14,-0.00023357170117765946
292,17,0.00017731154798639182
292,18,-0.00010009056690840623
292,21,4.556548584222497e-5
292,22,-0.0002979179055069281
292,23,-0.00017481090758231232
292,24,-0.0001367738641153693
292,27,-3.100407940248573e-5
292,29,0.001221732933139208
292,2,-0.00011788406770474325
292,6,5.6446201772253346e-5
292,7,-5.550668792153601e-6
292,8,-0.000290578001016506
293,10,-0.00021369065538756615
293,12,0.00012088479923910711
293,14,-0.0003204913482806049
293,17,0.00019969277978759692
293,18,-0.00017918221479984453
293,21,-9.159026662608483e-5
293,22,-0.00025147520948021196
293,23,-0.0003931749860726086
293,24,-0.00014832137020359681
293,27,0.0005068833830081942
293,29,0.0013059818741876228
293,2,0.0012306235233845442
293,6,-1.9713639880514222e-5
293,7,0.0007230620731109028
293,8,0.00012987450054158245
294,10,-0.0002686816875954179
294,12,0.00013060148298471574
294,14,-0.00023722920671165326
294,17,0.00013742953319528795
294,18,5.730962530314798e-5
294,21,-2.2458757709564736e-5
294,22,-0.0003089625822401132
294,23,-0.0003789484500611451
294,24,-0.00015984551044834205
294,27,-0.0002342359092466495
294,29,0.0012291008255882474
294,2,0.00047772928459455244
294,6,-0.00019067318920651388
294,7,-0.0008240768233491735
294,8,9.501456974714273e-5
295,10,-0.0001796101260147509
295,12,0.0004104134170335172
295,14,-0.00031435692093051415
295,17,-0.0014481738157634538
295,18,-0.00017120487860111666
295,21,-2.8150382407332586e-5
295,22,-0.00023465274864875596
295,23,-0.0004010035950487989
295,24,0.0001146202727655421
295,27,-0.0003101584137512603
295,29,0.0012784106975045617
295,2,0.00011118263767251335
295,6,-0.000149540267755377
295,7,-5.3469863276589535e-5
295,8,5.59227560543718e-5
296,10,-0.0002605605955894319
296,12,0.00012078829497141896
296,14,-0.0002454709153321133
296,17,-0.0013637283565479663
296,18,0.00011206362639981648
296,21,-2.0809842365743236e-5
296,22,-0.0003089321312153004
296,23,-0.0003815843022536569
296,24,-0.00022344629856974052
296,27,-0.00085086867040296
296,29,0.001232588121730771
296,2,7.723057246078469e-5
296,6,-0.00018899096336699728
296,7,-0.00015310906120014067
296,8,9.048215839957408e-5
297,10,0.0002336797732001017
297,12,0.0001436707373230206
297,14,-0.00032491314669957916
297,17,-0.00079817943460192
297,18,-0.000673132490698336
297,21,3.5509000144706704e-5
297,22,-0.00019074339568536658
297,23,-0.00018919702887565393
297,24,0.0004669456103112424
297,27,0.00033014180368251544
297,29,0.0013164390731104092
297,2,0.00011431925122717956
297,6,-8.540519372957078e-5
297,7,-0.00041968975205719516
297,8,6.602416522571986e-5
298,10,-0.0002536313561689596
298,12,0.0001327353073925508
298,14,-0.00023486261999661195
298,17,-0.00013012898388975458
298,18,8.001817245162357e-5
298,21,-0.0016858036259348452
298,22,7.998889906613016e-5
298,23,-0.00017772598711118803
298,24,-8.533894217066518e-5
298,27,-0.0002286361600924991
298,29,0.001224232766960931
298,2,7.714006626446945e-5
298,6,-0.00019850917268016133
298,7,-0.0005030979015083759
298,8,5.828641732108508e-5
299,10,-0.00021480659778827516
299,12,0.00014479967447744713
299,14,-0.00030615065141947895
299,17,1.4173859316457538e-5
299,18,-0.00018105674659985027
299,21,0.00023245972614560628
299,22,0.0002782553702784796
299,23,-0.000203468386827943
299,24,-0.00014521005566692224
299,27,-0.0002979090943595608
299,29,0.0012982605315254858
299,2,0.00011306180885739536
299,6,-9.542242505400367e-5
299,7,0.0004653745156799616
299,8,-0.0002533552605203937
300,10,-0.0002709595993639624
300,12,0.00012367001203728023
300,14,-0.0002431451843216692
300,17,0.0001735637856699057
300,18,0.00010807887782249281
300,21,-0.00031401262253183404
300,22,7.002667388533723e-5
300,23,-0.00017579806078593663
300,24,-0.000785864432988781
300,27,0.000317599767138077
300,29,0.0012210965139338725
300,2,0.0015342472783279604
300,6,-0.00019310147949269663
300,7,7.717646210725349e-5
300,8,-0.00031930566737248256
301,10,-0.00015385150980495865
301,12,0.0001457793582835265
301,14,0.0003516355661457027
301,17,-0.00014699931830186586
301,18,-0.00021613082823801477
301,21,5.691558181109002e-5
301,22,6.604831250633936e-5
301,23,-0.00018950022794861354
301,24,0.002588513563185124
301,27,-0.00029112585008039815
301,29,0.001287134974742088
301,2,0.0005929665236115156
301,6,-0.00014647290863933904
301,7,1.56834273719042e-5
301,8,-0.0002386536337235512
302,10,0.0003405442571988715
302,12,0.0001133625156768403
302,14,-0.0002683747610383591
302,17,-6.0727681285399626e-5
302,18,-0.00024122072259036287
302,21,8.777612422505854e-5
302,22,7.798115940538253e-5
302,23,-0.0003844210004979587
302,24,-0.0003838943859388877
302,27,-0.00022538861309673308
302,29,0.0012317978277742725
302,2,-0.00010795295343868361
302,6,-0.00019370412317343266
302,7,6.239635692573131e-5
302,8,-0.0003246359103075136
303,10,-0.000756586850406471
303,12,-0.0002010229923339324
303,14,-0.0003173683451054288
303,17,-0.0001577576145619375
303,18,-0.00018640348377019222
303,21,5.4945939542250244e-5
303,22,9.112818615708562e-5
303,23,0.00025025423110580647
303,24,-2.9778151441561818e-5
303,27,-0.0003114143642335421
303,29,0.0013037054722433439
303,2,0.0009509415097150864
303,6,-0.0001247306812883764
303,7,0.0002775250576183552
303,8,-0.00023823631622832409
304,10,-0.0002683658882318696
304,12,-9.673743715588046e-5
304,14,-0.00034534560216492594
304,17,-6.365147240305902e-5
304,18,-0.00011514007384150204
304,21,-7.858917136349675e-5
304,22,0.00019413731024986447
304,23,-0.00038190133049109676
304,24,-0.00027886794798082093
304,27,-0.00025607198716759427
304,29,0.001229403731479728
304,2,0.006390783090362007
304,6,-0.00020159893934312834
304,7,0.00015779253818681838
304,8,-0.00032518221293731386
305,10,-0.00019903334734028277
305,12,-8.16736257212014e-5
305,14,5.353311843592223e-6
305,17,-0.0001558945818933566
305,18,-0.00019455142178248508
305,21,0.00020093405062393543
305,22,-0.00023965158554428712
305,23,-0.00018482162563948634
305,24,-0.00021449501645953717
305,27,-0.00031897399332869725
305,29,0.0013184486631114822
305,2,0.006409439426910524
305,6,-0.00013956515229196498
305,7,-0.00031618840245428714
305,8,-0.000259995224611842
306,10,-0.0002690257226136694
306,12,-0.00039267513414920074
306,14,-4.568941456284392e-6
306,17,-6.482121169337773e-5
306,18,-0.00011455394256909557
306,21,-0.00015678105721050883
306,22,-5.897654118314222e-5
306,23,-5.2660389124881135e-6
306,24,-0.0002948233390869248
306,27,-0.00024926253629065087
306,29,0.0012332471461640182
306,2,0.0010026969786673945
306,6,-0.00019378617587495484
306,7,0.00040042402427609147
306,8,-0.0003301777932520622
307,10,-0.0002037304039035348
307,12,9.349239904477002e-5
307,14,1.6803029659229196e-5
307,17,-0.00015574678303043044
307,18,-0.00018519485451840012
307,21,-0.00011677957198230615
307,22,-0.00045506540702966447
307,23,-2.9070013551013574e-5
307,24,-0.00021430197996252787
307,27,-0.00029948587260619774
307,29,0.0010454230254097752
307,2,0.00014642989217961144
307,6,-0.00010037411141716746
307,7,-0.0003175528058729782
307,8,-0.0002368417829829994
308,10,-0.00026684306591828744
308,12,-0.00039520203391507636
308,14,1.8017051237606552e-5
308,17,-7.638327661307898e-5
308,18,-0.00012267105373986453
308,21,-0.0001857894957097983
308,22,2.347158326632126e-5
308,23,-0.00021513237096204563
308,24,-0.00029298637233399205
308,27,-0.000338773264562775
308,29,0.0010743010824816324
308,2,0.00017374132670600062
308,6,-0.00016071879198964467
308,7,-0.0003872954013175445
308,8,-0.0003277293540078219
309,10,0.0014898622375207893
309,12,-0.00036970540921377193
309,14,-0.00026146137498894717
309,17,-0.0001544213064610389
309,18,-0.00019464797958068658
309,21,-0.0005327870037588056
309,22,9.055575134198079e-7
309,23,-0.00016591914608810043
309,24,-0.000213878246013266
309,27,-0.00021230557970053354
309,29,0.00077224979533419
309,2,-0.0001649255770921343
309,6,0.00016048210373220684
309,7,0.0002510609779164952
309,8,-0.00023883090785137284
310,10,-0.07850216298579049
310,12,1.246394897247427e-5
310,14,-4.225757253095708e-5
310,17,-0.00036565311767322584
310,18,1.3409899371374934e-5
310,21,0.0017125882500188538
310,22,1.8266923863308193e-5
310,23,0.000181826314086031
310,24,-0.00029656900857943924
310,27,0.0010992215247851433
310,29,0.0010769708673308287
310,2,0.001051527557292431
310,6,-7.966994170072184e-5
310,7,0.00017051595632278094
310,8,-0.00033198768891296027
311,10,-0.0001384793027101594
311,12,-0.00022943122185470344
311,14,-0.0001156886769209109
311,17,-0.00034216181333945883
311,18,-0.0001810800187680428
311,21,-7.640817994492011e-5
311,22,0.00019216663932208888
311,23,-0.00025823767229837813
311,24,-0.00020164112499543307
311,27,0.0004126267955699703
311,29,0.0010585428595950575
311,2,0.00016884804215067106
311,6,-5.4848903206838884e-5
311,7,-0.00038536578341119565
311,8,-0.00027663488161788763
312,10,0.00010996653940420487
312,12,3.831080729277403e-5
312,14,-0.00019173464620436675
312,17,-0.000128063008370205
312,18,-0.00014988347305866512
312,21,0.0030053459670433824
312,22,-0.00031282479105509964
312,23,0.00015867639626065966
312,24,-0.00027927231908897454
312,27,0.0002569827893266208
312,29,0.0008513305063075904
312,2,0.00013959729321211256
312,6,-0.0002806908057548796
312,7,0.0006065185197385858
312,8,-0.00032632150186273634
313,10,9.731810536628416e-5
313,12,-0.000431993024059274
313,14,-5.210820046297471e-5
313,17,-0.0002023789060672243
313,18,-0.0001876593443697061
313,21,0.0031118745052403085
313,22,-0.00023064173301445834
313,23,-0.0003999992477883296
313,24,-0.000238270558968523
313,27,0.00011085929426357666
313,29,0.0019755805831058737
313,2,0.00017550287263290443
313,6,0.0013667188527897167
313,7,-0.0004220938454650991
313,8,-0.00023426140969107223
314,10,-0.00017211819835871722
314,12,-0.0003311281616378281
314,14,-7.650653086521686e-5
314,17,-0.0001245630773727413
314,18,-0.000297207578548786
314,21,-0.0003952360509371644
314,22,-0.00030862502634043665
314,23,-0.00042726932266656803
314,24,-0.0002816442578099654
314,27,7.782377895715342e-5
314,29,0.0018788695589142534
314,2,0.0001385295321734148
314,6,0.0011821277936032715
314,7,-0.0004019276579709796
314,8,-0.0003246719511560414
315,10,9.035322322681338e-5
315,12,-0.00041991149074060985
315,14,-9.613286064968918e-5
315,17,-0.0001505116784086269
315,18,1.5443952113614046e-5
315,21,-0.0005158111472374216
315,22,-0.00025349574894484306
315,23,-0.00026813953688087366
315,24,3.6402905128518626e-5
315,27,0.00010795058358059606
315,29,0.0013098740148276278
315,2,0.00017257134739878666
315,6,-0.00024437301123647615
315,7,-0.0003296990966887847
315,8,-0.0002357406250119709
316,10,-0.0002825331584190849
316,12,6.054479032702176e-5
316,14,0.0001953902160449772
316,17,6.525881510466292e-5
316,18,2.6840841221620337e-5
316,21,-9.636015714509227e-5
316,22,-0.0003116059849936903
316,23,5.311980508526659e-5
316,24,0.00010273793310933144
316,27,6.163244593793138e-5
316,29,0.0012287661433587616
316,2,0.000140066138738959
316,6,6.5879607185515e-5
316,7,0.0011754169115869573
316,8,-0.00032385021245051604
317,10,-0.00019941939331236114
317,12,6.883377846911287e-5
317,14,6.849174516698753e-5
317,17,-0.00019114896176208873
317,18,3.93891173491312e-5
317,21,-0.0001121092084446218
317,22,-0.00022633811321437491
317,23,0.001137225120819707
317,24,0.0005796526568859761
317,27,0.00012684008741370434
317,29,0.0013021530812435955
317,2,0.0011779695995608463
317,6,-4.402972500283653e-5
317,7,0.0009443841447849266
317,8,-0.00025668779085474824
318,10,-0.00029014112107272894
318,12,7.896192235889998e-5
318,14,-0.0001103591138384985
318,17,-7.540357878799142e-5
318,18,0.00016290017524411837
318,21,0.00015974657990991403
318,22,-0.00031294773124113107
318,23,0.0012812902887002764
318,24,2.0962922004486018e-5
318,27,-0.0003748904202636183
318,29,0.001231722124661161
318,2,-0.00011162646408102717
318,6,-0.00018365037651069116
318,7,0.000233305081378532
318,8,-0.00032589491933343595
319,10,-0.00021308452047730242
319,12,6.455964569074268e-5
319,14,0.0003824587348395525
319,17,0.0003871122071021915
319,18,0.0017998659683282625
319,21,0.0001151376200683174
319,22,-0.00023739166917469134
319,23,0.0019266709859646625
319,24,6.0691221657194205e-5
319,27,-0.0003049674198782881
319,29,0.0013183021734581857
319,2,-0.0001601139128357687
319,6,-0.0002504878554203671
319,7,0.00021211720726999062
319,8,-0.0002563433502604795
320,10,-0.00029296114190202616
320,12,7.836798189053695e-5
320,14,-3.860370466668428e-5
320,17,0.00032021005176208206
320,18,0.003739407719622889
320,21,0.00013584129316868143
320,22,9.359877378667392e-5
320,23,0.003996585760639881
320,24,0.0002635289300636501
320,27,-0.00038058619820446893
320,29,0.0012248080197210243
320,2,-0.00012416801166992286
320,6,-0.0001414689156549187
320,7,0.00022842024617730772
320,8,-0.0005071148429269812
321,10,-0.00022472079427160452
321,12,0.00012854801452455433
321,14,0.0001012986110051628
321,17,-0.00014954238859221647
321,18,0.003837172698075264
321,21,0.00011566827334519303
321,22,0.00023441961332348882
321,23,0.0010883046379603911
321,24,-0.0002829465748392934
321,27,-0.00031978554532852144
321,29,0.0013033261146606634
321,2,-0.00015832487042555243
321,6,-5.6270252241752416e-5
321,7,0.00020586918236098484
321,8,-0.0005231914433148077
322,10,-0.00029207651815887914
322,12,0.00015545502436165037
322,14,-0.0001662490118263804
322,17,-7.370111567883697e-5
322,18,-0.00015663695588052917
322,21,0.0001341265872163433
322,22,0.0001702377953938239
322,23,0.0013150700206656651
322,24,-0.00022864134191813434
322,27,-0.0003806729869912928
322,29,0.0012279308938847322
322,2,-9.462672689686258e-5
322,6,-7.388673824682002e-5
322,7,-0.00010307110793128516
322,8,-0.0005079751243037833
323,10,-0.0002013081557503682
323,12,-0.0009154179125898665
323,14,-0.00036383860446687066
323,17,-0.0001516079033736517
323,18,-9.634626472632135e-5
323,21,0.00010315070718291963
323,22,0.0002643100584762692
323,23,0.0006007267820766771
323,24,-0.0008563533019758651
323,27,-0.000236439264857502
323,29,0.00025044593577039365
323,2,-0.00014131551172624768
323,6,0.000507602431172316
323,7,-2.4812339430191344e-5
323,8,-0.00012859440244561426
324,10,-0.00028540463590065457
324,12,-0.0003748649377905977
324,14,-0.0002928545991807141
324,17,-7.254680201018715e-5
324,18,-0.00015977638959441265
324,21,0.00013619788318930404
324,22,0.0001716064821160046
324,23,-0.000437354554896352
324,24,-4.773534768087728e-5
324,27,-0.0002220454643264702
324,29,9.808105794562039e-5
324,2,-5.940089311007313e-5
324,6,-0.00023041796965284078
324,7,-0.00011586594341927992
324,8,-0.0003109602304958159
325,10,-0.00019386265858400975
325,12,-0.00011150732411646658
325,14,-0.0003680922407403031
325,17,-0.00015288694203885456
325,18,-2.9048018249433483e-5
325,21,2.7374248396938583e-6
325,22,0.00027413079729310397
325,23,0.001179090138890615
325,24,-0.003486078602801257
325,27,-0.00025692483922235
325,29,6.439792603707417e-5
325,2,-0.00015413945282727326
325,6,-0.00013084438425448042
325,7,-4.010622474570624e-5
325,8,-0.0002692292299473209
326,10,-0.0002847238045662337
326,12,0.00013413849991383842
326,14,-0.00029332149493566106
326,17,-6.619335705959628e-5
326,18,0.013806030228233013
326,21,-0.00015144049157456152
326,22,0.00017691635054006838
326,23,0.0001337699517209856
326,24,-5.176358470659892e-5
326,27,-0.0003161206876667322
326,29,9.892790076548863e-5
326,2,-6.268664875896945e-5
326,6,-5.6989513246286094e-5
326,7,-0.0001111949856609229
326,8,-0.0003398403139041051
327,10,-0.000193580742659627
327,12,-6.489680287202759e-5
327,14,-0.000369215798902367
327,17,-0.00015249565095665218
327,18,-0.002310024241645614
327,21,-7.034892230439738e-5
327,22,9.969009454735556e-5
327,23,-0.00044780366292851426
327,24,-0.0008520199250900973
327,27,-0.00027405413827619185
327,29,5.910899220040733e-5
327,2,-0.00014736187571351422
327,6,-0.00019686171032162747
327,7,-2.9802634903042247e-5
327,8,-0.00026176811153622026
328,10,-0.00028629937887281187
328,12,6.073323237210104e-5
328,14,-0.00029148617912344577
328,17,-8.712279674316648e-5
328,18,-0.0021895070418791462
328,21,-0.0001640969537248793
328,22,0.00016717923002307344
328,23,-0.00046917841562876816
328,24,-0.00022275495012280544
328,27,-0.00031380809748249305
328,29,0.00020429057876381052
328,2,-8.620226626376848e-5
328,6,-0.00013188829083343734
328,7,-0.00015394596613660383
328,8,-0.00033454839529767355
329,10,-0.0001999547912054922
329,12,-0.0003309263812933949
329,14,-0.000366632724811744
329,17,-0.00015476529028823904
329,18,-0.002167633799122548
329,21,-9.525238699215066e-5
329,22,0.00015833895438444046
329,23,-0.00044415017766308296
329,24,-0.00030318596400036313
329,27,-0.00022157507790598885
329,29,0.0011772922841197797
329,2,-0.0001497508861003638
329,6,-0.00019364878296190824
329,7,-0.0001026214008605919
329,8,-0.0002869518454806652
330,10,0.0004132772654381611
330,12,-0.00024633059941869817
330,14,-0.00028087786788777436
330,17,-9.483586697545121e-5
330,18,-0.0005346840177535839
330,21,-0.00016641169189934857
330,22,9.171336068725111e-5
330,23,9.881792220056695e-5
330,24,-0.00022143701784038683
330,27,-0.0003067380437116185
330,29,0.0012776209001037486
330,2,-8.447101560360437e-5
330,6,-0.0001128659911149299
330,7,-0.00036699612627089095
330,8,-0.00014896138124598224
331,10,-0.0007251883578751617
331,12,-0.000333796871280434
331,14,-0.0003702569528716282
331,17,-8.28023859558158e-5
331,18,0.0001701926524546593
331,21,-9.117394804558643e-5
331,22,-0.00023191692271051778
331,23,-4.113983309839142e-5
331,24,-0.0002579055236413552
331,27,-0.0002062724866300769
331,29,0.0033571078704310864
331,2,-0.00016304076225104325
331,6,-0.0002013731563001997
331,7,0.000316390135456146
331,8,-0.00017476632705282213
332,10,8.112207862343013e-5
332,12,-0.0002480796093085047
332,14,-0.0003077730570160142
332,17,0.0001225382655789531
332,18,0.0002295407958561313
332,21,-0.0001703378759101426
332,22,-0.0003024019419397561
332,23,-0.0013590727158474536
332,24,-0.00039298597924553036
332,27,-0.00031742220101627083
332,29,0.001216182762760809
332,2,-9.026852346938341e-5
332,6,-0.00012841059750101635
332,7,-2.6654582273799576e-5
332,8,0.0002218212135085551
333,10,0.00020368338519283213
333,12,-0.0003328873142613986
333,14,9.744209222350975e-5
333,17,9.445233762406247e-5
333,18,-0.00015877727310087408
333,21,-9.742439503579448e-5
333,22,-0.00022155136001789089
333,23,-3.6600042794709964e-5
333,24,-0.0002381560384723258
333,27,-0.0002609499790224845
333,29,5.136335330746533e-5
333,2,-7.035942106359272e-5
333,6,-0.00020433810717523926
333,7,-0.00011721105780448937
333,8,0.01279813173957045
334,10,-0.00026764592044514757
334,12,-0.0002550999999213488
334,14,-2.3354086153837272e-5
334,17,7.004505698926522e-5
334,18,-9.917119701086108e-5
334,21,-0.0001714033111053226
334,22,-0.0002941592873799692
334,23,0.00011008077586804887
334,24,-0.00020194999937839242
334,27,-0.0003137722517196906
334,29,3.254071384173329e-5
334,2,-7.483952780873437e-5
334,6,-0.0001348322873928609
334,7,-9.280248328114027e-5
334,8,0.012734121945675803
335,10,-0.00019013721528793326
335,12,-0.00015181820494802878
335,14,-8.959909506778274e-6
335,17,0.00013375194732212492
335,18,-0.0001795274004816605
335,21,-0.00011172786094970633
335,22,-0.0018634744537706638
335,23,-0.00044575264098778433
335,24,0.00021965278550961642
335,27,-0.0002075943677786185
335,29,4.12454151792474e-5
335,2,-7.084595022988083e-5
335,6,-0.0002262965508128545
335,7,-0.00011419240230381433
335,8,-0.00024812941337248873
336,10,-0.00028346814397206543
336,12,-7.815159629842583e-5
336,14,0.0002223934436065278
336,17,-0.01162190479247105
336,18,-3.0195030396029665e-6
336,21,-0.00017007243165600983
336,22,-0.0002070942039793522
336,23,-0.00046257129418680876
336,24,-0.00016513669991713442
336,27,-0.00031378328581777026
336,29,1.9629730460657413e-5
336,2,-4.303144083550592e-5
336,6,-0.0003518066417687038
336,7,-0.00025637013311197165
336,8,-0.0001950780467243618
337,10,-0.000203295631454381
337,12,0.00012198239173510927
337,14,-0.0003419002716142927
337,17,0.00024129464589606187
337,18,0.06877353041443346
337,21,-0.00010348270954185779
337,22,-7.980084136605115e-5
337,23,-0.0004729313932116952
337,24,-0.0002453073448798193
337,27,-0.0002573687584028761
337,29,0.00226268294458265
337,2,-0.00012485811246065737
337,6,-0.0001897756523918659
337,7,-0.00017419156950904124
337,8,-0.0005648340546979824
338,10,8.322696892815173e-5
338,12,-0.00019151384466553623
338,14,-0.0002475349417778716
338,17,0.0001478633783902339
338,18,-0.0001567733231411239
338,21,-0.00016637992527890333
338,22,-6.045915147279146e-5
338,23,-0.0004697099416750561
338,24,-0.0001590653047953694
338,27,-0.00030906947472075785
338,29,0.003838449553456691
338,2,-6.0417716293947876e-5
338,6,-0.00013350641121512297
338,7,-0.0003238306832038518
338,8,-0.0002612750360411198
339,10,-0.0007241680491896219
339,12,-0.0004365494128970582
339,14,-0.00032936903561875397
339,17,4.216584865002204e-5
339,18,-0.00020433413930120992
339,21,-0.00010186565595571295
339,22,-0.0002116152524411774
339,23,9.074326086988549e-6
339,24,-4.4249921712591345e-5
339,27,-0.00024151146075190866
339,29,0.0033709741397212056
339,2,-0.05171154144772583
339,6,-0.0003058571481080463
339,7,-0.00019469497792279356
339,8,6.255324434434328e-5
340,10,0.0003954071307470386
340,12,-0.0003562561037986356
340,14,-0.00026421315265690026
340,17,5.34211140399421e-5
340,18,-0.00012501267069708888
340,21,-0.00016814768765538446
340,22,-0.0002967298852221134
340,23,9.019160882051125e-5
340,24,-5.612113307762456e-5
340,27,0.00029684511432304106
340,29,0.0011677981624815814
340,2,0.0014970828472788966
340,6,-0.0003427988856854469
340,7,-0.00022171131563197832
340,8,0.00014799707009149898
341,10,0.0003034961889740728
341,12,-0.00037003893915876773
341,14,-0.0003356519878172648
341,17,5.3430514811658725e-5
341,18,-0.00020004920883565092
341,21,-9.887584988810261e-5
341,22,-0.00023072148641478663
341,23,0.00010707283802080525
341,24,0.0010205738978852352
341,27,-0.00023966696916932761
341,29,-4.744220438634983e-5
341,2,0.0006042046113492461
341,6,-0.0001619058519670702
341,7,-2.9585498087847384e-5
341,8,0.0002488812996936929
342,10,0.00032510057427170835
342,12,-9.548687195248817e-5
342,14,-0.00024999575913486893
342,17,5.396224156939411e-5
342,18,-0.00012509918923964136
342,21,-0.00016543668750745866
342,22,-0.0003007944823609776
342,23,5.479737356317571e-5
342,24,0.0010884866585954
342,27,-0.0003204500599292004
342,29,-0.00016049795277162104
342,2,-5.3752283196040196e-5
342,6,-8.800272297371237e-5
342,7,-0.00011834922804432324
342,8,0.00015331602593615656
343,10,6.35189222224497e-5
343,12,-0.00031458147777119194
343,14,-0.00032768878747191366
343,17,7.699001273486772e-5
343,18,-0.00020285696070043713
343,21,-0.0001047570139416365
343,22,-0.0002366920502376857
343,23,-0.00021389197884147393
343,24,0.0003570005802284726
343,27,-0.0002505255754767788
343,29,-5.139084864147492e-5
343,2,-7.116467156809136e-5
343,6,-0.0001605585758781558
343,7,-3.4613687179607666e-5
343,8,5.060261640021935e-5
344,10,9.029291306550391e-5
344,12,6.0493392535221346e-5
344,14,-0.00026027458319344277
344,17,9.909164076127297e-5
344,18,-0.0001350755256259717
344,21,-0.0001622326849259892
344,22,-0.00029526563151538454
344,23,-0.0001583232298214554
344,24,0.0003490401097616669
344,27,-0.0003129434121964536
344,29,-2.7883672675699245e-5
344,2,0.0007398965923526291
344,6,-9.440193526444318e-5
344,7,-0.00011383634680850463
344,8,7.301529766579051e-5
345,10,6.021012955326199e-5
345,12,0.00010658959922693612
345,14,-0.0003333821165805162
345,17,6.876185711757188e-5
345,18,-0.00020650887474715773
345,21,-9.734543268002938e-5
345,22,-0.0006027076220318506
345,23,0.0004487810045201712
345,24,0.00035199476840919175
345,27,-0.00023635121220166866
345,29,0.0005871979807299255
345,2,0.0012418115452250689
345,6,-0.00020948018919408895
345,7,-6.648580565027373e-5
345,8,5.311902316673667e-5
346,10,8.201342816605006e-5
346,12,6.069603059266626e-5
346,14,9.646657675510539e-5
346,17,0.0001022077515608899
346,18,-0.00012650524382529227
346,21,-0.00016266108442408722
346,22,-0.0005947324778139418
346,23,-0.0006017205524120328
346,24,-0.00021156957298718027
346,27,0.0010908000631459913
346,29,0.0005788931419612453
346,2,-6.141756984057167e-5
346,6,-0.00041320897582064475
346,7,-0.00011909954112354626
346,8,-0.00029644182697108334
347,10,0.00018391091550817862
347,12,0.0001069047604413953
347,14,0.0001494031109343652
347,17,3.854212763521048e-5
347,18,-0.00020260071665845203
347,21,-0.00012457661344633664
347,22,-0.0002350918567248783
347,23,0.0004553398912614526
347,24,-0.0002686352789531554
347,27,0.0030470308535326396
347,29,0.00030803366415366185
347,2,-6.74980649106871e-5
347,6,-0.0001653728727486481
347,7,-4.867928003982058e-5
347,8,-0.00019291068929483401
348,10,-0.00019756263712622513
348,12,0.00017412828935459146
348,14,0.00011431264325523216
348,17,-8.082849834245565e-5
348,18,-0.00012779486455549716
348,21,-0.0001786636578922085
348,22,8.677071616247645e-5
348,23,0.00013848442081254575
348,24,-0.0001849817214987226
348,27,0.00011883239710552829
348,29,0.0009974755798953794
348,2,-0.00012407724250529384
348,6,-0.00010582381627255444
348,7,-0.0001032482664946599
348,8,-0.00030489895597707317
349,10,-0.00028921142365234687
349,12,-0.0005636352710851611
349,14,0.00014047406321271438
349,17,-6.83531803531423e-5
349,18,-0.00020641034529234048
349,21,-0.00010984764828236848
349,22,-7.142093825152074e-5
349,23,0.00010357390123427734
349,24,-0.00026698286669901705
349,27,0.00020927068067067012
349,29,0.0002896226176032357
349,2,0.0005773750032398439
349,6,-0.0001883776226616618
349,7,-3.585307014297712e-5
349,8,-0.00018752453456905016
350,10,-0.00027222515478442233
350,12,-0.0004706449861382467
350,14,0.00010395633137605387
350,17,-0.00014551884491709188
350,18,-0.00014136768734029914
350,21,-0.0001610584948856797
350,22,-4.815894642007379e-5
350,23,0.0001352240385505965
350,24,-0.00022621352573004572
350,27,0.0001269475254828123
350,29,0.0002174289121974482
350,2,0.0005940143089198102
350,6,1.4256764326425753e-5
350,7,-0.00010587307696852122
350,8,-0.0002961971860750978
351,10,-0.00029501042167634495
351,12,5.424294825928655e-5
351,14,-0.00016437646058786726
351,17,-7.820891014720388e-5
351,18,-0.0002131565992087303
351,21,0.0024201080108490203
351,22,-7.361454888865637e-5
351,23,8.538872340313475e-5
351,24,-0.0002819055072720289
351,27,-4.660290102620479e-5
351,29,0.0010054599640838546
351,2,0.0018855742013128562
351,6,5.4077314776357355e-5
351,7,-9.720376435318201e-6
351,8,-0.0001880413574406603
352,10,-0.00014665855286555285
352,12,4.8695216381844375e-5
352,14,0.00011446539805959333
352,17,-0.0001363212064866559
352,18,-0.00012256936905696847
352,21,0.0023309935864554987
352,22,0.0006527953791497509
352,23,0.00018526442182054126
352,24,-0.0002253549261332921
352,27,-6.844800289318442e-5
352,29,0.0009825374977454615
352,2,-4.689451437123182e-5
352,6,1.9315374671258212e-5
352,7,-9.234023625381838e-5
352,8,-0.0002987605438216079
353,10,-0.00020818526084820377
353,12,7.430922117990235e-5
353,14,0.00014048974288005667
353,17,-5.968937892308901e-5
353,18,-0.00020827273457157958
353,21,0.0010737806332272726
353,22,-7.29011223903342e-5
353,23,-0.00018494762270204745
353,24,-0.0002780755201419183
353,27,0.00015672477028960685
353,29,0.0009885313071054114
353,2,2.9613157919605726e-5
353,6,0.0001662010866985142
353,7,4.6555042708895655e-5
353,8,-0.0001883009304135541
354,10,-0.00027812543505589815
354,12,4.84159247378102e-5
354,14,0.00011547479006157602
354,17,-0.00014127940707275854
354,18,-0.00011860187223788898
354,21,0.0004525563385664455
354,22,0.0001672355039810114
354,23,-0.00014843630799621366
354,24,0.0002597909828176981
354,27,-1.852817589487188e-5
354,29,0.001044767815465697
354,2,5.8547036108080874e-5
354,6,-0.00013529199723549823
354,7,6.785581696089338e-5
354,8,-0.00030261141386223045
355,10,-0.00018782765888847308
355,12,-4.4280485658632074e-5
355,14,0.0001466754048147223
355,17,-0.0002204947700841231
355,18,-0.0001956834230236737
355,21,4.000013612159847e-5
355,22,0.0001859314935126477
355,23,-0.0002761566372768698
355,24,0.00018497842478648607
355,27,-2.944769859425378e-5
355,29,0.00017283749766949796
355,2,3.103355702904764e-5
355,6,-8.511083787787754e-5
355,7,4.7877765990023136e-5
355,8,-0.0002260083305163363
356,10,-0.000244914492220083
356,12,0.0001887789790471217
356,14,0.00022872666239148742
356,17,-0.0002125394727565677
356,18,0.00010256359698246342
356,21,4.964663683537651e-5
356,22,-0.00030290330964444223
356,23,-0.00023661763247417866
356,24,-0.0002129302317488424
356,27,0.0002796043662378622
356,29,0.003135436256057389
356,2,0.0001643146702994258
356,6,-0.00012605122711395467
356,7,-5.997338892171911e-7
356,8,-0.00029332774142343254
357,10,1.6789282862639254e-5
357,12,0.00014257975264531098
357,14,0.00024534657346908517
357,17,-0.00037915017858924926
357,18,-3.025268460277175e-5
357,21,8.70697362600481e-5
357,22,-0.00025974993835120586
357,23,-0.00021056790718443352
357,24,-0.0002821172604576816
357,27,0.00024109996886156893
357,29,-0.0001738865539939738
357,2,0.0002542371574509872
357,6,-0.0014344023058665556
357,7,-1.826159147899631e-5
357,8,-0.00019679344114820196
358,10,4.641116283288227e-5
358,12,0.00024038220378397313
358,14,3.6842553106097853e-6
358,17,-0.0002159260834107002
358,18,-0.00011473636448311453
358,21,7.911611174549193e-5
358,22,-0.00029195698093165134
358,23,-0.00012857943273214545
358,24,-0.00021461165379310643
358,27,0.0019464875034671536
358,29,-0.0001789412258430545
358,2,-0.0001618504975429147
358,6,-0.0005481369820534709
358,7,-0.00010331735359958572
358,8,-0.0002945565525100946
359,10,2.743444074404522e-5
359,12,5.599067272132885e-5
359,14,4.425098245874892e-5
359,17,-0.0002319032569451096
359,18,-0.00020600759345867914
359,21,9.898350036952053e-5
359,22,-0.00021190316203156812
359,23,-0.00014262268593068228
359,24,-0.0003816007347383632
359,27,0.0006641818011878797
359,29,-0.00010411944595301037
359,2,-6.543051713148174e-5
359,6,-0.001025082684698475
359,7,-4.8033617957798924e-5
359,8,0.00037753560782149975
360,10,5.366786329297213e-5
360,12,2.4293348255710612e-5
360,14,0.00022864678401379734
360,17,-8.607312587205485e-5
360,18,-0.0001499566570055677
360,21,6.0107356999239414e-5
360,22,-0.00030914937514570084
360,23,-9.004106420285041e-5
360,24,4.77902675077857e-5
360,27,0.0019568466927992745
360,29,-0.0003930480366296507
360,2,-0.00014691687198187253
360,6,8.913594820469939e-6
360,7,-0.000346719597110301
360,8,0.00026693132452759727
361,10,0.0003680836640604923
361,12,9.092202734617416e-5
361,14,0.00020197570609159499
361,17,-0.00010448931168483
361,18,-0.00020402172001432461
361,21,-8.269604487409765e-5
361,22,-0.00023111741754000548
361,23,-0.00016207408967883197
361,24,6.336765383352372e-5
361,27,0.002064899620911831
361,29,-0.0001678654964489823
361,2,-9.834583085410742e-5
361,6,0.0010521617433152386
361,7,-0.0002521934014687588
361,8,-0.00021336979305175419
362,10,5.4742600909207795e-5
362,12,0.0002139517248735956
362,14,-0.00013652099890215652
362,17,-0.0001588419445877065
362,18,-0.00013454575051952133
362,21,-9.405847051890959e-5
362,22,-0.0002935466846851753
362,23,-7.594769257579514e-5
362,24,-8.478728503469313e-5
362,27,0.0006938891894936461
362,29,0.0009390807454421335
362,2,-0.00014738323959750943
362,6,0.0003464484229622755
362,7,-0.0001977237234545015
362,8,-0.0002930436131611813
363,10,0.00024320866915861217
363,12,0.00015885214535593661
363,14,0.00010872440751175105
363,17,-7.547944809083162e-5
363,18,-0.00020194765268932713
363,21,-5.316654546483335e-5
363,22,0.00015953103952526249
363,23,-7.555004779113972e-6
363,24,-0.00013734969828327337
363,27,0.0006686401573734457
363,29,0.00027715502469227715
363,2,-8.149977891758198e-5
363,6,5.138589676434435e-5
363,7,-0.00012574930056441502
363,8,3.7048420431951e-5
364,10,-0.0017229149855237935
364,12,0.00028698736526600044
364,14,5.3441230106088256e-5
364,17,-0.00023165624484988712
364,18,-0.0001404171898755635
364,21,0.0002710604061411104
364,22,-0.0004203289232851404
364,23,-7.093942762725902e-5
364,24,-0.00025589599674713526
364,27,0.0006959270355331171
364,29,0.00017578505184889792
364,2,-0.00014287703979842803
364,6,8.975405083599952e-5
364,7,0.00014495712771900315
364,8,5.130806115438702e-5
365,10,-0.00021938754542283334
365,12,0.0002982535887605664
365,14,7.859924910924576e-6
365,17,-0.00010465317634800186
365,18,-0.0002022142767970081
365,21,-0.00042710675621204786
365,22,-0.00038793652409552237
365,23,-9.908669949076909e-5
365,24,-0.0003381019406365482
365,27,-0.00019801817751563533
365,29,0.00025205127375205194
365,2,0.08127315413338909
365,6,7.860826938355103e-5
365,7,-5.5862787908367295e-5
365,8,3.3522796329066296e-5
366,10,-0.000280790572733558
366,12,-8.24601462952046e-5
366,14,0.00013517690285791417
366,17,-0.0001799369798565209
366,18,-0.00011293569361203737
366,21,-0.0015369253644372805
366,22,-0.0005280604670554467
366,23,-5.903828312003867e-5
366,24,-4.6515569724903116e-5
366,27,0.000211081220074405
366,29,0.00017724727307388832
366,2,0.08119616110855876
366,6,0.00043957824110307797
366,7,5.031620569972972e-6
366,8,4.281362457714266e-5
367,10,-0.00022073651752485546
367,12,0.00012215264096049339
367,14,-0.0006633631064589807
367,17,-8.865866050200566e-5
367,18,-0.00020547941042714513
367,21,0.004138658453332056
367,22,-0.0006023944324375918
367,23,0.00019466168947346318
367,24,-9.310059878586685e-6
367,27,-0.0002305375873241644
367,29,0.0002649936651719642
367,2,-8.524829846745519e-5
367,6,0.001132615219058053
367,7,0.002372291569349372
367,8,-0.0002258852102841047
368,10,-0.00028386591623252855
368,12,0.00010010546681193944
368,14,-0.00019572435363546248
368,17,-0.0001622816038535646
368,18,-0.00023164407174558477
368,21,0.005435557626320531
368,22,-7.325295565063783e-5
368,23,0.00018805025031110034
368,24,-2.756696676975423e-5
368,27,-0.0003118131106978339
368,29,0.00018279674026100423
368,2,-0.00014680157234003843
368,6,0.0004425046592810844
368,7,0.00019613441745391924
368,8,-0.0003084397783137405
369,10,-0.00022064761034723546
369,12,-0.0003407139649276303
369,14,-0.00034454229628000377
369,17,-6.607532823910134e-5
369,18,-0.00016281770856441113
369,21,-8.134208862475845e-5
369,22,-0.0001204441561606373
369,23,0.00020072158235784343
369,24,-8.849328196447459e-6
369,27,-0.00022927747611145577
369,29,-6.443559746927008e-5
369,2,-8.069502929863859e-5
369,6,0.0011478478659530111
369,7,0.00019686121687900737
369,8,-0.0002418313845833353
370,10,-0.00028147531718225594
370,12,-0.00026383046830957824
370,14,-7.518766548031408e-5
370,17,-0.00016159879552635203
370,18,-8.466954199182197e-5
370,21,-7.999915184875306e-5
370,22,0.0002356584407250395
370,23,0.0007486810570567215
370,24,-1.782356404067542e-5
370,27,-0.00031278283410163255
370,29,0.0008931581591244964
370,2,-0.00025036531836786224
370,6,0.001159124228024666
370,7,-0.00018153820874644566
370,8,-0.00029063435462983733
371,10,-0.00019223970656945255
371,12,-0.00035156952489501236
371,14,-0.0006679593619232094
371,17,-7.29317348735492e-5
371,18,-3.1691321677129736e-5
371,21,-0.00018064091777869606
371,22,3.083862566910511e-5
371,23,0.0006397534341564537
371,24,8.67332597067616e-5
371,27,-0.00021778012475426323
371,29,0.0034702055748283556
371,2,-0.0002762228206130146
371,6,0.00042358093807948194
371,7,0.0023487736447611596
371,8,-5.005106409772253e-5
372,10,1.731334598797929e-5
372,12,-8.793565000253523e-5
372,14,6.390818165691314e-5
372,17,-0.00017648968338601634
372,18,-5.726587934251626e-5
372,21,-8.939060444212998e-5
372,22,1.5894935790683462e-5
372,23,0.0007251230835683131
372,24,0.0002033426724752374
372,27,-5.900408084258402e-5
372,29,0.0009044846021044606
372,2,-0.0001231751985217855
372,6,0.0004555750303207873
372,7,0.0007362420005199155
372,8,-8.436727523175591e-5
373,10,-5.693831557351814e-6
373,12,-6.786507276324016e-5
373,14,5.43953006815201e-6
373,17,-8.628173555003116e-5
373,18,-9.889190889289523e-6
373,21,-0.00018645469187195118
373,22,2.7452069760514064e-5
373,23,-0.00015603576151868026
373,24,8.653856961693407e-5
373,27,-8.345787423724715e-5
373,29,-0.00017219438916615815
373,2,-7.732126394088823e-5
373,6,-1.617172128298705e-5
373,7,0.000245444740810008
373,8,-5.450589783340121e-5
374,10,2.2495884875795014e-5
374,12,0.00015159551946553051
374,14,9.946162270590975e-5
374,17,-0.00016949803807442265
374,18,-0.00024893666056335917
374,21,-0.00010408660836436212
374,22,1.4009554222482734e-5
374,23,-0.00010698428451583197
374,24,0.0001583567479919168
374,27,-0.007269133444641085
374,29,0.0010331641106704481
374,2,-0.00011139203983034918
374,6,-5.2537234760841045e-5
374,7,0.0001734097066030671
374,8,-3.7641625777240506e-5
375,10,1.955821558041748e-6
375,12,-0.0003220876383132065
375,14,8.059030828899694e-5
375,17,-8.81253804196902e-5
375,18,-0.00018889954549994314
375,21,-0.00018510085197753767
375,22,-0.00031113474482591386
375,23,-0.00016458452409029434
375,24,-3.426027553743438e-5
375,27,0.0010784438662705398
375,29,0.001177643874415324
375,2,-6.183100881163028e-5
375,6,-3.917800793207249e-5
375,7,-0.00017759695200769698
375,8,-0.0002823758757335426
376,10,-0.0005530286555384123
376,12,-0.00024961604418294314
376,14,-7.25561885861481e-5
376,17,-0.00016770306447355665
376,18,-0.00010760482992200338
376,21,-9.993065269942036e-5
376,22,-0.0002521492744227416
376,23,-6.118793146114854e-5
376,24,-2.7430936473393785e-6
376,27,-0.0002539981022247062
376,29,0.0012631997158774055
376,2,-4.866177530349347e-5
376,6,-5.745322472883174e-6
376,7,4.533574989107336e-5
376,8,-0.0002475476362402418
377,10,-0.00021438222796188455
377,12,-0.0003293282685765675
377,14,-0.00031749841472006324
377,17,-7.260541689380062e-5
377,18,-0.00019315785979756583
377,21,-0.00019090538085286823
377,22,-0.0003032242210272429
377,23,-0.0001559438275284819
377,24,0.00013588754908333556
377,27,-0.0001888055491203744
377,29,0.0001689698459443889
377,2,0.001073896617518777
377,6,0.0037968892339641513
377,7,0.00017045239994750716
377,8,-0.000301195584894387
378,10,-0.0007282623500532992
378,12,-0.0002589286942322744
378,14,-0.000252350735562068
378,17,-0.00016968776775705408
378,18,-9.678479243735438e-5
378,21,-0.0001080932136181545
378,22,-0.0002193284101581483
378,23,-8.215272019462816e-5
378,24,3.526646586937687e-5
378,27,-0.0002534155021045592
378,29,0.001265129586008662
378,2,0.0009915642777889033
378,6,0.0031092416904909825
378,7,-0.000292870689946767
378,8,-0.0002497804780254853
379,10,-0.00013092229051547832
379,12,-0.00033450428305936697
379,14,-0.00029421881984159626
379,17,-0.00010194935235041669
379,18,-0.00019144431957585084
379,21,-0.00018776031209544186
379,22,-0.00031765628383251254
379,23,-0.000158681145366657
379,24,4.568972363738766e-5
379,27,-0.00021459509745458405
379,29,0.003112015353035069
379,2,0.0009473192348021797
379,6,-0.00010669050917400114
379,7,-6.24576090197948e-5
379,8,6.197034502619658e-5
380,10,-0.00032088985381850677
380,12,-0.0002776088372256069
380,14,-0.0011447316080399617
380,17,-0.00016822860131782136
380,18,-0.00010714742420869783
380,21,-9.2763080647984e-5
380,22,-0.00021827480724390114
380,23,-7.299070904931426e-5
380,24,3.265258676865557e-5
380,27,-0.0002582913720763358
380,29,0.00011674681116602414
380,2,0.000591777294995488
380,6,-8.51760266726842e-5
380,7,0.00032076632496380597
380,8,3.3032047088710215e-5
381,10,-0.000250174585050722
381,12,-0.0003848692275685295
381,14,-4.46089032726249e-5
381,17,-0.00010484550887301936
381,18,-0.00019747005650305738
381,21,-0.00017535673567348198
381,22,-0.00031201270638980816
381,23,-0.00016080722567757277
381,24,5.1246326485454574e-5
381,27,-0.00015511721942029766
381,29,0.003042470450688839
381,2,-0.00039984789135250054
381,6,0.0016203603483218032
381,7,0.00020191837601934992
381,8,3.9436567343287265e-5
382,10,-0.00032774440416893924
382,12,-0.0003824372457943426
382,14,-0.0002664621778265541
382,17,-0.00016439629668596467
382,18,-0.00012156384342976168
382,21,-7.998127223629581e-5
382,22,-0.0002423982630856969
382,23,-9.998569777458499e-5
382,24,4.05438342534481e-5
382,27,-0.00025952861686029394
382,29,0.001262237955836909
382,2,-6.047873927883529e-5
382,6,0.0001216596205502185
382,7,0.00016366738573925232
382,8,3.1723037759334716e-5
383,10,0.00013136279812098195
383,12,0.0010240767675613327
383,14,-0.00011200357223994928
383,17,-0.0001082215788494878
383,18,-0.00019331501108688087
383,21,-0.00014212724275974864
383,22,-0.0003155648527028987
383,23,-0.0001589315523915502
383,24,5.5760187527731375e-5
383,27,-0.00018826878273969783
383,29,0.00017619786415501437
383,2,-4.086194970653878e-5
383,6,0.00017614518955610947
383,7,-7.475408538759609e-5
383,8,-2.8651884594665944e-5
384,10,-0.0003225604280077121
384,12,-0.0002982040041201728
384,14,1.3031717426947864e-5
384,17,9.244414147424607e-5
384,18,-0.00012451763776866187
384,21,-9.933708508480521e-5
384,22,-0.0002327890382103348
384,23,-8.322652459202828e-5
384,24,3.20156604711741e-5
384,27,-0.00025310398502842446
384,29,0.0009524529355111611
384,2,-1.9192069022011538e-5
384,6,0.00012242433315368118
384,7,-0.00015720735298696553
384,8,-0.000284693551896531
385,10,-0.00024640064393821604
385,12,0.0003359322523843744
385,14,-0.0003462846188559965
385,17,7.51820366096112e-5
385,18,-0.0002141140765496985
385,21,-0.0001462228235569185
385,22,-0.0003132008094723915
385,23,-0.0001568869757662128
385,24,0.00014227796949484173
385,27,-0.00015483540750160785
385,29,0.00017774057598707316
385,2,0.00017339357054968474
385,6,8.663446968082411e-5
385,7,0.00031524847079733576
385,8,-3.183169614651149e-5
386,10,-0.0003300915179549335
386,12,8.378984812740242e-5
386,14,-0.00028581238404523646
386,17,0.00014223623785802886
386,18,-5.2225255971372064e-5
386,21,-9.93117613221628e-5
386,22,-0.00024325554361404045
386,23,-9.128359073962145e-5
386,24,-0.00010060171580761335
386,27,-0.0002526227212316101
386,29,0.00027472386847993135
386,2,0.00019716802888325446
386,6,0.0023597655633826875
386,7,-3.6359449758549545e-5
386,8,-6.167342407437104e-5
387,10,-0.000249383398327474
387,12,-0.00036877010662639265
387,14,-0.00033940375833640957
387,17,-7.339036649600672e-5
387,18,-7.623873827444783e-5
387,21,-0.00018477143251072192
387,22,-0.000304360649077573
387,23,-0.00016629472420248703
387,24,5.6716113174815064e-5
387,27,-0.0001667686566522164
387,29,0.0009537754616664174
387,2,-1.583883310996015e-5
387,6,0.0008520045197037973
387,7,0.000317172960106582
387,8,4.9847985382101e-5
388,10,-0.0003322518341200009
388,12,-0.0002963773461104324
388,14,0.0002204444603570721
388,17,-0.00015106902802575206
388,18,1.9981855485795563e-6
388,21,-0.00014762621039210444
388,22,-0.00013231835037608164
388,23,-0.00011746477844187808
388,24,0.00022633674156935513
388,27,-0.00026059740264283704
388,29,0.0002740885392267245
388,2,-5.662654576354953e-7
388,6,0.00235881677983496
388,7,7.518791043104045e-6
388,8,0.00015189393587089484
389,10,-0.00026012253613849623
389,12,-0.0003645582586413454
389,14,-7.199093516963018e-5
389,17,-0.00011448111568057584
389,18,-0.0001727407672085235
389,21,-0.00019103715706147995
389,22,-0.0005774371719970972
389,23,-0.00016289206589270577
389,24,5.8757731037140104e-5
389,27,-0.00019309146830082113
389,29,0.0009534639502950526
389,2,-1.7097925145925785e-5
389,6,0.0008459329759009648
389,7,-2.6917291140016175e-5
389,8,-0.00024169268663687404
390,10,-0.00033199748654588745
390,12,-0.00043640759588114975
390,14,0.00023466736461941196
390,17,-0.0001479508033339627
390,18,5.965508100835848e-6
390,21,-0.00011992184265086081
390,22,-0.00023904402728636143
390,23,-9.583198570428664e-5
390,24,5.04712041600186e-5
390,27,-0.0002587795450255115
390,29,0.0009435339718049107
390,2,0.0008024419290819651
390,6,0.0008626579883088681
390,7,-2.095186442030439e-5
390,8,-0.00026676299016425986
391,10,-0.00018077765691870695
391,12,-0.00039511304287653815
391,14,0.0002477349393901207
391,17,-7.468463079263188e-5
391,18,-0.00012938802620077183
391,21,-0.00019107015697361618
391,22,-0.00029685861054584706
391,23,-0.00033945227183718174
391,24,5.395690078646709e-5
391,27,-0.00019908378196653587
391,29,0.0008080015146960662
391,2,-1.1884010415741386e-5
391,6,0.003162292962614721
391,7,-7.306196536660536e-7
391,8,-0.00024425032604913355
392,10,-0.00033629153370373643
392,12,-0.00015728395630265624
392,14,0.0001730472720620213
392,17,-0.0001613816590557704
392,18,-0.0001798584704735262
392,21,-0.00012461044692813061
392,22,-0.00021500950075026282
392,23,-0.00036467170777054747
392,24,-0.00019283621229071457
392,27,-0.00025808350291178783
392,29,0.0005639503237109267
392,2,1.6295138394184505e-6
392,6,0.004385724984463657
392,7,-3.388245987068217e-5
392,8,-0.00025226251315579873
393,10,-0.00021164279775298667
393,12,6.57484859925006e-5
393,14,-0.0002480001108562391
393,17,-9.870725975336114e-5
393,18,-0.00013840019612576526
393,21,-0.00018817570172746656
393,22,-0.0003004766975678308
393,23,-7.449043683571688e-5
393,24,-0.00026242654939157006
393,27,-0.00030182400929668063
393,29,0.0008609431723760608
393,2,-0.14360172394070148
393,6,0.004369502262447256
393,7,-8.97512749720164e-5
393,8,-3.7159616055326694e-5
394,10,-0.00028106801889027366
394,12,-5.658991606427577e-5
394,14,-0.0002136640934207179
394,17,-0.00015023448491824354
394,18,9.412927904239865e-5
394,21,-0.00013074619242647856
394,22,-0.0002295749161920213
394,23,0.00027220985833231737
394,24,8.627812536410318e-6
394,27,5.714622591757035e-5
394,29,0.0005738917375550656
394,2,-0.14368089407153484
394,6,0.0043503744827635416
394,7,-2.322578562719002e-5
394,8,-5.645539310528136e-5
395,10,-0.00019499082935148238
395,12,-1.8514925738344346e-5
395,14,-0.0002575114679110868
395,17,-9.077733002449406e-5
395,18,0.00017382117094211225
395,21,-0.00019043042835775736
395,22,-0.0002988296408616975
395,23,0.0007952756789890714
395,24,-6.453653274540727e-5
395,27,-0.0004311038917110821
395,29,0.0008533236248196019
395,2,-0.0003937030429215227
395,6,0.0005200341447588741
395,7,-7.959056839812462e-5
395,8,-4.0366902479327393e-5
396,10,-0.0002788170413356994
396,12,0.00013842197035440762
396,14,-0.0024323258120082514
396,17,-0.00015213747184983362
396,18,0.00016630907692327668
396,21,-0.00012873211820618735
396,22,-0.0002629354714498433
396,23,-9.850444808545689e-5
396,24,-1.521046249131075e-5
396,27,0.0001626468662898617
396,29,0.001039005711998442
396,2,0.0001599981200968159
396,6,0.0016004870785488734
396,7,0.0005842474205639547
396,8,-7.292072496944968e-5
397,10,-0.00019250705690065928
397,12,-0.00030797302211649225
397,14,-0.001871752372663238
397,17,-2.2539512504415882e-5
397,18,0.000278848043920199
397,21,-0.00019101269774512986
397,22,-0.0003055114619767707
397,23,2.836978925646605e-5
397,24,-0.000173961607567108
397,27,0.0001257929751696807
397,29,0.0020224473399430565
397,2,-0.0004206870394529716
397,6,0.00022142124797319696
397,7,0.001602238602149697
397,8,-1.602681680257234e-5
398,10,-0.00027449302903281847
398,12,0.000262215714331937
398,14,9.253534693964838e-5
398,17,-8.53198016761425e-5
398,18,-8.164175794078687e-6
398,21,-0.00011494376761245206
398,22,-0.0001323987404582283
398,23,-7.045122121240865e-7
398,24,-1.9557098524636274e-5
398,27,0.000152478389336963
398,29,0.0008098510271166148
398,2,-0.00017593863385823028
398,6,0.00020522882461460057
398,7,8.50623184325272e-5
398,8,-3.069131909771983e-5
399,10,-0.0001249195558585825
399,12,-0.0003035097408243814
399,14,0.00011831193851730148
399,17,4.4225471634185e-5
399,18,-3.0459036645780202e-5
399,21,-0.00017944261176250365
399,22,-0.0005622301891872183
399,23,0.0006149285326326748
399,24,-6.747342582436033e-6
399,27,0.00012367611894692487
399,29,-8.009351858451197e-5
399,2,-0.00011784921110091773
399,6,0.000229277867594746
399,7,7.390660487960332e-5
399,8,-6.338218217383229e-5
400,10,7.266284916962462e-5
400,12,-0.00023543470829157087
400,14,0.00016079503927546313
400,17,5.323508656918108e-5
400,18,0.00016135111041748473
400,21,-0.0003118439453677624
400,22,-0.0002402649152397629
400,23,0.00017504268491919106
400,24,-0.00018884111156847183
400,27,0.00015940144325021777
400,29,-9.95489430355434e-5
400,2,-8.938975312844377e-5
400,6,0.00019726041816348072
400,7,9.891562188535374e-5
400,8,-0.00014979201081910531
401,10,0.00017478931581482726
401,12,-0.00031821019088340563
401,14,0.0011528740901178836
401,17,3.633259027679969e-5
401,18,0.0002525989563979536
401,21,-0.0003641992166558694
401,22,-0.00029488748242290086
401,23,0.00019543340253047603
401,24,-0.0002692818546767839
401,27,0.00011562361731165538
401,29,0.0011638683380432724
401,2,-7.436024791829254e-5
401,6,0.0003608704008453145
401,7,6.675673920852887e-5
401,8,-0.00016037740962016045
402,10,8.235366288822377e-5
402,12,-0.0002494601697451415
402,14,0.0006097999264431664
402,17,-8.03453423570133e-5
402,18,-2.1513872762390918e-5
402,21,-0.0003963676075651179
402,22,-0.00021277485836979082
402,23,-6.65590532680227e-5
402,24,-3.94008753508146e-5
402,27,0.00015347221746786488
402,29,4.685833276418805e-5
402,2,-0.00017105263016059524
402,6,0.00020717844889261983
402,7,9.94470295587746e-5
402,8,5.16972581809938e-6
403,10,0.00019543038725622353
403,12,-0.0003137340137238098
403,14,0.0011496593817366119
403,17,-5.417047677624964e-5
403,18,-0.00011084930858817899
403,21,0.0002535839385204852
403,22,-0.0003014002078609579
403,23,-0.00014924384051262507
403,24,-6.711262873349e-5
403,27,0.00011976561766324778
403,29,8.734214665562234e-5
403,2,-7.820506714750763e-5
403,6,0.0002274044023495847
403,7,-4.5862523011308554e-5
403,8,-1.5840948278444955e-5
404,10,7.617998319364716e-5
404,12,-0.00023970763622749303
404,14,0.0012492257361245152
404,17,-0.00014810580018398412
404,18,-0.0001873427533656269
404,21,-7.230311919226295e-5
404,22,-0.00021926199554567205
404,23,-7.737742378477463e-5
404,24,-4.063429487555226e-5
404,27,0.00011078959615584694
404,29,4.54754319454409e-5
404,2,-0.00017051865773787256
404,6,0.00018822930315920416
404,7,-7.837773732521924e-5
404,8,4.1822753997777795e-6
405,10,4.28798947211817e-5
405,12,-0.00030898772706677846
405,14,0.00020407675481148857
405,17,-6.21706837868885e-5
405,18,-0.00013041269988622872
405,21,0.0001645673657559854
405,22,-0.00029075682453783003
405,23,-0.00015225752086056588
405,24,-0.00029363226768364115
405,27,-0.0002525767318166672
405,29,-0.00032081901547886815
405,2,-9.823981296630535e-5
405,6,0.00100019477147395
405,7,-7.708109228232729e-6
405,8,7.81757143633044e-5
406,10,5.5592658962488883e-5
406,12,-0.0002304322076867038
406,14,-6.745653110762362e-5
406,17,-0.0001499231443764515
406,18,-2.1309143272141284e-5
406,21,-9.69048008281348e-5
406,22,0.000164325776228047
406,23,-8.152929690830035e-5
406,24,-0.00021635586291424147
406,27,-0.0003252481942537244
406,29,-0.00017570896534024882
406,2,-0.00015732006602764415
406,6,0.002027099113325548
406,7,-7.326067391666413e-5
406,8,0.00017588765445619714
407,10,4.726492336271093e-5
407,12,-0.00026530694371551533
407,14,0.00026319502048899324
407,17,-4.7892193538068284e-5
407,18,0.00025002502105841984
407,21,-0.00015546815432543326
407,22,-3.211935979319236e-5
407,23,-0.00016622496757090488
407,24,-0.00030673821710358595
407,27,-0.0002597127220536066
407,29,-0.00015353294730591216
407,2,-7.124663303237355e-5
407,6,0.000814954951969149
407,7,0.00964523016258223
407,8,-1.987770781752829e-6
408,10,0.0003778813116319668
408,12,-0.0004944094618322126
408,14,0.0003949080662062343
408,17,-3.7665658473073904e-5
408,18,0.0002729885426262513
408,21,-8.247373302694427e-5
408,22,-4.645114153767338e-5
408,23,-0.00012251709012112144
408,24,-8.220211429232904e-5
408,27,-0.00033118795055564476
408,29,-0.00017817921962937078
408,2,-0.0001667280223465184
408,6,0.0025797861658913845
408,7,-0.0003401691498448045
408,8,4.759071042048646e-5
409,10,-6.256290685247023e-5
409,12,0.000512028334567205
409,14,0.0002738241219040205
409,17,-5.67637179038627e-5
409,18,0.0002496864390435505
409,21,-0.0001629485743430692
409,22,-0.00027717706777252715
409,23,-0.0001692957690062613
409,24,-0.0003039193471634505
409,27,-0.0002477583118887239
409,29,-0.00014959348698972974
409,2,-9.833398099257096e-5
409,6,0.006553973303664584
409,7,-3.362728802347448e-5
409,8,1.8135307847444437e-5
410,10,-0.00016676436866980282
410,12,-0.0002724960172395541
410,14,0.0005702989516525037
410,17,-0.0006426483581893905
410,18,5.0010185269400154e-5
410,21,-8.020582144752098e-5
410,22,-0.000222465189802179
410,23,-0.00012019447426769858
410,24,-0.00022666258500070313
410,27,-0.00031879470531404053
410,29,0.0012403291322327092
410,2,-0.0001719861225568664
410,6,0.00035319223488716744
410,7,-0.00010218438307685318
410,8,-0.20677637581649044
411,10,0.003217197096194724
411,12,-0.00038022137728344063
411,14,0.00047971599361584794
411,17,-0.0005833078703698646
411,18,3.267947522278547e-5
411,21,-0.00014515249143265407
411,22,-0.000844389982506577
411,23,-0.00016533985036115695
411,24,-0.0003794493363029616
411,27,-0.0004533896735914311
411,29,0.0011669957777726836
411,2,-0.000308976961713725
411,6,4.696623365774144e-7
411,7,-1.7965777741046907e-5
411,8,5.089822020210022e-5
412,10,0.0017287988074565774
412,12,-0.0001973848350322882
412,14,0.0005856580951766333
412,17,-3.153825777157948e-5
412,18,5.760940612020704e-5
412,21,-0.0003947673115849426
412,22,-0.0007223031722336515
412,23,-0.00011593325306513691
412,24,-0.00011629200418283858
412,27,-0.00043221621068934013
412,29,0.000899480798642216
412,2,-8.968300945078056e-5
412,6,2.7247134986474464e-5
412,7,-0.00010121745471902699
412,8,0.0006366921588369934
413,10,0.003221373658641724
413,12,-0.0002585846875042819
413,14,0.0005313186544517734
413,17,-5.63817544803058e-5
413,18,-0.00028511876103465283
413,21,-0.00015431829175582834
413,22,-0.000680813471004349
413,23,-0.0001610126487685548
413,24,-9.481803676703038e-5
413,27,-0.0002701057180374278
413,29,0.0011684023876616934
413,2,-8.87881683917513e-5
413,6,-1.256350386746874e-5
413,7,-3.02802762783827e-5
413,8,-2.0000924907392914e-5
414,10,0.0002809591359342889
414,12,-1.2974748890393073e-5
414,14,0.0021362731842833327
414,17,0.00014271202989046827
414,18,-1.5778538787536434e-5
414,21,-0.00010447483663611479
414,22,0.00010020010348643638
414,23,-9.788896092999266e-5
414,24,-0.00019523483275918352
414,27,-0.0003608827284802274
414,29,0.0005661595100301398
414,2,-0.0001745227027125651
414,6,0.00028211891490936836
414,7,0.0009062048014909507
414,8,-1.0978035760444982e-5
415,10,-0.0002709580234085962
415,12,-0.0002618689829878562
415,14,-0.004055534094706381
415,17,-5.2815695090302484e-5
415,18,-0.0001234852951883525
415,21,-0.00016149287685696123
415,22,0.00010455305887813182
415,23,-0.00016016006746522038
415,24,-0.00029005149153782384
415,27,0.0001354721371225054
415,29,0.0011660369980015517
415,2,-9.919357602683476e-5
415,6,0.0008112430150601924
415,7,0.002571660908487594
415,8,0.0004584466845365398
416,10,-0.00019683170046658205
416,12,0.0009043154696204425
416,14,0.0009565102947597381
416,17,-3.549040622452537e-5
416,18,-0.00019433666252588466
416,21,-0.00010425071015784937
416,22,-1.214634500001921e-5
416,23,-8.657164468761636e-5
416,24,-0.0002066735304868672
416,27,0.0001181455280860888
416,29,0.0012150773157557637
416,2,-0.0001694080166538825
416,6,0.0002827391755166886
416,7,0.00013091441378154656
416,8,0.0005800062962340036
417,10,0.00018331908899060778
417,12,-0.001397972624413768
417,14,-6.772256969522772e-5
417,17,-4.480991387101341e-5
417,18,-4.0652069839275384e-5
417,21,-0.0001618506814651255
417,22,0.0001142555924529276
417,23,-0.0001619436516895334
417,24,-0.0002937940721849941
417,27,8.338514374717221e-5
417,29,0.0009970163694603684
417,2,-0.00010655092767297702
417,6,0.00033017466834639464
417,7,9.083460081704686e-5
417,8,0.0004648467131715961
418,10,0.0002739558862856484
418,12,0.0004387703598593973
418,14,0.0005252617820348249
418,17,-0.00017402265189847554
418,18,-0.00019998140530219644
418,21,-6.554112401158108e-5
418,22,0.000239715570448773
418,23,-8.793135244378192e-5
418,24,-0.00020549550157511476
418,27,-0.00044949181702236274
418,29,-6.801740145156998e-5
418,2,-0.00016585189144802115
418,6,3.3417650473488436e-5
418,7,0.00016534175583959865
418,8,0.0006006196147625431
419,10,-0.0002752842619795359
419,12,-0.0008361979470681291
419,14,0.0013977887332252692
419,17,-5.190089752726834e-5
419,18,2.9582272308203983e-5
419,21,-4.8899326132278986e-5
419,22,0.00016564660634355022
419,23,-0.00017040111759936138
419,24,-0.0002851628079909574
419,27,0.0005421993415772874
419,29,0.000933461409157843
419,2,-0.00011036801313046851
419,6,3.658016131691255e-5
419,7,8.926698141475953e-5
419,8,-0.0002906584578417082
420,10,-0.00019772192390909993
420,12,0.00045701714485435474
420,14,0.0005125129874663514
420,17,-0.00013516705102745163
420,18,-0.00017930732420268214
420,21,2.7190149749500847e-6
420,22,-8.670069746052889e-5
420,23,-8.823542722069533e-5
420,24,-0.00019021143731112744
420,27,0.0005278638610777264
420,29,0.0012384245397525362
420,2,-0.00017352146264837387
420,6,1.533341375914432e-5
420,7,1.3962740412765129e-6
420,8,-0.0002031664282764467
421,10,-0.0002900138537000885
421,12,-0.0009617884460730863
421,14,0.0005843873720463577
421,17,-7.81105559521933e-5
421,18,4.345733615096492e-5
421,21,-0.00015244236415856705
421,22,-0.0007272194301464197
421,23,-0.00015963391966700158
421,24,-0.0002918302981216314
421,27,0.0003478950689030924
421,29,0.0011532855252260887
421,2,-0.00012667315156900116
421,6,0.0016393777356764616
421,7,9.894322088044305e-5
421,8,-0.00029284322361888826
422,10,-0.00022779737988631865
422,12,0.0010012728861044096
422,14,0.0013244499195765869
422,17,-0.00014198696099043673
422,18,-0.0002209477889918432
422,21,-9.116312832269102e-5
422,22,-0.19318631019648702
422,23,-8.128225647130449e-5
422,24,-0.0002109474272584677
422,27,-6.085335826533367e-5
422,29,0.0012187547315001268
422,2,-0.000171690012974679
422,6,0.0013449147773796355
422,7,1.774726916714542e-5
422,8,-1.7032914003678457e-6
423,10,-0.00028638398687164113
423,12,-0.00024426533203136813
423,14,0.00018551307899805636
423,17,-5.767443893400781e-5
423,18,-0.00017430102717330698
423,21,-0.00015557256556153476
423,22,-0.1932672133700315
423,23,-0.00016456806986919759
423,24,-0.0002915209911948935
423,27,-3.4731649377839346e-5
423,29,0.0011545522565743482
423,2,-0.00010445631020061796
423,6,0.0015865010792799339
423,7,7.828089764316815e-5
423,8,-1.0378056495952137e-5
424,10,-0.00021752912089034737
424,12,-0.0003366262270416698
424,14,0.00019117724022521543
424,17,-0.00025029864962888837
424,18,-0.00023700703636730935
424,21,-6.771947830142011e-5
424,22,-8.21083499262798e-5
424,23,-8.7661848223064e-5
424,24,-0.00023042060872935366
424,27,0.00017414039590590846
424,29,0.0012031596780976983
424,2,-9.153591906496672e-5
424,6,0.0001640696040006162
424,7,2.182208520817852e-5
424,8,-1.2972725169646537e-6
425,10,-0.00027653870914257084
425,12,-0.0002582688805174982
425,14,-5.880791955537035e-5
425,17,-0.0003299956085980327
425,18,-0.0001735503194302268
425,21,-0.00014370889512616003
425,22,-8.274984850586975e-5
425,23,-0.00016408736885686892
425,24,-0.00029094255613593134
425,27,0.00040566542303022146
425,29,0.0023084773470962716
425,2,-0.00011507042153890978
425,6,0.00018369829282960382
425,7,9.583872094243162e-5
425,8,-0.00022934699310717122
426,10,-0.00018966459820290993
426,12,-0.0003438938216744347
426,14,-2.3884583282729466e-5
426,17,-0.0002497616151080351
426,18,-0.00021802834232964585
426,21,-0.00011695485920437676
426,22,-0.0004915768873523518
426,23,-9.71932411744092e-5
426,24,-0.00022752346826315772
426,27,0.00011537600662681058
426,29,0.0022984710965356925
426,2,-0.00017371877936955826
426,6,0.00015459764519487607
426,7,2.5116647523582003e-5
426,8,-0.0003142435723084702
427,10,-0.00027598069552148274
427,12,-0.00029084021568515084
427,14,0.00017019227954140348
427,17,-6.467675981092214e-5
427,18,-0.00010093930791121863
427,21,0.0001909241953352847
427,22,-0.0005857504183008899
427,23,-0.00016036244483164097
427,24,-0.0002925302281875375
427,27,-0.05067733074318248
427,29,0.0005588501510622734
427,2,-9.594067793639027e-5
427,6,0.00015923601747136473
427,7,0.00011218382744893063
427,8,-0.0002482759109190269
428,10,-0.0001896209671974347
428,12,-0.0003120827437816942
428,14,0.00037880129415857056
428,17,-0.0001525856744857279
428,18,-0.00022691574823863192
428,21,-0.00036344475656235886
428,22,0.000472637382631369
428,23,-0.00011094762403107694
428,24,-0.012535366684327975
428,27,-0.00026657107769523236
428,29,0.00171833737644711
428,2,-0.00017535198285134612
428,6,0.0001763075319498597
428,7,1.1688981318869196e-5
428,8,-0.00031769428103078923
429,10,-0.00035100958587719333
429,12,0.0006351588564283972
429,14,-0.0001009405046605849
429,17,-8.872885037725098e-5
429,18,-0.00011433897628521095
429,21,0.00023797450627593975
429,22,-4.656455441232055e-5
429,23,-0.00016115727054621942
429,24,-0.007637861053105155
429,27,-0.0003166422862221907
429,29,0.0017268821635685327
429,2,-0.00012441293494358519
429,6,0.00035530725172971955
429,7,6.320974434359528e-5
429,8,-0.0002350065949592306
430,10,0.0005038408107980175
430,12,0.0006520366668629762
430,14,0.00035993735322392695
430,17,-0.00015585363749259784
430,18,-0.0002244777628117589
430,21,-0.0004925593719882215
430,22,-4.384119240530282e-5
430,23,-0.0001120035232293759
430,24,0.0012355226324469726
430,27,-0.00025512223870460815
430,29,0.0017013350047445641
430,2,-0.0001718723262573718
430,6,0.000765135039847209
430,7,2.1135658959003933e-5
430,8,-0.000315637701134186
431,10,-0.00034938714037568985
431,12,0.0013613199083319927
431,14,0.0003860293430033579
431,17,-9.00914103088013e-5
431,18,4.882851903342811e-5
431,21,-0.0004674007387270862
431,22,-0.00018337220884667715
431,23,-0.00015984880057295925
431,24,-0.000180821984240076
431,27,-0.0003192230422968123
431,29,0.0005596473142137626
431,2,-0.00011417632677623857
431,6,-9.96293924151459e-5
431,7,-0.0006476101264842882
431,8,-0.00022364654858275657
432,10,-9.257580565247281e-6
432,12,2.96196083482414e-5
432,14,0.00039342405812892167
432,17,-0.00015857139552721833
432,18,-0.00022241172732595516
432,21,-0.0004864961203052687
432,22,-7.617618985733543e-5
432,23,-8.427435580937725e-5
432,24,-9.661449789977183e-5
432,27,-0.0002560112531888592
432,29,0.002298784866168191
432,2,-9.353827583868934e-5
432,6,-7.380593970207627e-5
432,7,-0.0007391913917134119
432,8,-0.000300101161860411
433,10,-3.143260703186712e-5
433,12,-1.3872387674140896e-5
433,14,0.0003280858808718534
433,17,-9.229537963051371e-5
433,18,-0.0001715768217351865
433,21,0.00025718520679252066
433,22,-0.00014418136826055417
433,23,-0.0001689135921889573
433,24,-0.00018305384452155238
433,27,-0.0003148944985564839
433,29,0.002309297316163139
433,2,-7.941243741349524e-5
433,6,0.0007579503455197312
433,7,-0.0003383535790222325
433,8,0.0002331483432911341
434,10,-6.880028720601672e-5
434,12,9.733319231486348e-6
434,14,0.00030767730023661954
434,17,-0.0002888893561880934
434,18,-0.00023091419984488937
434,21,-0.00046212098946174507
434,22,-0.00011378582153298566
434,23,-0.00011448182586448752
434,24,-9.476678451658671e-5
434,27,-0.0003375164573595768
434,29,5.574359699789255e-5
434,2,-0.00017590450448956574
434,6,0.000764995186451678
434,7,-0.00042491886588269523
434,8,0.000322023392342885
435,10,-0.0005269034702086728
435,12,5.927393118465574e-5
435,14,0.00039178216980140235
435,17,-0.0003106252313145319
435,18,-0.000146268908672198
435,21,-0.00017076398029747253
435,22,-4.7649772544566815e-5
435,23,-6.771345424638753e-5
435,24,-0.00014954309160675194
435,27,-0.00018771081435797754
435,29,8.90439578391522e-5
435,2,-0.00011415884801557752
435,6,0.00033569247040343697
435,7,-0.00022379141706707628
435,8,-4.112250104526538e-5
436,10,-0.00043325501317870163
436,12,-0.00021888557222560223
436,14,0.00029851812890147045
436,17,-0.0002882750303685455
436,18,-0.00022469018137893926
436,21,-0.00012156502068361164
436,22,-0.00030849844320268716
436,23,-7.834377960325156e-5
436,24,-0.00018154644201384684
436,27,-0.00020251406669302696
436,29,4.9544956447711286e-5
436,2,-0.00023698338187561063
436,6,0.000252187143609639
436,7,-0.0004192806954153028
436,8,-8.393349550317453e-5
437,10,0.00048631516736996616
437,12,-0.0003116333896580059
437,14,-0.00015748914876834164
437,17,-5.332706156657707e-5
437,18,-0.00013624603273765246
437,21,-0.00019259777748636964
437,22,-0.00022207964497766852
437,23,-0.00016087327040459343
437,24,6.235942107224446e-5
437,27,0.0007956536615543186
437,29,8.951946038848746e-5
437,2,-0.0002547420085567964
437,6,-4.4458617462161953e-5
437,7,0.00016270807716356472
437,8,4.751174047701312e-5
438,10,7.313104891615296e-5
438,12,-0.0001862666275398439
438,14,-0.0002182444750120638
438,17,-0.00014181170159321965
438,18,-7.338486316310622e-5
438,21,-0.0004330333148887533
438,22,-0.00030819442618934545
438,23,-0.00017018525031442522
438,24,-0.0008515282017098613
438,27,-0.00019804760350616846
438,29,0.00035010892735165555
438,2,6.283521473626763e-5
438,6,-4.095969793294074e-5
438,7,0.00011337055282023556
438,8,-0.00022537097249930582
439,10,0.00010828332154488862
439,12,-0.0005798233628686589
439,14,-0.00017898891389478422
439,17,-9.023817160169756e-5
439,18,1.116628927011476e-5
439,21,-0.00019737980325551518
439,22,-0.00024017942148990556
439,23,-0.00015486756992988404
439,24,-0.00011969267954725638
439,27,-0.00018974309128161337
439,29,0.00037347418072375405
439,2,4.3941917059697744e-5
439,6,-0.0005838850706139098
439,7,8.641426060407298e-5
439,8,-0.0002904940738410744
440,10,-5.5348726120563185e-5
440,12,-0.0009041015612751835
440,14,-0.0002180660646962096
440,17,-0.00014205407593959052
440,18,-0.0002194403013868751
440,21,-0.00013403059815964014
440,22,-0.00031119324741979426
440,23,-0.00015831379957553793
440,24,-0.0001459719112162361
440,27,-0.00023773679995997554
440,29,-9.927811844079315e-5
440,2,-6.22400402070511e-5
440,6,0.0007564010618894557
440,7,0.00011515635389613976
440,8,-0.00018562158304202825
441,10,9.321752782476267e-5
441,12,-0.0005814137888773274
441,14,-0.00011992954734907357
441,17,-6.79735352822064e-5
441,18,-2.3681930339414237e-5
441,21,-0.00019409325786412523
441,22,-0.0002604483243713318
441,23,-0.00015619588878923452
441,24,-0.00032502941362455573
441,27,-0.0003246927481912465
441,29,0.0002416646923801835
441,2,0.00023463471680251757
441,6,-0.00021206603728529672
441,7,7.846484079720994e-5
441,8,-0.0002994583194571021
442,10,0.00010015367204552206
442,12,-0.0009230017984824812
442,14,-0.00021621371377023024
442,17,-0.00013447979943670418
442,18,-7.707338844387124e-5
442,21,1.1450293396997324e-5
442,22,-0.00031428881453621216
442,23,-0.00019004322896165604
442,24,-0.00045284623966779236
442,27,-0.00027914885157898084
442,29,0.0012571880172025374
442,2,0.00016485549795586252
442,6,0.0007520070718722849
442,7,0.00016828391235890194
442,8,-0.0002504335939477187
443,10,8.548326055635158e-5
443,12,0.000803306776385071
443,14,-0.0001329203408459989
443,17,-5.178506424474705e-5
443,18,-0.00015780546685206787
443,21,-0.00019299047540943803
443,22,-0.0002480552517702961
443,23,-0.00013134464603670182
443,24,-3.260359949486258e-5
443,27,-0.0003304121548772798
443,29,0.001173451951575366
443,2,0.0002179592250541873
443,6,9.35944525961574e-5
443,7,0.0002496291735472056
443,8,-0.00030734241391616735
444,10,0.00011234566278517377
444,12,0.0005547104074956621
444,14,-0.00022009665708200288
444,17,-2.475326586726112e-5
444,18,-0.00023057001535686794
444,21,-0.00012077854305392322
444,22,-0.00029901688864253373
444,23,-5.8943849274406546e-5
444,24,0.00011161336764065055
444,27,-0.0002705939323490725
444,29,0.0031576868361087307
444,2,-3.7923988414512166e-5
444,6,0.00012390424895958319
444,7,-0.00124200122701712
444,8,-0.0002448531318330893
445,10,7.897982077587073e-5
445,12,0.0008234821471591047
445,14,-0.00017734239329580959
445,17,-0.13141034661350037
445,18,1.0528894467398686e-7
445,21,-8.788128218295554e-5
445,22,-0.0002370567092837561
445,23,-0.00012800826110392904
445,24,-0.00017374185220120353
445,27,-0.00032427837025927886
445,29,0.009357529508020157
445,2,-8.380619098158348e-5
445,6,7.576915145079965e-5
445,7,-0.00024921717188863823
445,8,-0.00030805236512776446
446,10,0.0003935307641000918
446,12,-0.00010168010547317863
446,14,-0.00021858868841917456
446,17,-0.1315086148989959
446,18,-0.0002228934273906802
446,21,2.8681056422286133e-5
446,22,-0.0002952803396958359
446,23,-0.00029614409568345934
446,24,0.00018692214161575293
446,27,-0.0002514214871807141
446,29,0.007391399967563217
446,2,0.0027926293364135546
446,6,-0.0001556813708551985
446,7,-0.00022952693712863237
446,8,-0.000253172016774883
447,10,0.00032587338315615
447,12,-0.00017008456692124696
447,14,-0.00014027790928139439
447,17,-0.1112002808169521
447,18,-0.00016753177352946125
447,21,-0.00018822957483344283
447,22,-0.0002048120711153345
447,23,-6.625949877125947e-5
447,24,-0.00027342576627109594
447,27,-0.00033571519565267494
447,29,0.0010169631871264073
447,2,-0.0018135325260892898
447,6,8.959307289657659e-5
447,7,0.00010360960431121669
447,8,5.0246707352208375e-5
448,10,0.0004804976803569616
448,12,0.0008542436256160357
448,14,-0.0002924540409674492
448,17,-0.11128529533772902
448,18,-0.00023603786496195767
448,21,1.0997869082984835e-5
448,22,-0.0003089398949667199
448,23,-0.00038600583687564693
448,24,-0.0002013279534214263
448,27,-0.00026551210420500126
448,29,-0.002589766365199253
448,2,0.0008912913430947356
448,6,0.00018906408362973082
448,7,0.00012658619156535877
448,8,-9.241248658220513e-5
449,10,0.00015406355279967698
449,12,-0.0002764244644701819
449,14,-0.00020125152444894212
449,17,-9.246729870682202e-8
449,18,-0.00017548277334800133
449,21,-0.00018904642588246645
449,22,-0.00022957024774683532
449,23,-0.00018158773892906765
449,24,-0.0002842348858003163
449,27,-0.00033766459131356896
449,29,-0.0005166530086020416
449,2,0.0008778711649393145
449,6,0.0007966828778700474
449,7,0.0002697046731467978
449,8,-0.00017703727058560048
450,10,-0.0006138759733005372
450,12,-0.00033684583222992615
450,14,-0.0002849612544739699
450,17,-0.00013344311457519353
450,18,-0.00022487936793069707
450,21,3.124993801151277e-5
450,22,-0.0003107559697017592
450,23,-0.00013960107410060374
450,24,-0.0002017959905495914
450,27,-0.00025902832710311685
450,29,9.366687993583867e-5
450,2,-0.00014715820280652991
450,6,0.000814589836255486
450,7,0.00012025632691869959
450,8,6.098165634860209e-5
451,10,0.00019677925992311884
451,12,-0.0002724933162712162
451,14,-0.001324292520640924
451,17,-6.973862358172767e-5
451,18,-0.00015487648614520566
451,21,-0.0001696915952127398
451,22,-0.0002367553497553132
451,23,-0.00019071550002536242
451,24,-0.0005035763892573542
451,27,0.00012183910710916734
451,29,-0.0004544930261118907
451,2,-7.322863412984049e-5
451,6,0.00023792704778458074
451,7,0.00015654048309965418
451,8,-0.00022666573547791558
452,10,0.00040240148432779677
452,12,-0.0003356944850700927
452,14,5.8750461062295756e-5
452,17,-0.0001379209351854982
452,18,0.00014936368432216796
452,21,-0.00012255339573741253
452,22,-0.00030639447853353374
452,23,-0.000115926078391837
452,24,-0.0005255060222264518
452,27,-5.922504293565112e-5
452,29,9.549353902116309e-5
452,2,-0.0001629331623522745
452,6,-3.55074157107893e-5
452,7,7.810764187876629e-5
452,8,-0.0003036533150826415
453,10,0.0017638669967352527
453,12,-0.0002511241570628542
453,14,0.03906657066502017
453,17,-7.953644693525774e-5
453,18,-0.00016980153830559175
453,21,-0.00015480112422494585
453,22,-0.0002515540038157127
453,23,-0.00018824382010951268
453,24,-0.0005043216378215476
453,27,0.0002925465448715414
453,29,0.0001247178187213649
453,2,-9.547082893135439e-5
453,6,-2.4120654915193995e-5
453,7,0.00012084747589291567
453,8,-0.00024514949084508686
454,10,0.0016786059667008857
454,12,-0.0003468871340590596
454,14,5.9740453836276686e-5
454,17,-0.00014068201070127628
454,18,-0.0001280884757877132
454,21,-8.205040572573097e-5
454,22,-0.00030236600397781643
454,23,-0.00012421566143849816
454,24,-0.00023536892981557145
454,27,-0.00029332697846395916
454,29,9.018229022839108e-5
454,2,-0.00015700184857436739
454,6,-6.875032620534682e-6
454,7,7.625065695116007e-5
454,8,-0.00030386735786080976
455,10,-0.00010155498560227016
455,12,-0.0002918816132471136
455,14,3.71370279133032e-5
455,17,-5.518691232175854e-5
455,18,0.0004910500501056347
455,21,-0.00015921223801829143
455,22,0.00021920797973340456
455,23,-0.00019255037772580863
455,24,-0.00025705540044729247
455,27,-0.00015021856898478347
455,29,0.00015686585373853035
455,2,-1.4497328097107243e-5
455,6,0.0022226641850817686
455,7,0.0005003671559355993
455,8,-0.00024602402691176195
456,10,-0.0006400545351201714
456,12,-0.0003335160936588366
456,14,6.274980003428965e-5
456,17,0.0001796364833968056
456,18,0.0002550221284618459
456,21,-9.373309567184407e-5
456,22,0.00022007012423230776
456,23,-0.00028928178526044235
456,24,-0.00021905445223513453
456,27,-0.0007762191164362164
456,29,0.0012626071890515789
456,2,-0.00015303685980683213
456,6,0.0017765395426883046
456,7,0.00011020947561402039
456,8,-0.0001930675678307736
457,10,0.00011816868897351895
457,12,-0.00022853148280876923
457,14,-0.00752696498747607
457,17,6.713318529172341e-5
457,18,-2.888157483837972e-6
457,21,-0.0001669942017281656
457,22,0.0007217470943796656
457,23,-0.000175184736039391
457,24,-0.0002906433260054797
457,27,-0.00012920891225487452
457,29,0.0019123111524663727
457,2,-6.644594152493966e-5
457,6,-0.021043170839911696
457,7,8.41313727413251e-5
457,8,6.219549601382823e-5
458,10,0.0001824766381366416
458,12,-0.00032696154227895846
458,14,-0.007619177469147864
458,17,4.686171366330427e-5
458,18,-5.069028739868031e-5
458,21,-9.303367931590145e-5
458,22,0.009827550529630358
458,23,-6.597031890898108e-5
458,24,-0.00022596186512036098
458,27,0.0005548306445621876
458,29,0.0017695364338994324
458,2,-0.00015982021153071457
458,6,0.001544513691706939
458,7,0.0001476107368576507
458,8,0.00016410747866757447
459,10,0.00010525699469088323
459,12,-0.00022231314169918193
459,14,-0.006371482435359788
459,17,8.056972370074078e-5
459,18,-2.6763954479314123e-5
459,21,-0.00014834381852146805
459,22,0.0035250237437507437
459,23,-0.00018874931232204517
459,24,4.509629640292445e-5
459,27,-3.026608549294707e-5
459,29,-0.00031046815143387363
459,2,-8.554566121787843e-5
459,6,0.0021179969327684844
459,7,6.451051623646009e-5
459,8,3.676406302233204e-5
460,10,0.00018673358311005472
460,12,-0.000331955279728291
460,14,-0.00644964482396837
460,17,3.933187182614262e-5
460,18,0.00016493342912315967
460,21,-4.804399267932524e-5
460,22,0.003321486663749873
460,23,-0.00014278359274833008
460,24,-8.029397844833142e-5
460,27,-0.0009405647066360601
460,29,0.00176458968375659
460,2,-0.0001627844553810931
460,6,0.0015734392103530226
460,7,4.697555064581138e-5
460,8,7.549480809121434e-5
461,10,0.00011744699527138636
461,12,-0.00023667556270101642
461,14,-0.00020198749881483735
461,17,-8.926100050477004e-5
461,18,0.00027647244690598427
461,21,-0.00015553383236088791
461,22,0.003485184238106065
461,23,-0.0001918260291580154
461,24,4.249193944261265e-5
461,27,-0.0009910744512371394
461,29,0.0019139285497686842
461,2,-8.85678314226368e-5
461,6,0.0007871508251788839
461,7,6.794533887966026e-5
461,8,-0.0004598800797301905
462,10,0.0001677398034116706
462,12,-5.315954882245677e-5
462,14,-0.0002832980355167436
462,17,-0.000102766571552948
462,18,-6.16250847071953e-5
462,21,-0.0010267553721217126
462,22,0.009836549862861865
462,23,-0.00012292949007441933
462,24,2.0148803861808062e-5
462,27,-0.003159393220549589
462,29,0.0018864245446179595
462,2,-0.00015863929742732097
462,6,-0.00013768761165433574
462,7,4.9268701177496155e-5
462,8,0.00047101710915153916
463,10,-0.0003061755630060503
463,12,-7.453481609509538e-5
463,14,-0.0002137148951577572
463,17,-0.00018215816793532014
463,18,0.00040531893368545013
463,21,7.714267778879957e-5
463,22,-5.2506208747082894e-5
463,23,-0.00018300962411998967
463,24,-0.00037934280749407634
463,27,-0.0031978850618843424
463,29,0.00016449696784626155
463,2,-0.00011363822617127539
463,6,-0.00011250697129483456
463,7,7.009554427828135e-5
463,8,4.3058416273389355e-5
464,10,-0.00017276746207617322
464,12,-4.783832719290615e-5
464,14,-0.0002796432020577555
464,17,-0.0001378223551666835
464,18,0.00041719610758317316
464,21,-8.006514849068225e-5
464,22,0.00972978387689949
464,23,-5.3027195409782735e-5
464,24,-0.00016554810669511255
464,27,0.02197213212124982
464,29,0.00029017071055914556
464,2,-0.00015972144819986767
464,6,-0.000155384848778084
464,7,2.153865980414338e-5
464,8,0.0001678815173429271
465,10,-0.0004714899626137026
465,12,-0.01183489533018367
465,14,-0.0002211508563121356
465,17,-0.00018044531388561325
465,18,-0.0008302319961623894
465,21,-0.00022548216596440795
465,22,0.003303660942402864
465,23,-0.00016977622505365275
465,24,-0.00025031532128849676
465,27,-0.0034350266884848324
465,29,0.001184682068485543
465,2,-7.019676902153549e-5
465,6,0.0009606167760365381
465,7,6.086906739977138e-5
465,8,0.0002375950188495679
466,10,-0.00047295568271188415
466,12,-0.00032145629443647294
466,14,-0.0002897771768406443
466,17,-0.0001108644076497356
466,18,-6.0035946142456e-5
466,21,-0.00023659556515820412
466,22,0.00331896987593705
466,23,-8.912701648355892e-5
466,24,-0.00014063039314482495
466,27,-0.003415402592898964
466,29,0.0031708569763200245
466,2,-0.00015393113225137256
466,6,0.0008175619611172635
466,7,-7.117236279530204e-5
466,8,5.399126102290097e-5
467,10,-5.9568062916959263e-5
467,12,-0.0002391919164503875
467,14,0.00024282035646727707
467,17,-0.0001813167643955893
467,18,0.00021923719457372925
467,21,-0.0002148452196468753
467,22,0.01472665720652877
467,23,-0.00018780064176748823
467,24,-0.0002570389098641712
467,27,-0.001241913664236094
467,29,-9.487749778980259e-5
467,2,-6.777596099638572e-5
467,6,0.0001369706404537041
467,7,-2.532286147882701e-6
467,8,-0.00037987482541090856
468,10,-0.00010258834664966798
468,12,-0.00031484092064371083
468,14,0.0001673876373020633
468,17,-0.0001281770110592717
468,18,0.00024243491728181965
468,21,0.0005099510043651279
468,22,0.014643236645081714
468,23,-7.724892907745584e-5
468,24,-0.00019263006318404052
468,27,0.00016000360561463367
468,29,0.0017780576620829436
468,2,-0.00015006541739737145
468,6,0.00011994527839931379
468,7,-1.5803131489633415e-5
468,8,-0.0002127652370749189
469,10,0.0001664130126606267
469,12,-0.00021395267503088178
469,14,-0.0002086882914227317
469,17,-0.00017064954634538054
469,18,-0.00013893188705349502
469,21,-0.00036854205279457375
469,22,8.854846573136399e-5
469,23,-0.0001798207261520801
469,24,-0.0002459827133121095
469,27,0.00021978518793996926
469,29,0.003259200825975306
469,2,-6.460703737065643e-5
469,6,0.00010817504926130539
469,7,-0.00010284389552417394
469,8,-0.00027474500376278854
470,10,9.067399437423518e-5
470,12,-0.0003114646762236717
470,14,-0.00028299742610737866
470,17,-0.00011249813131719577
470,18,0.0002323289009034113
470,21,-0.0003124809180965471
470,22,0.00010383751369147376
470,23,-0.00012259934792524518
470,24,-0.000191039719586783
470,27,-0.0002568413986985263
470,29,0.003173330524723461
470,2,-0.0001496633737056996
470,6,0.00012302568037725337
470,7,-2.520213329759713e-5
470,8,-0.0001802836966726673
471,10,0.00010963372786676473
471,12,0.00027543120607642635
471,14,-0.00020852554349737318
471,17,-0.00021550391348945652
471,18,0.0002151336522109304
471,21,-0.00016552221689725144
471,22,0.0001240438759060325
471,23,-0.00015994448707168374
471,24,-0.00025850462468746116
471,27,-6.913073714809315e-5
471,29,0.00024825433386421736
471,2,-6.224394013187862e-5
471,6,0.0007802842792727915
471,7,-0.00010647480852199465
471,8,-0.0002668468512476707
472,10,6.900533888032356e-5
472,12,-0.00031993301855148815
472,14,-0.0002952651120891048
472,17,-9.12472283989274e-5
472,18,0.00022906633615527028
472,21,-9.976906451303336e-5
472,22,9.006308870063151e-5
472,23,-0.000323970436158838
472,24,-0.00013407247654306786
472,27,-5.289708759459444e-5
472,29,0.0011718939344902424
472,2,-0.00015124498744878423
472,6,0.0008251234873695168
472,7,-2.437924915099643e-5
472,8,0.0002707018872110112
473,10,-5.577051703742342e-5
473,12,-0.00024353141292898783
473,14,-0.00021925261331823265
473,17,-0.00017793691389389465
473,18,0.0002074354326033756
473,21,0.002637388095198645
473,22,0.0001309927475627859
473,23,1.0349770252382484e-5
473,24,-0.0002460215391888454
473,27,-0.0001126550304260121
473,29,0.0002456957294771911
473,2,-6.544042390022042e-5
473,6,0.00024000849326633045
473,7,-0.00011030433615744073
473,8,0.0001874429107839859
474,10,0.00045961846265996087
474,12,-0.00031538390586050014
474,14,-0.00028753282667626223
474,17,-0.00011416315173562452
474,18,0.0005720841242951025
474,21,-9.474285543653593e-5
474,22,9.179004794823697e-5
474,23,-5.43299792026275e-5
474,24,-0.00016630802299566483
474,27,-9.65227816616121e-5
474,29,-0.0003390915861629651
474,2,-0.00015229857076093367
474,6,3.0815224663527374e-5
474,7,-3.901673423190033e-5
474,8,-0.0002161811541512293
475,10,0.0005273573431212597
475,12,-0.00022868151035737583
475,14,-0.00021863333496519033
475,17,-0.00018424875853817468
475,18,0.00016347316234277542
475,21,0.0014839473688024185
475,22,0.00013031836645804873
475,23,-2.6760826209226707e-5
475,24,-0.00024849655183789565
475,27,3.681396803578707e-5
475,29,0.00014012715701117173
475,2,-0.00028932446962404157
475,6,7.467955363882339e-5
475,7,-9.561328401108682e-5
475,8,-0.0002766924820543082
476,10,6.206964148880445e-5
476,12,-0.00032512878604773476
476,14,-0.0003794611435008477
476,17,-0.00010571612205367842
476,18,0.0001851807445358844
476,21,0.0026828916121965918
476,22,0.01471017029157462
476,23,0.00026748382845820373
476,24,-0.00014552890571106758
476,27,-0.00027569190021736745
476,29,-0.0021888057725449883
476,2,-0.0002662183309043442
476,6,3.6390631877658564e-5
476,7,-1.1260201898011246e-5
476,8,-0.0002237093964847503
477,10,-0.00019191211866953495
477,12,-0.0002403122779757183
477,14,-3.750545847669429e-5
477,17,-0.00017796488976440372
477,18,-0.0010976708019487802
477,21,0.00016287182020047197
477,22,0.0001402128717806761
477,23,-0.000136754171156106
477,24,-0.0002444176342288884
477,27,-0.00022564671787961288
477,29,-0.0007853002923443597
477,2,-0.00029421420897968176
477,6,-0.00017622430732266992
477,7,-0.00010263145295041909
477,8,-5.756819900692989e-5
478,10,-0.00030745621903971454
478,12,-0.000337073549417255
478,14,-1.6435726719166155e-5
478,17,-9.73112342803617e-5
478,18,0.00017472349449398905
478,21,0.00023255702639790599
478,22,0.00012807417067683957
478,23,-0.00016738803124560775
478,24,-0.00016104882537781862
478,27,0.0003089778129750087
478,29,-0.0021775960226442237
478,2,-0.0005143204988913297
478,6,-0.00016596163414295262
478,7,-3.412895693521989e-5
478,8,0.0004950190160322165
479,10,-0.00024399747323311516
479,12,-0.00023585311607199344
479,14,-4.472697574087192e-5
479,17,-0.0001666954672527865
479,18,0.00016491331076817772
479,21,-0.00016168794184867608
479,22,0.00013734693042444235
479,23,-0.00010243576454715964
479,24,-0.0002484470814101414
479,27,-0.0006116869088295118
479,29,-0.00031583123366818455
479,2,-0.00046904792559399056
479,6,0.00016384012867742825
479,7,-9.454532443875507e-5
479,8,0.00012842224475484443
480,10,-0.0003212337239411056
480,12,-0.00032556642304726324
480,14,-0.0003872996090761305
480,17,-0.0001842273751782031
480,18,0.00018434045105664154
480,21,-0.00011020497412506103
480,22,0.014679338824769239
480,23,-0.00011720465034148475
480,24,-0.00020520943067836583
480,27,-0.00022877950678612535
480,29,9.653115584296046e-5
480,2,0.0002967459777334369
480,6,-0.00017526333668982375
480,7,-2.39354691640159e-5
480,8,-0.0001563831703785823
481,10,-0.00025937951319310315
481,12,-0.0002564834120004633
481,14,-0.00023481591643381705
481,17,-0.00017132409408038285
481,18,0.00015263063710602154
481,21,-0.00017475233752772823
481,22,0.00045352521574226756
481,23,7.91326645988022e-6
481,24,-0.00024633225446990537
481,27,-0.00021202469107350908
481,29,0.0001305664758097791
481,2,0.00015815461574142375
481,6,-0.0002165190245531079
481,7,-0.00010181425033817249
481,8,0.000130800026236777
482,10,-0.0003167473614302807
482,12,-0.00032630795216448405
482,14,-0.0003090413763633393
482,17,-0.00018578485762610342
482,18,-0.00012093659210865582
482,21,-0.00010507615826771399
482,22,-0.0007529997659023735
482,23,-0.00014964751546653332
482,24,0.00019542081957535373
482,27,-0.0002900254122844004
482,29,9.683610920063757e-5
482,2,0.00026197514972103875
482,6,-0.00014740611187047392
482,7,0.0004815624910250449
482,8,0.00012148038590265031
483,10,-0.00023476275955935932
483,12,-0.0002607134745495898
483,14,-0.00023701621027427677
483,17,0.00031442197871367483
483,18,-5.83657770132362e-5
483,21,-0.00016254280579186542
483,22,0.014880706960009427
483,23,-3.552215108459933e-5
483,24,-0.0002498732464335518
483,27,-0.00022768541425932654
483,29,0.0001304402942725602
483,2,-0.00030154310696062225
483,6,-0.00012218704796929103
483,7,0.0004919584348126449
483,8,0.0001214341577355782
484,10,0.00016788639090314916
484,12,-0.00032495446041203024
484,14,7.474862621315026e-5
484,17,-0.0005693598111360387
484,18,-0.00012255876939626376
484,21,-0.00010853724405368581
484,22,0.014856059919346798
484,23,-0.00016696902776214273
484,24,-0.00018153991295655203
484,27,-0.00029009090549170224
484,29,0.0001138431744154289
484,2,-0.0005059705546912596
484,6,2.3072669952384217e-6
484,7,0.00047177761221650627
484,8,0.0001130797574040443
485,10,-0.00024760349472607857
485,12,0.00026185360538644176
485,14,-4.711161719761492e-5
485,17,0.00023421540569223964
485,18,-5.7735647917667166e-5
485,21,-0.00019643699337379417
485,22,-0.000651058626941925
485,23,-0.00010816407663050143
485,24,-0.0002541546103476122
485,27,-0.00023371670337724026
485,29,0.00012034238778468875
485,2,4.711261611323181e-5
485,6,-0.0002161184039088937
485,7,0.0014807383471238111
485,8,0.00012664404665407858
486,10,-0.00032556110049508646
486,12,-0.0003148099007530547
486,14,-0.0004119985225257139
486,17,3.1550342477260074e-5
486,18,-9.712847292497884e-5
486,21,-0.000441430279710886
486,22,-0.0006997907268448955
486,23,-0.00016477078855547944
486,24,-0.00022158677771511037
486,27,-0.0006195879229222712
486,29,-0.00010176859358157486
486,2,0.00016191444054669546
486,6,-0.00015368376617885815
486,7,0.0015744531735171208
486,8,3.600946441384423e-5
487,10,-0.0002754207507287276
487,12,-0.00024330981453335454
487,14,-0.0004106186137748935
487,17,7.029520360379848e-5
487,18,0.0007041187755874034
487,21,-0.00016683129714856193
487,22,-0.0006523641864433216
487,23,0.00018921802136606658
487,24,-0.0002669286422616324
487,27,-0.00014435841143800587
487,29,-9.662382746533638e-5
487,2,-7.183133928378993e-5
487,6,-0.06473148118173633
487,7,0.0004969229141353892
487,8,-0.0005349740997733221
488,10,-0.00031987537499666985
488,12,-0.00032037090825731696
488,14,-0.00012745631510036048
488,17,3.074611174103126e-5
488,18,-7.855364752629157e-5
488,21,-0.00014929723077727886
488,22,-0.0014569096424770223
488,23,0.0005430394254792859
488,24,-0.00019296875620433696
488,27,-0.0006133340537646248
488,29,3.80311585983506e-5
488,2,-9.196661221277935e-5
488,6,5.5876348179495494e-5
488,7,-5.4324871169519895e-5
488,8,-0.0004649046422073866
489,10,0.00012437552862110124
489,12,0.00013179863992007768
489,14,-0.0004487487620430386
489,17,-0.00016675410169852967
489,18,-4.724217281815157e-5
489,21,-0.00017101619288695247
489,22,-0.0015608695183075838
489,23,-0.00038102623821067994
489,24,-0.0014654810709755495
489,27,-0.00011420680157492313
489,29,7.149362986247354e-5
489,2,-3.564510409415078e-5
489,6,9.460281393103287e-5
489,7,-0.00014529513912808767
489,8,-0.0005366156240143027
490,10,8.765981866520889e-5
490,12,6.59283679063094e-5
490,14,-0.00044500038699268885
490,17,-9.094101730422466e-5
490,18,-7.25501330833822e-5
490,21,-0.00014903198452120847
490,22,-3.867482926089849e-5
490,23,-0.00035738782778960143
490,24,0.0011849360574753831
490,27,-0.0002904486202099932
490,29,5.739382800928894e-5
490,2,1.2414117863457363e-5
490,6,6.712344812687121e-5
490,7,-7.338176950622e-5
490,8,0.0002083700301973579
491,10,5.338690524592238e-5
491,12,-0.00010518926343205948
491,14,-0.0001651037984604642
491,17,-0.0001596032493695887
491,18,-5.0711840015260634e-5
491,21,-0.0001687319925913755
491,22,-4.494073667604681e-5
491,23,-0.08574773822474757
491,24,-0.0004407403729418391
491,27,0.00027596969015508677
491,29,5.791741165062092e-5
491,2,-0.0002878126191641073
491,6,0.0003285131575951894
491,7,3.0368246127565612e-5
491,8,2.1037457148764815e-5
492,10,8.669727188337362e-5
492,12,6.707555825968825e-5
492,14,7.652325079199329e-5
492,17,-8.101760759871013e-5
492,18,0.00035717927873424316
492,21,-0.00013421638940158687
492,22,0.015053097136413562
492,23,-0.00011486765405521737
492,24,-0.0004161876645234486
492,27,-0.00028516575827985946
492,29,-0.0002473930071831276
492,2,-0.0002576577194863816
492,6,0.0007766657886820738
492,7,-7.637522150361065e-5
492,8,-2.4581438442972114e-5
493,10,5.1598224825255556e-5
493,12,-0.00019737978041423077
493,14,-0.00021202031534617305
493,17,-0.00015200655541125485
493,18,0.0007319576441044973
493,21,-0.0001767810910191514
493,22,-4.272256504300742e-5
493,23,-4.925885328610491e-5
493,24,-0.0003080874710796877
493,27,-0.00022578292888386642
493,29,-0.0003209078282493394
493,2,0.00034538320522248256
493,6,-1.0105383188907524e-5
493,7,-6.475393164251386e-5
493,8,1.762246691416891e-5
494,10,0.00015875886311622622
494,12,-0.0003672745601859262
494,14,-0.00028528649560577435
494,17,-5.193321816676644e-5
494,18,6.985081028876294e-5
494,21,-4.6623112382349063e-5
494,22,-7.895783346434371e-5
494,23,-0.00012121850448565397
494,24,-0.00027459239122684664
494,27,-0.00030194211478562494
494,29,-0.0003076133502437628
494,2,-0.0001362958064152764
494,6,1.5746645405378956e-5
494,7,-9.335125622200735e-5
494,8,0.0005614681977768043
495,10,0.0001247511052095973
495,12,0.00016330060114011502
495,14,0.0002338610821261966
495,17,0.00016173985332113006
495,18,4.25900186327155e-5
495,21,-9.51587286222022e-5
495,22,0.014630303030295444
495,23,-8.255002854262727e-5
495,24,-0.00022137888834183883
495,27,-0.00022725504055731705
495,29,-0.0003191901500461114
495,2,-0.00012338678865031483
495,6,-2.3909359740947878e-5
495,7,-8.669400166638752e-7
495,8,1.728942636791686e-5
496,10,4.870643781718087e-5
496,12,-8.552738762990231e-5
496,14,0.00011645577973684595
496,17,0.00012419989006229315
496,18,6.107989469494868e-5
496,21,-0.00017001946282402258
496,22,-0.00033354254897943747
496,23,-0.0001806185192654297
496,24,-0.00028101723687967706
496,27,-0.0002950630632891915
496,29,0.00014520858747069099
496,2,-0.00014334529635995352
496,6,-0.00010106040455681864
496,7,8.3670924822421e-5
496,8,-2.699887160950709e-5
497,10,-0.0005797037703745289
497,12,-4.707934662029345e-5
497,14,7.6016452465133e-5
497,17,0.00016476597895209721
497,18,7.171552533957737e-5
497,21,-4.3377804983535384e-5
497,22,-0.0003052058369714672
497,23,-5.182997933772526e-5
497,24,-0.00023601161295783157
497,27,0.00018240231564892184
497,29,0.00021515007432526545
497,2,0.0005577125908944325
497,6,-2.7799077155776786e-5
497,7,-0.00016427503952964884
497,8,-1.0253054615994017e-5
498,10,-0.0006339298341675459
498,12,0.0002876331855432568
498,14,0.00011357016112523155
498,17,0.00011722694030869008
498,18,7.268801557636095e-5
498,21,-6.461459864404162e-5
498,22,-0.0003240441774901015
498,23,-0.0001301460915978936
498,24,-0.00022575989878248492
498,27,0.00021336250788905886
498,29,0.00014026361798702425
498,2,-0.0008421921937316057
498,6,1.2329324242443818e-5
498,7,-3.5487156037739e-5
498,8,0.00036419187003033926
499,10,0.0006784339712835319
499,12,0.0001659469101280564
499,14,0.0002269688487590571
499,17,0.00016526441020836558
499,18,0.00015527542477578038
499,21,-6.033324495291481e-5
499,22,-0.00031540994363332686
499,23,-6.528952124273957e-5
499,24,-0.0002567060421512224
499,27,0.00018398900003102625
499,29,9.035309925664592e-5
499,2,-1.2736409751745725e-5
499,6,-3.964147497903525e-5
499,7,-9.998903312880003e-5
499,8,0.0003529171154292854
500,10,-0.00018286773070119722
500,12,0.00023346050260020235
500,14,0.00015997379210652696
500,17,0.0001306743391999987
500,18,-0.00017727234324738106
500,21,-0.00017237767611444355
500,22,-0.00032918039407459077
500,23,-0.00012777435103217272
500,24,-0.00023286131298316803
500,27,-6.392548556366506e-5
500,29,-0.00015764103712800903
500,2,-2.1270510358384342e-5
500,6,-0.000567139358583546
500,7,1.5696217674943114e-5
500,8,0.00037477632570581676
501,10,-0.0006099704100348546
501,12,5.1333349750493085e-5
501,14,0.00013974493056601034
501,17,0.0001691967687307283
501,18,-0.00024439014519028746
501,21,-8.461294869555047e-5
501,22,-0.00034465576762077177
501,23,-6.736003680529734e-5
501,24,-0.00040369521429539645
501,27,0.00019618534098331253
501,29,-0.0002487171215843631
501,2,0.00023813987317655716
501,6,0.0005657482887437837
501,7,-8.136064188235537e-5
501,8,-4.101447114202017e-5
502,10,-2.4089997801013396e-6
502,12,0.0001340249334518262
502,14,7.820167799899025e-5
502,17,0.00012086945169098584
502,18,-0.00016644985856562045
502,21,-0.00017791909560038732
502,22,-0.00024856552933893994
502,23,-0.0001184414419217461
502,24,-0.00023592231844471456
502,27,0.000188652041392956
502,29,-0.00020190790288410199
502,2,0.0002051981084800758
502,6,2.4474099720173115e-5
502,7,-8.056206215023565e-6
502,8,-5.465075654154106e-5
503,10,-0.00017358974375092373
503,12,-0.00030940480356367317
503,14,-0.00022681718366879267
503,17,0.0001680285223448763
503,18,0.000401745397904385
503,21,1.6890524858759193e-5
503,22,-0.00034107967101615344
503,23,-8.089072371308959e-5
503,24,-0.00021695406472144185
503,27,0.00021335601848360142
503,29,-0.0002453612861437193
503,2,0.000367754020056843
503,6,-0.00010682339004919328
503,7,-9.24599336746823e-5
503,8,-3.370543783720592e-5
504,10,0.00045076730928794717
504,12,-0.0002269696580441405
504,14,-0.0002857072133304328
504,17,0.00011504187941824284
504,18,-9.756494276302874e-5
504,21,1.6454218569883494e-5
504,22,-0.00027732816781878
504,23,-0.00015975270064139124
504,24,-0.00026957183668496754
504,27,0.00015839383390847672
504,29,-0.00018277995744497844
504,2,0.00037595345918095546
504,6,-0.00012043854375054508
504,7,7.294792427003927e-5
504,8,1.3626958709878068e-5
505,10,-0.00143832246858544
505,12,5.61578250399819e-5
505,14,-0.0002134052945228504
505,17,0.00016223053098940454
505,18,-0.00042890097263281746
505,21,-8.18188076490145e-6
505,22,-0.0003514649555658167
505,23,-5.012409067628454e-5
505,24,-0.00020451949202460185
505,27,0.00020068205912338044
505,29,-0.00024620025875599083
505,2,0.0002469023676070492
505,6,-0.00013257864185067803
505,7,-0.0015772394017625757
505,8,-0.0003902329086109546
506,10,-0.00027462636410113817
506,12,0.00014017265264421042
506,14,-0.00029346434375376873
506,17,-6.36654249372981e-5
506,18,-0.00044307539755017444
506,21,4.854670695664254e-5
506,22,-0.00040504344675973414
506,23,-0.00017017458042278832
506,24,-0.0002637287041977743
506,27,0.00010318357229088804
506,29,-0.00018889580201264522
506,2,0.00021072209756400895
506,6,-0.00010825510335621402
506,7,7.663668630630838e-5
506,8,-0.00046714957012916614
507,10,0.00041794717067489273
507,12,0.00016701644975913865
507,14,0.000134281926043478
507,17,-0.00014483740609261275
507,18,-0.00015721183692107843
507,21,0.00011798020808040377
507,22,-0.0003844376478117084
507,23,-7.301819517557817e-5
507,24,0.00015188026609358474
507,27,-0.0008487365759384247
507,29,-0.00011835723496389505
507,2,0.0002470225739923393
507,6,-1.0234692258137557e-6
507,7,-0.00020679263693157424
507,8,-0.0004031682351826049
508,10,0.00022986703853966617
508,12,0.00012556941063479599
508,14,-5.823505058355494e-5
508,17,-9.418560774410167e-5
508,18,-9.421882353954913e-5
508,21,-0.00017509498662438006
508,22,0.00080124609991028
508,23,-0.00014083505609097102
508,24,0.0001601597616440742
508,27,-0.0010742871638820262
508,29,-0.00023777889238374428
508,2,0.00021079349010122428
508,6,5.1251210742009334e-6
508,7,-0.00027964516365130976
508,8,-0.000467131085990502
509,10,0.00027670739259910704
509,12,0.00015526184858760672
509,14,-0.00011444096378010471
509,17,-0.00015839972697140325
509,18,-0.0001648297807328447
509,21,-0.0001776188928985789
509,22,0.0008367762505816501
509,23,-0.00010597899585818027
509,24,-8.507570453542002e-5
509,27,-0.001181339357666289
509,29,-0.00017016177316442338
509,2,0.0004246913977556943
509,6,2.4667654452414922e-6
509,7,0.0005090386868396024
509,8,2.0677529134260908e-5
510,10,0.0002410479628531803
510,12,0.00016298902134526116
510,14,0.00015973105272504284
510,17,-0.00013066529521754688
510,18,-9.206835812225478e-5
510,21,-0.00020872863801280062
510,22,0.0007361533501706319
510,23,-0.00014280825749235504
510,24,-4.748049534519794e-5
510,27,-0.00024262141143527316
510,29,-0.0002452763892222265
510,2,-0.0003048832801813006
510,6,3.4952442665492356e-5
510,7,-0.00029095213515084595
510,8,-7.401169425236276e-5
511,10,0.00027899174184753406
511,12,0.00016777025297276538
511,14,-0.00026702377773535346
511,17,-0.00015705544987287823
511,18,-0.00015653758503209048
511,21,-0.00017239661991830246
511,22,0.0008415740385450121
511,23,-9.300336274709053e-5
511,24,0.0001668723232075564
511,27,-0.00029931326038568073
511,29,-0.00016994785258273026
511,2,0.00040989826101167637
511,6,8.87267506906042e-5
511,7,-0.000305537869784267
511,8,-0.0002956859907641274
512,10,0.00024013264232181086
512,12,0.00015467322548978757
512,14,-0.0002675087532919562
512,17,-9.127289178678666e-5
512,18,-7.455225263530707e-5
512,21,0.00014456310078347911
512,22,0.005125811635872779
512,23,-0.0001521888465623178
512,24,-0.0002988297702994913
512,27,-0.0002671549232458048
512,29,-0.00024147082809555798
512,2,-0.000304418651039029
512,6,-8.092594270259212e-6
512,7,-0.0002880354000458496
512,8,-0.000537157323615034
513,10,0.00022782429590240127
513,12,0.0004219236467095655
513,14,-0.0001841254477854548
513,17,-0.00015644367569755957
513,18,-0.0001592927711531189
513,21,-3.616921924898264e-5
513,22,0.0008390866224443627
513,23,-0.00010110261825335698
513,24,-0.00023351452346176416
513,27,0.00036236655663479667
513,29,-0.00016505962554802522
513,2,0.000588662603859369
513,6,-0.00018697171028314585
513,7,0.00034356533806256806
513,8,-0.0004482809534218646
514,10,0.00044696181948200575
514,12,-0.00031114201465509694
514,14,-0.00020666817951831007
514,17,-9.449856641374765e-5
514,18,-8.22752358384804e-5
514,21,0.00015262287293271726
514,22,7.930769696695705e-5
514,23,-0.00014955996211174494
514,24,-0.0002943892173137286
514,27,-0.0002231503257199563
514,29,-0.0002456755552824319
514,2,-5.583240104911624e-6
514,6,-0.00013528580305077753
514,7,0.00028000979160491823
514,8,-0.0004086182688727291
515,10,-0.00013593266115918823
515,12,-0.00026524647608372476
515,14,-0.00022820254850763888
515,17,0.00012291412947096347
515,18,-0.00016198850848248014
515,21,0.00013448361364520878
515,22,0.00010147920493253082
515,23,-9.855072546116617e-5
515,24,-0.00024814583338539364
515,27,-0.00028841389042533194
515,29,-0.00016300873543162453
515,2,-2.6569731389258777e-5
515,6,-0.00019917008647674095
515,7,-0.0007359136585032289
515,8,-0.0005137330102060744
516,10,-0.00013375614755606335
516,12,-0.0003219235011000521
516,14,-0.0010966968150531997
516,17,0.00012021725123734228
516,18,-9.332477362100633e-5
516,21,0.00014131275239837038
516,22,6.131403707598793e-5
516,23,-0.00014015503661379825
516,24,0.00019629775171292607
516,27,-6.662296407622392e-5
516,29,-0.00024076230737168913
516,2,0.0007832484310865695
516,6,-0.00015037437787412955
516,7,-0.00016994279252191546
516,8,0.0004012897247429592
517,10,-0.00013096556930314307
517,12,-0.00025336961734367947
517,14,-0.0002303648500561195
517,17,0.0005010448787201582
517,18,-0.00015743637376886
517,21,0.00025099471070699764
517,22,0.00010190610099503061
517,23,-9.60159350293921e-5
517,24,0.0002907290239608784
517,27,-0.0009799900885667512
517,29,-0.0001601427005377687
517,2,-0.00041242160062360256
517,6,-0.00018929265028688746
517,7,2.85737209893e-5
517,8,-2.572122863941928e-5
518,10,-0.00018148491326641647
518,12,-0.00031629088302675967
518,14,-0.00014546561494288568
518,17,0.00012914367486605016
518,18,-8.704158966121867e-5
518,21,-0.00022266041594320996
518,22,9.019958950862161e-5
518,23,-0.0001538292049358958
518,24,-0.00026833124466563163
518,27,-0.00013021855066241983
518,29,-0.00023632554753216795
518,2,-0.0004718896258530947
518,6,-9.166803195714834e-5
518,7,4.282741814698454e-5
518,8,-5.4056064042740104e-5
519,10,-0.00018658531931947664
519,12,-0.00026848394509482176
519,14,-0.00023051116081251877
519,17,6.175940941233193e-5
519,18,-0.00016124846039478058
519,21,-0.00021425108589845365
519,22,9.875497203104544e-5
519,23,-8.438010060807244e-5
519,24,-0.00024846610461182195
519,27,-0.0001549546294929982
519,29,-0.0001804871358990212
519,2,0.00011037443978256789
519,6,-0.00019742346086815132
519,7,0.0002178654405113889
519,8,-8.002044248467399e-5
520,10,-0.000267346950710845
520,12,-0.00030800160879884686
520,14,-0.00017367230356857277
520,17,0.0001225519936838282
520,18,-0.00014032441019384834
520,21,-0.0002129362626108744
520,22,4.890520708666912e-5
520,23,-0.0001615240745147517
520,24,-0.0003079973185062812
520,27,0.0003260785551013612
520,29,0.00023400591665811987
520,2,0.00010956886358925999
520,6,-0.00010068784325412139
520,7,4.220416718148101e-5
520,8,0.0006006981548694057
521,10,-0.0001915440944344482
521,12,0.0001522445838482156
521,14,-0.00022400475749151383
521,17,0.00012004515524388637
521,18,-0.0003870849278220234
521,21,-0.0001095718076040697
521,22,0.0001055125441951077
521,23,-7.094519537975685e-5
521,24,-0.00018471618831217285
521,27,-0.0009321476788048955
521,29,-0.0007001902635703772
521,2,7.885823148789939e-5
521,6,-0.00019512549076416974
521,7,0.00023685112655424945
521,8,-7.080314125396114e-5
522,10,3.7826542246932604e-5
522,12,-6.861647597844467e-5
522,14,-0.00016135117967230883
522,17,0.00011475929967375009
522,18,-0.00023633956125834743
522,21,-9.751929868251352e-5
522,22,0.0006114897909128558
522,23,-4.442223963785352e-5
522,24,-0.0002526423482960283
522,27,6.052597565986417e-5
522,29,-0.0001534533731630816
522,2,0.00015017167008402055
522,6,-0.00011955677527186737
522,7,-0.00010623763284023369
522,8,-5.844374773467109e-5
523,10,-0.00024334801870828926
523,12,-7.183193341830929e-5
523,14,-0.04281848777578556
523,17,-4.8363372305182395e-5
523,18,-0.0006740007665557712
523,21,-0.00013845859840966313
523,22,0.0005369584810130945
523,23,3.1047399488670635e-5
523,24,-0.0002335762060798885
523,27,5.225608378278679e-5
523,29,-0.0001548631441936621
523,2,0.0005617697181161674
523,6,-0.00018618145419058152
523,7,-0.00011820375395732441
523,8,-7.421976438859446e-5
524,10,-0.00025569663498092865
524,12,0.00021731720006545885
524,14,-8.87261760249558e-5
524,17,-0.00012897355330920846
524,18,-0.0006581436844328437
524,21,0.0007824026807172757
524,22,0.0001106338380525429
524,23,-0.00016444899794620937
524,24,0.0002065283776824245
524,27,-0.0007494184184251296
524,29,-0.00023031765509529123
524,2,-0.00018321577786295506
524,6,-0.00011433491064583023
524,7,-5.9648811160606385e-5
524,8,-6.29070035964574e-5
525,10,-0.00027819586741628655
525,12,0.00019642250448548282
525,14,-5.349005032506682e-5
525,17,-6.883459552575744e-5
525,18,4.4985468720781796e-5
525,21,0.0016196659636760202
525,22,0.0006709053103337581
525,23,-3.739967238214348e-5
525,24,-0.00026553230858361587
525,27,-0.0007736051014983758
525,29,-0.00017621555382341114
525,2,-0.00015103791776116537
525,6,-0.0001645653128292679
525,7,-9.76774231542521e-6
525,8,-0.0014890449355826618
526,10,-0.0002542120272428505
526,12,0.000183170218230444
526,14,6.02294567793038e-5
526,17,-0.00013174746801514203
526,18,-8.647655790916531e-5
526,21,0.00019928829810922366
526,22,0.0001303995586514617
526,23,-0.00011848969604599802
526,24,0.00018929710678694533
526,27,-0.0007828813512658073
526,29,-0.00022933788063284055
526,2,-0.00017581014492229485
526,6,0.0003426172474600975
526,7,-5.365318380867734e-5
526,8,-0.0003231312825437982
527,10,-0.00010678920803464109
527,12,0.0005923459855434743
527,14,0.00037212550824694546
527,17,-5.7852490920495825e-5
527,18,4.523805846368134e-5
527,21,0.00016110278243797183
527,22,0.00043548035899831916
527,23,-0.0007222841897629451
527,24,0.00027648132962188043
527,27,-0.0007669431092738321
527,29,-0.00016052773297214884
527,2,-7.2977118898975846e-6
527,6,0.0003690422393933801
527,7,-0.00018156773489508282
527,8,-0.00033814095951889556
528,10,-0.00011629279334002263
528,12,-2.083914393580244e-5
528,14,-0.0010963794359328816
528,17,-0.0001270404452160534
528,18,-0.0001297899676995229
528,21,-0.00010868869835700679
528,22,0.00011826350454668955
528,23,0.0003172953317980287
528,24,-0.0003232632086458409
528,27,-0.0007539338557869257
528,29,-0.00023561926536252997
528,2,-1.2775116289276411e-5
528,6,0.00048713007034439926
528,7,-9.508814887393413e-5
528,8,-0.00031628199257127676
529,10,-9.20854178820818e-5
529,12,-2.802665795620385e-5
529,14,7.407939193626589e-5
529,17,7.553182149866444e-5
529,18,-0.0002168561342807962
529,21,-7.167224541948514e-5
529,22,0.00014789680367588431
529,23,-0.0007448887513374913
529,24,-0.00030647712137099603
529,27,0.00017152296542821688
529,29,-0.00016175358184700173
529,2,-0.0012829043201456614
529,6,0.00017192399579357698
529,7,-7.986359400025123e-5
529,8,-0.00041067822075913085
530,10,-0.00026775658347055753
530,12,6.0255468616432495e-5
530,14,0.0001092290096256221
530,17,7.924053376751061e-5
530,18,0.0001157357387624458
530,21,-0.08980319508548185
530,22,0.00013698459140965014
530,23,-0.00014244975353516764
530,24,-0.0003354169748464031
530,27,0.00010458731918028263
530,29,-0.00023585173671847315
530,2,-0.00020614383117045776
530,6,9.103385048536694e-5
530,7,-6.064666553573517e-5
530,8,-0.0003755155131495158
531,10,-0.0003236556217052211
531,12,-1.8717065300322133e-5
531,14,0.00012876960638674717
531,17,7.619839176165044e-5
531,18,0.00013416851599235002
531,21,0.00013018504356754335
531,22,0.00014155813166372155
531,23,-8.474308046935164e-5
531,24,-0.00039172646900098584
531,27,9.913444088383017e-5
531,29,-0.00017342106071449592
531,2,-0.00017812211930667843
531,6,6.358334931100273e-5
531,7,-9.028647960906966e-5
531,8,-0.00039824433948254523
532,10,-0.00026969914759877867
532,12,-1.3092168323680653e-5
532,14,-0.0034042782759406975
532,17,4.89908042045073e-5
532,18,-9.588745322552938e-5
532,21,-0.00036012914466621027
532,22,9.064380132617345e-5
532,23,-0.00015708183279450338
532,24,0.00014166260872627845
532,27,0.00012129982547737228
532,29,-0.00023631243987232153
532,2,-0.00020223796435736574
532,6,9.899280015090994e-5
532,7,-1.9684851750412236e-5
532,8,-0.0003771526847069495
533,10,-0.0003345451636027619
533,12,0.0004599116619194987
533,14,-0.0007914970699909318
533,17,8.546821832844387e-5
533,18,0.00013702298803153212
533,21,-0.000523412755812025
533,22,0.0009211074097086325
533,23,-0.00012607488754223795
533,24,0.0007505084595749167
533,27,9.542426072606247e-5
533,29,0.00044441529918071154
533,2,-0.0003896221460406579
533,6,5.225713003653709e-5
533,7,-8.886714822953223e-5
533,8,-0.0003967632303778501
534,10,-0.00026285842766338163
534,12,0.0004942122277844518
534,14,-0.0012411823559679291
534,17,0.00024039398014874536
534,18,0.0004985585783838786
534,21,-0.00015791794199770948
534,22,0.0007971911500286311
534,23,-0.0001459773824592503
534,24,0.00014676948415726088
534,27,0.00015890407125862538
534,29,6.21015858817131e-5
534,2,-0.0015812287582086526
534,6,8.009133600950236e-5
534,7,4.659373978910253e-5
534,8,-0.0005228807647696954
535,10,-0.0003372060289557055
535,12,-1.3659656898923345e-6
535,14,0.0005636175436407598
535,17,-9.134574034064258e-5
535,18,-0.00015384692936759592
535,21,-0.0002073634563286575
535,22,0.0009202314563721004
535,23,-0.0001174365242482267
535,24,0.00011663129699890362
535,27,0.0008187593960649053
535,29,0.00012412625609758976
535,2,-0.0015936757194872087
535,6,8.141673953510065e-5
535,7,-8.966381621977604e-5
535,8,-8.487705527659983e-5
536,10,-0.00028932878295506725
536,12,-4.9422851898128783e-5
536,14,0.0008489557606914389
536,17,-0.00024362878713191094
536,18,-0.000180550252784073
536,21,-0.0005580962623161767
536,22,-0.00010375227391001829
536,23,-6.78677035566011e-5
536,24,3.934250284753915e-5
536,27,0.0004940188634456888
536,29,5.2907788727907246e-5
536,2,-0.001617346184804802
536,6,7.232930550316041e-5
536,7,-4.0433167495912414e-5
536,8,0.00028007366855753446
537,10,-0.00034060859870876925
537,12,0.00017351765660933438
537,14,0.00013367378254525164
537,17,0.00014972653621470045
537,18,0.00013504103044947868
537,21,-0.00016954091656806725
537,22,0.0008385680945330876
537,23,-9.357274644106184e-5
537,24,0.00014165176162528326
537,27,-0.0007600246549896994
537,29,6.665923669491036e-5
537,2,3.8175178866062254e-5
537,6,9.213564996990442e-5
537,7,-8.281985019742422e-5
537,8,-0.0004883045263683883
538,10,-0.00026448833992009924
538,12,0.00033082541924756015
538,14,-0.0002794044725558109
538,17,-0.0004362266437745177
538,18,0.00041254946889779376
538,21,-0.00020082176181546174
538,22,0.004862336196461037
538,23,-0.00014688990930977752
538,24,0.00010293010248219048
538,27,-0.00033648947940889684
538,29,9.218205281413816e-5
538,2,3.290316352266842e-5
538,6,8.91515880390159e-5
538,7,-0.0004200882257956451
538,8,0.00026792503148787006
539,10,-0.00034066459510295743
539,12,0.0003134374399342832
539,14,-0.00021485451224645402
539,17,-0.00011756958469799628
539,18,0.001197147281287947
539,21,-0.00021303627511404244
539,22,0.004785659494459971
539,23,-0.00010243960720579537
539,24,0.00014528664593438378
539,27,-0.00027322154023146084
539,29,0.000615815460437652
539,2,5.337277242123406e-5
539,6,0.000655021939850009
539,7,-8.538115095557686e-5
539,8,-0.0004759420747735277
540,10,-0.0002851878044420886
540,12,0.00015444651722162916
540,14,0.00015078143084856777
540,17,-0.00012278220331651823
540,18,-0.00017665807370637054
540,21,-1.2967620462767115e-5
540,22,-0.000725493806721822
540,23,-0.00014867556854980535
540,24,0.00011785726149060594
540,27,-9.233383240214721e-5
540,29,-0.00025200523734181246
540,2,0.0006366453570461061
540,6,6.856064176030685e-5
540,7,-1.9509514131321737e-5
540,8,-0.0004615248927564153
541,10,-0.00033783044615010027
541,12,-0.00019296529072576618
541,14,0.00047647355491520216
541,17,-0.00012920855458631308
541,18,0.0007675933589208483
541,21,-2.830225922956231e-6
541,22,0.000673799932205732
541,23,-9.579615795374252e-5
541,24,0.0004643597571876157
541,27,-0.0008483343897811579
541,29,-0.00011238308443317635
541,2,3.1415909032439515e-5
541,6,9.155584085629442e-5
541,7,-9.168571428119776e-5
541,8,-0.0004678629156726899
542,10,0.0009230820078443003
542,12,0.00010431321235948587
542,14,7.49332637894895e-5
542,17,-0.0001393451753832764
542,18,8.281598577930538e-5
542,21,-3.3691467044683066e-5
542,22,0.004794277768685795
542,23,-0.0003563895908955672
542,24,4.923465587047815e-5
542,27,-0.00036088698455127854
542,29,0.0006004775263201978
542,2,0.0005600148159077278
542,6,0.0008186619480534674
542,7,-8.186253306341484e-5
542,8,0.0001866976267645981
543,10,0.0009349953418800183
543,12,-0.0001362156750088772
543,14,0.00010307514941754192
543,17,-9.71457174321344e-5
543,18,7.463285143849419e-5
543,21,0.00016315313859660563
543,22,0.0011911127922799025
543,23,-0.00038135296622776593
543,24,0.00013065236745113396
543,27,-0.000282452078968376
543,29,0.0005797507595142193
543,2,4.1706065251112534e-5
543,6,-0.0001069632463668313
543,7,4.2591775084588335e-6
543,8,-0.0007424065387224843
544,10,0.0009174480710010258
544,12,0.0001072438639040385
544,14,7.370119576233236e-5
544,17,-0.000121699173471157
544,18,9.03873555060386e-5
544,21,-0.00023104701690535023
544,22,0.0012201255758537144
544,23,-0.0005658415540823469
544,24,0.00013410984609407706
544,27,-0.0002985459343589625
544,29,-2.0458236591913703e-5
544,2,4.418529009786454e-5
544,6,-0.000916444061238586
544,7,0.00015549406736958815
544,8,-0.0006554790917503439
545,10,6.21249214907138e-5
545,12,-0.00025093449404689494
545,14,-0.001101888065215384
545,17,-6.631875470120008e-6
545,18,0.00012167760904624458
545,21,-0.0002552699499371869
545,22,0.0006382576455719047
545,23,0.0006791988270231641
545,24,0.00013731100935121532
545,27,-0.00033987650912958856
545,29,-7.26660934091683e-7
545,2,2.3855456767307714e-5
545,6,-0.0002871943803262056
545,7,-0.00018788897659494097
545,8,-0.0003770730024426072
546,10,6.552179465479924e-5
546,12,-0.0009511629019565149
546,14,-0.0003418606606802044
546,17,-0.00010765262544509824
546,18,7.763795655169048e-5
546,21,7.96433704115529e-5
546,22,0.0005514929613577024
546,23,2.1454278801513738e-5
546,24,0.00013792296185144437
546,27,-0.00035523558633432373
546,29,0.0019085694180134283
546,2,8.85852152077149e-6
546,6,-0.00024305783845424145
546,7,4.88080963298998e-5
546,8,0.00016712274079289102
547,10,8.728086861342632e-5
547,12,-0.0009275238042665279
547,14,-0.0005391840999822151
547,17,0.0002043173112298291
547,18,0.00033240033653569867
547,21,-0.00013176130403813602
547,22,0.0011936631116959973
547,23,2.066486036866877e-5
547,24,-0.00040161567032459544
547,27,-0.00033311844448746797
547,29,0.0019106087182620968
547,2,7.197757145682715e-5
547,6,-0.00030006902799772917
547,7,0.00015573938031820944
547,8,7.790799693108141e-5
548,10,0.0009182369827875903
548,12,-0.0007484269124535814
548,14,-0.00022658377383955042
548,17,-8.609212477761474e-5
548,18,9.429187700238373e-5
548,21,-0.0002896337122875181
548,22,0.005006428337196667
548,23,2.4211567151155577e-5
548,24,-0.0003710757617012561
548,27,5.588700882519504e-6
548,29,0.0004377686683065818
548,2,3.844314788725711e-5
548,6,-0.0001807883989108916
548,7,0.00015949235440704257
548,8,8.831486284410772e-5
549,10,0.00092624661297247
549,12,1.8585341026167157e-5
549,14,-0.0002866771307417082
549,17,0.00024010600846491315
549,18,4.3679597731660635e-5
549,21,-0.0002716746851021412
549,22,0.005012491055222945
549,23,9.610871725929115e-5
549,24,-0.0003642084794721612
549,27,-0.0011972563310083117
549,29,4.969848321323411e-6
549,2,-0.00017881785523332638
549,6,-0.0001246846321318884
549,7,0.00016031368404867408
549,8,7.873620753873212e-5
550,10,0.0009275168486766461
550,12,1.2156819577668898e-6
550,14,-0.0002512631690585465
550,17,0.0008702620506042535
550,18,9.255653562512123e-5
550,21,-0.0002821695041932415
550,22,0.0008053232237958952
550,23,-0.00016001686729172349
550,24,-8.821768985267653e-5
550,27,-0.0007597873392919396
550,29,0.00174278523383542
550,2,6.485854205440233e-5
550,6,-0.00018398900784166727
550,7,0.00017942954739158523
550,8,9.961758650600672e-5
551,10,0.0009238079739768423
551,12,-0.00014492433428170415
551,14,0.00014901865864835884
551,17,0.0007958841941508865
551,18,7.058046780628047e-5
551,21,-0.00024544508555557343
551,22,7.348303038945403e-5
551,23,-6.16450572534788e-5
551,24,-0.0027828619900525098
551,27,-0.00047742363353187045
551,29,-6.060201817348343e-5
551,2,7.888201643169168e-5
551,6,-0.00013301911844720848
551,7,0.00015746120035498024
551,8,9.675482503102018e-5
552,10,0.0009220632713953236
552,12,-4.862573274699855e-6
552,14,0.0007653976928283512
552,17,-0.000622511855707053
552,18,0.00015048801559647274
552,21,0.0001521645654634085
552,22,6.838560397692817e-5
552,23,0.00017828266627351042
552,24,-0.0003659572486727214
552,27,-0.001390799080208005
552,29,0.0004506829584958183
552,2,0.0001398268425116811
552,6,-0.00018470428190386912
552,7,-4.518964785305002e-5
552,8,8.299284876489565e-5
553,10,0.0009419695281058793
553,12,-0.0008800808165556617
553,14,0.0005087097497860071
553,17,-0.0006429626908257546
553,18,0.00015241830170076298
553,21,0.00024298407253997567
553,22,0.0016677807018563584
553,23,0.00015567642615277322
553,24,1.4014456369615402e-5
553,27,-0.00010149935129177834
553,29,-5.40015526686588e-5
553,2,-1.814889395301833e-5
553,6,-0.00012772315856146577
553,7,0.00020265277351061428
553,8,0.0002592387635953486
554,10,0.005922321361348182
554,12,-2.330467335198705e-5
554,14,6.0464807469351456e-5
554,17,0.0002541135155373908
554,18,-0.00017111134506997416
554,21,-4.8626642122684416e-5
554,22,0.004433072420297002
554,23,0.00011711711841488892
554,24,-4.2862091383710776e-5
554,27,-8.37962572344253e-5
554,29,-5.148013203193358e-5
554,2,-0.0005492116638725619
554,6,-0.00017715190964118221
554,7,0.00041554455889780684
554,8,0.00012277990188014343
555,10,0.0009290827390913137
555,12,-0.0004966620176407588
555,14,3.290707254954839e-5
555,17,-0.0004734281348506286
555,18,-8.418419888922557e-5
555,21,-5.372893957300562e-5
555,22,-0.0006099675042188224
555,23,0.00015658892245973277
555,24,-0.00028372159183742696
555,27,0.00022235723046382105
555,29,0.00045488323014897247
555,2,-0.00011219326754741132
555,6,-0.0001515254206907457
555,7,0.00016950375705881982
555,8,-0.00043730038453837494
556,10,0.0009254117982289145
556,12,1.93423077812227e-5
556,14,2.1182492825566612e-5
556,17,1.6993025619527202e-5
556,18,-0.00017767973414706262
556,21,-8.585017556761443e-5
556,22,0.0008439873444405777
556,23,0.0001999778580881184
556,24,3.6164336058241986e-5
556,27,0.001599389935369011
556,29,0.0017169201463040906
556,2,-0.0008002493850360892
556,6,-0.0001794226075597649
556,7,0.00014164119265025477
556,8,-0.0004053290771350859
557,10,0.0010730413694917118
557,12,-0.0008697724280608554
557,14,7.599546684033953e-5
557,17,-0.0014723668561442693
557,18,-0.00018159431265019066
557,21,-0.0002239316303054295
557,22,0.0010432779056719355
557,23,0.00017784751082139394
557,24,-0.0002004750808115574
557,27,0.0015987062282354358
557,29,-8.952995030586663e-5
557,2,-0.0001101070995579434
557,6,-0.00016956528985634378
557,7,-0.00030808010320004797
557,8,-0.00048690324986555567
558,10,0.001077129580870917
558,12,0.00015563750337932447
558,14,-0.00024755594198655473
558,17,-1.7557238015442067e-5
558,18,-2.7020271936351037e-5
558,21,-0.00016467415371490546
558,22,0.0008359857225670453
558,23,0.0001437748468662292
558,24,-0.00041850651402874917
558,27,0.0016064639071453612
558,29,-9.992594768082341e-5
558,2,-0.00011992090240475761
558,6,-0.000129479145605238
558,7,0.00016990001431338442
558,8,-0.0004529177521197525
559,10,-0.00012835775631092616
559,12,0.00020079379965842747
559,14,-0.000306270655651808
559,17,-0.00017077198911863434
559,18,-2.4533689925831936e-5
559,21,-0.00018230440961275463
559,22,6.06153275697352e-5
559,23,-2.6666471883096676e-5
559,24,-0.00013316825767173412
559,27,-0.00013097956332419614
559,29,0.0004137429905881618
559,2,-0.00011391148396722173
559,6,-0.000173240833976962
559,7,-1.1683486315305913e-5
559,8,-0.0004607586066560643
560,10,-0.00013274283758679672
560,12,0.00022759295975749438
560,14,-0.00013815054070587252
560,17,-0.0005930354469780852
560,18,-4.666919647799972e-5
560,21,-0.00016687710558382918
560,22,7.841815154296938e-5
560,23,-9.242586389213159e-5
560,24,-0.0002879565167601683
560,27,0.0037808466774889027
560,29,0.0019253503029759145
560,2,-0.0004177263900597694
560,6,-0.00010624548505422382
560,7,0.0001674569196561393
560,8,-0.00045548781880278
561,10,0.00048233537008623983
561,12,0.0002089460263201559
561,14,0.0004499199115510777
561,17,-1.4119029475345712e-5
561,18,-0.00016806998642593385
561,21,-0.00018583760875579003
561,22,6.336439916765357e-5
561,23,-0.0001848245121154335
561,24,-0.000154628772455645
561,27,-0.00013243565474230223
561,29,0.0005766619475373602
561,2,-0.00043330105261318863
561,6,-0.00013095022155518166
561,7,0.00014666195997836695
561,8,-1.0139654411212007e-5
562,10,0.001664735681488061
562,12,0.00022648476404718565
562,14,-0.0001311042597729184
562,17,-0.0005912850356519783
562,18,-0.0002263312787604832
562,21,-0.00034147543931783986
562,22,0.00013648725419113106
562,23,-7.32189568806163e-5
562,24,-0.0003651921842822148
562,27,0.003772014297920734
562,29,-8.800063041825013e-6
562,2,-0.0003856545939360245
562,6,-0.00013694550979792552
562,7,0.00017036704321071738
562,8,0.003791916111624438
563,10,-9.029837132246143e-5
563,12,0.00022283955281476864
563,14,-0.00024755765045902933
563,17,0.0005290186993454071
563,18,-0.0001718475523544427
563,21,-0.0001752802638206319
563,22,0.0009846924246295075
563,23,-7.000338213636326e-5
563,24,-0.00043447370451588085
563,27,-4.400501335144469e-5
563,29,0.0005928565763611005
563,2,0.00046400057873619005
563,6,0.00023175237628958456
563,7,3.788210454924723e-5
563,8,0.0020555894179974388
564,10,-7.990972544291708e-5
564,12,0.00021874836225332928
564,14,-0.0001203328117718172
564,17,0.00037245209613256947
564,18,-0.00020949499371170077
564,21,-0.0002041082449899534
564,22,-0.000520564670504875
564,23,-8.01988590639624e-5
564,24,5.233056425435478e-5
564,27,-0.0012836189357159355
564,29,0.0006513611557226184
564,2,5.215772986932876e-5
564,6,-0.00014226097150871198
564,7,0.00017132113352413825
564,8,0.0005105850253634969
565,10,0.0009309197823972326
565,12,0.00020792949545000994
565,14,-0.00030960547564351515
565,17,0.0005741393354687929
565,18,5.437837483146524e-5
565,21,7.978336085123772e-6
565,22,-0.0001406002917132554
565,23,-7.024035171099285e-5
565,24,-0.00017833137875822302
565,27,0.00017484396716138662
565,29,0.0005806365358376198
565,2,4.391968134420665e-5
565,6,-0.00016243812312133343
565,7,0.00018276935401839722
565,8,-0.0004722187663155353
566,10,0.0009138043433116749
566,12,0.00020026079756529924
566,14,-0.00025700134623729554
566,17,0.0005668954883502053
566,18,5.7332150217526134e-5
566,21,0.00011056365338379948
566,22,0.0008479667156660042
566,23,-5.0398725674583034e-5
566,24,-0.0003707198352982388
566,27,2.279540643357336e-6
566,29,1.4780140050518753e-5
566,2,1.4145679635646502e-5
566,6,-0.00017327215202023183
566,7,7.044473791228967e-5
566,8,-0.00022406234244964907
567,10,0.005690837129795234
567,12,0.00041414569633690945
567,14,-0.00031799209471028433
567,17,0.0003781065481920365
567,18,6.11492076316722e-5
567,21,0.00011984173344625759
567,22,0.0008502307981341772
567,23,-0.00015661968963343043
567,24,-0.0009769985710175177
567,27,-9.971717827461646e-6
567,29,0.00045630169053545444
567,2,-8.548663019602998e-5
567,6,-0.0001807014840728982
567,7,9.078787696026325e-5
567,8,-0.00021007884323243076
568,10,0.0009412570399280895
568,12,6.629758605480873e-5
568,14,0.00011625509143708967
568,17,0.0005664834074110559
568,18,1.671566504768407e-5
568,21,0.00011429742257451636
568,22,0.0001311088071300759
568,23,1.449231451822186e-5
568,24,-0.00018980048682859518
568,27,0.00015508143440801092
568,29,0.00045034003392530053
568,2,-0.00010458798280144066
568,6,-0.0001591602819708271
568,7,7.044612496098779e-5
568,8,-0.0002914370864912641
569,10,6.44067183408481e-5
569,12,-0.0003832437786668308
569,14,4.443456482317032e-5
569,17,0.0005727146508647252
569,18,-3.901761892688427e-5
569,21,0.00016969817347423088
569,22,0.00017985622907623622
569,23,3.795826167785066e-5
569,24,-0.0009742623515052173
569,27,0.004047006039621159
569,29,0.00045370741200034814
569,2,-7.401326500211525e-5
569,6,-0.00016293808252410003
569,7,-0.0008048712299828509
569,8,-0.00029011099821563135
570,10,7.448294181955362e-5
570,12,-0.0003323191575415052
570,14,1.7829914821909654e-5
570,17,0.0005693894669436261
570,18,-0.00022829211949026984
570,21,0.00012865277021045785
570,22,0.00013403829903602116
570,23,-0.00020802513820594726
570,24,-0.0009722053149578969
570,27,-0.00027091946971058434
570,29,0.00044287156685562934
570,2,-8.561316560218302e-5
570,6,-0.00016857876125797588
570,7,-2.4986402967108745e-5
570,8,0.0005105815071173581
571,10,6.517462858290912e-5
571,12,-0.0003597914598136853
571,14,6.041628369146679e-6
571,17,0.0005749389754114986
571,18,-0.00015952440487598807
571,21,8.450270589932529e-5
571,22,7.661597519703633e-5
571,23,-0.00023886441832043914
571,24,-0.00013836036081471548
571,27,-0.0003890185262083179
571,29,7.96377080067856e-5
571,2,0.00027372257639246556
571,6,3.720781538607554e-5
571,7,6.94492170962846e-5
571,8,-0.00012023892342938325
572,10,7.594630077356612e-5
572,12,-0.0003321613240370169
572,14,2.667036954751012e-5
572,17,0.0005681117151610238
572,18,-0.00023172280715577642
572,21,0.0001314226972697341
572,22,0.00019766940701870794
572,23,-5.409635480546626e-5
572,24,0.0005554872077464523
572,27,0.0006453288025163317
572,29,7.081716698387197e-5
572,2,-0.00026408669032296217
572,6,-0.00014870863502114418
572,7,6.55551503587759e-5
572,8,-0.00011381834503509936
573,10,6.545818407577286e-5
573,12,-0.000215643436779267
573,14,-0.0003135870245962735
573,17,0.000636205071542939
573,18,-0.0001698222770469826
573,21,7.567035936428823e-5
573,22,0.0008299566706142514
573,23,-0.00017691312307377416
573,24,0.0005664562465907963
573,27,-0.00013206432935852774
573,29,1.477071844746547e-5
573,2,-0.00013674453029732803
573,6,0.00022739319904729882
573,7,5.7296944283358187e-5
573,8,0.00015761040790884806
574,10,0.0009488152424301788
574,12,-0.000377175159041343
574,14,-0.00010568738226446328
574,17,0.00042281759669737795
574,18,-4.492011526036066e-5
574,21,2.6196529299582494e-5
574,22,0.0008254461975303329
574,23,0.0002338157614607539
574,24,-0.00043816602279367345
574,27,0.0001540338045735723
574,29,0.0004669489131599036
574,2,-0.0002632811724021522
574,6,-2.4592322791505694e-5
574,7,0.00017400434346903637
574,8,0.00015177829697599066
575,10,0.0008994460968265727
575,12,4.709503972755158e-5
575,14,-0.000270165074800488
575,17,0.0005640466239533737
575,18,-0.00017162208022369896
575,21,0.00011384106776279879
575,22,0.00513978873951082
575,23,-0.00022480665558610724
575,24,0.00034624817016037923
575,27,0.00018141881550448602
575,29,0.00048471549092088395
575,2,-7.67270121659891e-5
575,6,-0.0001742149736996268
575,7,0.00011136885019080722
575,8,-4.6780235018140104e-5
576,10,0.005922968113257987
576,12,-6.0254113777524765e-5
576,14,-0.00027564547425384944
576,17,0.0005774709274746215
576,18,-0.00023172395199022588
576,21,8.92492800765865e-5
576,22,0.0012629148918259503
576,23,-0.0002255463802214308
576,24,-0.00014294437623618705
576,27,-1.0050736123368154e-5
576,29,-1.1288706335044196e-5
576,2,-8.291067969778965e-5
576,6,-0.00012986592455632717
576,7,0.00010562441413064505
576,8,-6.528398756433518e-5
577,10,0.0009376641306628741
577,12,-6.580746520779002e-5
577,14,-0.0002769390069046196
577,17,0.0005788922512470762
577,18,-0.00017359159919383416
577,21,-1.4067268509165842e-5
577,22,0.0013020612084950756
577,23,-0.0002511135289111621
577,24,0.0005200961090361389
577,27,0.0003003658147786581
577,29,-1.6977848567023557e-6
577,2,-8.678512576043573e-5
577,6,-0.00016697750665528588
577,7,9.991060539604746e-5
577,8,-0.0004672962120286783
578,10,0.00010175406580792412
578,12,-0.0002496464336729787
578,14,-0.0002746251516256848
578,17,0.0005657839617621008
578,18,-0.00023529728049620502
578,21,-1.9578130801001237e-5
578,22,0.003181683078588904
578,23,0.0003018173981148564
578,24,-0.0010647921040245478
578,27,-1.8083012971459311e-6
578,29,-1.9067820699270044e-5
578,2,-0.00011910254150215849
578,6,0.00015143014929019927
578,7,0.00010407649887334003
578,8,-6.494818975788519e-5
579,10,0.0001396341846460203
579,12,6.093708366705641e-5
579,14,-0.0002667319398925727
579,17,0.0005715535733745725
579,18,-0.00023031790466898627
579,21,0.0001457427192761429
579,22,0.000857871345210981
579,23,0.00010225701895993922
579,24,-0.0001530529623119392
579,27,-3.796868487349059e-5
579,29,0.0005069982881709123
579,2,-0.0003094253925164381
579,6,0.0001717401409617736
579,7,0.00010855399455511616
579,8,-6.83784599386783e-5
580,10,0.005763546370285866
580,12,0.00044386291261844235
580,14,-0.0002660575391502107
580,17,0.0005590700133364379
580,18,-0.00013774477864370027
580,21,0.00020179154581523306
580,22,-0.00017964596705688507
580,23,0.00010088983088962777
580,24,-0.0011760264468714254
580,27,0.0014370489678459109
580,29,0.00046822558669834535
580,2,0.00018563485610467723
580,6,0.00020280750408563364
580,7,8.903587104835964e-5
580,8,-7.473706609939512e-5
581,10,-0.00016751577591200828
581,12,0.00027823195803566847
581,14,-0.00025826978653142874
581,17,0.0005741043765361553
581,18,-0.0001867411917926276
581,21,0.0001829968461946052
581,22,0.0027253429669560347
581,23,9.877847051953381e-5
581,24,-0.0036484173949578036
581,27,-0.000947527586165009
581,29,-7.010101081306175e-5
581,2,0.00021173791190687297
581,6,0.0002002069931865691
581,7,-0.00030591682656577746
581,8,-0.01751482593051179
582,10,0.00020120801922907106
582,12,0.00045470979574524506
582,14,-0.00027585147608633065
582,17,0.0005740824230464625
582,18,-0.0014472915501100303
582,21,0.0001677205509391655
582,22,0.00030433651700612074
582,23,5.043384556735475e-5
582,24,-0.0011821890699588167
582,27,-0.0008558552235680139
582,29,-6.519783610681174e-5
582,2,0.0001938241169110455
582,6,0.00019343897522983156
582,7,7.786348021543432e-5
582,8,0.034305977304120105
583,10,0.00015505320561981506
583,12,0.0002802382861295527
583,14,-0.00029680317695301994
583,17,0.0005733189749248524
583,18,0.0005733580545044248
583,21,0.00017480090910027002
583,22,0.0013989159990099864
583,23,0.0004997103908186418
583,24,5.7636211285405636e-5
583,27,-0.0001851686832816668
583,29,0.00046556125660668357
583,2,-4.6441725622514696e-5
583,6,0.00016801945219313552
583,7,0.0009826705251381185
583,8,0.042328945217074754
584,10,0.00012196706849731953
584,12,0.0002569902396389878
584,14,-0.0002733733315904985
584,17,0.0005610449372941417
584,18,0.0007017401865265782
584,21,0.00020624871646734988
584,22,2.6027045771925827e-6
584,23,0.00021591925820985125
584,24,2.1275600574632847e-5
584,27,-0.0001691890270052454
584,29,0.0004574062349718133
584,2,-0.00012688024803608755
584,6,0.00021555385288429818
584,7,-0.0014714028987805605
584,8,0.042344642731492854
585,10,0.00013140021101687438
585,12,0.0006231824369979932
585,14,-0.00024363854870124158
585,17,0.00039319946726124044
585,18,-0.00019740594700667913
585,21,-0.00010451034388214708
585,22,6.784068619758443e-6
585,23,0.00021438594374245667
585,24,0.0001577774120917752
585,27,0.0014246309257375245
585,29,0.0016472732492944786
585,2,-0.0003175934637198452
585,6,0.00017531781444635186
585,7,0.000765671854114025
585,8,0.042325866923055955
586,10,0.001001622673413749
586,12,0.0007621622838351882
586,14,0.00034249781259454437
586,17,0.0005738397662655714
586,18,-5.217666259582643e-5
586,21,0.00019322913309238743
586,22,-5.521051145152001e-7
586,23,0.0002203490535652719
586,24,0.000799289624721311
586,27,0.0014603797311538713
586,29,-0.0008222835040276877
586,2,-6.204252905206431e-6
586,6,-0.0001054241080167273
586,7,-0.0004033935416440926
586,8,0.042762054366273006
587,10,0.00012398490610454616
587,12,0.0007469871816576656
587,14,-0.00028267330343023644
587,17,0.0005680609533254
587,18,-6.106498577640451e-5
587,21,-0.0001538221296719655
587,22,0.0008345790000454656
587,23,-4.6507592131206366e-5
587,24,3.568339376514018e-5
587,27,2.53344003287026e-6
587,29,0.000382072736352157
587,2,8.279149906975647e-6
587,6,0.0003384535527732879
587,7,0.0004381559724766504
587,8,0.017815460741543276
588,10,0.00017420974282700286
588,12,0.16261809065175203
588,14,0.1897064737868721
588,17,-0.00034914214402270716
588,18,2.192643600906763e-5
588,21,-0.0001391547669440385
588,22,0.0008356985947859386
588,23,-0.00011819066037510595
588,24,0.0009033287758200004
588,27,-8.942264250855203e-6
588,29,0.000155393785300717
588,2,-9.386046242187973e-5
588,6,0.00021384318121508983
588,7,0.00023163756230282218
588,8,0.017814025585420445
589,10,0.005897266644812937
589,12,0.16261027278222961
589,14,-0.000574116835684535
589,17,0.000303600529401038
589,18,-7.09709727644281e-5
589,21,-0.00016181466925768717
589,22,0.0011976529850228346
589,23,-0.00010205467360790976
589,24,-9.93325413993773e-5
589,27,0.002228481479275679
589,29,0.00034381356441492983
589,2,0.00012715498162041428
589,6,0.00021833616804389777
589,7,-0.00011941895037281824
589,8,-0.00018389747668123846
590,10,0.0009767738688903904
590,12,0.16261792528405383
590,14,-0.00013229163317518555
590,17,0.001176045947480553
590,18,-0.000797061196030846
590,21,-0.00019055902997866525
590,22,0.0008589689197195938
590,23,-0.00011334334950774405
590,24,-0.000250972439799213
590,27,0.00236976918751175
590,29,-0.00046333071332771425
590,2,-0.0002485631871254057
590,6,0.00026522187205202385
590,7,-0.0001818824247887818
590,8,0.017817344359878362
591,10,0.0011569700135032335
591,12,0.00014970698474403576
591,14,-0.0003031453064261669
591,17,0.00232545508674864
591,18,-0.0007972283137362979
591,21,0.0002177802163627618
591,22,0.0008615614429183793
591,23,-0.00015531790718892324
591,24,0.0001529910549677993
591,27,-0.0023004731537081824
591,29,0.000340452644171485
591,2,0.00011848802159697414
591,6,0.00019136711878431356
591,7,-0.0010826074778300665
591,8,-0.00025286332072393947
592,10,0.0009894437337623074
592,12,0.00011134137951174239
592,14,9.384827475322766e-5
592,17,-0.011587261385020753
592,18,-2.481687632016616e-5
592,21,-0.0001495576318664149
592,22,0.000888061934818829
592,23,-0.00014014656734140374
592,24,0.00025172853220123415
592,27,0.00021720790785195732
592,29,0.00037330803692015024
592,2,0.00012519474381011975
592,6,0.00018035356753820508
592,7,0.00041710909651371253
592,8,0.017531058747088935
593,10,-0.00016819277951718448
593,12,0.0002024203972066374
593,14,7.80262621136174e-5
593,17,-2.4270572256845924e-5
593,18,-3.223030703214391e-5
593,21,-0.0001749513091979793
593,22,0.0008596947730881155
593,23,-0.0001477298371250768
593,24,-2.2651191880385113e-5
593,27,-0.00016167562949398473
593,29,0.0016512845484077943
593,2,0.0010669245439505204
593,6,0.00014998439724500656
593,7,-5.7513938997111325e-5
593,8,-0.00026716009790561657
594,10,0.0009440251633545671
594,12,0.00012682009547670958
594,14,2.7984689453752765e-5
594,17,-0.0001998726497784986
594,18,0.00015893869787131365
594,21,-0.00031086802135416036
594,22,-0.00022389555981039422
594,23,-6.38582837391155e-5
594,24,0.00016387443595800022
594,27,0.00014098026340025882
594,29,-0.0003259697804045558
594,2,-1.754322959524046e-5
594,6,-0.0002523190011789467
594,7,-1.5201597770797548e-5
594,8,-0.0003345728047454699
595,10,0.0002574223286382349
595,12,0.00026790584812896867
595,14,2.5552528053474077e-5
595,17,-0.0001971320191147541
595,18,-4.90632684524428e-5
595,21,-0.0003739195723762023
595,22,-0.00023439776648537247
595,23,1.7713260805685138e-5
595,24,0.00045967578275885046
595,27,0.00024800130529722964
595,29,-0.00018992503719594822
595,2,-4.277025645738064e-5
595,6,-0.00028534906442789776
595,7,-8.02970368596334e-6
595,8,-0.0003283393422064407
596,10,-0.00037414389801604386
596,12,0.00025970324956414714
596,14,1.795977301100038e-5
596,17,0.00016929068099535982
596,18,-0.00019247564557645092
596,21,-0.0003268979384571935
596,22,0.006993902613476877
596,23,-0.00017647929397845985
596,24,-0.0001550824135065909
596,27,0.00024406431237622428
596,29,0.0004664527131499341
596,2,0.0011540134453227324
596,6,-0.000403731378757044
596,7,0.00018320660091486474
596,8,0.04530609082653925
597,10,0.0008989324532331366
597,12,-0.0007627515961745601
597,14,0.0012805636084749494
597,17,9.154338169281573e-6
597,18,-5.504104063014381e-5
597,21,-4.00793785448883e-5
597,22,0.0019182940241027069
597,23,3.843751165355513e-6
597,24,-0.0008154952770107471
597,27,0.0002517670526529514
597,29,0.000462001905960463
597,2,0.0011426200480055826
597,6,0.00019391757726427983
597,7,0.0016333841310895991
597,8,-0.000494039293874593
598,10,0.0008771302232633005
598,12,-0.0002069070571462106
598,14,0.0002552101978894328
598,17,1.6437470039321056e-5
598,18,-0.00016335149885104983
598,21,-0.0003136449946747888
598,22,0.006995274560143372
598,23,-6.780825972807492e-5
598,24,-0.0012513810108707446
598,27,0.000244069682368675
598,29,8.805800586753065e-5
598,2,0.0013169379103610268
598,6,-0.0003739223835266259
598,7,0.0031900517662890593
598,8,0.04525481338264292
599,10,-0.00014202761228077065
599,12,-0.0009018916129948096
599,14,-0.000214499568691906
599,17,2.9380580850002502e-5
599,18,-6.360008972539077e-5
599,21,-7.599102756827847e-6
599,22,0.0019182898008613947
599,23,-5.343714130212618e-5
599,24,-0.00018203769821134586
599,27,0.0004987474895967736
599,29,7.007561137051255e-5
599,2,0.001184822471310909
599,6,-0.0002692619423259046
599,7,-1.5874119074332782e-5
599,8,-0.20364582343371573
600,10,0.0027082106054505672
600,12,-0.00012530213460504314
600,14,1.5866689195398465e-5
600,17,-0.0001331897160206097
600,18,-7.191087190605572e-5
600,21,1.742352388056645e-5
600,22,0.006998925558360902
600,23,-0.00010386186002353526
600,24,-0.0005967400825648284
600,27,0.00024343332622045466
600,29,0.0001299932275307114
600,2,0.0012015284137074644
600,6,-0.0005093834792244678
600,7,-4.252466659693255e-6
600,8,-0.007005358141798368
601,10,6.4232245198248e-5
601,12,-0.00022826267896647323
601,14,2.124229159150559e-5
601,17,-0.00016341580626111352
601,18,-0.00021110868413032335
601,21,0.0006077783960938277
601,22,-0.00023727394043948635
601,23,-7.070490863370082e-5
601,24,0.0004521257539149559
601,27,0.00025570896251991826
601,29,8.923237907243475e-5
601,2,0.0010726806597016747
601,6,-0.00027478693072513494
601,7,0.00014272546488403037
601,8,0.012267163162281491
602,10,-0.00016859882363196022
602,12,-9.251564955370384e-5
602,14,-0.00017530243429053627
602,17,-0.0001499525341621677
602,18,-0.00016472119815613695
602,21,-0.00023442759541580926
602,22,0.0009494634391824519
602,23,4.707414426885492e-5
602,24,1.3418673940890358e-6
602,27,0.00024277912438552818
602,29,0.0019538564816663495
602,2,-7.374420582628716e-6
602,6,0.00020276696541010608
602,7,-0.00025656719339650635
602,8,0.0034573273222102685
603,10,4.777437707481624e-5
603,12,9.362307216154164e-5
603,14,0.0003114045845773461
603,17,-0.00044186588111116976
603,18,-0.00041020122293211614
603,21,-0.0002413652213819617
603,22,-0.0002595873906665602
603,23,5.968162491498674e-5
603,24,2.9247100619578248e-5
603,27,0.0002338420503527061
603,29,0.00020019613043853468
603,2,0.006997338874398018
603,6,-0.00027640213168300676
603,7,0.00016163559928550342
603,8,0.0001441733691631697
604,10,0.0010893969010039584
604,12,3.806263122640985e-5
604,14,1.9815087663133113e-5
604,17,-0.00013690669969967928
604,18,0.00011142288519483401
604,21,-9.231970567391556e-5
604,22,-0.0005486689427165459
604,23,5.3094942751741314e-5
604,24,8.204254622334872e-6
604,27,0.00024084530475754207
604,29,0.0002968854077662897
604,2,0.0011344515671254385
604,6,-0.00028407478605174674
604,7,-0.000265781982419
604,8,3.524564204937519e-5
605,10,0.002161079522162268
605,12,1.186219027449198e-5
605,14,0.0001285600361544681
605,17,-0.0004436094132991286
605,18,0.00011099884370668889
605,21,-0.00017462386254329942
605,22,-4.101279476032005e-6
605,23,0.00015287955002829534
605,24,0.00019219050415397732
605,27,0.002170259956867149
605,29,0.0016362594459495838
605,2,0.0020086981976508156
605,6,-3.047829058466789e-5
605,7,0.0001759827856337992
605,8,4.4729185343150846e-5
606,10,-0.00017668741207899075
606,12,0.00014433814268777212
606,14,-0.00023903056429563918
606,17,-9.91113349826378e-5
606,18,0.00014904613349209228
606,21,0.0014282578456068507
606,22,0.00015144040981862616
606,23,-0.12455438480432868
606,24,0.0005559320048318384
606,27,0.0005148303096502715
606,29,0.00024147519455119948
606,2,0.001120887370818835
606,6,8.984945715795334e-5
606,7,0.00015096563888494785
606,8,4.097217615406379e-5
607,10,-0.0002164540066562637
607,12,-0.00014335248170560533
607,14,-0.00025955520183096326
607,17,-0.0001031417298129611
607,18,0.000157550255329042
607,21,0.0005264145716434854
607,22,0.0003196453645752939
607,23,-7.083620389902734e-5
607,24,0.000534332992923936
607,27,0.0005100710190459878
607,29,0.002140192121689921
607,2,0.007354381301682089
607,6,-0.00017720580321700652
607,7,0.00016986782400429945
607,8,2.7572138555420622e-5
608,10,-0.00033330820564891894
608,12,3.302847975916734e-5
608,14,-0.00027131686330239546
608,17,-0.0012379125164976301
608,18,0.00015695122651759874
608,21,0.0014244810422745502
608,22,-0.00025104365571593235
608,23,-0.0004205919980968531
608,24,1.4081108180796775e-5
608,27,0.00051521656135467
608,29,-0.011292892860150339
608,2,0.0004859286540854768
608,6,9.461802432397803e-5
608,7,0.000176120996960627
608,8,0.00027761962582051325
609,10,-0.0003183808370410546
609,12,-9.142828769626021e-5
609,14,-0.0002822350518298933
609,17,-0.00017636529414133406
609,18,-2.3372072055494186e-6
609,21,0.001414754266399143
609,22,-7.354423071159744e-5
609,23,0.0007080685861797775
609,24,-0.0010447537176059285
609,27,-0.0004662191780822056
609,29,-0.016667472956719998
609,2,0.0011372577614743307
609,6,-8.309395120420504e-6
609,7,0.00011589139062451181
609,8,-0.0001015729706388413
610,10,-0.0003426706499052301
610,12,-0.000113283383713636
610,14,-0.17858569891653717
610,17,-0.0004884265474807137
610,18,0.0004879076666703952
610,21,0.0005462171451942055
610,22,-6.247963736871753e-5
610,23,7.541857002202335e-5
610,24,0.06487248960157999
610,27,0.0021104157615772223
610,29,0.0004587821227950428
610,2,0.0011396778694638954
610,6,0.0004984730394701486
610,7,0.0013412099751750617
610,8,6.70165259908373e-5
611,10,-0.0003314881855480678
611,12,-5.010226983337418e-5
611,14,-0.15137639423486426
611,17,0.00016722233272314924
611,18,-0.0008890314182563586
611,21,-0.00017404926351360928
611,22,0.00031985706698378635
611,23,8.071383367003193e-5
611,24,0.00024660597892989244
611,27,0.00020267684853791934
611,29,0.00045941711440278254
611,2,0.0005610969798075516
611,6,0.0003068412848001856
611,7,0.0039940080933016375
611,8,5.796779523947748e-5
612,10,-0.00034453292209146724
612,12,0.0004983002520990709
612,14,-0.1785850545153437
612,17,-0.00017787252912704332
612,18,5.968871136818876e-5
612,21,-6.024974673302097e-5
612,22,-0.0001817848683636214
612,23,8.104451990309514e-5
612,24,0.00022329720117486573
612,27,0.00019831209336818034
612,29,0.00011692479433111913
612,2,0.007297384432172649
612,6,-0.00012298151820555603
612,7,0.0006443775665978535
612,8,2.9747389160839077e-5
613,10,-0.00032818633021580723
613,12,-0.0017661503068229223
613,14,-0.0002747069039745753
613,17,0.00015825359849230836
613,18,-5.315301267039274e-5
613,21,-6.963540116622369e-5
613,22,0.00014778965289163892
613,23,8.504923252150576e-5
613,24,-0.0010736385807703641
613,27,0.00020098577251292937
613,29,0.00010857830925736778
613,2,-0.00017703467496854586
613,6,-1.0212295617151312e-5
613,7,0.0006559842337683364
613,8,0.00017772699977669504
614,10,1.5445844911532447e-5
614,12,-0.0009020747058841039
614,14,-0.0001505055133712574
614,17,-8.732910854192255e-5
614,18,-0.00038099102950361896
614,21,-1.2159875462103287e-5
614,22,0.0001569260950784468
614,23,0.00012704087423820454
614,24,6.645207040101297e-5
614,27,0.00020037092207036977
614,29,0.00013073178051570267
614,2,0.002224379656741604
614,6,-0.00013059912101898163
614,7,-1.1231185551352496e-5
614,8,0.0001599330767811935
615,10,3.326051574070732e-5
615,12,-0.000897818578229348
615,14,-0.00016415314821305316
615,17,-8.259790199893757e-5
615,18,-0.00019610154232641008
615,21,-3.247113638682464e-5
615,22,0.00018563092411394422
615,23,-6.810610780227933e-5
615,24,-2.301048797015426e-5
615,27,0.002046685350427069
615,29,0.0007072789657396328
615,2,0.000998283329141536
615,6,-0.00014464760274179866
615,7,0.0006538587527797901
615,8,-4.300421877001526e-5
616,10,3.4427760287059073e-7
616,12,-0.0009061736259070585
616,14,-0.0002567667316171196
616,17,0.00016931665969188714
616,18,-0.00017835035741242677
616,21,7.601656120215239e-5
616,22,0.00022591154417384018
616,23,-6.373790892943987e-5
616,24,-0.00028213504282348367
616,27,0.00030374063267579743
616,29,0.0007667207217831873
616,2,0.0001162133557421896
616,6,-0.00012764752338156882
616,7,0.0006340983203259043
616,8,-6.646806365395719e-5
617,10,5.84258874347654e-6
617,12,-9.701152862007234e-5
617,14,-0.00028280147343817674
617,17,-5.535975593318199e-5
617,18,0.00014822134195568992
617,21,-6.711662460112677e-5
617,22,-0.00017982912688463415
617,23,0.00015540308222838917
617,24,-0.0013155095939154648
617,27,9.713408877587426e-5
617,29,0.00010236943235675255
617,2,0.00010265113766028122
617,6,-0.00019065977712351412
617,7,0.00010377980027431732
617,8,-0.0006483873242828508
618,10,-2.270052439357073e-6
618,12,4.673363227958305e-6
618,14,-0.0002640177367787544
618,17,-7.171917019110907e-5
618,18,-0.00017687475086436422
618,21,1.0356053948612498e-5
618,22,-0.00010630981596193578
618,23,-0.00012132520853835871
618,24,-0.00017640943051855373
618,27,0.0003002468936497138
618,29,6.37669761056614e-5
618,2,7.996293201717464e-5
618,6,-0.00019391867946172425
618,7,0.0002473232452295804
618,8,1.978673001268305e-5
619,10,-0.04654534384504316
619,12,8.815806122441927e-6
619,14,-0.00025952976035448216
619,17,0.00024900592038434866
619,18,0.00016240780218357287
619,21,-7.066327140936579e-5
619,22,-5.3490260324196015e-5
619,23,-0.00012774540700632997
619,24,-0.00026638666791711785
619,27,9.75239014291418e-5
619,29,0.0004332378200553322
619,2,8.29431695104077e-5
619,6,-0.00014386016584033712
619,7,0.0006965783372310241
619,8,-4.1365184818786815e-5
620,10,-0.03939411037343099
620,12,0.0001538190462992972
620,14,1.6864487428769337e-5
620,17,-5.7314048877543655e-5
620,18,-0.0001760369142322915
620,21,-0.0032267564612453725
620,22,0.00032779953526329564
620,23,0.19733580674773066
620,24,0.00029834526145844364
620,27,0.00030067819074908186
620,29,0.00045132723177143674
620,2,0.001330232995679026
620,6,0.000615355358885239
620,7,0.00046149541855555754
620,8,0.0005202601489004977
621,10,2.262739720748641e-5
621,12,5.326698173035993e-5
621,14,-3.1943497589281833e-6
621,17,-0.00017739467161259626
621,18,-4.6344324248437374e-5
621,21,-0.0032332308615696803
621,22,-0.0002071948253181688
621,23,-0.00012647070488647216
621,24,-0.00013997572453039453
621,27,0.0003087611221737063
621,29,0.04193475060220564
621,2,0.0011551040387240974
621,6,0.0016745474135380078
621,7,0.00018227256954972404
621,8,-4.1225159414182144e-5
622,10,-0.08926606300421103
622,12,-0.00011182432006151544
622,14,-0.00013783439693959565
622,17,-0.0001326173525004748
622,18,-4.758027031925849e-5
622,21,-0.00014180024329224494
622,22,-0.00019971637430238331
622,23,-0.00012452887119884792
622,24,-4.2797894897361743e-5
622,27,0.00028506052067989174
622,29,0.008550209632671724
622,2,0.0013356300435685142
622,6,-0.00017798054594120316
622,7,0.00020216385545968052
622,8,0.0005768942335153682
623,10,-0.0001796043565365224
623,12,-0.00013123980832396853
623,14,-0.0004299445441153793
623,17,-0.00012899522694453935
623,18,-0.00017329718512737458
623,21,-0.0032269417004542333
623,22,-0.00020507110596756917
623,23,-7.051490149834194e-5
623,24,-5.947163428121627e-5
623,27,0.00030204778291142986
623,29,0.008564581163589935
623,2,0.0016055407774944186
623,6,0.00018300708576113323
623,7,0.00019628561291629154
623,8,-4.132343603124866e-5
624,10,5.157827482804578e-5
624,12,-0.0001199687133155436
624,14,-0.0002093868156620715
624,17,-0.0001536198875644601
624,18,-0.0001772581427461617
624,21,-0.007903094746935402
624,22,0.0003244082395550407
624,23,-5.975614158337805e-5
624,24,0.0001492138952476907
624,27,7.075875702078349e-5
624,29,0.025953961944971127
624,2,0.0034381324398982116
624,6,0.00020279310846049725
624,7,0.0004049282327969195
624,8,0.0005283883402915635
625,10,1.255859084015043e-5
625,12,-0.00015450350591628137
625,14,-0.0008860302623210359
625,17,-0.0001569322697836384
625,18,4.141879191532638e-5
625,21,-0.0002649626242199332
625,22,-2.1256714072492855e-5
625,23,0.0001534767038746665
625,24,-0.00036120731358746383
625,27,0.00028517126728022646
625,29,-0.08985002854304902
625,2,0.00160587672557444
625,6,0.00021093483964840232
625,7,0.0009859333072110843
625,8,0.00034270795732815884
626,10,-0.0003263942041069612
626,12,-0.00018631148058734226
626,14,-5.349335411963807e-6
626,17,-0.00010242873801669106
626,18,-3.550708219002274e-5
626,21,-0.0003015319097814384
626,22,-0.00017688894652945208
626,23,0.00012428513574391786
626,24,-0.0001198473035106673
626,27,0.00027907670545701535
626,29,-0.12877321544773235
626,2,0.0034438507384439987
626,6,0.00011329620860767164
626,7,7.059020625632684e-5
626,8,0.0002785170040233709
627,10,-0.00034539664054911157
627,12,-0.0001536819144369872
627,14,0.0003234398070661726
627,17,3.7289321430655775e-5
627,18,-0.0003168438410501295
627,21,-0.00028149671272004184
627,22,-2.0685679992027417e-5
627,23,0.00011525634800424456
627,24,-0.0003548571629456987
627,27,8.733011872319452e-5
627,29,-0.0025869197101222596
627,2,0.0012991552010888086
627,6,0.00015193138756686153
627,7,0.0003028349295135513
627,8,0.00035131214195516236
628,10,0.26440431834827205
628,12,1.261673680552633e-5
628,14,-8.33573857956793e-5
628,17,2.337269970276168e-5
628,18,-0.0003209377454602702
628,21,-0.0023011558141918798
628,22,0.0001839839186494885
628,23,0.00016446676996118015
628,24,0.00012868711726277127
628,27,0.00028719408486566067
628,29,4.656360176724661e-5
628,2,0.005166184030453103
628,6,0.00014853150306848306
628,7,7.877688974566865e-5
628,8,0.0003786691989207114
629,10,0.1006196898224454
629,12,-0.00010383158053173247
629,14,0.00033243908228453023
629,17,-0.00010004257621964996
629,18,-8.286950164571039e-5
629,21,-0.002297636381776158
629,22,0.00016370990016589815
629,23,0.00014132617299189576
629,24,0.004904764733092648
629,27,0.000286080168738323
629,29,5.352816313930475e-5
629,2,0.0019384930695167668
629,6,-9.190871846165294e-5
629,7,0.0004866589104342012
629,8,0.00016410758842511086
630,10,0.26440013110073046
630,12,-0.00010982102200962629
630,14,-8.274779153616407e-5
630,17,0.00019260125051623334
630,18,-0.00029222847037679855
630,21,-0.002293671774346251
630,22,-0.0001825152461361057
630,23,-6.534707504179949e-5
630,24,-0.0076485723184216425
630,27,0.0002800277182188893
630,29,-1.0730605209730015e-5
630,2,0.0019634492007662985
630,6,-2.2728518766612638e-5
630,7,0.0003881149373317072
630,8,-0.000899996585500773
631,10,-0.0005207780959048947
631,12,0.00954773825095323
631,14,0.0003185535934751016
631,17,0.000168246578621023
631,18,-0.0001001624054657313
631,21,-0.0005579021347026369
631,22,0.0003001427971520698
631,23,-7.203384334353302e-5
631,24,0.0033639035209365176
631,27,4.896575720003682e-5
631,29,6.892609106134984e-5
631,2,0.00032922414474878536
631,6,-0.00013200482421371618
631,7,0.0006862081057921188
631,8,-0.0009172482998396347
632,10,0.10094490995446748
632,12,0.00912286561459208
632,14,0.0003079631544320449
632,17,-0.0001762782815379893
632,18,-1.7523986493017674e-6
632,21,-0.002274936306713826
632,22,-0.00016774774564431993
632,23,-0.00010407440299253778
632,24,0.014016710473478966
632,27,0.00028283588429722784
632,29,8.401488719655958e-5
632,2,-0.00043684317163084074
632,6,0.000505120909363832
632,7,-0.0001718752563295567
632,8,-0.0008896174061039375
633,10,0.10094274056201069
633,12,0.009125002204919852
633,14,-0.00011660594362616905
633,17,0.00014792034033916934
633,18,-0.0001270343282460118
633,21,-0.0005644833415967554
633,22,-0.0005612401947150403
633,23,-7.617086635924863e-5
633,24,0.0454217379303925
633,27,0.00028145328807749337
633,29,-0.00017816651069324507
633,2,-0.000439759928593908
633,6,-0.000179614595239741
633,7,0.00022587762232273434
633,8,5.9563150894170747e-5
634,10,0.26422522204991683
634,12,0.00982502159921328
634,14,-9.48327200323007e-5
634,17,0.0002027363110483904
634,18,-0.0003104502441804158
634,21,-0.008009437736015812
634,22,-0.00045024437024832054
634,23,0.00014978903254281306
634,24,-0.00013021222307862956
634,27,7.11360858094423e-5
634,29,-0.0001633063303430049
634,2,0.0003865780651892692
634,6,-0.00014863245757368304
634,7,0.0006712510210240552
634,8,-6.0016567250187336e-5
635,10,0.264216478094796
635,12,-0.000338567601247064
635,14,0.0003330022183369863
635,17,0.00018087536347088928
635,18,-4.290317807154054e-5
635,21,-0.007332345287035302
635,22,-0.0005815629157321922
635,23,-8.801073083386513e-5
635,24,-0.00018122432319600534
635,27,0.0002961342460219285
635,29,-0.00012898136540862026
635,2,-0.00017776745400421845
635,6,-0.0001622096127338324
635,7,0.0006789091222554333
635,8,-0.02948207727163421
636,10,0.27268215903732074
636,12,0.006719548396996622
636,14,-8.797941602978199e-5
636,17,-0.00017665751624473813
636,18,0.00015485365226464154
636,21,-0.008777322174681856
636,22,-0.00021383358423321397
636,23,0.00016460078687607904
636,24,-0.00012926444070160414
636,27,0.0002857843674490823
636,29,-0.00014986629128710405
636,2,-4.016622835223416e-6
636,6,0.4146024872524299
636,7,-0.0001724812613534965
636,8,-0.010894920448367706
637,10,0.26452738817616783
637,12,-0.003312450195700478
637,14,-0.00015769559677902834
637,17,-0.00013951043075444147
637,18,0.0012456944436403106
637,21,-0.0006789580753148172
637,22,-0.00013419367317268893
637,23,-6.289935642200817e-5
637,24,-2.9437349380323496e-5
637,27,0.0003008376546329572
637,29,-0.00018975467806647828
637,2,-1.5173556207948025e-5
637,6,-0.00017601922964960437
637,7,0.00025787670305810195
637,8,-0.010882520893957803
638,10,0.2242310255440998
638,12,-0.0003350767500620577
638,14,-7.954815001021132e-5
638,17,0.01759426064869185
638,18,-0.0005118296975954451
638,21,-0.000721442287189511
638,22,-0.00011468196528419128
638,23,-0.00011686316607040226
638,24,0.0004028394344457453
638,27,0.00029108726535120866
638,29,-0.00024000769256637966
638,2,-0.00021377770956654274
638,6,-0.00016492352232155838
638,7,0.0009276654565120168
638,8,-0.08406964687542917
639,10,0.26452858916555044
639,12,0.009816861781691166
639,14,0.0002985117239209245
639,17,0.003995167434291069
639,18,0.0003008550164151913
639,21,-0.0027394838133760757
639,22,-0.00016089546450359649
639,23,0.04742638406620436
639,24,-3.438006745959399e-5
639,27,0.0002961479247760579
639,29,7.845801913752837e-5
639,2,4.440694619134433e-6
639,6,-0.00016320432796668172
639,7,0.0011148769175690632
639,8,-0.029487032571633875
640,10,0.22422845450057682
640,12,0.009129454855379748
640,14,0.00031518198408342357
640,17,0.0027996839892452385
640,18,-0.0005077900476155861
640,21,-0.0027601879182057587
640,22,-0.00024225266958222136
640,23,-0.00012521394342623893
640,24,-2.8124967784926014e-5
640,27,0.00030966182390024244
640,29,6.26510277905723e-5
640,2,-0.00013204586997517254
640,6,-0.0003267855451429824
640,7,0.002807815347621201
640,8,-0.010889109300761923
641,10,0.2641602695941403
641,12,-0.000342864591171832
641,14,-0.000138033028288298
641,17,0.003988639279754125
641,18,0.0003014763529733955
641,21,0.00016962852626178915
641,22,-0.0005774326182752532
641,23,-0.00011089351407278514
641,24,-5.987904074089556e-5
641,27,0.0003014633975837455
641,29,-0.0001595620739163195
641,2,-0.00021863578373171322
641,6,0.0006732994342595333
641,7,-0.00017256629352857544
641,8,-0.0009325876470871464
642,10,0.26415278452649726
642,12,-0.0003341845269382304
642,14,0.0002986003313028007
642,17,0.04478207063459472
642,18,0.00023985432057838096
642,21,-0.0027460074920444555
642,22,-3.647361789305137e-5
642,23,-0.0001755536255636514
642,24,-6.916924431354943e-5
642,27,0.00030178835423022576
642,29,-0.00018596892636413287
642,2,-0.0003154048525351172
642,6,-0.00017737538818440868
642,7,0.0006565456444764806
642,8,-0.0008402313197199973
643,10,-0.004149544741739675
643,12,0.004405034167952238
643,14,-0.0002676313305798317
643,17,0.026409296125920356
643,18,-0.00017641748276808755
643,21,-0.00044431120904597776
643,22,-0.00014195420736751174
643,23,-0.00021500866372115013
643,24,-5.793120494423931e-5
643,27,0.00030146401775077436
643,29,8.466713207511134e-5
643,2,-0.00018995155855350276
643,6,-0.02936817620760035
643,7,0.0071145293173939805
643,8,-0.000866613377199954
644,10,0.2641513143894141
644,12,0.004414917791045525
644,14,0.0002849174820864775
644,17,0.09762199675892891
644,18,0.00024106697147807665
644,21,-0.002122583474095663
644,22,-0.0002444937070533726
644,23,0.0008677351267296629
644,24,-4.0196698327221725e-5
644,27,0.0020044643239742754
644,29,-3.4933478861631784e-5
644,2,-0.00019483316250035188
644,6,-9.223577474148925e-5
644,7,-0.026597128681444815
644,8,-0.0010065250496413825
645,10,0.2641588590903572
645,12,0.004410931001850749
645,14,-8.292290940126179e-5
645,17,1.3310713764448145
645,18,0.0002314313863056583
645,21,-0.00048494390499431717
645,22,-9.513833249030768e-5
645,23,-0.00020937514490704245
645,24,0.00010217805627732446
645,27,0.00015346360444024043
645,29,-0.00015696217077554309
645,2,0.23231496173575117
645,6,-0.0007811558624712944
645,7,0.007107368387887725
645,8,-0.0009121581506281728
646,10,-0.00048343030060404857
646,12,0.011369183747529377
646,14,0.00025001239715205514
646,17,0.09762258477607944
646,18,0.00024292377018042544
646,21,-0.0021727437620615575
646,22,-0.0007344081299995864
646,23,-0.0055740569852069655
646,24,-0.0012495903475597814
646,27,0.0020061105660929
646,29,6.694953095021106e-5
646,2,-0.00019794666192485266
646,6,-0.00010076530687719298
646,7,0.003048968664510987
646,8,-0.0010017708004550485
647,10,-3.5596834258022625e-5
647,12,-0.0005937291804904987
647,14,0.0017438411049273128
647,17,0.017146183779761515
647,18,-0.0001805688407872097
647,21,-0.0004907297935332622
647,22,-8.252470395575529e-5
647,23,0.016254588833893635
647,24,0.0001512661058828968
647,27,0.0019914028958840646
647,29,6.27875442056336e-5
647,2,-0.00018228833054934057
647,6,-0.17878968933831274
647,7,0.0014391845055339303
647,8,-0.0009983532595878586
648,10,-0.00011730781298524562
648,12,0.0009391654194246257
648,14,-0.00013351850791742947
648,17,0.09762666648751495
648,18,-3.189864251940122e-5
648,21,-0.0021836513984467842
648,22,-0.00019920308224286032
648,23,-0.005582865032041084
648,24,7.313247445495108e-5
648,27,0.00020922371945175655
648,29,6.549793803767301e-5
648,2,-0.0004046799702894788
648,6,-0.1513028683366775
648,7,8.689624029312171e-5
648,8,-0.0008570069489675092
649,10,-0.00010729095335726413
649,12,0.00017121582539125768
649,14,0.00031442761131650343
649,17,0.017487856551025693
649,18,-4.9101166592180334e-5
649,21,-0.0005223951248662928
649,22,-0.00011640287582537212
649,23,-5.033336453141857e-5
649,24,4.374802656048615e-5
649,27,0.000211717179706028
649,29,-0.00010416985050731853
649,2,-0.00028976767928945435
649,6,-0.03351988754531732
649,7,6.346329221340596e-5
649,8,-0.0009550853515358781
650,10,0.0008584086487664067
650,12,0.00016586307905530617
650,14,-9.316736698750105e-5
650,17,0.01749758196632012
650,18,-0.00018494794599455133
650,21,-0.00223145720460316
650,22,-0.00020219087078832132
650,23,-7.705033117844096e-5
650,24,-0.00013084869153878742
650,27,0.00021456343474213213
650,29,-0.00017724126898333026
650,2,-5.105527189197545e-5
650,6,-0.03353199886889957
650,7,0.0007454934157031801
650,8,-0.0008839182981059679
651,10,5.9466319903833664e-6
651,12,-0.0020176089086731963
651,14,0.00031443050916557524
651,17,0.0034653084634044262
651,18,-0.0003904723665542065
651,21,-0.00015503436745412102
651,22,-0.0005961035859360919
651,23,-0.00016969850988068913
651,24,-0.00016265329761289138
651,27,0.00021087756958859671
651,29,9.699855863587459e-5
651,2,-0.0001934932792417854
651,6,0.000165957136047723
651,7,8.366061269615699e-5
651,8,-0.0009570328416748097
652,10,0.00015326585968722384
652,12,0.00013424558487784566
652,14,-9.115567053896712e-5
652,17,0.0034596190237730085
652,18,0.001225076777092049
652,21,-0.0001363925885096151
652,22,-0.0004160367706900203
652,23,-6.796317673085639e-5
652,24,-0.0001488423852009646
652,27,0.0002126810993567929
652,29,5.359920635505944e-5
652,2,0.0006500011183945276
652,6,-0.00017907066439448727
652,7,0.0005603521623225305
652,8,-0.0009598550819376328
653,10,1.4076334641011101e-5
653,12,-0.0019807297580491934
653,14,0.00025408427018547286
653,17,-2.3020071655110996e-5
653,18,0.0007543975886701304
653,21,-0.0002345258926226279
653,22,0.00016809081513091684
653,23,0.00014412022362542132
653,24,-4.0915675807440266e-5
653,27,0.00021021429611245424
653,29,2.1039533253386367e-5
653,2,-0.0002022912967971635
653,6,0.00048088191480388787
653,7,-0.00017085110794123892
653,8,0.001066515859391437
654,10,-2.981488229902851e-5
654,12,0.0001276107775813884
654,14,0.0001679062451458435
654,17,-0.00017702122842777612
654,18,-0.00017694135943724376
654,21,0.00021451374496095355
654,22,0.0001594342580668595
654,23,0.00016643637037283554
654,24,-0.00016288505528727626
654,27,0.0002080523030514314
654,29,5.573852795759393e-5
654,2,-5.2081914803991936e-5
654,6,3.887049208195492e-5
654,7,0.0006006238121205598
654,8,0.002086821847292697
655,10,1.2935004124692284e-5
655,12,-0.002013577130444588
655,14,0.0005011730720259067
655,17,-0.0004389029567644087
655,18,0.0007878540123709143
655,21,-0.0006184254778522913
655,22,-2.6797180285420552e-5
655,23,0.00011188870029954501
655,24,-0.0001690614246090405
655,27,0.00019767778608681397
655,29,9.611049344826483e-5
655,2,-0.00016233210446969792
655,6,5.279838830674066e-5
655,7,-0.00016914062455608558
655,8,0.0010685317754006718
656,10,0.0008847445631534612
656,12,-0.00012668642598523405
656,14,0.000534665656657829
656,17,0.002481981829288493
656,18,0.0012248243261909764
656,21,0.00024297179819754433
656,22,0.0001469584921656164
656,23,7.774150305017713e-5
656,24,0.04845707302738855
656,27,0.00021181797003588798
656,29,0.00010401116965930157
656,2,7.428663659592161e-5
656,6,0.0016909171766421593
656,7,0.0006000542316506596
656,8,0.0010765141996431637
657,10,0.0001571973701164353
657,12,-0.0003001500232278076
657,14,0.000528852594507967
657,17,0.01778636028166858
657,18,0.00014975530934790982
657,21,0.0003278110741113949
657,22,-2.2603755188477237e-5
657,23,-9.873452908237823e-5
657,24,-0.0782043462411961
657,27,0.00023476220033025186
657,29,0.0001027131237307799
657,2,8.60171647598662e-5
657,6,0.003002948661335658
657,7,-0.0001677628330725156
657,8,0.0011561663581023396
658,10,0.00033450741340157464
658,12,-0.0002702051862781829
658,14,0.0004875177046814727
658,17,0.003030047048082629
658,18,-0.00020164970798930426
658,21,-0.0012723997189798553
658,22,-2.102219141875139e-6
658,23,-8.104043212853185e-5
658,24,0.00011328587540315738
658,27,-0.0005828215817160753
658,29,0.00018170658798855044
658,2,-0.0002726062243585403
658,6,-0.033440660440874126
658,7,0.0013798676390273101
658,8,0.0009843586172069152
659,10,-0.00018368418728442748
659,12,-0.00027185495915826863
659,14,0.0013973869455803367
659,17,0.003081080652547641
659,18,-0.00022491474210806217
659,21,0.00021391295725692316
659,22,0.0001623945745947708
659,23,-9.783658602380285e-5
659,24,6.749773294423278e-5
659,27,0.00024172910900688294
659,29,-0.00024764331667270767
659,2,0.00031023901244520147
659,6,-0.00014005727651156263
659,7,0.00042801162029348916
659,8,0.0010505383312082728
660,10,-0.0003630087778363489
660,12,-0.00028728903944674755
660,14,-0.0001649831291175019
660,17,0.0030759112273388567
660,18,-8.879880775580773e-5
660,21,0.00013713997800390842
660,22,0.00059650728042282
660,23,-0.00011044947101890301
660,24,3.0146919944407102e-5
660,27,-0.0005909837708166776
660,29,-0.0001274280034433417
660,2,0.00010254260982378582
660,6,-0.033724002696049915
660,7,0.00044106356168427396
660,8,0.0020630080877523937
661,10,9.814521889150996e-5
661,12,-0.0002818385607703533
661,14,-0.0003958596702595685
661,17,0.0015443899304408149
661,18,-0.00021465564876521626
661,21,-0.0002600046027119163
661,22,0.0005942718585059126
661,23,-0.05519909393303646
661,24,0.00042002370220650675
661,27,-0.00029421090974768305
661,29,0.0003976705876969078
661,2,-0.00017797598889934818
661,6,-0.08722871854826497
661,7,-0.00017580394973482072
661,8,-0.00020300807357109818
662,10,7.918206243129333e-5
662,12,-0.00029616155147671464
662,14,-0.0002576024331943927
662,17,-0.20949071311184575
662,18,-0.00020560867994756649
662,21,0.0001318567801309456
662,22,0.0001487655227698781
662,23,-0.00011428447789185725
662,24,0.0005605571164872813
662,27,-0.27063140428362686
662,29,0.0001898070937178531
662,2,9.374576429266313e-5
662,6,-0.00014974383692134552
662,7,0.0004468549417522283
662,8,0.007317338387875516
663,10,0.00033119138575798956
663,12,0.004670867015907021
663,14,0.0002955213364979059
663,17,0.0001541919568328609
663,18,-0.0016978427181122413
663,21,-0.00017100865718067126
663,22,0.00011789772209347404
663,23,-0.00018692169835432537
663,24,0.0006381643653305957
663,27,-0.2706352772585223
663,29,0.000654451736390449
663,2,8.076741347196048e-5
663,6,3.3046296775474104e-5
663,7,0.0004023642851285203
663,8,0.0012576025786161793
664,10,7.135048334472316e-5
664,12,-4.7023674708768226e-5
664,14,0.011834754232572742
664,17,0.00011794676168097595
664,18,-0.0006350447669287718
664,21,-7.636776000818912e-5
664,22,-5.765832993631648e-5
664,23,-0.00011474626378316088
664,24,0.0001566130743739791
664,27,-0.27063126839495766
664,29,0.00042510593636357896
664,2,-0.00017628627425647636
664,6,1.839365853939512e-5
664,7,6.430424597247963e-5
664,8,0.00017388733228163034
665,10,6.661251079354003e-5
665,12,0.00453829227009539
665,14,-0.0002229975605860801
665,17,0.0002192993996583681
665,18,2.538247936900717e-5
665,21,5.673837552322425e-5
665,22,0.00014292051401199046
665,23,-6.0381398933273545e-5
665,24,4.227453668104175e-5
665,27,-0.2706316053281075
665,29,-2.880216597134222e-5
665,2,0.00015758552710121165
665,6,2.144662458825053e-5
665,7,0.00040759319777095016
665,8,0.00038922181823863866
666,10,8.054607961316407e-5
666,12,-1.9156960443744708e-5
666,14,-0.0012643748220755313
666,17,8.406608919830916e-5
666,18,3.925122860071184e-5
666,21,0.00015767918843234696
666,22,0.0004410437923070276
666,23,-7.207921235519166e-5
666,24,7.463486045811152e-5
666,27,-0.45292884996529903
666,29,0.00010216363778958737
666,2,-6.969031676717918e-5
666,6,-0.08942952067040544
666,7,0.0002447256108375484
666,8,0.00014942861796729545
667,10,0.00017241833049386202
667,12,-3.8724932293732195e-5
667,14,-0.0011124915066913488
667,17,0.00011283263506722818
667,18,0.00015765673096090893
667,21,-1.8304582658501545e-6
667,22,4.0008792986157005e-5
667,23,3.302462394216832e-6
667,24,0.00045716214236968256
667,27,-0.05475495843320388
667,29,4.7849242259090374e-5
667,2,0.0001560046596082998
667,6,-0.0005167110012562759
667,7,3.9639468214502926e-5
667,8,0.0001672581790090888
668,10,6.556355362796751e-5
668,12,0.0002493456133354499
668,14,0.0007388947106905519
668,17,0.0001189947909505662
668,18,-0.00017064535831412542
668,21,9.037760731800404e-6
668,22,3.5749952633779e-5
668,23,3.1352695223141325e-5
668,24,4.838370531334846e-5
668,27,0.00015320444559563384
668,29,4.827912538463153e-5
668,2,0.000339409016929082
668,6,-0.08942277986714764
668,7,-0.00013864874610369782
668,8,0.00017450560905185597
669,10,0.00015851971911384766
669,12,-0.0003417089315549404
669,14,0.001519987982327109
669,17,0.0036881609999710463
669,18,-0.0003946161016852301
669,21,-7.430681673881168e-5
669,22,7.153679675919733e-5
669,23,1.1267804594261577e-5
669,24,0.0011059197399143628
669,27,-0.00012136501812243239
669,29,3.634162567767163e-5
669,2,0.0003323353255444417
669,6,-0.08942544242254957
669,7,-0.00014578475580862005
669,8,0.0001784062394669661
670,10,-7.875368685894557e-5
670,12,-0.0008949615000855005
670,14,-4.505424384770862e-5
670,17,0.002877258416192241
670,18,0.0001541793417798587
670,21,0.0009096544778222082
670,22,0.0005806282990317158
670,23,-6.745482577930062e-5
670,24,-0.0010876313605070465
670,27,0.0003945287989601809
670,29,3.516456146357427e-5
670,2,0.0002462360600601343
670,6,0.00016162607924208316
670,7,-0.00012006618355631105
670,8,0.0013009681004065854
671,10,0.00047859214317469423
671,12,0.0007751791577881306
671,14,-1.9853478762321686e-5
671,17,0.002858726619213492
671,18,-0.00010372334368469183
671,21,-0.00018987864325659132
671,22,-0.00016095271911353848
671,23,-5.929029618823023e-5
671,24,0.0008899974501437313
671,27,-9.440740089150523e-5
671,29,-0.00016026593425344515
671,2,-0.0001271782458953652
671,6,0.0006555673997059586
671,7,-0.00016203159423255897
671,8,0.0002664728952712636
672,10,-6.658699688344427e-5
672,12,8.526124796404133e-6
672,14,-0.0005818551210925449
672,17,7.022296864267474e-5
672,18,0.00012007934727176206
672,21,0.0023811357810483713
672,22,-0.00020858653553279538
672,23,-7.471929536428945e-5
672,24,-0.00013152150229078785
672,27,0.00015026381022398283
672,29,5.006929573969643e-5
672,2,-0.00017657878694343765
672,6,0.001601925916654423
672,7,0.0006924203580886967
672,8,0.00019002707886439651
