Time,Scenario,Dto,dfix_to,dflex_to
1,10,59.710962,53.73986579989888,5.910506026385187
1,12,54.5862926,49.12766333957461,5.458422360265327
1,14,51.070361500000004,45.96332534962178,5.105692666393673
1,17,60.199753,54.179777699896846,6.0183951328484415
1,18,63.468266799999995,57.12144011977311,6.3466441548594315
1,21,62.34314,56.1088259998379,6.232676931310605
1,22,63.5789882,57.22108937988656,6.357749035165588
1,23,59.1135659,53.202209309656226,5.851820775657079
1,24,53.4938833,48.14449496969062,5.34920707421209
1,27,61.9129049,55.72161440983687,6.150412199113421
1,29,57.0991298,51.38921681988655,5.709366596629513
1,2,55.66605919999999,50.09945327978729,5.566441735476343
1,6,67.0900092,60.381008279845304,6.708831181136271
1,7,53.3822505,48.04402544975691,5.338057857464495
1,8,52.539381799999994,47.285443619432755,5.253399473799124
2,10,67.6730952,60.90578567985193,6.762346873328778
2,12,61.572590000000005,55.41533099931938,6.156992170339086
2,14,59.1438356,53.229452039858174,5.913097598366179
2,17,81.4382834,73.2944550597355,8.060043442582947
2,18,73.6368669,66.27318020957028,7.28952225008499
2,21,57.898664700000005,52.108798229738156,5.78834534767781
2,22,81.9246997,73.7322297297873,8.192255594881024
2,23,66.1881515,59.569336349312465,6.552154626668379
2,24,70.29810140000001,63.26829125995745,7.027965244656326
2,27,55.09100300000001,49.58190269971346,5.452422973931079
2,29,63.901805700000004,57.51162512986387,6.390022885690673
2,2,70.2089618,63.18806561951383,7.02064148908651
2,6,61.4775414,55.32978725969062,6.147554867293167
2,7,64.1928161,57.77353448969062,6.419076603886537
2,8,59.9071681,53.916451289820884,5.990553364395169
3,10,76.5652372,68.90871347973814,7.654515170577212
3,12,64.56668669999999,58.11001802982983,6.456499072654414
3,14,71.6515361,64.48638248971633,7.1632713731375
3,17,60.144932600000004,54.13043933969055,6.012913092695581
3,18,66.3432243,59.708901869785144,6.5675040977580394
3,21,82.9270951,74.6343855896596,8.29053119766923
3,22,60.4509462,54.405851579659675,6.044890969845566
3,23,64.9816736,58.48350623981906,6.432721509680069
3,24,66.271881,59.64469289990448,6.55900797616624
3,27,76.9627759,69.2664983097355,7.617098781410588
3,29,83.3904061,75.05136548975692,8.338814878042024
3,2,57.3207656,51.58868903969062,5.731886419327606
3,6,71.600275,64.44024749995087,7.087915005749938
3,7,52.7151347,47.443621229621876,5.271319503886705
3,8,53.8481793,48.46336136965968,5.384628963590128
4,10,56.4043198,50.76388781969062,5.640243712897967
4,12,83.0563938,74.75075441973821,8.305409023623314
4,14,52.9877056,47.6889350397164,5.2985955013863535
4,17,83.266937,74.94024329973814,8.32450693687132
4,18,77.5445593,69.79010336965622,7.676355917437883
4,21,63.7917584,57.41258255975691,6.378989048909148
4,22,84.741783,76.26760469975692,8.473949836441097
4,23,72.275389,65.04785009931922,7.225638789646858
4,24,85.662745,77.09647049975685,8.564025663149312
4,27,56.8067977,51.12611792968857,5.643173847717324
4,29,69.7824881,62.804239289787276,6.977576449979114
4,2,75.26220409999999,67.73598368990275,7.526056949137201
4,6,88.904112,80.01370079975445,8.800871128699686
4,7,66.7967643,60.1170878698582,6.67951129727224
4,8,71.383422,64.2450797997382,7.138134388262606
5,10,77.4714678,69.72432101975691,7.746932706757456
5,12,60.507571000000006,54.45681389962188,6.050545623575714
5,14,69.4930796,62.543771639799814,6.949120846246672
5,17,68.6733899,61.80605090986387,6.867173479280643
5,18,65.7489459,59.17405130973815,6.573168254277658
5,21,84.9058263,76.41524366962177,8.488352083730325
5,22,69.7043338,62.73390041986387,6.970265127499514
5,23,71.1988969,64.07900720989021,7.119729023324672
5,24,62.278794000000005,56.05091459965962,6.226525044285513
5,27,71.1395692,64.02561227990448,7.040768963591478
5,29,86.391096,77.75198639965969,8.638852076440006
5,2,60.9166882,54.82501937971641,6.09147683950373
5,6,72.5988867,65.3389980296575,7.213721397147461
5,7,86.0866986,77.4780287396906,8.607840200480405
5,8,55.7971821,50.2174638895138,5.579157398525982
6,10,57.572601899999995,51.815341709574604,5.7570466780956036
6,12,82.6383289,74.37449600977313,8.263613183149754
6,14,53.095454,47.78590859931937,5.309301598081399
6,17,67.9474843,61.15273586991043,6.794196940685299
6,18,72.1701664,64.95314975992264,7.216866874025969
6,21,63.899186799999995,57.509268119716324,6.3882399533505865
6,22,55.84092149999999,50.256829349656144,5.52664305461108
6,23,68.4802841,61.63225568971634,6.846229939245939
6,24,84.58899840000001,76.13009855978724,8.45667923771297
6,27,59.995247299999996,53.99572256965834,5.975885173189477
6,29,61.174160300000004,55.05674426957461,6.117193798829338
6,2,79.9493479,71.95441310971641,7.994704653910907
6,6,90.1798132,81.16183187977306,9.01561515749792
6,7,70.7212847,63.649156229799786,7.071289000357671
6,8,83.0223256,74.72009303977161,8.24741457047156
7,10,86.1592002,77.54328017978725,8.613660056150668
7,12,60.784427799999996,54.70598501962187,6.078230685263946
7,14,84.1526283,75.73736546977307,8.413052100960696
7,17,74.969729,67.47275609983794,7.496486460170252
7,18,90.39639969999999,81.3567597297135,8.948597629484793
7,21,67.3894082,60.65046737987396,6.7387806563329455
7,22,77.8110478,70.02994301975438,7.701052913588466
7,23,90.3364388,81.30279491971352,8.94266233095057
7,24,59.3852493,53.4467243695745,5.936963972574579
7,27,87.20976449999999,78.48878804977112,8.645079939813803
7,29,82.9273223,74.63459006978731,8.292516021130856
7,2,62.2599019,56.033911709319376,6.225721558209484
7,6,71.3784854,64.24063685962177,7.135974423058851
7,7,82.2445223,74.02007006969059,8.223658941981158
7,8,61.216144699999994,55.09453022962187,6.121401273189611
8,10,59.6876554,53.718889859574496,5.967198128514724
8,12,82.5043364,74.25390275977311,8.250214193150395
8,14,57.97691940000001,52.17922745962188,5.797486601202067
8,17,87.7002135,78.9301921496906,8.769296392613168
8,18,80.994152,72.89473679993927,7.963486904519365
8,21,69.6841758,62.715758219837944,6.9682415941129605
8,22,62.56865809999999,56.311792289658335,6.232210655727214
8,23,69.6395514,62.67559625961863,6.904625866412137
8,24,85.89959640000001,77.30963675977307,8.587704516505177
8,27,60.877997699999995,54.79019792961794,6.025168729912699
8,29,65.68674709999999,59.11807238969061,6.568466800245267
8,2,61.7894956,55.61054603977312,6.178732563630721
8,6,88.3295108,79.4965597195089,8.743989827196371
8,7,72.5550516,65.29954643988656,7.254813405181844
8,8,85.8634939,77.27714450975691,8.586118667665804
9,10,86.6152527,77.9537274297708,8.573633308923432
9,12,60.918649800000004,54.82678481962188,6.09165258513058
9,14,85.7583515,77.18251634975692,8.575605630364668
9,17,66.50696889999999,59.85627200973819,6.650144785106018
9,18,83.5147109,75.16323980991184,8.267359407938013
9,21,80.0030429,72.00273860914916,7.999587906764789
9,22,90.1711653,81.15404876971527,8.981584767058795
9,23,89.3428115,80.40853034977081,8.844300126309573
9,24,60.7231081,54.65079728962184,6.0717958617864
9,27,86.6152527,77.95372742977075,8.572416079700993
9,29,84.6959155,76.22632394962177,8.467365113905904
9,2,67.33607219999999,60.602464979621864,6.733380997250477
9,6,81.867739,73.68096509986249,8.104320659689444
9,7,83.0805321,74.77247888975684,8.305869971776554
9,8,63.89206360000001,57.50285723965968,6.388995295213966
10,10,61.7761244,55.5985119596216,6.1730817971524585
10,12,81.37218250000001,73.23496424978731,8.137005061653445
10,14,60.9215352,54.829381679659654,6.091559313679949
10,17,87.10703749999999,78.39633374971638,8.709985593849622
10,18,68.1036716,61.293304439713516,6.741776619275453
10,21,86.9922003,78.29298026969053,8.696934269284696
10,22,62.826032899999994,56.54342960965959,6.280954561562821
10,23,79.9110501,71.91994508993967,7.910623239482287
10,24,84.92710650000001,76.43439584978725,8.490481116052196
10,27,61.7761244,55.598511959617944,6.114057442098081
10,29,76.6338482,68.97046337914922,7.663051955917612
10,2,52.68115209999999,47.413036889621864,5.267921772728276
10,6,78.6160646,70.75445813978514,7.782428028214748
10,7,60.036333500000005,54.03270014971638,6.003050083647635
10,8,76.8797094,69.19173845989363,7.687801133884325
11,10,88.9586553,80.06278976975673,8.889341895791794
11,12,60.319851400000005,54.28786625965969,6.03178188431151
11,14,86.2352822,77.61175397975684,8.621261890624764
11,17,60.7231081,54.65079728962187,6.072099969831303
11,18,73.2133331,65.89199978985677,7.247596617647386
11,21,60.5711105,54.51399944962185,6.056595660042347
11,22,87.6023103,78.84207926977223,8.725711441246563
11,23,89.65787200000001,80.69208479975445,8.875489108397808
11,24,60.8817177,54.79354592957458,6.087650837424397
11,27,88.9586553,80.06278976975439,8.804345427637887
11,29,66.7944323,60.11498906985203,6.6792763507732325
11,2,65.0770674,58.569360659829805,6.505998265178169
11,6,80.0539658,72.04856921990952,7.924770045340281
11,7,65.5693897,59.01245072987846,6.556783251347114
11,8,86.1259719,77.51337470943281,8.612290245374572
12,10,62.6741874,56.4067686596596,6.265774700467984
12,12,76.1794695,68.5615225495746,7.617691299603615
12,14,66.1162562,59.50463057975689,6.6109896060401185
12,17,86.416132,77.7745187997569,8.640904448589003
12,18,78.8015664,70.92140975968861,7.829387277249161
12,21,84.58899840000001,76.13009855978729,8.458208223215548
12,22,59.5919356,53.63274203962038,5.935711212195784
12,23,74.53806870000001,67.08426182994073,7.378736448336848
12,24,86.0516526,77.44648733975684,8.602906150143964
12,27,62.6741874,56.40676865965615,6.202939794216193
12,29,59.4865439,53.537889509787306,5.948482564863962
12,2,82.6906613,74.42159516975606,8.24039195185668
12,6,69.31711320000001,62.38540187989889,6.86189844077663
12,7,66.27097090000001,59.64387380981093,6.626460313023697
12,8,60.620011,54.55800989973815,6.060409145840477
13,10,87.2321592,78.50894327975674,8.717057622180455
13,12,79.255476,71.32992839931937,7.92519219316197
13,14,86.2847673,77.65629056969063,8.628228130866601
13,17,63.60615979999999,57.24554381965959,6.358943888194322
13,18,74.9272285,67.43450564990799,7.490756928916044
13,21,59.3852493,53.4467243695746,5.938307860887693
13,22,85.7980142,77.21821277978509,8.491533070121466
13,23,84.5738476,76.1164628398958,8.372206773236526
13,24,69.5684018,62.61156161986775,6.885268578227576
13,27,86.6407737,77.97669632977075,8.574941832650026
13,29,71.2132527,64.09192742987396,7.121157922116985
13,2,65.925449,59.33290409977306,6.590813843012009
13,6,79.7627756,71.78649803989889,7.895944255190343
13,7,82.3959708,74.15637371975689,8.238805477825109
13,8,69.34824689999999,62.41342220994626,6.863479835451613
14,10,67.5302117,60.77719052973815,6.751250364704493
14,12,60.395418899999996,54.3558770095138,6.038938849298418
14,14,59.192406600000005,53.273165939621876,5.919032622979053
14,17,79.6472521,71.68252688982807,7.882784059753806
14,18,85.3323424,76.79910815971456,8.478257420074899
14,21,85.89959640000001,77.30963675977311,8.589257116844147
14,22,59.17769510000001,53.259925589570194,5.856888002214719
14,23,80.510553,72.45949769982084,8.04894038624772
14,24,58.7838443,52.905459869690546,5.876840269292945
14,27,61.630016600000005,55.46701493961795,6.099596938156061
14,29,85.22327200000001,76.70094479931937,8.522001260596747
14,2,83.6612445,75.29512004965959,8.363927319383727
14,6,78.1944196,70.37497763985053,7.740688209534357
14,7,64.7095932,58.23863387931937,6.470684270766793
14,8,57.214136100000005,51.492722489319206,5.719908295717982
15,10,86.010544,77.40948959969039,8.59474582047156
15,12,72.94693410000001,65.65224068982089,7.2945057720434825
15,14,83.8161831,75.43456478978729,8.380815511404197
15,17,57.050165799999995,51.345149219319325,5.704498100765828
15,18,66.5280453,59.875240769619424,6.609942624034751
15,21,60.7231081,54.65079728962184,6.071794410714865
15,22,86.2781707,77.65035362968301,6.17505571141328
15,23,92.9292456,83.63632103965907,9.276069402879038
15,24,81.4846064,73.3361457596906,8.14778655414505
15,27,83.2165351,74.89488158961795,8.236040724357933
15,29,70.5598288,63.50384591982088,7.055799507361266
15,2,58.199609200000005,52.379648279621875,5.819755933247313
15,6,77.30950949999999,69.57855854981088,7.72892277189418
15,7,73.5540199,66.19861790994598,7.355259645096735
15,8,81.7041713,73.53375416978724,8.168272816826558
16,10,60.3491279,54.314215109716194,6.030486105220692
16,12,73.1054353,65.79489176973821,7.310332336854137
16,14,63.922630000000005,57.530366999787304,6.392082686602571
16,17,69.8825386,62.89428473992759,6.988109841564865
16,18,86.9015552,78.21139967975445,8.602633224986041
16,21,85.8989487,77.30905382977082,8.503380448750876
16,22,60.5271533,54.47443796962038,6.028864103690288
16,23,70.0534164,63.0480747596596,7.003497683986954
16,24,60.6220643,54.55985786965968,6.0620036457622835
16,27,78.2565274,70.43087465962176,7.823597121853187
16,29,86.4626672,77.81640047931936,8.64593797957251
16,2,81.35878699999999,73.22290829978724,8.133742317253695
16,6,86.6772001,78.0094800897135,8.580422738810517
16,7,73.2180424,65.89623815982088,7.321616076611915
16,8,58.404732800000005,52.564259519574506,5.838938523307599
17,10,76.5544889,68.89904000973814,7.653440827188738
17,12,87.9231188,79.13080691965969,8.792051362406557
17,14,79.5740655,71.61665894943282,7.957114841797195
17,17,86.26751569999999,77.64076412978727,8.62604552904723
17,18,68.8022796,61.92205163965623,6.810934084897083
17,21,61.933690500000004,55.74032144962178,6.191741852091965
17,22,87.3484208,78.61357871975684,8.732548893496942
17,23,88.5760269,79.71842420977306,8.855272370370987
17,24,86.26751569999999,77.64076412978727,8.626045634552574
17,27,63.1671256,56.8504130397164,6.316516417601705
17,29,59.528760199999994,53.57588417962183,5.9522897235617975
17,2,59.7198955,53.74790594957461,5.971771712214254
17,6,71.9410114,64.74691025991615,7.121645495407067
17,7,73.33220390000001,65.99898350990547,7.3330611556825005
17,8,81.1643098,73.04787881978646,8.08444773358241
18,10,57.455321299999994,51.70978916969054,5.744024073231274
18,12,63.9362305,57.54260744957461,6.393394434569179
18,14,54.913398199999996,49.422058379659674,5.491148508962376
18,17,61.21108159999999,55.08997343957458,6.1206742126473666
18,18,86.1845003,77.56605026975276,8.473809176476685
18,21,86.0516526,77.44648733975684,8.602906055036586
18,22,70.6283402,63.565506179869104,7.062667016317943
18,23,68.7097607,61.83878462962178,6.869166300005366
18,24,61.21108159999999,55.0899734395746,6.120886907708645
18,27,66.55602830000001,59.90042546982985,6.655430138864726
18,29,77.11443890000001,69.40299500991273,7.7107080948182505
18,2,85.9228408,77.3305567197731,8.591581094548904
18,6,69.4437791,62.49940118989647,6.917593062603147
18,7,58.463691600000004,52.61732243962187,5.846162254244357
18,8,58.7773163,52.89958466957293,5.85456999297531
19,10,78.2301025,70.40709224971634,7.821311113801153
19,12,87.5454617,78.79091552977312,8.754317387087562
19,14,67.7936913,61.014322169858204,6.779202582043872
19,17,87.66245459999999,78.89620913978723,8.763944106208223
19,18,67.4076695,60.66690254965622,6.672877625816418
19,21,65.6059012,59.04531107979977,6.558867585799613
19,22,66.2834007,59.65506062989362,6.626600312630298
19,23,86.5245607,77.87210462975673,8.646053587630425
19,24,87.66245459999999,78.89620913978727,8.765528399368339
19,27,73.7739752,66.39657767943281,7.3771203012961815
19,29,61.2157539,55.09417850962188,6.121362230099711
19,2,62.01798670000001,55.816188029621856,6.201271995856075
19,6,62.0396274,55.83566465950889,6.141479119758645
19,7,70.5275152,63.4747636798453,7.052575790957414
19,8,82.5743754,74.31693785977221,8.224898718865457
20,10,59.08299890000001,53.17469900965968,5.9081004356915985
20,12,63.743047399999995,57.368742659621866,6.3740860618651904
20,14,87.9986607,79.19879462977312,8.799636643986306
20,17,61.512027,55.360824299574304,6.146680356395437
20,18,83.35844730000001,75.02260256975445,8.251890679017379
20,21,67.03466399999999,60.331197599820875,6.7032905107303735
20,22,90.33623750000001,81.30261374975531,8.973978309814244
20,23,65.8908357,59.30175212973803,6.584433406339614
20,24,61.512027,55.36082429957461,6.15098076225822
20,27,68.2176766,61.39590893979956,6.812977661823383
20,29,82.5467082,74.29203737977312,8.254450920756746
20,2,82.593894,74.33450459962178,8.257219266228097
20,6,85.58323180000001,77.02490861978515,8.472127655740142
20,7,87.3619673,78.62577056977219,8.700100665257615
20,8,61.2157539,55.094178509621784,6.119966849885434
21,10,86.3990897,77.75918072977306,8.637642133145526
21,12,84.618431,76.15658789975691,8.46161501731436
21,14,60.0807828,54.07270451962187,6.007867801126552
21,17,85.6760694,77.10846245978432,8.448766850587706
21,18,68.91656929999999,62.024912369857276,6.847256347568505
21,21,71.31786869999999,64.18608182984525,7.12991475244472
21,22,69.2576339,62.33187050973675,6.887094056572371
21,23,71.6454212,64.48087907990546,7.163962230465915
21,24,86.7038015,78.03342134977309,8.669669790834634
21,27,88.1483388,79.33350491973815,8.812520224006912
21,29,69.8028603,62.82257426986387,6.980117648308475
21,2,79.19889810000001,71.27900828962179,7.917808943602709
21,6,65.8806344,59.292570959570284,6.521711316557347
21,7,65.5664937,59.009844329618026,6.490613320217633
21,8,83.0148393,74.71335536975685,8.299304353401805
22,10,60.0330397,54.029735729621784,6.001727355595424
22,12,63.8758736,57.48828623965968,6.387376400952363
22,14,88.0553599,79.24982390977311,8.805306470507638
22,17,60.9803325,54.88229924957019,6.035299267102322
22,18,66.4697893,59.82281036989926,6.604154592319459
22,21,87.2664082,78.53976737977082,8.638750527174242
22,22,89.4387866,80.49490793931486,8.884826455103541
22,23,69.0697398,62.16276581975685,6.905159053026243
22,24,62.0114165,55.81027484962188,6.2009279676305615
22,27,61.7602163,55.58419466965968,6.175816406548995
22,29,59.51071329999999,53.55964196969061,5.950876330494307
22,2,68.8515346,61.966381139873945,6.884990563595959
22,6,85.4329575,76.88966174978513,8.45725148063503
22,7,87.538873,78.78498569965622,8.665721507931407
22,8,62.946075199999996,56.6514676797164,6.29441167653021
23,10,82.64220610000001,74.37798548914901,8.262047013397227
23,12,83.6487939,75.2839145097873,8.364661997399413
23,14,61.821189600000004,55.63907063962188,6.181904601546097
23,17,87.2208737,78.49878632975349,8.601103870377454
23,18,86.34416999999999,77.70975299975942,8.143263535705621
23,21,62.33030899999999,56.097278099620404,6.208990257412697
23,22,74.8504119,67.3653707097861,7.443249068369394
23,23,75.7742448,68.19682031992086,7.577266981942439
23,24,87.2208737,78.4987863297569,8.721371789479694
23,27,87.1503006,78.43527053977306,8.712742211460425
23,29,72.4100627,65.16905642985819,7.240832157207966
23,2,67.1997938,60.4798144197164,6.719775235585369
23,6,66.7405988,60.06653891957461,6.673826183057914
23,7,93.4236263,84.081263669149,9.33990533568154
23,8,77.29446039999999,69.56501435971639,7.729221500052531
24,10,77.4207995,69.67871954982981,7.740399206827533
24,12,61.592077999999994,55.432870199574296,6.154682035361967
24,14,89.6872238,80.71850141975692,8.968485009847896
24,17,63.432053499999995,57.088848149657125,6.295859664729898
24,18,66.8015816,60.12142343960276,6.3585682930578376
24,21,87.66245459999999,78.89620913978646,8.732434485526129
24,22,88.4614327,79.61528942977075,8.755135682508728
24,23,86.9754182,78.2778763797569,8.697308638848972
24,24,63.432053499999995,57.088848149659675,6.342996551066608
24,27,63.5255894,57.17303045962178,6.350890007597243
24,29,88.20848289999999,79.38763460970534,8.489700439930168
24,2,70.4654419,63.41889770977312,7.046347633870347
24,6,86.0816602,77.47349417977306,8.605905526978992
24,7,76.29461640000001,68.66515475984532,7.6292756130460955
24,8,60.984292399999994,54.88586315973821,6.0982425857155445
25,10,89.4367276,80.49305483977305,8.941326346750175
25,12,83.7676291,75.39086618977075,8.290582406663827
25,14,64.0211598,57.61904381965969,6.401904779073267
25,17,85.0535489,76.5481940097711,8.430299809247854
25,18,86.1204835,77.50843514975944,8.122167389425202
25,21,61.512027,55.36082429957297,6.127477682656703
25,22,66.0064212,59.40577907968741,6.53273556412632
25,23,66.79061750000001,60.111555749659686,6.678844224145476
25,24,85.7254809,77.15293280975689,8.571845366806961
25,27,89.4367276,80.4930548397716,8.884619194396725
25,29,65.5664937,59.00984432962178,6.554930665006112
25,2,90.4179991,81.3761991897569,9.041059269299232
25,6,69.3280342,62.395230779690564,6.931295275376927
25,7,72.3057875,65.07520874951382,7.230278074173672
25,8,70.7577996,63.68201963983794,7.0756020516225195
26,10,64.0034703,57.603123269621875,6.400128989922906
26,12,61.0829769,54.97467920968857,6.067966933063777
26,14,90.3488093,81.31392836975691,9.034642456691689
26,17,64.8238764,58.341488759902695,6.477622349673029
26,18,67.6716507,60.90448562959907,6.3822268584160975
26,21,86.7038015,78.0334213497708,8.583057137343221
26,22,88.0366685,79.23300164975392,8.69657592024638
26,23,85.18291190000001,76.66462070977312,8.518066068268077
26,24,61.7282024,55.55538215957458,6.1722911500538755
26,27,64.0034703,57.60312326962178,6.398666070199345
26,29,87.7206806,78.94861253978729,8.771843110183964
26,2,70.7090406,63.6381365397382,7.070433908606427
26,6,86.1513561,77.53622048971633,8.612873859860747
26,7,69.7769048,62.799214319659676,6.977466949934805
26,8,87.3619673,78.62577056977162,8.678516750412731
27,10,88.68398549999999,79.81558694975683,8.866072260160184
27,12,78.6473759,70.78263830971417,7.8033395000405825
27,14,65.25307959999999,58.72777163965967,6.5250941257734905
27,17,76.0276817,68.42491352971633,7.600771089323585
27,18,86.4927701,77.84349308975148,8.460034273986537
27,21,62.0114165,55.81027484961803,6.138687256528788
27,22,73.6295154,66.26656385994546,5.743322595420527
27,23,64.47869899999999,58.03082909962186,6.447649269894327
27,24,68.81943700000001,61.9374932996596,6.880135044109643
27,27,87.2042855,78.48385694978724,8.718140173317135
27,29,68.4947486,61.645273739716394,6.849267284012284
27,2,91.20457830000001,82.0841204696906,9.11970583338027
27,6,73.48456490000001,66.13610840990545,7.34652774604322
27,7,75.5531697,67.99785272985203,7.555134589294552
27,8,65.5664937,59.00984432961975,6.520046253204831
28,10,65.1500441,58.6350396896596,6.513294406527545
28,12,61.1627232,55.04645087973815,6.114666015385842
28,14,87.8307272,79.0476544797873,8.782847890152857
28,17,60.7112549,54.640129409659615,6.069803351137973
28,18,68.14446269999999,61.33001642965207,6.665348595350104
28,21,85.6474079,77.08266710978513,8.478481707295327
28,22,92.41454850000001,83.17309364970914,7.208611552649934
28,23,83.7856642,75.40709777975691,8.378339461694381
28,24,78.2061842,70.3855657795138,7.819953379304737
28,27,62.2259588,56.0033629195745,6.220961123984061
28,29,80.5491624,72.49424615977311,8.054700412977098
28,2,74.5479137,67.09312232975684,7.452832130185054
28,6,75.0715634,67.56440705931503,7.459414849668683
28,7,77.9079959,70.1171963097873,7.790592753512844
28,8,87.7206806,78.9486125397845,8.658601291891387
29,10,87.28359999999999,78.55523999978723,8.72607061287104
29,12,75.8768678,68.2891810193192,7.585691565104423
29,14,61.8938809,55.70449280962187,6.1891735701505235
29,17,86.7724918,78.09524261978724,8.674969817676585
29,18,80.1206315,72.10856834990747,7.556311148479711
29,21,60.63178,54.56860199957188,6.024620276310007
29,22,65.1375299,58.6237769095745,6.512044748359453
29,23,68.56729940000001,61.710569459882656,6.85656986467564
29,24,64.6807159,58.21264430989685,6.467547217778575
29,27,87.28359999999999,78.55523999978645,8.693965769922293
29,29,57.785650700000005,52.00708562931938,5.7783082996791455
29,2,84.3877904,75.94901135987844,8.438095683377336
29,6,72.2550728,65.02956551973803,7.220408219680056
29,7,66.2397912,59.61581207986911,6.623818832928098
29,8,61.2029559,55.08266030957019,6.057330947354626
30,10,63.455600000000004,57.11003999969055,6.343894820244245
30,12,68.14206779999999,61.327861019787235,6.812417440589623
30,14,73.34469569999999,66.01022612986385,7.334295190877924
30,17,62.5615709,56.30541380957452,6.254793685394831
30,18,67.8102094,61.02918845976805,6.632655589203223
30,21,85.0535489,76.5481940097714,8.441398508867778
30,22,89.36519349999999,80.42867414978721,8.93370446272241
30,23,64.902018,58.411816199773114,6.490015452172883
30,24,87.760616,78.9845543997731,8.775343930739119
30,27,68.7946015,61.91514134989951,6.852351616205865
30,29,83.37079560000001,75.0337160397873,8.336278520845953
30,2,91.2221056,82.09989503957429,9.115497284372532
30,6,59.457455,53.51170949951196,5.922811742024203
30,7,65.3098119,58.778830709869105,6.530822534395567
30,8,84.87662639999999,76.38896375978509,8.400343018367103
31,10,80.65237739999999,72.58713965973654,8.013947373529561
31,12,83.9601287,75.56411582977306,8.393808767266943
31,14,83.8210567,75.4389510297164,8.381868016132888
31,17,88.5544576,79.69901183977306,8.853119496275482
31,18,73.9300626,66.53705633996077,6.972469013678008
31,21,68.9090325,62.018129249857644,6.864325599895191
31,22,64.72691999999999,58.25422799962177,6.4709908224952555
31,23,76.2908712,68.6617840794328,7.628802643431662
31,24,63.60479959999999,57.244319639621835,6.3599407754808555
31,27,81.5620295,73.40582654971345,8.072291411374875
31,29,60.5630794,54.50677145957461,6.0560870612477355
31,2,66.3953043,59.7557738695743,6.634644213902719
31,6,76.446056,68.80145039968748,7.5676124036415
31,7,79.8277583,71.84498246991043,7.982607845043401
31,8,58.931625200000006,53.038462679570195,5.83253458813388
32,10,68.811216,61.93009439989357,6.876075711744637
32,12,62.0568598,55.85117381962178,6.2040553675287615
32,14,62.5372653,56.28353876965968,6.25351851785596
32,17,62.642508500000005,56.3782576496218,6.262886905870599
32,18,76.9141233,69.22271096995178,6.960494509089999
32,21,64.6807159,58.212644309895815,6.40292894542742
32,22,88.685027,79.81652429977306,8.866173355621575
32,23,60.8965795,54.806921549574504,6.088056040168188
32,24,89.1043413,80.19390716975684,8.908094554833706
32,27,63.0690612,56.76215507965834,6.282053665124395
32,29,85.1776861,76.65991748973822,8.517534004236355
32,2,89.957695,80.96192549942919,8.93856115094658
32,6,66.4286822,59.785813979713964,6.586273436905969
32,7,67.11444519999999,60.403000679738206,6.711245105636671
32,8,83.37079560000001,75.0337160397851,8.251309092832098
33,10,84.8910418,76.40193761989678,8.482879126988935
33,12,86.72533100000001,78.05279789977305,8.669792256884469
33,14,93.0527853,83.74750676975691,9.304976363244323
33,17,86.8696169,78.18265520977306,8.684679664346847
33,18,71.5551628,64.39964651991437,7.109403317933283
33,21,87.760616,78.98455439977081,8.687674217833527
33,22,73.4623906,66.11615153975686,7.344309115184355
33,23,82.0674571,73.86071138931932,8.205920842430155
33,24,64.4638662,58.01747957965959,6.4446929977181595
33,27,92.1093604,82.89842435975595,9.174640246743301
33,29,62.625114,56.36260259973822,6.26228248009461
33,2,93.5435304,84.18917735943266,9.351893623164125
33,6,85.3627895,76.82651054971352,8.450305287641331
33,7,84.5371348,76.08342131969054,8.451494789700485
33,8,60.5630794,54.50677145957179,6.016321528279725
34,10,92.0965087,82.88685782951372,9.207234657478693
34,12,71.32216249999999,64.18994624973814,7.130343342373556
34,14,67.4625658,60.71630921965967,6.74603805326545
34,17,62.2430832,56.01877487962187,6.224094133571819
34,18,88.4664791,79.6198311897708,8.75754824178929
34,21,63.60479959999999,57.24431963961862,6.306292272537834
34,22,90.82990629999999,81.74691566962176,9.080603883504404
34,23,81.3076965,73.17692684989687,8.130592838227887
34,24,87.39200969999999,78.65280872975683,8.736906308757089
34,27,68.5919347,61.73274122965967,6.85897379998981
34,29,75.0293578,67.5264220197164,7.502715018289096
34,2,76.0443215,68.43988934987391,7.602434778900505
34,6,67.2787546,60.550879139656224,6.6601150614139915
34,7,62.290767800000005,56.06169101965962,6.2277232804901255
34,8,84.1487074,75.73383665976729,8.204099080712005
35,10,65.1166913,58.6050221695745,6.509960117241269
35,12,88.6887004,79.81983035965958,8.866066388778886
35,14,91.55409300000001,82.39868369957458,9.154612478565005
35,17,87.67369240000001,78.90632315977307,8.765066091846307
35,18,69.7248578,62.75237201961802,6.902261709746583
35,21,88.7621156,79.88590403971351,8.786815629346478
35,22,64.9757156,58.47814403965968,6.497359491844828
35,23,71.4941307,64.34471762931936,7.14912034108125
35,24,63.9743867,57.576948029659654,6.396901917831279
35,27,93.0022675,83.70204074977306,9.297784342597723
35,29,57.556546600000004,51.80089193971641,5.755469577917368
35,2,62.383431300000005,56.14508816971634,6.236703671885818
35,6,82.8953778,74.60584001942705,8.206049028701486
35,7,82.9196288,74.62766591978594,8.239231439213487
35,8,65.4861989,58.937579009938766,6.384593180323527
36,10,92.7951645,83.51564804977306,9.277084181855239
36,12,65.9540774,59.3586696595743,6.5905596731615566
36,14,81.87738949999999,73.68965054992435,8.187573612180367
36,17,63.37486020000001,57.03737417962188,6.3372693521504795
36,18,85.9507243,77.35565186943063,8.561920235614283
36,21,87.7238257,78.95144312886126,8.738546512347073
36,22,86.0047435,77.40426914978724,8.598215172058799
36,23,65.2759918,58.748392619319375,6.527322330514498
36,24,85.2179718,76.69617461957449,8.519558883150502
36,27,66.2810075,59.65290674962187,6.62787745927759
36,29,73.7405192,66.36646727971637,7.373337430481962
36,2,82.2708128,74.04373151973556,8.144221571080946
36,6,87.7716337,78.99447032957448,8.774859314771753
36,7,63.1157222,56.80414997962183,6.310953171714483
36,8,84.4436257,75.99926312975067,8.23285223387772
37,10,66.4311561,59.78804048962159,6.6382432564902
37,12,75.3275901,67.7948310893192,7.530777645011408
37,14,92.3166581,83.08499228965968,9.231396895408668
37,17,88.111808,79.30062719975685,8.80886604099554
37,18,90.14570979999999,81.13113881957449,9.012204897778615
37,21,62.642508500000005,56.37825764962188,6.264035788226328
37,22,61.030732099999994,54.927658889621775,6.101468431326922
37,23,84.81679840000001,76.33511855951073,8.427740654339598
37,24,92.1279753,82.91517776943267,9.21037650961181
37,27,92.7951645,83.51564804976688,9.031030508635558
37,29,59.7590464,53.783141759659685,5.975702428777397
37,2,63.4894461,57.14050148957297,6.3244567910505065
37,6,70.8180351,63.73623158973815,7.079944890905825
37,7,72.067339,64.86060509994421,7.2065927386286095
37,8,63.6238914,57.26150225965615,6.296935438951746
38,10,89.9647413,80.96826716957024,8.905182935385833
38,12,85.1715152,76.65436367973814,8.51491524421754
38,14,61.2447253,55.12025276962187,6.124259453374281
38,17,69.42383439999999,62.48145095986386,6.942216148967759
38,18,71.18848129999999,64.0696331696596,7.11697951969956
38,21,85.5248923,76.9724030696596,8.550243749475502
38,22,71.2899512,64.16095607986908,7.127122540269715
38,23,88.98791419999999,80.0891227791492,8.898426604950744
38,24,65.0967502,58.5870751796596,6.507964721908878
38,27,66.4311561,59.7880404896131,6.492580569447038
38,29,79.7887211,71.80984898991274,7.978704975178845
38,2,91.19668180000001,82.07701361977226,9.084493700317022
38,6,81.2941795,73.16476154978632,8.092315155014226
38,7,62.3686697,56.131802729659675,6.236659230553425
38,8,86.2206967,77.5986270297673,8.406108277571027
39,10,93.3628064,84.02652575951348,9.329433059949947
39,12,63.526036100000006,57.17343248957451,6.350934076343199
39,14,79.21318600000001,71.29186739982984,7.921122564746673
39,17,58.014680799999994,52.213212719716395,5.8012823197222785
39,18,87.7541908,78.97877171973721,8.741570823333758
39,21,71.9987914,64.79891225975685,7.197988872890984
39,22,72.1930867,64.9737780298379,7.217412413279257
39,23,78.4061112,70.56550007986387,7.84042744595038
39,24,88.111808,79.30062719975685,8.808867175829253
39,27,91.550505,82.39545449976688,8.909897461958348
39,29,71.7907266,64.61165393990547,7.178915849151466
39,2,67.7441628,60.96974651962041,6.748287442717067
39,6,79.65252430000001,71.68727186983733,7.93452625460288
39,7,80.495992,72.44639279995273,8.04944849167284
39,8,61.928535100000005,55.73568158961216,6.037737796930426
40,10,67.0970417,60.38733752962178,6.707943098048952
40,12,85.0984344,76.58859095965957,8.507153815120812
40,14,64.6932242,58.223901779659684,6.469109932876302
40,17,79.9015132,71.9113618797164,7.989922270108192
40,18,73.2202831,65.89825478968748,7.248284010043937
40,21,87.67369240000001,78.90632315977082,8.679069908914734
40,22,90.1195085,81.10755764975578,8.969930174822647
40,23,72.16183459999999,64.9456511397731,7.215983010501726
40,24,69.3637296,62.427356639858196,6.936204517828
40,27,67.0970417,60.387337529617945,6.640672545686475
40,29,84.89091429999999,76.4018228697164,8.488851227238856
40,2,91.6862714,82.5176442597708,9.076285590851928
40,6,74.4494322,67.00448897977208,7.410964290606776
40,7,82.5544457,74.2990011298582,8.255252014476234
40,8,81.99487429999999,73.79538686978184,7.994110508385155
41,10,91.0518245,81.94664204977305,9.10279451443359
41,12,74.16232529999999,66.74609276988653,7.414285889700674
41,14,64.95159000000001,58.45643099991897,6.495019104407933
41,17,59.9952904,53.99576135962187,5.999318866694957
41,18,84.7095799,76.23862190981906,8.385642272518952
41,21,63.37486020000001,57.037374179618034,6.2736587971786415
41,22,65.4156656,58.87409903965549,6.461993960815557
41,23,84.55235,76.0971149996597,8.454980831703228
41,24,59.003270799999996,53.1029437197382,5.89983508994772
41,27,91.0518245,81.94664204977032,8.99444825869234
41,29,62.3642538,56.12782841962187,6.2362096371716005
41,2,67.3557321,60.620158889618025,6.667735981471729
41,6,84.6496759,76.18470830957449,8.462743865801283
41,7,81.2155912,73.09403207991272,8.119427750218222
41,8,59.71547940000001,53.7439314595654,5.844979442328681
42,10,69.6013241,62.64119168994027,6.958307557940606
42,12,61.7273755,55.554637949149004,6.171110383176695
42,14,81.72645589999999,73.55381030977311,8.172427842528801
42,17,88.1212647,79.30913822977305,8.809811553350869
42,18,72.4583476,65.21251283951379,7.245215957199979
42,21,88.111808,79.30062719960326,5.398478879113403
42,22,89.6871633,80.71844696978468,8.859619373565984
42,23,69.3255564,62.393000759574605,6.932314576534023
42,24,75.57225869999999,68.01503282988263,7.556612325810434
42,27,63.1778851,56.8600965896874,6.252789050310239
42,29,82.13995109999999,73.92595598957459,8.213726877655109
42,2,91.70390569999999,82.5335151297708,9.07803117561779
42,6,68.1354692,61.32192227982088,6.813368449037167
42,7,70.4540576,63.40865183989684,7.043556761487427
42,8,82.9196288,74.62766591978185,8.084269882417649
43,10,87.9834338,79.18509041977296,8.791889708775217
43,12,69.60757029999999,62.64681326987762,6.91329497384205
43,14,56.7253068,51.05277611962187,5.672327766235504
43,17,61.908429600000005,55.71758663962188,6.1906295011139845
43,18,83.58597089999999,75.22737380979979,8.357915830103316
43,21,65.7235684,59.15121155990709,6.5061642409227325
43,22,64.4496053,58.00464476957019,6.378647087504907
43,23,69.4288208,62.485938719893646,6.942724504694036
43,24,89.85703430000001,80.87133086951381,8.984945760553257
43,27,80.4580251,72.41222258973102,7.830352528363716
43,29,70.5307146,63.47764313990799,7.051219866055517
43,2,67.4651519,60.71863670962178,6.744744688241627
43,6,73.3544002,66.01896017962187,7.335201369718875
43,7,83.4812686,75.13314173991272,8.34593601626848
43,8,61.340339099999994,55.20630518956368,5.980391482344876
44,10,63.104067500000006,56.793660749621786,6.308750203273357
44,12,83.72496980000001,75.3524728196229,5.396948050013008
44,14,85.2631536,76.7368382397569,8.526085962016765
44,17,87.6749879,78.90748910977307,8.765195694377331
44,18,66.53728890000001,59.883560009513815,6.65315637102739
44,21,79.9015132,71.91136187971351,7.909679656500746
44,22,90.04241090000001,81.03816980977034,8.89471203969788
44,23,77.75894129999999,69.98304716969061,7.775661234470385
44,24,61.908429600000005,55.71758663962188,6.190629504280836
44,27,60.0821289,54.07391600968741,5.946398473189482
44,29,67.7910041,61.01190368987395,6.778938730580324
44,2,90.37764109999999,81.33987698977224,9.002903832888785
44,6,71.5403724,64.38633515989021,7.153875601718419
44,7,73.1994055,65.87946494968747,7.246218264219091
44,8,83.76220450000001,75.38598404975069,8.166417081525006
45,10,88.78045490000001,79.90240940977307,8.875716956802046
45,12,73.1968026,65.87712233995636,4.718297767372936
45,14,58.2082981,52.38746828965615,5.760945820839174
45,17,62.65956499999999,56.39360849962186,6.265741399043869
45,18,78.25985039999999,70.43386535973814,7.823930191026411
45,21,59.9952904,53.99576135962178,5.997952616905706
45,22,61.778280699999996,55.60045262961794,6.1142632093755065
45,23,64.3188604,57.886974359513836,6.431644673384286
45,24,87.6749879,78.90748910977311,8.766781161349515
45,27,72.0279395,64.82514554985673,7.128689321334581
45,29,86.1423113,77.5280801695746,8.613902543479327
45,2,67.9211013,61.128991169621784,6.790327660545983
45,6,89.2188017,80.29692152943267,8.91953660349994
45,7,93.60377170000001,84.24339452973557,9.266105027959346
45,8,62.23241470000001,56.00917322971346,6.159218058499314
46,10,61.832696,55.64942639962187,6.183056317300874
46,12,63.49751259999999,57.14776133988052,5.481060916229925
46,14,83.58242609999999,75.22418348975438,8.27225416214282
46,17,88.8311621,79.94804588977306,8.880783414243718
46,18,65.8968347,59.30715122973815,6.587952928920037
46,21,88.1212647,79.30913822977305,8.809813504439079
46,22,88.3245683,79.49211146977032,8.725017159315502
46,23,81.11271450000001,73.00144304991493,8.111102721499291
46,24,62.65956499999999,56.39360849962186,6.26574139370394
46,27,89.6266677,80.66400092971345,8.870456147569126
46,29,85.0007232,76.50065087962187,8.499802530625407
46,2,91.6026958,82.44242621975445,9.068012383701102
46,6,92.3397756,83.10579803931245,9.14097716421747
46,7,73.54615100000001,66.1915358996875,7.280543650855168
46,8,73.6871779,66.31846010942692,7.292910073173876
47,10,88.0431291,79.23881618978714,8.797854990521449
47,12,81.1928614,73.07357525964802,5.233726891520617
47,14,60.41441400000001,54.372972599658354,6.017636708881379
47,17,64.01113389999999,57.61002050962177,6.399430996722847
47,18,79.3740976,71.4366878396596,7.935325222860785
47,21,61.908429600000005,55.71758663962188,6.190629507252731
47,22,60.780730000000005,54.702656999617226,6.004137818299249
47,23,70.9390151,63.84511358973822,7.093694179671153
47,24,89.3815178,80.4433660197569,8.937419432603035
47,27,64.8958549,58.40626940965615,6.422818515467395
47,29,79.59570889999999,71.63613800991698,7.9594057829501255
47,2,66.5261464,59.87353175971352,6.585613058419174
47,6,72.3253632,65.09282687968748,7.159693562603485
47,7,92.1980488,82.97824391970865,8.284169856933746
47,8,68.3882564,61.54943075991403,6.7684694052815
48,10,63.425605600000004,57.08304503957451,6.340895455118894
48,12,60.745996700000006,54.67139702941341,3.915713092681459
48,14,85.00557140000001,76.50501425975439,8.413104517565829
48,17,89.8483364,80.86350275977075,8.892399269863633
48,18,71.0539209,63.94852880973819,7.104920991843557
48,21,86.6379287,77.97413582978729,8.663083355305188
48,22,84.6646567,76.19819102975391,8.36347816996753
48,23,87.0961714,78.38655425951383,8.70932430934145
48,24,65.7226388,59.150374919659676,6.572050227814378
48,27,87.6751481,78.9076332897851,8.67731191561971
48,29,92.65788470000001,83.39209622931938,9.26544486089663
48,2,74.3347644,66.90128795979808,7.370147119086525
48,6,81.1981182,73.07830637985676,8.038032858967295
48,7,71.5158756,64.36428803968748,7.079560898849497
48,8,86.1244087,77.51196782961217,8.396720552894507
49,10,91.37862100000001,82.24075889977307,9.135465875746558
49,12,82.61943600000001,74.35749239967004,5.325684579775373
49,14,73.56859209999999,66.21173288986773,7.281172862414104
49,17,67.3126832,60.581414879687905,6.672688879035842
49,18,89.2351554,80.31163985971638,8.922783206688031
49,21,61.6067556,55.44608003957461,6.160453410467012
49,22,66.7414508,60.06730571994071,6.605482408663615
49,23,75.00420559999999,67.50378503981092,7.500225563154621
49,24,89.8483364,80.8635027597731,8.984098706903769
49,27,64.9014057,58.411265129656144,6.42336790076086
49,29,68.3169929,61.48529360962188,6.831470357050376
49,2,66.3811834,59.74306505988145,6.5712627929969925
49,6,87.53290989999999,78.7796189097708,8.665132080932697
49,7,90.61887159999999,81.55698443950888,8.970621637021779
49,8,76.098383,68.48854469979467,7.419231036818159
50,10,66.12958289999999,59.516624609621765,6.611222687876404
50,12,63.7413075,57.36717674947206,4.1087920210378135
50,14,55.090632799999995,49.58156951965614,5.452386716937027
50,17,90.4486079,81.40374710971346,8.951809008381511
50,18,69.52045890000001,62.56841300962186,6.951569118105826
50,21,85.2424231,76.71818078981092,8.523545628845497
50,22,85.9514588,77.3563129197851,8.506720093155097
50,23,85.42603749999999,76.88343374965967,8.542347720721459
50,24,63.9336237,57.54026132962187,6.393144475677378
50,27,90.12145620000001,81.1093105797355,8.919426002814049
50,29,90.72360900000001,81.65124809973823,9.07211573729874
50,2,88.3343115,79.50088034975444,8.744465660247666
50,6,81.4312348,73.28811131985051,8.061109818509047
50,7,74.7731985,67.29587864991616,7.40201266738205
50,8,88.9286959,80.03582630950135,8.67012684139596
51,10,90.2360273,81.21242456975685,9.021236488191656
51,12,84.4536791,76.0083111895939,5.443920767319384
51,14,74.5201769,67.06815920975438,7.375352325942787
51,17,63.0894164,56.7804747597355,6.2440362759458665
51,18,86.68049740000001,78.0124476597731,8.667341117750905
51,21,73.749986,66.3749873996906,7.37438429201919
51,22,62.44967259999999,56.20470533957018,6.180719800107094
51,23,63.691693900000004,57.32252450962188,6.3689504973180995
51,24,85.1975687,76.67781182914916,8.518999500984911
51,27,68.1845846,61.3661261396874,6.748307901299592
51,29,82.0151939,73.81367450986387,8.201329682155274
51,2,76.0165095,68.41485854986777,7.525091179329662
51,6,78.8214229,70.93928060982812,7.802757164360403
51,7,77.1763474,69.45871265943266,7.715608057819424
51,8,76.93906630000001,69.2451596697673,7.501193675328297
52,10,71.2756666,64.14809993994093,7.0822408501034415
52,12,66.15447169999999,59.53902452964158,5.710408754385484
52,14,63.3172887,56.985559829892544,6.266588902571199
52,17,69.0721538,62.16493841988142,6.836155277578581
52,18,69.31269180000001,62.38142261962186,6.930793685557898
52,21,91.0679222,81.96112997965966,9.106037301038858
52,22,87.7388815,78.96499334978725,8.771587295282513
52,23,80.3480717,72.31326452977312,8.0345912936194
52,24,90.9629921,81.86669288965741,9.036237245232078
52,27,91.0842362,81.97581257942691,9.014713921854803
52,29,68.8342868,61.9508581197164,6.883220172102572
52,2,70.85289329999999,63.767603969892555,7.013930120318243
52,6,74.2062542,66.78562877978648,7.392002792676057
52,7,71.6716022,64.50444197979976,7.165278505364541
52,8,87.1413627,78.42722642957018,8.624474796062458
53,10,91.7424389,82.56819500978723,9.17183780991409
53,12,85.36808289999999,76.83127460959388,5.502863621232547
53,14,83.77005480000001,75.3930493197544,8.290824146654357
53,17,67.0096843,60.3087158697851,6.632029945730783
53,18,85.02102409999999,76.51892168957457,8.50139054103035
53,21,63.9336237,57.54026132962187,6.393144479433615
53,22,77.44336419999999,69.69902777987335,7.708224952725887
53,23,61.1927949,55.07351540969062,6.119080732189811
53,24,70.3031487,63.272833829863856,7.029742585732644
53,27,79.5816497,71.62348472981901,7.87628881908748
53,29,84.0705035,75.66345314973822,8.406817582483852
53,2,77.5758692,69.81828227991184,7.679456681213785
53,6,75.90569980000001,68.31512981979976,7.588577204258201
53,7,87.1261956,78.41357603957452,8.710728464633675
53,8,78.3250916,70.49258243978547,7.765725751193887
54,10,65.9093579,59.31842210957453,6.58950326576914
54,12,62.9233755,56.631037949413404,4.056067844952892
54,14,60.2950681,54.26556128965834,6.005749201633775
54,17,85.79241549999999,77.21317394978509,8.490979910498003
54,18,86.7965953,78.1169357695745,8.677378514227446
54,21,89.3157283,80.3841554697569,8.930839777390407
54,22,77.3950319,69.65552870987392,7.7374724938865205
54,23,71.5748267,64.41734402957461,7.157236776491015
54,24,64.7827607,58.30448462989686,6.478128712720141
54,27,90.2066326,81.18596933875445,4.107682437895849
54,29,71.0727229,63.96545060990277,7.107115459156832
54,2,65.47826450000001,58.930438049820886,6.547652960493281
54,6,63.225981600000004,56.90338343951384,6.322359697988991
54,7,79.8240905,71.84168144989019,7.98067688079588
54,8,90.40816910000001,81.36735218977034,8.930833644572944
55,10,91.4395365,82.29558284978724,9.141555256859565
55,12,83.027925,74.72513249962289,5.352016065842125
55,14,84.0113428,75.61020851977143,8.33922331225257
55,17,65.2080927,58.68728342965614,6.453724248872918
55,18,68.99082560000001,62.09174303957459,6.898602889401804
55,21,67.6875522,60.91879697982984,6.7685808731635575
55,22,82.5221968,74.26997711962177,8.25005343013743
55,23,77.9882003,70.18938026914923,7.7984834016183795
55,24,86.8057521,78.12517688977312,8.680070173231405
55,27,72.92400409999999,65.63160368988137,3.3206928393898605
55,29,88.3833077,79.54497692931936,8.837997856871846
55,2,65.0573182,58.551586379787295,6.505549638256053
55,6,77.6781109,69.91029980993054,7.767655233199174
55,7,65.0896064,58.58064575965959,6.507250345072211
55,8,69.4649067,62.518416029617946,6.875016519364687
56,10,64.92791559999999,58.435124039574596,6.492561912193669
56,12,62.82352169999999,56.54116952971345,6.217720988726817
56,14,60.327713100000004,54.29494178962038,6.008952296373638
56,17,88.1930965,79.37378684971345,8.728578352313013
56,18,87.5936445,78.8342800497731,8.758649235805409
56,21,64.995002,58.495501799787284,6.498964648530742
56,22,73.8812731,66.49314578989639,7.353678133131329
56,23,59.105530900000005,53.194977809716406,5.91036452399482
56,24,62.207458800000005,55.98671291962188,6.220531746280276
56,27,91.7424389,74.89595652657594,0.0001456143129357241
56,29,82.2892043,74.06028386971619,8.222870630975997
56,2,76.35058930000001,68.71553036973822,7.634841988235318
56,6,85.80074909999999,77.2206741894328,8.57976936551339
56,7,85.02221610000001,76.51999448971634,8.499990542650181
56,8,88.6677168,79.80094511976729,8.64468038709067
57,10,90.3571268,81.32141411978725,9.033342793263726
57,12,77.2135237,69.49217132942692,7.641917877085383
57,14,84.71611,76.24449899978572,8.409180537945412
57,17,63.8673192,57.480587279658344,6.361565418745773
57,18,72.31082260000001,65.0797403397164,7.230600627953731
57,21,75.12962250000001,67.61666024973822,7.512464591072832
57,22,59.700739000000006,53.73066509965615,5.908654846625716
57,23,70.4986074,63.44874665982088,7.049677174165328
57,24,87.2230945,78.5007850497569,8.721800193892184
57,27,65.9093579,59.31842210723068,1.0123965356037357
57,29,65.6306988,59.067628919319205,6.5613425108150905
57,2,58.543557,52.68920129962187,5.854148942037974
57,6,78.2485388,70.42368491981094,7.82465395911268
57,7,65.3628623,58.826576069690546,6.534570124543456
57,8,67.6796143,60.91165286968267,6.598440198176008
58,10,64.8168992,58.3352092795746,6.481460521422863
58,12,67.2596825,60.533714249808966,6.6567732631648155
58,14,58.57783439999999,52.72005095957292,5.834702494232827
58,17,87.89754330000001,79.10778896977307,8.787447152419205
58,18,83.7720706,75.3948635396906,8.376515116511065
58,21,58.3392948,52.505365319621845,5.8334312264454455
58,22,82.3780379,74.1402341097129,8.137594948595197
58,23,74.07751900000001,66.6697670995746,7.407457497419371
58,24,66.6821016,60.01389143971639,6.6678816769443445
58,27,91.4395365,77.89161876986631,0.00014537385224141654
58,29,89.04450609999999,80.14005548977305,8.90211286998007
58,2,83.7396456,75.36568103977307,8.37176549455837
58,6,85.6736424,77.10627815943282,8.567058855303728
58,7,81.32598250000001,73.19338424957462,8.132332871100873
58,8,84.94318990000001,76.44887090968741,8.406930769835554
59,10,90.192277,81.1730492995745,9.016861106801567
59,12,77.5185346,69.76668113971266,7.65109992450717
59,14,83.9453919,75.55085270977077,8.308177557952341
59,17,62.225162999999995,56.00264669962187,6.222302153602245
59,18,67.651264,60.88613759962184,6.7645554205053635
59,21,86.8057521,78.12517688977307,8.678294475633638
59,22,63.0882335,56.7794101496581,6.2794064424245875
59,23,87.9987302,79.19885717965968,8.799611859062546
59,24,88.9962402,80.0966161797355,8.8080640376831
59,27,64.92791559999999,58.435124039065826,2.9565775496979754
59,29,70.2450973,63.22058756962177,7.0226641980165025
59,2,62.5865333,56.32787996962178,6.257008361545072
59,6,78.02609430000001,70.22348486979982,7.80240631743869
59,7,75.5970915,68.03738234988657,7.559539532657187
59,8,73.2054374,65.88489365986909,7.320371972098583
60,10,78.60007540000001,70.74006785991698,7.858303153702146
60,12,66.7017627,60.031586429714245,6.619625481418443
60,14,57.9956429,52.19607860961936,5.761273461501337
60,17,84.4739073,76.02651656943266,8.44517131513331
60,18,73.2202734,65.89824605977304,7.3197121627245005
60,21,62.207458800000005,55.98671291962188,6.220531769925718
60,22,91.2379972,82.11419747977305,9.121404639365396
60,23,66.40089300000001,59.76080369962188,6.639864453141625
60,24,62.225162999999995,56.00264669961936,6.181431067381212
60,27,90.3571268,81.32141411940343,3.221401518324102
60,29,91.3244094,82.19196845957448,9.13004240276242
60,2,86.6733701,78.00603308977306,8.66506089440467
60,6,87.1593393,78.44340536951371,8.71364602495908
60,7,58.832249700000006,52.94902472969062,5.883031927728678
60,8,67.5223079,60.77007710969062,6.752019635573331
61,10,79.6580256,71.69222303951373,7.964072670393166
61,12,87.9010927,79.11098342931487,8.732049677006986
61,14,80.6478486,72.58306373977076,7.981815626457865
61,17,89.618397,80.65655729961794,8.869641655159501
61,18,62.9926907,56.69342162973815,6.297614983372705
61,21,86.732301,78.0590708997731,8.672519325066654
61,22,67.0913274,60.38219465962187,6.708908004854594
61,23,81.3429704,73.20867335991043,8.13412610653465
61,24,86.5486652,77.89379867978589,8.59772115403063
61,27,64.8168992,58.335209279088474,3.024864661338332
61,29,82.0497235,73.84475114982084,8.202818373148572
61,2,63.5631705,57.20685344962179,6.354933224085357
61,6,89.88225589999999,80.8940303094306,8.953555273110322
61,7,73.0316834,65.72851505973722,7.27499986896129
61,8,88.2610915,79.43498234943267,8.82379057630722
62,10,83.3747228,75.0372505193192,8.335281916201302
62,12,76.9584733,69.2626259698287,7.645014647746589
62,14,56.9026296,51.2123666396894,5.667842045816925
62,17,62.47496580000001,56.22746921961795,6.183223265108436
62,18,71.2111371,64.09002338943267,7.119242415631621
62,21,62.090222100000005,55.881199889621854,6.208588719928856
62,22,93.1384151,83.82457358977307,9.311396652762786
62,23,76.5179977,68.86619792990545,7.651634777150687
62,24,61.3631331,55.226819789571785,6.0957971486375735
62,27,90.31346190000001,81.28211570953292,4.11254516598867
62,29,92.323241,83.0909168997135,9.139342155771539
62,2,86.75565200000001,78.08008679975686,8.673286846709374
62,6,71.2565358,64.13088221968943,7.09816834793091
62,7,65.0626906,58.556421539895815,6.440741517108159
62,8,89.5695458,80.6125912195137,8.954601406797886
63,10,67.1821224,60.46391015982971,6.713284843652936
63,12,89.2943106,80.36487953969053,8.927086879823834
63,14,74.6248241,67.16234168975438,7.385709452230632
63,17,84.6899208,76.22092871977075,8.381864486142147
63,18,71.9913275,64.79219474962176,7.196855295877349
63,21,87.89754330000001,79.10778896977311,8.789034359988833
63,22,67.5200619,60.768055709621784,6.750232501713891
63,23,84.81976300000001,76.33778669951383,8.481688753919126
63,24,84.6899208,76.22092871977134,8.402874660258597
63,27,64.74966739999999,58.27470065957178,6.432214333689151
63,29,73.0557276,65.75015483971352,7.231995623503775
63,2,70.09023690000001,63.081213209738166,7.007499441718225
63,6,82.8686345,74.58177104951196,8.25490007420757
63,7,85.0659443,76.55934986919398,2.3943573951288974
63,8,66.776346,60.098711399621784,6.675879738568527
64,10,69.7814688,62.80332191977306,6.976316775704032
64,12,66.7952018,60.11568161965968,6.679304275830722
64,14,62.5018654,56.25167885989255,6.1858855308002765
64,17,67.3131339,60.581820509881425,6.662062707876287
64,18,62.063711600000005,55.85734043943282,6.206120992408666
64,21,71.12466069999999,64.01219462977309,7.111880168744756
64,22,90.992955,81.89365949977078,9.006647456921554
64,23,84.7066116,76.23595043943267,8.468434950445786
64,24,68.76471790000001,61.88824610986384,6.874667447392692
64,27,87.9373764,79.14363875978647,8.759086322983261
64,29,91.2785124,82.15066115931117,9.019180161769176
64,2,79.0586976,71.15282783982086,7.904151494278408
64,6,72.1325745,64.91931704979905,7.185434392809584
64,7,65.2944404,58.764996359665844,6.045248802432105
64,8,87.2977818,78.56800361965094,8.511117056129462
65,10,88.0685464,79.26169175977306,8.804545456206185
65,12,86.1615843,77.54542586978724,8.613895799461297
65,14,85.30762750000001,76.77686474977077,8.442999545524323
65,17,66.20036230000001,59.58032606987847,6.619879914762455
65,18,80.74413729999999,72.66972356977311,8.07419697375709
65,21,78.9586645,71.06279804977311,7.895217059570929
65,22,64.8082432,58.3274188796186,6.424990582723568
65,23,64.8882095,58.399388549716335,6.4871169112808635
65,24,62.5308448,56.27776031978724,6.251443393966084
65,27,64.55438380000001,58.09894541965969,6.455226353628259
65,29,76.8551269,69.16961420980901,7.608108356063969
65,2,72.3537991,65.11841918914901,7.233474627503919
65,6,73.41290120000001,66.07161107951372,7.339362885151038
65,7,81.2450284,73.12052555946715,7.412643337802496
65,8,92.5379546,83.28415913931278,9.164747736168668
66,10,63.673824,57.3064415996216,6.362712556044123
66,12,63.3240578,56.9916520195746,6.332179741141475
66,14,59.37083079999999,53.433747719617934,5.876003128262302
66,17,87.4319646,78.68876813977306,8.740899911834086
66,18,63.365801499999996,57.02922134962187,6.336361888353135
66,21,72.2155451,64.99399058943281,7.221280642432963
66,22,89.63413,80.67071699956938,8.854374695830677
66,23,75.26388,67.73749199943266,7.524409525240157
66,24,67.8799726,61.091975339785094,6.718163106748118
66,27,81.17860089999999,73.0607408097382,8.117633787772077
66,29,79.5583697,71.6025327295089,7.875710730501085
66,2,84.5462672,76.09164047973556,8.369475170005085
66,6,71.0337728,63.93039551971633,7.101512719246211
66,7,76.4895089,68.84055800988911,7.5719152218830725
66,8,70.2450973,63.22058756962178,7.022666287170199
67,10,89.278625,80.35076249977081,8.837268407866809
67,12,85.4118402,76.87065617975685,8.53894186433923
67,14,84.7204467,76.2484020297851,8.384885503077488
67,17,63.04582010000001,56.74123808962188,6.304366063010672
67,18,80.4941786,72.44476073977312,8.049201556211797
67,21,78.5615684,70.7054115597998,7.855953040264425
67,22,75.5844718,68.02602461980861,7.466507475718113
67,23,67.4648998,60.718409819787254,6.745024008502676
67,24,87.9123575,79.12112174975529,8.733191632785976
67,27,59.8618362,53.87565257965968,5.9859809972297935
67,29,71.264054,64.13764859980901,7.054632115030496
67,2,69.95447970000001,62.959031729857294,6.950962647164823
67,6,58.949545,53.054590499319374,5.894695750433572
67,7,62.679573600000005,56.41161623965838,6.243782164203504
67,8,92.65577449999999,83.3901970497709,9.176416814975346
68,10,62.95552909999999,56.65997618951348,6.290935685518654
68,12,64.3129555,57.881659949657426,6.38881545996617
68,14,58.8278761,52.94508848957018,5.82226621062017
68,17,88.31324790000001,79.48192310977306,8.829005281064283
68,18,73.5634747,66.2071272298582,7.356170173050249
68,21,61.7449621,55.570465889574606,6.174272649186677
68,22,89.0414643,80.13731786950785,8.79583904182511
68,23,69.9008728,62.91078551951342,6.9839074748087375
68,24,64.8118844,58.330695959657426,6.438396076937326
68,27,71.28220950000001,64.15398854985202,7.126350044948593
68,29,78.7301635,70.85714714931247,7.793724379419217
68,2,68.72691640000001,61.85422475986384,6.87088873095575
68,6,70.1943598,63.174923819513715,7.017593199360684
68,7,77.8704549,70.08340940951196,7.7570118429984785
68,8,70.80684240000001,63.726158159617945,7.007837002793409
69,10,73.2608434,65.934759059149,7.3241554569523295
69,12,75.6164685,68.05482164991403,7.483853231045
69,14,79.0543947,71.14895522994627,7.824109505928189
69,17,63.615163100000004,57.253646789621875,6.361299117250266
69,18,64.9172539,58.42552850969062,6.491518682004083
69,21,71.13289280000001,64.0196035199358,7.113146391382371
69,22,70.5422969,63.48806720979773,6.981649480412967
69,23,68.3918974,61.55270765979964,6.8331424702189985
69,24,88.31324790000001,79.48192310956397,4.594990225704059
69,27,86.7611903,78.08507126962176,8.673841729591736
69,29,72.1730063,64.95570566980865,7.131374175081602
69,2,60.410670700000004,54.369603629570285,5.980224672982202
69,6,68.2095384,61.38858455978514,6.752256085825626
69,7,73.24309650000001,65.91878684965837,7.2960601172537
69,8,86.05425410000001,77.44882868982819,8.52261707194352
70,10,91.6198583,82.45787246971639,9.161233291375886
70,12,58.2051669,52.38465020965743,5.782071230788718
70,14,58.165696600000004,52.349126939617946,5.756729519264956
70,17,89.212481,80.29123289978723,8.918905041640548
70,18,71.9387431,64.74486878992909,7.193726467597003
70,21,89.85610899999999,80.87049809943275,8.984844191785808
70,22,80.5419095,72.48771854973499,7.956221401911493
70,23,83.5507143,75.19564286957028,8.270923692383617
70,24,63.615163100000004,57.25364678936343,3.7786891993391603
70,27,90.0295806,81.02662253942904,8.943514382972486
70,29,88.0446697,79.24020272950798,8.699646346799788
70,2,87.9417275,79.1475547497708,8.705602752097166
70,6,80.2569173,72.23122556957028,7.944861098079969
70,7,61.4306824,55.2876141595089,6.081198488308533
70,8,67.0420759,60.337868309149215,6.703901899394126
71,10,69.8452125,62.8606912497382,6.983943551270331
71,12,77.0745695,69.3671125497145,7.656548205076641
71,14,72.30292630000001,65.07263366995157,7.155908442007153
71,17,63.5953267,57.235794029574606,6.359306019154878
71,18,67.2525203,60.52726826951383,6.725003946270902
71,21,63.04582010000001,56.74123808962186,6.304142521211442
71,22,60.991131700000004,54.89201852971346,6.036360079121026
71,23,73.37103019999999,66.03392717978514,7.2632071391972515
71,24,89.212481,80.29123289919661,2.3618853560349495
71,27,67.3403033,60.6062729696874,6.664751118576372
71,29,74.9327003,67.43943026979777,7.417802423347244
71,2,65.1151062,58.60359557962041,6.486396761107215
71,6,71.9835273,64.78517456980973,7.152576887368039
71,7,77.1570038,69.44130341942704,7.637992558425071
71,8,89.2660778,80.33947001957449,8.92426525589257
72,10,90.9686956,81.8718260396906,9.09612082507793
72,12,63.209754,56.88877859965743,6.279224201502322
72,14,87.3584483,78.62260346977077,8.645971643593066
72,17,86.9878171,78.28903538978724,8.696498575263034
72,18,64.59133,58.132196999916985,6.458992358018665
72,21,88.31324790000001,79.4819231097731,8.830601198603935
72,22,79.7605564,71.7845007594269,7.893991757212956
72,23,84.0185047,75.61665422975445,8.3172313492302
72,24,67.47225110000001,60.72502598965616,6.6778110904698575
72,27,90.1154195,81.1038775497355,8.918832275876861
72,29,85.94501319999999,77.35051187950889,8.50794348310585
72,2,87.6392117,78.87529052978515,8.675655776580927
72,6,80.7319053,72.65871476942975,8.029780355946718
72,7,65.44866230000001,58.903796069797785,6.478949790950224
72,8,91.4680208,82.32121871943266,9.144400315293398
73,10,66.4653968,59.818857119574496,6.644791443890556
73,12,77.2610221,69.53491988986681,7.59308462886385
73,14,61.1385519,55.024696709621786,6.11225045704926
73,17,66.5039795,59.853581549658344,6.624192654854949
73,18,80.9833145,72.88498304969063,8.098092149563367
73,21,63.615163100000004,57.253646789621875,6.3612991148694915
73,22,71.6635804,64.49722235979773,7.092624103448269
73,23,67.1604215,60.44437934968895,6.679927659209903
73,24,88.03084340000001,79.22775905942692,8.712520921645055
73,27,62.966254,56.669628599617944,6.231846134465053
73,29,74.0404423,66.636398069809,7.329475214429281
73,2,68.86596510000001,61.97936858965624,6.817238425648021
73,6,71.3645692,64.22811227980974,7.091075090080031
73,7,67.177261,60.459534899571885,6.675007775209256
73,8,72.9098595,65.61887354931277,7.220825667872343
74,10,72.0315284,64.82837555914917,7.20249910302324
74,12,87.1105104,78.39945935950531,8.5610767646613
74,14,89.1574739,80.24172650975439,8.82402352018037
74,17,90.2331727,81.20985542950878,8.930486453831397
74,18,70.7788457,63.70096112991044,7.0777309993022826
74,21,90.2389096,81.2150186397731,9.023153169264639
74,22,90.0525795,81.04732154950786,8.895720496843232
74,23,83.9463966,75.55175693973653,8.34125673188161
74,24,75.70555060000001,68.13499553980898,7.492670823526668
74,27,88.8019404,79.92174635978544,8.802912475080777
74,29,83.4865712,75.13791407931245,8.264575537787165
74,2,90.4605103,81.41445926942703,8.954944858611386
74,6,80.3624982,72.32624837931675,8.005254692439923
74,7,61.5027812,55.352503079787304,6.150102788578389
74,8,72.7720246,65.49482213993653,7.094926789016239
75,10,85.6989847,77.1290862297569,8.569195465156925
75,12,74.0826812,66.6744130797851,7.3320528065476624
75,14,64.9428198,58.448537819656146,6.42746968226164
75,17,88.3491961,79.5142764894269,8.74402609800528
75,18,78.9497528,71.0547775194328,7.894684801624758
75,21,68.0489604,61.24406435969062,6.80468570156958
75,22,75.9217177,68.3295459298086,7.499821882204724
75,23,66.8042882,60.12385937969055,6.678674253300611
75,24,90.2331727,81.20985542950878,8.930488517807841
75,27,62.445838200000004,56.20125437957293,6.219978906532988
75,29,72.8864197,65.5977777297981,7.226547568799276
75,2,91.8531672,82.6678504795089,9.092807196883362
75,6,73.5566275,66.20096474985765,7.327291788204201
75,7,64.5274119,58.07467070957461,6.452512221052611
75,8,88.49693429999999,79.64724086973149,8.628030965852547
76,10,58.8366095,52.95294854957461,5.883444401799473
76,12,87.8473178,79.06258601957019,8.694357290568568
76,14,84.59802789999999,76.13822510931668,8.426467042575604
76,17,61.9111824,55.72006415971528,6.166722893939867
76,18,74.8352727,67.35174542988656,7.483357725119095
76,21,87.6374018,78.87366161951371,8.761439178640188
76,22,88.7117029,79.84053260942584,8.763263932739216
76,23,86.6196063,77.95764566969054,8.65968681529552
76,24,70.8545709,63.76911380978509,7.01256333358486
76,27,89.10048830000001,80.19043946977077,8.818382920848352
76,29,81.32598250000001,73.1933842495703,8.050692447916436
76,2,68.4890161,61.64011448968748,6.779923195830071
76,6,81.4532148,73.30789331951196,8.113904558554971
76,7,63.703222000000004,57.332899799787306,6.370142628924777
76,8,67.2462224,60.52160015968267,6.556187154425648
77,10,72.8634335,65.5770901495746,7.286095512898472
77,12,89.12629840000001,80.21366855931231,8.820937669973656
77,14,87.20258050000001,78.48232244962178,8.717967946360638
77,17,68.3157557,61.48418012985203,6.83140675142208
77,18,64.74810869999999,58.27329782971639,6.474610559674629
77,21,74.13952280000001,66.72557051977203,7.378221639451728
77,22,74.7574319,67.28168870977076,7.398826080246124
77,23,68.9719628,62.074766519716405,6.896988521034321
77,24,74.6836696,67.21530263957018,7.391534977981741
77,27,77.6757021,69.9081318898437,7.687658093089209
77,29,71.31403710000001,64.18263338978515,7.059580687570436
77,2,84.0231898,75.6208708195089,8.31769606417979
77,6,64.2277159,57.804944309656236,6.3580844098671525
77,7,79.6571601,71.6914440895746,7.965453911359719
77,8,85.94501319999999,77.35051187950134,8.379230972046765
78,10,69.36732669999999,62.43059402988655,6.936573593578287
78,12,72.1081452,64.89733067979977,7.2089230636348605
78,14,65.56719629999999,59.01047666969061,6.556513284016088
78,17,68.6819127,61.81372142985203,6.8680211789717935
78,18,75.62551450000001,68.06296304931938,7.562248460190071
78,21,88.47051350000001,79.6234621497731,8.846329905708055
78,22,88.3637191,79.52734718978468,8.728887805363875
78,23,82.0421548,73.8379393195746,8.203901425601886
78,24,65.4793679,58.93143110979902,6.522136367337616
78,27,70.1793158,63.16138421986383,7.0160895806923245
78,29,80.1854028,72.1668625195089,7.937783295741905
78,2,76.9101752,69.2191576798854,7.613557862836222
78,6,77.7475957,69.97283612950889,7.696456271937629
78,7,68.9565396,62.0608856397873,6.895464367294891
78,8,73.5277572,66.17498147979772,7.277131066540395
79,10,61.2791222,55.15120997969062,6.127713982911235
79,12,73.57647320000001,66.21882587981902,7.281952742602377
79,14,84.5229411,76.07064698957451,8.450456595043601
79,17,88.4189752,79.57707767973815,8.839574000294064
79,18,65.9654609,59.36891480981093,6.596367896566206
79,21,64.1066875,57.6960187497569,6.410139757112641
79,22,60.363529299999996,54.32717636957018,5.974245535504515
79,23,84.81782460000001,76.33604213914921,8.48138365509275
79,24,71.4265337,64.28388032951192,7.114510457720007
79,27,67.1644025,60.4479622498691,6.7162791177209025
79,29,67.6923094,60.92307845979777,6.701055531312843
79,2,59.6642671,53.69784038965623,5.906336081755131
79,6,65.4992764,58.949348759918145,6.483959935360299
79,7,77.6318005,69.8686204495746,7.762922142343696
79,8,83.2364111,74.91276998950877,8.238009242287147
80,10,85.9684592,77.3716132795138,8.596127852110907
80,12,82.5177094,74.26593845950877,8.166879495809916
80,14,84.9207775,76.42869974931921,8.489844079940692
80,17,63.22180469999999,56.89962422965967,6.321971420889285
80,18,67.8159531,61.034357789513834,6.781345915086582
80,21,70.0920632,63.0828568798999,7.009052802187518
80,22,87.6710329,78.90392960961722,8.660462332623895
80,23,66.290294,59.66126459973822,6.628832242221025
80,24,68.2735033,61.44615296979848,6.782271224436841
80,27,58.0604519,52.2544067095746,5.80583059712067
80,29,69.831946,62.84875139957028,6.912864811230487
80,2,70.6369144,63.57322295957027,6.992550265832956
80,6,66.69752079999999,60.027768719508884,6.602577713034118
80,7,67.8157087,61.034137829787305,6.781383434184426
80,8,72.5881977,65.32937792979773,7.184142319659653
81,10,86.4258549,77.7832694095619,8.391716618038055
81,12,67.5524805,60.79723244978358,6.638945349027943
81,14,59.346278399999996,53.41165055973815,5.933068700491236
81,17,84.9833364,76.48500275975691,8.498053358187388
81,18,62.3998576,56.15987183979981,6.2398112346202605
81,21,63.1098263,56.7988436696906,6.310453455823946
81,22,75.6888548,68.11996931991865,7.539060720685115
81,23,73.9710708,66.57396371969062,7.396883036447296
81,24,87.826165,79.04354849951062,8.724628704085685
81,27,86.2282266,77.60540393977305,8.620559191854376
81,29,65.05221610000001,58.54699448978515,6.439705095873531
81,2,63.3237831,56.99140478979778,6.268602024227747
81,6,65.946143,59.35152869979977,6.592883738735383
81,7,77.0208173,69.31873556962188,7.70183553606059
81,8,81.8873856,73.69864703950786,8.089155587856537
82,10,62.338889200000004,56.10500027957458,6.233360367807195
82,12,72.9793445,65.68141004950533,7.172289273026156
82,14,74.562824,67.10654159971641,7.456062893369077
82,17,64.0971231,57.687410789690624,6.409508275789414
82,18,66.0135247,59.4121722298582,6.601188588947309
82,21,89.281761,80.35358489969053,8.925829878101133
82,22,79.7085209,71.73766880969053,7.968759487533187
82,23,68.8809703,61.992873269149214,6.887786358418163
82,24,72.4471039,65.20239350978646,7.21616321056676
82,27,63.433926500000005,57.090533849621785,6.3417259412752385
82,29,68.2095042,61.38855377957028,6.75225466562798
82,2,67.9014415,61.111297349429194,6.746965506335678
82,6,80.5078834,72.45709505973814,8.04867586433061
82,7,67.2042101,60.48378908977312,6.720230893882401
82,8,75.5970915,68.03738234988543,7.48524042092816
83,10,85.4770256,76.92932303973821,8.547003017524744
83,12,64.5729878,58.115689019796314,6.346125823018732
83,14,53.8710405,48.48393644969062,5.386921392536234
83,17,84.96612569999999,76.4695131297569,8.496332581726229
83,18,77.9947243,70.1952518695746,7.799212473861101
83,21,76.42465729999999,68.78219156986908,7.641844723741577
83,22,59.9272215,53.93449934969062,5.992527555905374
83,23,60.0121965,54.010976849574504,5.999640589699966
83,24,84.0498957,75.64490612957448,8.402783993312607
83,27,85.1227842,76.61050577977075,8.424705259772573
83,29,73.56298340000001,66.20668505985677,7.28221039369837
83,2,67.3413399,60.60720590981973,6.691310782760093
83,6,61.768481099999995,55.591632989572965,6.15302292948345
83,7,75.9579224,68.36213015957296,7.566496861661312
83,8,58.5178927,52.6661034296567,5.800863383601978
84,10,71.4086165,64.2677548497873,7.140667443866022
84,12,70.93169110000001,63.83852198956717,6.97104930078892
84,14,68.9237938,62.03141441943281,6.892113180914471
84,17,61.2518392,55.12665527965968,6.124979110113597
84,18,84.4336876,75.99031883914921,8.443015487481398
84,21,62.640802799999996,56.37672251965966,6.263552904326393
84,22,77.6725829,69.90532460973814,7.765219503881009
84,23,68.5284143,61.6755728693192,6.851036757040782
84,24,71.82578170000001,64.64320352978724,7.18069311428643
84,27,71.9882703,64.78944326990175,7.1247663785512625
84,29,87.2944993,78.56504936942704,8.641532289962674
84,2,81.5203477,73.3683129294292,8.100195609540158
84,6,75.17427260000001,67.65684533991406,7.441715497565284
84,7,67.3549727,60.619475429770816,6.667660854784865
84,8,69.8481494,62.863334459508785,6.912956784360755
85,10,73.2255086,65.90295773982088,7.322363154353721
85,12,65.8130869,59.231778209770766,6.513601082423797
85,14,74.098756,66.68888039951382,7.409612927290318
85,17,81.4958679,73.34628110957459,8.149320783040825
85,18,63.845235499999994,57.46071194969054,6.382846659801269
85,21,83.8536376,75.4682738395745,8.38316104586614
85,22,60.59793140000001,54.538138259659604,6.05820143307269
85,23,68.6445761,61.78011848981093,6.864275525721176
85,24,83.8536376,75.4682738395745,8.383162968400487
85,27,85.5860543,77.02744886942692,8.470555854205783
85,29,62.522324,56.27009159962187,6.2520174442561816
85,2,73.490953,66.14185769991647,7.30236147467736
85,6,70.3981748,63.35835731990709,6.968915923810593
85,7,77.5163253,69.76469276977082,7.6735623985000645
85,8,65.32670470000001,58.79403422979774,6.46546324881954
86,10,83.1154613,74.80391516957461,8.311276807836121
86,12,80.4144528,72.3730075197859,7.9883302514168
86,14,54.1648096,48.748328639621874,5.416284425394813
86,17,82.4977699,74.24799290951383,8.24944841848983
86,18,81.6541314,73.48871825975444,8.083175641465603
86,21,71.0853558,63.97682021979853,7.063330243043691
86,22,87.7206312,78.94856807961794,8.681816701636906
86,23,85.3496783,76.8147104697731,8.534691502376255
86,24,86.4494431,77.80449878943266,8.642673280466765
86,27,73.97149429999999,66.57434486982082,7.395207514223148
86,29,77.6154186,69.85387673991043,7.761378635227735
86,2,86.8944493,78.20500436973556,8.601929539764892
86,6,74.89893239999999,67.40903915931246,7.414459162672981
86,7,58.95646409999999,53.06081768943266,5.894095339000005
86,8,68.2095042,61.38855377957019,6.750777895756707
87,10,73.3778679,66.04008110981091,7.337186300284401
87,12,58.8943021,53.00487188957178,5.850529246551359
87,14,83.0931851,74.78386658977075,8.223833432052354
87,17,60.7174945,54.64574504962187,6.071538556543272
87,18,66.63863309999999,59.97476978968747,6.596748358992368
87,21,82.1044208,73.89397871951073,8.158230159869598
87,22,74.4741225,67.02671024979848,7.398240387882363
87,23,65.220474,58.69842659962187,6.521826021747622
87,24,62.7049445,56.43445004969055,6.268848101599729
87,27,84.56744710000001,76.11070238943282,8.456442734676791
87,29,63.276794300000006,56.949114869690604,6.327147241800458
87,2,67.2647444,60.538269959687476,6.6587288296395
87,6,66.24931819999999,59.62438637986247,6.5582087947695795
87,7,65.0756569,58.56809120992085,6.507426941278868
87,8,68.8581991,61.97237918979772,6.814979514671086
88,10,85.2757826,76.74820433931933,8.526965260928398
88,12,80.3015717,72.27141452975529,7.97711637194898
88,14,60.423313199999996,54.38098187961794,5.980168558738161
88,17,82.7258445,74.45326004973549,8.187477500660853
88,18,79.46843609999999,71.52159248951196,7.916195305119108
88,21,70.6887245,63.61985204979977,7.067016423900486
88,22,88.28600039999999,79.4574003595106,8.770310976509231
88,23,85.7712236,77.19410123977306,8.574873394870805
88,24,83.2871159,74.9584043097355,8.243027547977706
88,27,69.5479357,62.59314212992909,6.95465100900667
88,29,71.2180695,64.09626254985203,7.121633054769482
88,2,88.0110731,79.2099657895089,8.71246744100734
88,6,63.337922999999996,57.00413069985146,6.309363021360286
88,7,58.8630435,52.976739149574506,5.8847570800082005
88,8,84.9888882,76.48999937951062,8.442775975694824
89,10,82.4387824,74.19490415962177,8.241712254507057
89,12,72.1850749,64.96656740983678,7.167096044203562
89,14,83.5053037,75.1547733297851,8.264621514635008
89,17,66.1794014,59.561461259872644,6.549855784134725
89,18,72.3060627,65.07545642977081,7.157783367111572
89,21,82.4122713,74.1710441695137,8.239062372915932
89,22,80.4111985,72.37007864985672,7.958393309123053
89,23,65.7568507,59.181165629621795,6.574258614341944
89,24,63.06425060000001,56.75782553968741,6.241545709241137
89,27,81.3036293,73.17326636943137,8.109860651780208
89,29,76.15729300000001,68.54156369957458,7.615086445226051
89,2,81.2212799,73.09915190988653,8.11999718482189
89,6,69.6380724,62.67426515991405,6.893670893209304
89,7,81.8683938,73.68155441977306,8.18469072638054
89,8,72.4311941,65.18807468977161,7.19529657087169
90,10,58.9964614,53.096815259621785,5.8980952350745275
90,12,69.6862352,62.71761167975691,6.9684229594654985
90,14,61.894293899999994,55.70486450957018,6.125753303845608
90,17,60.41949089999999,54.37754180978646,6.0181415731033825
90,18,80.8863479,72.79771310977225,8.057438071037822
90,21,67.2181442,60.496329779797776,6.65411463559336
90,22,88.5508436,79.69575923951221,8.825594067237384
90,23,75.859189,68.27327009985794,7.572564378245898
90,24,83.1391251,74.82521258971346,8.228380812746083
90,27,59.4651972,53.51867747961936,5.907256516219467
90,29,65.3545577,58.81910192982084,6.533738619454107
90,2,72.1312855,64.91815694985146,7.185306852218708
90,6,75.04731220000001,67.54258097986384,7.502762319515494
90,7,62.2526864,56.02741775961946,6.185680788928823
90,8,80.4725697,72.42531272961935,7.99412583461011
91,10,73.8044409,66.42399680957449,7.378504848329782
91,12,84.3476517,75.91288652931921,8.432545780608027
91,14,85.71181610000001,77.1406344897851,8.483002592324649
91,17,63.68978,57.320801999773074,6.367595748368813
91,18,65.4252132,58.88269187962015,6.512670638231476
91,21,71.9937022,64.79433197942919,7.153589243617959
91,22,64.5531585,58.097842649574496,6.4536213351450415
91,23,81.6603854,73.49434685977306,8.163896102193878
91,24,61.04193409999999,54.93774068973549,6.0413946029438135
91,27,86.9765025,78.2788522497716,8.640222209146966
91,29,69.1008471,62.19076238914921,6.909773463194729
91,2,62.22142710000001,55.99928438968748,6.15947652494103
91,6,81.1022615,72.99203534973803,8.104502556715394
91,7,80.9326266,72.83936393978514,8.011751873820385
91,8,71.1318442,64.01865977979773,7.040004804046276
92,10,78.4658847,70.61929622931922,7.844524106162264
92,12,78.5855201,70.7269680898999,7.8583805395165065
92,14,62.5500028,56.29500251957293,6.230352999632552
92,17,82.6759105,74.40831944977306,8.265421842066756
92,18,77.650322,69.88528979962014,7.729605266462324
92,21,62.3157509,56.084175809837895,6.229938513067275
92,22,89.3502386,80.41521473978645,8.899815419250798
92,23,65.8280419,59.24523770969062,6.582596918334635
92,24,71.43245569999999,64.28921012943266,7.141369801409395
92,27,67.0110823,60.30997406969055,6.69934819734059
92,29,61.9972145,55.79749304981093,6.199551658185302
92,2,73.7809247,66.4028322295703,7.303784714798109
92,6,65.1711771,58.65405938961945,6.475673920286164
92,7,63.9391916,57.54527243965623,6.329522827187025
92,8,82.5907881,74.33170928950878,8.174111803298278
93,10,66.8032311,60.12290798989991,6.680173429526335
93,12,62.8073175,56.52658574962187,6.280513968778962
93,14,86.3049526,77.67445733978646,8.596487723421452
93,17,59.1269182,53.21422637962179,5.911406820638903
93,18,69.1832805,62.26495244975685,6.916512395316329
93,21,65.5991874,59.039268659820884,6.55974554573203
93,22,64.0841532,57.675737879574505,6.406732984954494
93,23,72.17928810000001,64.96135928988657,7.217765104125638
93,24,61.137862600000005,55.02407633981089,6.112182153895198
93,27,86.0600614,77.45405525951382,8.605717741513796
93,29,64.5274119,58.07467070957461,6.45251203565803
93,2,70.4175285,63.37577564978514,6.970832003698345
93,6,79.0559409,71.15034680961803,7.82597338028587
93,7,82.1200946,73.90808513943063,8.180337386025013
93,8,72.052132,64.84691879992974,7.122956705570124
94,10,85.9865746,77.38791713978728,8.59795418823565
94,12,76.1891183,68.57020646975685,7.616911978802661
94,14,62.124262900000005,55.91183660957294,6.187946756210806
94,17,81.9537226,73.7583503397851,8.11105977840851
94,18,67.57093280000001,60.81383951975686,6.755320070537454
94,21,82.6759105,74.40831944977306,8.265419302825595
94,22,89.9808823,80.98279406977161,8.93867703959716
94,23,64.3273788,57.89464091979982,6.432560617556794
94,24,73.68327120000001,66.31494407971529,7.33929347414199
94,27,73.2528362,65.92755257977312,7.3250823510512415
94,29,66.0191048,59.417194319690616,6.601702373696286
94,2,87.8520072,79.06680647957029,8.696721345266905
94,6,73.1120122,65.80081097979777,7.237566368584305
94,7,81.972893,73.77560369957295,8.16567308352984
94,8,64.2098257,57.78884312977161,6.378589398598391
95,10,62.8571252,56.57141267957458,6.2851739760400624
95,12,61.8674768,55.680729119713455,6.123098587744292
95,14,86.10050820000001,77.49045737957262,8.56991637932243
95,17,62.68879870000001,56.419918829656154,6.20438667672062
95,18,59.7484024,53.77356215971352,5.91466509969176
95,21,59.1269182,53.21422637962184,5.912188866970015
95,22,62.1387618,55.92488561965777,6.179180978468068
95,23,69.1280069,62.215206209574504,6.9109852853105025
95,24,55.7868592,50.208173279617945,5.521293088173251
95,27,84.2731048,75.84579431962187,8.42704889459308
95,29,58.60827990000001,52.74745190931938,5.860569362097594
95,2,75.4816584,67.93349255979903,7.519051721749988
95,6,78.6277315,70.76495834943061,7.832449436038899
95,7,62.864841999999996,56.578357799620406,6.262237760175084
95,8,67.4201547,60.67813922951222,6.719565775902427
96,10,86.6798208,78.01183871977311,8.66727232326069
96,12,76.22291960000001,68.60062763957019,7.543874539975859
96,14,69.3377567,62.40398102991897,6.933636428182495
96,17,82.44502729999999,74.20052456950877,8.159685262139146
96,18,66.1277346,59.514961139570275,6.546173975245088
96,21,80.8301771,72.74715938962179,8.081260161093766
96,22,78.6913212,70.82218907950879,7.788176039938165
96,23,68.4626068,61.61634611979964,6.840207018233797
96,24,81.0171513,72.91543616961795,8.01836607996994
96,27,87.5211846,78.7690661394328,8.751760146533028
96,29,79.6571601,71.69144408957449,7.963623132337423
96,2,88.4298872,79.58689847943266,8.84066053993797
96,6,78.8158844,70.93429595951197,7.85119012008046
96,7,80.2771801,72.24946208977082,7.946867425535612
96,8,62.12145569999999,55.90931012984469,6.1876675842094935
97,10,62.682545499999996,56.41429094962185,6.267818242462234
97,12,68.6394436,61.77549923973648,6.818606978070553
97,14,72.8820729,65.59386560951384,7.2879537459664725
97,17,71.3572825,64.22155424979773,7.062317097892593
97,18,66.7983177,60.11848592979777,6.612556406179196
97,21,70.3027083,63.27243746977307,7.028423822901841
97,22,70.3314057,63.298265129797734,6.960784563275145
97,23,79.2140332,71.29262987951348,7.915516021496874
97,24,72.7140026,65.44260233991666,7.242748727106721
97,27,62.1460939,55.931484509659676,6.214402244644735
97,29,69.8678,62.88101999980972,6.942349200018423
97,2,76.259653,68.63368769981089,7.623955609832502
97,6,61.460619699999995,55.31455772971351,6.084177305624549
97,7,67.6997039,60.929733509895826,6.701787089847725
97,8,69.8525205,62.86726844965959,6.9834180304296085
98,10,81.9434622,73.7491159798109,8.192193548704594
98,12,88.7088337,79.83795032977162,8.81228983852859
98,14,69.7937186,62.81434673979981,6.979161139094667
98,17,83.200635,74.88057149950879,8.234468826840047
98,18,79.582855,71.6245694995089,7.878134699820378
98,21,81.6405632,73.4765068795137,8.16191052080714
98,22,76.8390343,69.15513086957019,7.604853015853268
98,23,75.7168736,68.14518623988646,7.564992531818579
98,24,75.30601300000001,67.77541169993009,7.480879283169423
98,27,83.6363291,75.27269618957449,8.361437658550248
98,29,78.0689652,70.26206867931569,7.764916503849022
98,2,85.8249587,77.24246282943267,8.580234666148664
98,6,67.81488949999999,61.03340054942704,6.713189564826291
98,7,67.7571285,60.98141564957027,6.707471810859095
98,8,56.075591300000006,50.46803216957461,5.607349731028544
99,10,63.7974148,57.417673319574575,6.379197316920153
99,12,67.3630258,60.62672321961525,6.620325271649399
99,14,88.5286466,79.6757819397164,8.852604322388157
99,17,72.49093909999999,65.24184518979773,7.174516500467708
99,18,71.9997247,64.79975222981906,7.127458597197084
99,21,84.3316525,75.8984872495745,8.430948643790206
99,22,69.8323576,62.849121839785084,6.911393127803356
99,23,63.233538700000004,56.91018482962154,6.317762367578853
99,24,79.0629226,71.15663033978724,7.904218990566046
99,27,77.338239,69.60441509988627,7.714321246612505
99,29,68.1682892,61.35146027978595,6.773478842830883
99,2,74.03538549999999,66.63184694978723,7.401575842891345
99,6,62.6527987,56.38751882980901,6.2021790310570974
99,7,60.2072017,54.186481529785944,5.982433183679993
99,8,80.5737815,72.51640334977222,8.025628855410282
100,10,84.459238,76.01331419931932,8.445193119187262
100,12,90.0238158,81.02143421975332,8.871234635878807
100,14,61.5771449,55.41943040965968,6.157519290554771
100,17,84.400669,75.96060209950878,8.353237801709867
100,18,79.1267183,71.21404646914057,7.832980738530807
100,21,60.410260900000004,54.36923480962188,6.040814977833151
100,22,88.71698099999999,79.84528289957018,8.780427831863006
100,23,80.9613197,72.86518772978712,8.088973337943282
100,24,68.7388796,61.86499163983731,6.846801868668613
100,27,63.16614980000001,56.84953481989991,6.316471484681903
100,29,76.4301546,68.78713913943277,7.642355616047107
100,2,83.38237269999999,75.04413542943266,8.33602501179456
100,6,68.5807205,61.72264844942705,6.789001301593566
100,7,62.7981409,56.51832680957297,6.255593865499499
100,8,59.085225900000005,53.176703309620386,5.885240471389418
101,10,77.3452965,69.61076684973814,7.7324972562767265
101,12,80.0127838,72.0115054199064,7.863522531529253
101,14,82.5280596,74.27525363978731,8.252606411495133
101,17,69.0006844,62.10061595978509,6.829081698561381
101,18,72.1900908,64.97108171981905,7.146303517542154
101,21,83.84594589999999,75.46135130977311,8.384318909539983
101,22,75.2758092,67.7482282797851,7.450138139345341
101,23,67.1956865,60.47611784969034,6.713626991434061
101,24,56.125614999999996,50.51305349968857,5.575504397527171
101,27,68.37277309999999,61.53549578957449,6.835481681560103
101,29,69.4463935,62.50175414982984,6.944461627297244
101,2,73.7233352,66.35100167981051,7.3562320727765025
101,6,65.7732054,59.19588485977117,6.521282894029213
101,7,62.0494697,55.84452272979904,6.181014660536571
101,8,76.98065079999999,69.28258571951191,7.6677346767661945
102,10,78.0248367,70.2223530297998,7.802281341013228
102,12,96.34560570000001,86.7110451179093,0.4519510160391202
102,14,62.1322424,55.91901815965854,6.192451373244223
102,17,72.5092847,65.25835622957018,7.176332615112054
102,18,78.3966527,70.55698742942704,7.760709505598851
102,21,66.5509389,59.89584500971641,6.654890590490044
102,22,88.5955826,79.73602433957018,8.768413154270297
102,23,79.6434919,71.67914270943264,7.961801785255753
102,24,72.57535179999999,65.31781661942962,7.217016396689939
102,27,65.37513940000001,58.83762545977162,6.4943490167145885
102,29,76.4111041,68.76999368943281,7.640827385046395
102,2,82.377755,74.13997949977305,8.23558658527322
102,6,80.1568939,72.14120450977082,7.934959461032361
102,7,77.2617606,69.53558453951162,7.690924804052361
102,8,80.46980980000001,72.4228288195702,7.964195376784976
103,10,60.6384724,54.5746251597164,6.063656045051094
103,12,82.5440777,74.28966992981776,8.11229375802714
103,14,87.51906310000001,78.76715678971509,8.711114348537308
103,17,65.53868229999999,58.98481406991196,6.496832814318925
103,18,70.5855406,63.52698653981906,6.9874644366685175
103,21,84.45334220000001,76.00800797971641,8.445044522044316
103,22,74.8004618,67.32041561977076,7.403092458682349
103,23,72.3354684,65.10192155979964,7.227150620862486
103,24,72.0485962,64.84373657985672,7.130737226584395
103,27,85.42227319999999,76.88004587977075,8.454346258104984
103,29,79.94423619999999,71.94981257943279,7.994087737471869
103,2,68.073763,61.26638669985816,6.805567791607941
103,6,64.8999937,58.40999432968747,6.424635209693893
103,7,78.1523184,70.3370865595116,7.779572348102776
103,8,58.2343042,52.41087377961982,5.791992840989247
104,10,65.261673,58.73550569986387,6.526007422113622
104,12,91.7061999,82.53557990971528,9.134498500619136
104,14,63.873788600000005,57.48640973968941,6.362211106028608
104,17,84.4101072,75.96909647977076,8.35417117343402
104,18,78.2461456,70.4215310397153,7.794434898721149
104,21,64.4282951,57.985465589899896,6.442683631217239
104,22,87.4771082,78.72939737965615,8.657716237191403
104,23,79.4733276,71.52599483951371,7.94524620931809
104,24,74.3290447,66.8961402299127,7.430954228153995
104,27,62.6585132,56.39266187961795,6.201388429607432
104,29,60.4350162,54.39151457965968,6.043298726296107
104,2,59.0414077,53.13726692969055,5.902581572790575
104,6,78.7992457,70.91932112950967,7.812790514806136
104,7,69.3509946,62.41589513993922,6.933280077588872
104,8,78.0513801,70.24624208977306,7.803088974031452
105,10,69.6874239,62.71868150943281,6.968474519048709
105,12,68.1847189,61.36624700951221,6.795762221193369
105,14,85.0333263,76.52999366950878,8.415852166889339
105,17,62.165789000000004,55.94921009962038,6.192084607401564
105,18,62.514807299999994,56.26332656965812,6.222955321931646
105,21,69.6693709,62.70243380957461,6.966696425850011
105,22,75.2055589,67.68500300978646,7.490921431989867
105,23,80.1758777,72.15828992943267,8.015480398604527
105,24,84.00260080000001,75.60234071975596,8.367159644195498
105,27,85.6619154,77.09572385977076,8.478064068564331
105,29,76.9067097,69.2160387294328,7.690386539871603
105,2,71.1559533,64.0403579695137,7.113716022817015
105,6,71.9065897,64.71593072980932,7.12939581140429
105,7,77.1868984,69.46820855962041,7.688918914782604
105,8,58.8818253,52.99364276962187,5.887975622655467
106,10,76.1199937,68.50799432951379,7.611350395881403
106,12,79.7570408,71.78133671969053,7.9736126133611505
106,14,84.6562636,76.1906372395702,8.378533161336044
106,17,76.05553350000001,68.44998014986776,7.5273088051759744
106,18,76.4854298,68.83688681973815,7.646535542806057
106,21,65.6324119,59.0691707097731,6.56269973541252
106,22,91.552544,82.39728959943267,9.152851588918036
106,23,64.2963436,57.8667092398999,6.429488899109949
106,24,65.52732230000001,58.9745900697372,6.526911739233149
106,27,63.124484300000006,56.81203586961937,6.270769514399664
106,29,77.92273560000001,70.13046203962185,7.791618657487299
106,2,76.6920701,69.02286308942918,7.6204367088788105
106,6,78.7823337,70.90410032931354,7.811114539779158
106,7,68.7807501,61.90267508980902,6.808802574027153
106,8,75.4399202,67.89592817962188,7.543749926590272
107,10,61.5013289,55.35119600969055,6.148516518341055
107,12,71.4283554,64.28551985978646,7.114687069418829
107,14,59.3621574,53.42594165957293,5.912825696069502
107,17,83.15622019999999,74.84059817950877,8.230072894592626
107,18,58.932894000000005,53.03960459969055,5.891741732481769
107,21,76.1157323,68.50415906986387,7.611084304923437
107,22,80.2010761,72.18096848971632,8.018002999338126
107,23,66.46049040000001,59.814441359574616,6.64581580555996
107,24,82.1635018,73.94715161943057,8.183973967982263
107,27,85.9316725,77.33850524977161,8.53642995782546
107,29,61.874021400000004,55.68661925981094,6.187232945672708
107,2,60.00136379999999,54.00122741961802,5.9397061284075985
107,6,70.0854365,63.07689284980901,6.937957039844566
107,7,77.1930532,69.47374787942704,7.6415613015717465
107,8,80.0380232,72.03422087943267,8.001698462658956
108,10,85.4314243,76.8882818695138,8.542422488811106
108,12,74.3565744,66.92091695985816,7.433706632735862
108,14,84.2953676,75.86583083977077,8.342814956036406
108,17,70.8404045,63.75636404979774,7.011161022412264
108,18,66.235515,59.61196349951372,6.62181178601218
108,21,83.4404753,75.09642776957457,8.343347549622875
108,22,70.201161,63.18104489943266,7.018271531028095
108,23,66.8438295,60.159446549773044,6.6822497315903275
108,24,69.2907157,62.36164412977223,6.90176807221639
108,27,62.33779929999999,56.104019369621774,6.232143693840295
108,29,60.9632495,54.86692454978725,6.0947230457778385
108,2,76.2490754,68.62416785989888,7.548113724234162
108,6,77.7293616,69.9564254395089,7.6946515460857885
108,7,64.34232920000001,57.908096279786484,6.40941737232392
108,8,58.899605799999996,53.009645219621774,5.888412785470053
109,10,87.7674623,78.99071606943266,8.774439998269038
109,12,86.1725544,77.5552989594269,8.528600919889648
109,14,59.90987,53.91888299965615,5.929352482035302
109,17,82.1310697,73.91796272950877,8.12861257481539
109,18,61.065172999999994,54.958655699787236,6.104914381340623
109,21,71.5397176,64.38574583977311,7.1535010390768825
109,22,86.391463,77.75231669973718,8.605104881822779
109,23,76.5465928,68.8919335198379,7.652643452324536
109,24,78.6617835,70.79560514978729,7.8659710690651385
109,27,84.3864074,75.94776665957353,8.417363710775751
109,29,68.1741143,61.356702869574605,6.817175603080047
109,2,83.16653149999999,74.84987834931245,8.23289213500656
109,6,72.3454179,65.1108761098854,7.161679093638393
109,7,62.139782499999995,55.92580424986248,6.151394353601361
109,8,76.7479313,69.07313816957293,7.644552827307223
110,10,62.6585132,56.392661879618004,6.202269736180348
110,12,75.8866453,68.29798076994362,7.510591938789466
110,14,74.4703314,67.02329825950879,7.370419541575377
110,17,70.1068082,63.096127379797736,6.938556141348367
110,18,62.23156949999999,56.008412549574494,6.221522098438144
110,21,82.6654013,74.39886116957457,8.26584653434677
110,22,67.2972607,60.56753462990508,6.703208123467273
110,23,71.7056711,64.53510398951369,7.1682778051444735
110,24,63.771115599999995,57.394004039845306,6.376948344341165
110,27,72.84522319999999,65.56070087980967,7.2364250017570395
110,29,65.89060599999999,59.301545399773055,6.587329226227129
110,2,61.1620886,55.045879739621775,6.114603423289518
110,6,58.766543299999995,52.889888969658365,5.853987291200625
110,7,65.23609,58.71248099942821,6.471021314874499
110,8,69.4230933,62.480783969737345,6.9191919397873205
111,10,84.7779555,76.30015994978513,8.391769102771496
111,12,76.65262659999999,68.98736393991864,7.635057733923165
111,14,65.0845899,58.57613090980897,6.441500890265622
111,17,80.2345553,72.21109976950878,7.940912302851658
111,18,61.4734899,55.32614090977305,6.14540553739506
111,21,72.4185396,65.1766856398298,7.239951609311984
111,22,75.2530124,67.7277111593167,7.495649377896171
111,23,82.0670798,73.86037181969054,8.204552299563506
111,24,64.5500751,58.095067589941316,6.454877805379721
111,27,80.6216259,72.5594633095106,8.008931433111757
111,29,80.1661988,72.14957891962177,8.014513188333435
111,2,82.04425260000001,73.83982733977226,8.172779041992305
111,6,65.3663577,58.829721929621606,6.53202451112229
111,7,66.0226698,59.42040281965642,6.539343816545664
111,8,63.2094914,56.888542259687405,6.255920460160477
112,10,69.3655402,62.42898617971633,6.93473187277532
112,12,64.0840291,57.67562618989886,6.342473027143374
112,14,74.0831792,66.67486127950879,7.332102602554879
112,17,65.11086230000001,58.5997760697851,6.444101251832445
112,18,73.75876609999999,66.38288948962176,7.373940316364861
112,21,83.8268088,75.44412791969059,8.381987725278849
112,22,66.6115284,59.95037555978646,6.634904779477021
112,23,62.66647640000001,56.39982875962179,6.2650004140196955
112,24,80.4921094,72.4428984597873,8.048999787022726
112,27,66.24655419999999,59.621898779771605,6.580914975398379
112,29,71.1202863,64.0082576697731,7.1115598114975285
112,2,60.5625629,54.50630660962187,6.0560449008377635
112,6,61.39330160000001,55.2539714399101,6.115650116294115
112,7,55.044842800000005,49.540358519319376,5.504235132358774
112,8,60.965696300000005,54.86912666981903,6.033849167525322
113,10,86.6536734,77.98830605969054,8.663090928865032
113,12,68.6987449,61.82887040957018,6.79919734799574
113,14,68.6056234,61.74506105979773,6.789981773674746
113,17,68.5948089,61.73532800957461,6.859242641689807
113,18,72.1583211,64.94248898962176,7.213937296490049
113,21,58.716049999999996,52.84444499962187,5.8713978244925515
113,22,86.3120851,77.68087658977223,8.59719793512059
113,23,81.0298919,72.92690270975685,8.100861017724469
113,24,58.4605527,52.614497429574605,5.845839406774114
113,27,68.2299351,61.406941589786776,6.805789011749924
113,29,81.69711530000001,73.52740376977312,8.169041838063709
113,2,73.868128,66.4813151998582,7.3866358669537275
113,6,73.93043540000001,66.53739185957296,7.364528195852871
113,7,76.73419299999999,69.06077369978729,7.673215718539953
113,8,73.3269772,65.99427947971346,7.257260164980103
114,10,61.971626,55.7744633995745,6.195533257331939
114,12,69.9820165,62.98381484991183,6.926203895224192
114,14,86.6096898,77.94872081950878,8.571866642084865
114,17,59.172931500000004,53.25563834979982,5.917125566642844
114,18,59.139270499999995,53.22534344951068,5.875814891636235
114,21,79.51427580000001,71.56284821977313,7.951214306234565
114,22,61.0874797,54.978731729620385,6.084676605383111
114,23,64.6519749,58.18677740965959,6.4634976221586005
114,24,80.0958823,72.08629406962177,8.007486260004868
114,27,61.717711900000005,55.54594070989333,6.153341081105608
114,29,64.4415648,57.997408319690614,6.443952494893655
114,2,80.7514693,72.67632236977312,8.074931740025132
114,6,66.66182189999999,59.99563970978513,6.599043610289402
114,7,58.7813951,52.90325558962187,5.877932457214201
114,8,59.5090259,53.55812330962178,5.949338926477178
115,10,83.6856587,75.31709282979979,8.367882679768934
115,12,79.2562504,71.33062535957019,7.844086398814725
115,14,75.0602641,67.55423768979773,7.4288054139174164
115,17,65.66759210000001,59.10083288951384,6.566515781024304
115,18,74.44801389999999,67.00321250961802,7.369820924362819
115,21,63.950680299999995,57.555612269858194,6.394908701704747
115,22,84.3172295,75.88550654957018,8.344977565002711
115,23,79.2872377,71.35851392965961,7.926641261143694
115,24,68.4699291,61.622936189771615,6.801784567265579
115,27,82.7354641,74.46191768961936,8.218918282784191
115,29,81.7145496,73.54309463951381,8.170888957503795
115,2,58.225167,52.402650299659676,5.822318235115249
115,6,73.922817,66.53053529965621,7.317830815202352
115,7,76.7058884,69.03529955977307,7.66857412946783
115,8,81.8683938,73.68155441977306,8.18469022776203
116,10,59.0974023,53.18766206957461,5.909523823286366
116,12,69.89577270000001,62.9061954297851,6.917668234745409
116,14,87.9464551,79.15180958950957,8.71811014362726
116,17,61.1274128,55.01467151977312,6.112563405955632
116,18,66.73172389999999,60.05855150978647,6.647433327216884
116,21,60.6993045,54.629374049905465,6.0697929387260885
116,22,71.2768234,64.14914105978646,7.099597030547953
116,23,83.5450473,75.19054256931916,8.351828113926171
116,24,79.7156725,71.74410524961795,7.889557811856287
116,27,76.2981942,68.66837477988653,7.6278165951646395
116,29,71.19484700000001,64.07536229977312,7.118898549719538
116,2,73.3430464,66.00874175975598,7.306013570663621
116,6,66.0299259,59.42693330975444,6.536490417936854
116,7,57.7444626,51.97001633962187,5.774241339457205
116,8,62.2526864,56.027417759621876,6.225054435570447
117,10,80.25618329999999,72.2305649697731,8.024960768451649
117,12,79.2577561,71.33198048957019,7.844235382566886
117,14,86.83342809999999,78.15008528950877,8.594009710487253
117,17,77.7112053,69.94008476962038,7.740500456450367
117,18,74.631317,67.1681852994328,7.462852817853702
117,21,78.9747926,71.0773133394328,7.8971896283549645
117,22,82.9160785,74.62447064961935,8.2368624900302
117,23,65.2752662,58.74773957968865,6.486016933631979
117,24,68.7447744,61.87029695979773,6.8037539278229975
117,27,60.0553705,54.04983344962178,6.00395879221537
117,29,80.6469353,72.5822417697731,8.064165994194534
117,2,58.04099,52.2368909997164,5.80391318704953
117,6,73.8845653,66.4961087695703,7.314044332099531
117,7,71.37434110000001,64.23690698991045,7.1372807948038055
117,8,79.8978944,71.90810495979976,7.987692048475161
118,10,56.73902199999999,51.065119799659655,5.673420888247727
118,12,71.0170855,63.915376949828065,7.0286459117721085
118,14,64.5421584,58.087942559656156,6.387815712688494
118,17,68.9298308,62.03684771979849,6.8474709772836615
118,18,67.388868,60.649981199820886,6.738710244100094
118,21,69.6218717,62.65968452981088,6.960358001932055
118,22,72.47556469999999,65.22800822979823,7.190976192668574
118,23,79.34881150000001,71.4139303495089,7.8549647142831756
118,24,78.8444396,70.95999563957292,7.853378472497555
118,27,81.6060931,73.44548378978723,8.15846691430097
118,29,60.6018398,54.54165581962185,6.05976084597659
118,2,75.82122869999999,68.2391058297164,7.58190156942813
118,6,66.56960079999999,59.912640719797764,6.589914418745759
118,7,62.2387837,56.01490532973821,6.223652654713818
118,8,64.0055263,57.60497366962178,6.398871160984497
119,10,68.32851,61.495658999574495,6.831055635334481
119,12,72.0500786,64.84507073982917,7.176616607905731
119,14,87.7645234,78.9880710597355,8.68616173841322
119,17,81.1905851,73.07152658951112,8.073728004609942
119,18,74.0342272,66.63080447951384,7.403160761343643
119,21,81.04487019999999,72.94038317973819,8.103820277784836
119,22,86.9310485,78.23794364951061,8.635708959432879
119,23,79.6889881,71.72008928942918,7.918223030704096
119,24,62.99957309999999,56.69961578977222,6.27513374882511
119,27,58.7921072,52.9128964795745,5.877665189042412
119,29,78.8002693,70.92024236977305,7.877956544951922
119,2,61.8291331,55.646219789621874,6.182699056538076
119,6,74.1049855,66.69448694961804,7.335864118122723
119,7,69.3966058,62.4569452197873,6.939470339391764
119,8,81.7145496,73.5430946395133,8.16249677829331
120,10,59.790483699999996,53.811435329810884,5.977477716875139
120,12,77.6599982,69.89399837978647,7.735398258069504
120,14,62.278704399999995,56.05083395961794,6.163798893037078
120,17,74.6008775,67.14078974987764,7.410831283424714
120,18,78.1980684,70.37826155931674,7.789644965633195
120,21,58.4605527,52.614497429574605,5.845840332369893
120,22,72.5055366,65.25498293977161,7.202681053506442
120,23,59.9214833,53.92933496965958,5.990229354945087
120,24,67.36503780000001,60.62853401957294,6.709961262159345
120,27,74.562782,67.10650379992082,7.454321072871254
120,29,58.9692133,53.0722919697164,5.8967337706747465
120,2,88.28541720000001,79.45687547978726,8.826224278348754
120,6,66.7446872,60.07021847978514,6.607246715211844
120,7,52.51681419999999,47.26513277951383,5.2514693177187235
120,8,71.3928401,64.25355608978722,7.137027269440468
121,10,72.65009380000001,65.38508441971639,7.2644071838096105
121,12,69.4730069,62.525706209904484,6.87582639499474
121,14,85.67822120000001,77.11039907977077,8.479677774643186
121,17,71.9933021,64.79397188993326,7.199185200355158
121,18,61.5386049,55.38474440968748,6.091882160864742
121,21,80.4813007,72.43317062957458,8.047453759884084
121,22,84.2912016,75.86208143961794,8.342402962470167
121,23,67.5286322,60.77576897962187,6.752637693242999
121,24,63.745678,57.37111019965834,6.349450302568663
121,27,57.27318580000001,51.545867219513724,5.72581230401628
121,29,69.7007774,62.73069965969062,6.969862170249769
121,2,70.109718,63.09874619965837,6.983929607383461
121,6,72.1444937,64.93004432957295,7.1866236236911565
121,7,63.6376078,57.27384701951383,6.363522156982437
121,8,79.9005248,71.91047231951372,7.987955600887566
122,10,57.2157331,51.494159789621875,5.721370294432555
122,12,80.77743290000001,72.69968960914902,8.075620107421894
122,14,63.0144288,56.71298591961855,6.246602669977567
122,17,53.7333814,48.360043259621875,5.373142273244338
122,18,72.49800669999999,65.24820602951195,7.2218414589543745
122,21,69.003842,62.10345779978515,6.8308872457843774
122,22,72.3987732,65.15889587988143,7.165394497075761
122,23,61.6964553,55.5268097697873,6.169469973756915
122,24,50.059378200000005,45.05344037950879,4.954437875162051
122,27,66.176621,59.55895889985192,6.612798032497124
122,29,55.1381076,49.624296839690615,5.513625660372909
122,2,88.3233326,79.49099933950889,8.743379516560115
122,6,62.6787164,56.41084475977312,6.2676908232920825
122,7,56.7915231,51.11237078978724,5.67766062781918
122,8,70.1959051,63.176314589799766,7.017748425614904
123,10,84.2304422,75.8073979797731,8.42235416987622
123,12,72.6273191,65.36458718978724,7.260825576011465
123,14,82.6267711,74.36409398961794,8.177672299724085
123,17,67.84253220000001,61.05827897951384,6.7840047784761515
123,18,63.1156655,56.80409894978514,6.247999891482496
123,21,79.7156725,71.74410524961803,7.891282409997734
123,22,58.0763958,52.26875621971345,5.747891283323466
123,23,65.0756487,58.568083829432815,6.507308626113333
123,24,64.9588976,58.46300783950879,6.429062195238223
123,27,70.7663245,63.68969204951371,7.074773034486972
123,29,62.7981409,56.51832680957461,6.279588779027855
123,2,78.9237109,71.03133980993749,7.812883509037499
123,6,64.05175709999999,57.64658138951382,6.404936589533707
123,7,60.977467399999995,54.87972065969054,6.09614509014363
123,8,78.9113336,71.02020023957449,7.889062656103653
124,10,61.1452239,55.03070150943281,6.114275917631406
124,12,88.9682312,80.07140807975685,8.894489306428286
124,14,67.7443769,60.96993920978589,6.7297084582769795
124,17,67.65043800000001,60.88539419957461,6.764807864960051
124,18,64.05175709999999,57.64658138950888,6.340666846067706
124,21,71.7821417,64.60392752985676,7.1059191373044595
124,22,75.05532790000001,67.54979510951372,7.503561417259606
124,23,62.45472600000001,56.20925339978731,6.2452955787525735
124,24,59.1347772,53.22129947977077,5.852641220022764
124,27,65.8155681,59.23401128978723,6.579828710467297
124,29,62.0494697,55.84452272979981,6.204773988785346
124,2,65.49358790000001,58.944229109656234,6.483397215718065
124,6,60.159238800000004,54.14331491985817,6.014344890148643
124,7,55.5505892,49.995530279659675,5.5548666517998155
124,8,65.8952001,59.30568008978646,6.563554576162673
125,10,77.4974229,69.74768060982085,7.74770715098441
125,12,67.3081707,60.5773536296596,6.729049490273977
125,14,70.935141,63.841626899620614,7.069895421935505
125,17,61.5554564,55.39991075991489,6.153930361933768
125,18,59.389797,53.450817299819064,5.87916560147713
125,21,63.852429799999996,57.46718681978724,6.3835667903601685
125,22,66.54141220000001,59.88727097977313,6.653953321954918
125,23,75.3295081,67.79655728962187,7.532707990595244
125,24,76.0878114,68.47903025961796,7.530504594174627
125,27,86.0317148,77.42854331977306,8.600913096170993
125,29,77.2617606,69.53558453951383,7.725906383409873
125,2,83.0366234,74.7329610595089,8.220033037526564
125,6,60.1251354,54.112621859785136,5.951958339130437
125,7,70.91782359999999,63.82604123969061,7.091564720846064
125,8,67.7571285,60.981415649572924,6.749016054711572
126,10,64.4737142,58.02634277969055,6.445677238583024
126,12,84.367957,75.93116129965834,8.403547745273148
126,14,61.6360016,55.47240143979915,6.143076406710254
126,17,66.4618779,59.815690109808976,6.577812960319258
126,18,62.5164484,56.264803559513716,6.250002213337058
126,21,67.36503780000001,60.628534019574616,6.736269433313908
126,22,83.5550471,75.19954238962177,8.353311208504957
126,23,77.8099211,70.02892898951372,7.778947510402841
126,24,65.9597831,59.363804789797726,6.528120418736208
126,27,61.91649,55.72484099962178,6.190021979241091
126,29,80.1892548,72.1703293194328,8.018587930947145
126,2,68.4029601,61.56266408979778,6.7714042543099096
126,6,70.6151109,63.553599809929835,6.990391024923974
126,7,60.5191482,54.467233379756905,6.051697507210402
126,8,60.2072017,54.18648152978509,5.958780137683353
127,10,81.8679625,73.6811662493192,8.184643265354472
127,12,73.3956539,66.05608850978724,7.337638951576498
127,14,69.0790889,62.1711800093192,6.906095215233302
127,17,78.8361812,70.95256307942692,7.802513405224441
127,18,59.9859012,53.987311079756914,5.998410849800391
127,21,69.5835484,62.62519355943267,6.956524870452282
127,22,69.5171741,62.565456689772226,6.9243243461765
127,23,59.435312100000004,53.49178088957448,5.94162739800067
127,24,78.54234919999999,70.68811427950877,7.773433265736711
127,27,82.9409082,74.64681737962177,8.291912964518781
127,29,57.88455689999999,52.096101209621864,5.788250445750398
127,2,73.8312232,66.44810087951195,7.354646002742479
127,6,76.7096212,69.03865907950889,7.593704304573345
127,7,71.8672412,64.68051707965968,7.186496959778369
127,8,62.7981409,56.51832680957019,6.215209176810379
128,10,73.93176369999999,66.53858732986906,7.391234924357853
128,12,82.9486456,74.65378103943057,8.262180123779906
128,14,66.7866355,60.107971949829164,6.6523477695486335
128,17,71.7392507,64.56532562989254,7.100121074500319
128,18,75.1256503,67.61308526957296,7.483589818763874
128,21,51.851921499999996,46.66672934969054,5.183830030439691
128,22,82.0376083,73.83384746962038,8.171435625531627
128,23,76.6921959,69.02297630977291,7.662438093167517
128,24,65.8694762,59.28252857977076,6.519182618163427
128,27,70.94956529999999,63.85460876977305,7.093093536517455
128,29,78.16572699999999,70.34915429978727,7.815932408739721
128,2,64.2006631,57.78059678978648,6.395303625460638
128,6,68.29713149999999,61.46741834979777,6.7609275507201545
128,7,60.4429043,54.398613869756915,6.044109379506566
128,8,66.4863879,59.83774910985672,6.58023895518027
129,10,67.9839423,61.185548069756905,6.798198187937947
129,12,70.981379,63.88324109980898,7.025111979625933
129,14,79.978824,71.98094159931921,7.995781090796158
129,17,57.9360479,52.14244310965615,5.734001162248412
129,18,69.4972712,62.54754407982811,6.879733388165127
129,21,65.2593919,58.73345270943267,6.524224001632805
129,22,67.9987969,61.198917209772226,6.773084947058863
129,23,64.3001251,57.87011258973799,6.424326545565326
129,24,76.80958369999999,69.12862532961793,7.601939297579677
129,27,81.868154,73.68133859965961,8.184666004446191
129,29,57.8283824,52.04554415957458,5.782339382681324
129,2,69.39856800000001,62.45871119951197,6.91309001053584
129,6,76.8031215,69.12280934961804,7.602960139329659
129,7,66.54609339999999,59.89148405983793,6.654439093351967
129,8,66.806436,60.125792399770766,6.611914375043556
130,10,80.8834897,72.79514072962186,8.088094469909397
130,12,81.28356169999999,73.15520552957018,8.044731693596006
130,14,69.1073102,62.19657917979976,6.908916635568466
130,17,78.1415051,70.32735458950879,7.733760395870024
130,18,76.3273135,68.69458214942794,7.567706181291311
130,21,59.386099400000006,53.44748945978725,5.9370509218222605
130,22,83.1408346,74.82675113961795,8.228549601822651
130,23,75.5539917,67.99859252931917,7.552979947204631
130,24,64.9080055,58.41720494977077,6.424024688043671
130,27,70.3473812,63.312643079787144,7.029567683982555
130,29,77.318591,69.58673189961803,7.653988111057085
130,2,73.9377566,66.54398093957266,7.360037921890912
130,6,66.9671571,60.270441389773055,6.69495642430019
130,7,65.4744475,58.92700274968942,6.522191190197465
130,8,78.9056624,71.01509615977075,7.809389921484202
131,10,76.9011758,69.21105821957461,7.689861174031677
131,12,68.6516381,61.78647428978509,6.7945347232917435
131,14,83.0154337,74.71389032975685,8.299363950925189
131,17,67.0015554,60.30139985977077,6.631225484616985
131,18,67.2494433,60.52449896975444,6.657214401381534
131,21,72.59954400000001,65.33958959991405,7.1868365307065405
131,22,70.1689221,63.152029889770766,6.944703004811032
131,23,69.10611399999999,62.195502599902724,6.908400353269753
131,24,76.91991139999999,69.22792025961793,7.612858188280041
131,27,83.4976611,75.14789498951349,8.343630246226896
131,29,71.2331314,64.10981825985053,7.051570570346601
131,2,58.7123288,52.8410959195745,5.869689640400853
131,6,75.44660789999999,67.90194710962176,7.54267874087308
131,7,61.91007080000001,55.71906371980902,6.12865433973822
131,8,58.8548615,52.96937534962178,5.883940591312577
132,10,63.640337300000006,57.276303569896875,6.363887941409964
132,12,78.3954228,70.55588051950879,7.758889539476207
132,14,57.6958737,51.92628632957461,5.769373629679967
132,17,77.0339096,69.33051863957019,7.624140221290804
132,18,76.41785709999999,68.77607138971456,7.592539432123173
132,21,56.746775299999996,51.07209776961862,5.6263334136223015
132,22,82.9091079,74.61819710965968,8.290662146107978
132,23,59.7062941,53.735664689429186,5.932660721945496
132,24,67.0015554,60.30139985977077,6.6312258658919205
132,27,70.3166444,63.284979959772954,7.026496355329041
132,29,68.6877446,61.81897013981092,6.868211903357653
132,2,82.1915624,73.97240615962187,8.218899515929317
132,6,65.1259718,58.61337461977306,6.510886137877518
132,7,70.9589287,63.863035829572965,7.068524480578373
132,8,77.318591,69.58673189962177,7.729829873279162
133,10,72.7350879,65.46157910951383,7.273249672259253
133,12,65.3625289,58.82627600979773,6.469007671230185
133,14,80.39845129999999,72.35860616962186,8.03959197033768
133,17,65.9439786,59.34958073986858,6.5684143202557745
133,18,73.4700194,66.12301745931676,7.318663609213913
133,21,77.9269258,70.13423321950967,7.726306953226818
133,22,71.2009458,64.08085121981094,7.119907897900433
133,23,73.6031342,66.24282077942918,7.31350791083038
133,24,76.6149664,68.95346975965614,7.582677402147377
133,27,80.3624358,72.32619221962177,8.034134370122267
133,29,77.5550124,69.79951115943277,7.754833911030804
133,2,72.1271152,64.91440367977312,7.212512381925071
133,6,67.37311849999999,60.63580664962177,6.735541570741533
133,7,57.3155433,51.58398896977306,5.730050841076061
133,8,67.9652916,61.16876243977306,6.79474573822607
134,10,65.3277979,58.79501810977079,6.466489606499484
134,12,71.655316,64.48978439950878,7.09181313443507
134,14,69.4833849,62.53504640977312,6.948144227582848
134,17,60.0620727,54.05586542978589,5.966550480869004
134,18,58.7738293,52.896446369432816,5.8771422350542615
134,21,66.3304993,59.697449369809014,6.56624572602677
134,22,80.1471213,72.13240916971633,8.012608129110115
134,23,63.4460319,57.101428709809724,6.304256341448094
134,24,63.091160300000006,56.78204426977077,6.24420926643309
134,27,64.5246438,58.07217941978725,6.450770851559395
134,29,76.2425806,68.61832253957458,7.623614525728654
134,2,82.4685626,74.22170633957461,8.246588224844244
134,6,62.7618441,56.48565968979976,6.274535549974437
134,7,63.0480685,56.743261649572965,6.280489826361826
134,8,78.6237333,70.76135996973717,7.831390866354491
135,10,84.49620089999999,76.04658080961798,8.363879533128996
135,12,62.6454953,56.380945769797734,6.200099594921379
135,14,79.65389379999999,71.68850441965968,7.965146662372825
135,17,68.6853597,61.81682372931232,6.7978740643245334
135,18,75.5347973,67.9813175697998,7.5532815768508135
135,21,78.1415051,70.3273545895089,7.735451774174006
135,22,57.5607079,51.804637109658344,5.733389250556517
135,23,67.632073,60.86886569968865,6.720198690000853
135,24,68.69973900000001,61.82976509961795,6.799297855136763
135,27,69.6150081,62.6535072895745,6.959673061984983
135,29,55.6052788,50.04475091965966,5.560055667354195
135,2,73.2762229,65.94860060981088,7.3256982565020206
135,6,62.213021999999995,55.99171979982984,6.2211373146037925
135,7,55.9812669,50.383140209809014,5.541745667697173
135,8,64.08873229999999,57.67985906973821,6.40868082049936
136,10,72.4838883,65.23549946977307,7.246814087291907
136,12,67.8781716,61.09035443951384,6.787569497469881
136,14,68.6820243,61.81382186975685,6.866398962332844
136,17,63.9489657,57.55406912979773,6.329106936990703
136,18,59.1371337,53.22342032957461,5.913496054447982
136,21,67.0015554,60.30139985977082,6.632675468183391
136,22,66.92073979999999,60.22866581992524,6.6232268292871055
136,23,56.178954000000004,50.56105859973815,5.616420968596345
136,24,60.0620727,54.055865429785094,5.9444167968672685
136,27,61.7476791,55.57291118978714,6.170229627015483
136,29,67.3181614,60.586345259513706,6.73004634954396
136,2,84.6983904,76.22855135943266,8.467613770761693
136,6,74.2179623,66.7961660697998,7.421600474687382
136,7,61.0282776,54.92544983942705,6.041364147667384
136,8,77.233122,69.50980979951382,7.723042430395422
137,10,82.9461613,74.6515451696596,8.292438509552499
137,12,63.3629908,57.0266917197873,6.336120672005897
137,14,82.3939386,74.15454473962177,8.237231954861935
137,17,79.8441903,71.85977126978509,7.90227688253203
137,18,74.9613157,67.46518412943281,7.495852170736958
137,21,76.70551719999999,69.03496547961802,7.593298847891396
137,22,80.253523,72.22817069965615,7.942788801322432
137,23,62.6232417,56.3609175295745,6.260680211091767
137,24,68.65837769999999,61.79253992950878,6.795204342567307
137,27,67.6142674,60.8528406596216,6.756458077442013
137,29,60.0619439,54.05574950979977,6.004616443021407
137,2,74.1936696,66.77430263978725,7.417418953033911
137,6,61.81391240000001,55.63252115965969,6.1811850514235
137,7,56.79097360000001,51.11187623978515,5.621900834644884
137,8,64.1583325,57.74249924979981,6.415656172985794
138,10,86.1608511,77.54476598931241,8.528653363909184
138,12,77.3971469,69.6574322095746,7.7394578295860565
138,14,81.4790032,73.33110287951368,8.145323515230718
138,17,57.1848747,51.46638722957019,5.659656553233231
138,18,75.4352623,67.89173606962187,7.543282871989833
138,21,63.8854633,57.49691696978514,6.324204605432826
138,22,66.81916249999999,60.13724624977254,6.665066215675138
138,23,60.65153840000001,54.58638455978679,6.050428127214431
138,24,65.7822072,59.203986479808975,6.5105455145444076
138,27,62.5967767,56.33709902975674,6.255076914078895
138,29,65.09113880000001,58.58202491951372,6.507402333183001
138,2,77.4957405,69.7461664498691,7.748728389130169
138,6,74.6448786,67.18039073943281,7.464208556004516
138,7,74.0086915,66.60782234961803,7.326332489147574
138,8,67.15681839999999,60.4411365595746,6.7154467630520385
139,10,61.1606428,55.04457851962178,6.114457013481824
139,12,66.5350607,59.881554629786464,6.627287197532775
139,14,57.553679599999995,51.79831163965958,5.7535504077675
139,17,81.0981158,72.98830421961794,8.02637964848631
139,18,59.8350661,53.851559489690615,5.983311409247753
139,21,68.887253,61.99852769957028,6.8193465893553435
139,22,75.0898297,67.58084672962092,7.49004814618182
139,23,75.5854799,68.02693190957028,7.482423285050806
139,24,80.74565,72.67108499942692,7.991496511527713
139,27,80.6623076,72.59607683962177,8.064112998705395
139,29,62.0099344,55.808940959773075,6.1996446607024485
139,2,87.7304736,78.95742623951378,8.772077101924403
139,6,74.4276273,66.98486456914921,7.44243646981971
139,7,62.877053800000006,56.589348419785146,6.224379292400906
139,8,59.967605199999994,53.97084467977161,5.957150644970636
140,10,83.0239366,74.7215429397731,8.301713097283615
140,12,79.8312109,71.84808980957018,7.900991311475684
140,14,73.5694308,66.21248771951372,7.355011485562335
140,17,69.3311332,62.39801987977222,6.905793929238601
140,18,68.0859883,61.2773894695746,6.808361833613513
140,21,60.59571030000001,54.536139269785146,5.998542556810681
140,22,63.542384399999996,57.18814595978667,6.335268430986991
140,23,65.254783,58.72930469975445,6.459757564472627
140,24,67.7588658,60.98297921977076,6.706177804747073
140,27,68.2759846,61.44838613977308,6.8261128807861855
140,29,76.53449260000001,68.88104333962178,7.651438254338954
140,2,78.97844979999999,71.08060481965742,7.845612248351056
140,6,63.656533599999996,57.29088023975691,6.3654658806322235
140,7,76.3016161,68.67145448950967,7.565160051360639
140,8,63.893690199999995,57.504321179572926,6.364193082696737
141,10,65.1777025,58.65993224971638,6.517227159233278
141,12,67.52419499999999,60.77177549978508,6.682950417747345
141,14,62.8743587,56.58692282979977,6.28578579789485
141,17,83.0433787,74.73904082975595,8.271615899865619
141,18,62.9049556,56.614460039773064,6.288843775127551
141,21,67.4087587,60.66788282957028,6.672986245523101
141,22,72.6244384,65.3619945594314,7.244131911834438
141,23,71.5752741,64.41774668989582,7.085441266419385
141,24,81.0981158,72.98830421961794,8.026380315411757
141,27,80.5900779,72.53107010978724,8.056891408636822
141,29,78.1701546,70.35313913951371,7.814960217373334
141,2,70.821736,63.73956239987846,7.08200976703059
141,6,72.6454747,65.3809272297382,7.264337654045439
141,7,65.7410916,59.16698243979778,6.507898597140713
141,8,62.0099344,55.80894095977306,6.199366889945697
142,10,83.2901207,74.9611086297382,8.328326838814448
142,12,80.9680109,72.87120980961855,8.026339503830055
142,14,70.0782643,63.07043786943057,6.980212234039593
142,17,62.0518341,55.84665068965835,6.180732372472864
142,18,64.3641296,57.9277166395745,6.434723595809752
142,21,63.330038099999996,56.99703428977081,6.269221458633188
142,22,62.570442699999994,56.31339842978724,6.255401243059878
142,23,66.32808650000001,59.69527784979778,6.5660069742204215
142,24,69.3311332,62.398019879770764,6.861787035911357
142,27,58.721286500000005,52.8491578495745,5.870584399056522
142,29,57.732324,51.9590915995745,5.771713844119602
142,2,75.866208,68.27958719978724,7.584630460848181
142,6,57.8819553,52.093759769621876,5.7879904326379075
142,7,79.3652969,71.42876720961803,7.856598321980906
142,8,76.53449260000001,68.88104333962039,7.623292588539358
143,10,59.1512357,53.23611212957461,5.914907042732751
143,12,68.4411993,61.59707936977076,6.773707433850397
143,14,65.04824430000001,58.543419869810194,6.479191697063625
143,17,81.3642195,73.2277975496596,8.13428885745985
143,18,62.3992944,56.159364959785144,6.177084353401922
143,21,80.7270606,72.65435453977226,8.041570049126555
143,22,70.8464076,63.761766839773124,7.084445069721294
143,23,75.4666177,67.91995592942703,7.470656918998415
143,24,81.0983317,72.98849852961794,8.026401690284883
143,27,82.0078268,73.80704411975685,8.198628796946068
143,29,74.7008102,67.23072917914917,7.469406093584683
143,2,68.6153021,61.75377188971634,6.860041047216534
143,6,74.3346905,66.90122144957459,7.43321814307625
143,7,64.673368,58.20603119977081,6.40220154362377
143,8,67.436311,60.69267989978509,6.6742538492887915
144,10,79.7559716,71.7803744397731,7.974782503086543
144,12,79.84662639999999,71.86196375961794,7.902516969188282
144,14,80.55738099999999,72.5016428994328,8.055445604442925
144,17,84.7000252,76.23002267931669,8.436626878279668
144,18,76.1005779,68.49052010961805,7.533414294492537
144,21,61.5766809,55.41901280968942,6.133918325246933
144,22,55.8309775,50.24787974969055,5.58163091215204
144,23,76.69055970000001,69.0215037295703,7.591817859853714
144,24,70.21604380000001,63.194439419770774,6.949367708216404
144,27,60.9214684,54.82932155965968,6.091942444093738
144,29,68.8867489,61.99807400984531,6.888502837250854
144,2,90.3232744,81.29094695951372,9.029956081319948
144,6,71.4632232,64.31690087951371,7.144442068642572
144,7,76.7111248,69.0400123196204,7.641525823972833
144,8,76.2516243,68.62646186950879,7.546716816974264
145,10,55.931664999999995,50.33849849965968,5.592973145084916
145,12,65.09957990000001,58.5896219097544,6.442983365983579
145,14,69.4433716,62.49903443978731,6.94414711857948
145,17,59.7299425,53.75694824962038,5.949458298239858
145,18,66.1693227,59.55239042979777,6.550290259649847
145,21,82.237249,74.0135240997555,8.176079766023934
145,22,70.4080868,63.36727811973649,6.994320009646065
145,23,57.44443030000001,51.699987269618035,5.686588428304616
145,24,81.2032619,73.08293570961794,8.036786688297235
145,27,80.2003242,72.1802917797873,8.019822474245059
145,29,75.76162910000001,68.18546618943282,7.575881192818022
145,2,75.759164,68.18324759975684,7.573928275238916
145,6,60.2730982,54.245788379690616,6.027113844149029
145,7,61.140294399999995,55.026264959773115,6.113850963304079
145,8,67.25661360000001,60.53095223980898,6.65646900916919
146,10,70.11139159999999,63.1002524394328,7.010870626837379
146,12,72.11165430000001,64.90048886961796,7.136977343197909
146,14,79.45941140000001,71.51347025962188,7.9456902525249795
146,17,80.78977569999999,72.71079812957018,7.9958627456956375
146,18,74.42124530000001,66.97912076942916,7.394168340398393
146,21,61.84799760000001,55.663197839656235,6.122509785687293
146,22,52.2926226,47.06336033968857,5.1947346420373925
146,23,72.9702664,65.67323975961804,7.223536133806419
146,24,69.59216310000001,62.63294678977077,6.88762147048855
146,27,67.3242873,60.59185856992758,6.732288733420507
146,29,66.64250419999999,59.97825377981093,6.66407204931611
146,2,87.7512058,78.97608521965961,8.773217705934162
146,6,74.17203119999999,66.75482807931935,7.416905069542483
146,7,65.99532500000001,59.39579249957461,6.599300024735598
146,8,75.72319320000001,68.1508738797548,7.506421220457589
147,10,70.8579874,63.77218865962177,7.08393567782031
147,12,63.134770399999994,56.82129335978508,6.248523823574324
147,14,68.51169999999999,61.66052999977305,6.8493711888599185
147,17,78.23356179999999,70.41020561957018,7.742870427654947
147,18,65.5670755,59.010367949798514,6.51445541288657
147,21,82.53326709999999,74.27994038957027,8.17020415705622
147,22,66.1216079,59.50944710951061,6.568502663664871
147,23,61.27445110000001,55.147005989770825,6.065733145486208
147,24,80.9909959,72.89189630950878,8.015778455106485
147,27,52.48518060000001,47.236662539659605,5.247138476009656
147,29,75.1698918,67.65290261943281,7.51670876334335
147,2,75.7618023,68.18562206977225,7.546956456522724
147,6,63.440529999999995,57.096476999738215,6.343861873343362
147,7,57.6644017,51.8979615297873,5.7662725082237385
147,8,56.2949649,50.66546840957018,5.571581197778499
148,10,54.4953427,49.04580842965968,5.449344312722989
148,12,71.6174038,64.45566341961936,7.1144549244340825
148,14,80.0164914,72.01484225965834,7.970120152805628
148,17,55.035076100000005,49.53156848962178,5.502062827373041
148,18,73.4055221,66.06496988957184,7.293249902526834
148,21,69.2603378,62.33430401975445,6.856278488834991
148,22,60.4139933,54.37259396981046,6.026165378099736
148,23,63.3162612,56.98463507957189,6.291364244992749
148,24,66.6980786,60.028270739808974,6.60119044674249
148,27,68.5599423,61.703948069513714,6.85419246888573
148,29,77.1745889,69.45713000943277,7.716793244226187
148,2,87.134806,78.4213253995137,8.71119374233425
148,6,59.205141100000006,53.28462698971634,5.918959113009456
148,7,63.229829699999996,56.90684672962187,6.322766223853195
148,8,74.79005439999999,67.31104895978508,7.402062994243489
149,10,71.64431610000001,64.47988448990803,7.164277108141881
149,12,60.50145260000001,54.45130733977307,6.048553110653257
149,14,67.0922081,60.38298728975438,6.640197205410634
149,17,68.2703029,61.44327260951383,6.82678245570031
149,18,64.2476594,57.82289345978514,6.360059121626391
149,21,81.2032619,73.08293570961803,8.038543328591016
149,22,69.8713995,62.884259549431114,6.966284588216947
149,23,57.8588368,52.072953119798534,5.749091244356077
149,24,68.2703029,61.44327260950879,6.756795988600696
149,27,70.6170266,63.55532393943267,7.059845739309463
149,29,59.197379500000004,53.2776415496596,5.918181362189575
149,2,76.2455535,68.62099814981089,7.622554821006335
149,6,56.275748899999996,50.64817400981089,5.626352792939701
149,7,54.5718047,49.11462422977312,5.457015418426944
149,8,63.238728300000005,56.914855469902285,6.292772186147964
150,10,58.409265600000005,52.568339039621875,5.840720264826341
150,12,63.2052513,56.8847261698582,6.3203673690020565
150,14,78.0381637,70.23434732965615,7.723532651614862
150,17,58.85315,52.9678349998098,5.850233297126141
150,18,74.13326099999999,66.71993489942703,7.338663565842935
150,21,69.59216310000001,62.63294678977082,6.889126822290956
150,22,63.4860494,57.137444459689846,6.332595491768305
150,23,62.626035300000005,56.36343176957189,6.222780692081828
150,24,58.8195068,52.93755611979773,5.821438550253464
150,27,55.4156514,49.874086259621876,5.541366518469485
150,29,72.9154867,65.62393802962177,7.289632048249877
150,2,84.829307,76.34637629957449,8.480704541069036
150,6,60.968147800000004,54.87133301943267,6.095210986925516
150,7,60.8982458,54.80842121962187,6.089613028733378
150,8,63.375297200000006,57.037767479432816,6.337277530875508
151,10,80.197166,72.17744939965968,8.019472762355829
151,12,72.4145142,65.17306277962187,7.241214940597922
151,14,64.17738,57.759641999754386,6.35171317350648
151,17,64.65312899999999,58.187816099572444,6.432728017062784
151,18,63.334844700000005,57.00136022978725,6.33182159572524
151,21,80.3149184,72.28342655965959,8.029384401791212
151,22,60.7164981,54.644848289432815,6.071404507734614
151,23,59.671599900000004,53.70443990977082,5.907062258329325
151,24,64.0722351,57.66501158961936,6.364922906186534
151,27,78.9369387,71.04324482965968,7.893453899876574
151,29,61.109082699999995,54.998174429799796,6.110404806800477
151,2,70.16306759999999,63.14676083978513,6.94564249771454
151,6,58.4031772,52.56285947979967,5.836022056029089
151,7,54.30554480000001,48.87499031978731,5.430393496732096
151,8,57.1314863,51.418337669773116,5.7129445195163076
152,10,81.2449309,73.1204378094328,8.124152719928103
152,12,63.6843492,57.31591427977312,6.368213162779317
152,14,63.4391004,57.09519035965615,6.278645422679926
152,17,59.4538424,53.50845815977077,5.88421920572052
152,18,73.03684630000001,65.7331616696597,7.30345604182924
152,21,64.2902134,57.86119205977306,6.427333203680718
152,22,75.5245964,67.9721367594328,7.552179954846349
152,23,77.4067264,69.66605375961802,7.662713972719336
152,24,60.59401,54.534608999785085,5.9970633000663645
152,27,67.0977253,60.3879527697569,6.709579720997421
152,29,63.6376078,57.27384701951383,6.3635226323438205
152,2,73.7248495,66.35236454957096,7.30967741346481
152,6,73.6733635,66.30602714957429,7.361917937838993
152,7,65.0695343,58.56258086951384,6.50671151697645
152,8,62.664895200000004,56.3984056798999,6.266346740132019
153,10,58.721286500000005,52.84915784957461,5.871912511679143
153,12,76.98570959999999,69.28713863962186,7.698280466766396
153,14,55.7029747,50.132677229785884,5.533518931094924
153,17,77.9998981,70.19990828957019,7.719745736176583
153,18,61.510771,55.35969389965968,6.150872221231219
153,21,67.0603681,60.354331289621875,6.7058122469094785
153,22,64.4353626,57.99182633981046,6.427287490454656
153,23,64.12405890000001,57.71165300977083,6.34782391523805
153,24,78.0877446,70.27897013942692,7.728440516028976
153,27,79.2448284,71.32034555962187,7.924234112315577
153,29,56.7915231,51.1123707897873,5.678986640028468
153,2,65.80506229999999,59.22455606978513,6.5142311119019265
153,6,63.0399799,56.73598190978714,6.299361223932608
153,7,66.4462353,59.80161176943281,6.644363141613817
153,8,59.592908099999995,53.63361728973821,5.959107029868303
154,10,80.84632470000001,72.7616922295745,8.082510990146238
154,12,65.3397537,58.80577832965968,6.533723860126718
154,14,65.0690761,58.56216848951061,6.463946267581132
154,17,64.5752816,58.11775343978508,6.3910943251317285
154,18,53.49650929999999,48.14685836931674,5.329015283349953
154,21,58.3565942,52.520934779787304,5.835490644369033
154,22,75.1215547,67.60939922961936,7.462554326343764
154,23,76.7596022,69.08364197957029,7.5986532738256685
154,24,75.8402603,68.25623426951192,7.55414217342434
154,27,69.1221336,62.20992023981093,6.911993238006139
154,29,60.4001978,54.360178019574576,6.039501736442036
154,2,70.3125271,63.28127438957028,6.9604384825569605
154,6,72.6219984,65.35979855951383,7.261941584129029
154,7,53.7001131,48.330101789659686,5.369822847644931
154,8,71.91505649999999,64.72355084969061,7.191285761637658
155,10,82.6409756,74.37687803951349,8.258020819768468
155,12,71.74706640000001,64.57235975973822,7.174498664234883
155,14,57.124916400000004,51.4124247599149,5.710992533639873
155,17,77.4752475,69.72772274957018,7.667820345557849
155,18,63.751730699999996,57.37655762943062,6.350582972000913
155,21,64.7940074,58.314606659513835,6.479159894496179
155,22,63.664973,57.29847569979931,6.350442841150347
155,23,67.23463079999999,60.51116771979853,6.680707205242119
155,24,54.239545,48.815590499574604,5.42374889212418
155,27,80.10988420000001,72.09889577957462,8.01072680041596
155,29,63.3306228,56.997560519918146,6.269279125493714
155,2,64.311138,57.88002419978514,6.36634326897043
155,6,62.1904741,55.97142668979976,6.2174138123908715
155,7,72.9924702,65.6932231796204,7.271094900170718
155,8,60.952720400000004,54.85744835977312,6.095094171363231
156,10,60.706134899999995,54.63552140965959,6.069018457630085
156,12,76.7397316,69.06575843943281,7.673689287270449
156,14,61.3187182,55.186846379845306,6.131713624475872
156,17,63.3853451,57.04681058978509,6.273324868713013
156,18,61.61072789999999,55.449655109149,6.159449654362473
156,21,60.774773,54.69729569979977,6.075881713369988
156,22,65.1820176,58.663815839829795,6.516491536348218
156,23,79.8776626,71.88989633951196,7.956958567437831
156,24,75.7120817,68.1408735297873,7.57100641139425
156,27,66.8948675,60.2053807497873,6.68930240809066
156,29,71.53447320000001,64.38102587942704,7.081402312466144
156,2,68.34974539999999,61.514770859427934,6.776746740020904
156,6,72.2288547,65.00596922957449,7.220987403357636
156,7,60.7730011,54.69570098977082,6.016092923423642
156,8,71.5823192,64.42408727957461,7.157987267308885
157,10,81.3956644,73.25609795957449,8.137428804261535
157,12,62.2380995,56.014289549690616,6.223609652571543
157,14,76.7682701,69.09144308969061,7.676597705085354
157,17,78.05276789999999,70.24749110961794,7.724978282315027
157,18,63.30034249999999,56.970308249149205,6.329738956519203
157,21,78.1223165,70.31008484957029,7.733551902042599
157,22,71.35122080000001,64.2160987195745,7.1332492459706565
157,23,69.0699745,62.16297704979904,6.880357623133684
157,24,56.875671000000004,51.18810389965969,5.687371927445002
157,27,79.8674802,71.88073217951384,7.986474551741577
157,29,64.8492186,58.36429673961803,6.419609158856749
157,2,61.771391799999996,55.59425261979777,6.114926572979386
157,6,60.889370899999996,54.800433809787236,6.087337591851901
157,7,73.9295587,66.53660282961803,7.318498757282664
157,8,61.8262429,55.64361860979976,6.181001131427401
158,10,67.9633523,61.16701706977306,6.794550616724352
158,12,76.0987355,68.48886194943282,7.60959075236818
158,14,76.92777050000001,69.23499344931922,7.6907538273716245
158,17,63.1580046,56.842204139770764,6.250824685385929
158,18,52.162542,46.946287799690616,5.216075819765196
158,21,66.0232336,59.42091023990708,6.535828558610744
158,22,69.5677298,62.61095681951261,6.939228035309726
158,23,76.6426689,68.97840200957296,7.634706917219336
158,24,78.05276789999999,70.24749110962186,7.8050287997957035
158,27,63.6769265,57.30923384979977,6.366020374875615
158,29,62.766443800000005,56.48979941988656,6.276496693228493
158,2,71.47913489999999,64.33122140961802,7.075924269643611
158,6,73.2036937,65.8833243295743,7.314987069621023
158,7,61.2652656,55.13873903977082,6.064823643904167
158,8,70.4441993,63.399779369430156,7.011585212112668
159,10,78.5055061,70.65495548965943,7.844779954276076
159,12,72.9911443,65.69202986951383,7.298853802466604
159,14,60.465364,54.418827599657426,6.006612015713681
159,17,78.4407502,70.59667517961795,7.763377419243893
159,18,60.8714218,54.784279619574605,6.086921601404906
159,21,77.0643522,69.35791697977082,7.6288205875606385
159,22,54.00591970000001,48.605327729659685,5.400403144179938
159,23,63.1516366,56.836472939785146,6.2515605073053475
159,24,61.61516339999999,55.453647059738145,6.159898175087395
159,27,72.8622372,65.57601347957448,7.284309508426237
159,29,71.301178,64.17106019931936,7.129826815775853
159,2,65.3062237,58.77560132977082,6.464849660658473
159,6,59.2856659,53.357099309797775,5.868857078125532
159,7,73.8980521,66.50824688957029,7.3153796638623
159,8,71.22292449999999,64.10063204942692,7.049018704965848
160,10,63.0319281,56.728735289772956,6.298559108324235
160,12,61.253022800000004,55.12772051969055,6.12368893744142
160,14,77.63926450000001,69.8753380496204,7.733336621512138
160,17,63.714004599999996,57.34260413977076,6.305852687655532
160,18,63.942523699999995,57.54827132914921,6.393954558992307
160,21,54.793693600000005,49.31432423961803,5.424184148871043
160,22,68.6361825,61.77256424975691,6.863421661833491
160,23,68.60348880000001,61.74313991951197,6.833889162163224
160,24,77.21617710000001,69.49455938965835,7.691193031011271
160,27,58.6146246,52.75316213977306,5.859922897720809
160,29,70.8054746,63.72492713962187,7.080314062475294
160,2,81.77334400000001,73.59600959961804,8.094977648262082
160,6,63.9245745,57.5321170495089,6.328076750957832
160,7,61.380565,55.24250849975444,6.07623742557424
160,8,53.4253758,48.08283821962038,5.321486220720728
161,10,68.61992810000001,61.75793528957451,6.860191246718602
161,12,65.17822340000001,58.660401059852035,6.517658881012997
161,14,65.550255,58.9952294997851,6.487588282630171
161,17,77.02322219999999,69.32089997957017,7.623083108340008
161,18,53.4867592,48.13808327961942,5.314206755111075
161,21,77.66180609999999,69.89562548977081,7.68796410299505
161,22,53.3819096,48.043718639738216,5.3379890534450825
161,23,59.482404700000004,53.53416422978725,5.946680242907118
161,24,65.50931519999999,58.95838367979772,6.4835370368262115
161,27,66.99805669999999,60.29825102951371,6.698044976366931
161,29,58.7100027,52.839002429738215,5.870818398007837
161,2,70.25498,63.22948199979778,6.9547412288607955
161,6,64.390455,57.95140949942705,6.374204108234151
161,7,71.8095622,64.62860597965836,7.153259693112186
161,8,70.6962519,63.626626709620375,7.041768875985492
162,10,59.273539500000005,53.34618554979967,5.922996785383409
162,12,67.4657955,60.719215949574604,6.746343803633246
162,14,75.9172665,68.32553984950877,7.5136246303075005
162,17,59.742465,53.76821849977077,5.912784562181764
162,18,72.3927505,65.15347544965623,7.1663658068676765
162,21,55.08473430000001,49.576260869621876,5.508274458222501
162,22,57.59156359999999,51.8324072398453,5.7590046063983715
162,23,63.438582200000006,57.09472397962041,6.319390591933192
162,24,76.7727988,69.0955189195702,7.598298457558362
162,27,57.296018000000004,51.56641619981089,5.7280971430589895
162,29,70.3864617,63.34781552943062,7.011499316013971
162,2,82.48427550000001,74.23584794942705,8.165354986874354
162,6,51.3875733,46.24881596969055,5.137406377951287
162,7,58.993861700000004,53.094475529773064,5.897837122714782
162,8,60.503155500000005,54.452839949889785,6.026475414901407
163,10,64.1338788,57.720490919845275,6.411704445755059
163,12,57.9808259,52.18274330979981,5.797917381391684
163,14,64.7597698,58.28379281977077,6.409352998609032
163,17,66.5249223,59.87243006962038,6.626280202273264
163,18,63.0399799,56.73598190978514,6.240507876936815
163,21,75.4630671,67.91676038977312,7.546101468577953
163,22,65.4099015,58.868911349432814,6.540732738435253
163,23,57.0621244,51.355911959785146,5.6487426337526365
163,24,58.7883783,52.90954046977077,5.818357656310051
163,27,63.8906918,57.50162261951371,6.387389938431479
163,29,57.742474200000004,51.968226779797774,5.716092106347153
163,2,70.12006170000001,63.10805552978515,6.941385246958458
163,6,59.95874,53.96286599962187,5.995664348015399
163,7,64.30891749999999,57.8780257495746,6.430664090971195
163,8,50.640312200000004,45.576280979656154,5.0119331245999765
164,10,80.28387359999999,72.25548623965959,8.026279626943706
164,12,67.49483389999999,60.74535050957459,6.7492476628679166
164,14,75.883196,68.29487639965615,7.510252671198154
164,17,54.9152916,49.423762439772226,5.469890671802354
164,18,72.3890011,65.15010098957029,7.165994752908108
164,21,53.562953400000005,48.206658059690625,5.356113605035216
164,22,55.1758188,49.658236919787306,5.517418919228365
164,23,61.1245453,55.012090769508895,6.050893957977307
164,24,67.1879683,60.46917146961793,6.649675872911365
164,27,55.670799,50.10371909979977,5.5656177888717675
164,29,63.38589019999999,57.04730117950889,6.274750652214929
164,2,84.6123041,76.15107368961803,8.37601460237466
164,6,52.625946400000004,47.36335175975692,5.262429578015102
164,7,56.142267999999994,50.52804119981088,5.61275307204549
164,8,60.6062947,54.54566522965615,5.998278948763541
165,10,65.9123762,59.32113857973654,6.549322636290895
165,12,60.503058700000004,54.45275282977306,6.048713722485265
165,14,59.1929022,53.27361197978509,5.858393374296114
165,17,62.90807229999999,56.61726506962037,6.266020431598097
165,18,61.6550025,55.48950224978514,6.103405008983035
165,21,67.1585781,60.44272028957461,6.715622802012961
165,22,66.7274727,60.054725429659605,6.67099579030144
165,23,55.6029522,50.04265697978647,5.538848841283878
165,24,54.1365581,48.7229022897851,5.35796134843641
165,27,64.4493284,58.00439555951383,6.444693758647661
165,29,62.248639,56.02377509951196,6.200854049943407
165,2,69.8788638,62.89097741977082,6.9175083548793594
165,6,57.72559819999999,51.953038379432805,5.772321660298391
165,7,63.5607359,57.20466230951371,6.354403685276029
165,8,55.9227703,50.330493269738156,5.590808244825818
166,10,79.4659718,71.51937461968745,7.865961023296406
166,12,77.1603839,69.44434550951371,7.714007165366166
166,14,62.85336769999999,56.568030929799754,6.283687991443414
166,17,58.120622899999994,52.308560609786454,5.7891618031198195
166,18,72.2288547,65.00596922957028,7.150141516006403
166,21,54.7184101,49.2465690897873,5.4716789527739405
166,22,55.297648099999996,49.76788328975685,5.528312609981511
166,23,61.3299911,55.196991989574606,6.132777833248917
166,24,65.1848582,58.66637237950956,6.461760380574451
166,27,58.2755461,52.44799148978724,5.8260240800907805
166,29,50.2758911,45.24830198962188,5.027401613318054
166,2,81.6450586,73.48055273961803,8.08227831131141
166,6,52.770471500000006,47.49342434979982,5.276892205636869
166,7,57.6971224,51.92741015975685,5.7681974639329825
166,8,74.0086915,66.60782234962187,7.400629372674939
167,10,66.8464254,60.161782859772316,6.660906257514931
167,12,76.2624979,68.63624810943267,7.624240866959942
167,14,51.8999553,46.709959769513716,5.188631513236955
167,17,78.4435261,70.59917348950879,7.763652228329076
167,18,61.6296156,55.466654039797774,6.100891936331299
167,21,64.30093310000001,57.87083978957451,6.428441601487899
167,22,67.3701054,60.633094859657426,6.692528056996543
167,23,58.5826567,52.7243910297873,5.858096408201884
167,24,58.120622899999994,52.30856060978508,5.752269110492045
167,27,75.1342448,67.62082031962177,7.511450923988193
167,29,60.5186038,54.46674341962187,6.051649974144364
167,2,65.4872134,58.938492059770816,6.482766328287344
167,6,58.3207127,52.48864142943281,5.831831483609826
167,7,74.7254693,67.25292236968943,7.443726270450534
167,8,62.877053800000006,56.58934841978731,6.287527627263795
168,10,80.1335709,72.1202138095745,8.011252435009514
168,12,58.5956152,52.73605367965959,5.858018698136954
168,14,64.82664580000001,58.34398121957294,6.457119507008845
168,17,64.3477687,57.91299182979773,6.368577145408246
168,18,73.1651458,65.8486312195089,7.242827904239522
168,21,58.120622899999994,52.30856060978513,5.75352647582826
168,22,56.7390365,51.06513284979848,5.636440195184954
168,23,72.07388850000001,64.86649964957462,7.207143781916108
168,24,78.43686389999999,70.59317750957018,7.762993176363171
168,27,59.6635927,53.69723342975691,5.966180322833912
168,29,56.941040099999995,51.24693608965968,5.693908799106383
168,2,69.4897181,62.540746289618035,6.878986226757705
168,6,55.6416758,50.077508219820885,5.564012634951053
168,7,63.2803965,56.952356849770815,6.264307224235646
168,8,75.7257053,68.15313476975692,7.572360162208899
169,10,65.73845820000001,59.164612379756925,6.573654265500644
169,12,77.85875,70.0728749995745,7.783825568775431
169,14,66.6667939,60.00011450931669,6.640407366077793
169,17,77.2457129,69.52114160961796,7.645103004831953
169,18,59.1107085,53.199637649785146,5.851538107311644
169,21,78.43686389999999,70.59317750957028,7.764690203158164
169,22,64.830138,58.347124199431384,6.466666798701225
169,23,68.53279289999999,61.679513609513826,6.853029705620785
169,24,63.47011500000001,57.123103499785095,6.281714914137714
169,27,74.74909029999999,67.27418126962186,7.474668234469705
169,29,60.9037167,54.81334502943267,6.088769802027689
169,2,60.376154299999996,54.33853886978514,5.9768080228200935
169,6,69.964468,62.9680211995746,6.996205734545729
169,7,76.3652364,68.72871275957029,7.559613629662898
169,8,59.1549995,53.2394995496596,5.913945893893818
170,10,78.9442122,71.04979097965966,7.894133728339626
170,12,66.97469980000001,60.27722981981089,6.695707848815045
170,14,52.4865209,47.23786880962187,5.248459352874437
170,17,62.430748300000005,56.18767346977077,6.178847236960347
170,18,63.694625699999996,57.32516312957028,6.30531395241863
170,21,62.7262367,56.453613029770814,6.209449334277791
170,22,54.732554,49.25929859979981,5.473096447646235
170,23,56.9456567,51.25109102962041,5.672601376967203
170,24,77.07607589999999,69.36846830965614,7.6283143356689465
170,27,61.191161699999995,55.07204552978724,6.117509024226291
170,29,74.23386400000001,66.81047759951197,7.394755569161621
170,2,68.191722,61.37254979957028,6.750493995104572
170,6,68.79185580000001,61.91267021943282,6.878919756986128
170,7,63.8990757,57.50916812978514,6.325552067787175
170,8,79.3652969,71.42876720961794,7.8548804123977645
171,10,63.1614472,56.84530247977312,6.3159627958378515
171,12,78.7516274,70.87646465951374,7.873447126651653
171,14,76.55946780000001,68.90352101962188,7.655701731949591
171,17,76.5284747,68.87562722961856,7.5862494346966445
171,18,55.74514069999999,50.17062662978647,5.553013244637586
171,21,76.964388,69.26794919961803,7.618925266239596
171,22,63.602437300000005,57.24219356951384,6.360005171053316
171,23,72.7629171,65.48662538957028,7.203010213772292
171,24,61.4937058,55.34433521975439,6.086107257756762
171,27,75.3163554,67.78471985951349,7.526101719764307
171,29,62.212279800000005,55.99105181977082,6.1585709388715655
171,2,62.857561,56.57180489977081,6.222449550168914
171,6,53.472577099999995,48.12531938962177,5.345851474276772
171,7,78.38825130000001,70.54942616942705,7.759877562464953
171,8,65.52481470000001,58.9723332297851,6.4850704922569555
172,10,71.798394,64.61855459965969,7.179612661336642
172,12,75.65477059999999,68.08929353943266,7.563484031492103
172,14,64.15038320000001,57.73534487979982,6.4148615987625
172,17,60.0773844,54.0696459597355,5.945931901300229
172,18,59.775725,53.798152499574606,5.97735580572128
172,21,63.351339900000006,57.01620590978515,6.271330082652258
172,22,53.5289484,48.17605355979981,5.352738623594131
172,23,62.9428129,56.64853160978514,6.230889087140205
172,24,76.7715843,69.09442586950878,7.598178494633543
172,27,61.3827381,55.24446428979966,6.133763350155246
172,29,76.07622590000001,68.46860330965623,7.531003022178044
172,2,80.8973393,72.80760536957028,8.008259431215302
172,6,71.2463707,64.12173362971619,7.11939598328375
172,7,75.9590214,68.36311925957028,7.519400532856156
172,8,76.8053026,69.12477233951111,7.63764880691253
173,10,58.5156942,52.66412477975691,5.851392233208022
173,12,60.882895500000004,54.79460594965944,6.0837970242688435
173,14,74.2590545,66.83314904951385,7.425642894945442
173,17,74.9026626,67.41239633965614,7.413208291960376
173,18,53.7922052,48.412984679771654,5.34455470307853
173,21,76.5284747,68.87562722961803,7.575772935411619
173,22,59.9517943,53.95661486951261,5.980063394670387
173,23,71.0685812,63.96172307957028,7.035282850124624
173,24,62.4335659,56.19020930978509,6.179126381255463
173,27,73.0142999,65.7128699096216,7.296065772763021
173,29,63.139003599999995,56.825103239735554,6.2503099675226705
173,2,68.132184,61.31896559978514,6.744599583343065
173,6,57.662065299999995,51.89585876973815,5.764692408752337
173,7,60.312592200000005,54.28133297969055,6.029675622857942
173,8,61.05409830000001,54.94868846991436,6.065098339394812
174,10,66.12325580000001,59.51093021957462,6.612092848519071
174,12,78.9780348,71.08023131951349,7.891976556717163
174,14,73.8517376,66.46656383931922,7.383231299335984
174,17,62.7914254,56.512282859916134,6.214543966590295
174,18,56.497964,50.84816759961942,5.613388692976615
174,21,61.4418145,55.297633049770816,6.082300677222536
174,22,51.0620064,45.95580575979849,5.072485789818592
174,23,60.7861314,54.70751825978515,6.017393022025626
174,24,75.8278611,68.24507498961796,7.504776933642903
174,27,59.1098172,53.1988354796216,5.906637903324714
174,29,77.6734185,69.9060766496204,7.737384066248069
174,2,81.8676715,73.68090434961803,8.104315573161964
174,6,72.4225063,65.18025566957449,7.240348867759248
174,7,77.7032398,69.93291581957462,7.770067605335739
174,8,63.2125517,56.89129652951222,6.300206681286155
175,10,57.139570500000005,51.42561344979982,5.713793454069459
175,12,67.42707759999999,60.68436983979966,6.737732676777181
175,14,56.2851737,50.65665632968741,5.570611794321273
175,17,64.60746499999999,58.14671849950878,6.394280029260273
175,18,52.7485102,47.47365917979777,5.221725918178765
175,21,76.0506757,68.4456081295745,7.603074276100662
175,22,58.2860394,52.457435459510606,5.790119690166653
175,23,68.8264945,61.94384504957028,6.813332158322349
175,24,63.1147829,56.803304609797735,6.246547304943547
175,27,49.6502433,44.68521896943281,4.964806549918621
175,29,65.84618169999999,59.261563529786464,6.559220769873563
175,2,67.5072915,60.75656234977081,6.682739662646864
175,6,61.03446,54.931013999787034,6.095585428781072
175,7,63.6383112,57.27448007977224,6.339284051168737
175,8,55.6361113,50.07250016981019,5.541688657057403
176,10,63.184884,56.86639559962187,6.3182714646741305
176,12,77.1424692,69.42822227957448,7.712217217021142
176,14,75.18639999999999,67.66775999957018,7.441289561462674
176,17,63.468455199999994,57.12160967943057,6.321836230701582
176,18,58.9948035,53.09532314942705,5.840064878916458
176,21,62.2925661,56.06330948978648,6.205230172138111
176,22,49.359768700000004,44.423791829771616,4.903385919118862
176,23,56.30647439999999,50.67582695977224,5.6089302538752
176,24,74.4365657,66.99290912942693,7.3670788708368615
176,27,64.35010410000001,57.91509368957462,6.434781456652948
176,29,76.74570870000001,69.07113782962178,7.672557246797837
176,2,80.0716261,72.06446348957189,7.956245283448328
176,6,72.55014469999999,65.29513022957028,7.181946537990029
176,7,74.4642911,67.01786198957448,7.444474931054552
176,8,61.5168492,55.365164279511916,6.127445841403362
177,10,57.6062793,51.84565136990795,5.756393588736408
177,12,62.285802000000004,56.05722179977308,6.227188799854993
177,14,61.3884401,55.249596089754384,6.07568826968883
177,17,56.480563800000006,50.8325074198582,5.647910776515306
177,18,55.43408050000001,49.89067244979778,5.48757818519881
177,21,74.2267864,66.80410775957029,7.347922075083763
177,22,57.780035,52.00203149961936,5.739853342833537
177,23,58.6920738,52.82286641962041,5.846570927416456
177,24,58.1642223,52.34780006978509,5.756584245045921
177,27,53.5547322,48.19925897979981,5.3553170274866
177,29,61.973181600000004,55.775863439787244,6.195692032568133
177,2,65.9716284,59.37446555975685,6.595432395257901
177,6,58.6637411,52.79736698977082,5.80729072437968
177,7,60.1329048,54.11961431977306,6.011712566298436
177,8,54.4191883,48.977269469786464,5.4204757526000895
178,10,73.9327274,66.53945465969055,7.391331562941042
178,12,65.6829566,59.11466093962179,6.56682944025336
178,14,71.3436019,64.20924170991238,7.106248055730664
178,17,53.8938189,48.50443700969062,5.389199674620343
178,18,69.964468,62.96802119957027,6.925983430704933
178,21,59.8418895,53.85770054985676,5.92391943062046
178,22,52.546524299999994,47.291871869736475,5.219957353127241
178,23,52.6552688,47.38974191979904,5.245218052263714
178,24,64.05582629999999,57.650243669617936,6.339684182151934
178,27,65.5676954,59.01092585931937,6.556458532858845
178,29,66.17387620000001,59.55648857951372,6.615650049315211
178,2,79.786924,71.80823159968747,7.898335663674196
178,6,60.776051900000006,54.69844670965944,6.073136740545524
178,7,64.8719033,58.384712969659596,6.485487665795094
178,8,64.238012,57.81421079951191,6.398490047626279
179,10,60.5653228,54.50879051977306,6.054941908595804
179,12,56.464002300000004,50.81760206978725,5.644876399612299
179,14,53.354691700000004,48.01922252968941,5.314445562168707
179,17,74.6710391,67.20393518951192,7.4376812895007705
179,18,60.1495662,54.13460957978514,5.954377584547289
179,21,54.2002963,48.780266669799765,5.418606956102904
179,22,51.4394106,46.29546953931921,5.142585819897083
179,23,59.0257129,53.12314160942919,5.865035973525563
179,24,54.6914624,49.22231615980897,5.412880942066147
179,27,58.804947500000004,52.92445274981094,5.88033090749757
179,29,58.1142496,52.30282463978648,5.789009826081473
179,2,66.0843958,59.47595621977081,6.541882844575853
179,6,53.5172506,48.16552553977306,5.350319018948372
179,7,55.6315056,50.068355039754444,5.5071217454354935
179,8,64.69161249999999,58.2224512495746,6.468931204348608
180,10,74.7635522,67.28719697962178,7.474392123091922
180,12,65.9112487,59.32012382962177,6.589347429576757
180,14,66.656485,59.99083649957019,6.597073756838976
180,17,66.6767858,60.00910721988218,6.641405136529872
180,18,71.9111545,64.72003904957027,7.118691723775093
180,21,57.092378499999995,51.38314064983789,5.707739600515708
180,22,55.812058300000004,50.23085246984532,5.581057246710041
180,23,56.04321289999999,50.43889160979853,5.568681883253731
180,24,63.458674699999996,57.112807229319365,6.345596727154768
180,27,77.2124523,69.4912070695746,7.720988192028546
180,29,62.6616368,56.395473119656224,6.203054610603353
180,2,78.17275380000001,70.35547841965622,7.73854449596269
180,6,58.935903599999996,53.042313239574604,5.8933746374146345
180,7,62.9357684,56.64219155961803,6.230192016667446
180,8,55.614950500000006,50.05345544965969,5.561302386996568
181,10,60.3825924,54.34433315977295,6.03381981949879
181,12,59.26293929999999,53.33664536977305,5.924734222455885
181,14,57.4608757,51.714788129798485,5.70821383715115
181,17,52.4100962,47.16908657962038,5.220357709406369
181,18,59.52679010000001,53.574111089770824,5.892727212993704
181,21,73.2232157,65.90089412969053,7.320400480119083
181,22,66.010694,59.409624599574606,6.600836911007595
181,23,71.6396787,64.47571082957296,7.136338550099308
181,24,54.5736859,49.11631730977312,5.457203566189968
181,27,62.238878799999995,56.01499091978724,6.222253196764884
181,29,54.7786301,49.300767089754444,5.422692947369599
181,2,60.6950338,54.6255304197372,6.046092531232374
181,6,54.9440666,49.44965993975691,5.494237299267167
181,7,59.8713011,53.884170989797774,5.92683128957138
181,8,73.0130838,65.71177541957461,7.301060467710196
182,10,74.9275247,67.43477222957449,7.490784426722451
182,12,73.4033975,66.0630577495746,7.340091595695836
182,14,63.740807200000006,57.366726479513716,6.372408376183908
182,17,72.88155979999999,65.59340381971528,7.259437904495868
182,18,71.929281,64.73635289961804,7.120485935169536
182,21,60.2095983,54.18863846977225,5.997736382173672
182,22,55.3591732,49.823255879787304,5.535754304330589
182,23,60.9308015,54.83772134978648,6.069579938310951
182,24,73.152856,65.83757039965968,7.315056643278404
182,27,75.2488501,67.72396508957449,7.522909053382217
182,29,59.789556499999996,53.81060084957028,5.918739291039328
182,2,67.4248394,60.68235545962187,6.742258563424766
182,6,70.0079993,63.00719936969054,6.998960907517022
182,7,77.0507398,69.3456658195089,7.62747369312779
182,8,60.7730011,54.69570098977312,6.077122931300694
183,10,61.5232538,55.37092841979976,6.150709585708778
183,12,61.0781483,54.970333469773124,6.107636887414102
183,14,55.7169584,50.14526255975596,5.549741198332289
183,17,64.8874225,58.39868024987353,6.467134132029115
183,18,61.03446,54.931013999785144,6.041975748210772
183,21,75.1787564,67.66088075950888,7.442160431042057
183,22,64.7175365,58.2457828495746,6.471524605725064
183,23,71.2260221,64.10341988957295,7.095132503951961
183,24,61.066924199999995,54.96023177978724,6.105089046671506
183,27,63.8521095,57.46689854991403,6.319521077921754
183,29,54.786496299999996,49.307846669785135,5.423471667044727
183,2,57.7918909,52.0127018097873,5.779021300172224
183,6,59.358413600000006,53.42257223977307,5.9342818310354986
183,7,65.0848584,58.576372559797775,6.442936261776291
183,8,73.862882,66.47659379957292,7.357185726662056
184,10,72.81677789999999,65.53510010957451,7.280095906537254
184,12,73.3007234,65.97065105962187,7.32983435029411
184,14,75.2133564,67.69202075961795,7.443957780292486
184,17,54.0252193,48.62269736973719,5.38123367878696
184,18,72.55014469999999,65.29513022957028,7.181947062226269
184,21,61.0774472,54.969702479797775,6.046230784338401
184,22,55.2053935,49.684854149810455,5.506617387714463
184,23,61.0609048,54.95481431978514,6.044593655633809
184,24,74.7958865,67.31629784957177,7.430204760344541
184,27,75.1064908,67.59584171957293,7.48105650734048
184,29,63.24839169999999,56.92355252961802,6.261139392572458
184,2,64.5465596,58.09190363962187,6.454436822292542
184,6,70.8720974,63.784887659659596,7.0853479272464766
184,7,75.92805919999999,68.33525327950889,7.516336459575926
184,8,61.4935197,55.34416772977077,6.086088714278224
185,10,59.1098172,53.198835479621785,5.90942840619848
185,12,61.589927,55.430934299787296,6.158780630765448
185,14,65.9512689,59.35614200980898,6.527277282235358
185,17,63.3044441,56.97399968951371,6.328781660123462
185,18,58.6637411,52.79736698977082,5.807291519550183
185,21,73.480948,66.13285319968747,7.274089066636185
185,22,63.6782709,57.310443809513714,6.366154140511194
185,23,73.2795388,65.95158491957028,7.254151728946662
185,24,59.614087500000004,53.65267874977162,5.92204771171778
185,27,60.6812998,54.613169819787245,6.066538015679394
185,29,58.4799089,52.63191800978514,5.789093129265825
185,2,58.6113934,52.75025405977311,5.8609663304879644
185,6,58.418910700000005,52.57701962975686,5.840356084532766
185,7,64.6930218,58.22371961979777,6.40414725353683
185,8,73.5803975,66.22235774961857,7.294007568085608
186,10,53.421689900000004,48.07952090957461,5.3419654166598995
186,12,72.3825361,65.1442824895746,7.238007429377643
186,14,77.5414931,69.78734378950878,7.67437648305919
186,17,53.922244799999994,48.53002031971633,5.390808036383899
186,18,60.7958358,54.71625221961803,6.018354182522818
186,21,56.9668495,51.27016454973655,5.6604601519023925
186,22,52.9494767,47.654529029773116,5.29478575516644
186,23,61.390453199999996,55.251407879785134,6.077216613935934
186,24,73.9501304,66.55511735961936,7.346187713133395
186,27,74.0049403,66.60444626962177,7.398552758409512
186,29,72.978793,65.68091369957028,7.224379593399276
186,2,74.89595030000001,67.40635526957462,7.489343740083232
186,6,70.51411130000001,63.46270016957451,7.049558233894398
186,7,80.0185959,72.01673630950889,7.921270385733397
186,8,62.879898499999996,56.59190864979773,6.223300340760458
187,10,62.2564919,56.03084270973822,6.225460410564184
187,12,60.0712181,54.0640962897873,6.00694949872287
187,14,64.5697894,58.112810459785095,6.390550561793297
187,17,59.372961700000005,53.43566552979982,5.937128682399654
187,18,54.0827955,48.67451594977166,5.373426446261363
187,21,72.9202609,65.62823480968748,7.218584574404251
187,22,65.0332228,58.52990051957461,6.503092127538516
187,23,72.3305032,65.09745287957028,7.160204348426751
187,24,59.0189655,53.11706894977306,5.900346908215651
187,27,56.230834900000005,50.60775140977223,5.600926347453622
187,29,60.922239600000005,54.83001563977082,6.0308663883235925
187,2,61.8954354,55.705891859786476,6.16566989682706
187,6,59.0112369,53.11011320977306,5.899573254065517
187,7,65.2358701,58.71228308978514,6.4578853154203495
187,8,72.4692658,65.22233921957019,7.172372334409314
188,10,47.6085627,42.84770642962187,4.760674997210919
188,12,72.0606614,64.85459525965969,7.205839117147697
188,14,74.6791302,67.21121717957018,7.391085209546174
188,17,46.658588,41.99272919962188,4.665679738915244
188,18,58.1780057,52.360205129621875,5.817596637146103
188,21,59.1655653,53.249008769873946,5.916411242880727
188,22,53.26770990000001,47.940938909773124,5.326608429399007
188,23,61.621027299999994,55.45892456978513,6.100041834453325
188,24,73.00468,65.70421199962176,7.298552991191608
188,27,64.9334983,58.44014846961936,6.450477974910114
188,29,73.6229338,66.26064041965836,7.333898082677824
188,2,74.5214452,67.06930067961946,7.404757016911842
188,6,70.7704298,63.69338681962187,7.0768120546824225
188,7,76.5274586,68.87471273957028,7.5756726630145
188,8,58.6503741,52.78533668978509,5.804699133897384
189,10,64.46245350000001,58.01620814950887,6.380835128817721
189,12,56.1821146,50.56390313971633,5.61673242342661
189,14,63.799832099999996,57.41984888979773,6.314346986477427
189,17,60.471081500000004,54.42397334965968,6.046905785166845
189,18,56.443064,50.79875759978648,5.622536260403411
189,21,48.024190700000005,43.221771629621784,4.801156507076399
189,22,60.9002574,54.81023165962188,6.089814235612801
189,23,70.2747915,63.24731234957029,6.95670358576602
189,24,57.806957999999995,52.02626219977306,5.779177911709197
189,27,52.355597700000004,47.12003792977162,5.2009917125550675
189,29,61.2652656,55.13873903977225,6.102896880986493
189,2,61.3669878,55.23028901977167,6.097674938320871
189,6,63.392038299999996,57.05283446962178,6.337537382596791
189,7,62.3766332,56.13896987975445,6.17484125982827
189,8,64.5156048,58.06404431950958,6.395417640320158
190,10,58.414007,52.572606299797755,5.78212736726926
190,12,69.5322978,62.57906801965943,6.948099853514613
190,14,75.88044889999999,68.29240400950877,7.509981026978021
190,17,51.3328354,46.19955185975439,5.080473018125493
190,18,70.6844289,63.61598600957028,6.997254643477628
190,21,61.0874487,54.97870382965838,6.085183244603633
190,22,52.560850800000004,47.304765719787305,5.255927756213275
190,23,57.146798,51.43211819977081,5.657125037341176
190,24,63.29821369999999,56.96839232962177,6.328160552135659
190,27,65.1243476,58.61191283957221,6.476075225606892
190,29,73.92213389999999,66.5299205096204,7.3637027413109575
190,2,75.7703663,68.19332966957231,7.536296687552706
190,6,55.5143372,49.962903479513486,5.547349055050922
190,7,74.0719444,66.66474995969047,7.403328326447677
190,8,55.6799274,50.111934659785085,5.5107104199869275
191,10,77.2074013,69.48666116961799,7.642397521692939
191,12,55.80483040000001,50.22434735977296,5.57636535048507
191,14,64.56868879999999,58.11181991979848,6.4142366449323
191,17,60.8740261,54.786623489617945,6.024776665116155
191,18,60.0697922,54.06281297978514,5.946480521883539
191,21,51.4619161,46.315724489755986,5.126342100202004
191,22,62.2749895,56.047490549574604,6.227275167317038
191,23,60.38873769999999,54.34986392957188,6.000472760074988
191,24,53.866249700000004,48.47962472977312,5.386461647941781
191,27,63.0867185,56.77804664991404,6.243769576358613
191,29,60.40100940000001,54.36090845973557,5.979268373889907
191,2,63.0667596,56.76008363978594,6.26657122075781
191,6,69.9892265,62.99030384951349,6.993775574158706
191,7,58.242979500000004,52.41868154977301,5.821258244320388
191,8,62.8352893,56.55176036957019,6.218886039464615
192,10,59.803824999999996,53.823442499735535,5.919698855449362
192,12,61.812339699999995,55.63110572957449,6.179606999401883
192,14,77.356555,69.62089949951371,7.733621273264723
192,17,53.913338700000004,48.522004829754394,5.335868603923196
192,18,70.9760031,63.87840278957028,7.026118312712906
192,21,60.471081500000004,54.423973349658375,6.023784528935942
192,22,53.5389504,48.185055359786766,5.340394150850427
192,23,52.932659699999995,47.63939372979853,5.259606050953236
192,24,61.087124800000005,54.978412319621874,6.108500719701807
192,27,74.83158159999999,67.34842343957018,7.40617364416305
192,29,71.8095622,64.62860597965621,7.108634127622865
192,2,75.0883039,67.57947350957028,7.433206025617292
192,6,56.78423299999999,51.10580969979976,5.676931955184622
192,7,67.4774038,60.72966341962169,6.744218801839596
192,8,59.378066,53.44025939978509,5.876719720019396
193,10,74.3196143,66.88765286965621,7.356548910377732
193,12,52.412929,47.17163609978724,5.239913933880492
193,14,61.5081892,55.357370279799746,6.148862181701629
193,17,73.52263740000001,66.17037365965834,7.323292665639579
193,18,59.9236062,53.93124557978514,5.932009127423352
193,21,52.0371059,46.8333953097873,5.203554138118135
193,22,67.85400440000001,61.06860395951062,6.740598528597029
193,23,58.4655238,52.618971419571885,5.8093747409320144
193,24,52.0095375,46.8085837497873,5.200797212638058
193,27,61.444438899999994,55.299995009797726,6.081231119101146
193,29,59.0558197,53.15023772978514,5.846104244302591
193,2,62.734664699999996,56.461198229786476,6.249269184806349
193,6,60.5804459,54.5224013095745,6.056452641939381
193,7,56.3646604,50.728194359773,5.633524341727865
193,8,75.3930022,67.85370197957019,7.4617384641376665
194,10,60.7585806,54.682722539785125,6.014205653223642
194,12,60.7725734,54.69531605962178,6.075658138215873
194,14,67.3746423,60.6371780695745,6.735692631778672
194,17,59.5164119,53.56477070975686,5.950079912626387
194,18,70.51411130000001,63.46270016957029,6.980394261542769
194,21,61.9903195,55.79128754951383,6.198797595536685
194,22,55.2570025,49.73130224979869,5.494846721565287
194,23,56.10770109999999,50.496930989785135,5.5542617454339585
194,24,61.512027,55.36082429957461,6.150980711062051
194,27,74.7522501,67.27702508950878,7.398321955154425
194,29,64.5513716,58.09623443957095,6.400145824489493
194,2,74.3890392,66.95013527957461,7.438653998031394
194,6,52.59590709999999,47.33631638979974,5.25792805760215
194,7,70.0919852,63.0827866795745,7.0073602862827205
194,8,64.1095469,57.69859220978509,6.345000157309085
195,10,75.4740996,67.92668963961799,7.470826360535472
195,12,54.2153078,48.79377701975674,5.41753046070519
195,14,57.13543060000001,51.421887539756845,5.711734875182982
195,17,73.6017236,66.24155123965834,7.331170140507358
195,18,68.14542,61.33087799942705,6.745909998810714
195,21,55.503199800000004,49.952879819787306,5.550156624887644
195,22,66.9814069,60.283266209619754,6.6607414983133415
195,23,71.6712068,64.50408611957027,7.0949385113171335
195,24,52.1932866,46.97395793978725,5.2178377065298625
195,27,59.3402506,53.406225539754786,5.882383974358258
195,29,55.6799274,50.111934659785135,5.511915032205857
195,2,59.0086785,53.107810649787304,5.900697991609151
195,6,59.1919784,53.27278055957451,5.917642003823608
195,7,61.511353899999996,55.36021850978719,6.147925067684784
195,8,76.34281539999999,68.70853385965833,7.604200926687705
196,10,60.1786795,54.16081154977224,5.994481516898509
196,12,69.703861,62.73347489965944,6.9652438672482795
196,14,63.8110157,57.42991412965968,6.380892459480705
196,17,60.2448156,54.220334039755784,5.996393569275405
196,18,56.174161899999994,50.55674570968861,5.5812153976779255
196,21,75.37812980000001,67.84031681962188,7.537570463809144
196,22,53.8037733,48.42339596977185,5.350335152023886
196,23,61.6187326,55.456859339797774,6.0998145422274215
196,24,61.6815668,55.5134101195745,6.166537250147078
196,27,74.4065133,66.96586196965615,7.364104006214711
196,29,63.0827013,56.774431169618026,6.2447373188252255
196,2,64.181115,57.76300349957375,6.40508390550293
196,6,54.997112599999994,49.49740133977311,5.499545418691217
196,7,75.45564900000001,67.9100840995744,7.541627975339007
196,8,62.134210499999995,55.920789449756846,6.211789474436732
197,10,75.1064908,67.5958417195745,7.5086801400273
197,12,59.5223922,53.570152979787146,5.947847460678019
197,14,55.5655157,50.00896412973815,5.555090362805111
197,17,73.4748359,66.1273523096596,7.345555920900016
197,18,70.86053009999999,63.774477089574596,7.085810811513002
197,21,59.6510074,53.68590665977306,5.963534433998306
197,22,63.207973100000004,56.88717578957179,6.279063078554516
197,23,71.52520650000001,64.37268584943064,7.124934253220883
197,24,56.5709393,50.91384536979773,5.598894694580836
197,27,58.9042516,53.01382643975439,5.8298256588862
197,29,58.99913719999999,53.09922347977081,5.84049309126184
197,2,54.610080100000005,49.14907208977082,5.406007732132768
197,6,74.13405870000001,66.7206528296597,7.413174702620412
197,7,61.0085153,54.90766376975679,6.097667378702139
197,8,78.4493301,70.60439708965968,7.8446932773456135
198,10,59.492282900000006,53.54305460975598,5.926108609369017
198,12,73.01385259999999,65.71246733957449,7.2994639541998385
198,14,76.2464545,68.62180904971528,7.594596897961242
198,17,60.2518942,54.22670477978725,6.0236078407254094
198,18,59.1705723,53.25351506977312,5.916883048419861
198,21,74.9692047,67.47228422961804,7.421416264072315
198,22,53.4521618,48.106945619771615,5.30992290682899
198,23,62.704345599999996,56.4339110398102,6.246249167235917
198,24,75.4724497,67.92520472950878,7.469600877248354
198,27,73.0782885,65.77045964957018,7.232647810613777
198,29,75.5212022,67.96908197961804,7.476060360314284
198,2,63.0829939,56.77469450961802,6.244766175626976
198,6,58.54780280000001,52.69302251971641,5.854593796984356
198,7,75.76690459999999,68.19021413965919,7.566018646133257
198,8,62.864869899999995,56.578382909756904,6.286301660037657
199,10,73.1238913,65.81150216965837,7.28397280812175
199,12,60.825463899999995,54.74291750978724,6.080946174127538
199,14,62.9292698,56.63634281977306,6.291272598803425
199,17,75.8413012,68.25717107957449,7.582139130907991
199,18,69.7197611,62.747784989574605,6.971735777180998
199,21,60.369454700000006,54.33250922977082,5.976144725095934
199,22,62.713721899999996,56.4423497096216,6.266948674686215
199,23,71.1426124,64.0283511595745,7.1123939219509325
199,24,60.7003975,54.63035774978509,6.007592104508172
199,27,57.01422350000001,51.31280114981089,5.6999265510988755
199,29,63.2803965,56.95235684977306,6.326378170429971
199,2,56.398436,50.75859239975444,5.583042201149489
199,6,72.1698763,64.95288866969054,7.215091980203472
199,7,61.892415899999996,55.70317430975658,6.1805227542434045
199,8,77.39857860000001,69.65872073957462,7.739601255551656
200,10,57.26730679999999,51.540576119785115,5.6686209729466155
200,12,72.16002780000001,64.94402501962178,7.214104279261517
200,14,74.59777720000001,67.13799947951385,7.459515704151477
200,17,58.6732062,52.805885579787244,5.8657805285961375
200,18,56.0635322,50.457178979772245,5.584729387145001
200,21,74.45945160000001,67.01350643961804,7.370954414136966
200,22,53.9271933,48.53447396979931,5.379120790254557
200,23,60.738499999999995,54.664649999773054,6.072256074224736
200,24,74.7550803,67.2795722695702,7.3986020187460735
200,27,64.3435377,57.90918392962178,6.432665176833562
200,29,76.3652364,68.7287127595746,7.63626913954031
200,2,74.0727839,66.66550550965623,7.332676917322117
200,6,62.9567556,56.661080039914225,6.245084455874596
200,7,74.2677781,66.8410002896592,7.416316287840016
200,8,65.2525371,58.72728338979903,6.499541729347072
201,10,65.2009106,58.68081953957025,6.453931798400284
201,12,59.615587500000004,53.65402874977306,5.959990262522767
201,14,63.216491500000004,56.89484234978725,6.3199873433513645
201,17,65.154323,58.638890699513716,6.51372109377415
201,18,60.132115600000006,54.118904039620645,5.993612594003435
201,21,60.3228192,54.29053727978514,5.971528155728935
201,22,62.7486865,56.47381784943138,6.25904626672249
201,23,70.9795842,63.881625779574506,7.0960947616578975
201,24,60.2448156,54.22033403975439,5.962502449730462
201,27,52.34436839999999,47.10993155977302,5.231995704820722
201,29,63.8990757,57.5091681297873,6.389727943881866
201,2,62.683057600000005,56.41475183978515,6.205174860461721
201,6,72.6401565,65.37614084942891,7.214193562222648
201,7,62.4583095,56.21247854978724,6.244191200725336
201,8,74.3245527,66.89209742950878,7.355992658272006
202,10,52.96886739999999,47.67198065977079,5.243138675145383
202,12,71.7415401,64.56738608957448,7.17226639137483
202,14,74.09016510000001,66.68114858962177,7.407069143558059
202,17,53.164483,47.84803469979976,5.31505278885551
202,18,55.46131869999999,49.915186829889784,5.524740191677475
202,21,75.5288515,67.97596634968748,7.476817179600278
202,22,51.5059661,46.355369489786675,5.13522091885823
202,23,67.0502312,60.34520807951371,6.703261830184066
202,24,73.4748359,66.12735230965615,7.27189396104934
202,27,64.1575002,57.74175017957179,6.373391241515543
202,29,78.2769525,70.4492572495746,7.827436355585542
202,2,74.1260889,66.71348000957029,7.337953972177973
202,6,69.6673951,62.70065558951256,6.948484353208274
202,7,77.19283340000001,69.47355005957462,7.719028161662227
202,8,60.1735703,54.15621326978509,5.955451803841684
203,10,63.843326,57.4589933996186,6.329536023113794
203,12,60.871602800000005,54.78444251978725,6.085558952079741
203,14,61.932952500000006,55.73965724978647,6.168890788112186
203,17,63.862266999999996,57.47604029957293,6.361064241566781
203,18,54.6224404,49.16019635965623,5.407231242246374
203,21,53.280519500000004,47.95246754971634,5.326653435602007
203,22,57.0517894,51.34661045965883,5.690793247667344
203,23,56.177275699999996,50.5595481296204,5.59605964204015
203,24,58.9992564,53.09933075975439,5.839228040562778
203,27,54.973970900000005,49.47657380975439,5.44084110082712
203,29,64.8991162,58.40920457978729,6.489730077092714
203,2,59.016003100000006,53.11440278975445,5.8421626373065445
203,6,54.9723294,49.47509645965968,5.497041820718054
203,7,62.7773214,56.499589259756895,6.277211769043917
203,8,65.2499382,58.72494437957088,6.4682117468910105
204,10,58.3223214,52.49008925978512,5.773051893842586
204,12,74.7331416,67.2598274395745,7.471348038471186
204,14,74.6578184,67.19203655951192,7.436362865842249
204,17,57.65681729999999,51.89113556978588,5.727613210642115
204,18,73.9322303,66.53900726965622,7.318762939344163
204,21,64.7021936,58.231974239574505,6.46852107610841
204,22,48.8064129,43.92577160977161,4.848415515397532
204,23,69.5803752,62.62233767957297,6.931202063778555
204,24,73.4906969,66.14162720978725,7.347139611907616
204,27,75.1518543,67.63666886965615,7.437871585586602
204,29,77.2934137,69.56407232951382,7.7290720648200155
204,2,72.05286960000001,64.8475826397873,7.20509182978334
204,6,69.8732375,62.88591374962187,6.987092818037311
204,7,74.9632673,67.4669405696596,7.494356391143946
204,8,56.3184703,50.68662326977113,5.582835950228921
205,10,76.0029959,68.40269630957295,7.570765775095885
205,12,59.4148425,53.47335824978715,5.93710049042143
205,14,61.0269541,54.92425868978659,6.082371929511838
205,17,75.7883504,68.20951535957178,7.528797384282022
205,18,60.09598940000001,54.08639045975692,6.009419114674916
205,21,57.1194616,51.407515439868604,5.689915026638886
205,22,59.7242646,53.75183813965742,5.932992228624314
205,23,56.7293833,51.05644496978594,5.636862718130625
205,24,49.8924215,44.90317934962178,4.987929973074239
205,27,60.0196107,54.01764962975439,5.940214233961536
205,29,65.4109061,58.86981548979977,6.539374219202355
205,2,51.4486888,46.30381991957461,5.144669838012689
205,6,55.21256329999999,49.6913069697569,5.5210532970689306
205,7,60.1774536,54.15970823977306,6.016163581455772
205,8,62.9357684,56.64219155961794,6.228830580003142
206,10,61.392977,55.25367929978647,6.115440211268198
206,12,67.23606939999999,60.51246245965943,6.718647074321349
206,14,73.4518975,66.10670774975686,7.343264107370542
206,17,61.0607304,54.95465735978509,6.043254878295579
206,18,72.86428360000001,65.57785523951384,7.286168495444574
206,21,57.7276775,51.95490974977081,5.714627721466964
206,22,48.9858122,44.08723097973815,4.897295289799901
206,23,59.5672113,53.61049016957188,5.918841874236214
206,24,63.9712453,57.57412076971633,6.39544437200821
206,27,75.2887629,67.75988660968791,7.463358695796759
206,29,74.4642911,67.01786198957448,7.444473951736862
206,2,73.5081891,66.15737018965969,7.350588710822869
206,6,58.745497400000005,52.87094765969062,5.874357433398318
206,7,65.1180746,58.60626713962184,6.511257236225244
206,8,58.923162399999995,53.030846159785085,5.831697414152589
207,10,74.83158159999999,67.34842343957294,7.4540795536475315
207,12,55.022237600000004,49.52001383975674,5.498164040906222
207,14,53.740556500000004,48.36650084968741,5.318768174376847
207,17,74.7577522,67.28197697957019,7.398866631391935
207,18,61.6730514,55.5057462597873,6.167129473251718
207,21,75.8502536,68.2652282395089,7.508634127092383
207,22,64.2876689,57.858902009756854,6.427080469781508
207,23,52.407645300000006,47.16688076979904,5.220551437042565
207,24,49.9310146,44.9379131397164,4.992932228365742
207,27,60.459793399999995,54.413814059770765,5.983779656965433
207,29,60.1735703,54.156213269787244,6.015777374292847
207,2,59.6455009,53.680950809756915,5.964370798384735
207,6,50.7407451,45.666670589737535,5.0607787616354445
207,7,56.022034399999995,50.41983095979979,5.601629695255223
207,8,77.0411378,69.33702401961796,7.624856395151651
208,10,60.59349160000001,54.53414243978513,5.997864224624122
208,12,67.1430031,60.42870278971633,6.712533629331543
208,14,64.0172231,57.615500789508786,6.335862995947829
208,17,59.5003115,53.55028034975439,5.888818271829008
208,18,70.9734104,63.876069359574615,7.097097562107086
208,21,61.0607304,54.95465735978514,6.044576178366527
208,22,49.3435975,44.40923774968857,4.901779987642539
208,23,60.2127961,54.191516489511955,5.998057163332362
208,24,62.51188559999999,56.26069703962187,6.250972422378853
208,27,76.6710348,69.00393131961795,7.588226953844572
208,29,65.2499382,58.724944379574524,6.523576614799326
208,2,72.4494175,65.20447574965968,7.2447136624017885
208,6,56.3747574,50.73728165962088,5.622705245571868
208,7,63.2859065,56.95731584951381,6.328042995824004
208,8,61.9828534,55.784568059735925,6.144344721747098
209,10,74.7906683,67.31160146957023,7.403176489865913
209,12,54.258868400000004,48.832981559659686,5.425697168237822
209,14,54.63932460000001,49.175392139797744,5.407720376687033
209,17,73.6355168,66.27196511968742,7.287797289808617
209,18,66.8554734,60.16992605951195,6.659760586824509
209,21,74.7577522,67.28197697957029,7.400484076313489
209,22,68.571009,61.713908099617946,6.786556939087006
209,23,60.8101766,54.72915893942918,6.042345014703626
209,24,55.884942,50.29644779975691,5.588286198062415
209,27,58.394181999999994,52.5547637997355,5.779343559001514
209,29,56.150877300000005,50.53578956978648,5.593311027468247
209,2,57.21459169999999,51.49313252977311,5.721288750159142
209,6,51.43155780000001,46.28840201978584,5.1078752572953725
209,7,55.12092750000001,49.60883474977311,5.511635050439794
209,8,75.4766712,67.92900407968742,7.470019130256606
210,10,59.3402506,53.40622553975442,5.873811802519326
210,12,76.5848601,68.9263740897164,7.658263279001344
210,14,59.4076485,53.466883649836255,5.879647283615399
210,17,58.046045199999995,52.2414406797355,5.744887763439864
210,18,55.3137624,49.78238615961803,5.475667550359318
210,21,60.7739943,54.69659486978514,6.016191360945907
210,22,56.0819423,50.47374806977077,5.55049837174491
210,23,52.46872019999999,47.22184817965967,5.246686519610411
210,24,74.7437453,67.2693707697164,7.474153886692242
210,27,75.68306249999999,68.1147562496874,7.490445840783393
210,29,64.0981166,57.68830493957321,6.3887491989472664
210,2,64.4349553,57.99145976962187,6.443276483041129
210,6,62.190126899999996,55.97111420965733,6.176352983323187
210,7,64.3558599,57.92027390962184,6.435041065280351
210,8,62.9515559,56.65640030977077,6.230392416527313
211,10,74.4065133,66.9658619696562,7.365150616579137
211,12,61.5948128,55.43533151975691,6.159297916707475
211,14,76.0806521,68.47258688965614,7.52979511939614
211,17,74.9749478,67.47745301977075,7.42036220584832
211,18,72.5547318,65.29925861957028,7.182401161357203
211,21,74.5123485,67.06111364961804,7.37619092216002
211,22,68.38624420000001,61.54761977961795,6.768270952232882
211,23,70.75079480000001,63.67571531962188,7.074846599478864
211,24,57.94619720000001,52.15157747973822,5.794438722069927
211,27,58.7150105,52.843509449737184,5.848364934335554
211,29,58.923162399999995,53.030846159785135,5.83297181091388
211,2,54.243178400000005,48.81886055978725,5.4228934156214095
211,6,54.6820848,49.21387631971445,5.430688820012153
211,7,60.8429506,54.75865553981088,6.0826958301303655
211,8,79.8228993,71.84060936957019,7.900170848437123
212,10,58.9042516,53.013826439754425,5.8306543085687625
212,12,73.66400229999999,66.29760206962186,7.366161198889869
212,14,63.40235,57.06211499978509,6.275007653375364
212,17,52.5599347,47.30394122962038,5.235282662208657
212,18,60.906299399999995,54.81566945979777,6.029288865142741
212,21,59.662407200000004,53.696166479770824,5.906152182087788
212,22,55.5792955,50.02136594975589,5.534399510446587
212,23,66.1846395,59.566175549319375,6.618185570381608
212,24,74.67861740000001,67.2107556596597,7.467628474400859
212,27,74.19860990000001,66.77874890969063,7.4196382889315915
212,29,77.0411378,69.33702401961804,7.626522652195368
212,2,63.643820500000004,57.279438449574506,6.362709373246445
212,6,71.68165909999999,64.51349318968882,7.126558195833311
212,7,66.2386454,59.614780859799794,6.623319903941995
212,8,65.2358701,58.71228308978509,6.456473831400242
213,10,72.4553047,65.2097742296562,7.1720096239661215
213,12,61.7019937,55.53179432977312,6.170019911408089
213,14,77.0204519,69.3184067095716,7.648191692600474
213,17,72.1491947,64.93427522978645,7.1864902696598945
213,18,69.8593087,62.873377829509664,6.926417979201858
213,21,76.40281759999999,68.76253583961802,7.563334011646514
213,22,66.97987090000001,60.28188380957294,6.671598518594966
213,23,50.142505400000005,45.12825485957461,5.014054641052097
213,24,59.788841500000004,53.809957349773065,5.977313382705654
213,27,56.1743059,50.556875309772224,5.595294792526925
213,29,61.9828534,55.78456805973556,6.135859401941177
213,2,56.1025172,50.49226547975685,5.608778269012836
213,6,59.349585299999994,53.41462676977179,5.90052887198578
213,7,61.4418196,55.297637639432814,6.143934285254925
213,8,76.5274586,68.87471273957019,7.574017100056554
214,10,55.395580200000005,49.85602217978512,5.483347471423926
214,12,76.0929996,68.48369963962188,7.609055861130666
214,14,65.3101258,58.77911321978724,6.529298456503286
214,17,50.179359999999996,45.16142399962187,5.01774901463477
214,18,56.1523872,50.53714847978514,5.558685468824591
214,21,59.207750000000004,53.28697499973556,5.8611443184076535
214,22,57.25023769999999,51.525213929798475,5.687223913283969
214,23,68.8053428,61.92480851957461,6.8802961521561175
214,24,74.4139881,66.9725892895137,7.439443020329386
214,27,63.894793400000005,57.50531405977312,6.389296948777381
214,29,75.4525716,67.90731443971531,7.5161557907146985
214,2,73.9819912,66.58379207971633,7.396256762283202
214,6,72.23844969999999,65.01460472961925,7.174292534315345
214,7,74.7612589,67.28513300957461,7.4758746155191815
214,8,63.4479089,57.10311800978509,6.2795171093210875
215,10,64.3706325,57.933569249656195,6.371746012147743
215,12,59.5721794,53.61496145973822,5.957034641247935
215,14,78.4760959,70.62848630957461,7.847352254084775
215,17,63.42758429999999,57.084825869659674,6.342549549692424
215,18,59.073513899999995,53.16616250957028,5.8478567807494874
215,21,73.90913,66.51821699965622,7.316476734443018
215,22,66.5251922,59.872672979511115,6.615377942765881
215,23,67.5673661,60.8106294895745,6.754959669877228
215,24,60.2874538,54.258708419773065,6.027161487994607
215,27,47.089688699999996,42.380719829574495,4.707730622666182
215,29,62.0775615,55.86980534975598,6.183812897336206
215,2,57.7201772,51.94815947971641,5.7718331910302965
215,6,58.36591800000001,52.52932619973642,5.7965544105926385
215,7,61.78480160000001,55.60632143978731,6.178304598778819
215,8,74.7942309,67.31480780957087,7.414336250233681
216,10,51.33536600000001,46.201829399735544,5.081445966703472
216,12,72.2606178,65.03455601965969,7.225834565034559
216,14,66.56727289999999,59.91054560978645,6.630496610268012
216,17,51.585121099999995,46.426608989773115,5.158353132332083
216,18,51.8054056,46.62486503977082,5.128365307834018
216,21,57.7940037,52.014603329770814,5.721193566340716
216,22,54.7621238,49.28591141979848,5.4400553072702165
216,23,56.37775189999999,50.739976709716395,5.637593154353661
216,24,75.2693527,67.74241742969055,7.525299701300415
216,27,62.9585977,56.66273792962178,6.29420701071659
216,29,79.8534973,71.86814756965812,7.948915418592658
216,2,73.1709822,65.85388397969062,7.316876462869275
216,6,70.618735,63.556861499658936,7.046253245301869
216,7,74.3951441,66.95562968951384,7.439251626634215
216,8,59.261784799999994,53.33560631978543,5.874606029033226
217,10,62.93903159999999,56.64512843961945,6.253880947751807
217,12,60.860740199999995,54.77466617978724,6.084471906235301
217,14,77.8791183,70.09120646957018,7.707791972763092
217,17,60.0503463,54.045311669621874,6.004825336770729
217,18,56.4510214,50.80591925965623,5.588248454013683
217,21,63.5624821,57.20623388961953,6.317138116523102
217,22,59.7728743,53.79558686957222,5.943915791937386
217,23,70.4577742,63.41199677957461,7.045535172868799
217,24,59.207750000000004,53.286974999738156,5.91921935932928
217,27,52.102293700000004,46.892064329786464,5.189698316104348
217,29,63.130153099999994,56.81713778975685,6.31135882477035
217,2,60.0046206,54.00415853977291,5.994773049143679
217,6,59.3875957,53.44883612975638,5.925621627228054
217,7,62.9554672,56.65992047969062,6.2953092789770695
217,8,67.4774038,60.72966341961795,6.6783217094893965
218,10,57.0242193,51.32179736978594,5.666160062791417
218,12,70.1987616,63.17888543965967,7.019653580954283
218,14,62.8212146,56.539093139754385,6.217492003936326
218,17,50.790141399999996,45.71112725975685,5.0776802728553925
218,18,51.0511685,45.94605164977225,5.085425982672531
218,21,52.3281817,47.09536352977225,5.21263540223477
218,22,50.5798944,45.521904959786106,5.02974912298764
218,23,55.84071,50.2566389997164,5.583890015514966
218,24,73.9093243,66.51839186969053,7.3889907662657714
218,27,63.980926800000006,57.58283411969055,6.39641553516008
218,29,76.5274586,68.87471273957449,7.650737948670687
218,2,73.5905817,66.23152352957354,7.340547462414132
218,6,69.7397046,62.76573413971566,6.955698406898657
218,7,60.696213,54.62659169943281,6.069375474563272
218,8,56.6873316,51.018598439785094,5.610414496800604
219,10,76.1561698,68.5405528196575,7.567189921373659
219,12,54.3986764,48.95880875973822,5.439695041055446
219,14,75.3619991,67.82579918965615,7.45866949822321
219,17,60.7710391,54.69393518961937,6.036981042346122
219,18,62.814487799999995,56.53303901973821,6.28125868077133
219,21,59.054589899999996,53.1491309096204,5.8826824626918786
219,22,59.7530182,53.77771637957222,5.94194180498634
219,23,69.8699149,62.8829234097164,6.98678221475675
219,24,56.92215710000001,51.22994138973822,5.692037384669151
219,27,54.247411,48.822669899737186,5.403365508044242
219,29,63.4479089,57.10311800978514,6.280889598094479
219,2,59.103195799999995,53.1928762197563,5.895452073100481
219,6,54.6613333,49.19519996973754,5.451811263718347
219,7,71.8840251,64.69562258962188,7.1881674043623205
219,8,71.35158849999999,64.21642964943057,7.107045178625633
220,10,57.2899567,51.560961029713496,5.670862802638877
220,12,61.0836548,54.97528931962187,6.108154289778239
220,14,60.0376912,54.03392207978509,5.9420033279106335
220,17,53.567180400000005,48.210462359754395,5.301609113457435
220,18,51.2775495,46.14979454962187,5.127564783739272
220,21,51.6177498,46.455974819786476,5.141866233552759
220,22,52.472529,47.22527609977161,5.212607542280758
220,23,62.7630562,56.48675057943281,6.2760544284673365
220,24,62.490565,56.2415084997164,6.248861944550233
220,27,75.00336990000001,67.5030329095702,7.423176149178793
220,29,74.7664123,67.28977106961804,7.401341147692836
220,2,71.6464024,64.48176215965883,7.146618381056254
220,6,60.64346739999999,54.579120659658784,6.04845796868985
220,7,55.1550761,49.63956848975691,5.515337543216734
220,8,60.8785115,54.79066034977237,6.067578100189903
221,10,75.1882218,67.6693996196562,7.442528552273431
221,12,51.4935944,46.344234959787244,5.148004273432438
221,14,65.41024159999999,58.86921743957018,6.4737318101694195
221,17,71.8979697,64.70817272965616,7.115830282053821
221,18,71.4664141,64.3197726896596,7.144763692604945
221,21,61.80565850000001,55.62509264962041,6.1567286537871
221,22,64.2783014,57.850471259620385,6.4025042880792
221,23,49.6070864,44.64637775931937,4.960475094417568
221,24,50.798330400000005,45.71849735975692,5.079671997510928
221,27,58.59813619999999,52.73832257975438,5.7995291141810235
221,29,58.043171400000006,52.23885425975445,5.745859172281481
221,2,57.9520739,52.156866509756696,5.789712970768462
221,6,51.814127600000006,46.63271483977253,5.167836746389402
221,7,61.86757349999999,55.68081614962186,6.186544009148541
221,8,74.711721,67.2405488996894,7.441733393599088
222,10,60.0067591,54.00608318975442,5.939786305688655
222,12,58.214588199999994,52.393129379574496,5.819926389022715
222,14,55.8829212,50.2946290797553,5.551395926921606
222,17,58.231139600000006,52.408025639785095,5.763206857036247
222,18,59.2096996,53.28872963975691,5.920791936555214
222,21,54.690534,49.22148059977208,5.44409991315745
222,22,54.530371099999996,49.07733398978646,5.431550973741593
222,23,66.4181144,59.77630295969061,6.641602768069081
222,24,59.647435699999996,53.68269212975691,5.964564690564893
222,27,74.1167223,66.70505006965615,7.335423135368567
222,29,67.0086642,60.30779777968797,6.643780671630612
222,2,68.3674318,61.530688619787306,6.836555278952017
222,6,58.8268126,52.94413133957349,5.867268454939772
222,7,51.486329600000005,46.3376966397569,5.148201071333647
222,8,70.7222777,63.650049929316694,7.044360979079515
223,10,75.7396147,68.16565322968746,7.4971081879073
223,12,50.67363580000001,45.6062722197851,5.015231702421738
223,14,60.3991488,54.35923391965743,6.000037476102185
223,17,72.979527,65.68157429957019,7.222873593280945
223,18,71.4019301,64.2617370897164,7.13998104286727
223,21,73.057253,65.75152769957296,7.27754874542963
223,22,66.2687111,59.64183998962039,6.600760879955284
223,23,55.623206,50.0608853997873,5.562156864649708
223,24,46.272332999999996,41.645099699621866,4.627055028417457
223,27,60.51850090000001,54.4666508097544,5.989589918249275
223,29,55.4793949,49.93145540975445,5.492063645789232
223,2,48.2286753,43.40580776965968,4.822691894434603
223,6,55.4240501,49.88164508978675,5.527883192571627
223,7,59.3134409,53.38209680965967,5.930932409385009
223,8,54.6952127,49.225691429621875,5.46932338997976
224,10,58.394181999999994,52.55476379973553,5.780164874196693
224,12,60.9551688,54.859651919656706,6.04247326169247
224,14,53.078801,47.770920899770765,5.253273496879234
224,17,59.1319111,53.21871998978509,5.852357295535598
224,18,57.268492800000004,51.541643519715315,5.704759609825035
224,21,56.904957,51.21446129975598,5.668547657098061
224,22,53.7712089,48.394088009755954,5.355933850616614
224,23,59.6328616,53.66957543965968,5.963085290531632
224,24,61.477580200000006,55.32982217969062,6.147559895706465
224,27,73.5052469,66.15472220978509,7.27490435702422
224,29,69.94813309999999,62.95331978950889,6.924365894715978
224,2,61.123384599999994,55.011046139659676,6.112134678043941
224,6,70.189032,63.17012879957349,7.000513246173406
224,7,55.04097409999999,49.536876689773095,5.50363873749709
224,8,76.6487955,68.98391594962187,7.664634394724729
225,10,74.04788740000001,66.64309865978514,7.329651651251584
225,12,53.7846174,48.40615565975439,5.323129335363116
225,14,62.515502,56.26395179961794,6.187235950137329
225,17,76.00719769999999,68.40647792957292,7.570772508548848
225,18,70.618735,63.556861499658375,7.034635073064313
225,21,71.8865051,64.69785458965836,7.160925272084498
225,22,63.936252100000004,57.54262688962039,6.368434214608957
225,23,51.034300099999996,45.93087008975444,5.052031352476492
225,24,53.9391549,48.54523940975685,5.392498175306336
225,27,55.6673311,50.1005979896596,5.565272003575029
225,29,60.8785115,54.790660349772246,6.064370366725143
225,2,49.5547697,44.59929272975669,4.950778197841027
225,6,59.8918549,53.90266940979929,5.973493062306216
225,7,73.596732,66.23705879965969,7.359444529767862
225,8,63.0513657,56.746229129787295,6.304958466696146
226,10,51.3803283,46.2422954695745,5.136683309610444
226,12,70.5430066,63.48870593957018,6.9817285796307305
226,14,57.5744462,51.81700157978509,5.698213016977846
226,17,60.478149699999996,54.43033472978646,6.02398426301097
226,18,59.6716598,53.70449381977306,5.965600785041539
226,21,59.1319111,53.218719989785946,5.8755880662761735
226,22,53.7670438,48.39033941978509,5.321389943785929
226,23,60.4356308,54.39206771957028,5.982696562492219
226,24,73.1262348,65.81361131951373,7.310702304877006
226,27,74.5301148,67.07710331957449,7.451056294194114
226,29,74.711721,67.24054889968943,7.442356580224169
226,2,58.4618893,52.61570036957421,5.840646344752111
226,6,71.1404801,64.02643208951385,7.113794101232108
226,7,67.5450087,60.790507829149156,6.753882089656024
226,8,74.99421699999999,67.49479529965969,7.499188741700871
227,10,74.3226768,66.89040911965836,7.403385792943782
227,12,57.5094926,51.75854333978509,5.691784860688568
227,14,73.4859184,66.13732655957018,7.272991565271555
227,17,72.2764305,65.04878744962177,7.225747295340161
227,18,70.6454504,63.58090535962041,7.037297771079481
227,21,76.00719769999999,68.40647792957188,7.552387802463265
227,22,62.9835242,56.68517177957018,6.233557021976261
227,23,53.6172808,48.25555271978514,5.307728033049234
227,24,57.9495852,52.15462667977295,5.790696539100016
227,27,69.6287256,62.665853039430566,6.935436341085377
227,29,61.3686658,55.23179921977225,6.1131967686849125
227,2,49.7979326,44.81813933978725,4.978486571563734
227,6,60.2512782,54.22615037978724,6.023546553515512
227,7,55.869230599999995,50.28230753965959,5.585454331246273
227,8,60.6957524,54.626177159756914,6.069393910975412
228,10,57.0408717,51.33678452977223,5.681920486093984
228,12,69.6090452,62.64814067957018,6.88929317871605
228,14,60.1659512,54.14935607975439,5.954697375820588
228,17,53.9919067,48.59271602977312,5.399026938350325
228,18,56.532111799999996,50.87890061978592,5.616779462591747
228,21,60.478149699999996,54.43033472978514,5.986904802924401
228,22,51.041736400000005,45.937562759785095,5.051662888050141
228,23,61.4342644,55.29083795961803,6.08155418319409
228,24,72.1746213,64.9571591696904,7.21215499868217
228,27,49.5794225,44.62148024965615,4.906936040201083
228,29,76.89718450000001,69.20746604957296,7.660060344556056
228,2,59.207622699999995,53.28686042951371,5.919207795985505
228,6,73.1415099,65.82735890965961,7.312231928717857
228,7,74.6414606,67.17731453957029,7.388971819554937
228,8,77.19283340000001,69.47355005957462,7.719027324859903
229,10,64.9694598,58.47251381968941,6.471698994017525
229,12,58.1940462,52.37464157978509,5.759535958439831
229,14,72.2094421,64.98849788968741,7.146656990842644
229,17,63.502541300000004,57.15228716957461,6.350028024354179
229,18,61.104118299999996,54.99370646961942,6.071034364935789
229,21,72.4563339,65.21070050957029,7.172660398391812
229,22,58.1809064,52.36281575951371,5.816562882195277
229,23,56.592367200000005,50.93313047975445,5.602240312509792
229,24,56.3788224,50.74094015973815,5.636401263763473
229,27,64.5917561,58.13258048957019,6.392725786506136
229,29,61.892415899999996,55.703174309754445,6.126906753445538
229,2,55.5409217,49.98682952982072,5.548828141257139
229,6,59.104492799999996,53.19404351971566,5.894963896217719
229,7,70.7920905,63.71288144942918,7.034189329640574
229,8,63.8282958,57.44546621978646,6.35767875136721
230,10,52.4480748,47.203267319754424,5.191587879249235
230,12,69.5006352,62.55057167957019,6.878563546820174
230,14,57.5760665,51.818459849735504,5.698373291439279
230,17,51.1968797,46.07719172977312,5.119529908376025
230,18,51.878805299999996,46.69092476975534,5.154447558338556
230,21,54.876687700000005,49.38901892977082,5.432400085739247
230,22,49.1758135,44.25823214979976,4.91629086487506
230,23,72.1204711,64.90842398961804,7.139412600551714
230,24,74.61876840000001,67.15689155965961,7.459917459674951
230,27,52.5056612,47.25509507977077,5.196549474344365
230,29,74.3980674,66.95826065968748,7.364877553474088
230,2,68.3997886,61.55980973971632,6.838185024281931
230,6,71.6307487,64.46767382962088,7.144308241253261
230,7,57.38388,51.64549199969059,5.737903873825705
230,8,75.9078049,68.31702440957292,7.560872399961975
231,10,64.0986424,57.688778159570255,6.3448234367378
231,12,56.7420489,51.06784400975439,5.615829935966612
231,14,71.22432429999999,64.1018918696874,7.049158559217592
231,17,61.2438723,55.11948506965968,6.124183218688481
231,18,58.10266360000001,52.292397239659685,5.810068889252625
231,21,62.842868900000006,56.558582009618036,6.220995795526875
231,22,55.3972516,49.8575264395745,5.538270651059033
231,23,60.612327799999996,54.55109501978594,6.022688326200038
231,24,59.7629328,53.786639519772955,5.971897391646257
231,27,61.254007200000004,55.12860647961795,6.062384740880778
231,29,62.507547699999996,56.256792929785135,6.1878004393790285
231,2,48.5202665,43.668239849574206,4.847426124978582
231,6,63.2596787,56.93371082982049,6.311975498636756
231,7,64.94879399999999,58.453914599858194,6.4947188307707195
231,8,60.2095097,54.18855872978509,5.959008704843248
232,10,52.102293700000004,46.89206432978512,5.157360672257216
232,12,67.7019354,60.931741859687904,6.711278537879294
232,14,57.368373299999995,51.6315359697553,5.698959081790742
232,17,54.2954268,48.86588411977077,5.373684597649599
232,18,55.15208700000001,49.63687829977313,5.515042497916115
232,21,51.111073399999995,45.99996605978514,5.059631165208823
232,22,48.9376221,44.04385988978724,4.892477908545163
232,23,71.5323236,64.37909123957449,7.151357677400968
232,24,72.3174526,65.08570733962176,7.2298456028915234
232,27,53.0619462,47.75575157975439,5.251605684095914
232,29,77.4551683,69.70965146962176,7.743485067709372
232,2,69.5141812,62.56276307978594,6.907212680490127
232,6,72.5073517,65.2566165295137,7.248833704916853
232,7,73.6397715,66.2757943495746,7.36372843711673
232,8,65.67154,59.104385999570184,6.499593324889441
233,10,63.5143177,57.162885929618,6.286983814326155
233,12,55.151143499999996,49.63602914978509,5.458376130135013
233,14,70.6466445,63.581980049658334,7.036828310551072
233,17,74.56343720000001,67.1070934795702,7.379635194337227
233,18,70.189032,63.170128799574606,7.018661710806717
233,21,62.358511699999994,56.122660529574496,6.234214497022784
233,22,59.3166875,53.38501874957293,5.908298061390746
233,23,60.8932342,54.80391077979904,6.065837056563514
233,24,54.876687700000005,49.389018929773066,5.486227169734194
233,27,72.0374621,64.83371588965615,7.129636502724116
233,29,60.236656700000005,54.212991029716335,6.022084823394057
233,2,48.288816600000004,43.45993493957189,4.79817347841231
233,6,62.2273813,56.004643169572944,6.198463443809355
233,7,69.08053629999999,62.172482669319315,6.907439787101489
233,8,55.8899589,50.30096300978509,5.531497498407891
234,10,55.82517849999999,50.24266064977079,5.525871493664661
234,12,62.3036983,56.07332846962038,6.205820994831995
234,14,53.408291,48.06746189977305,5.339126746437969
234,17,59.921072900000006,53.928965609785095,5.930461698149229
234,18,58.073489,52.26614009975691,5.807172876088876
234,21,54.886128199999995,49.39751537978729,5.48845058876576
234,22,53.476491800000005,48.12884261978647,5.326577678028857
234,23,71.58047090000001,64.4224238095089,7.085956098236272
234,24,62.8545817,56.56912352971633,6.28380727803839
234,27,57.6703394,51.903305459785095,5.7077040285802205
234,29,75.01466359999999,67.51319723968942,7.472533522827923
234,2,70.3249038,63.29241341965883,7.01480170390756
234,6,50.0728726,45.065585339427045,4.956856937864941
234,7,51.3891721,46.25025488957451,5.1375646947806635
234,8,62.6420734,56.37786605957019,6.199763283799255
235,10,75.00336990000001,67.50303290957025,7.424231179737681
235,12,51.23157270000001,46.108415429755965,5.102969904668732
235,14,60.6629192,54.596627279574605,6.066072080373295
235,17,74.547757,67.09298129961795,7.378083226204712
235,18,70.3727118,63.33544061971641,7.037060982328296
235,21,74.7127089,67.24143800962187,7.471029852125872
235,22,67.67131429999999,60.90418286957178,6.722452963474187
235,23,60.73744250000001,54.66369824978515,6.01257309888238
235,24,48.273669600000005,43.446302639716336,4.826098189120453
235,27,73.0605833,65.7545249695702,7.230895993364912
235,29,59.1882353,53.26941176977082,5.859212087242019
235,2,57.3233421,51.59100788975685,5.730830492351699
235,6,61.7917707,55.612593629618026,6.116944954862812
235,7,71.9021075,64.71189674969054,7.188321572318951
235,8,55.1771045,49.65939404978509,5.460945435690954
236,10,59.8898296,53.900846639785115,5.92821217312854
236,12,60.8648271,54.778344389659594,6.084886838822998
236,14,50.0952513,45.0857261697873,5.0093726735533695
236,17,58.5738546,52.716469139770766,5.797125859318068
236,18,58.761711299999995,52.88554016975685,5.874628067465958
236,21,57.2770062,51.54930557973822,5.727521984776078
236,22,56.6589913,50.99309216978588,5.628490257669639
236,23,70.3196004,63.287640359618024,6.961138776772534
236,24,60.9657859,54.86920730962178,6.094976636632736
236,27,57.551000200000004,51.79590017975439,5.695892842881686
236,29,65.6536375,59.08827374961803,6.49924132785243
236,2,70.5638602,63.50747417969033,7.049712872007673
236,6,53.487036200000006,48.13833257978514,5.294834825031365
236,7,55.9741631,50.37674678975685,5.59594497610826
236,8,65.3978725,58.858085249570195,6.472508111583769
237,10,75.6772043,68.10948386961799,7.490930938498885
237,12,51.1060571,45.995451389715285,5.090466530463873
237,14,58.7096701,52.8387030895746,5.870751679519067
237,17,73.32419329999999,65.99177396957018,7.2569858189998655
237,18,72.90135,65.61121499957449,7.288221777761496
237,21,73.2672212,65.94049907962041,7.298464448573045
237,22,67.6451747,60.88065722951111,6.726752580771314
237,23,55.8937319,50.304358709754446,5.533080289564399
237,24,52.998531400000005,47.69867825975686,5.298460663613501
237,27,72.7456526,65.47108733968741,7.199726713300317
237,29,55.248595099999996,49.72373558977224,5.503549726798221
237,2,53.705489299999996,48.334940369772866,5.364539471229047
237,6,61.7676833,55.59091496957028,6.114560342462334
237,7,63.0236937,56.721324329621844,6.301834974896484
237,8,59.209029599999994,53.288126639785084,5.8599899757141864
238,10,60.808538,54.72768419977079,6.019150798078571
238,12,68.5536819,61.69831370965834,6.828356318736567
238,14,49.5562262,44.60060357975691,4.9554641725958435
238,17,58.274253200000004,52.4468278797851,5.767473965024202
238,18,62.0527759,55.84749830978514,6.14278167273356
238,21,60.4918732,54.44268587979778,5.988263427028892
238,22,58.8823985,52.994158649947096,5.82766304615256
238,23,62.5502969,56.29526720961945,6.215254645241746
238,24,73.2706109,65.9435498096596,7.325136533826178
238,27,56.2063937,50.5857543297355,5.5628154614702305
238,29,62.6420734,56.37786605957433,6.260056632829999
238,2,62.716903800000004,56.445213419574216,6.265759839127613
238,6,55.3103435,49.77930914975445,5.475329191937884
238,7,53.7405993,48.36653936973822,5.373888443214683
238,8,73.73758839999999,66.36382955965833,7.34470557723539
239,10,76.03067019999999,68.42760317961798,7.525918954551735
239,12,57.3621496,51.625934639786465,5.713612002234662
239,14,69.8286687,62.845801829659585,6.981033404898328
239,17,72.72375989999999,65.45138390957018,7.197560174142017
239,18,72.9230885,65.63077964965622,7.218865818909453
239,21,73.32419329999999,65.99177396957027,7.25857231517512
239,22,65.9731322,59.37581897962038,6.571318501882035
239,23,54.3366402,48.902976179785945,5.399111210030685
239,24,58.6077116,52.746940439756855,5.8592315107148325
239,27,74.2680619,66.84125570977076,7.350401189017671
239,29,55.1771045,49.65939404978716,5.514050102842339
239,2,51.678798199999996,46.510918379787064,5.162097243502336
239,6,71.3840293,64.24562636968749,7.066509826679801
239,7,57.8386403,52.054776269716406,5.783679389906265
239,8,57.8197364,52.03776275971528,5.75919117584626
240,10,61.3083988,55.17755891978512,6.068629649870131
240,12,69.782108,62.80389719951383,6.97795881662727
240,14,56.9395534,51.24559805978725,5.692459920385816
240,17,56.772684,51.09541559975439,5.618861758099582
240,18,58.4050073,52.564506569713515,5.781678580258954
240,21,58.274253200000004,52.44682787978515,5.768734885892274
240,22,51.59271520000001,46.43344367975597,5.138942098614378
240,23,60.7475195,54.67276754957189,6.036123168785151
240,24,73.5599106,66.20391953969053,7.354059098887122
240,27,59.1917409,53.27256680989924,5.880092338085564
240,29,65.3978725,58.85808524957428,6.534625035427386
240,2,62.0460118,55.841410619574134,6.197660145513833
240,6,58.294489500000005,52.46504054973556,5.770738307052141
240,7,54.8490625,49.36415624977312,5.484740723384382
240,8,73.2156638,65.89409741965834,7.292718821512602
241,10,74.44681829999999,67.00213646951072,7.397342216009442
241,12,67.2847433,60.55626896951384,6.728227528864639
241,14,72.9207158,65.62864421962186,7.291836086728395
241,17,70.4613989,63.41525900965883,7.0283702088264155
241,18,71.6087311,64.44785798965621,7.08875371339788
241,21,72.7460251,65.47142258961803,7.201337706122455
241,22,58.083433299999996,52.27508996962187,5.808138384274211
241,23,55.1812996,49.66316963975445,5.462554707141754
241,24,58.5738546,52.71646913977306,5.85584675375566
241,27,62.2144743,55.99302686957127,6.172879261981506
241,29,60.0563581,54.05072228979966,6.0008961297740315
241,2,53.1656693,47.84910236975669,5.311527244078745
241,6,71.4887509,64.33987580965837,7.12130303293873
241,7,71.6309956,64.46789603962188,7.162865218363246
241,8,72.4292598,65.18633381942692,7.168411186505534
242,10,56.9874052,51.28866467977167,5.6625022544899855
242,12,49.1227696,44.2104926395746,4.912083886964247
242,14,58.108644899999994,52.29778040977307,5.809601173185161
242,17,53.3104764,47.97942875978677,5.317602532689813
242,18,58.0102254,52.20920285978648,5.77864871266036
242,21,56.976455699999995,51.27881012977081,5.64026216394796
242,22,50.1550442,45.13953977979981,5.015355036935487
242,23,71.1419738,64.02777641965622,7.042547999228183
242,24,73.3145045,65.98305404962177,7.329524774602733
242,27,54.0296481,48.62668328986334,5.381675441223305
242,29,73.8221223,66.43991006951372,7.380275629724697
242,2,70.98475950000001,63.88628354965931,7.090534612554522
242,6,60.5199173,54.46792556978648,6.028649683191922
242,7,56.190082600000004,50.5710743397569,5.618539563880213
242,8,52.7326709,47.4594038095745,5.271880655234033
243,10,63.9432833,57.54895496961945,6.353667909078045
243,12,69.1904229,62.271380609690546,6.917226458321235
243,14,73.9503169,66.55528520957449,7.393091453727618
243,17,60.7412441,54.667119689620925,6.058805852018358
243,18,62.35202829999999,56.11682546957296,6.211155144851348
243,21,71.2845604,64.15610435961804,7.0566630829656365
243,22,60.4266163,54.3839546695745,6.041075548405863
243,23,61.595485599999996,55.43593703978514,6.097513361445634
243,24,57.2767371,51.549063389770765,5.6687479880380875
243,27,52.524501099999995,47.272050989756906,5.2522854220284705
243,29,60.0603036,54.05427323975685,6.004454684406489
243,2,57.3999389,51.65994500975669,5.734565221132822
243,6,71.35193840000001,64.21674455957296,7.107674818619135
243,7,70.3185638,63.28670741962185,7.031263875556056
243,8,73.4950611,66.1455549897164,7.349289325913651
244,10,52.9017107,47.611539629754425,5.236490984480395
244,12,55.9280657,50.33525912973719,5.57076853797777
244,14,58.0938588,52.28447291978646,5.7864938305258145
244,17,47.6260176,42.86341583977306,4.76135231986444
244,18,53.487036200000006,48.138332579785924,5.314234546835383
244,21,52.2178107,46.996029629772245,5.201640247454759
244,22,51.0910163,45.98191466977201,5.084154117095869
244,23,72.07388850000001,64.8664996495703,7.134801288606994
244,24,72.72375989999999,65.45138390957018,7.197559779615245
244,27,73.9398617,66.54587552965968,7.393755516399873
244,29,73.2156638,65.89409741965622,7.247828180527157
244,2,73.1264633,65.81381696969032,7.30573134031849
244,6,59.0388691,53.13498218975598,5.881116046254917
244,7,56.0595763,50.4536186697569,5.605490001884139
244,8,57.9576326,52.1618693397164,5.79557775333224
245,10,59.824703199999995,53.842232879656194,5.921766059503158
245,12,69.0720139,62.16481250971346,6.836141724879534
245,14,71.6620543,64.49584886962037,7.137967681887287
245,17,58.5815408,52.72338671962092,5.8433802008211
245,18,62.225387,56.00284829965622,6.159869353682266
245,21,60.8955626,54.80600633957375,6.077174264708074
245,22,66.13625760000001,59.5226318395088,6.545587061632451
245,23,60.342101199999995,54.30789107975444,5.973437258343186
245,24,56.772684,51.095415599756855,5.675776800167135
245,27,68.498783,61.64890469943281,6.849613431824616
245,29,62.05693049999999,55.85123744978513,6.143192742363652
245,2,58.6769445,52.80925004973792,5.861091340777619
245,6,70.2370233,63.21332096968748,6.952964425681293
245,7,69.6918743,62.72268686973821,6.968984511392921
245,8,71.3628723,64.2265850697164,7.136074895860013
246,10,53.0619462,47.755751579754424,5.252351930543052
246,12,55.01183079999999,49.51064771971345,5.444587858069874
246,14,54.199928,48.77993519975596,5.398635194324322
246,17,49.0979887,44.18818982973649,4.87737807639772
246,18,53.8527005,48.46743044971352,5.331032748059676
246,21,50.941290699999996,45.84716162968987,5.081854481170508
246,22,53.941978199999994,48.54778037979773,5.338703754929107
246,23,71.6771267,64.50941402971353,7.095524500920943
246,24,70.39222269999999,63.35300042969054,7.037372987732715
246,27,52.814401499999995,47.53296134965968,5.281254033145021
246,29,74.3942306,66.95480753968748,7.364497792789011
246,2,74.5537351,67.0983615896595,7.451426624174504
246,6,57.7118846,51.94069613975444,5.713064612616418
246,7,55.7873846,50.208646139756915,5.578567071083211
246,8,55.1550761,49.63956848975691,5.515337765614221
247,10,70.2145922,63.19313297978647,6.9941729204610565
247,12,67.5245372,60.7720834796874,6.682986049546381
247,14,70.1121649,63.100948409659594,7.009376587235585
247,17,71.73776579999999,64.56398921968855,7.126406658721415
247,18,71.3840293,64.24562636968749,7.066509579698972
247,21,41.002564,36.90230759914922,4.100025189843604
247,22,64.3566086,57.92094773957019,6.369453220161203
247,23,59.2939773,53.3645795697569,5.928904414392313
247,24,52.2178107,46.99602962977306,5.220409050870285
247,27,75.05725650000001,67.55153084962188,7.505483954384885
247,29,58.3821089,52.54389800973556,5.779411624161523
247,2,59.728097700000006,53.7552879297568,5.969646115065628
247,6,69.0596307,62.153667629656226,6.836411024550566
247,7,71.459946,64.31395139951384,7.145738356571367
247,8,62.388817100000004,56.149935389513715,6.237243460614043
248,10,48.1553503,43.3398152695745,4.8142686087439355
248,12,54.5010058,49.05090521978509,5.394030920473952
248,14,51.7355974,46.56203765977307,5.172201145629138
248,17,60.158380099999995,54.14254208957353,6.000665082145059
248,18,58.294489500000005,52.46504054973556,5.770738182313847
248,21,57.5661369,51.80952320962187,5.756406814282321
248,22,53.27089350000001,47.943804149785095,5.272285672022837
248,23,69.6449993,62.6804993697569,6.964301175449129
248,24,60.8955626,54.80600633957461,6.089335363046595
248,27,58.6118173,52.75063556977306,5.85964268548039
248,29,72.3321023,65.09889206957028,7.160362149288381
248,2,71.84824880000001,64.66342391969043,7.180295442210001
248,6,54.1136414,48.70227725977082,5.356864245764147
248,7,67.4043282,60.663895379319364,6.740152111559331
248,8,52.4460602,47.20145417979902,5.223939371844593
249,10,72.12949429999999,64.91654486969061,7.212729759852727
249,12,61.2548329,55.129349609510605,6.085040274286452
249,14,61.466544,55.319889599621874,6.1464417440576815
249,17,52.093578699999995,46.88422082951383,5.20914698523223
249,18,71.7171948,64.54547531968748,7.099490651532986
249,21,49.781785299999996,44.80360676975691,4.978016827230187
249,22,64.948269,58.45344209957018,6.428010573632232
249,23,55.099201099999995,49.58928098965968,5.509728819850882
249,24,48.36856,43.531703999787304,4.8367067777078825
249,27,73.4785695,66.13071254973815,7.345928892533121
249,29,57.095195200000006,51.385675679785145,5.65201638949209
249,2,57.0298488,51.326863919756796,5.699979021376945
249,6,59.8421939,53.85797450950889,5.923950511649941
249,7,52.597865399999996,47.33807885969061,5.25960714799972
249,8,60.27182679999999,54.244644119621775,6.0256010143259235
250,10,65.2563391,58.73070518943282,6.5253769134629085
250,12,50.8978123,45.80803106977306,5.088445401761841
250,14,49.1538655,44.238478949773125,4.91523246832129
250,17,73.30961959999999,65.97865763957459,7.330713660458958
250,18,58.5185933,52.66673396973556,5.792922841906505
250,21,71.57676699999999,64.41909029965956,7.155417387783293
250,22,53.34830699999999,48.01347629978508,5.2799473894750095
250,23,69.95527580000001,62.95974821962188,6.995296687170981
250,24,58.5815408,52.72338671962187,5.8579476774258
250,27,51.0262509,45.92362580961937,5.068939569247767
250,29,61.943287000000005,55.74895829957297,6.170437942995868
250,2,71.5454223,64.39088006965969,7.154317633308892
250,6,57.2788634,51.55097705942705,5.670198622623727
250,7,69.47252689999999,62.52527420962186,6.947023244034997
250,8,53.1514997,47.83634972973815,5.313754942493548
251,10,48.5228528,43.67056751951384,4.852083704376146
251,12,58.8711144,52.9840029596596,5.885566542553556
251,14,60.0377407,54.03396662965968,6.003572190682877
251,17,57.666897399999996,51.9002076597873,5.766522197576982
251,18,70.4390838,63.39517541965623,6.97296670677207
251,21,57.4543653,51.70892876978724,5.743928858335634
251,22,64.4209523,57.97885706957018,6.375821523515208
251,23,62.9160406,56.624436539432814,6.2913526205357515
251,24,49.0979887,44.18818982973822,4.909636964087109
251,27,73.015124,65.71361159957178,7.253311514343388
251,29,52.047403,46.84266269978648,5.184665350469855
251,2,54.58258190000001,49.12432370975677,5.454826754676433
251,6,47.323592500000004,42.59123324965969,4.732185528851054
251,7,52.9182333,47.62640996969059,5.291373188644623
251,8,72.25217819999999,65.02696037965958,7.223322645588318
252,10,72.7456526,65.47108733968942,7.2462967946207995
252,12,52.49144019999999,47.242296179756835,5.247485899778815
252,14,50.9794041,45.88146368973822,5.097774584156766
252,17,71.9909494,64.79185445957461,7.19884978479094
252,18,60.5731254,54.51581285979778,5.9963069085531195
252,21,73.30961959999999,65.97865763957448,7.329038243244758
252,22,52.9594801,47.66353208978509,5.241464714796079
252,23,49.6561479,44.690533109621875,4.965428935363792
252,24,71.57676699999999,64.41909029965966,7.157409545436196
252,27,59.8256815,53.843113349810935,5.9824031984940245
252,29,60.1720316,54.154828439574494,6.015625856841494
252,2,62.5071244,56.256411959574606,6.250488589251641
252,6,55.21411739999999,49.69270565969061,5.521226988702381
252,7,47.5806872,42.82261847914922,4.757818740044913
252,8,59.8398623,53.855876069755304,5.944476221511897
253,10,57.7691137,51.992202329771665,5.7401738258161785
253,12,69.3540548,62.418649319690545,6.933586323250232
253,14,70.1880943,63.16928486977312,7.018613931426036
253,17,57.07460090000001,51.36714080978697,5.698228261452504
253,18,71.16350059999999,64.04715053951196,7.088905802738705
253,21,56.880075399999996,51.192067859770816,5.63072117658254
253,22,65.83528480000001,59.251756319617954,6.515799681790538
253,23,59.787908,53.80911719957461,5.978572720299378
253,24,56.2158327,50.594249429756914,5.621410797440901
253,27,68.9617614,62.06558525975691,6.89597895223089
253,29,55.41779999999999,49.87601999978647,5.520405571329609
253,2,55.657640799999996,50.09187671969061,5.565578484394424
253,6,48.2128892,43.39160027973821,4.821129049276533
253,7,59.2418697,53.31768272965968,5.9239870506552075
253,8,73.8644407,66.47799662968741,7.310454612259074
254,10,76.1302021,68.51718188962178,7.611022940742071
254,12,55.233526499999996,49.710173849755954,5.501588476739267
254,14,51.562790199999995,46.406511179659674,5.156095617348198
254,17,73.299418,65.96947619957393,7.318087452087045
254,18,59.196166500000004,53.276549849785475,5.869185269232633
254,21,71.71259309999999,64.54133378957027,7.099035113599395
254,22,51.1382016,46.02438143977077,5.061210535205626
254,23,51.3386773,46.204809569787244,5.132518101095889
254,24,71.71507609999999,64.54356848962186,7.171272630744496
254,27,46.963732,42.26735879962187,4.696168245475902
254,29,73.6521055,66.28689494962042,7.336803941070079
254,2,45.4645021,40.91805188943267,4.545252861737784
254,6,57.5764739,51.81882650965968,5.757451057265116
254,7,53.589151300000005,48.230236169319376,5.358670196236792
254,8,59.0626509,53.156385809735504,5.845502679727942
255,10,58.467653,52.620887699738155,5.845230663484416
255,12,69.0784669,62.17062020961936,6.862238971836928
255,14,71.7742853,64.59685676965834,7.149148526013288
255,17,57.0053438,51.30480941977276,5.691313668765618
255,18,69.18753509999999,62.26878158961802,6.849072627807945
255,21,56.8851276,51.19661483977082,5.631221294815996
255,22,61.846701800000005,55.66203161957088,6.130851004779239
255,23,59.357562200000004,53.421805979690554,5.934195873782105
255,24,57.5899729,51.83097560977312,5.758826504780202
255,27,62.1751332,55.95761987951383,6.217245551947927
255,29,59.2101915,53.28917234975598,5.898182173260305
255,2,59.814098900000005,53.83268900962145,5.974666878132935
255,6,52.357677599999995,47.12190983975691,5.23560334602136
255,7,41.9070866,37.71637793957458,4.190335028469402
255,8,72.62805089999999,65.36524580968741,7.188087280727152
256,10,72.2608347,65.0347512296596,7.224187686062406
256,12,54.2178606,48.79607453973551,5.366007734510156
256,14,54.2955124,48.86596115975439,5.373692840989944
256,17,71.3830133,64.24471196962187,7.138066978238132
256,18,54.1136414,48.70227725977082,5.356864099801213
256,21,72.0997216,64.88974943968748,7.137358023238963
256,22,50.7733193,45.695987369771125,5.033146971594291
256,23,53.653022299999996,48.2877200697382,5.364852026544828
256,24,70.9236742,63.831306779716186,7.087150903949462
256,27,50.44897579999999,45.40407821979981,5.044747439069712
256,29,74.4621907,67.01597162961802,7.371225659934917
256,2,51.229852799999996,46.106867519737925,5.117208563862116
256,6,67.4830294,60.73472645962179,6.746532049381588
256,7,56.2169068,50.595216119621774,5.620214914804624
256,8,59.8958582,53.90627237977113,5.9374615678288505
257,10,66.24176899999999,59.61759209943266,6.622435961539485
257,12,67.8698381,61.08285428965614,6.717161218119718
257,14,72.6843588,65.41592291961794,7.193660048775787
257,17,54.13995860000001,48.725962739787306,5.413835171861374
257,18,59.5557481,53.600173289571856,5.917197296072236
257,21,55.7136672,50.14230047975445,5.5152550753904475
257,22,59.4992628,53.549336519656144,5.888715579009915
257,23,69.8522219,62.86699970962187,6.984991788381455
257,24,56.1447874,50.53030865977306,5.613003706736667
257,27,58.5658157,52.709234129659684,5.856383140373393
257,29,60.2847644,54.256287959754445,5.967761003815615
257,2,71.0399208,63.93592871969034,7.097253492281934
257,6,55.5465963,49.991936669772244,5.533235131699448
257,7,50.1517489,45.136574009756856,5.013857844425598
257,8,73.61459070000001,66.25313162961857,7.29739836794618
258,10,46.7968352,42.1171516795745,4.678453342536763
258,12,56.7824569,51.10421120978509,5.619829002404985
258,14,55.1363827,49.622744429735505,5.456914797996181
258,17,62.797420699999996,56.517678629574604,6.279517117387173
258,18,50.5224326,45.470189339785925,5.019685791435449
258,21,71.3830133,64.24471196961804,7.066409225238341
258,22,47.723025899999996,42.950723309770765,4.7232063788640986
258,23,55.611755200000005,50.05057967973822,5.561000409173879
258,24,73.6824615,66.31421534957461,7.36799751881731
258,27,48.6967602,43.82708417975596,4.850487664327397
258,29,72.4670677,65.22036092965622,7.173722498071321
258,2,56.392180599999996,50.75296253975536,5.60335786908406
258,6,69.9646675,62.96820074957267,6.964545593332632
258,7,69.4661767,62.5195590296596,6.944795325406525
258,8,59.4837815,53.53540334977077,5.887182523774272
259,10,60.8006033,54.72054296968942,6.056433752021228
259,12,70.84476699999999,63.760290299617935,7.011593635231888
259,14,70.4274305,63.384687449570876,6.981454024006177
259,17,49.9467622,44.9520859797873,4.994494704746788
259,18,56.086773099999995,50.478095789571846,5.572535172066101
259,21,65.5949091,59.03541818942704,6.49342748404425
259,22,60.2396174,54.21565565965615,5.961989334077172
259,23,68.0897348,61.28076131965966,6.808401870856707
259,24,56.6349794,50.971481459773116,5.66332885674874
259,27,60.3486494,54.31378445961794,5.972779922884607
259,29,59.63826209999999,53.674435889754434,5.903761897148674
259,2,72.5108991,65.25980918965752,7.204980308659145
259,6,58.2752571,52.44773138979904,5.805049609678182
259,7,55.7353831,50.161844789755364,5.538095511960599
259,8,72.710401,65.43936089957019,7.196238097818674
260,10,49.6125998,44.65133981977079,4.910917536476497
260,12,55.370793,49.833713699735505,5.480114856232503
260,14,58.4395006,52.595550539808976,5.783828402615385
260,17,59.3658177,53.42923592957461,5.936364606971619
260,18,49.1954909,44.275941809785145,4.87000247765312
260,21,46.3075256,41.67677303962178,4.6295346753605555
260,22,48.0506632,43.24559687973719,4.786132596999253
260,23,57.1930259,51.47372330978729,5.7188286653308325
260,24,71.52184059999999,64.36965653962186,7.151949815183992
260,27,54.596327,49.13669429979773,5.403464932581075
260,29,72.7519457,65.47675112968747,7.201923450210215
260,2,56.1503116,50.535280439736546,5.579324760493303
260,6,69.34143259999999,62.40728933957061,6.869717423117768
260,7,68.71128909999999,61.840160189619446,6.827435144500631
260,8,57.2171915,51.49547234978646,5.699173502224273
261,10,60.9249988,54.832498919618,6.030679201377115
261,12,67.6878562,60.91907057968741,6.699150169567167
261,14,68.8917435,62.00256914965671,6.829221748748596
261,17,48.8502022,43.96518197977255,4.872699516683039
261,18,58.3405675,52.50651074961803,5.775300346609654
261,21,61.147232900000006,55.03250960977312,6.114546213752898
261,22,63.7388086,57.36492773971633,6.372208167398655
261,23,69.4054541,62.46490868965966,6.939962798416906
261,24,60.396936499999995,54.35724284951371,6.038104847034692
261,27,71.5362614,64.3826352595745,7.151747590729574
261,29,59.4837815,53.53540334977117,5.897702193879231
261,2,71.4294888,64.28653991962096,7.125609470469448
261,6,56.6362169,50.97259520978514,5.606581179464595
261,7,56.8228099,51.1405289097719,5.651725878313331
261,8,63.6094717,57.24852452957461,6.360720743615686
262,10,51.806228499999996,46.62560564973553,5.128054446401155
262,12,53.0216435,47.719479149735506,5.247616654466557
262,14,50.5772635,45.519537149735505,5.005693209661758
262,17,60.8515326,54.76637933968984,6.069806190664161
262,18,53.0916826,47.78251433977081,5.255697623052766
262,21,43.53098,39.17788199962041,4.336307432644033
262,22,49.4195135,44.477562149738155,4.940653243812641
262,23,56.042421399999995,50.43817925975689,5.603774636737446
262,24,45.2536905,40.72832144951061,4.495489712093986
262,27,54.5403872,49.08634847971633,5.45260632540866
262,29,72.710401,65.43936089957029,7.1978112511428325
262,2,60.1657916,54.14921243981088,6.01499989267243
262,6,67.79290730000001,61.01361656961804,6.71101468510526
262,7,64.1036119,57.693250709904866,6.369597105021682
262,8,52.730834800000004,47.45775131979982,5.272928898813132
263,10,73.973097,66.57578729968745,7.3222488912725385
263,12,59.1045324,53.194079159687405,5.849648038890806
263,14,59.97588700000001,53.97829829965615,5.9358870133617545
263,17,53.960702999999995,48.56463269978676,5.38246080226199
263,18,68.0226566,61.22039093961863,6.7443175785817635
263,21,58.2953364,52.46580275965837,5.807049174945619
263,22,62.885751899999995,56.597176709574605,6.288350363127334
263,23,67.91215120000001,61.120936079756916,6.790763629741489
263,24,62.093223200000004,55.88390087965615,6.14544284304204
263,27,66.3256693,59.69310236951369,6.630470070308342
263,29,57.2171915,51.49547234978514,5.664093262005903
263,2,74.0394069,66.6354662095746,7.403692374243065
263,6,52.4911434,47.242029059770815,5.196248459122218
263,7,53.1111894,47.80007045971459,5.277344857643536
263,8,62.033410499999995,55.8300694495746,6.203118062257406
264,10,56.0556234,50.45006105973554,5.548682052908136
264,12,49.7243362,44.75190257973551,4.921278139564424
264,14,48.3323212,43.499089079772226,4.814186901282855
264,17,72.4353062,65.19177557951372,7.241629034451856
264,18,55.3396092,49.805648279770814,5.478226302846871
264,21,48.3536626,43.51829633977224,4.816715756790927
264,22,52.0672978,46.86056801977312,5.206570110896467
264,23,49.1108581,44.19977228957459,4.910726928057231
264,24,49.1467916,44.23211243975439,4.864118083622132
264,27,70.0365148,63.032863319513744,7.002129576703777
264,29,63.6094717,57.24852452957028,6.296884116262984
264,2,57.1915956,51.47243603973815,5.717657912780743
264,6,58.2606162,52.43455457957297,5.803592649721232
264,7,68.0370707,61.23336362968864,6.760442072649572
264,8,52.9926931,47.69342378973821,5.299099438512028
265,10,73.8872246,66.4985021397135,7.3137489106383535
265,12,57.7353899,51.96185090965615,5.7141424784123656
265,14,60.3407094,54.30663845962187,6.033861196295791
265,17,54.7667553,49.29007976973815,5.47523812529882
265,18,70.6957967,63.626217029656225,6.998380009843055
265,21,61.828583800000004,55.64572541969055,6.181237634323036
265,22,62.8135887,56.53222982962187,6.281143849186776
265,23,67.7656029,60.98904260962185,6.775987877039311
265,24,58.2953364,52.4658027596567,5.778804164437148
265,27,52.97779,47.680010999738165,5.296628393285533
265,29,53.101015100000005,47.79091358975445,5.2566211610818945
265,2,72.7197808,65.44780271968986,7.254324989530723
265,6,49.424542100000004,44.482087889786484,4.923392074863363
265,7,51.67109,46.50398099977167,5.134250714334453
265,8,70.7736261,63.696263489690544,7.075505547022205
266,10,57.439573700000004,51.69561632975598,5.721635198265953
266,12,50.3722816,45.33505343975439,4.985406094998991
266,14,52.2752314,47.047708259773124,5.227362948520159
266,17,71.17425229999999,64.05682706969053,7.11555848729906
266,18,55.594225200000004,50.03480267975483,5.512060387106226
266,21,49.3780265,44.44022384971531,4.918756874683047
266,22,51.5461139,46.391502509772224,5.134300337615649
266,23,54.2386636,48.8147972397873,5.423705320473145
266,24,48.0834722,43.275124979754395,4.758880070113983
266,27,70.693781,63.62440289965959,7.0675225555332535
266,29,58.60986259999999,52.74887633965622,5.801958355213852
266,2,55.448508399999994,49.90365755975536,5.509590434991828
266,6,56.166945999999996,50.550251399572964,5.5950329386467095
266,7,59.2687748,53.34189731965969,5.926677628302122
266,8,55.6898359,50.12085230973719,5.547039538859151
267,10,75.2484513,67.72360616962177,7.522870864673739
267,12,58.7129734,52.841676059689405,5.848165501854447
267,14,71.1748021,64.05732188962186,7.11724690978782
267,17,56.964926299999995,51.26843366977161,5.65887684752772
267,18,69.3307739,62.39769650961802,6.863252554630292
267,21,71.5814305,64.42328744968748,7.086049722772865
267,22,62.546607,56.29194629962038,6.230015855723932
267,23,58.0610862,52.25497757965968,5.805911195734712
267,24,60.4885698,54.43971281965615,5.986628296842079
267,27,53.2965572,47.966901479716334,5.328256620656704
267,29,55.36966089999999,49.83269480978647,5.515611250318721
267,2,60.354327399999995,54.31889465965885,6.02078307303454
267,6,52.238671800000006,47.01480461978595,5.190647805103827
267,7,47.0494927,42.34454342975691,4.704796166179854
267,8,69.7380258,62.764223219689406,6.946324856223688
268,10,58.3106694,52.47960245977306,5.829536558321978
268,12,53.1049035,47.79441314977113,5.264269871765882
268,14,54.3365238,48.902871419738155,5.432223762925442
268,17,71.4356943,64.29212486975686,7.141694943444796
268,18,55.00657089999999,49.50591380973555,5.445257877263789
268,21,53.29752210000001,47.967769889716415,5.329576990458424
268,22,49.7241987,44.75177882978647,4.952826632050425
268,23,48.743410399999995,43.86906935975691,4.874184038265039
268,24,50.95534120000001,45.85980707973551,5.043112440196019
268,27,70.1526023,63.13734206969054,7.013420045415952
268,29,71.5999042,64.43991377957265,7.1273267477079605
268,2,48.8293728,43.94643551977167,4.851886541466696
268,6,69.6407848,62.67670631957189,6.919794175969029
268,7,59.1105533,53.19949796957461,5.910839166351586
268,8,56.212022,50.59081979977076,5.563372464016948
269,10,73.5228059,66.17052530962177,7.3503514189828385
269,12,69.0697482,62.16277337965616,6.835917935715497
269,14,69.0387182,62.13484637969062,6.903658898248932
269,17,48.2320538,43.40884841957461,4.8230147062650985
269,18,66.5440645,59.88965804968748,6.587388196862107
269,21,71.40913789999999,64.26822410971639,7.1407018160068905
269,22,58.3707778,52.53370001951374,5.835810159882795
269,23,55.687016,50.11831439962187,5.5685018848125845
269,24,70.2254651,63.2029185896874,6.950300649141094
269,27,52.4951485,47.24563364973822,5.249346038389727
269,29,56.846256600000004,51.16163093975599,5.662699653186441
269,2,57.2324791,51.50923118957139,5.680218646298261
269,6,56.9622934,51.26606405978595,5.660006142864765
269,7,49.4495397,44.5045857297873,4.944773930095069
269,8,71.0653428,63.95880851961794,7.033424631904265
270,10,57.4559709,51.71037380977306,5.744088940781471
270,12,54.48805370000001,49.0392483297544,5.392749086364263
270,14,53.137726799999996,47.82395411973821,5.313602634692584
270,17,70.291017,63.26191529971568,7.011373421778192
270,18,52.3690739,47.13216650975444,5.184164528820154
270,21,54.7972478,49.31752301973721,5.45858927829282
270,22,49.6394404,44.675496359810886,4.9626415414737295
270,23,51.78341760000001,46.60507583969063,5.178164014741886
270,24,55.84904,50.264135999770765,5.527447826455122
270,27,60.1644342,54.147990779690616,6.016248461003547
270,29,69.7380258,62.76422321968943,6.946905800948671
270,2,48.5017237,43.65155132978569,4.813705840885768
270,6,70.10148000000001,63.09133199957189,6.965570715737682
270,7,58.0053321,52.204798889574604,5.8003192357801625
270,8,56.48611449999999,50.83750304977112,5.59945442482273
271,10,71.72527629999999,64.55274866957448,7.1706452267153065
271,12,69.031623,62.12846069961794,6.832144805981464
271,14,70.1309986,63.11789873965968,7.012877081160993
271,17,51.7332631,46.55993678975631,5.160278188117249
271,18,57.7693675,51.99243074965623,5.718755771799039
271,21,72.8317396,65.54856563962063,7.259436117821729
271,22,57.055408799999995,51.349867919659594,5.704043160927273
271,23,55.0398697,49.53588272943281,5.503755267586986
271,24,73.0165548,65.71489931961794,7.226538371117878
271,27,49.4570689,44.51136200973822,4.945544499725067
271,29,56.212022,50.59081979977224,5.599520873739148
271,2,59.5098679,53.55888110961946,5.9131457544053365
271,6,56.7632039,51.08688350977224,5.6544274598677084
271,7,48.948695199999996,44.053825679787295,4.894719115506262
271,8,71.3066733,64.17600596957018,7.057309373141953
272,10,54.2890691,48.860162189773064,5.427482336726965
272,12,56.136943800000005,50.52324941977077,5.555941778806206
272,14,57.399809999999995,51.65982899975685,5.738473681346329
272,17,61.403016300000004,55.26271466965969,6.140096930204793
272,18,48.9662544,44.069628959754446,4.847309668131147
272,21,57.1907204,51.47164835977224,5.697013004518715
272,22,46.724333800000004,42.05190041969062,4.672267094280315
272,23,70.0475098,63.04275881957461,7.004509697551218
272,24,56.964926299999995,51.268433669770765,5.637888459688751
272,27,58.418240499999996,52.57641644965959,5.840291361119453
272,29,71.0653428,63.958808519620405,7.079125699186821
272,2,50.54822,45.49339799973655,5.022678784840676
272,6,69.3546352,62.419171679658376,6.908715395556856
272,7,60.76225469999999,54.686029229621866,6.076014373390992
272,8,57.224885,51.50239649978509,5.66361677886293
273,10,61.393522,55.2541697996204,6.115494984816631
273,12,69.0441084,62.13969755965615,6.833380390280389
273,14,70.9388636,63.84497723965835,7.06593453967272
273,17,47.324640099999996,42.59217608973822,4.7323061293462905
273,18,55.4105066,49.86945593968942,5.519680314865413
273,21,71.50797949999999,64.35718154965835,7.123218794255955
273,22,63.7125684,57.34131155965968,6.371047621341196
273,23,55.6689949,50.10209540977312,5.566732085195298
273,24,73.4896039,66.14064350961796,7.27335663881051
273,27,51.0322058,45.92898521975439,5.050719827889656
273,29,56.48611449999999,50.83750304977311,5.648442523987497
273,2,70.01435959999999,63.01292363968863,6.956915435414327
273,6,54.7557122,49.280140979737205,5.4544525020318435
273,7,52.3800025,47.14200224977312,5.237839753386517
273,8,69.47252689999999,62.52527420961793,6.875781424592519
274,10,49.3544548,44.419009319770794,4.885364841567379
274,12,55.57670220000001,50.01903197975531,5.520976307327518
274,14,56.681864999999995,51.013678499754384,5.609872813110387
274,17,58.4579251,52.61213258969062,5.845601060764651
274,18,51.6782306,46.51040753975691,5.1676604810331925
274,21,52.664725999999995,47.39825339975444,5.213431652917315
274,22,52.17281379999999,46.955532419756906,5.21711750636318
274,23,68.2551176,61.429605839659686,6.825292420526323
274,24,56.77566349999999,51.09809714977076,5.619156888823878
274,27,71.0616141,63.955452689687405,7.0330553754371135
274,29,71.3066733,64.1760059695746,7.130423629181028
274,2,56.513867399999995,50.8624806597714,5.60889494114357
274,6,67.752569,60.977312099687474,6.707021288875834
274,7,68.8047586,61.92428273957358,6.863772376250539
274,8,51.494887600000006,46.345398839771136,5.104675304261606
275,10,58.5658157,52.7092341296562,5.7971545019682145
275,12,68.9919253,62.09273276957179,6.853642739835798
275,14,69.0444715,62.1400243497355,6.833415360984161
275,17,48.9267299,44.034056909716405,4.892507015382693
275,18,69.5992453,62.63932076951384,6.959672744537324
275,21,60.787717799999996,54.708946019713515,6.017550294850904
275,22,62.7905159,56.511464309690616,6.278851345282685
275,23,53.3832478,48.0449230197164,5.338149324751258
275,24,72.1024376,64.89219383957018,7.136067230903595
275,27,57.598250500000006,51.838425449770774,5.700569332023492
275,29,56.258161900000005,50.63234570975691,5.625643782451594
275,2,71.7013507,64.53121562961947,7.1245412976669895
275,6,55.420553299999995,49.87849796977081,5.486239148258664
275,7,55.2657991,49.73921918978679,5.513162561931148
275,8,59.520285200000004,53.56825667957019,5.890796051306633
276,10,48.9644938,44.06804441977079,4.846764417302395
276,12,54.020904,48.61881359978509,5.346514248537899
276,14,49.497568400000006,44.54781155973719,4.930253904824151
276,17,70.9728713,63.87558416969054,7.095425046832636
276,18,68.1278697,61.31508272914922,6.81247809888671
276,21,46.3246901,41.69222108971352,4.585813366358374
276,22,52.4264161,47.18377448977222,5.221983839238187
276,23,67.5265682,60.77391137969062,6.752425002329228
276,24,53.9908218,48.59173961978509,5.343537737028986
276,27,73.5391022,66.18519197957019,7.278255797261124
276,29,68.4760578,61.62845201969062,6.847393265676559
276,2,55.932678599999996,50.33941073973654,5.557700692186899
276,6,68.6562399,61.79061590961803,6.796478153505624
276,7,70.6781644,63.61034795951266,7.0506566266329465
276,8,47.9833851,43.185046589785095,4.748974253426004
277,10,61.30313509999999,55.1728215895743,6.125989585660775
277,12,60.4174987,54.37574882969055,6.040164574742144
277,14,59.056606,53.15094539957262,5.87813651378896
277,17,54.727294400000005,49.254564959736186,5.430415988184962
277,18,53.5294826,48.176534339716405,5.352772321568827
277,21,58.5150419,52.663537709713516,5.792571505071824
277,22,65.86187129999999,59.27568416962037,6.5602371302722675
277,23,55.8777987,50.29001882977306,5.586310972902509
277,24,61.4513575,55.30622174961855,6.091659900367217
277,27,56.7105023,51.03945206977077,5.612707807043696
277,29,51.18210800000001,46.063897199756916,5.1180487926819245
277,2,69.2180549,62.29624940965623,6.852092569935126
277,6,53.25782529999999,47.93204276977081,5.272144486769905
277,7,57.261813599999996,51.5356322397873,5.726015009035102
277,8,57.194050100000005,51.47464508961795,5.660565449489459
278,10,53.6379804,48.27418235978715,5.360013991419568
278,12,48.3747037,43.53723332973815,4.836200482869584
278,14,48.0508075,43.24572674977312,4.80492900855213
278,17,71.381869,64.24368209965614,7.064751087792354
278,18,69.79450940000001,62.81505845965969,6.979228863436778
278,21,47.9979483,43.19815346969062,4.7996256405607545
278,22,52.25617340000001,47.030556059770774,5.171857261755468
278,23,68.2180821,61.396273889621774,6.820014891505963
278,24,48.2991618,43.46924561975479,4.787884085785536
278,27,72.6233606,65.36102453965614,7.187623680217284
278,29,59.115120499999996,53.20360844962187,5.911304635865742
278,2,55.797406699999996,50.21766602975536,5.544259494561461
278,6,60.2647179,54.23824610961946,5.98813954017401
278,7,69.1676303,62.250867269690616,6.9165496404850035
278,8,49.6196076,44.657646839735506,4.910913121713989
279,10,71.3635161,64.2271644895743,7.131318435814769
279,12,59.0483563,53.143520669659594,5.903286183526332
279,14,54.8664131,49.379771789659685,5.486450901660063
279,17,56.525487600000005,50.8729388397544,5.594395923396876
279,18,55.7698421,50.19285788975685,5.575519726559898
279,21,69.65358280000001,62.68822451978731,6.96516801113035
279,22,65.17221520000001,58.6549936795702,6.45017429316056
279,23,55.2187152,49.69684367977306,5.5204199368649105
279,24,58.309909999999995,52.4789189996567,5.780248359459046
279,27,55.4599042,49.9139137797355,5.488934552298602
279,29,47.9833851,43.185046589787305,4.798190185482133
279,2,67.0720455,60.36484094968864,6.664554366215649
279,6,50.37298260000001,45.33568433977141,4.999399164432227
279,7,51.763001200000005,46.586701079716335,5.174938937558149
279,8,69.3781838,62.4403654197355,6.866443897494694
280,10,55.4027238,49.86245141975597,5.518737232658701
280,12,50.291547599999994,45.262392839715275,5.009337822550393
280,14,46.1415272,41.52737447975691,4.614001357636649
280,17,69.0830254,62.1747228591467,6.8878805350646894
280,18,69.1753031,62.257772789688616,6.872953377284251
280,21,47.2123858,42.49114721957461,4.721049979144518
280,22,54.4734421,49.02609788978509,5.391303060880533
280,23,66.1539895,59.538590549621865,6.615176049400484
280,24,52.890756,47.601680399785096,5.234662845873225
280,27,71.4358681,64.29228128965615,7.070095820253625
280,29,57.209608,51.48864719957461,5.720748879028386
280,2,50.98754639999999,45.888791759771664,5.066332041432223
280,6,59.14061269999999,53.2265514296204,5.891248933745796
280,7,58.6969379,52.8272441097164,5.869507583884077
280,8,54.983244899999995,49.48492040975672,5.493860433987942
281,10,69.6081174,62.64730565965631,6.892466810316607
281,12,67.7055335,60.934980149687405,6.700899938282125
281,14,56.7380828,51.064274519621875,5.67360621618254
281,17,73.8806628,66.49259651957449,7.386127241766596
281,18,54.98817030000001,49.48935326975445,5.443436072937012
281,21,71.6391951,64.47527558968748,7.091768992018017
281,22,67.0971565,60.3874408496894,6.6832779034701355
281,23,51.1269269,46.01423420977312,5.112534593911742
281,24,72.6885403,65.41968626957087,7.205599335697129
281,27,55.7793866,50.20144793975439,5.5205541278035595
281,29,51.7094401,46.53849608978724,5.1693150749214265
281,2,58.4102822,52.569253979571386,5.797112497845596
281,6,53.0598793,47.753891369771594,5.270468390673565
281,7,54.005096699999996,48.60458702943281,5.400281115149002
281,8,70.4362127,63.392591429574495,7.041774184132854
282,10,56.082733399999995,50.474460059785116,5.5513655386118685
282,12,55.1174391,49.6056951897355,5.455040199276398
282,14,57.45244040000001,51.70719635943282,5.745006303084439
282,17,54.85868120000001,49.37281307973816,5.4844283658784025
282,18,68.876239,61.98861509961802,6.818256581389507
282,21,55.1649515,49.64845634973556,5.460936036799145
282,22,49.8310192,44.847917279716405,4.982934472649535
282,23,60.1290101,54.11610908965968,6.012699142284921
282,24,56.1938844,50.574495959770765,5.561577156119881
282,27,70.2047642,63.1842877797355,6.948251990090454
282,29,71.2538937,64.12850432962178,7.123521248155564
282,2,55.217867,49.696080299429184,5.486673528832315
282,6,69.7959453,62.816350769619454,6.935212058494999
282,7,43.598330000000004,39.238496999573584,4.349248106128701
282,8,54.6561047,49.19049422973719,5.444073859062139
283,10,71.0515217,63.94636952957025,7.033056091104758
283,12,68.9265781,62.03392028965615,6.821748144131675
283,14,42.2557387,38.03016482957293,4.208922960864564
283,17,72.0668294,64.8601464596596,7.204792970686528
283,18,54.3244414,48.89199725973556,5.3777316170044545
283,21,72.1891066,64.97019593968749,7.146206304020757
283,22,60.2429687,54.21867182971633,6.022716109916998
283,23,49.046297700000004,44.14166792973822,4.9044403513689225
283,24,70.7808527,63.70276742975596,7.0501977526151585
283,27,47.9688149,43.171933409687405,4.747532249623275
283,29,59.230791100000005,53.30771198957451,5.921524860049256
283,2,43.0299587,38.726962829621876,4.302825899812935
283,6,56.7520355,51.07683194977224,5.6533139825798795
283,7,59.0373554,53.13361985961946,5.8661936516107005
283,8,69.3584682,62.42262137971452,6.89005177909996
284,10,56.57800039999999,50.92020035978511,5.600389688806365
284,12,55.68437469999999,50.11593722975438,5.511150446683493
284,14,66.17808509999999,59.56027658978508,6.549725831852588
284,17,55.740871299999995,50.16678416977245,5.557607735239508
284,18,67.5451564,60.79064075968942,6.728464387774412
284,21,55.709332499999995,50.138399249737205,5.549447167341999
284,22,47.8174302,43.035687179715275,4.762901203427862
284,23,55.3169445,49.78525004965968,5.531503094074963
284,24,47.8487674,43.06389065957088,4.743235277548737
284,27,58.2942084,52.46478755965615,5.76944977958187
284,29,49.1308105,44.217729449427054,4.8635992508594015
284,2,55.79199379999999,50.21279441965967,5.5790073912270595
284,6,70.7372792,63.66355127962178,7.071873660850497
284,7,52.4894988,47.24054891977167,5.215571147886956
284,8,53.498500299999996,48.148650269715276,5.328770813873879
285,10,71.8472987,64.66256882957023,7.111826341610785
285,12,67.9065536,61.115898239687404,6.720795084535319
285,14,45.994716600000004,41.39524493957088,4.559443604300713
285,17,71.7189624,64.54706615962176,7.170016347496781
285,18,53.1884675,47.86962074975691,5.31868062773187
285,21,71.173369,64.05603209968747,7.045655528837082
285,22,58.8497489,52.964774009620385,5.861787868319024
285,23,48.1153571,43.30382138975691,4.8113804303520675
285,24,70.8148578,63.73337201978509,7.00863302668359
285,27,47.7637305,42.98735744977077,4.727234859504032
285,29,69.7769927,62.79929342957028,6.907424416140143
285,2,48.7105064,43.83945575973815,4.869768838213249
285,6,57.422244,51.680019599772244,5.720075981039882
285,7,72.3574541,65.12170868962096,7.218181917166149
285,8,68.9461474,62.05153265962038,6.867450063086874
286,10,53.726677300000006,48.35400956975598,5.3517887137715885
286,12,54.651765600000004,49.18658903973551,5.408951897887851
286,14,67.9952859,61.19575730978509,6.729576378485356
286,17,61.850523700000004,55.66547132931736,6.166767486670096
286,18,59.665526,53.69897339962187,5.966343980308137
286,21,54.23777,48.81399299973556,5.36915169910054
286,22,51.9960841,46.79647568978509,5.146116191508058
286,23,56.481329,50.833196099659595,5.64665116872981
286,24,48.157971100000005,43.3421739895732,4.799760973034941
286,27,57.7240053,51.95160476965615,5.713016010244262
286,29,56.8228099,51.14052890977082,5.625052291215912
286,2,67.9775191,61.17976718965959,6.795964074417513
286,6,70.5055356,63.45498203957297,7.023360408990075
286,7,56.37632970000001,50.73869672973681,5.607317705188498
286,8,56.6843568,51.01592111977077,5.610119890570654
287,10,60.1644342,54.147990779690616,6.016249623327481
287,12,67.6604174,60.89437565965615,6.696434683705545
287,14,49.1679412,44.25114707965615,4.866210921678481
287,17,45.1712146,40.65409313961893,4.482196513535862
287,18,50.9510188,45.855916919787305,5.094947561095639
287,21,70.5902474,63.53122265968747,6.98793068239878
287,22,66.5885305,59.92967744957019,6.590349058203117
287,23,50.6512879,45.58615910975684,5.06353221596256
287,24,71.0241351,63.92172158965834,7.074429194643488
287,27,51.13097210000001,46.01787488977077,5.0604948857899155
287,29,69.3584682,62.42262137971352,6.865993407306155
287,2,56.38732950000001,50.74859654981089,5.6372499497219675
287,6,57.542535699999995,51.78828212975598,5.732059402263725
287,7,70.8517997,63.76661972968864,7.040125005745831
287,8,68.0351043,61.23159386965615,6.73351752744891
288,10,49.1805292,44.262476279772244,4.898940640724465
288,12,55.4862375,49.93761374975439,5.491540615329875
288,14,69.4850039,62.53650350957018,6.877015970932279
288,17,61.981562700000005,55.78340642968822,6.150235199657822
288,18,59.14061269999999,53.226551429621864,5.913853876600407
288,21,51.3702087,46.23318782977081,5.085283658058702
288,22,54.056188299999995,48.650569469770765,5.3500072171986055
288,23,68.6810263,61.812923669659575,6.865938635706722
288,24,56.044750099999995,50.440275089738144,5.603004176160161
288,27,71.3007769,64.17069920961795,7.056725935379681
288,29,53.498500299999996,48.148650269713514,5.295969363396351
288,2,69.4006531,62.46058778943281,6.939799050028523
288,6,68.88521560000001,61.99669403969055,6.8867135176410095
288,7,56.912141999999996,51.220927799771665,5.655023047004144
288,8,52.6551501,47.38963508977113,5.219691431040765
289,10,61.3214252,55.1892826796204,6.108312916814735
289,12,67.2542333,60.52880996961794,6.6562340147873815
289,14,55.2160584,49.69445255977077,5.4648004440542275
289,17,47.169337500000005,42.452403749736504,4.686089303110736
289,18,51.54376309999999,46.38938678973821,5.154179862485323
289,21,62.779824399999995,56.50184195962041,6.253769190499098
289,22,66.1757255,59.5581529496567,6.559985854572707
289,23,53.9618565,48.565670849738154,5.39477027695026
289,24,68.6599792,61.79398127973815,6.864197070045408
289,27,54.3547465,48.9192718497355,5.37955572964458
289,29,68.9461474,62.051532659618026,6.825176887730949
289,2,54.0464045,48.641764049756915,5.404472943029956
289,6,55.26012970000001,49.734116729738226,5.525838330501243
289,7,71.0674921,63.96074288961945,7.06155724055164
289,8,58.7257801,52.85320208968791,5.821472471381588
290,10,50.1518783,45.13669046973554,4.964298218280526
290,12,54.3434455,48.9091009497873,5.434183456799887
290,14,69.53605309999999,62.582447789656136,6.882068237682051
290,17,58.393271199999994,52.55394407961892,5.794180243952861
290,18,68.57380669999999,61.716426029716395,6.8571745611918224
290,21,48.261039100000005,43.434935189773064,4.824837945149362
290,22,52.5214674,47.26932065973592,5.206440272048114
290,23,65.094539,58.58508509962178,6.507746671517857
290,24,50.260077800000005,45.23407001975596,5.006203308186047
290,27,71.107987,63.997188299656145,7.037645320725427
290,29,56.6843568,51.01592111977082,5.611346469662564
290,2,69.0096904,62.10872135971633,6.8991539267804525
290,6,66.4561245,59.81051204965968,6.645397291158541
290,7,55.3601836,49.824165239736544,5.500814060327817
290,8,47.0494927,42.344543429754786,4.66400410901304
291,10,71.0616141,63.955452689687455,7.034055086707006
291,12,59.927663200000005,53.934896879621874,5.99255709932886
291,14,52.0916905,46.882521449754385,5.15557795978365
291,17,52.0065013,46.80585116978588,5.166312367232218
291,18,54.4756029,49.028042609713516,5.392695474534546
291,21,59.7001475,53.73013274962041,5.946988579042992
291,22,66.0221049,59.419894409656706,6.544756811931947
291,23,62.736640200000004,56.46297617951372,6.272017003986291
291,24,62.779824399999995,56.50184195962038,6.253246497584353
291,27,57.442923300000004,51.698630969787246,5.7427839533178044
291,29,68.0370707,61.233363629687474,6.735184448295651
291,2,52.2353802,47.01184217971633,5.222163174173083
291,6,62.25623300000001,56.030609699432816,6.225373667765962
291,7,69.88250310000001,62.89425278971634,6.98641794601981
291,8,59.1105533,53.19949796957019,5.8502440821523765
292,10,56.0965552,50.48689967973554,5.552733797822782
292,12,49.9144427,44.922998429787306,4.991292056839633
292,14,59.7167755,53.74509794965615,5.910242535114545
292,17,72.96811100000001,65.6712998995713,7.240395851718236
292,18,69.57417339999999,62.61675605968747,6.887346911129742
292,21,51.4431416,46.298827439772246,5.1244717932850135
292,22,55.141854099999996,49.627668689770765,5.457456876215207
292,23,47.1389553,42.4250597695745,4.71265736635178
292,24,48.2300412,43.407037079755305,4.791159272413457
292,27,72.98641289999999,65.6877716095746,7.298395696989964
292,29,51.67109,46.50398099977082,5.115068835508336
292,2,66.8707149,60.183643409787294,6.686887503699014
292,6,48.7071938,43.83647441965968,4.870542612760095
292,7,54.1147103,48.703239269716335,5.410050793409311
292,8,49.4495397,44.50458572978509,4.894081236998859
293,10,72.4331363,65.18982266968746,7.169815549030744
293,12,59.4795092,53.53155827969062,5.947757154989295
293,14,47.982836400000004,43.184552759754396,4.748919665956651
293,17,56.0698189,50.46283700975502,5.563630583842318
293,18,56.68656,51.017903999754445,5.611564519636247
293,21,72.96811100000001,65.67129989957449,7.294897922807912
293,22,67.64986640000001,60.88487975961795,6.695390740439377
293,23,65.2798497,58.75186472971632,6.525927981299527
293,24,58.393271199999994,52.553944079619356,5.800772417091712
293,27,55.522627,49.97036429975685,5.550805195908789
293,29,59.52848109999999,53.57563298950889,5.892895000190528
293,2,47.7008583,42.93077246962178,4.768829349121515
293,6,59.1032076,53.19288683962041,5.887526203738282
293,7,69.8238729,62.84148560968864,6.937985894649382
293,8,58.0053321,52.20479888957293,5.777678052426176
294,10,56.4624381,50.8161942897708,5.5889508735684
294,12,51.7925108,46.61325971943281,5.179027833911366
294,14,57.4852836,51.73675523965615,5.6893889883394335
294,17,71.01316709999999,63.911850389620746,7.080324879515298
294,18,70.20940279999999,63.18846251951195,6.9938609968706364
294,21,56.437684899999994,50.79391640977166,5.6078784429034085
294,22,55.00352349999999,49.50317114978508,5.443766149704546
294,23,52.4965214,47.24686925973814,5.247997268667133
294,24,58.150377399999996,52.335339659432805,5.814798965755912
294,27,71.6288765,64.46598884968742,7.0891978215867555
294,29,49.0988987,44.18900882979777,4.8604402729090745
294,2,66.6155322,59.95397897973815,6.659800969752606
294,6,49.416522,44.474869799754444,4.891883059479353
294,7,53.313543200000005,47.98218887975537,5.297451423774365
294,8,48.948695199999996,44.053825679787295,4.894719283282567
295,10,72.91349190000001,65.622142709618,7.2173640404527815
295,12,54.8744541,49.38700868962038,5.465821293622899
295,14,49.8699717,44.882974529735506,4.935691720518932
295,17,57.7850652,52.00655867979931,5.764078162034393
295,18,59.1184865,53.20663784978725,5.91029818553361
295,21,72.2617097,65.03553872968864,7.180218629579309
295,22,67.3473617,60.61262552961794,6.665451584335479
295,23,66.10833360000001,59.49750023965959,6.6087503146380415
295,24,46.1499145,41.53492304962038,4.596807288350972
295,27,56.0938589,50.48447300978509,5.551677519358489
295,29,59.3237966,53.39141693961803,5.872632453716764
295,2,48.251456,43.42631039973821,4.82498568677923
295,6,55.743655999999994,50.16929039961862,5.526878151211631
295,7,61.132176,55.01895839957358,6.098377170376944
295,8,60.344584999999995,54.3101264995746,6.03423913655846
296,10,55.4599042,49.91391377973554,5.4897147112376
296,12,69.1945249,62.27507240962188,6.919222824312584
296,14,69.87489380000001,62.88740441971346,6.915603859916556
296,17,72.8517649,65.56658840957354,7.266987774364947
296,18,68.7317594,61.858583459656224,6.803953396851879
296,21,53.4980278,48.14822501973655,5.315782078355531
296,22,51.0735795,45.96622154973551,5.054814748217537
296,23,50.927458,45.834712199756844,5.091140473003714
296,24,72.3997126,65.15974133961795,7.165487998437116
296,27,71.91644459999999,64.72480013957292,7.163309024394175
296,29,48.677526199999996,43.80977357977081,4.818727406561923
296,2,58.3253874,52.492848659574605,5.832324003587083
296,6,50.531877300000005,45.47868956975445,5.00229530222451
296,7,51.1532478,46.03792301979977,5.113982884302272
296,8,52.242989699999995,47.018690729756905,5.224134847400455
297,10,71.4686162,64.32175457968795,7.085520195984347
297,12,51.922561099999996,46.730304989690616,5.192078133876206
297,14,53.1867807,47.868102629713455,5.263960339001191
297,17,58.42339,52.58105099981037,5.825068122159617
297,18,56.342961800000005,50.70866561975445,5.5775507331086
297,21,72.5549487,65.29945382965836,7.227512273083795
297,22,57.7753635,51.9978271496874,5.718098942978945
297,23,58.0900943,52.28108486951371,5.807484791832015
297,24,67.6365121,60.872860889430164,6.732125081235444
297,27,52.5604584,47.30441255975596,5.235336275170577
297,29,58.0412593,52.23713336961803,5.7456707714053605
297,2,46.383152700000004,41.74483742975691,4.638163396132426
297,6,68.59744880000001,61.73770391968748,6.790658742911317
297,7,59.39689,53.45720099968864,5.901918327181662
297,8,67.2033789,60.48304100969062,6.720127946243998
298,10,55.0955147,49.58596322975443,5.453645517894687
298,12,67.4992076,60.749286839716405,6.749716363272447
298,14,70.2309161,63.20782448965615,6.950839997701684
298,17,70.1316787,63.1185108297164,7.012959017637921
298,18,66.5015667,59.85141002968747,6.583180389119467
298,21,54.1045895,48.69413054973816,5.409283689357739
298,22,47.8324868,43.049238119755955,4.764401138379454
298,23,49.8597619,44.87378570979977,4.984668742069743
298,24,50.9865661,45.88790948965968,5.098474580475855
298,27,62.2120817,55.99087352957019,6.15720633753749
298,29,48.1593614,43.34342525975445,4.767432776679498
298,2,55.4587497,49.91287472962187,5.545675924362177
298,6,55.4451617,49.90064552975444,5.488675403339945
298,7,49.713435499999996,44.742091949688636,4.939730068264987
298,8,54.257032,48.83132879977222,5.404323872573441
299,10,70.8700036,63.7830032397135,7.015088379835089
299,12,52.696358200000006,47.42672237971641,5.269461619369171
299,14,56.4548698,50.80938281975439,5.5874071255646784
299,17,51.2014785,46.0813306496596,5.1188025617954445
299,18,52.8191136,47.53720223975445,5.228714921663737
299,21,71.5950326,64.43552933971633,7.157625421281502
299,22,57.9093368,52.118403119715076,5.763940960943157
299,23,55.4946991,49.9452291895745,5.548013958800079
299,24,72.5759347,65.3183412296597,7.2573647193466515
299,27,50.6748718,45.60738461978509,5.0153540354254655
299,29,59.264007299999996,53.337606569618025,5.866714001706997
299,2,49.168721999999995,44.251849799756904,4.916714452886987
299,6,69.443344,62.49900959961803,6.8743964613678825
299,7,69.0982493,62.18842436968865,6.865885095511712
299,8,70.8195671,63.737610389570186,7.009099673218949
300,10,47.9491087,43.154197829713496,4.7462564266323755
300,12,67.9230967,61.1307870297164,6.7921044235251085
300,14,70.6933772,63.624039479687404,6.996610043813632
300,17,71.4652301,64.31870708965867,7.125398266574847
300,18,58.6114625,52.750316249657004,5.815270900906003
300,21,53.309181,47.978262899716334,5.329517665881099
300,22,48.218482699999996,43.39663442973718,4.802848677181333
300,23,52.5421151,47.28790358979976,5.252833817328636
300,24,53.4980278,48.14822501973822,5.349631720644063
300,27,59.513474499999994,53.562127049656695,5.899557580689166
300,29,52.242989699999995,47.01869072975444,5.171682820272776
300,2,68.3369367,61.503243029690545,6.831896199131476
300,6,56.2968068,50.66712611975444,5.572982204795849
300,7,55.461726,49.91555339977312,5.546005931654794
300,8,56.7773452,51.099610679785094,5.619323283874454
301,10,59.390782200000004,53.45170397965836,5.9159997435110805
301,12,54.861957800000006,49.37576201975692,5.486026257674862
301,14,54.808204100000005,49.327383689735925,5.433122230083358
301,17,51.1051132,45.9946018797355,5.057935522768494
301,18,49.3670849,44.430376409772244,4.917668332082107
301,21,70.5565072,63.50085647969062,7.055434415489433
301,22,66.9125111,60.221259989572935,6.664886040464428
301,23,68.3382081,61.5043872895745,6.832028480857078
301,24,72.5549487,65.2994538296596,7.253591810413389
301,27,52.0555982,46.850038379770766,5.152006213277161
301,29,67.2033789,60.48304100968748,6.652654986492137
301,2,53.3199823,47.987984069738154,5.330595167674324
301,6,70.4086101,63.36774908971352,6.9699503839038055
301,7,69.8603019,62.8742717095746,6.985789883953789
301,8,69.86469819999999,62.87822837957018,6.914595233455967
302,10,46.9827056,42.28443503975598,4.680013035740203
302,12,70.2892754,63.260347859659674,7.028704244731619
302,14,70.0156176,63.014055839656145,6.929531250063584
302,17,60.430987800000004,54.387889019617944,5.9809295584007005
302,18,56.627242300000006,50.96451806957297,5.6408847997469485
302,21,52.335084499999994,47.10157604975691,5.233344387547894
302,22,53.023644299999994,47.72127986975595,5.281471431471438
302,23,56.0894,50.48045999975684,5.6071720900350455
302,24,55.593451,50.03410589977161,5.5226397855974705
302,27,71.2175678,64.09581101957018,7.0484905230128545
302,29,53.3790234,48.04112105973556,5.284141985466348
302,2,69.5227012,62.570431079690614,6.952056529342623
302,6,54.42840329999999,48.98556296971351,5.388023503806285
302,7,55.18497060000001,49.666473539756915,5.5183270328894345
302,8,53.737100299999994,48.36339026977076,5.318426532161859
303,10,57.7240053,51.95160476965836,5.749969489410749
303,12,54.00064329999999,48.600578969736986,5.374892274640683
303,14,56.239203100000005,50.615282789754396,5.566062295342147
303,17,48.7620479,43.88584310978509,4.826039558740994
303,18,51.9651465,46.768631849785145,5.144178550882439
303,21,60.4355219,54.391969709659676,6.0433501091928115
303,22,65.20980229999999,58.688822069690396,6.5163812142749515
303,23,68.3936816,61.5543134396904,6.8345405268310095
303,24,73.0890991,65.78018918961975,7.268105636850787
303,27,55.2718831,49.744694789754384,5.470325866036057
303,29,69.053807,62.14842629968748,6.835834265908868
303,2,53.87361980000001,48.486257819738164,5.385944654166249
303,6,68.319487,61.48753829965622,6.763142336278068
303,7,69.0272696,62.124542639690546,6.90091629355103
303,8,59.5545516,53.599096439617945,5.894187372100711
304,10,51.13097210000001,46.0178748897708,5.061213997556289
304,12,67.8622666,61.076039939658344,6.759487003074788
304,14,68.13108650000001,61.3179778497859,6.768124989758038
304,17,57.9543621,52.158925889570185,5.735814838275611
304,18,70.06398619999999,63.057587579618016,6.935835191812882
304,21,48.2765033,43.44885296978648,4.809030388294591
304,22,52.526704099999996,47.27403368975596,5.2319732157455086
304,23,54.5141968,49.062777119738136,5.449701269531281
304,24,54.6543515,49.1889163497355,5.409207970659162
304,27,70.4087114,63.367840259713454,6.968436797985249
304,29,55.6886906,50.11982153977082,5.512782615664712
304,2,68.8810575,61.99295174962159,6.883028334359624
304,6,56.2702534,50.64322805975445,5.570353591113004
304,7,53.9418807,48.54769262973815,5.392771406792384
304,8,49.7566628,44.78099651977077,4.924477757441264
305,10,71.3007769,64.170699209618,7.057728546137367
305,12,52.777460899999994,47.49971480975595,5.256949765862458
305,14,46.9737202,42.27634817965835,4.678862836996184
305,17,51.00978670000001,45.9088080297851,5.04850101838102
305,18,55.0852404,49.57671635973556,5.453045520308759
305,21,58.703897500000004,52.83350774951225,5.851258079121625
305,22,66.5365026,59.88285233957019,6.585198946194795
305,23,68.4849643,61.6364678696906,6.8477951994949375
305,24,70.37052419999999,63.33347177971344,6.964657575016812
305,27,52.9515451,47.65639058971345,5.240679138339482
305,29,69.8212973,62.83916756961803,6.911810446328254
305,2,67.38969,60.65072099951349,6.73400057027483
305,6,67.1229341,60.41064068968747,6.6446920565132315
305,7,70.8888083,63.79992746971458,7.043802327867934
305,8,57.9143733,52.12293596965615,5.731856808449408
306,10,54.3547465,48.91927184973554,5.3803202004804005
306,12,60.2477501,54.222975089657425,5.984996530349907
306,14,61.2760046,55.148404139689404,6.103456393479085
306,17,71.45490989999999,64.30941890961793,7.071980747243638
306,18,68.5114234,61.66028105965622,6.782142491946862
306,21,49.3072403,44.37651626975536,4.899368703189926
306,22,55.7098424,50.138858159819335,5.523046197843022
306,23,54.6256963,49.16312666973822,5.462396544805758
306,24,51.4374879,46.29373910975439,5.090831063461878
306,27,71.54745869999999,64.39271282965615,7.08114007591315
306,29,52.613029700000006,47.35172672975445,5.208314141840535
306,2,46.7390404,42.0651363595745,4.672672661963669
306,6,51.93909169999999,46.74518252975444,5.141599466419183
306,7,53.9933733,48.59403596971459,5.365002146295234
306,8,50.85894869999999,45.773053829735495,5.03357231480973
307,10,71.3379371,64.20414338968746,7.061406792823213
307,12,48.993064600000004,44.09375813975531,4.866958107469325
307,14,47.1185793,42.40672136973719,4.693291615744917
307,17,55.026051200000005,49.52344607977077,5.44599561367051
307,18,56.2968068,50.66712611975444,5.572981943386996
307,21,69.6042754,62.64384785965623,6.890326701485352
307,22,68.8154257,61.93388312943267,6.879735424554615
307,23,69.1527504,62.237475359716406,6.915067757942081
307,24,60.9552065,54.85968584961795,6.032811945917913
307,27,56.39845329999999,50.75860796975438,5.581823867466946
307,29,59.7127684,53.74149155971531,5.948246986697748
307,2,68.899923,62.009930699659684,6.8897719268307025
307,6,58.8680957,52.98128612957028,5.827522134634941
307,7,69.4934336,62.54409023968864,6.905152164345205
307,8,70.6721124,63.60490115968741,6.994506011402082
308,10,56.36328900000001,50.72696009977225,5.614426603029762
308,12,58.4753125,52.62778124961937,5.808923112957336
308,14,60.0173706,54.01563353957293,5.978089331624052
308,17,71.6894697,64.52052272965615,7.095195302670547
308,18,70.46039069999999,63.41435162968747,6.9750762825193044
308,21,56.1435892,50.52923027978514,5.557814311138536
308,22,54.0807193,48.67264736978724,5.406652682736555
308,23,53.7860625,48.407456249716375,5.378052174328864
308,24,48.0282312,43.22540807975439,4.753412764104301
308,27,69.05131279999999,62.14618151978588,6.859540037975912
308,29,47.1996324,42.479669159737206,4.70175871142883
308,2,55.7013575,50.1312217497873,5.569972200349294
308,6,57.9135991,52.12223918914057,5.733033290967568
308,7,52.3615968,47.12543711977167,5.202862245220121
308,8,56.37632970000001,50.73869672973551,5.579634262629779
309,10,72.9196595,65.62769354961955,7.24757737287066
309,12,52.0221549,46.8199394097553,5.167867240985028
309,14,51.8655449,46.67899040975439,5.1331961012669725
309,17,54.23506879999999,48.81156191975438,5.367711076758565
309,18,55.613835599999994,50.052452039735556,5.505372665368036
309,21,71.6894697,64.52052272965622,7.096746153711425
309,22,66.50583879999999,59.85525491957449,6.648838356119155
309,23,67.4807237,60.73265132965965,6.747380097983677
309,24,57.002364299999996,51.30212786965615,5.641594292718311
309,27,46.7054381,42.03489428957431,4.667248283488924
309,29,59.0373554,53.13361985962041,5.8809662053201235
309,2,69.4493772,62.50443947951383,6.94464903443687
309,6,47.6325023,42.86925206973815,4.7619989885305385
309,7,60.228391699999996,54.20555252965899,6.010496511538239
309,8,70.5650673,63.50856056965614,6.983911650650498
310,10,54.2254728,48.80292551973554,5.367523741209285
310,12,69.3668825,62.43019424968941,6.909356951537894
310,14,70.9986357,63.89877212971391,7.038078354671138
310,17,72.9307053,65.63763476957178,7.244919936728481
310,18,68.5111478,61.66003301968797,6.792749399557856
310,21,54.23506879999999,48.811561919755995,5.403110756163553
310,22,51.1124893,46.00124036978725,5.109907585794903
310,23,60.257266099999995,54.23153948951371,6.024142864835856
310,24,50.4726029,45.425342609770766,4.995335248722758
310,27,69.2528128,62.32753151968959,6.902220844813507
310,29,50.85894869999999,45.7730538297372,5.066278945923898
310,2,63.7806202,57.402558179432674,6.37638113354513
310,6,56.889566,51.200609399621875,5.688754360663048
310,7,47.4846457,42.73618112973767,4.738517490439116
310,8,56.9446074,51.25014665975439,5.635877424502709
311,10,71.6288765,64.46598884968866,7.1173392762532215
311,12,55.932169200000004,50.33895227977223,5.571178291261983
311,14,53.4646599,48.118193909713916,5.2999382813840965
311,17,56.73187790000001,51.05869010978589,5.635731128540753
311,18,55.181214700000005,49.663093229735566,5.462546249118654
311,21,73.0439748,65.73957731962177,7.302482997445411
311,22,58.6035449,52.74319040962038,5.837264214282574
311,23,46.0934286,41.48408573962176,4.607888685544661
311,24,71.2734413,64.14609716957018,7.054020524699399
311,27,51.7627446,46.586470139772224,5.155877889531883
311,29,70.36055300000001,63.32449769965838,7.008918841146336
311,2,46.7757808,42.09820271969062,4.677411774236452
311,6,50.165267300000004,45.14874056973822,5.016362975941321
311,7,58.11062259999999,52.29956033957357,5.7969552649994505
311,8,69.9803799,62.982341909687406,6.926044254040573
312,10,53.58543529999999,48.22689176973719,5.337719440831484
312,12,70.1646707,63.148203629617946,6.94428368397092
312,14,70.7268993,63.6542093696874,6.9999278161174265
312,17,71.6902469,64.52122220968742,7.095271869459293
312,18,67.1229341,60.41064068968747,6.644691591551043
312,21,54.658675599999995,49.192808039755825,5.44154887175938
312,22,49.0991097,44.18919872975439,4.859398997383225
312,23,58.3240465,52.4916418495745,5.830872832686579
312,24,55.004001099999996,49.50360098975439,5.4438132402265635
312,27,62.3204662,56.08841957943267,6.230409277955807
312,29,57.6199994,51.85799945975536,5.725357342951209
312,2,59.42586669999999,53.483280029621866,5.942378866214911
312,6,68.3429529,61.50865760973815,6.832504280471601
312,7,52.390719,47.15164709979932,5.226353479968366
312,8,55.3601836,49.8241652397355,5.479065019333976
313,10,70.42753309999999,63.38477978971529,7.015385069415638
313,12,56.2998456,50.669861039770765,5.572064375289178
313,14,54.8014942,49.32134477973719,5.458555719304108
313,17,50.5295195,45.47656754968741,5.000968218790089
313,18,51.93909169999999,46.74518252975444,5.141599252713237
313,21,71.908657,64.71779129965817,7.158874327828813
313,22,59.6661542,53.69953877965615,5.905232997957948
313,23,48.0128622,43.211575979787284,4.800795124565168
313,24,70.23890820000001,63.21501737965616,6.951631120833467
313,27,50.3152782,45.28375037981093,5.0313807883005
313,29,70.5650673,63.508560569658364,7.0292933494206755
313,2,46.558721,41.90284889977312,4.655723646513845
313,6,53.4627141,48.116442689690295,5.3405990253605955
313,7,70.299611,63.269649899621776,7.028116571564605
313,8,69.7914205,62.812278449687405,6.907342840449786
314,10,51.600276099999995,46.44024848975685,5.15867397091362
314,12,70.4397589,63.39578300957019,6.97150971739364
314,14,70.88398169999999,63.79558352971527,7.060468349715203
314,17,69.5020833,62.5518749696874,6.8787066981639
314,18,59.1942918,53.274862619314966,5.88128331079927
314,21,54.789375500000006,49.310437949772385,5.461079482322466
314,22,49.876260900000005,44.88863480977077,4.936314623477292
314,23,57.684504999999994,51.916054499659644,5.767855613839659
314,24,56.3773744,50.739636959785095,5.579737686408958
314,27,58.661519500000004,52.79536754965968,5.86595341117043
314,29,56.9446074,51.25014665975561,5.663838068624469
314,2,58.4363216,52.59268943962187,5.8434265788268185
314,6,69.5159384,62.564344559659375,6.945388306163811
314,7,55.3035777,49.77321992977306,5.528906339811031
314,8,55.4046873,49.8642185697355,5.483469613152259
315,10,62.9147867,56.623308029620404,6.267029896472584
315,12,65.1412887,58.62715982942692,6.447112847909822
315,14,55.1693661,49.65242948975578,5.491220675492589
315,17,50.994144399999996,45.894729959770764,5.0469527495320445
315,18,57.0965531,51.386897789659685,5.7094600040926755
315,21,70.7279559,63.655160309620406,7.045516170260367
315,22,67.2901876,60.561168839687404,6.659792802149223
315,23,51.5304257,46.37738312975684,5.1514177238085015
315,24,72.4743963,65.22695666969062,7.247218952476838
315,27,50.3808733,45.34278596975691,5.037927137817431
315,29,69.7304802,62.75743217965623,6.902820126670593
315,2,49.1030157,44.19271412973822,4.910139976881134
315,6,57.6238198,51.86143781978514,5.704346944325586
315,7,70.8769384,63.7892445595745,7.085833943581745
315,8,69.7869576,62.808261839713445,6.906901110110577
316,10,49.0293172,44.126385479770796,4.853181224137698
316,12,53.4914566,48.1423109396894,5.328067897352843
316,14,71.3827433,64.24446896962039,7.110148068579031
316,17,60.49468,54.445211999617946,5.987232903121988
316,18,45.4884701,40.93962308965968,4.548677775363288
316,21,50.724351899999995,45.65191670975598,5.052870895785964
316,22,50.493867599999994,45.4444808397355,4.997439912890137
316,23,69.408434,62.46759059962178,6.939021839035493
316,24,52.1165726,46.9049153397164,5.211484736437171
316,27,71.7018289,64.5316460095746,7.169938431036553
316,29,56.58298309999999,50.92468478975444,5.6013111139872676
316,2,69.1719112,62.254720079690614,6.916977567682295
316,6,70.3206814,63.28861325961862,6.9721618439496655
316,7,56.490535900000005,50.841482309756856,5.647570979468415
316,8,52.0775935,46.8698341497355,5.154183073095948
317,10,60.48989219999999,54.44090297957025,5.987610306625575
317,12,69.31306860000001,62.38176173957451,6.929487410897793
317,14,54.0795625,48.671606249738154,5.40653614372629
317,17,47.0915218,42.38236961977223,4.690597517736777
317,18,56.889566,51.200609399621875,5.688754392779011
317,21,59.8241362,53.841722579689424,5.959340128113005
317,22,67.821673,61.03950569961795,6.712394809265303
317,23,54.119282,48.70735379973819,5.41137513725233
317,24,70.59171950000001,63.53254754886535,7.057308573205652
317,27,66.621394,59.959254599430565,6.63588819154596
317,29,69.7914205,62.812278449687476,6.908852721436966
317,2,52.932559700000006,47.63930372973816,5.291863332543805
317,6,55.2417203,49.71754826973597,5.477110152961095
317,7,70.6703139,63.60328250971558,7.046721931479265
317,8,61.2858987,55.15730882971345,6.065540862823762
318,10,51.0622841,45.95605568975442,5.054415046722284
318,12,55.341592500000004,49.80743324977307,5.532706759666237
318,14,69.2320711,62.3088639897164,6.9230002968341
318,17,58.524973599999996,52.67247623962037,5.829437774827993
318,18,50.766641,45.68997689975686,5.075330821147708
318,21,46.4435461,41.799191489716335,4.64313437415466
318,22,52.514065200000005,47.262658679754395,5.197381330604283
318,23,67.3499528,60.61495751969059,6.734434224238199
318,24,72.1901223,64.9711100695746,7.218766432457122
318,27,48.4422489,43.598024009617944,4.794388561027256
318,29,56.6573931,50.991653789770815,5.608677195486039
318,2,69.10334540000001,62.19301085968748,6.840738275323321
318,6,69.2756734,62.348106059687474,6.8577979102523745
318,7,55.4005133,49.86046196975633,5.526601723826729
318,8,47.868496,43.081646399713456,4.73760354576989
319,10,69.8274704,62.84472335965619,6.911893173747324
319,12,68.66647999999999,61.799831999574494,6.864845634123752
319,14,50.19235520000001,45.173119679738164,5.017917354236379
319,17,48.5987486,43.73887373973719,4.840725486094891
319,18,69.486422,62.537779799658374,6.921845260555766
319,21,56.2867346,50.65806113971641,5.628492102855023
319,22,68.34344999999999,61.509104999687395,6.764035592331118
319,23,53.905861099999996,48.515274989738195,5.390032304831953
319,24,51.97164600000001,46.77448139971641,5.196991977150865
319,27,71.4641114,64.31770025961794,7.0728912110709565
319,29,70.9096905,63.818721449570276,7.019553676925131
319,2,53.8087286,48.42785573973556,5.326680013510657
319,6,57.3959651,51.65636858978514,5.681790987692575
319,7,73.5800067,66.22200602962094,7.340138757584049
319,8,58.444259200000005,52.59983327968741,5.7843003191749505
320,10,55.2718831,49.74469478975442,5.471103416118
320,12,52.992593,47.69333369977306,5.2978684041324575
320,14,59.694517499999996,53.72506574969054,5.967884803700391
320,17,71.26240059999999,64.13616053968856,7.0791899368661735
320,18,55.95947650000001,50.36352884975613,5.577712571810135
320,21,47.7729846,42.995686139716405,4.777134930531443
320,22,52.8047608,47.524284719755954,5.259669118022566
320,23,67.2706428,60.54357851971638,6.72637389562635
320,24,69.5020833,62.55187496969054,6.948385132156051
320,27,55.2632698,49.73694281975439,5.46947337536627
320,29,54.5049814,49.05448325977081,5.395603821391614
320,2,68.2084775,61.38762974978514,6.752152644378195
320,6,70.0033579,63.00302210950889,6.929833459559502
320,7,56.18447210000001,50.56602488977258,5.604807355006767
320,8,50.511384400000004,45.46024595971453,5.017788276898978
321,10,70.35566829999999,63.320101469687444,6.964176932877783
321,12,59.927541500000004,53.93478734968941,5.969141458221581
321,14,47.570761499999996,42.81368534975596,4.738331061491015
321,17,54.089492699999994,48.68054342973549,5.353303167781229
321,18,70.5362486,63.482623739620635,7.030641661334569
321,21,71.0174686,63.91572173973822,7.101540833078811
321,22,70.7222779,63.65005010962177,7.070371918960834
321,23,53.8388754,48.4549878597569,5.383438241089684
321,24,50.724351899999995,45.651916709755305,5.038943839430817
321,27,70.9403313,63.8462981696874,7.021051910160759
321,29,61.012744100000006,54.91146968961804,6.03982646754489
321,2,47.7774374,42.99969365957028,4.729625205062105
321,6,54.2195814,48.79762325977306,5.420535172339392
321,7,69.3707289,62.433656009620954,6.920232932844966
321,8,68.876022,61.988419799657436,6.842127712310862
322,10,55.760737999999996,50.18466419977079,5.519492898315983
322,12,48.4524042,43.6071637797355,4.795393218297094
322,14,59.028741,53.12586689961936,5.863901626524706
322,17,71.4856862,64.33711757968742,7.075026412160173
322,18,57.010078,51.309070199770815,5.643590429497976
322,21,52.0542299,46.84880690971641,5.2052501647869684
322,22,55.312423499999994,49.78118114978724,5.529790156513459
322,23,68.32922860000001,61.49630573957458,6.832343665438452
322,24,59.9223359,53.93010230965615,5.930586596760356
322,27,54.2540366,48.8286329397355,5.369588316809315
322,29,50.5967452,45.537070679785145,5.008716333597898
322,2,69.79533930000001,62.815805369735564,6.909240867684501
322,6,59.2416599,53.31749390962178,5.922611137235946
322,7,51.014421899999995,45.91297970975444,5.050063512260335
322,8,55.3806673,49.842600569755305,5.501501702316167
323,10,73.355218,66.01969619961798,7.261088482168758
323,12,58.052570599999996,52.24731353961794,5.745533797312046
323,14,48.1261422,43.3135279797355,4.763102850701372
323,17,54.1190884,48.70717955973551,5.356232297193233
323,18,69.8948652,62.905378679618025,6.919092972738383
323,21,72.3766107,65.13894962962188,7.237424796288072
323,22,69.38949199999999,62.45054279957449,6.937128178645029
323,23,56.59498979999999,50.93549081979976,5.658012896215458
323,24,47.0444421,42.339997889755956,4.685907050879885
323,27,71.47227029999999,64.3250432696874,7.073698593691513
323,29,59.4076968,53.466927119659594,5.939210345127186
323,2,53.6625859,48.29632730973556,5.312212951699212
323,6,50.4086549,45.36778940978725,5.039542675230623
323,7,59.251717299999996,53.326545569656226,5.865497642554351
323,8,68.67994859999999,61.81195373965614,6.797339121857032
324,10,56.3276872,50.6949184797708,5.575612525776506
324,12,54.632586800000006,49.169328119809684,5.427186958706621
324,14,70.1163281,63.10469528965615,6.939499015688757
324,17,70.3828603,63.344574269687406,6.965878356941626
324,18,64.9783898,58.48055081942705,6.432396409554884
324,21,55.5480831,49.99327478975691,5.554637355595263
324,22,50.754686400000004,45.67921775977307,5.074135893144899
324,23,67.6884898,60.91964081957457,6.768151189300975
324,24,57.543937899999996,51.7895441096894,5.731719874805769
324,27,56.2048035,50.58432314977222,5.598335119665914
324,29,51.2531246,46.12781213973822,5.125146216417647
324,2,69.98240559999999,62.98416503961862,6.938623073447236
324,6,57.719039,51.94713509962178,5.7703884972261825
324,7,47.2371504,42.513435359754446,4.676140619979457
324,8,55.18497060000001,49.66647353975439,5.461723939383443
325,10,72.12129859999999,64.9091687396562,7.138948553403833
325,12,71.1411261,64.02701348943266,7.112245636595482
325,14,54.8399893,49.35599036975439,5.4275805000004835
325,17,55.000919800000005,49.50082781977077,5.443508292839793
325,18,49.8667896,44.88011063957296,4.967444837427579
325,21,70.18974650000001,63.17077184965839,6.991903557388212
325,22,59.6514758,53.6863282195745,5.963581653076821
325,23,50.7837097,45.70533872977308,5.077267070845566
325,24,49.9229413,44.93064716975578,4.969022974441601
325,27,71.2156102,64.09404917968742,7.04829645048373
325,29,69.8451348,62.86062131962187,6.98428273772241
325,2,50.368355099999995,45.33151958975444,4.986107638942265
325,6,50.7546135,45.679152149737206,5.05588506314659
325,7,56.488693700000006,50.83982432961803,5.591977871777366
325,8,69.0272696,62.124542639687405,6.831713810747074
326,10,52.9127114,47.621440259735536,5.237580098075917
326,12,57.229971,51.50697389978715,5.718957692953363
326,14,69.7864777,62.80782992968741,6.906853297529272
326,17,71.94722850000001,64.7525056495702,7.120706027200254
326,18,68.9508312,62.055748079737704,6.881824515005539
326,21,56.0829872,50.47468847978514,5.5518152781370675
326,22,48.894483300000005,44.005034969773064,4.888164326423593
326,23,58.0237314,52.22135825962178,5.8008507767366035
326,24,73.1378937,65.82410432962178,7.311872948492165
326,27,49.0409292,44.13683627971346,4.853640687449937
326,29,56.45290080000001,50.80761071978731,5.645124951896341
326,2,58.6380831,52.77427478961803,5.8047523860941705
326,6,69.6851319,62.716618709688646,6.924201112459192
326,7,49.6029694,44.64267245975444,4.910339792771449
326,8,53.9418807,48.5476926297355,5.338693775154945
327,10,70.1516936,63.136524239618,6.943986661440422
327,12,71.20594270000001,64.08534842962177,7.118728119239413
327,14,53.4919826,48.142784339735506,5.294166617686896
327,17,55.2663263,49.73969366975439,5.469775870089721
327,18,53.574832900000004,48.21734960969055,5.356075750985024
327,21,71.94722850000001,64.7525056495703,7.12226266521665
327,22,57.8251202,52.04260817965968,5.78231521150823
327,23,47.6170649,42.85535840977306,4.760206311439828
327,24,54.089492699999994,48.68054342973718,5.387636119765033
327,27,60.212590600000006,54.19133153971346,5.95931411828929
327,29,69.8603019,62.8742717095746,6.985789812937864
327,2,47.3061597,42.575543729785146,4.68297217061277
327,6,55.6986416,50.12877743973556,5.513767923081781
327,7,69.7887161,62.80984448971352,6.908585267580895
327,8,70.8043201,63.72388808968741,7.0075905456957885
328,10,52.7345846,47.46112613977079,5.219948214822968
328,12,64.3520175,57.91681574931669,6.409844371358168
328,14,70.3962254,63.3566028597355,6.967200729053312
328,17,70.116472,63.10482479968741,6.939513549230374
328,18,68.5375458,61.68379121969062,6.853542099315467
328,21,55.2663263,49.739693669754445,5.470971660785761
328,22,49.2905992,44.36153927977312,4.928905958712072
328,23,56.020899,50.41880909957448,5.600324923757761
328,24,71.4856862,64.33711757968742,7.0750263439074175
328,27,46.415136600000004,41.773622939713455,4.593762796162988
328,29,65.0197937,58.51781432943266,6.500269782077919
328,2,58.339908900000005,52.50591800957029,5.775235080169144
328,6,70.4020509,63.36184580961803,6.96930112382007
328,7,53.1529539,47.83765850971531,5.294793639858609
328,8,55.7115177,50.14036592975439,5.513836930106187
329,10,61.079379700000004,54.9714417296562,6.045960888725055
329,12,52.8142613,47.532835169656146,5.227091838697226
329,14,54.062482599999996,48.6562343397355,5.350629716420923
329,17,51.11034479999999,45.999310319754386,5.058453292912881
329,18,53.493932,48.144538799738214,5.349222358128834
329,21,70.116472,63.10482479968748,6.941030734760411
329,22,67.5484357,60.79359212962187,6.754617968910887
329,23,50.8953883,45.80584946978724,5.087935485060091
329,24,54.1190884,48.70717955973551,5.356232229690751
329,27,58.0557996,52.250219639617946,5.745853988500886
329,29,51.038086299999996,45.93427766965959,5.102441755199991
329,2,49.4486832,44.503814879754444,4.895066656345965
329,6,58.8801947,52.992175229770815,5.828718997088562
329,7,70.5190824,63.467174159716336,7.050059936893591
329,8,69.8010256,62.820923039713456,6.908293173457196
330,10,48.2725191,43.445267189756855,4.825985211419782
330,12,70.9707674,63.87369065961794,7.024064115777283
330,14,72.0429128,64.83862151961794,7.130175640891344
330,17,60.6700601,54.60305408965615,6.004590531191208
330,18,58.184192599999996,52.365773339659675,5.8182218375082275
330,21,51.11034479999999,45.99931031975444,5.059559171375454
330,22,51.8282259,46.64540330973718,5.162400386625513
330,23,68.4908821,61.64179388962177,6.847290911789495
330,24,70.3828603,63.344574269687406,6.965878278727502
330,27,51.880021600000006,46.6920194397851,5.134629184605964
330,29,70.0253817,63.022843529574494,7.000665296364516
330,2,68.62879600000001,61.765916399656234,6.793761490906068
330,6,71.51833979999999,64.36650581968748,7.079805909097059
330,7,54.2361937,48.81257432971531,5.402699188852284
330,8,49.7739841,44.79658568971528,4.957786657608966
331,10,57.5794075,51.821466749621784,5.756429875711861
331,12,55.347099,49.812389099735505,5.4777698534870085
331,14,54.5860127,49.1274114297355,5.402444111935532
331,17,47.179611300000005,42.46165016977223,4.699370612924057
331,18,50.4086549,45.36778940978725,5.039541872629455
331,21,60.6700601,54.603054089656226,6.005903313650702
331,22,66.5984928,59.93864351968741,6.591334816499222
331,23,54.540049599999996,49.08604463977309,5.453447210030639
331,24,53.6392798,48.27535181973718,5.342793449782448
331,27,72.6786986,65.41082873961795,7.19310037369864
331,29,57.1097222,51.39874997979966,5.706701034991055
331,2,54.6051779,49.144660109755364,5.425793359723034
331,6,57.9331171,52.139805389770814,5.7349651104927855
331,7,70.5014094,63.45126845965647,6.984144169405433
331,8,59.544391399999995,53.589952259620375,5.930978792592619
332,10,51.367886799999994,46.231098119786466,5.116826199087274
332,12,69.5411521,62.58703688968741,6.882573348904825
332,14,68.288075,61.45926749965616,6.758554503829239
332,17,57.7415872,51.96742847957461,5.773945448978109
332,18,57.719039,51.94713509962178,5.77038843126815
332,21,47.2065563,42.48590066975445,4.67311196743118
332,22,53.20346190000001,47.88311570975439,5.265611680113892
332,23,69.1340376,62.22063383962187,6.913175898273074
332,24,70.5342493,63.48082436968857,7.006855608042166
332,27,54.900258,49.4102321997355,5.433545619649775
332,29,72.4701939,65.22317450962177,7.245080120630825
332,2,69.3735464,62.436191759689414,6.910598200819029
332,6,72.67866079999999,65.41079471965621,7.194669391505319
332,7,57.1104722,51.39942497978514,5.65352842206985
332,8,49.2275869,44.30482820977077,4.872113875902087
333,10,71.7018289,64.53164600957294,7.14232074144471
333,12,56.0278454,50.42506085977077,5.545144202756522
333,14,51.580170100000004,46.42215308977223,5.137691986218318
333,17,49.110982199999995,44.199883979756905,4.910940770401285
333,18,52.307131299999995,47.07641816977081,5.178032249616516
333,21,56.8208741,51.13878668965622,5.6248612300324226
333,22,68.2966546,61.46698913965614,6.759404158522292
333,23,53.7950983,48.415588469738196,5.378957307142235
333,24,53.933293400000004,48.5399640597355,5.337843568590637
333,27,73.5887158,66.22984421968741,7.283165703084961
333,29,53.9933733,48.5940359697164,5.3991604521781955
333,2,53.196524000000004,47.876871599737214,5.299134402013261
333,6,56.2433961,50.619056489713515,5.567694719944043
333,7,71.0960189,63.98641700962041,7.082182131807216
333,8,58.687572499999995,52.81881524968827,5.8245997205495765
334,10,56.5240474,50.87164265978512,5.595049164528405
334,12,69.8458696,62.86128263957019,6.91273152517076
334,14,59.408894599999996,53.46800513965959,5.939330892490084
334,17,69.84831729999999,62.86348556969061,6.984616513746223
334,18,70.55757,63.50181299968747,6.984695787490075
334,21,48.3138529,43.48246760973556,4.78272641796242
334,22,53.5784363,48.22059266977077,5.302723356363014
334,23,67.93857410000001,61.144716689690554,6.7920753297040095
334,24,70.116472,63.10482479968741,6.939512840108222
334,27,56.881493000000006,51.19334369977077,5.629630924055112
334,29,69.0642228,62.15780051973821,6.906220275257285
334,2,69.3670473,62.430342569690545,6.93488698761773
334,6,70.5630817,63.50677352968747,6.98524200106057
334,7,55.31893530000001,49.78704176977225,5.51055775557699
334,8,48.731776100000005,43.85859848971426,4.836510119188873
335,10,71.8471391,64.66242518961799,7.111810606846413
335,12,53.9175775,48.525819749772225,5.370512114756582
335,14,46.7705149,42.093463409773065,4.675824182677659
335,17,64.8612404,58.37511635931936,6.48577666794657
335,18,53.608048,48.24724319968942,5.34012789822049
335,21,69.84831729999999,62.86348556968747,6.9144851954687185
335,22,68.9973977,62.09765792965713,6.848412731732589
335,23,53.9865386,48.58788473973814,5.396953094856756
335,24,51.359845199999995,46.22386067977112,5.0912854372879215
335,27,77.5906418,69.83157761961795,7.6792414742114765
335,29,52.272601699999996,47.0453415295746,5.227059287510951
335,2,54.349259599999996,48.914333639772245,5.413963398232284
335,6,53.1416743,47.82750686977117,5.268894377094244
335,7,70.9787852,63.88090667962041,7.070504144645523
335,8,68.6391513,61.77523616965614,6.793300897700441
336,10,53.9663364,48.56970275973554,5.341873353658015
336,12,60.852953600000006,54.7676582396596,6.083700209131435
336,14,59.010237700000005,53.10921392962038,5.877773021972017
336,17,46.045524199999996,41.440971779574475,4.603094915015855
336,18,69.1646333,62.24816996978648,6.889786665616519
336,21,53.282338100000004,47.95410428973556,5.274570958395555
336,22,51.1741166,46.05670493973719,5.097247878161563
336,23,68.0546729,61.24920560969053,6.803324263133023
336,24,61.313097000000006,55.18178729957019,6.0682323681132235
336,27,56.5136764,50.862308759735505,5.593227613031011
336,29,44.776749,40.29907409914922,4.477433707763362
336,2,70.42862439999999,63.385761959618016,6.971931433984459
336,6,59.8638754,53.877487859572966,5.963301420892695
336,7,52.336693000000004,47.10302369975522,5.197247260400013
336,8,55.2808092,49.752728279754386,5.471208894598491
337,10,70.849204,63.764283599656196,7.013029589827181
337,12,50.06162079999999,45.05545871977222,4.986435953267171
337,14,50.541212599999994,45.487091339770764,5.002125338878858
337,17,70.8702376,63.78321383969054,7.0851634580849
337,18,55.5327785,49.97950064969054,5.551820796709998
337,21,70.507317,63.45658529973556,6.9797213044033946
337,22,65.4167258,58.8750532196894,6.5158978849405536
337,23,53.5569951,48.20129558973814,5.354012179175601
337,24,48.1489841,43.33408568977077,4.765363506374555
337,27,72.94001829999999,65.6460164696874,7.2189633827744935
337,29,59.63858869999999,53.67472982965943,5.959400269332721
337,2,54.7681929,49.29137360977082,5.4216598390404895
337,6,50.1546742,45.13920677978514,4.964954755668629
337,7,60.353773200000006,54.31839587965767,5.999859018714286
337,8,69.52985980000001,62.576873819754844,6.893856657027045
338,10,56.6911701,51.02205308978647,5.64708585595714
338,12,60.6125395,54.55128554961794,5.998897428907316
338,14,69.6391426,62.67522833957018,6.892271505627918
338,17,53.4318112,48.08863007973815,5.341777768755509
338,18,72.2978194,65.06803745965621,7.156968409104067
338,21,52.733174000000005,47.459856599735566,5.220207639184452
338,22,49.533043,44.579738699737185,4.933787165705763
338,23,66.4071454,59.76643085971632,6.638623598756941
338,24,56.8208741,51.13878668965614,5.6236315809639175
338,27,55.7833241,50.20499168977077,5.5209437912731545
338,29,48.3699048,43.532914319772956,4.83337362741464
338,2,70.04893129999999,63.0440381696204,6.977877134113018
338,6,57.4483168,51.70348511957028,5.686973697646269
338,7,48.453375199999996,43.608037679771535,4.811617131860365
338,8,51.157488900000004,46.04174000965835,5.095591852104419
339,10,72.92114819999999,65.62903337962176,7.290201810524168
339,12,53.088383900000004,47.77954550977077,5.254222151812123
339,14,54.2582699,48.83244290975439,5.370006971973863
339,17,70.3897496,63.350774639689405,7.011239147910196
339,18,56.31130640000001,50.68017575973556,5.57441735375567
339,21,71.81633579999999,64.63470221961802,7.109304987770471
339,22,59.0235662,53.12120957961794,5.841635172728314
339,23,50.0892554,45.08032985975685,5.0076101704262435
339,24,48.3138529,43.48246760973815,4.830117127783112
339,27,71.6538813,64.48849316965614,7.091672945438161
339,29,59.721574200000006,53.7494167796904,5.96769219777845
339,2,50.7747435,45.69726914977225,5.057890166670426
339,6,51.7355235,46.561971149771665,5.140653031986865
339,7,59.310705399999996,53.37963485961963,5.896165704249118
339,8,70.68506140000001,63.61655525968941,7.040656117304173
340,10,55.3354578,49.801912019756855,5.532093818577914
340,12,71.561717,64.40554529957019,7.082551195436539
340,14,70.5892514,63.53032625971345,6.9863047011507735
340,17,53.6901007,48.32109062973719,5.34785393193952
340,18,72.9506105,65.65554944957029,7.22159040960354
340,21,53.6901007,48.321090629735565,5.3149365505900406
340,22,51.4755536,46.32799823978509,5.094598539248165
340,23,57.8377555,52.053979949659684,5.783579073297066
340,24,69.5630806,62.6067725396596,6.954483078253309
340,27,50.7597235,45.683751149754784,5.0317988665824815
340,29,47.798742,43.01886779969054,4.778594040518975
340,2,59.3917103,53.45253926957322,5.919818008354324
340,6,69.9275725,62.93481524965837,6.965790336289102
340,7,50.654681700000005,45.58921352975548,5.035657016190796
340,8,56.4076852,50.76691667977206,5.6144778914078435
341,10,72.0493931,64.8444537896204,7.17693990552197
341,12,55.8447774,50.26029965975439,5.527025735510763
341,14,54.2026185,48.78235664975439,5.364499095357923
341,17,71.09739189999999,63.987652709658335,7.081725611634675
341,18,58.4358912,52.59230207975445,5.784736090943396
341,21,71.09739189999999,63.98765270965622,7.038134568138713
341,22,64.1987655,57.77888894957018,6.353831007090945
341,23,47.0664349,42.35979140975691,4.7064904557894005
341,24,54.669362899999996,49.202426609755776,5.441453683438265
341,27,62.89819800000001,56.60837819961795,6.225112217136849
341,29,68.7141448,61.842730319738216,6.871213404388804
341,2,55.40701850000001,49.86631664943063,5.519333203129625
341,6,54.6974158,49.22767421973556,5.414653605368649
341,7,70.3878099,63.34902890965622,6.967891324618601
341,8,73.482605,66.13434449957262,7.314013609548487
342,10,53.07288380000001,47.76559541975598,5.286662772502688
342,12,69.552259,62.597033099687415,6.883672466386945
342,14,70.24429789999999,63.21986810957018,6.952164374156323
342,17,55.7597477,50.18377292975596,5.554003176340211
342,18,70.5630817,63.50677352968796,6.996194984708576
342,21,56.0520344,50.446830959770814,5.548751150702545
342,22,52.639521,47.375568899785094,5.209797808879563
342,23,56.78371490000001,51.10534340962188,5.67816986425004
342,24,70.8702376,63.78321383968917,7.05399092600749
342,27,47.811637000000005,43.03047329975439,4.731976161553655
342,29,51.548996300000006,46.394096669690626,5.154693925515098
342,2,42.595774199999994,38.33619677965968,4.259415124722209
342,6,68.8877974,61.999017659656225,6.819400779329735
342,7,54.63581429999999,49.17223286973555,5.40855553325762
342,8,57.3203939,51.588354509786306,5.705323474507543
343,10,59.50111999999999,53.55100799969061,5.949918106121717
343,12,56.4934709,50.84412380978509,5.591227764089299
343,14,54.8749661,49.387469489754395,5.43104214637031
343,17,70.5439503,63.489555269716405,7.054184578958123
343,18,53.3921894,48.05297045973556,5.285445592477373
343,21,71.813529,64.63217609961804,7.109027166246403
343,22,68.6916215,61.82245934950878,6.798494373644651
343,23,49.314608799999995,44.38314791973819,4.930952801212131
343,24,53.4318112,48.088630079737186,5.322127425897991
343,27,58.7026721,52.83240488965615,5.809875765085939
343,29,69.8986227,62.90876042971641,6.989653432478097
343,2,57.125142100000005,51.41262788969062,5.712325741120733
343,6,57.014864499999995,51.31337804977081,5.64406449147527
343,7,69.3365357,62.40288212961803,6.8638227743969615
343,8,69.4677154,62.5209438595745,6.944949141616247
344,10,50.3847446,45.34627013982088,5.038329814123889
344,12,70.3541493,63.31873436957461,7.035173539106637
344,14,69.3124821,62.3812338896874,6.859941324862874
344,17,51.0287325,45.92585924973822,5.10270746142099
344,18,58.321389499999995,52.48925054968747,5.773401765101681
344,21,53.64737,48.28263299978514,5.31070654870216
344,22,55.305969899999994,49.775372909797724,5.473699500020462
344,23,67.7367072,60.963036479690594,6.772977939077064
344,24,70.21325859999999,63.191932739658334,6.9936608810803405
344,27,48.273728500000004,43.44635564973551,4.777709891272852
344,29,54.4172184,48.97549655973822,5.441549143366879
344,2,47.0054163,42.304874669716334,4.699307632233762
344,6,69.8899192,62.90092727965622,6.9186035230993665
344,7,57.0328928,51.329603519770814,5.645849238313114
344,8,52.186449499999995,46.96780454977306,5.217275669865133
345,10,59.3938448,53.45446031957461,5.939167046131526
345,12,55.33757729999999,49.80381956977311,5.533591318348043
345,14,52.992852400000004,47.69356715973551,5.244767049708953
345,17,60.4945936,54.44513423965968,6.049256853988481
345,18,49.6170968,44.655387119754444,4.911738401109495
345,21,61.5889202,55.430028179508895,6.096863788985634
345,22,69.1654956,62.248946039657426,6.870884086900337
345,23,54.3898035,48.95082314973815,5.437551931954513
345,24,55.0089978,49.50809801975596,5.479224722801519
345,27,69.6839148,62.71552331965614,6.89670285757912
345,29,71.5299437,64.37694932969055,7.151115446743658
345,2,68.54084660000001,61.68676193969057,6.852599097558774
345,6,55.025839399999995,49.523255459735964,5.455705188828912
345,7,69.4262906,62.48366153968748,6.872707568182738
345,8,59.251717299999996,53.326545569659594,5.923617329433367
346,10,46.6581604,41.99234435965968,4.6656438923623815
346,12,71.5326786,64.37941073957461,7.153023853530104
346,14,66.5591627,59.903246429689844,6.639134630023089
346,17,47.460415,42.71437349975691,4.745887401933074
346,18,56.4249264,50.78243375961802,5.585665505855836
346,21,49.0946505,44.18518544980902,4.860019845663731
346,22,52.583027,47.32472429973649,5.223585071958625
346,23,68.66174720000001,61.79557247973816,6.864371870162965
346,24,71.3199885,64.18798964968741,7.058626987886708
346,27,54.6515859,49.18642730975596,5.443625133356056
346,29,55.4005133,49.86046196975691,5.539880805092012
346,2,51.20889830000001,46.08800846971532,5.101138165871234
346,6,68.1000817,61.2900735297146,6.766705640017835
346,7,53.588961999999995,48.230065799735556,5.304924633791187
346,8,47.2371504,42.51343535975439,4.675118515514612
347,10,71.0402113,63.93619016968941,7.076415749071651
347,12,57.0347397,51.33126572977312,5.703304164030023
347,14,48.324108100000004,43.49169728975686,4.831142242067519
347,17,57.685187299999996,51.91666856965834,5.745790227948675
347,18,51.293491700000004,46.16414252975445,5.077689550269565
347,21,59.3360876,53.402478839656226,5.873849310726903
347,22,67.8312352,61.04811167977076,6.713340130880086
347,23,57.3729802,51.635682179799765,5.735791762484717
347,24,55.68244730000001,50.114202569770775,5.510959919111129
347,27,69.5900381,62.631034289689175,6.926570495089493
347,29,73.5800067,66.22200602962177,7.3560701061312885
347,2,68.54574799999999,61.6911731997135,6.785539866582496
347,6,54.71750829999999,49.24575746975444,5.416642634329966
347,7,68.6421407,61.77792662965623,6.795082441190373
347,8,56.488693700000006,50.83982432961795,5.590755698370623
348,10,54.900258,49.41023219973554,5.434317089991215
348,12,69.39256929999999,62.453312369658335,6.911915749483728
348,14,56.450423400000005,50.8053810596596,5.643560728189161
348,17,50.65966349999999,45.59369714977222,5.046004611024931
348,18,68.8367952,61.95311567971351,6.814352005899501
348,21,47.077601800000004,42.369841619687485,4.660346358360785
348,22,49.5066868,44.55601811965834,4.931161248137986
348,23,58.3010778,52.47097001982088,5.8299478661527235
348,24,72.2899516,65.06095643957018,7.154625693782349
348,27,52.216429600000005,46.99478663973719,5.201067727825791
348,29,56.18447210000001,50.56602488977307,5.6169443854182335
348,2,53.53397210000001,48.18057488975445,5.299480803296812
348,6,67.8842043,61.095783869618025,6.720052026687965
348,7,55.552247200000004,49.99702247975445,5.499275847228996
348,8,49.6029694,44.64267245975439,4.909266524803542
349,10,73.5887158,66.22984421968864,7.312076413689461
349,12,54.0600593,48.654053369770764,5.35038990885601
349,14,45.8962364,41.30661275977306,4.588418845124987
349,17,72.01950289999999,64.81755260961793,7.127858750675925
349,18,53.9577261,48.56195348973556,5.341429699371704
349,21,70.0628588,63.056572919656226,6.935723259689607
349,22,70.5998664,63.53987975969061,7.059769751205508
349,23,69.5466078,62.59194701962188,6.954430364757433
349,24,53.64737,48.28263299978509,5.3095458319128355
349,27,69.64443700000001,62.67999329957294,6.93700294951583
349,29,69.3707289,62.43365600962179,6.935539018287519
349,2,70.2480517,63.223246529658375,6.997712524143484
349,6,52.3235315,47.09117834978679,5.219649684036379
349,7,67.6955368,60.92598311965622,6.701375462308907
349,8,69.2157654,62.294188859656145,6.850369492155572
350,10,55.406751799999995,49.86607661973719,5.519144481700054
350,12,62.7411386,56.467024739570185,6.209567590180832
350,14,57.9434373,52.149093569621776,5.79282291784994
350,17,54.4485271,49.0036743897355,5.388837173311651
350,18,70.1437602,63.12938417965623,6.943732210121355
350,21,55.753779400000006,50.17840145975537,5.53992305038673
350,22,50.9792435,45.88131914969062,5.097748482527866
350,23,56.734172400000006,51.060755159787306,5.673251382251626
350,24,61.1136812,55.00231307961794,6.048496208668295
350,27,68.4314258,61.588283219511915,6.8161780956274205
350,29,61.634669200000005,55.47120227931921,6.161844531877099
350,2,51.62801030000001,46.46520926971532,5.142888809915851
350,6,59.282863799999994,53.35457741951383,5.928058449455573
350,7,52.9251394,47.632625459770814,5.2392109669574305
350,8,56.897033500000006,51.2073301497851,5.631168983518334
351,10,75.568218,68.01139619968865,7.50876819066758
351,12,51.3399418,46.20594761977077,5.081176473967354
351,14,49.1340101,44.22060908973814,4.91184881059745
351,17,70.9456672,63.85110047968741,7.021579881448921
351,18,55.959818299999995,50.36383646975444,5.539622581358808
351,21,70.9456672,63.85110047968896,7.05642212383906
351,22,66.3462363,59.711612669690616,6.634415542673838
351,23,69.8559467,62.87035202951384,6.985341990305621
351,24,47.4411593,42.69704336977077,4.695309564126877
351,27,47.3069895,42.57629054962187,4.730518667580786
351,29,46.0340809,41.4306728096596,4.6021757140867185
351,2,68.3343551,61.50091958962014,6.802259665033783
351,6,50.1511841,45.1360656897873,5.014965939848751
351,7,59.757815400000005,53.78203385965623,5.915597626584224
351,8,71.9305279,64.73747510961795,7.1190530083442845
352,10,56.5136764,50.862308759736806,5.620979218044767
352,12,59.726865600000004,53.75417903965968,5.972485819383554
352,14,69.150819,62.235737099690546,6.913267826494734
352,17,55.964851800000005,50.368366619770775,5.5389097073633
352,18,69.7821178,62.80390601961802,6.907932379478954
352,21,54.830879200000005,49.34779127973681,5.453606231815522
352,22,51.262666499999995,46.136399849756906,5.126104719600761
352,23,63.1236433,56.81127896951383,6.31212715480238
352,24,58.776955,52.89925949968741,5.8172275153423225
352,27,69.6435597,62.6792037297164,6.964147884391079
352,29,59.738296000000005,53.764466399659604,5.972231968728407
352,2,56.3634644,50.72711795979904,5.614606898609088
352,6,57.6449377,51.880443929621876,5.764289922043727
352,7,48.368263500000005,43.531437149770824,4.788112755615216
352,8,56.7153065,51.04377584977076,5.613183235014757
353,10,72.94001829999999,65.64601646968744,7.219989365480668
353,12,52.1196824,46.90771415973822,5.211800316666877
353,14,53.717031000000006,48.34532789977307,5.370293248854211
353,17,71.0021289,63.901916009570186,7.027168164392922
353,18,56.1568603,50.54117426975444,5.5591283325377905
353,21,69.541123,62.58701069971459,6.90989257225736
353,22,59.440750200000004,53.49667517965968,5.943874672968837
353,23,47.1621025,42.44589224962184,4.715715143757127
353,24,47.077601800000004,42.36984161968741,4.659327774412192
353,27,61.0068362,54.906152579319205,6.0990776532454065
353,29,46.3186208,41.68675871973815,4.6306224959968265
353,2,69.0393291,62.13539618965968,6.903712324074598
353,6,55.705984900000004,50.13538640943267,5.569132796184694
353,7,58.060212099999994,52.254190889621775,5.804497523239873
353,8,72.2380711,65.01426398961794,7.149490944457339
354,10,55.7833241,50.2049916897708,5.521728406796878
354,12,69.7855701,62.807013089716406,6.978348449530039
354,14,70.0357309,63.03215780969055,7.00173582867288
354,17,54.9376564,49.44389075975439,5.437246912910656
354,18,67.9847551,61.18627958965622,6.730006271103706
354,21,53.9732988,48.57596891975612,5.379737176486308
354,22,48.251180399999996,43.426062359773056,4.823850923909366
354,23,57.5144927,51.763043429716376,5.750859450540079
354,24,70.3046043,63.274143869687904,6.969279685278561
354,27,45.883616100000005,41.295254489511926,4.5702817168943515
354,29,56.488693700000006,50.8398243296218,5.647619472512604
354,2,49.7005098,44.73045881973822,4.969888141593905
354,6,47.328977300000005,42.59607956957189,4.702800135373965
354,7,50.4268882,45.384199379773065,5.041365497229793
354,8,54.904324599999995,49.413892139735495,5.43394810628518
355,10,72.1402054,64.92618485961799,7.140819873347231
355,12,54.4200209,48.97801880971452,5.406069037295218
355,14,49.744035,44.76963149969055,4.973097143098724
355,17,70.54113869999999,63.48702482968939,7.026319573774176
355,18,56.462409199999996,50.81616827978514,5.589375533813898
355,21,72.1831593,64.96484336962041,7.190475173997183
355,22,59.4192353,53.47731176962038,5.918511731519294
355,23,46.4844479,41.83600310971637,4.6479633927133
355,24,55.74229630000001,50.168066669771136,5.525720153955583
355,27,69.803704,62.823333599715276,6.9528659207267935
355,29,49.6029694,44.64267245975685,4.958994254169733
355,2,59.4024338,53.46219041965968,5.9400433025118815
355,6,68.99062620000001,62.09156357957189,6.855190632081214
355,7,71.1650696,64.0485626396596,7.114640298926035
355,8,69.4267862,62.48410757965614,6.8712546437352335
356,10,51.5609008,46.40481071975442,5.103770595548821
356,12,69.0862105,62.177589449715285,6.88140002318296
356,14,68.80788410000001,61.927095689658834,6.863438423000424
356,17,55.352759500000005,49.81748354977223,5.513465619595786
356,18,68.0151889,61.213670009570954,6.743577528545099
356,21,63.2786742,56.95080677943062,6.3034603930234665
356,22,49.7084414,44.7375972597355,4.919705231052914
356,23,55.0938134,49.58443205957189,5.47434783566428
356,24,72.300639,65.07057509957019,7.155683211864091
356,27,50.2490545,45.22414904973734,5.008172268560838
356,29,69.7887161,62.80984448971619,6.973654445893701
356,2,47.2689944,42.54209495975685,4.725657912722763
356,6,57.123889000000005,51.41150009977167,5.676062548652791
356,7,53.2042549,47.88382940973721,5.299904228235476
356,8,56.375746299999996,50.73817166978509,5.579576571310898
357,10,62.3703385,56.133304649620406,6.212797663188634
357,12,53.7248198,48.35233781971633,5.371070713705847
357,14,53.431996000000005,48.08879639975631,5.329725945808098
357,17,70.4328345,63.389551049658095,7.010496920723567
357,18,52.8298109,47.54682980977117,5.237974029187653
357,21,46.192787200000005,41.57350847951384,4.619082826814366
357,22,67.4872542,60.738528779735496,6.679296488827028
357,23,51.475277600000005,46.32774983979854,5.114794544490892
357,24,56.1782189,50.56039700975439,5.560027043607498
357,27,59.9337204,53.94034835962038,5.969758010473648
357,29,54.6461141,49.18150268975536,5.429861190708587
357,2,57.2575752,51.53181767971633,5.724255252142345
357,6,68.72157279999999,61.849415519738145,6.870353634927134
357,7,70.3563326,63.32069933965623,6.964775066074682
357,8,70.9514551,63.85630958957019,7.0221530154733935
358,10,48.6262129,43.76359160978647,4.843724987903247
358,12,68.41481379999999,61.57333241971632,6.839686229987659
358,14,66.0096422,59.40867797981089,6.599532814309791
358,17,50.469852599999996,45.42286733973718,5.027098870258333
358,18,58.50507940000001,52.65457145961803,5.7915858787541366
358,21,68.9507043,62.055633869738216,6.894868731340189
358,22,52.1002946,46.890265139735504,5.156429886722161
358,23,68.2656181,61.43905628961983,6.78985830389952
358,24,69.6245018,62.66205161968741,6.890822713778222
358,27,47.6588391,42.89295518977206,4.74366935616583
358,29,71.6506412,64.48557707968864,7.119501176885704
358,2,48.402903200000004,43.5626128797146,4.80951001421478
358,6,53.7411498,48.367034819716324,5.372416731366838
358,7,55.1273754,49.614637859770816,5.457216411915948
358,8,53.5940752,48.234667679770766,5.30427114302768
359,10,59.794125799999996,53.814713219572944,5.9561773434570355
359,12,53.457004600000005,48.11130413973822,5.3455293385815885
359,14,43.932182600000004,39.538964339432674,4.392061105060992
359,17,60.7759618,54.69836561965834,6.053649699143632
359,18,50.1511841,45.13606568978514,4.964609270497309
359,21,49.709782000000004,44.73880379973822,4.970815318330629
359,22,69.3331913,62.39987216957018,6.861991592852913
359,23,53.2771411,47.949426989735564,5.2740562142786
359,24,53.6881575,48.31934174973649,5.333367482936031
359,27,58.499588700000004,52.649629829658345,5.826909355315202
359,29,54.6113304,49.1501973597368,5.431767173312723
359,2,71.0185387,63.91668482965622,7.030328971733565
359,6,70.3870711,63.348363989574295,7.033532301363559
359,7,69.959118,62.963206199687484,6.925453408464681
359,8,60.353773200000006,54.318395879656705,5.982856555060736
360,10,49.8318253,44.84864276977224,4.963817639051283
360,12,69.0515078,62.146357019659675,6.904929785238064
360,14,66.5710727,59.913965429716335,6.655360877582856
360,17,48.0138704,43.212483359770765,4.751991136864982
360,18,57.6449377,51.88044392961803,5.706437761084813
360,21,61.4310624,55.28795615962187,6.142894100318906
360,22,54.3353652,48.90182867975439,5.377637600021761
360,23,67.0084771,60.30762938968747,6.63336084042391
360,24,70.265619,63.23905709973719,6.998875603185508
360,27,51.4755057,46.32795512977206,5.123557007801145
360,29,72.2380711,65.01426398961912,7.171635183508909
360,2,53.5013202,48.15118817973556,5.296248695931654
360,6,58.323371800000004,52.49103461981089,5.830806205522028
360,7,51.217118299999996,46.09540646968942,5.101958359413804
360,8,48.536937800000004,43.68324401975479,4.811454685283241
361,10,70.8609649,63.77486840962013,7.053522630963186
361,12,54.8668649,49.38017840973822,5.486512863925483
361,14,48.9014377,44.01129392975686,4.888859922081643
361,17,59.0720782,53.164870379617945,5.846435897803963
361,18,51.835826100000006,46.652243489770825,5.131376772775707
361,21,48.0762548,43.26862931975598,4.78908208029397
361,22,67.79055120000001,61.011496079656155,6.7093145172667255
361,23,53.9456473,48.55108256973597,5.348606005119402
361,24,51.411003099999995,46.2699027896894,5.120842513360524
361,27,71.9936723,64.79430506962011,7.165811953936413
361,29,67.8767801,61.08910208885838,6.744514210194138
361,2,69.8933135,62.90398214968748,6.918939512556134
361,6,70.3807778,63.342700019621795,7.0365288993766475
361,7,68.340381,61.506342899657504,6.790581260376184
361,8,57.60373319999999,51.84335987957018,5.701112528554153
362,10,54.6515859,49.18642730975598,5.443920674059579
362,12,66.1542273,59.538804569787246,6.613686799587609
362,14,59.0114052,53.11026467965968,5.9009421581496895
362,17,48.3682611,43.53143498973648,4.804890354537807
362,18,69.964889,62.96840009961803,6.9260251731519435
362,21,57.6490447,51.884140229618026,5.706843468817673
362,22,65.5808144,59.02273295942691,6.490613483414063
362,23,68.4872282,61.63850537965623,6.779746710771886
362,24,69.29984850000001,62.36986364971634,6.928168899500151
362,27,55.6865995,50.117939549772224,5.546718015009564
362,29,53.063123499999996,47.75681114971634,5.305137293553268
362,2,53.966007299999994,48.569406569735555,5.342249395050957
362,6,55.012093699999994,49.51088432973815,5.499760372204093
362,7,56.08009739999999,50.47208765978513,5.551529075973094
362,8,53.5907731,48.231695789808974,5.303944354579478
363,10,69.5900381,62.63103428968942,6.931961801310946
363,12,49.1169619,44.20526570965959,4.910405538901502
363,14,45.093540999999995,40.58418689973815,4.508169515222864
363,17,69.9631398,62.96682581969054,6.994480658488387
363,18,55.23866079999999,49.71479471975444,5.468233095539484
363,21,51.8840614,46.695655259798535,5.155412107781006
363,22,46.4670504,41.820345359574496,4.645482883321027
363,23,64.9915738,58.492416419427045,6.433701298060855
363,24,50.7848671,45.706380389754386,5.026240181364457
363,27,72.6663635,65.39972714962038,7.238005279564291
363,29,71.0960189,63.98641700962178,7.107736118090151
363,2,69.267562,62.34080579965622,6.856994725423713
363,6,69.50687309999999,62.55618578969061,6.950472355305136
363,7,68.583895,61.72550549961802,6.789316307356045
363,8,71.0824638,63.9742174195745,7.1063810362331665
364,10,52.216429600000005,46.99478663973599,5.1775091284090955
364,12,62.837503100000006,56.55375278957294,6.258990368612147
364,14,56.3205702,50.68851317965883,5.617856958493761
364,17,53.9229797,48.53068172973719,5.3710503974714365
364,18,69.8126253,62.831362769687466,6.9109521822650715
364,21,71.8754014,64.68786125951371,7.185653574107704
364,22,67.7962036,61.016583239621866,6.779393976745793
364,23,50.908119299999996,45.81730736965968,5.090630502737229
364,24,61.495996,55.34639639957018,6.086334457157158
364,27,54.5021303,49.05191726973718,5.42873699046812
364,29,54.1749504,48.75745535973815,5.416072127924084
364,2,54.643348700000004,49.17901382975445,5.409301369889906
364,6,51.8975917,46.70783252973822,5.189591645382484
364,7,51.0178133,45.91603196975444,5.050399014249568
364,8,55.7814225,50.20328024977306,5.576678483943493
365,10,70.3791592,63.34124327968746,6.966501980172341
365,12,51.4735902,46.32623117978646,5.127075999337709
365,14,48.2737717,43.44639452977255,4.815204644652742
365,17,70.5791184,63.52120655968741,6.985302428280597
365,18,54.724907099999996,49.25241638973556,5.417375136182444
365,21,55.596689600000005,50.037020639773125,5.559502130819078
365,22,56.70923020000001,51.03830717979982,5.670760621472956
365,23,69.4889615,62.54006534962188,6.948666831798239
365,24,48.8199781,43.937980289785095,4.831772821999329
365,27,70.6513205,63.58618844971368,6.998111706291977
365,29,69.483522,62.53516979969054,6.946528763630011
365,2,68.7761148,61.89850331968864,6.833877454415992
365,6,59.0667693,53.16009236969062,5.906484095653032
365,7,58.0445809,52.24012280961946,5.767548213326947
365,8,71.3147185,64.1832466496596,7.129601030371697
366,10,54.247980299999995,48.82318226977079,5.3697520142533515
366,12,60.890467,54.80142029965968,6.088844364161982
366,14,69.05232529999999,62.147092769573526,6.887823021339735
366,17,55.401208700000005,49.861087829770774,5.4831254211203655
366,18,70.3870711,63.34836398957028,6.967818013525031
366,21,71.6591565,64.49324084965968,7.165689459692655
366,22,69.6914382,62.72229437962186,6.968875324121761
366,23,63.8641716,57.47775443931674,6.361784081828335
366,24,58.962614099999996,53.06635268957292,5.873029979359306
366,27,52.294219600000005,47.06479763971412,5.187461277968248
366,29,52.336693000000004,47.10302369975686,5.2322947853723445
366,2,53.229794500000004,47.90681504973655,5.289130576135868
366,6,48.889899199999995,44.00090927975685,4.8877008874662
366,7,47.835318900000004,43.05178700977225,4.765081559386862
366,8,53.798359500000004,48.41852354973719,5.358637273331152
367,10,71.159986,64.04398739961799,7.0437923222033545
367,12,53.0826561,47.774390489756854,5.306872099600693
367,14,55.331009900000005,49.79790890978589,5.496568351384414
367,17,73.3689343,66.03204086965616,7.2614140739833575
367,18,57.190746299999994,51.471671669786474,5.697016797449306
367,21,54.010571,48.6095138997379,5.394380358070437
367,22,51.8133221,46.63198988975691,5.181139717147639
367,23,52.310521,47.07946889965751,5.197786943646652
367,24,50.781345200000004,45.703210679786466,5.058125527237122
367,27,70.35184009999999,63.31665608968739,6.962808327249951
367,29,60.353773200000006,54.3183958796596,6.033793166167556
367,2,68.0191027,61.21719242971352,6.733405883589431
367,6,58.27162500000001,52.44446249965962,5.825879180939594
367,7,55.456333300000004,49.91069996965857,5.52756022466123
367,8,70.42298,63.38068199965614,6.969848860944936
368,10,53.503866300000006,48.153479669735546,5.296095657977437
368,12,70.86885819999999,63.78197237962177,7.085026127047872
368,14,69.9760244,62.978421959510605,6.951400605195537
368,17,55.029956,49.526960399754785,5.455105996220053
368,18,69.707662,62.736895799620406,6.943881596505454
368,21,71.6770335,64.50933014965932,7.1602428837489365
368,22,60.5816109,54.5234498097164,6.057971230689354
368,23,69.7495228,62.77457051961945,6.930598093125618
368,24,71.636033,64.47242969965833,7.135378166101099
368,27,55.2605263,49.73447366977077,5.469201831980511
368,29,48.453375199999996,43.60803767977306,4.844065072709454
368,2,50.0026939,45.002424509735555,4.949909578476742
368,6,50.4804362,45.432392579738156,5.0467125182167205
368,7,48.2659636,43.43936723973721,4.807980471878429
368,8,53.588961999999995,48.2300657997355,5.303764900743323
369,10,70.0593346,63.05340113968745,6.9348440139147005
369,12,55.6081681,50.047351289755305,5.524100914339383
369,14,55.9805069,50.38245620977161,5.56108910557554
369,17,74.25758,66.83182199961796,7.349364441511473
369,18,57.065600800000006,51.359040719770825,5.649086715755626
369,21,57.2636937,51.53732432978647,5.704282288999383
369,22,47.1177077,42.40593692969062,4.711603961359211
369,23,53.0962262,47.78660357975536,5.275857789668081
369,24,52.5388839,47.28499550971528,5.233186725378237
369,27,70.1859343,63.167340869617945,6.946388501224552
369,29,59.310705399999996,53.379634859621866,5.930863984984598
369,2,60.0863037,54.07767332968748,5.948115409921374
369,6,68.5999726,61.73997533965961,6.8584868702053505
369,7,67.0071763,60.306458669737204,6.674874197423786
369,8,68.4301235,61.58711114961794,6.772613363612686
370,10,51.7636771,46.58730938973554,5.123842528325693
370,12,68.8706679,61.983601109687406,6.816213812678617
370,14,68.1915277,61.372374929657425,6.774129124181084
370,17,54.9344641,49.44101768975439,5.4369311016102655
370,18,69.6927709,62.72349380961803,6.899086954152918
370,21,74.25758,66.83182199961804,7.350971099685034
370,22,58.1920134,52.37281205971452,5.780778672006408
370,23,60.0769687,54.06927182965785,5.975393408841663
370,24,70.5791184,63.521206559689176,7.025015832486382
370,27,50.02540210000001,45.022861889754395,4.951075164062886
370,29,50.0685677,45.061710929738155,5.005517182233385
370,2,47.625365800000004,42.862829219737215,4.744168139151953
370,6,54.514198400000005,49.062778559756865,5.45021929184706
370,7,50.9419254,45.84773285971634,5.092855706664123
370,8,57.819882899999996,52.03789460980897,5.722504349504878
371,10,58.670515599999995,52.80346403965619,5.807518635854606
371,12,55.868040900000004,50.28123680977161,5.54991656095752
371,14,54.897587800000004,49.40782901978589,5.453512276850762
371,17,72.7366332,65.46296987965614,7.19883451250507
371,18,54.5665074,49.10985665975685,5.45521895923635
371,21,55.8160065,50.234405849770816,5.52538613807837
371,22,49.2547985,44.32931864975596,4.906072258934876
371,23,50.040566399999996,45.0365097597556,4.977148267419862
371,24,55.401208700000005,49.86108782977223,5.5182906295062875
371,27,59.1340622,53.220655979617945,5.85257108624142
371,29,68.573515,61.71616349957429,6.8522229581244956
371,2,57.08078559999999,51.372707039658366,5.686064121435528
371,6,70.7037741,63.633396689621776,7.0685140642336295
371,7,69.2779189,62.350127009621524,6.9213109650320765
371,8,69.211319,62.29018709951192,6.893861416568165
372,10,47.6539821,42.88858388978647,4.746879697878308
372,12,69.8270945,62.84438504951371,6.98087668014707
372,14,69.51647600000001,62.56482839957354,6.934119656645609
372,17,52.49275719999999,47.24348147975438,5.195272410510342
372,18,57.9546384,52.15917455962178,5.793942896633981
372,21,73.39924740000001,66.0593226595703,7.266002377851122
372,22,67.8792249,61.09130240965834,6.761177134856538
372,23,56.2067842,50.586105779689426,5.59900211405161
372,24,73.48620340000001,66.13758305957293,7.319666303035619
372,27,47.3807877,42.642708929772226,4.719409975822061
372,29,67.4278482,60.6850633795745,6.740980322753169
372,2,49.2814665,44.35331984973556,4.8785131602618925
372,6,66.8647804,60.17830235943267,6.684714266918339
372,7,55.98239040000001,50.384151359786486,5.5766453167245436
372,8,52.9933694,47.69403245978646,5.27845606223422
373,10,59.712751,53.7414758996204,5.948071529309469
373,12,55.8544876,50.26903883975685,5.583983152791591
373,14,55.4049816,49.86448343978677,5.526527428065428
373,17,62.32145690000001,56.089311209617954,6.168031542270561
373,18,50.779006,45.70110539978648,5.058314965232719
373,21,53.9212328,48.52910951978514,5.337817090491803
373,22,51.2590317,46.133128529737185,5.105705876124179
373,23,49.0172051,44.11548458971352,4.852353180013682
373,24,56.18390960000001,50.565518639755965,5.596252319046535
373,27,56.6255599,50.96300390962038,5.640245548745899
373,29,49.368306499999996,44.43147584962187,4.936645680660722
373,2,69.47157059999999,62.52441353973555,6.87718970900378
373,6,53.214689299999996,47.89322036969062,5.3212883051896975
373,7,70.4645687,63.4181118295745,7.044607553864906
373,8,60.3957038,54.35613341962038,6.015773456897271
374,10,51.4755057,46.327955129772235,5.127546964045358
374,12,69.0342998,62.1308698196894,6.876229479656831
374,14,69.0562903,62.15066126957431,6.900756697083702
374,17,50.216860100000005,45.1951740897851,4.970024105017047
374,18,57.0055043,51.304953869619474,5.664591079640519
374,21,63.18162470000001,56.86346222961804,6.25453037942041
374,22,66.8520493,60.166844369620385,6.658864778125941
374,23,67.5442733,60.78984596968748,6.686401152859878
374,24,72.3662688,65.12964191965834,7.208113149471715
374,27,49.6737226,44.706350339771845,4.939590425702059
374,29,70.6903902,63.62135117962179,7.067475378763082
374,2,54.631476199999994,49.168328579754444,5.408125933150429
374,6,70.0728499,63.06556490962186,7.007053427222964
374,7,55.6502526,50.085227339787245,5.563564196384547
374,8,53.0755796,47.76802163957293,5.286644712547482
375,10,71.9936723,64.79430506962039,7.171391430096179
375,12,55.057268,49.55154119975439,5.449084939847944
375,14,51.2340271,46.110624389772966,5.119787094518361
375,17,60.0583078,54.05247701957019,5.944044873783163
375,18,52.3840601,47.14565408978514,5.185648008569557
375,21,49.3267921,44.39411288977082,4.883000245145458
375,22,53.950882899999996,48.555794609754386,5.339584961841735
375,23,54.1298689,48.71688200975444,5.358470431388837
375,24,56.9712497,51.274124729787246,5.69563014836678
375,27,70.759051,63.68314589965615,7.003110399576622
375,29,55.9572061,50.36148548975685,5.594222805812112
375,2,72.0796536,64.87168823962178,7.206074135981062
375,6,61.3217064,55.18953575931937,6.13190527194359
375,7,69.8576642,62.871897779574525,6.984251496109333
375,8,42.9884737,38.68962632950879,4.254621604118196
376,10,54.370795199999996,48.933715679736544,5.402504672192805
376,12,67.84471450000001,61.06024304965616,6.714674806350295
376,14,59.7719548,53.79475931962178,5.975628418985644
376,17,52.32845699999999,47.095611299785084,5.179011446283768
376,18,69.1091793,62.198261369618024,6.84131617087163
376,21,60.1306632,54.11759687961803,5.952506989754887
376,22,67.1876398,60.468875819687405,6.649643545319889
376,23,68.9072304,62.01650735965623,6.821324404049487
376,24,73.2454147,65.92087322962176,7.322620221303398
376,27,52.63796790000001,47.37417110973551,5.2096440245687
376,29,69.2196342,62.2976707796596,6.920112127876528
376,2,55.108929399999994,49.59803645975685,5.50944675604318
376,6,47.7621219,42.98590970951371,4.774955483562414
376,7,54.7095459,49.238591309756856,5.469518763138372
376,8,57.9763167,52.17868502957019,5.737987059090454
377,10,70.8337,63.75032999965619,7.011494213179524
377,12,52.0238757,46.821488129754385,5.148866419009933
377,14,47.5823201,42.82408808978588,4.726815428882223
377,17,73.31787800000001,65.9860901995702,7.256361025501936
377,18,55.261111500000005,49.73500034977082,5.4704555388814144
377,21,50.13936759999999,45.12543083973556,4.963439370582612
377,22,53.52226960000001,48.17004263977078,5.29716457418069
377,23,55.93707690000001,50.34336920977083,5.537371127019665
377,24,52.7149981,47.44349828977206,5.246927427074832
377,27,68.9341714,62.04075425965615,6.822499854893696
377,29,54.867811499999995,49.38103034975685,5.485340313465463
377,2,73.0445744,65.74011695961882,7.245850419981831
377,6,67.66637680000001,60.89973911971623,6.762388075449993
377,7,66.7858615,60.10727534965959,6.676834300635399
377,8,49.4572646,44.51153813975439,4.894845717184653
378,10,57.0092655,51.30833894978615,5.670271977386872
378,12,59.7456223,53.77106006965615,5.913097699262504
378,14,57.809949599999996,52.028954639619364,5.742825932604754
378,17,57.094518199999996,51.38506637978509,5.65071435163403
378,18,71.327009,64.19430809957029,7.060865576770732
378,21,71.36468099999999,64.22821289968748,7.064594624574533
378,22,68.2030434,61.38273905961794,6.75013958048172
378,23,70.7898169,63.71083520961803,7.007686927664246
378,24,63.1333428,56.82000851957293,6.288458382736764
378,27,54.454709599999994,49.009238639754386,5.389449203934822
378,29,68.9025755,62.012317949690534,6.8884151241740055
378,2,55.06242139999999,49.55617925973609,5.462061774635065
378,6,53.4634951,48.11714558973809,5.343530624720869
378,7,51.7604367,46.58439302978726,5.174920673890973
378,8,68.67475119999999,61.80727607961793,6.796824205105652
379,10,72.0396633,64.83569696957294,7.175975063501554
379,12,49.1711669,44.254050209770774,4.86653035706848
379,14,48.9603134,44.06428205973648,4.863704863756063
379,17,73.9084607,66.51761462961795,7.314811421041597
379,18,57.3314478,51.59830301978514,5.675404071498422
379,21,55.985190100000004,50.38667108977082,5.542134110958443
379,22,52.432343,47.18910869975439,5.189293197481566
379,23,56.2974284,50.66768555977082,5.5730433538234845
379,24,50.216860100000005,45.19517408978647,5.001898985197164
379,27,69.2247575,62.3022817497355,6.851259352589637
379,29,54.32496449999999,48.89246804973802,5.428434336869359
379,2,71.4599264,64.31393375968851,7.097500965518863
379,6,67.3783126,60.64048133965751,6.694984735643332
379,7,57.704993800000004,51.93449441962188,5.770296395113522
379,8,56.5993624,50.93942615977222,5.637633861065459
380,10,54.9676818,49.47091361975443,5.440991987173079
380,12,59.559221900000004,53.60329970961795,5.894649180565025
380,14,70.2332951,63.209965589657436,6.976957997441339
380,17,56.1020382,50.49183437977077,5.552487334492569
380,18,70.23211,63.20889899957029,6.952478294454657
380,21,73.9084607,66.51761462961804,7.316410790446436
380,22,65.8509909,59.26589180965615,6.51735374424609
380,23,69.50155500000001,62.551399499618036,6.880158252764217
380,24,60.1306632,54.11759687962038,5.989373682477099
380,27,51.83523410000001,46.65171068973551,5.130196512731361
380,29,67.53973309999999,60.785759789735636,6.688148090176202
380,2,55.6359662,50.072369579771284,5.518949604957259
380,6,51.9542108,46.75878971977167,5.16238216634662
380,7,46.0523108,41.44707971977225,4.587467546205879
380,8,69.3217394,62.389565459690544,6.930354824344958
381,10,70.1578399,63.1420559096562,6.944594900783912
381,12,51.173245300000005,46.05592076973719,5.097160593847388
381,14,56.5044321,50.853988889755556,5.6188945175387355
381,17,73.8778021,66.49002188961795,7.311777027790704
381,18,56.2431302,50.61881717978515,5.567668387440191
381,21,56.1020382,50.49183437977082,5.553701217302442
381,22,51.852952900000005,46.66765760977077,5.131950268012135
381,23,54.2171511,48.79543598973556,5.367110719403963
381,24,51.7697204,46.59274835977222,5.156573063691887
381,27,70.73718799999999,63.66346919961793,7.000946742355952
381,29,49.4013273,44.46119456971619,4.936438680150836
381,2,71.1829664,64.06466975965836,7.090833822251853
381,6,57.574559300000004,51.81710336969056,5.75618099089051
381,7,56.3040505,50.67364544962178,5.628926384950039
381,8,54.3805797,48.942521729756855,5.436630702909118
382,10,56.3249835,50.69248514978512,5.575344926846463
382,12,68.4151364,61.57362275978646,6.814556258747409
382,14,72.6034171,65.34307538968984,7.2420376584993535
382,17,56.157612199999996,50.541850979770764,5.557987555800524
382,18,69.2605727,62.33451542961802,6.856302873203213
382,21,73.8778021,66.49002188961803,7.313375802381771
382,22,60.980240200000004,54.88221617961795,6.035289607001397
382,23,66.3454074,59.710866659687476,6.567721999049955
382,24,73.36416270000001,66.0277464296204,7.30750930416025
382,27,53.1292964,47.8163667597355,5.258271420114084
382,29,59.757815400000005,53.7820338596596,5.974183104658374
382,2,50.821808000000004,45.739627199737214,5.062578453753773
382,6,47.6062206,42.845598539756914,4.760467607150089
382,7,48.254195100000004,43.42877558975686,4.824152119156224
382,8,69.82385690000001,62.8414712096596,6.9805535493112325
383,10,70.475385,63.427846499570926,6.987049743506682
383,12,49.4262747,44.48364722957293,4.9231525851269575
383,14,57.32794,51.59514599977161,5.6949427186659936
383,17,74.8048736,67.32438623957017,7.403530365400517
383,18,55.098053400000005,49.58824805977082,5.454313903143172
383,21,56.157612199999996,50.54185097977117,5.56791929256399
383,22,48.678290499999996,43.810461449754385,4.817750020816703
383,23,51.216171,46.09455389975445,5.070035127467299
383,24,55.1908211,49.67173898975596,5.49733506534897
383,27,69.0530529,62.1477476096874,6.834265804510862
383,29,48.368263500000005,43.53143714977307,4.8355561778024345
383,2,59.197614,53.277852599659596,5.918208224176585
383,6,57.889324900000005,52.10039240951384,5.788707993376033
383,7,66.0037756,59.40339803962187,6.600156341162041
383,8,53.8678881,48.48109928973719,5.365563208485864
384,10,51.5056661,46.35509948975442,5.098303346658318
384,12,68.9822936,62.084064239617945,6.827262375731262
384,14,74.3691181,66.93220628957177,7.387809640740485
384,17,57.352349999999994,51.61711499978724,5.73372953800357
384,18,67.787589,61.008830099618024,6.710487871738378
384,21,74.7109816,67.23988343961803,7.395854439202991
384,22,59.564232100000005,53.60780888961795,5.895145635645831
384,23,57.114924,51.40343159965623,5.653970092901573
384,24,73.1374619,65.82371570962039,7.284928763214793
384,27,50.2704038,45.243363419770766,4.975323360590262
384,29,58.060212099999994,52.25419088962179,5.804736003797378
384,2,47.2776753,42.54990776977306,4.726526833040698
384,6,52.139951399999994,46.9259562597873,5.213838462448329
384,7,62.7712504,56.49412535943281,6.27687478246168
384,8,68.5959559,61.73636030968941,6.8325674544187125
385,10,57.9353192,52.1417872796562,5.734745017181167
385,12,57.4980923,51.74828306979806,5.699771833975163
385,14,56.3826883,50.744419469771614,5.601041736092274
385,17,72.4107238,65.16965141962177,7.239172039457074
385,18,51.9542108,46.758789719772246,5.175382401299885
385,21,56.245183499999996,50.62066514977117,5.576601774656856
385,22,50.44328970000001,45.3989607297544,4.992434177054922
385,23,47.1451811,42.430662989770816,4.667036227202523
385,24,58.028530499999995,52.22567744979887,5.77580390877766
385,27,59.2244491,53.30200418957019,5.8615167534974235
385,29,49.3600443,44.424039869756854,4.934708042594763
385,2,57.2473978,51.52265801962041,5.702659501487976
385,6,68.6149701,61.75347308965967,6.861277199951823
385,7,45.87435,41.28691499962178,4.586228435883902
385,8,54.0494201,48.644478089737184,5.383644596542667
386,10,47.3807877,42.6427089297708,4.690001086107916
386,12,70.4637066,63.417335939618546,6.985052090398827
386,14,70.6346834,63.57121505961936,7.016831857347057
386,17,52.416012,47.174410799773064,5.240225751558091
386,18,57.8579566,52.0721609395745,5.784278606462976
386,21,72.6623077,65.39607692957028,7.193050323492762
386,22,66.1887283,59.569855469617934,6.55078014646383
386,23,56.747885499999995,51.07309694961803,5.6176358966175135
386,24,74.2488898,66.8240008195745,7.422942105660118
386,27,47.5960814,42.836473259785095,4.710642403009416
386,29,70.5925,63.533249999659596,7.057397773016326
386,2,50.1439266,45.12953393975598,4.995051463247816
386,6,53.50574030000001,48.15516626975685,5.34888309596361
386,7,67.44628110000001,60.7016529895089,6.676700062817955
386,8,66.9656485,60.26908364973734,6.674267021729135
387,10,56.819796,51.137816399656195,5.624324691764103
387,12,55.0482102,49.5433891797355,5.448188568837124
387,14,66.1777134,59.55994205942905,6.574076972750206
387,17,61.800476800000006,55.620429119617945,6.116469357497803
387,18,49.097568200000005,44.18781137978593,4.87811566264028
387,21,53.4312432,48.08811887977082,5.289311553056813
387,22,55.2320456,49.70884103979773,5.466383231674437
387,23,50.976975599999996,45.87927803977081,5.046356503056611
387,24,55.154637900000004,49.63917410973719,5.4937309329017205
387,27,59.0817441,53.17356968961794,5.847392952140928
387,29,55.283296299999996,49.75496666977306,5.526850433163036
387,2,71.1452553,64.0307297696596,7.112658437401965
387,6,68.3655078,61.528957019621785,6.83475604941616
387,7,68.1752573,61.3577315693192,6.815731660623126
387,8,48.7032004,43.83288035971528,4.851129008080263
388,10,50.121361099999994,45.10922498977079,4.961277527940469
388,12,69.7711441,62.79402968965615,6.905336038623784
388,14,49.030598600000005,44.127538739621784,4.901770005660728
388,17,48.430222699999995,43.58720042977076,4.79319833725363
388,18,57.3708163,51.633734669658374,5.714954363893716
388,21,61.1373877,55.023648929656225,6.052165230985199
388,22,66.2108465,59.58976184962038,6.594999179391287
388,23,69.3905354,62.45148185968748,6.869167846084585
388,24,72.5229751,65.27067758968917,7.218493742891049
388,27,48.2685752,43.441717679735504,4.777199895668399
388,29,70.7841772,63.70575947962178,7.076560117575566
388,2,55.135865900000006,49.62227930975686,5.512139123452215
388,6,54.3512314,48.91610825975685,5.433405494047883
388,7,51.6037437,46.44336932973822,5.160207488113382
388,8,58.043096000000006,52.23878639965835,5.78143994429772
389,10,71.3675569,64.230801209618,7.064339066155784
389,12,57.9866905,52.18802144978509,5.739013606062276
389,14,69.5895803,62.630622269659675,6.958737582449257
389,17,57.9252149,52.13269340957088,5.742113880288177
389,18,50.3378247,45.304042229738215,5.0336186425556715
389,21,48.7320505,43.85884544978514,4.8241250710700845
389,22,51.1374592,46.023713279736484,5.079982138223551
389,23,51.922591100000005,46.730331989687485,5.139965628270253
389,24,56.245183499999996,50.62066514977222,5.602355796228507
389,27,67.8162121,61.03459088968741,6.711854082388314
389,29,54.104068999999996,48.69366209973815,5.408958999149863
389,2,71.5776823,64.41991406971634,7.155890106990278
389,6,69.3061326,62.37551933965959,6.928794168098654
389,7,69.0119936,62.11079423962187,6.900970593170908
389,8,47.0655621,42.359005889771616,4.6754805603756315
390,10,54.7560398,49.28043581978595,5.440783782066477
390,12,70.6109301,63.54983708961976,7.021671701375098
390,14,51.5941797,46.43476172977306,5.1580619292489605
390,17,50.801869700000005,45.721682729785094,5.0279231554470405
390,18,68.191689,61.37252009965837,6.792868747520918
390,21,58.5849143,52.72642286957028,5.799488759225018
390,22,66.2988925,59.6690032496874,6.561683100046402
390,23,68.5304896,61.67744063965622,6.784029611579179
390,24,72.4107238,65.16965141962038,7.212540793956437
390,27,51.872485000000005,46.68523649973551,5.133883262232455
390,29,68.4502877,61.6052589296596,6.843197830010686
390,2,51.9896999,46.79072990969055,5.197604918645639
390,6,55.0827595,49.574483549756856,5.506829787988696
390,7,62.067261699999996,55.86053552943281,6.206477061722144
390,8,56.361128699999995,50.72501582957178,5.598900526796289
391,10,71.064681,63.95821289957294,7.078854615610672
391,12,53.0893017,47.780371529771614,5.273878085417337
391,14,60.1666026,54.149942339659596,6.015078937536123
391,17,70.76314839999999,63.68683355961793,7.003516023076202
391,18,53.7614732,48.38532587975445,5.322001844127454
391,21,48.8353645,43.95182804973556,4.834352370842538
391,22,52.950528500000004,47.65547564973551,5.240578553653678
391,23,56.596286799999994,50.93665811978594,5.623639265506295
391,24,52.21932820000001,46.997395379755964,5.2013566723076705
391,27,67.6566478,60.890983019687404,6.6960617761021775
391,29,56.0010746,50.400967139787305,5.599943202435213
391,2,69.8912013,62.902081169690554,6.987286036373908
391,6,67.4482833,60.70345496962164,6.7405942027310015
391,7,46.6467006,41.98203053957297,4.64667807256971
391,8,48.903460700000004,44.01311462975531,4.85805692623883
392,10,53.1836267,47.865264029736544,5.28454238072373
392,12,59.159519599999996,53.24356763957178,5.876893027766461
392,14,46.7364161,42.062774489756855,4.672413000030571
392,17,52.438711999999995,47.1948407997355,5.189923405205478
392,18,67.8689231,61.08203078965677,6.729073691545698
392,21,68.491606,61.64244539961803,6.780180542614712
392,22,66.73632,60.062687999656156,6.604975950691194
392,23,69.6258714,62.66328425957188,6.918313464279755
392,24,61.1373877,55.02364892965615,6.050842219444419
392,27,54.3995432,48.95958887978509,5.383989353546503
392,29,70.0590864,63.05317775962187,7.005677346756027
392,2,53.9521217,48.55690952973815,5.393795588528754
392,6,54.7336454,49.26028085977298,5.469928341134099
392,7,67.43985,60.69586499965623,6.676063910870305
392,8,67.09307249999999,60.38376524968856,6.665008746390151
393,10,69.4431763,62.49885866968746,6.873853498753458
393,12,47.7963595,43.01672354978646,4.760802360286342
393,14,58.3615226,52.52537033962187,5.835946985203511
393,17,68.39380080000001,61.55442071961795,6.769018534889915
393,18,54.3512314,48.91610825975445,5.380383714661928
393,21,54.7720167,49.29481502977082,5.42203858836521
393,22,56.2105961,50.58953648978509,5.563231504131298
393,23,55.6228069,50.06052620978514,5.506259993819418
393,24,48.5049969,43.65449720975439,4.800598539796447
393,27,69.3984783,62.45863046957319,6.916739962166254
393,29,54.0494201,48.644478089738215,5.404738858451341
393,2,69.0341659,62.1307493096184,6.8405193425641775
393,6,66.162556,59.54630039965947,6.61210251215301
393,7,52.2566809,47.03101280975444,5.173038136357374
393,8,53.9110752,48.51996767977222,5.369864919529924
394,10,53.9936635,48.59429714977079,5.3445784216619945
394,12,58.7766428,52.89897851962187,5.877458223068612
394,14,49.5886918,44.62982261977312,4.958714622981284
394,17,54.85017989999999,49.36516190978509,5.428589352153687
394,18,68.95971370000001,62.063742329572975,6.869375385453952
394,21,68.7603005,61.88427044971352,6.8067792910004705
394,22,70.6183058,63.55647521957019,6.989180825745035
394,23,68.2219843,61.39978586962041,6.795885008420821
394,24,56.9322166,51.23899493965834,5.670789375476932
394,27,53.27154659999999,47.94439193977222,5.306164566195446
394,29,67.3402226,60.60620033969062,6.733812000198859
394,2,55.976260200000006,50.37863417978535,5.5466246489944755
394,6,52.5302614,47.277235259738056,5.249728047779454
394,7,66.81132079999999,60.13018871961802,6.613844183295689
394,8,69.7194016,62.747461439658345,6.944469603270814
395,10,70.7589075,63.68301674957026,7.0040917396273885
395,12,50.725904899999996,45.65331440975691,5.0724298383710495
395,14,67.8886031,61.099742789574606,6.788624465360415
395,17,70.0768494,63.06916445965615,6.935591986602027
395,18,66.5619049,59.90571440951371,6.654441427490405
395,21,51.01383499999999,45.91245149971351,5.050005368898241
395,22,53.8116822,48.430513979770765,5.325808012625568
395,23,52.612196,47.35097639973702,5.237211894162793
395,24,50.28619009999999,45.25757108977205,5.005178656833796
395,27,68.9991543,62.09923886957293,6.87272791220631
395,29,51.1869146,46.068223139773124,5.118533386440387
395,2,68.9378526,62.044067339620405,6.86719844416259
395,6,57.791544699999996,52.012390229690546,5.777637831033181
395,7,50.9741646,45.87674813978514,5.046078210101068
395,8,53.2939387,47.964544829737186,5.308394410758007
396,10,55.2797787,49.75180082978512,5.471884929438503
396,12,67.70945999999999,60.93851399965833,6.74426728975753
396,14,64.80404539999999,58.32364085931936,6.480095953291789
396,17,55.0546965,49.54922684978509,5.448830620170934
396,18,49.6232128,44.66089151962178,4.961016929955576
396,21,68.7841777,61.90575992968748,6.809142988546704
396,22,60.371655999999994,54.33449039961794,5.975056972844659
396,23,64.9317587,58.438582829690624,6.492971728279992
396,24,70.8568784,63.77119055957293,7.057768669018733
396,27,53.0500516,47.745046439756855,5.303612006161205
396,29,58.462851400000005,52.616566259659685,5.846087102430966
396,2,51.71317319999999,46.541855879772235,5.151371829921028
396,6,57.3422572,51.608031479319166,5.732411761580047
396,7,58.409788500000005,52.56880964957297,5.818451740199597
396,8,69.84747949999999,62.862731549620094,6.952191328464843
397,10,70.78402969999999,63.70562672957024,7.006578470253526
397,12,54.440354899999996,48.99631940977076,5.38802839855507
397,14,46.0696382,41.46267437962178,4.605750903214095
397,17,71.4033894,64.26305045957292,7.11220455641212
397,18,67.427254,60.684528599574506,6.740955848991719
397,21,53.363566,48.02720939975445,5.282612000400444
397,22,49.4698232,44.52284087977077,4.896088918217115
397,23,49.8549326,44.86943933975685,4.98418402420015
397,24,53.8304957,48.44744612977306,5.381637554023739
397,27,66.1826356,59.56437203969062,6.618055634571008
397,29,46.288320399999996,41.65948835973802,4.62537179682981
397,2,58.6655473,52.798992569658374,5.843929544240345
397,6,44.6922895,40.22306054962188,4.4690545008277045
397,7,51.9196255,46.72766294965813,5.168273898345293
397,8,63.746383900000005,57.371745509513836,6.374399983289677
398,10,51.5084517,46.35760652978512,5.0985790175568395
398,12,67.6935857,60.92422712957087,6.7104508294369785
398,14,67.33521780000001,60.60169601969063,6.733311615929904
398,17,53.886847100000004,48.498162389772226,5.3674512403236045
398,18,55.538825,49.9849424997873,5.553719259141154
398,21,70.4220177,63.379815929618026,6.971277609734204
398,22,58.6008639,52.74077750962038,5.836999051836582
398,23,56.7618819,51.08569370968942,5.654295559858767
398,24,70.01697879999999,63.015280919620366,6.974109249033603
398,27,49.164615,44.24815349975691,4.916303692600438
398,29,55.456333300000004,49.910699969659476,5.542155590531243
398,2,47.445320099999996,42.70078808977081,4.696748016399293
398,6,55.0401374,49.53612365965968,5.503822831367705
398,7,43.4258394,39.083255459513836,4.342395175389463
398,8,49.3532615,44.41793534962188,4.935140904247616
399,10,59.2448659,53.320379309619454,5.886813361969864
399,12,54.652113,49.18690169978509,5.408986374940634
399,14,54.6558842,49.19029577979982,5.465430029441098
399,17,69.9676444,62.97087995965959,6.994928884550189
399,18,66.101246,59.49112139969062,6.60991705077091
399,21,55.799280100000004,50.21935208979778,5.523730329275684
399,22,50.0860961,45.0774864897553,4.975539991795462
399,23,47.3283899,42.5955509097151,4.711243029088753
399,24,53.6711389,48.30402500975596,5.345965566161013
399,27,58.363463100000004,52.52711678969062,5.836154830915838
399,29,49.6605312,44.69447807977167,4.934472880705699
399,2,56.08448860000001,50.47603973961804,5.551964402603525
399,6,49.813682799999995,44.832314519756906,4.981209057161375
399,7,58.62332489999999,52.76099240962186,5.862126046166602
399,8,69.8576642,62.87189777957461,6.985525892560971
400,10,46.821513100000004,42.13936178975598,4.663955558210241
400,12,67.4535779,60.708220109656146,6.675963603914105
400,14,69.138894,62.22500459943281,6.913623754170806
400,17,49.966107,44.969496299756855,4.995299337197223
400,18,51.1429291,46.02863618973816,5.112949564513724
400,21,70.4250134,63.38251205957296,7.01533858605055
400,22,66.0985496,59.4886946396874,6.541854772067571
400,23,54.0196631,48.61769678971531,5.381131119097706
400,24,68.7841777,61.905759929687406,6.807654416840907
400,27,45.578184300000004,41.020365869756915,4.557668453215506
400,29,68.830125,61.94711249965751,6.839242890351276
400,2,48.6713791,43.804241189771176,4.825673314573348
400,6,67.1340445,60.42064004965968,6.713187505101871
400,7,49.122626600000004,44.21036393973822,4.912100834821025
400,8,54.7095459,49.23859130975531,5.43483148998431
401,10,57.474346,51.7269113996204,5.725100574803987
401,12,52.06525669999999,46.85873102971345,5.152961993793591
401,14,53.3672818,48.03055361975684,5.335035180047286
401,17,59.9128145,53.921533049621786,5.989709236407847
401,18,58.825416600000004,52.942874939659596,5.880997891523468
401,21,51.0141588,45.91274291975598,5.081739238752738
401,22,53.483797499999994,48.13541774977076,5.293356835811982
401,23,49.1850581,44.266552289737206,4.899534773546953
401,24,54.109791200000004,48.69881207977077,5.355311901251498
401,27,57.741314,51.96718259951384,5.773906976020664
401,29,52.9241597,47.631743729756856,5.290999367563739
401,2,68.83915619999999,61.95524057961802,6.814585924332709
401,6,54.3413166,48.90718493975691,5.433963398005445
401,7,67.88299359999999,61.094694239659674,6.788080997716937
401,8,66.7858615,60.10727534965742,6.634490036972869
402,10,50.4136005,45.372240449786474,5.021768485841529
402,12,67.578664,60.82079759968741,6.688343531821443
402,14,66.814886,60.13339739965959,6.679731510379029
402,17,46.7365731,42.06291578977223,4.655241400515427
402,18,49.2101351,44.289121589755986,4.902038357945299
402,21,59.1748061,53.25732548965837,5.894657358008983
402,22,67.5182746,60.76644713961794,6.682366942982573
402,23,67.4879073,60.739116569656225,6.68082143037039
402,24,71.1617101,64.04553908962038,7.088132560328987
402,27,49.2117924,44.290613159773116,4.921025058574006
402,29,69.9009674,62.9108706595745,6.988262806158619
402,2,52.573201700000006,47.31588152977082,5.2043717180645
402,6,69.7905207,62.81146862965968,6.978789628475647
402,7,53.685283,48.31675469977312,5.368365033123348
402,8,51.7604367,46.58439302978646,5.155648551939487
403,10,69.6805652,62.712508679572956,6.940979660942425
403,12,55.8571425,50.27142824977077,5.528249617449344
403,14,53.3757782,48.03820037975684,5.335884504674777
403,17,57.2062008,51.48558071965615,5.661768010648709
403,18,55.0401374,49.536123659656226,5.448583374494848
403,21,46.7365731,42.06291578977225,4.655630985431541
403,22,52.6910295,47.42192654977077,5.214895610275084
403,23,54.3219869,48.88978820977081,5.377488733994889
403,24,53.886847100000004,48.498162389772226,5.367452019563269
403,27,67.0951276,60.38561483969061,6.709303095368028
403,29,55.98239040000001,50.38415135978725,5.5967702309115275
403,2,68.6485153,61.78366376961802,6.795713868513613
403,6,55.1077174,49.59694565975691,5.51060157263884
403,7,68.6065603,61.74590426961945,6.817030053090479
403,8,57.704993800000004,51.934494419620385,5.747762668303285
404,10,53.34619550000001,48.011575949772244,5.313888230938649
404,12,69.5883957,62.629556129617946,6.887249120939331
404,14,66.2013931,59.58125378962176,6.618040670008965
404,17,48.474878100000005,43.627390289754395,4.797617838762092
404,18,51.561090899999996,46.40498180978514,5.104180004003218
404,21,57.2062008,51.48558071965968,5.720425751983605
404,22,68.27855790000001,61.450702109570194,6.757612977505913
404,23,68.6664816,61.79983343961803,6.797491894155486
404,24,70.644277,63.57984929951192,7.036593234437933
404,27,52.0014937,46.80134432977222,5.1796587156297225
404,29,70.4645687,63.4181118295745,7.044608153819831
404,2,52.8759632,47.58836687977082,5.234342931642668
404,6,69.3329012,62.39961107962186,6.933060462599104
404,7,54.002752,48.60247679977082,5.345886707143925
404,8,46.0707584,41.46368255975596,4.588922556571383
405,10,68.8874679,61.9987211096596,6.8869395159778115
405,12,53.147120400000006,47.832408359770774,5.260035406842373
405,14,51.675034200000006,46.50753077979977,5.166145666135993
405,17,69.4348049,62.49132440950879,6.872048190204844
405,18,67.9207231,61.12865078961803,6.723667166265258
405,21,46.796713600000004,42.11704223971532,4.661621807406646
405,22,56.5927256,50.93345303979773,5.601051255980975
405,23,53.724309999999996,48.35187899977081,5.3183229937797245
405,24,53.2171766,47.895458939797734,5.266969027834649
405,27,67.89951789999999,61.10956610957018,6.720098769217017
405,29,55.6502526,50.085227339785945,5.529636378598543
405,2,69.1958135,62.276232149618025,6.849892271092971
405,6,56.1795104,50.56155935978728,5.6174861429860075
405,7,69.053807,62.14842629961803,6.835834310645435
405,8,55.529282,49.97635379971508,5.52704534849749
406,10,53.5358166,48.18223493977306,5.352176748717323
406,12,61.3364478,55.20280301950879,6.070543788310095
406,14,57.5180828,51.766274519621874,5.751605668940143
406,17,54.2181704,48.79635335978509,5.366038525357114
406,18,54.075669000000005,48.668102099755984,5.386709539150427
406,21,67.4382813,60.69445316968748,6.675908674408496
406,22,71.5299253,64.37693276957293,7.124808527249074
406,23,67.3771998,60.639479819570276,6.669862231087768
406,24,59.9128145,53.92153304961795,5.929645078316045
406,27,53.5245714,48.17211425978509,5.29739220536728
406,29,69.9027748,62.91249731961803,6.9198763777872685
406,2,53.622322200000006,48.260089979770825,5.308227118499099
406,6,68.960312,62.06428079957458,6.895552901227665
406,7,53.7264321,48.35378888977081,5.318532999191302
406,8,50.29722760000001,45.26750483977307,5.028402104122144
407,10,69.10261,62.19234899965959,6.908447941024726
407,12,50.8541041,45.76869368978647,5.065372502890838
407,14,45.4166057,40.87494512977306,4.54046689057266
407,17,69.7643909,62.78795180965742,6.930378520329601
407,18,70.3154739,63.2839265095745,7.0297021070378864
407,21,52.879259,47.591333099770814,5.234668947943647
407,22,56.1200123,50.50801106977306,5.61052866802207
407,23,53.5845981,48.226138289754445,5.304492511737271
407,24,46.7365731,42.06291578977077,4.62557576071226
407,27,69.66126489999999,62.69513840961793,6.894461100486762
407,29,54.35902540000001,48.92312285977082,5.381155149798045
407,2,71.4657553,64.31917976957028,7.074600484896244
407,6,55.9494021,50.35446188977306,5.593469468443484
407,7,68.4736953,61.62632576961944,6.803528566958533
407,8,66.8855688,60.19701191943281,6.688296596466334
408,10,54.1991634,48.77924705978647,5.398852618220064
408,12,57.9636629,52.16729660962038,5.773526906694098
408,14,55.2036348,49.683271319513715,5.51891135771578
408,17,53.3342053,48.000784769738154,5.332020728641299
408,18,56.712799999999994,51.04151999978724,5.669791682966651
408,21,70.36178,63.32560199961802,6.965314337161501
408,22,71.0216548,63.91948931962177,7.100302191126997
408,23,64.94699659999999,58.452296939687464,6.429289208586079
408,24,57.1664148,51.449773319570184,5.657830537056442
408,27,53.79613090000001,48.416517809770774,5.324268772755607
408,29,68.51790220000001,61.66611197957029,6.782783975343956
408,2,55.5712675,50.01414074977082,5.501158817375645
408,6,64.6530712,58.1877640797731,6.464772286601825
408,7,53.7825871,48.404328389772246,5.3575133442205765
408,8,52.6331101,47.369799089773124,5.263150116034016
409,10,69.1699855,62.25298694951383,6.9167488709694265
409,12,54.0287791,48.625901189810186,5.381589122231452
409,14,50.666594200000006,45.59993477981089,5.0653281963771875
409,17,69.1164367,62.204793029621776,6.909830252877435
409,18,69.95848500000001,62.96263649957451,6.994012487796572
409,21,54.3165423,48.88488806977082,5.376949742079358
409,22,53.564093,48.20768369977077,5.301303567054403
409,23,52.291082200000005,47.06197397973556,5.176443638413134
409,24,49.586186399999995,44.62756775978509,4.907605479337928
409,27,68.8201882,61.93816937957019,6.811218785770005
409,29,51.7604367,46.58439302978514,5.123913430968071
409,2,67.8092082,61.02828737968748,6.712628256031952
409,6,46.0979084,41.48811755962184,4.609301646130916
409,7,67.372675,60.635407499656225,6.669413079105355
409,8,67.8494061,61.064465489659675,6.784722567732594
410,10,63.2861173,56.95750556931937,6.3283416668813945
410,12,69.6400196,62.67601763951192,6.936562673639188
410,14,68.08858690000001,61.27972820957453,6.807377631780144
410,17,55.947073800000005,50.35236641979976,5.592941102370828
410,18,56.1795104,50.56155935978723,5.616176760226861
410,21,71.4325367,64.28928302957029,7.071311699841654
410,22,62.4346149,56.19115340968741,6.179230363056622
410,23,63.89656,57.506903999618025,6.325303501926085
410,24,69.3727976,62.43551783957018,6.865911282921002
410,27,54.139348600000005,48.7254137397851,5.358237452118023
410,29,57.7052869,51.9347582095745,5.768985268588137
410,2,48.5479051,43.693114589754444,4.805896040857272
410,6,57.1408163,51.426734669513806,5.713583386652921
410,7,49.7470316,44.77232843973556,4.924600756318388
410,8,64.2425339,57.818280509316686,6.3989390902697485
411,10,44.6846528,40.216187519574525,4.4674925253507745
411,12,55.5861747,50.02755722977162,5.521916004542859
411,14,53.433931300000005,48.09053816977308,5.342230735609812
411,17,70.8940412,63.80463707957448,7.087166352906696
411,18,69.01823689999999,62.11641320962177,6.9000125702601
411,21,54.370950500000006,48.93385544977118,5.390775051966115
411,22,48.577941200000005,43.72014707973676,4.830672701314456
411,23,52.4697977,47.222817929785144,5.194135218830163
411,24,53.2367986,47.91311873977161,5.288529629823925
411,27,68.5209012,61.66881107961936,6.806850344876418
411,29,46.8462178,42.16159601977306,4.68336780653853
411,2,57.739390199999995,51.965451179658366,5.751671660503339
411,6,55.8191311,50.23721798957461,5.581704040864173
411,7,57.5963572,51.83672147961803,5.701628583036545
411,8,45.7610729,41.184965609572934,4.5580755638480355
412,10,66.1826356,59.56437203969055,6.616527421964376
412,12,69.7542373,62.77881356957019,6.903662696405202
412,14,69.6401338,62.676120419574524,6.962499002846024
412,17,54.7915211,49.312368989787245,5.477714418488532
412,18,55.5190477,49.96714292977306,5.550447704358302
412,21,70.20805519999999,63.18724967961944,6.976162994141342
412,22,60.9174883,54.82573946957222,6.05774023369067
412,23,57.0318117,51.32863052968747,5.645742320166385
412,24,69.7643909,62.78795180965834,6.948951410904867
412,27,50.5723173,45.515085569771614,5.023841440587433
412,29,55.25305,49.7277449996596,5.523854245255546
412,2,45.0256025,40.52304224975483,4.464201590297139
412,6,44.483636,40.03527239965968,4.448196871026108
412,7,48.0070151,43.20631358978514,4.752351583876234
412,8,66.7007303,60.03065726961937,6.6260368134973895
413,10,49.164615,44.24815349975687,4.915394399162486
413,12,55.601776599999994,50.04159893977076,5.50297573678197
413,14,53.9675517,48.570796529787245,5.395337258002328
413,17,69.52460620000001,62.57214557957451,6.950636317949211
413,18,67.2579336,60.532140239574495,6.7239678632417945
413,21,54.1983988,48.778558919770816,5.365254372008673
413,22,53.889196299999995,48.50027666978588,5.3533396254285215
413,23,46.640663100000005,41.97659678975445,4.617092523268644
413,24,54.3165423,48.884888069772224,5.41025234087094
413,27,60.539419,54.48547709942692,5.991660138380158
413,29,49.0956989,44.18612900977306,4.908255765099121
413,2,56.838165399999994,51.15434885957028,5.62657328236387
413,6,55.9929056,50.39361503962187,5.599090462884682
413,7,57.0975032,51.38775287957028,5.652245314739122
413,8,55.27700960000001,49.749308639785895,5.491206078831056
414,10,58.398631800000004,52.55876861962178,5.838330711551811
414,12,67.20716,60.48644399965671,6.662231760426419
414,14,66.0951922,59.4856729795743,6.604657568234023
414,17,52.100501200000004,46.89045107978589,5.175649262323162
414,18,52.2154376,46.99389383978648,5.201404008126565
414,21,68.9931547,62.093839229570285,6.829830012597076
414,22,69.8004012,62.82036107975691,6.979841172592166
414,23,55.17422990000001,49.65680690965623,5.461855111463602
414,24,71.4325367,64.28928302957019,7.069766328727595
414,27,55.6793685,50.11143164961937,5.5311742003816216
414,29,66.7104998,60.03944981962177,6.669298683713604
414,2,49.8865135,44.89786214978514,4.938408763501148
414,6,56.38656399999999,50.747907599319326,5.638143258750787
414,7,52.023443300000004,46.82109896978648,5.182279411949028
414,8,67.37107639999999,60.633968759688884,6.699498614256288
415,10,47.1565618,42.44090561978512,4.667806028377036
415,12,56.39716609999999,50.75744948961793,5.581696375495469
415,14,59.5362272,53.582604479513044,5.943909478452574
415,17,59.0988505,53.188965449620376,5.886598869910439
415,18,57.421791899999995,51.67961270957028,5.684347867792723
415,21,53.032234499999994,47.72901104979777,5.249812461886745
415,22,50.7824346,45.70419113962188,5.07805464477839
415,23,48.9053269,44.01479420975444,4.841278064661357
415,24,55.017776600000005,49.5159989397851,5.445176659474549
415,27,42.214910599999996,37.99341953962187,4.221323080795721
415,29,52.3057935,47.07521414977306,5.22917937493696
415,2,68.5129816,61.66168343957028,6.782296831269491
415,6,50.258842800000004,45.23295851969055,5.024562214123284
415,7,69.8310668,62.84796011962015,6.951247083784877
415,8,51.1469379,46.03224410973675,5.086140234480736
416,10,57.741314,51.96718259950887,5.715541324470379
416,12,51.8326627,46.64939642943267,5.18190286634459
416,14,44.7838827,40.30549442962178,4.477209722088507
416,17,46.6342339,41.97081050977222,4.645047992881049
416,18,48.7588276,43.88294483978514,4.8267757220253396
416,21,59.0988505,53.188965449618024,5.850364600343512
416,22,73.30917930000001,65.97826136957461,7.330628811131508
416,23,66.0110266,59.40992393961802,6.534620769783827
416,24,70.8940412,63.80463707957019,7.016470784851451
416,27,58.355698000000004,52.520128199574614,5.835355093941539
416,29,68.2401211,61.41610898951371,6.822185642524425
416,2,54.3371211,48.90340898978514,5.378987122520236
416,6,69.6501582,62.685142379574586,6.964424750949228
416,7,54.9539867,49.45858802977312,5.495231810409566
416,8,66.7390853,60.065176769657775,6.636652672631893
417,10,50.333793400000005,45.300414059798086,4.99017653710517
417,12,66.9237452,60.2313706795745,6.690618907369761
417,14,67.512921,60.761628899621876,6.751067753322927
417,17,59.2448027,53.32032242962038,5.901136557972081
417,18,55.9929056,50.39361503961803,5.542898316258373
417,21,46.6342339,41.970810509770814,4.616456064019996
417,22,60.374100500000004,54.33669044979982,6.0372404774701165
417,23,52.391243499999995,47.15211914977081,5.186358936381752
417,24,54.7915211,49.31236898978509,5.422783887665198
417,27,51.2531619,46.1278457097873,5.125161284429453
417,29,56.1792943,50.56136486981089,5.616454867434261
417,2,67.4927552,60.743479679618034,6.68130134661808
417,6,56.0651343,50.45862086978728,5.6060493066890595
417,7,69.95963309999999,62.96366978962186,6.9957306849934096
417,8,49.9665113,44.96986016977185,4.96875665779688
418,10,68.94986680000001,62.05488011961861,6.83580692724745
418,12,56.1626601,50.54639408981088,5.614792269249217
418,14,51.7085033,46.537652969738154,5.169491011033414
418,17,48.8838834,43.99549505977306,4.887105948781308
418,18,51.149769199999994,46.03479227977081,5.063461869633224
418,21,59.0843039,53.1758735095745,5.9068792759075315
418,22,74.8006461,67.32058148957461,7.479813624643754
418,23,66.0997132,59.489741879570275,6.5434001282228795
418,24,69.52460620000001,62.5721455795702,6.880936166699364
418,27,70.3012041,63.27108368962178,7.028273568782141
418,29,69.21515000000001,62.293634999574614,6.92127713474246
418,2,51.7352245,46.561702049754444,5.121417881868541
418,6,67.8331352,61.049821679738216,6.783113792420672
418,7,55.39279259999999,49.853513339773116,5.539075552092523
418,8,58.409788500000005,52.56880964957223,5.808372922029433
419,10,52.0014937,46.80134432977079,5.147383011405138
419,12,67.105289,60.3947600993192,6.708764845976344
419,14,66.0044657,59.40401912962176,6.598357625583816
419,17,69.2729683,62.345671469572935,6.90000194301644
419,18,69.41497989999999,62.473481909620396,6.914725761224805
419,21,48.743587999999995,43.86922919977306,4.873079598527458
419,22,58.983281600000005,53.08495343978725,5.896779571172298
419,23,53.041387500000006,47.73724874977082,5.2507185508340655
419,24,52.0683177,46.86148592977077,5.153265096565126
419,27,53.22026760000001,47.89824083975686,5.320629163651868
419,29,53.8596096,48.47364863977306,5.384546795645433
419,2,66.7403791,60.06634118965622,6.606821565142652
419,6,50.3918802,45.352692179621876,5.039000271762295
419,7,71.2296654,64.10669885962187,7.122731283515075
419,8,48.2035281,43.38317528978509,4.770761908081834
420,10,67.8228592,61.04057327965619,6.713466224705435
420,12,52.716611300000004,47.44495016979977,5.27027768772184
420,14,51.02617659999999,45.923558939799754,5.101276731032638
420,17,53.234762999999994,47.911286699754385,5.268709414776726
420,18,55.229946500000004,49.70695184977306,5.521545878727034
420,21,68.535219,61.68169709962041,6.827088932739715
420,22,71.7825246,64.60427213957293,7.149990711260348
420,23,66.1798859,59.56189730961803,6.551336650809625
420,24,58.3993165,52.55938484961794,5.7798522958546386
420,27,69.3974125,62.45767124969055,6.93791962360541
420,29,67.8764871,61.0888383896596,6.785834333116905
420,2,52.498970899999996,47.24907380977081,5.197023350559306
420,6,70.1863596,63.167723639659684,7.018412999499159
420,7,54.8782537,49.39042832977225,5.466658467161903
420,8,57.59735860000001,51.83762273957019,5.700481414337745
421,10,50.1850679,45.1665611097135,4.967583536443608
421,12,59.787437600000004,53.8086938396596,5.977174245713748
421,14,58.7344512,52.8610060795745,5.871900690186577
421,17,67.1456076,60.431046839656155,6.645483268327875
421,18,69.7757359,62.79816230943062,6.950661696380868
421,21,53.234762999999994,47.91128669975444,5.269861245366545
421,22,56.50883209999999,50.85794888975492,5.604955026609
421,23,53.2094309,47.888487809770815,5.267353646302991
421,24,47.7054887,42.93493982979773,4.721470589387273
421,27,53.105738599999995,47.79516473973815,5.309179070499134
421,29,50.878325999999994,45.790493399716325,5.0864703151403745
421,2,68.0558904,61.25030135957027,6.73704779935001
421,6,57.009160599999994,51.30824453978728,5.7004426875157534
421,7,69.5798202,62.62183817957028,6.887906119606706
421,8,52.882056,47.59385039965615,5.233801469901052
422,10,67.8264785,61.04383064968745,6.7138242707066755
422,12,48.4831138,43.63480241973815,4.847038733580819
422,14,45.53577,40.98219299978724,4.552135148327298
422,17,54.0008452,48.600760679770765,5.344529528802132
422,18,57.958601,52.162740899797775,5.737487844108971
422,21,67.4326285,60.68936564968748,6.675349129731912
422,22,67.658803,60.892922699618225,6.701047145984586
422,23,65.006686,58.50601739965623,6.435198250285266
422,24,60.075310400000006,54.067779359570196,5.945727457879239
422,27,70.1124067,63.10116602969061,7.011025232969702
422,29,65.6146484,59.05318355969053,6.559709700140747
422,2,53.5747439,48.21726950978514,5.3035172096777625
422,6,69.16493249999999,62.248439249574574,6.9159051610224616
422,7,55.9219418,50.32974761978514,5.5358729898394055
422,8,48.4186154,43.57675385943267,4.840587430963217
423,10,53.1281185,47.815306649754426,5.258902273881409
423,12,58.50804240000001,52.65723815968742,5.790612785941642
423,14,54.2730536,48.84574823965959,5.425878950291904
423,17,69.7147111,62.74323998961794,6.899750710386684
423,18,70.1863596,63.16772363965623,6.947949206045854
423,21,53.6417511,48.27757598977082,5.310150190040626
423,22,54.811209500000004,49.33008854979788,5.42858765930374
423,23,51.7083058,46.53747521975444,5.118752954718432
423,24,48.8838834,43.99549505977077,4.838097707081651
423,27,52.182884200000004,46.964595779716404,5.218115629835337
423,29,49.8201449,44.83813040975686,4.980680859893006
423,2,66.9863654,60.28772885961802,6.631172529639598
423,6,54.3698512,48.932866079738204,5.4365276669891935
423,7,69.97425940000001,62.9768334595089,6.9269526560402985
423,8,68.5381739,61.684356509621786,6.852018573535659
424,10,68.1382988,61.324468919687455,6.744689914248455
424,12,51.0175796,45.915821639754384,5.049272054944703
424,14,46.2497145,41.62474304975686,4.623755731521925
424,17,55.6865846,50.117926139785894,5.531890926007769
424,18,56.2425452,50.618290679770816,5.567610549479933
424,21,70.31449669999999,63.28304702957027,6.960633600255987
424,22,61.4938168,55.3444351195745,6.147761705100725
424,23,65.1145999,58.60313990965623,6.445880834144806
424,24,69.2729683,62.34567146957019,6.856030924320295
424,27,69.9063304,62.915697359658346,6.963088415152074
424,29,57.7580421,51.982237889659594,5.774259818485837
424,2,49.1080658,44.19725921977117,4.868969907444801
424,6,66.9303281,60.2372952897164,6.692829367043583
424,7,54.140465000000006,48.72641849978515,5.359519490164862
424,8,53.685283,48.316754699773064,5.367119295835795
425,10,52.1727214,46.955449259754424,5.164332019489795
425,12,67.40234120000001,60.6621070795702,6.670892641801565
425,14,66.3384053,59.704564769621875,6.633617340507731
425,17,71.05362240000001,63.94826015957294,7.077368235980267
425,18,69.09198359999999,62.18278523961802,6.839613717495126
425,21,54.9110075,49.419906749754446,5.435797468919653
425,22,51.1348588,46.021372919786465,5.093337369098466
425,23,50.5005155,45.450463949770814,4.99919034648926
425,24,54.0244626,48.62201633978509,5.346867132714305
425,27,56.4699748,50.82297731978631,5.620676631690572
425,29,47.9456449,43.15108040973802,4.790977435765853
425,2,57.3837259,51.64535330965623,5.680579648834652
425,6,51.970887399999995,46.773798659756906,5.196925128314411
425,7,59.9460635,53.95145714957028,5.93423288298727
425,8,68.4951045,61.64559404950878,6.779044775564978
426,10,68.7476926,61.87292333957024,6.805011179374558
426,12,54.938041500000004,49.444237349754395,5.437284950347477
426,14,51.7922966,46.61306693977312,5.179070314674399
426,17,56.254834499999994,50.62935104978588,5.588340732558422
426,18,55.0780567,49.570251029770816,5.4523344780797185
426,21,69.27491140000001,62.347420259735564,6.857721718114712
426,22,61.8935951,55.70423558950879,6.125685341489527
426,23,57.418711200000004,51.6768400795089,5.684042769894708
426,24,69.0456197,62.141057729508795,6.833530036179592
426,27,71.0993736,63.98943623957294,7.081923546250504
426,29,54.761449799999994,49.285304819621594,5.472046931153251
426,2,45.3585432,40.822688879754445,4.490171981775236
426,6,59.4905328,53.54147951957461,5.948835850788366
426,7,50.4604998,45.414449819797774,4.995229244346438
426,8,55.26371089999999,49.737339809785084,5.469516954377327
427,10,51.580708099999995,46.422637289785115,5.105731440082545
427,12,67.2030614,60.4827552596874,6.651169420197257
427,14,67.7416509,60.967485809574605,6.77393031788008
427,17,69.1041571,62.19374138957018,6.839323585433894
427,18,68.6511875,61.78606874957028,6.795978393068439
427,21,54.224103899999996,48.80169350975598,5.401495978888947
427,22,53.530580699999994,48.17752262977076,5.297986911297646
427,23,48.3134532,43.48210787979777,4.782686818992922
427,24,54.9402935,49.446264149785094,5.437508058307659
427,27,53.0797881,47.77180928978628,5.282712255845912
427,29,50.754204800000004,45.67878431977299,5.072227966552589
427,2,55.614563800000006,50.05310741957029,5.505445344383012
427,6,57.035514600000006,51.33196313951384,5.703328346916517
427,7,58.8371055,52.95339494957028,5.824454102661478
427,8,68.52994799999999,61.67695319965614,6.782493265524797
428,10,59.751059100000006,53.77595318957026,5.914476578523616
428,12,55.493596000000004,49.94423639977077,5.492268836643189
428,14,53.334278000000005,48.00085019977306,5.331738850926821
428,17,51.9487492,46.75387427977077,5.141431184169333
428,18,53.939627599999994,48.54566483977081,5.339638150431839
428,21,69.1227905,62.21051144951349,6.90740387045039
428,22,69.1174836,62.205735239617944,6.8406420705071955
428,23,55.2494869,49.7245382095089,5.469304931105918
428,24,69.8623257,62.8760931296581,6.953844785509638
428,27,59.5658723,53.60928506957019,5.895307475062419
428,29,66.0842761,59.47584848962159,6.6034822444340096
428,2,48.8885533,43.99969796978514,4.839617810390636
428,6,45.3368993,40.80320936965968,4.533520877515799
428,7,52.3367872,47.10310847978514,5.18096828597665
428,8,53.7264321,48.35378888977076,5.317370586287979
429,10,47.9522031,43.15698278977306,4.793960364256671
429,12,68.1267957,61.3141161295745,6.810891560162298
429,14,67.7982015,61.018381349659684,6.779603066056815
429,17,58.041992799999996,52.23779351961794,5.744487463693817
429,18,58.7793249,52.901392409618026,5.81873429566595
429,21,52.0207106,46.81863953978648,5.18200654411428
429,22,57.75174,51.97656599979902,5.752417662267849
429,23,50.117620900000006,45.10585880979778,4.961286514451635
429,24,54.652966400000004,49.18766975977207,5.439956268695953
429,27,48.166117,43.34950529978509,4.767059384367761
429,29,55.46976,49.92278399979966,5.54282468539741
429,2,67.46408459999999,60.71767613957027,6.678463245053146
429,6,57.7124545,51.94120904951384,5.771021417988808
429,7,70.5146861,63.46321748957028,6.980450905535256
429,8,68.4629489,61.61665400957019,6.775862418224224
430,10,57.3268346,51.594151139659594,5.731177041954447
430,12,55.184426499999994,49.665983849773056,5.516994375365903
430,14,65.4952409,58.945716809149005,6.547796962746419
430,17,46.7482158,42.07339421978509,4.626728048031623
430,18,50.011479800000004,45.010331819785144,4.9507795673307164
430,21,58.6597256,52.79375303957297,5.843348034089167
430,22,69.29541809999999,62.36587628975595,6.902237124336426
430,23,67.2960959,60.56648630961802,6.6618331985854615
430,24,71.05362240000001,63.9482601595702,7.032263737999406
430,27,57.8362658,52.05263921957019,5.724126319807227
430,29,68.6065603,61.74590426962159,6.855522297563881
430,2,54.1921561,48.772940489797776,5.364636626705394
430,6,52.033353299999995,46.83001796978724,5.201968101162129
430,7,55.6062752,50.045647679770816,5.504624207749501
430,8,54.706154500000004,49.235539049785096,5.414334914256973
431,10,49.2462261,44.32160348973815,4.923328429027388
431,12,68.524371,61.67193389962176,6.850273898446397
431,14,48.0154831,43.213934789690526,4.800027254230135
431,17,57.7723267,51.995094029617945,5.717798244316754
431,18,57.0526375,51.347373749570956,5.656661234300838
431,21,46.8443531,42.159917789772244,4.666367160254568
431,22,47.7554324,42.9798891595745,4.774288593043012
431,23,54.332948599999995,48.89965373977081,5.378573844627511
431,24,55.666124800000006,50.099512319770774,5.509344354096399
431,27,51.2080615,46.08725534978509,5.0681243530080895
431,29,54.002752,48.60247679977299,5.396878370921106
431,2,68.3695045,61.532554049618035,6.768093327538419
431,6,69.3274721,62.394724889571876,6.888661476491838
431,7,69.6077365,62.646962849570954,6.901474507201605
431,8,67.6964356,60.92679203961794,6.6999991630408875
432,10,67.9099769,61.118979209756745,6.7860002873669005
432,12,55.401519099999994,49.861367189787295,5.539988896721202
432,14,67.7074034,60.9366630596596,6.768960988585663
432,17,48.0669234,43.2602310597355,4.757242111093212
432,18,51.2833642,46.15502777977082,5.076687008390665
432,21,56.102297199999995,50.49206747957296,5.588591599446803
432,22,69.5189837,62.56708532965835,6.924506351838481
432,23,67.7298241,60.9568416895089,6.70476947614897
432,24,68.6576374,61.79187365961794,6.795131028498023
432,27,69.999498,62.999548199570185,6.92793627831246
432,29,69.053807,62.1484262996216,6.900213559868765
432,2,52.4637875,47.21740874975483,5.201683223678938
432,6,56.511370500000005,50.86023344978595,5.615200138208659
432,7,56.2569372,50.631243479785475,5.577766768534585
432,8,53.775693700000005,48.39812432986246,5.322246141178397
433,10,51.0521441,45.946929689716406,5.105044134364764
433,12,66.92632640000001,60.233693759574614,6.692398713805398
433,14,59.306994599999996,53.3762951393192,5.929136620746432
433,17,68.7196563,61.84769066971345,6.801268909319584
433,18,68.762233,61.88600969965622,6.806970811122227
433,21,49.7930105,44.81370944978648,4.960095734966366
433,22,57.53529710000001,51.78176738978631,5.726709714830418
433,23,55.165503199999996,49.64895287977081,5.460990835258227
433,24,52.0207106,46.818639539785096,5.148553271726908
433,27,54.5603939,49.10435450975439,5.399908751820519
433,29,53.7264321,48.35378888977295,5.368623764414997
433,2,69.3487482,62.41387337957028,6.865031847595737
433,6,70.46462919999999,63.418166279621765,7.044611432638748
433,7,68.0534368,61.24809311957028,6.736805140425554
433,8,46.6612397,41.99511572975611,4.6505866362849995
434,10,69.82211099999999,62.83989989965967,6.9819892855363594
434,12,59.7574958,53.781746219513835,5.975520127720526
434,14,45.949587400000006,41.35462865962179,4.593749603195969
434,17,53.8987651,48.5088885897553,5.354289949380485
434,18,55.6308377,50.06775392977082,5.50705586928156
434,21,69.7527104,62.77743935962041,6.948367968933416
434,22,70.0993952,63.089455679621786,7.008101384074401
434,23,64.9061686,58.41555173961803,6.4252474547961045
434,24,59.0264605,53.12381444950879,5.841921540283647
434,27,68.4751761,61.62765848971452,6.802306806464416
434,29,68.4629489,61.61665400957461,6.846057021933956
434,2,54.279769300000005,48.85179236975445,5.373309703959116
434,6,57.327858,51.595072199787246,5.73127955590735
434,7,56.19312669999999,50.57381402979777,5.562718415595364
434,8,57.2471961,51.52247648962061,5.705658757178187
435,10,53.9778313,48.58004816975685,5.396364390806073
435,12,45.5140958,40.96268621962038,4.533475181272013
435,14,66.33466059999999,59.701194539621774,6.6317227264644645
435,17,70.821416,63.739274399571784,7.035382546160827
435,18,70.4008321,63.36074888957028,6.969180662166323
435,21,56.004046699999996,50.40364202978514,5.5440006593910285
435,22,62.7289142,56.45602277943057,6.248173741467611
435,23,55.1953582,49.6758223797981,5.472513105264252
435,24,47.4223674,42.68013065978509,4.693449589209649
435,27,51.95255709999999,46.75730138971527,5.174784620403577
435,29,54.153749100000006,48.738374189773126,5.4152107286360875
435,2,68.0125494,61.21129445965622,6.732757430139934
435,6,71.7670484,64.59034355951378,7.176091921589324
435,7,68.9704978,62.073448019570286,6.827587481025757
435,8,51.595357,46.43582129977222,5.139205913045412
436,10,70.8455194,63.7609674595745,7.082689833321694
436,12,59.9351678,53.94165101957019,5.931857089676801
436,14,48.8768454,43.989160859773065,4.886399789957942
436,17,55.221356300000004,49.699220669755306,5.485675828938471
436,18,57.4188004,51.67692035978514,5.684051436317353
436,21,70.821416,63.73927439957028,7.010815022555056
436,22,47.797406599999995,43.017665939570186,4.730567830547501
436,23,67.3563673,60.62073056965623,6.6677999620127135
436,24,56.102297199999995,50.492067479572924,5.5881259044812985
436,27,69.5893595,62.630423549658346,6.931516184011019
436,29,67.333011,60.59970989962187,6.733075830453917
436,2,55.377416999999994,49.83967529978647,5.516383527968657
436,6,58.464738100000005,52.61826428978729,5.8459902670522315
436,7,57.682287499999994,51.914058749819056,5.71013472288981
436,8,69.8310668,62.84796011962178,6.981276157192657
437,10,55.5144922,49.96304297978725,5.549990260661158
437,12,50.401427600000005,45.3612848397851,4.988290548036239
437,14,58.0524743,52.247226869570184,5.745524695047774
437,17,69.4095717,62.46861452965615,6.869550537539983
437,18,71.4861582,64.3375423795703,7.076620227746807
437,21,56.087359299999996,50.47862336978514,5.552248028878073
437,22,67.04262279999999,60.338360519617936,6.635291155325211
437,23,53.2410388,47.91693491975536,5.290246916313959
437,24,50.6166704,45.555003359798484,5.028247067987375
437,27,56.2448715,50.62038434977222,5.602325471341903
437,29,51.828886600000004,46.645997939773125,5.182729196682863
437,2,68.7464422,61.87179797957297,6.848131001499975
437,6,69.031254,62.12812859975691,6.902928251848611
437,7,67.7412579,60.967132109319365,6.7738442012043665
437,8,54.2051155,48.78460394973718,5.399152513125178
438,10,72.01727919999999,64.81555127962186,7.201492564167025
438,12,59.00701419999999,53.106312779572924,5.877453514195371
438,14,47.837194100000005,43.0534746897851,4.734505500156576
438,17,56.09221720000001,50.482995479785096,5.551515208141727
438,18,58.464738100000005,52.61826428978548,5.796666337519129
438,21,71.2439701,64.1195730896204,7.096915405381698
438,22,52.3643009,47.127870809785094,5.182558994868339
438,23,66.8222654,60.14003885957297,6.656454747296035
438,24,70.5804924,63.522443159619364,7.011447489196807
438,27,71.1506283,64.03556546962038,7.087027931910826
438,29,57.5963572,51.83672147962178,5.758122304852621
438,2,51.76833979999999,46.59150581977166,5.143913196384961
438,6,51.374519299999996,46.23706736965968,5.137269220891877
438,7,52.101689500000006,46.891520549773126,5.210008805431403
438,8,68.1163633,61.30472696968857,6.766662060161255
439,10,54.4118742,48.970686779738216,5.441014513025727
439,12,52.8842116,47.59579043978589,5.253504418798867
439,14,57.216854399999995,51.495168959570876,5.6718942103929795
439,17,70.7405323,63.66647906957019,7.001277338945319
439,18,71.1769229,64.05923060961862,7.05705670356051
439,21,53.986206800000005,48.58758611973556,5.344248911729066
439,22,60.198648600000006,54.17878373957019,5.957934511133177
439,23,52.069767199999994,46.86279047975597,5.186893890962149
439,24,54.9879655,49.48916894977222,5.477130132319763
439,27,56.564841099999995,50.908356989786455,5.634195725579113
439,29,48.0070151,43.20631358978724,4.799440320743684
439,2,57.6475089,51.88275800968864,5.728092003362537
439,6,68.16946619999999,61.352519579513796,6.816360433867894
439,7,58.103784000000005,52.29340559962188,5.810173019698728
439,8,55.39279259999999,49.85351333977161,5.502705263284901
440,10,68.8136485,61.93228364943267,6.879553961092859
440,12,68.7918829,61.91269460957127,6.825487763996348
440,14,51.5853411,46.42680698978509,5.10546418187806
440,17,55.543965500000006,49.98956894977077,5.497254039885814
440,18,55.3975252,49.85777267975444,5.4839595481733525
440,21,68.87634969999999,61.98871472961802,6.8182673440369825
440,22,49.3023956,44.372156039770765,4.879518464964147
440,23,56.001623,50.40146069965814,5.574612114651085
440,24,70.821416,63.73927439957293,7.054237517224714
440,27,72.37824950000001,65.1404245495088,7.16336448381395
440,29,57.365191800000005,51.62867261965969,5.736324232388515
440,2,46.3752475,41.73772274973721,4.619637463268745
440,6,53.76577030000001,48.389193269799804,5.376132038632106
440,7,48.1939663,43.3745696697873,4.819247838790776
440,8,71.1235689,64.01121200957293,7.0843354060280115
441,10,65.3912524,58.85212715969062,6.53891883047452
441,12,57.0895112,51.38056007978589,5.67125784893192
441,14,68.9095859,62.01862730957018,6.820066671629526
441,17,69.38351189999999,62.44516070961793,6.866971458667007
441,18,67.4062336,60.66561023965676,6.68319935504222
441,21,56.37239509999999,50.73515558977081,5.580464554115924
441,22,60.0638787,54.057490829656146,5.944595997879056
441,23,48.0020868,43.20187811978648,4.781694745166678
441,24,56.087359299999996,50.47862336978509,5.551034293348236
441,27,54.404926499999995,48.96443384978509,5.38452205527993
441,29,50.1793536,45.16141823973816,5.0168434656607115
441,2,55.7262426,50.15361833962178,5.571161101409059
441,6,58.025016799999996,52.22251511962184,5.802006570296063
441,7,56.031628600000005,50.42846573957461,5.602953345279786
441,8,55.4073296,49.86659663977076,5.48373100323494
442,10,44.580575,40.12251749957461,4.457875442722125
442,12,69.6023533,62.64211796961891,6.905901877906422
442,14,54.6232606,49.160934539785096,5.406130812336721
442,17,52.185271099999994,46.96674398978509,5.1648399847537485
442,18,52.07780749999999,46.870026749771164,5.1634144136655475
442,21,68.2067089,61.38603800968747,6.751977483517805
442,22,51.2875135,46.158762149754395,5.07598800051394
442,23,55.381956200000005,49.84376057957297,5.516836295382316
442,24,71.22461960000001,64.1021576395702,7.049187961283577
442,27,61.45328370000001,55.30795532961795,6.082107026951023
442,29,68.99050079999999,62.09145071962176,6.89720455103666
442,2,50.08702149999999,45.078319349787236,5.007386934947517
442,6,49.6292756,44.666348039773105,4.96251300864819
442,7,48.0305351,43.227481589787246,4.801792182801104
442,8,68.9756512,62.07808607961795,6.826604848767309
443,10,58.8228412,52.94055707969061,5.882091754908574
443,12,56.0941533,50.484737969773064,5.60794233544823
443,14,69.4032262,62.462903579570195,6.868922820390126
443,17,59.4481587,53.5033428295745,5.943255569520168
443,18,57.995168,52.19565119957028,5.741108236909517
443,21,51.1339216,46.02052943977082,5.0618930664217725
443,22,69.92647149999999,62.933824349617936,6.920709103213341
443,23,50.2243188,45.20188691978514,4.971848640637649
443,24,55.399006500000006,49.85910584977077,5.482907092653236
443,27,49.3177046,44.38593413977077,4.88103345404379
443,29,55.9404061,50.34636548978724,5.592543416630444
443,2,68.0785967,61.27073702969055,6.806072737916555
443,6,57.979213200000004,52.18129187957461,5.79770749003359
443,7,59.0524283,53.147185469513715,5.903691788881808
443,8,55.3926754,49.85340785977077,5.482280668558632
444,10,46.6834262,42.01508357975691,4.668190150537554
444,12,68.8344965,61.95104684962178,6.881642405324396
444,14,53.981854,48.58366859975439,5.342649963734012
444,17,48.1283381,43.31550428978724,4.811570878184157
444,18,50.333627400000005,45.30026465977082,4.982669852569935
444,21,59.3535759,53.41821830965623,5.875580722033869
444,22,55.7911054,50.211994859785094,5.521714018089714
444,23,67.211777,60.49059929957028,6.653486265979452
444,24,70.4211933,63.379073969690545,7.040271041305512
444,27,59.23316870000001,53.30985182961795,5.8623795069744995
444,29,69.95963309999999,62.963669789621584,6.990733591097006
444,2,51.8863264,46.697693759738215,5.188465379134534
444,6,54.19063750000001,48.77157374979982,5.418905946210235
444,7,53.1991147,47.87920322979976,5.318230939264691
444,8,68.9105687,62.0195118296874,6.820163569465808
445,10,57.955417,52.15987529962187,5.795336971881667
445,12,55.1940712,49.67466407975686,5.517957675632948
445,14,68.42453640000001,61.58208275971346,6.772060287370392
445,17,57.341055399999995,51.606949859573554,5.72003742136068
445,18,56.675904499999994,51.00831404957095,5.619307885748998
445,21,46.578779999999995,41.920901999754825,4.618196449121275
445,22,70.8753176,63.787785839617946,7.014617562669068
445,23,64.4421601,57.997944089427044,6.379313325658167
445,24,53.1493071,47.83437638973822,5.31476095958251
445,27,52.207448199999995,46.98670337978509,5.167034918234835
445,29,55.39279259999999,49.85351333977287,5.533058538940817
445,2,69.7276469,62.7548822095746,6.972524980081891
445,6,70.4131971,63.371877389574614,7.041077607665185
445,7,69.1554096,62.23986863962178,6.913725985507179
445,8,50.916303,45.8246726997355,5.03924859247708
446,10,50.69469049999999,45.62522144977306,5.068136571601786
446,12,68.326862,61.49417579962188,6.832459735227143
446,14,55.4436401,49.8992760897851,5.487324761771889
446,17,48.1373252,43.323592679786785,4.801921151654966
446,18,53.57834809999999,48.220513289797765,5.303874067734418
446,21,57.341055399999995,51.606949859570946,5.685257227474346
446,22,55.6635742,50.09721677977077,5.5090920917330966
446,23,51.8671539,46.68043850968864,5.153732212360336
446,24,69.38351189999999,62.44516070962037,6.911013356558708
446,27,71.9915455,64.79239094961795,7.1250919272436315
446,29,71.1235689,64.01121200957414,7.10438190219131
446,2,56.9778197,51.28003772981087,5.695982855380386
446,6,56.410177100000006,50.76915938977312,5.64081576753475
446,7,54.785521800000005,49.30696961977307,5.477114076201628
446,8,59.7578634,53.7820770596874,5.914309053627205
447,10,70.0372744,63.03354695962177,7.001886809184309
447,12,64.72456960000001,58.25211263943282,6.47220183414671
447,14,70.337121,63.30340889950878,6.9613513774924725
447,17,61.2560864,55.130477759512836,6.112919437092226
447,18,70.20438850000001,63.183949649618036,6.949733918325117
447,21,48.1373252,43.32359267978514,4.765251437368564
447,22,71.0224647,63.92021822957019,7.029181193479178
447,23,68.986463,62.08781669943267,6.896836584251904
447,24,52.185271099999994,46.96674398978509,5.164839983329471
447,27,53.961561700000004,48.56540552975439,5.340641664294674
447,29,55.953265200000004,50.357938679787146,5.591150998225035
447,2,70.4359436,63.39234923951371,7.041745068268321
447,6,69.2040218,62.28361961965968,6.920180776279613
447,7,70.7073891,63.63665018962041,7.043467718968992
447,8,48.5757505,43.71817544975596,4.8384342990505935
448,10,53.6296063,48.266645669756855,5.361551014838546
448,12,48.8153448,43.93381031962178,4.880251284189656
448,14,52.8348414,47.55135725975479,5.237504594333635
448,17,53.29490260000001,47.96541233979941,5.318449085834022
448,18,56.410177100000006,50.76915938977082,5.584204899724316
448,21,61.2560864,55.1304777595089,6.063915742402109
448,22,57.17449489999999,51.45704540978508,5.658629808157405
448,23,66.47405950000001,59.82665354943063,6.6217683440883945
448,24,59.4481587,53.50334282957019,5.88365746567956
448,27,69.97177049999999,62.974593449617934,6.925192295698347
448,29,69.5798202,62.621838179574524,6.956483134119449
448,2,54.702711199999996,49.23244007975685,5.468835266833386
448,6,55.40345129999999,49.863106169756904,5.540174681728155
448,7,55.6267912,50.064112079772244,5.541223510158892
448,8,58.939465199999994,53.04551867962177,5.892399763214604
449,10,69.3018441,62.371659689621765,6.928363224422363
449,12,66.3954612,59.755915079571785,6.595709635502551
449,14,68.45718149999999,61.611463349656695,6.786144995958263
449,17,71.37739979999999,64.23965981957292,7.109616220284817
449,18,69.3440696,62.40966263961803,6.8645684068629835
449,21,53.29490260000001,47.96541233979778,5.275814806969457
449,22,71.0154271,63.913884389570185,7.0284845677134635
449,23,50.1493262,45.134393579687476,4.964425044083957
449,24,48.1283381,43.31550428978509,4.763320378748391
449,27,55.2249883,49.70248946978509,5.465684567599771
449,29,56.692025300000005,51.02282276979977,5.667715598940951
449,2,69.8876809,62.898912809621784,6.986933953998038
449,6,71.0184828,63.9166345195745,7.0999812611732
449,7,70.0180546,63.016249139429185,6.957279419952262
449,8,54.074631,48.66716789957461,5.407258438696108
450,10,55.5240626,49.971656339787245,5.550947117896262
450,12,53.4770254,48.12932285978509,5.292686503018812
450,14,48.926936399999995,44.034242759771125,4.850115062097957
450,17,56.399469599999996,50.759522639770765,5.581924322798987
450,18,56.2394606,50.615514539770814,5.567305190085606
450,21,71.37739979999999,64.23965981957295,7.110211378259735
450,22,56.3421321,50.70791888977077,5.576249810813989
450,23,67.3644289,60.62798600957027,6.668597685287874
450,24,57.35735629999999,51.62162066961793,5.676728119972221
450,27,70.3882946,63.34946513957018,6.966416181814864
450,29,69.89562910000001,62.90606618951372,6.987729572090869
450,2,56.1809012,50.56281107978514,5.561508222106048
450,6,68.2142916,61.39286243943266,6.819633445655732
450,7,66.6826812,60.01441307957297,6.642548305610061
450,8,49.290457700000005,44.36141192951193,4.909623449676974
451,10,71.5483307,64.39349762962176,7.1529528797833155
451,12,58.9854325,53.08688924961795,5.83786078613683
451,14,56.507618199999996,50.85685637957018,5.5926284527179675
451,17,70.9833721,63.88503488961794,7.025311498387018
451,18,71.11062179999999,63.99955961965622,7.039444648865159
451,21,57.82015619999999,52.03814057979976,5.780498668920966
451,22,68.8863042,61.997673779570185,6.817762459961848
451,23,54.0356001,48.63204008977082,5.3491384371421065
451,24,47.5139627,42.76256642977161,4.720025155716027
451,27,55.5111426,49.96002833978646,5.529240830541017
451,29,53.18563280000001,47.86706951977307,5.3171681668929525
451,2,69.88112770000001,62.893014929570285,6.917733557754773
451,6,50.8164554,45.73480985962185,5.081207147626335
451,7,49.1818071,44.263626389659684,4.918003035705755
451,8,70.5690532,63.51214787961794,6.984305969698651
452,10,58.449248499999996,52.60432364981088,5.843389146321734
452,12,49.5726182,44.61535637979773,4.906262578771956
452,14,45.223379,40.701041099772226,4.504518199426436
452,17,56.293503199999996,50.66415287977076,5.5714367091018895
452,18,58.9949364,53.095442759573565,5.884975527158605
452,21,71.6999627,64.52996642950889,7.097784525100224
452,22,54.122162900000006,48.70994660980898,5.35653676171854
452,23,66.7448198,60.070337819618025,6.607261055164598
452,24,61.3947093,55.255238369571785,6.098935957693917
452,27,69.8877639,62.898987509621776,6.986944773417657
452,29,59.7914029,53.81226260965968,5.978938958896642
452,2,53.129873,47.81688569977082,5.259478198784069
452,6,68.8459249,61.961332409621875,6.884363836162476
452,7,67.73294899999999,60.9596540995746,6.773058863649639
452,8,55.1985363,49.678682669770765,5.463066412308741
453,10,72.0375897,64.83383072943269,7.202189715184996
453,12,60.6274804,54.564732359508795,6.000376432028364
453,14,54.7379477,49.26415292965968,5.473605650687808
453,17,71.3808543,64.24276886961795,7.064650874805086
453,18,56.9407544,51.24667895957461,5.693864146295647
453,21,56.293503199999996,50.66415287977081,5.5726547028734865
453,22,61.280606500000005,55.15254584950879,6.065017106362865
453,23,54.9566994,49.46102945977081,5.44032068587235
453,24,51.561988299999996,46.4057894697553,5.122155016503236
453,27,53.0899737,47.78097632975596,5.288076964329437
453,29,49.298865,44.36897849977312,4.929732051945127
453,2,58.598167700000005,52.73835092961803,5.800800830010135
453,6,62.613687299999995,56.3523185695746,6.261143809591376
453,7,53.4510983,48.10598846979981,5.344953621513612
453,8,70.4100061,63.36900548961795,6.968564605401143
454,10,59.906817000000004,53.91613529957453,5.989375936603744
454,12,51.0354759,45.93192830977077,5.051043350521348
454,14,48.2238507,43.40146562975596,4.803383051849744
454,17,56.2317596,50.60858363978509,5.565325888162291
454,18,69.16573029999999,62.24915726957449,6.914758699754815
454,21,71.4475961,64.30283648957028,7.072802318485022
454,22,50.9533476,45.858012839770765,5.0429151874786005
454,23,67.8395675,61.055610749618026,6.715633152003449
454,24,69.2799636,62.35196723965615,6.856723004492422
454,27,68.25484469999999,61.429360229621864,6.825257578573603
454,29,58.939465199999994,53.045518679621864,5.8937393726245055
454,2,48.1575648,43.341808319785144,4.767255186740146
454,6,52.5418797,47.287691729621876,5.253995461783067
454,7,59.2797781,53.35180028951384,5.92774966420843
454,8,54.80885130000001,49.327966169770775,5.424498801006176
455,10,45.8703269,41.2832942093192,4.585822048227336
455,12,58.951016599999996,53.05591493961794,5.834454475903023
455,14,68.6629861,61.796687489620375,6.839243886699623
455,17,70.6098555,63.548869949508784,6.988344251463404
455,18,54.921502,49.42935179975632,5.47863320203955
455,21,56.5828625,50.92457624978514,5.6012992490321345
455,22,59.928176099999995,53.93535848962178,5.9912448049634826
455,23,52.8990986,47.60918873977117,5.244843214813226
455,24,57.052497599999995,51.347247839785084,5.646555329167883
455,27,51.820549699999994,46.638494729773114,5.181896348340129
455,29,51.8420168,46.65781511977312,5.184042318679661
455,2,56.868896199999995,51.18200657961862,5.638442865039156
455,6,67.1292124,60.416291159513804,6.712342417802504
455,7,58.51332059999999,52.66198853943266,5.849791088899919
455,8,68.85831970000001,61.97248772942693,6.814992266712814
456,10,70.103863,63.09347669965958,7.008170436350139
456,12,53.32634830000001,47.9937134697851,5.277773786292555
456,14,55.684455,50.116009499772225,5.546503758202369
456,17,64.54139789999999,58.08725810957449,6.452415575851133
456,18,67.38084260000001,60.64275833951372,6.736315104557665
456,21,69.77926679999999,62.80134011961802,6.907649628629163
456,22,53.011131,47.710017899787246,5.2997219872982715
456,23,57.929546200000004,52.136591579620415,5.770614057804805
456,24,71.500304,64.35027359957019,7.0764730169733845
456,27,58.822876,52.94058839965968,5.882057594799497
456,29,70.5146861,63.463217489574504,7.049582199565837
456,2,47.5901902,42.83117117975445,4.711089116921428
456,6,59.638314199999996,53.6744827795745,5.962262056973781
456,7,43.2313151,38.90818358962188,4.322960674313844
456,8,56.35618289999999,50.72056460978646,5.613413009255972
457,10,53.425039500000004,48.08253554978725,5.341100284145592
457,12,68.41545909999999,61.57391318957018,6.771162202054528
457,14,71.21004640000001,64.08904175961891,7.065415447588632
457,17,44.2536969,39.82832720957461,4.42518845301642
457,18,60.300882099999995,54.27079388962187,6.02987833260191
457,21,53.456374600000004,48.11073713977082,5.29179926901674
457,22,62.5894191,56.33047718957448,6.256966063104693
457,23,49.2469477,44.32225292979778,4.875096071807298
457,24,56.9603194,51.264287459785095,5.637432356443141
457,27,47.5000985,42.75008864977312,4.749860012792965
457,29,56.1863772,50.56773947978715,5.6144362708432896
457,2,58.194446,52.37500139961803,5.760835371397186
457,6,44.9925945,40.493335049511934,4.481616305314635
457,7,57.9242209,52.131798809659685,5.792225077569421
457,8,67.28879429999999,60.55991486965742,6.684450849251083
458,10,62.1865873,55.967928569621776,6.2170245441893925
458,12,56.8974275,51.20768474978509,5.6312078560853145
458,14,55.9924019,50.393161709771334,5.5555290273844955
458,17,60.1146862,54.10321757962188,6.011258987673217
458,18,44.9925945,40.49333504951384,4.49906659417327
458,21,60.1146862,54.10321757961803,5.950925141709567
458,22,53.6731135,48.30580214975686,5.366115275876596
458,23,56.898070000000004,51.208262999508904,5.632502928340048
458,24,72.0883151,64.87948358950878,7.134669082084535
458,27,58.3981153,52.558303769511916,5.816800413265736
458,29,70.2950926,63.2655833395743,7.024253548878137
458,2,51.4582953,46.31246576978514,5.094003968579342
458,6,56.464104299999995,50.81769386962178,5.6449252305942785
458,7,59.8888242,53.89994177931938,5.988621011911513
458,8,55.6095871,50.04862838978724,5.559498556831307
459,10,48.4487507,43.60387562975685,4.843601785080437
459,12,69.2072397,62.28651572957019,6.849525828330145
459,14,71.795542,64.61598779961935,7.13215173400897
459,17,49.314074000000005,44.38266659979982,4.9312595126829635
459,18,56.464104299999995,50.81769386962187,5.646209205699497
459,21,49.115895599999995,44.20430603977081,4.862122846584678
459,22,69.6460443,62.681439869690536,6.962763055677893
459,23,50.505730299999996,45.455157269770815,4.999706531262431
459,24,56.5828625,50.92457624978646,5.63599063931207
459,27,57.4178352,51.67605167951061,5.703871169775445
459,29,55.3149494,49.78345445977299,5.528022029691046
459,2,69.2770344,62.34933095965623,6.857932647797061
459,6,49.4070094,44.4663084597998,4.940288851439876
459,7,47.9677344,43.17096095965837,4.778272005911754
459,8,68.1145449,61.30309040957461,6.81121754017997
460,10,59.439399800000004,53.4954598196596,5.942378101101091
460,12,56.6696372,51.00267347978509,5.608663186769104
460,14,57.431335100000005,51.68820158978589,5.705214704680796
460,17,59.746189400000006,53.77157045957461,5.974401017561796
460,18,49.2790542,44.351148779786776,4.915778490617781
460,21,57.7252594,51.952733459618024,5.714388918493173
460,22,56.832618700000005,51.14935682977307,5.681759028000941
460,23,68.490421,61.641378899656225,6.78006283000913
460,24,69.9372827,62.9435544295745,6.991894642697233
460,27,44.456312399999995,40.01068115969061,4.445470537381037
460,29,68.1538426,61.338458339621596,6.810288781094591
460,2,52.9293977,47.63645792973556,5.239632550326217
460,6,56.6152192,50.95369727951381,5.66111092660408
460,7,69.8224696,62.840222639620414,6.9553169571739755
460,8,52.101689500000006,46.891520549773126,5.210008866999342
461,10,51.60157950000001,46.44142154977307,5.158802013139387
461,12,68.41395340000001,61.5725580595702,6.771013300810195
461,14,72.71740030000001,65.44566026961796,7.196930490088699
461,17,51.5132245,46.361902049772226,5.131024232392693
461,18,55.9701035,50.37309314957356,5.583238549710194
461,21,52.0463358,46.84170221978514,5.152215481756421
461,22,70.9060931,63.81548378957451,7.088734379773452
461,23,53.6668107,48.300129629754444,5.3126309000236
461,24,54.3975474,48.95779265978646,5.41832025649552
461,27,61.934506600000006,55.74105593951384,6.193216432882079
461,29,54.786225200000004,49.30760267977296,5.474525734227819
461,2,69.154508,62.23905719961804,6.845803293306146
461,6,50.639190199999994,45.57527117979979,5.063498925563168
461,7,56.1558671,50.54028038977225,5.593927110660688
461,8,58.1616193,52.3454573695746,5.815947765183861
462,10,71.9147698,64.7232928195745,7.189587044051776
462,12,56.4197994,50.777819459786464,5.6197490055728405
462,14,55.6538019,50.088421709754385,5.5081246002665445
462,17,72.96797600000001,65.67117839961796,7.221730454549676
462,18,50.639190199999994,45.575271179798506,5.031283507252065
462,21,72.8415633,65.55740696957297,7.256062586886041
462,22,57.065537899999995,51.35898410978726,5.705282483427183
462,23,67.0623179,60.356086109618026,6.6386910401780455
462,24,60.18641,54.16776899965834,5.994926413071634
462,27,52.958244300000004,47.66241986978731,5.295666236674014
462,29,68.4774077,61.62966692962159,6.8426210070461595
462,2,55.414502600000006,49.87305233978515,5.485640224459506
462,6,60.1416885,54.127519649621874,6.013959093837225
462,7,70.96112690000001,63.865014209572976,7.068743510396335
462,8,48.9267138,44.034042419787305,4.892521120651705
463,10,55.057506700000005,49.55175602975686,5.5043039803421365
463,12,66.6473425,59.98260824957292,6.63847449543103
463,14,67.9611843,61.16506586961794,6.726201795925747
463,17,56.82786949999999,51.145082549770756,5.624323686074149
463,18,59.90755169999999,53.91679652957449,5.989181960716659
463,21,57.004196500000006,51.303776849755984,5.678433586116064
463,22,71.7742303,64.59680726957461,7.1771797991454855
463,23,55.0849336,49.57644023978514,5.453014957873294
463,24,48.2299487,43.406953829771616,4.7911504644028025
463,27,71.0681104,63.96129935962187,7.106577943056335
463,29,55.6095871,50.04862838978724,5.559498573940109
463,2,69.7024019,62.732161709656225,6.900040720486486
463,6,53.227556799999995,47.904801119756904,5.322589604832041
463,7,57.6496871,51.88471838979904,5.742732966667438
463,8,54.907796600000005,49.417016939621874,5.490581808091342
464,10,67.948925,61.154032499785124,6.725942734204836
464,12,52.7925793,47.51332136978646,5.258456168361156
464,14,51.9999295,46.79993654977077,5.146496407044874
464,17,72.597698,65.33792819965615,7.1850832810659435
464,18,52.79425210000001,47.51482688973816,5.278039263375466
464,21,70.97011549999999,63.87310394977081,7.025534098065584
464,22,57.5033766,51.75303893978726,5.74905666410727
464,23,67.6731249,60.90581240957028,6.699156603647339
464,24,59.1141798,53.20276181961795,5.850603195003373
464,27,57.573164899999995,51.81584840979925,5.741319891381399
464,29,68.3423656,61.508129039513705,6.832442571545986
464,2,53.5115037,48.16035332975444,5.297256894984098
464,6,69.23054669999999,62.3074920295746,6.92281551342006
464,7,69.51563469999999,62.56407122957296,6.924751181425504
464,8,47.8864328,43.097789519773066,4.787385684854526
465,10,45.242845100000004,40.718560589571894,4.495514052102434
465,12,59.6178963,53.656106669571784,5.922428103754678
465,14,58.1352984,52.321768559617944,5.753721898923313
465,17,55.8524637,50.26721732975439,5.52778657485223
465,18,67.4719674,60.72477065965959,6.745426577504383
465,21,51.9725734,46.77531605968942,5.1772117156107464
465,22,70.2910578,63.2619520195745,7.027246763459618
465,23,55.25255799999999,49.72730219977081,5.469608545126636
465,24,51.5132245,46.36190204977077,5.0983267668639
465,27,71.474341,64.32690689965968,7.147208423148594
465,29,62.20002890000001,55.98002600957451,6.218337052671629
465,2,69.10233,62.192096999570275,6.84063804861387
465,6,67.5104185,60.75937664943281,6.750779210324252
465,7,55.506274899999994,49.95564740977224,5.529218413223889
465,8,58.2366489,52.41298400962178,5.822135999629253
466,10,68.2269843,61.40428586977166,6.779312553209378
466,12,50.00712899999999,45.00641609977076,4.949266626483146
466,14,48.1334113,43.320070169770766,4.763822405920418
466,17,73.452684,66.10741559950878,7.2697025757238185
466,18,57.431664000000005,51.688497599785926,5.706153305838904
466,21,73.5861137,66.2275023296204,7.330230558410549
466,22,54.8260338,49.34343041977306,5.481153491161121
466,23,68.1921856,61.37296703961862,6.7611250791463045
466,24,72.8415633,65.5574069695702,7.209219165462745
466,27,52.1182842,46.9064557797164,5.21165580653213
466,29,43.805613900000004,39.42505250957453,4.379607206783712
466,2,52.0718162,46.864634579770815,5.154738112181088
466,6,55.6261085,50.06349764973815,5.561148147356879
466,7,69.0555655,62.15000894962178,6.903746592621963
466,8,61.4456298,55.301066819430574,6.120350946068968
467,10,49.9420528,44.94784751969062,4.994032179746767
467,12,57.811085799999994,52.02997721961794,5.721634397370007
467,14,55.71137280000001,50.140235519618564,5.522655616585865
467,17,57.848411899999995,52.063570709770765,5.725328039465761
467,18,70.478634,63.43077059962178,7.046013294575257
467,21,56.771388599999995,51.09424973977224,5.6552423089503545
467,22,61.9321583,55.73894246957451,6.191818826237233
467,23,56.098422199999995,50.48857997978547,5.562049989525965
467,24,57.2171472,51.49543247977076,5.662850974457696
467,27,71.7054178,64.53487601957461,7.170297542158379
467,29,58.4412218,52.59709961969062,5.843931559085495
467,2,58.2824188,52.45417691961803,5.769543969790285
467,6,66.248051,59.6232458997569,6.624257773651058
467,7,55.3407408,49.806666719772245,5.512728728904015
467,8,47.5140398,42.762635819657426,4.720032229243781
468,10,69.95116759999999,62.9560508395746,6.994876696513786
468,12,52.71654169999999,47.444887529785085,5.217420523289248
468,14,48.1087954,43.297915859785434,4.769012808946644
468,17,71.46756189999999,64.32080570965614,7.073232400504892
468,18,57.7576977,51.98192792975686,5.774253265184051
468,21,73.0523951,65.74715558961803,7.231665786267838
468,22,52.7514081,47.476267289820846,5.27395139035658
468,23,66.2108598,59.58977381957095,6.56468067765022
468,24,72.2454049,65.02086440965614,7.150216688746738
468,27,57.157606400000006,51.44184575978725,5.714259868438163
468,29,46.513148300000005,41.86183346975686,4.650093689515098
468,2,47.6475186,42.882766739770815,4.716764225061981
468,6,53.208638900000004,47.88777500951381,5.32039584916076
468,7,68.562793,61.70651369961803,6.787227688096643
468,8,69.0369253,62.13323276965614,6.832669367139412
469,10,54.874353600000006,49.38691823978725,5.485994557712257
469,12,68.73595710000001,61.8623613895702,6.802882457116357
469,14,58.1498642,52.33487777957019,5.7551635253120486
469,17,58.38622719999999,52.547604479785086,5.778556245453824
469,18,69.9245991,62.93213918969061,6.992245152213854
469,21,56.434298299999995,50.79086846975444,5.586592210832903
469,22,63.959152200000005,57.563236979432816,6.395661517750993
469,23,51.7953758,46.61583821977082,5.127372217236925
469,24,56.0122184,50.41099655975439,5.5435976992697675
469,27,70.6816267,63.613464029572924,7.040313467557412
469,29,56.031628600000005,50.42846573957453,5.6019456147087565
469,2,55.136646,49.62298139961803,5.45813493922185
469,6,70.37297769999999,63.33567992962183,7.0367060981820995
469,7,51.751864000000005,46.57667759975445,5.123064984093908
469,8,53.8437328,48.459359519754386,5.328979939972864
470,10,68.618014,61.75621259957358,6.845142830135513
470,12,56.5141204,50.862708359785096,5.593271524424072
470,14,50.104800299999994,45.09432026977076,4.958933178294426
470,17,71.3348664,64.20137975961856,7.071409493216692
470,18,56.006885,50.40619649975685,5.599217995570243
470,21,71.13664349999999,64.02297914965621,7.042019921646415
470,22,62.8033116,56.522980439432814,6.2800799825055815
470,23,56.2395337,50.615580329618034,5.567312556512365
470,24,73.17015,65.85313499965615,7.241739870932064
470,27,53.8724687,48.48522182979773,5.331823507165327
470,29,47.8864328,43.09778951977308,4.787603555900896
470,2,50.4090631,45.36815678978514,4.990137440141651
470,6,61.3905515,55.25149634957458,6.138528841579868
470,7,58.8163112,52.934680079656225,5.8223954677014005
470,8,70.618438,63.556594199570185,6.98919386919208
471,10,51.820549699999994,46.63849472977257,5.169473518667453
471,12,68.6798161,61.81183448957087,6.808215703300343
471,14,69.3460643,62.411457869617934,6.863265281326383
471,17,53.2235852,47.90122667977113,5.276040682829115
471,18,68.2637515,61.43737634962178,6.8245832794743935
471,21,53.033230499999995,47.72990744975536,5.269598138509775
471,22,49.8197591,44.83778318965968,4.9817964497000125
471,23,48.695352400000004,43.825817159771674,4.838568955093011
471,24,56.771388599999995,51.09424973977076,5.618733715750277
471,27,61.193793500000005,55.0744141495745,6.1177729447089515
471,29,58.774282899999996,52.89685460965959,5.875885454722508
471,2,69.8451591,62.86064318957028,6.914172938828472
471,6,53.8443242,48.459891779574505,5.383015543351453
471,7,48.4240166,43.581614939754445,4.79363186018777
471,8,56.613804099999996,50.952423689785086,5.603137288660627
472,10,51.90725080000001,46.71652571993053,5.189363497302177
472,12,57.19931940000001,51.4793874597851,5.66108651186212
472,14,54.853262599999994,49.36793633977076,5.428894298944519
472,17,61.78493160000001,55.60643843961795,6.114930727217911
472,18,53.6348603,48.271374269756855,5.362077748021921
472,21,61.195293500000005,55.075764149657516,6.080615132448274
472,22,71.8918586,64.70267273962187,7.188950781999344
472,23,54.542249,49.088024099620405,5.433190178064426
472,24,72.8405918,65.55653261957019,7.209123130703602
472,27,49.3469261,44.41223348977306,4.933397546078244
472,29,51.1701753,46.05315776975685,5.115647715910024
472,2,56.548071,50.89326389978514,5.597855417065825
472,6,68.3242279,61.491805109513706,6.8306258661596395
472,7,56.5416443,50.887479869618026,5.597219672037404
472,8,69.6334546,62.67010913957087,6.902748380361564
473,10,61.3184477,55.186602929573574,6.116959255931495
473,12,69.26897319999999,62.342075879570174,6.85563559870728
473,14,69.5705263,62.61347366961794,6.885480495954819
473,17,49.1020992,44.191889279754385,4.85969473726304
473,18,58.6862906,52.817661539659596,5.867088360678644
473,21,49.0631714,44.15685425977308,4.9052527105674395
473,22,57.1051411,51.394626989773116,5.710343923163425
473,23,48.2640161,43.43761448977167,4.795708925502033
473,24,57.655133199999995,51.88961987977076,5.70619897425961
473,27,60.084108300000004,54.07569746957293,5.984736868918464
473,29,68.621742,61.75956779965959,6.860373461057299
473,2,71.3379663,64.20416966957029,7.0619501704626
473,6,54.5127311,49.06145798978729,5.45082093792751
473,7,52.2356731,47.01210578978514,5.1709586739891105
473,8,54.94918009999999,49.45426208977112,5.447098356087223
474,10,51.751624799999995,46.57646231975621,5.1602872169323115
474,12,57.303750099999995,51.57337508978509,5.671422140812784
474,14,55.48068790000001,49.9326191097851,5.490991340919846
474,17,58.6763881,52.80874928965615,5.807274372524134
474,18,50.865879899999996,45.77929190977305,5.084979761467578
474,21,59.9394356,53.94549203965968,5.9937431177697285
474,22,72.1677769,64.95099920962188,7.216541956391302
474,23,55.4860522,49.937446979621875,5.548406083074307
474,24,71.3742422,64.23681797957019,7.06399640232737
474,27,53.3084005,47.97756044978646,5.309835233133253
474,29,54.785521800000005,49.30696961977168,5.443712604528346
474,2,56.8235396,51.14118563977081,5.625124807030544
474,6,59.156678299999996,53.241010469574604,5.915451619523813
474,7,69.7099811,62.73898298950889,6.900791026680834
474,8,67.4546654,60.70919885957018,6.676071101190119
475,10,69.0203048,62.11827431965871,6.882192869022024
475,12,69.73313370000001,62.75982032961795,6.9015742211486195
475,14,70.0428627,63.03857642950879,6.932228083657593
475,17,52.2749393,47.04744536977076,5.173714624985786
475,18,57.5009012,51.75081107943267,5.748578442597977
475,21,52.8963587,47.60672282977306,5.288247913911439
475,22,57.0828985,51.37460864975691,5.708115725805568
475,23,51.4219874,46.2797886597873,5.142043697189693
475,24,55.1773578,49.6596220197851,5.4609705262166015
475,27,71.8709853,64.68388676957319,7.1631693319162695
475,29,70.618438,63.55659419957028,6.990720847392851
475,2,71.3180831,64.18627478961945,7.086458058332424
475,6,51.652877600000004,46.48758983977312,5.165128895451184
475,7,58.3404985,52.506448649809016,5.775292820527658
475,8,53.9069134,48.51622205978509,5.335233024084016
476,10,56.8258732,51.14328587978678,5.6687914324338635
476,12,56.22573680000001,50.60316311977078,5.564729847048234
476,14,54.9492565,49.45433084978588,5.458644729355583
476,17,72.147319,64.93258709961795,7.140509096807215
476,18,53.90598490000001,48.515386409799774,5.389183537119858
476,21,70.9294289,63.83648600973817,7.091405538648185
476,22,72.2558026,65.03022233965962,7.2239515546716575
476,23,66.7907594,60.11168345962178,6.677323405753204
476,24,61.2453296,55.12079663957019,6.061525625101893
476,27,57.91904960000001,52.1271446397851,5.732318977279978
476,29,56.613804099999996,50.95242368978568,5.6187960285042555
476,2,57.4238275,51.681444749785946,5.705866875971749
476,6,56.5201235,50.86811114962187,5.651811204336768
476,7,69.4549663,62.50946966957027,6.875546474412551
476,8,58.602809,52.74252809961794,5.799991911005146
477,10,71.4534776,64.30812983950885,7.07284362600668
477,12,67.4070017,60.66630152961794,6.671354089152204
477,14,68.2691312,61.44221807962038,6.800014189337442
477,17,57.354050199999996,51.61864517978509,5.676400449890458
477,18,70.3781364,63.34032275965958,7.035592384532658
477,21,50.3661183,45.32950646965959,5.0352882894600866
477,22,57.344528100000005,51.61007528978725,5.732946913627369
477,23,62.482363,56.234126699427044,6.185307507608075
477,24,50.5887304,45.5298573597851,5.0068284784627375
477,27,72.16671,64.95003899957018,7.142428245503867
477,29,69.6334546,62.67010913957188,6.9190594014413085
477,2,71.7680253,64.5912227695719,7.131166361375968
477,6,52.8970642,47.60735777975445,5.23643139560508
477,7,55.0818468,49.573662119754445,5.452709496959046
477,8,49.4830806,44.53477253979931,4.935830225680748
478,10,57.1010215,51.39091934978512,5.652161033401009
478,12,52.1429793,46.928681369754386,5.160654339432204
478,14,51.3952697,46.25574272977222,5.119275920012795
478,17,72.6322861,65.3690574893123,7.1885067661144815
478,18,59.17702070000001,53.25931862978725,5.916148954845432
478,21,72.3673268,65.13059411962178,7.234833424914143
478,22,71.8051095,64.62459854951372,7.178624382479726
478,23,47.9431213,43.14880916957029,4.746026463499857
478,24,58.239762299999995,52.41578606957018,5.76406081098566
478,27,58.3997218,52.559749619785435,5.789149539204947
478,29,60.6707146,54.60364313988569,6.0214356811875644
478,2,56.94967749999999,51.25470974975444,5.637611372398037
478,6,69.0288734,62.12598605961802,6.833365595664876
478,7,69.79281929999999,62.81353736957027,6.90899128316268
478,8,59.773949699999996,53.796554729574495,5.975825342481957
479,10,71.2170893,64.09538036957024,7.049444748715731
479,12,60.4901719,54.44115470961794,5.986786766937431
479,14,59.6696462,53.702681579689404,5.943454147462384
479,17,59.4535833,53.508224969810186,5.9219319938954325
479,18,72.9811241,65.6830116895745,7.29619684228338
479,21,56.8531304,51.16781735977167,5.6491590456458916
479,22,57.3874491,51.648704189773056,5.737237852572482
479,23,67.153133,60.437819699618025,6.647681051642553
479,24,51.6989897,46.529090729770765,5.116712174116744
479,27,72.3518968,65.11670711957179,7.187422593006807
479,29,45.1404667,40.62642002962095,4.5030865580071815
479,2,68.9075594,62.01680345968747,6.8213567130355095
479,6,59.156213,53.24059169977117,5.865223700713841
479,7,58.6910331,52.82192978979777,5.809993198506491
479,8,51.0444421,45.93999788975685,5.103104131438559
480,10,57.4381381,51.69432428978512,5.685530611943754
480,12,51.410150200000004,46.26913517977077,5.088125355840512
480,14,45.1514908,40.63634171973648,4.4853371709837
480,17,72.4649161,65.21842448962038,7.2179393092695046
480,18,58.9513532,53.05621787977306,5.8935880547939865
480,21,72.4649161,65.21842448961803,7.173509690305535
480,22,69.6535023,62.68815206965961,6.963779453209595
480,23,55.3339657,49.80056912978514,5.477667331370287
480,24,70.5177502,63.46597517965614,6.97922842788492
480,27,58.231641999999994,52.40847779978508,5.763256609780986
480,29,58.602809,52.74252809962187,5.8600745949621125
480,2,52.406510100000006,47.16585908977082,5.187870220773228
480,6,71.4852698,64.33674281968749,7.076531278357318
480,7,70.5266537,63.473988329618024,6.981635765544451
480,8,69.3131067,62.38179602969053,6.929122220334878
481,10,70.3324674,63.299220659618,6.961880087170252
481,12,58.3496706,52.51470353957019,5.774938733256966
481,14,56.6183404,50.95650635965615,5.6035865553121535
481,17,57.6699336,51.90294023978646,5.744269832925337
481,18,70.5173023,63.4655720695745,7.049879564391098
481,21,56.756102500000004,51.08049224977082,5.618448754340988
481,22,54.1490845,48.73417604975691,5.41474058344987
481,23,67.3734084,60.636067559570286,6.669486835328334
481,24,57.532577100000005,51.779319389785094,5.694069446854562
481,27,72.0212403,64.81911626957019,7.128030695341335
481,29,49.3441173,44.409705569773124,4.934257241030894
481,2,59.7315127,53.758361429570286,5.9129936255049715
481,6,58.9513532,53.05621787977081,5.835762762417676
481,7,56.95329099999999,51.25796189977081,5.637969119742378
481,8,56.1403922,50.526352979773065,5.612565609518204
482,10,53.8724687,48.48522182979776,5.332581812939757
482,12,54.5760818,49.118473619797726,5.401461494085007
482,14,52.627263899999996,47.36453750978509,5.208584338662967
482,17,72.3421738,65.10795641943058,7.2057134413668305
482,18,58.8290064,52.94610575978592,5.844987504497625
482,21,72.2382152,65.01439367957029,7.15106793670588
482,22,62.377235600000006,56.139512039659685,6.237516983741135
482,23,55.137833,49.624049699770815,5.4582515557284745
482,24,72.3673268,65.13059411961856,7.173756667741174
482,27,57.281423200000006,51.5532808797851,5.6692123109797
482,29,57.569198099999994,51.812278289621865,5.756715789995042
482,2,49.6375919,44.67383270979777,4.913767116857539
482,6,70.50639029999999,63.45575126950889,6.979629484312872
482,7,69.1984442,62.278599779572964,6.893155842398287
482,8,71.1969237,64.07723132951371,7.117822871199092
483,10,61.2894631,55.16051678950886,6.066755613359138
483,12,69.3150045,62.38350404957019,6.860191292478345
483,14,72.2369137,65.01322232950878,7.149375821049936
483,17,58.5692977,52.71236792979848,5.818258123281498
483,18,69.42277999999999,62.480501999619406,6.897538263247465
483,21,58.4847135,52.63624214979777,5.789568906682066
483,22,51.195558,46.076002199787254,5.118400652152649
483,23,66.4255479,59.782993109618026,6.575655121770365
483,24,56.8531304,51.167817359770766,5.626823759967737
483,27,70.8701631,63.78314678957018,7.014107043947019
483,29,52.515055700000005,47.263550129787305,5.2513480430055335
483,2,59.7055974,53.73503765957297,5.9475341881999375
483,6,59.051576,53.14641839978514,5.845684107480495
483,7,53.4940748,48.144667319772246,5.328775252502379
483,8,56.1422261,50.528003489756856,5.6127488964184336
484,10,50.071595099999996,45.06443558977115,4.964180907153672
484,12,57.6637188,51.897346919785086,5.7070486737869555
484,14,57.9698705,52.17288344977222,5.774144425336906
484,17,71.7807422,64.60266797951063,7.130680095880206
484,18,56.9398997,51.24590972975534,5.657294240441795
484,21,71.9046412,64.71417707942794,7.129208491374584
484,22,63.796904600000005,57.41721413951374,6.378249494569317
484,23,52.7408462,47.46676157977082,5.22096698005236
484,24,72.4649161,65.21842448961795,7.1719419004366625
484,27,53.3091901,47.97827108977077,5.276075529472231
484,29,68.7783496,61.900514639756906,6.877637928987159
484,2,53.5636852,48.207316679785144,5.302422305059368
484,6,69.1837592,62.26538327965623,6.8486983760034486
484,7,58.876940600000005,52.98924653962041,5.86498646562958
484,8,67.7691205,60.99220844962178,6.775133098901019
485,10,59.1754487,53.25790382965619,5.857499340204831
485,12,70.9886309,63.88976780950957,7.037087690139033
485,14,72.7449624,65.47046615957461,7.274248868484264
485,17,54.947380300000006,49.45264226979977,5.493295299764189
485,18,68.4463676,61.60173083957185,6.800525937515212
485,21,54.947380300000006,49.4526422697981,5.4479270111925615
485,22,54.859001500000005,49.373101349787305,5.48573792643134
485,23,56.9316442,51.23847977961803,5.635826560387505
485,24,55.3470098,49.812308819735506,5.47776115520996
485,27,61.0068787,54.90619082961795,6.037925614608406
485,29,50.7843339,45.70590050965968,5.078251708021835
485,2,70.9225884,63.83032955950889,7.020830318967174
485,6,57.6033843,51.84304586977082,5.7023234744819264
485,7,49.7626637,44.786397329786325,4.953561224395282
485,8,57.2265077,51.50385692979977,5.721148918116193
486,10,52.7671239,47.490411509770794,5.223168907677722
486,12,58.4231713,52.58085416979773,5.782212630237262
486,14,59.138218499999994,53.22439664977311,5.913646890930499
486,17,61.681081000000006,55.51297289962188,6.167895371053336
486,18,66.4435734,59.79921605942914,6.601536795989745
486,21,61.681081000000006,55.51297289961948,6.129174387140016
486,22,72.2023744,64.98213695951384,7.219979239273008
486,23,49.4840071,44.535606389785144,4.898563194839836
486,24,71.17460559999999,64.0571450396874,7.044237954355848
486,27,50.331316400000006,45.29818475979849,4.999899914742681
486,29,71.1464295,64.03178654962095,7.097368788162844
486,2,57.21985670000001,51.49787102978725,5.720483281259798
486,6,68.4242303,61.581807269570284,6.773510443466292
486,7,58.608475299999995,52.747627769620145,5.834107850431724
486,8,69.0555655,62.15000894962092,6.888144881460303
487,10,71.8709853,64.68388676957025,7.114170620737822
487,12,70.0037525,63.00337724957019,6.928357630251306
487,14,72.6549739,65.38947650977312,7.2652511228985786
487,17,48.6200037,43.75800332977312,4.861847665280787
487,18,49.2840038,44.35560341969062,4.928228112568467
487,21,48.6548971,43.789407389754444,4.8164872526412426
487,22,59.1678927,53.25110342978731,5.916618569516008
487,23,57.29827469999999,51.568447229621775,5.728322495235795
487,24,55.2875195,49.758767549737186,5.506967842403317
487,27,61.2432519,55.11892670951192,6.100196100270098
487,29,56.71348939999999,51.04214045978677,5.657578592725568
487,2,70.023853,63.021467699513835,7.002132328871351
487,6,54.6419585,49.17776264977167,5.429447945754879
487,7,52.6278346,47.36505113977224,5.242485296119185
487,8,55.3407408,49.80666671977161,5.497533469311428
488,10,57.91904960000001,52.12714463978513,5.733133749262239
488,12,57.8347228,52.05125051978509,5.723973140284117
488,14,52.7664326,47.48978933969062,5.2764632389154205
488,17,60.087698,54.07892819962188,6.008560616571513
488,18,59.02963810000001,53.126674289621874,5.902756533731862
488,21,59.210983999999996,53.28988559968747,5.861464705281859
488,22,71.8858264,64.6972437595746,7.188338017486208
488,23,53.031816,47.72863439978724,5.3015040782849265
488,24,70.4161882,63.37456937961794,6.969176712364248
488,27,52.1751824,46.9576641597553,5.183068995674507
488,29,69.51563469999999,62.5640712295746,6.951323210214142
488,2,69.2954177,62.365875929513834,6.929290050352995
488,6,58.5707777,52.713699929658375,5.834487714073738
488,7,70.0756945,63.068125049619454,6.963009089441987
488,8,68.562793,61.706513699619364,6.811008941085066
489,10,72.16671,64.95003899957294,7.188626812963388
489,12,69.3971724,62.45745515957293,6.912373407156878
489,14,71.7544604,64.5790143595746,7.1752001161004895
489,17,52.5832525,47.32492724977161,5.223606426611645
489,18,50.412125100000004,45.37091258977312,5.041055868236074
489,21,49.5451374,44.59062365971352,4.9046146779338775
489,22,59.870232599999994,53.883209339799805,5.98681834575365
489,23,68.90504870000001,62.014543829432675,6.888693216076284
489,24,67.0522254,60.347002859508784,6.636240722595021
489,27,71.8643658,64.67792921977161,7.138987881861287
489,29,55.506274899999994,49.955647409773114,5.550460524008112
489,2,47.1639611,42.44756498957461,4.716207981340858
489,6,50.412125100000004,45.37091258977306,5.039889276227207
489,7,56.357860800000005,50.72207471977082,5.579025679805495
489,8,52.349976,47.11497839978588,5.200431752848688
490,10,58.3997218,52.559749619787304,5.839803072162765
490,12,58.2170808,52.39537271979976,5.820179836080958
490,14,55.1198038,49.60782341975691,5.511776562233959
490,17,73.1355188,65.82196691961795,7.238312160223529
490,18,57.9728978,52.17560801962187,5.7970849202682215
490,21,71.1662037,64.04958332978514,7.044946034208839
490,22,72.0848897,64.87640072962188,7.208253560098782
490,23,57.5174726,51.76572533977306,5.7502361482719895
490,24,46.4739888,41.826589919658346,4.6290869420039416
490,27,52.0076883,46.80691946968741,5.147264385058343
490,29,68.1838488,61.36546391975692,6.818189053024309
490,2,71.1274964,64.01474675968943,7.0853167203323455
490,6,57.7361587,51.96254282951371,5.772099472605071
490,7,70.3133371,63.28200338957028,6.9605187063808955
490,8,59.431009599999996,53.48790863951371,5.941539226927433
491,10,72.4940967,65.24468702962187,7.249173091359429
491,12,67.8540498,61.0686448195746,6.78516966498546
491,14,67.1042801,60.393852089787295,6.710241970101868
491,17,57.2118359,51.490652309770766,5.662325241414139
491,18,52.2320291,47.008826189738215,5.22303448058149
491,21,47.0943394,42.38490545957029,4.662003164303808
491,22,57.4787367,51.73086302977312,5.747702395443931
491,23,67.8231428,61.04082851965913,6.77121695772982
491,24,61.681081000000006,55.51297289962039,6.143804444282435
491,27,73.0963924,65.78675315961856,7.246028996830128
491,29,46.390178500000005,41.751160649574615,4.638831204451252
491,2,58.2054475,52.384902749770816,5.761923490042126
491,6,60.8668348,54.78015131943062,6.063204915944553
491,7,58.526399399999995,52.67375945978514,5.793695430478988
491,8,49.3208843,44.388795869799814,4.931940588125755
492,10,57.2049718,51.484474619773124,5.720326824668023
492,12,53.0664315,47.75978834975685,5.30524970633669
492,14,45.4493829,40.90444460965835,4.527029304680423
492,17,73.3274588,65.99471291961795,7.257308854117163
492,18,68.56343609999999,61.70709248965959,6.8545424718840104
492,21,71.332343,64.19910869978513,7.061392671230942
492,22,72.1932183,64.97389646957453,7.217691780506832
492,23,57.21407790000001,51.492670109785145,5.663784755891432
492,24,48.6548971,43.78940738975596,4.846318398910881
492,27,58.880936299999995,52.99284266977076,5.827518140119655
492,29,67.5437297,60.78935672968987,6.7379747570066435
492,2,71.4088208,64.26793871973555,7.068963495681138
492,6,47.9353709,43.14183380962178,4.792276829331682
492,7,71.14115389999999,64.02703850961802,7.042466735329621
492,8,58.2902833,52.46125496943281,5.828788974163654
493,10,72.0194059,64.81746530962187,7.201705090571035
493,12,60.3175188,54.28576691961794,5.969698578002128
493,14,61.2343723,55.11093506961794,6.060440610757529
493,17,57.443329899999995,51.69899690977076,5.685236475009417
493,18,68.7610098,61.88490881943267,6.874292300806181
493,21,47.442648999999996,42.698384099574604,4.74407614486971
493,22,58.3226277,52.4903649297873,5.832093919561296
493,23,69.48619000000001,62.537570999570285,6.8786367589071995
493,24,58.542246,52.68802139962038,5.831158214846809
493,27,73.8360763,66.45246866961796,7.307647336062455
493,29,51.751864000000005,46.576677599755364,5.142275759135684
493,2,52.49484399999999,47.24535959968747,5.196614475016818
493,6,68.56343609999999,61.70709248965967,6.856123534226775
493,7,57.7429776,51.96867983977297,5.770229541236961
493,8,51.2179815,46.09618334977312,5.121640032868975
494,10,56.299869300000005,50.66988236977306,5.628508529228142
494,12,58.9445432,53.050088879508785,5.833812899075172
494,14,47.894322900000006,43.10489060977077,4.740159249018758
494,17,73.0655114,65.75896025957019,7.2313836983484086
494,18,52.8291195,47.54620754965968,5.28272540097626
494,21,72.1032546,64.89292913969054,7.208433862528896
494,22,70.09582049999999,63.08623844962186,7.009350141208698
494,23,56.2542811,50.62885298975445,5.568771734609708
494,24,53.1743345,47.856901049785094,5.262728752415358
494,27,58.2131792,52.391861279770765,5.761429431941298
494,29,58.7878429,52.90905860961946,5.841399694663903
494,2,70.9967738,63.89709641962041,7.072295006374663
494,6,58.8035784,52.923220559787296,5.880187872966206
494,7,71.5922108,64.43298971957431,7.154177575583622
494,8,68.94287460000001,62.04858713971634,6.89247630025552
495,10,70.8701631,63.78314678957311,7.06218257703171
495,12,47.7774796,42.999731639690545,4.776492608201209
495,14,58.315815199999996,52.48423367943266,5.830048619494596
495,17,59.00682080000001,53.10613871978725,5.899132802935142
495,18,71.1746405,64.0571764495746,7.1172198647435945
495,21,56.5637206,50.90734853973759,5.642638618111897
495,22,53.490499899999996,48.141449909773065,5.347843395308705
495,23,68.0186823,61.21681406968942,6.775632736459795
495,24,72.8436453,65.55928076950879,7.20942500772176
495,27,72.6189103,65.35701926957019,7.187182885015183
495,29,49.3208843,44.388795869798535,4.900723753103438
495,2,54.237728399999995,48.81395555991009,5.4028536388010595
495,6,71.4873327,64.33859942962187,7.1484989395627485
495,7,60.1510071,54.13590638979904,5.991900033397164
495,8,55.731480899999994,50.158332809773114,5.572980846662322
496,10,53.3091901,47.97827108977224,5.310201831002864
496,12,61.4984483,55.34860346951383,6.149611679594983
496,14,52.075925,46.86833249981093,5.207441801930892
496,17,74.0192202,66.61729817962188,7.401682390227244
496,18,70.5218893,63.46970036943281,7.051919491112541
496,21,72.3351568,65.10164111961944,7.187515689224781
496,22,63.3717766,57.03459893951061,6.295338116525356
496,23,56.1069295,50.49623654977306,5.609221188856134
496,24,58.246757599999995,52.42208183977076,5.764752664122211
496,27,60.24960539999999,54.22464485979773,5.962977044852313
496,29,54.6512012,49.186081079858205,5.464977812117975
496,2,59.7686231,53.79176078962041,5.953810512244882
496,6,58.944014,53.04961259977312,5.894192530134746
496,7,70.7834235,63.705081149511955,7.051042313304768
496,8,69.1346983,62.22122846951383,6.913218885204262
497,10,61.332324699999994,55.19909222957025,6.070997920830954
497,12,55.006596699999996,49.5059370297873,5.500497521780845
497,14,71.55868939999999,64.4028204595746,7.155624235608273
497,17,58.037156499999995,52.23344084977312,5.803543582963491
497,18,50.455522200000004,45.40996997957461,5.045355860386178
497,21,61.4313351,55.28820158982084,6.141521896536472
497,22,52.3200646,47.08805813978589,5.19746286841066
497,23,69.0572349,62.151511409618024,6.83617319891015
497,24,72.0670414,64.86033725968741,7.132563488921433
497,27,71.8499305,64.66493744957293,7.156682799109106
497,29,69.9233883,62.93104946943281,6.992071367871292
497,2,54.402802900000005,48.96252260978515,5.385488770554545
497,6,70.16723660000001,63.15051293951384,7.016469825190772
497,7,55.751037000000004,50.175933299785946,5.539650530997942
497,8,68.0370973,61.233387569432665,6.801920331528673
498,10,50.478475,45.430627499797765,4.9966261589300265
498,12,70.2342673,63.21084056943267,7.021582228924749
498,14,58.7750339,52.897530509799815,5.877336765128741
498,17,73.6404409,66.2763968095746,7.363795152278862
498,18,69.7203195,62.74828754977312,6.971836999985631
498,21,73.8047828,66.42430451931921,7.378539390588901
498,22,62.32375,56.091374999570185,6.168257529653775
498,23,52.8186877,47.536818929754446,5.228672458348325
498,24,59.2196814,53.29771325979773,5.861044156172986
498,27,54.0824219,48.67417970975691,5.408074164529314
498,29,58.3404985,52.506448649810935,5.8338871280015745
498,2,71.1396126,64.02565133975445,7.042313650584784
498,6,60.3889881,54.35008928981093,6.038732139046522
498,7,60.682438000000005,54.614194199570285,6.007128571745044
498,8,50.245527599999996,45.22097483965959,5.023232192735336
499,10,60.8216388,54.73947491961861,6.02995854299368
499,12,58.3580848,52.522276319799765,5.8342763898237955
499,14,74.641628,67.1774651994328,7.463884252940206
499,17,55.256508800000006,49.73085791977312,5.525484367700498
499,18,53.9664511,48.56980598968986,5.383364556106938
499,21,59.0361404,53.13252635988995,5.889280110808475
499,22,56.707219499999994,51.03649754979773,5.612382176772283
499,23,59.411925499999995,53.47073294965751,5.903413006089912
499,24,73.5032059,66.15288530951192,7.32135957522552
499,27,61.9365027,55.74285242965968,6.193444452591014
499,29,69.1346983,62.22122846951383,6.91321874098971
499,2,52.823000799999996,47.54070071965959,5.280911096375615
499,6,70.3860454,63.34744085951383,7.038350592904677
499,7,52.1007077,46.890636929785146,5.1575980160061485
499,8,70.2445356,63.22008203957451,7.022608743448227
500,10,51.358629300000004,46.22276636973816,5.134515334384465
500,12,68.98057279999999,62.08251551962177,6.8962470418270305
500,14,59.11284260000001,53.20155833977307,5.909732115290431
500,17,61.947940300000006,55.75314626962188,6.194580294387671
500,18,70.3515716,63.31641443957028,6.964303343405636
500,21,44.3995877,39.959628929690616,4.439798176446685
500,22,73.0006384,65.70057455950878,7.224962372589736
500,23,49.7902088,44.81118791978648,4.959816686385502
500,24,56.5637206,50.90734853973719,5.6340845503261745
500,27,54.5668653,49.11017876962187,5.4564585769396245
500,29,69.7779599,62.800163909315025,6.9334228277001495
500,2,73.6158586,66.25427273975684,7.359652069526786
500,6,60.5527022,54.497431979809015,5.994284615894732
500,7,62.3182257,56.08640312950966,6.1787331314407
500,8,56.8463822,51.16174397975686,5.683145156483877
501,10,64.4294144,57.98647295988144,6.377563939390775
501,12,56.1444005,50.529960449772226,5.592316821949315
501,14,72.9717098,65.67453881965834,7.268418300370644
501,17,50.2746688,45.2472019197873,5.027313854905456
501,18,59.342651599999996,53.40838643978514,5.874498323559635
501,21,60.405986,54.365387399319204,6.03901169782962
501,22,59.2897199,53.360747909798484,5.889827005154879
501,23,57.643797799999994,51.87941801951371,5.7628674905623445
501,24,72.545233,65.2907096996581,7.220709913429473
501,27,44.928219000000006,40.43539709943282,4.49261699521503
501,29,48.039266600000005,43.23533993961804,4.75554447566615
501,2,54.756700300000006,49.281030269690625,5.475485563621619
501,6,68.33796559999999,61.50416903968747,6.764970075694504
501,7,59.161561500000005,53.245405349819066,5.856572154838472
501,8,67.705912,60.93532079914921,6.770283453755745
502,10,72.9124817,65.62123352914901,7.289328549504799
502,12,70.7633161,63.68698448962038,7.048449587979313
502,14,58.500765099999995,52.650688589786455,5.82702478128404
502,17,59.41064900000001,53.46958409951384,5.940836517179736
502,18,69.25846759999999,62.33262083957027,6.8560938965729905
502,21,55.3408892,49.80680027981974,5.498896094647658
502,22,73.4077056,66.06693503957177,7.2923050029265655
502,23,52.6168623,47.35517606978648,5.241391733014232
502,24,58.280568499999994,52.45251164977222,5.805092904983783
502,27,61.5127264,55.3614537595746,6.151050446209367
502,29,69.13909459999999,62.22518513965622,6.8442772851071
502,2,71.6029274,64.44263465957461,7.160047662649814
502,6,50.7058797,45.635291729715476,5.054059765132197
502,7,76.2221819,68.59996370931245,7.545452456673237
502,8,70.3677043,63.33093386943281,7.0365016452024225
503,10,60.0922089,54.08298800975691,6.009041456566217
503,12,56.7349773,51.06147956977076,5.615129576999891
503,14,74.1111465,66.7000318495702,7.334870804635964
503,17,55.169909100000005,49.65291818981094,5.516834241126533
503,18,55.4015139,49.861362509786474,5.518782688826194
503,21,71.31447159999999,64.18302443973813,7.1295761891680725
503,22,59.9652105,53.96868944979848,5.956930083565008
503,23,69.5930796,62.633771639620406,6.932466919073642
503,24,73.3211976,65.98907783961795,7.2566887739118675
503,27,55.97423620000001,50.37681257979982,5.5972624493989755
503,29,57.8936669,52.10430020978514,5.7310598158333566
503,2,56.252597800000004,50.62733801973822,5.625083016732372
503,6,60.423291,54.3809618995745,6.04074398605158
503,7,65.7623323,59.18609906992685,6.5100014224150256
503,8,68.6810037,61.812903329432814,6.8678350308567016
504,10,70.34867320000001,63.31380587965837,7.007530289019003
504,12,70.7761742,63.69855677957019,7.004804645586045
504,14,58.158661499999994,52.342795349785085,5.756033441205203
504,17,72.10136200000001,64.89122579951385,7.209878346015997
504,18,60.573836,54.51645239951371,6.055794159101454
504,21,52.8900936,47.60108423969054,5.287620728238162
504,22,73.22699030000001,65.90429126951062,7.274352818488647
504,23,56.511766200000004,50.8605895797716,5.613512545000833
504,24,55.7468151,50.17213358979773,5.517330282807671
504,27,73.0673623,65.7606260694328,7.30646085577163
504,29,70.3225693,63.29031236957027,6.961433036853424
504,2,71.4144326,64.27298933969061,7.141182242284843
504,6,51.437913099999996,46.29412178977224,5.1239510830421136
504,7,63.85416779999999,57.46875101982917,6.360788579482881
504,8,49.6060956,44.64548603962188,4.960423886035329
505,10,59.264134199999994,53.33772077977129,5.878953851757846
505,12,58.806807299999996,52.926126569799024,5.857508507356553
505,14,69.8237621,62.841385889570184,6.910543362390179
505,17,59.0688015,53.16192134979976,5.905329316779146
505,18,52.508020099999996,47.2572180898102,5.2305493307903
505,21,72.5092847,65.25835622943266,7.249024667771029
505,22,59.8413651,53.85722858978588,5.944627300252202
505,23,70.5289009,63.47601080961945,7.00804154846589
505,24,63.027683999999994,56.724915599426915,6.237927259465898
505,27,63.1726649,56.855398409690615,6.317064411628216
505,29,57.236058899999996,51.512453009770816,5.66596130915764
505,2,58.897868499999994,53.00808164978729,5.889616397506781
505,6,57.729143699999995,51.956229329620406,5.75064800432546
505,7,72.10376029999999,64.89338426931674,7.182565816222035
505,8,69.0561517,62.150536529619366,6.860019560177836
506,10,71.9096656,64.7186990397708,7.1179985189915
506,12,68.3473204,61.51258835962187,6.834504134977131
506,14,51.9216872,46.72951847977077,5.138752517061252
506,17,72.5092847,65.25835622942904,7.203055233781243
506,18,58.0914952,52.282345679511955,5.786743904697584
506,21,60.9705358,54.87348221981047,6.082249593751614
506,22,73.7987946,66.41891513957017,7.303956920050492
506,23,56.3340382,50.70063437977167,5.597579806018708
506,24,51.1298842,46.016895779808976,5.060387019706099
506,27,48.4678232,43.621040879145866,4.827683899765261
506,29,69.0561517,62.15053652961803,6.83606655144732
506,2,70.57570079999999,63.5181307195746,7.057327147152911
506,6,60.8653988,54.77885891931246,6.025238574944529
506,7,61.3793754,55.24143785979904,6.114263796036636
506,8,53.9613754,48.565237859798486,5.360508049456796
507,10,55.130082,49.61707379971641,5.512828933968143
507,12,53.3637602,48.027384179756915,5.336209439230761
507,14,59.5538808,53.59849271962038,5.931922295316842
507,17,60.9705358,54.87348221980897,6.034328274917368
507,18,54.2177666,48.79598993978514,5.367171419443499
507,21,72.8425349,65.55828140951371,7.2823404103488345
507,22,61.5995646,55.43960813991613,6.096583588885977
507,23,68.96038920000001,62.064350279570284,6.826586454919821
507,24,60.0307915,54.027712349511916,5.9794257581317085
507,27,64.0888512,57.67996607986823,6.366569912076517
507,29,56.3261491,50.69353418988558,5.584629021332995
507,2,54.3608172,48.92473547977312,5.435916729711342
507,6,47.037802,42.33402179957461,4.7035921603385455
507,7,71.574528,64.41707519961804,7.085367654416319
507,8,59.6323167,53.66908502942904,5.923858323127727
508,10,71.92516049999999,64.73264444951381,7.192258203752075
508,12,64.3586549,57.92278940951384,6.435625322142511
508,14,49.683913600000004,44.71552223979982,4.968242740293489
508,17,72.8665004,65.57985035942693,7.211686957602477
508,18,70.3323815,63.29914334961803,6.962403766021647
508,21,57.828786099999995,52.04590748975691,5.7827036745129305
508,22,66.3755356,59.73798203951372,6.635809007480586
508,23,58.0312143,52.228092869785144,5.744675671242123
508,24,54.899487300000004,49.409538569799764,5.488507259574931
508,27,72.0762699,64.86864290957222,7.167386119805181
508,29,52.136173,46.92255569990178,5.161109054137685
508,2,61.408407499999996,55.267566749574605,6.1406185188089255
508,6,68.941266,62.0471393997873,6.893937279003254
508,7,55.9840024,50.38560215977082,5.542016333855529
508,8,50.3795453,45.34159076980968,5.004690053118524
509,10,55.231815100000006,49.70863358977312,5.523014809873338
509,12,59.1163276,53.20469483965968,5.911432560922706
509,14,60.04553849999999,54.0409846494328,6.004309640075058
509,17,58.8201164,52.93810475977077,5.821498627173428
509,18,57.818455199999995,52.03660967977081,5.723613861330796
509,21,71.9584017,64.76256152962094,7.1783701196776395
509,22,55.183736100000004,49.66536248978725,5.516924305681092
509,23,69.7183051,62.746474589618025,6.901614607752406
509,24,72.291409,65.06226809957461,7.22889503658157
509,27,57.406487500000004,51.66583874975556,5.7085964668757185
509,29,69.91823839999999,62.926414559508885,6.921407072588235
509,2,57.7534649,51.978118409574606,5.775132746878481
509,6,50.786850400000006,45.70816535962188,5.078496109582427
509,7,61.5761988,55.41857891957028,6.09560434253341
509,8,59.0695947,53.16263522942964,5.873980842834214
510,10,61.886928100000006,55.69823528962188,6.18847899033893
510,12,56.93958690000001,51.24562820978731,5.693792465359677
510,14,52.443875299999995,47.19948776977306,5.243010320349867
510,17,72.21149700000001,64.9903472997851,7.146860060489014
510,18,70.8767952,63.78911567961803,7.0162968851768275
510,21,60.5956603,54.53609426979853,6.021031703860811
510,22,67.70572030000001,60.93514826962179,6.768793520450446
510,23,57.4434015,51.699061349770815,5.686486394709714
510,24,57.234505999999996,51.51105539977311,5.723280469005368
510,27,69.9705476,62.973492839785095,6.925070657715715
510,29,57.341935600000006,51.60774203978515,5.676442350440638
510,2,45.4794951,40.931545589621784,4.546752769991733
510,6,70.3568456,63.32116103962041,7.008548260663098
510,7,52.9075324,47.61677915978594,5.257108868628144
510,8,53.471372800000005,48.124235519798695,5.317282781126799
511,10,51.4408609,46.2967748097873,5.143930494719101
511,12,57.03382190000001,51.330439709773124,5.703212079402683
511,14,71.1201294,64.00811645977161,7.06505486872248
511,17,52.2367889,47.01311000965671,5.178219426602344
511,18,59.9236062,53.93124557978514,5.93200878699637
511,21,71.3116316,64.18046843973654,7.085814610017741
511,22,57.2315496,51.50839463973816,5.721651585941805
511,23,68.5315671,61.67841038957028,6.7841361356790255
511,24,72.8295806,65.54662253962037,7.254264058777139
511,27,47.5837595,42.82538354957019,4.709422667354243
511,29,70.3133371,63.28200338957028,6.960519061053268
511,2,61.416003399999994,55.274403059574496,6.139985499802339
511,6,60.0629117,54.05662052978633,5.978885534213641
511,7,61.397490600000005,55.25774153957189,6.100706433301266
511,8,69.7094786,62.73853073951261,6.953373537628562
512,10,61.5127264,55.3614537595746,6.1510502314818964
512,12,71.0352016,63.93168143962187,7.103286708977652
512,14,49.7724027,44.79516242965743,4.944377055784534
512,17,72.08640670000001,64.8777660295702,7.134480171293824
512,18,71.04919579999999,63.94427621957027,7.033363414199225
512,21,49.5720176,44.61481583971641,4.957034337275089
512,22,75.71816369999999,68.14634732977295,7.566249002512609
512,23,54.7434125,49.26907124978514,5.419206774093895
512,24,58.4299319,52.58693870977077,5.782881671814088
512,27,68.5368769,61.683189209797725,6.7831784852443535
512,29,58.526399399999995,52.67375945978514,5.793695802052912
512,2,54.70105159999999,49.23094643978724,5.468667675726142
512,6,70.8298171,63.746835389572965,7.055663270619521
512,7,56.5969884,50.937289559785945,5.623708282878575
512,8,57.201123200000005,51.48101087977162,5.68234371609955
513,10,65.8701193,59.283107369149214,6.586708537311655
513,12,69.0081437,62.107329329319256,6.899517547215426
513,14,71.5801113,64.42210016962038,7.129809089591121
513,17,68.3101374,61.479123659426925,6.76073755611574
513,18,58.9443331,53.04989978977082,5.835067712830751
513,21,61.8998242,55.70984177951382,6.189714615763729
513,22,56.6229655,50.96066894971633,5.660808711255434
513,23,59.837993700000006,53.854194329570284,5.923534305908395
513,24,72.817274,65.53554659957018,7.206815104104148
513,27,46.6870151,42.01831358957088,4.628071802350894
513,29,70.9767336,63.87906023957028,7.026190596768601
513,2,71.9071123,64.71640106951371,7.188820404099347
513,6,60.963893199999994,54.86750387980901,6.0349898874538965
513,7,72.909332,65.61839879957029,7.217503524324337
513,8,69.5604167,62.604375029688576,6.910112618953509
514,10,48.3410156,43.506914039659684,4.833925598931034
514,12,54.6221282,49.15991537965615,5.4060185548761
514,14,70.48434449999999,63.435910049426916,6.9759213941972735
514,17,48.669395,43.80245549968941,4.847761848891231
514,18,70.3707174,63.33364565957028,6.966198839138309
514,21,52.314075100000004,47.082667589820886,5.231259063211792
514,22,74.5723585,67.11512264969063,7.4570103220211506
514,23,51.389919299999995,46.25092736979777,5.087234913545235
514,24,59.0524848,53.147236319785094,5.844496483492617
514,27,61.669999600000004,55.50299963961795,6.103555597799961
514,29,58.6625738,52.796316419785136,5.807176115282458
514,2,59.703113699999996,53.73280232979981,5.970143150862933
514,6,70.3581929,63.322373609312464,6.964958981275465
514,7,60.4461387,54.40152482978514,5.983735920263616
514,8,57.4006657,51.66059912968984,5.725593540070491
515,10,71.4698669,64.32288020978594,7.101537798546602
515,12,71.0015983,63.90143846957018,7.027115229425009
515,14,51.3032822,46.17295397965615,5.077548327997129
515,17,61.1524054,55.037164859756906,6.1150582096296455
515,18,59.730711400000004,53.75764025979778,5.912913590002248
515,21,62.580052900000005,56.32204760969062,6.257804574056381
515,22,56.369277100000005,50.732349389716404,5.636745600708081
515,23,60.0529321,54.047638889508896,5.94481171103824
515,24,73.1767567,65.85908102957019,7.242393371871134
515,27,52.2433653,47.019028769797735,5.170589566130017
515,29,71.5922108,64.43298971957029,7.087118574397312
515,2,72.1463283,64.9316954697164,7.214419027204357
515,6,59.79443679999999,53.81499311979777,5.919222077642928
515,7,73.86940870000001,66.48246782973557,7.312544130552144
515,8,68.1360736,61.32246623979849,6.768618827694506
516,10,48.541036500000004,43.68693284957189,4.823235243003943
516,12,61.033616800000004,54.930255119797735,6.0405714575400955
516,14,72.7132426,65.4419183395702,7.196518894954662
516,17,42.9843342,38.68590077957461,4.298255182618906
516,18,68.8821334,61.99392005957028,6.818839550847764
516,21,51.439267099999995,46.295340389690615,5.143749843242229
516,22,75.2560788,67.7304709195746,7.525354913828367
516,23,54.087707900000005,48.678937109785146,5.354296710352421
516,24,60.5873162,54.52858457979806,6.006005418974843
516,27,57.17697080000001,51.459273719852035,5.717548547287895
516,29,59.4488459,53.50396130978514,5.885011440682791
516,2,52.907375599999995,47.61663803969054,5.289346348711084
516,6,68.9166357,62.02497212957028,6.822254985771053
516,7,54.7843281,49.30589528968864,5.4435942819923895
516,8,54.31913659999999,48.887222939716324,5.430487415030403
517,10,71.8611757,64.67505812978594,7.140419673185018
517,12,70.470303,63.423272699426924,6.97453230702785
517,14,58.324942899999996,52.492448609785086,5.772490673706789
517,17,59.33837079999999,53.4045337195746,5.933620318594897
517,18,55.050807199999994,49.54572647978514,5.449636483694526
517,21,72.9468173,65.65213556943267,7.292765926076576
517,22,61.76074259999999,55.5846683397569,6.175890669648952
517,23,69.99802269999999,62.99822042950889,6.929304764687965
517,24,71.97255890000001,64.77530300950959,7.134623484696882
517,27,72.6485785,65.38372064957353,7.246540604549947
517,29,71.0713161,63.964184489508895,7.035553721420353
517,2,71.71909910000001,64.5471891895745,7.170024609632923
517,6,55.6331778,50.069860019770815,5.507287115352397
517,7,72.37060100000001,65.13354089951197,7.209147721901463
517,8,71.51161259999999,64.36045133943266,7.149282473123913
518,10,51.653131900000005,46.4878187096596,5.163957268843037
518,12,59.3883347,53.44950122979773,5.877735860371787
518,14,71.3559797,64.22038172957019,7.06218904028272
518,17,53.4761947,48.12857522977312,5.34745643126101
518,18,59.9122052,53.92098467942705,5.9308806768376074
518,21,59.0802394,53.17221545977257,5.893679726742439
518,22,73.6491201,66.2842080897873,7.364713825129204
518,23,58.757681100000006,52.88191298979778,5.816590713957838
518,24,55.1909599,49.671863909785095,5.46231666469962
518,27,59.542185599999996,53.58796703978676,5.939031363581886
518,29,56.5521723,50.89695506979778,5.598261436549559
518,2,60.7188306,54.646947539690544,6.070286802676112
518,6,59.119339599999996,53.207405639618024,5.852392659715183
518,7,61.021067699999996,54.91896092977224,6.078571131385794
518,8,60.20852060000001,54.18766853979977,6.019271587097763
519,10,71.96644979999999,64.76980481950885,7.123620142842028
519,12,69.5279221,62.57512988950879,6.881263494348001
519,14,57.0671763,51.36045866978509,5.648007973898818
519,17,72.2850128,65.05651151971641,7.22824402497516
519,18,54.00334049999999,48.603006449911845,5.345944854262886
519,21,72.2277708,65.00499371978594,7.176846263212738
519,22,56.177921600000005,50.56012943969062,5.617604772135161
519,23,69.7368184,62.763136559570285,6.903447443056727
519,24,61.9334476,55.740102839570184,6.1296293838527935
519,27,72.7835208,65.50516871957353,7.259788835312767
519,29,60.682438000000005,54.61419419957297,6.044839649315909
519,2,66.9590659,60.26315930979981,6.695724226572648
519,6,51.90800840000001,46.71720755978515,5.138521984361021
519,7,71.5415072,64.38735647961946,7.10865486572817
519,8,70.8586939,63.772824509574505,7.08400922738987
520,10,59.98869690000001,53.989827209809,5.937998235992411
520,12,61.034612200000005,54.93115097971346,6.0406699172719245
520,14,69.2245541,62.302098689570194,6.851238937229366
520,17,55.0904018,49.581361619716404,5.508860682116924
520,18,69.5807004,62.62263035968748,6.887992330735803
520,21,51.4457325,46.301159249657516,5.111857772301599
520,22,75.9670551,68.37034958951382,7.596438703081734
520,23,59.190482200000005,53.27143397979854,5.881407865430858
520,24,50.9972777,45.89754992978509,5.047262824759952
520,27,59.178630899999995,53.260767809786756,5.902768624741182
520,29,52.1007077,46.89063692978648,5.189975942121601
520,2,53.48750330000001,48.13875296971641,5.348574178168874
520,6,58.3422136,52.507992239508894,5.775462829074014
520,7,61.8052443,55.62471986979904,6.156686345362893
520,8,56.1225796,50.51032163979977,5.610785055236612
521,10,71.1228894,64.01060045950885,7.040120130347147
521,12,56.910613,51.219551699319204,5.689562548448657
521,14,52.2197216,46.997749439770764,5.1682494477897025
521,17,72.2277708,65.00499371978731,7.222581472386488
521,18,57.420043099999994,51.6780387897372,5.719858284567491
521,21,73.2183956,65.8965560395089,7.248098092259562
521,22,58.8442818,52.95985361979981,5.884261272933409
521,23,69.7936887,62.814319829513714,6.977537065295579
521,24,60.812493,54.73124369957019,6.018687127972869
521,27,72.4157791,65.17420118957354,7.2233193105171365
521,29,62.3182257,56.08640312951196,6.207787037537217
521,2,69.7057529,62.7351776095746,6.970334318541129
521,6,55.2758463,49.74826166979777,5.471913901422692
521,7,72.30880210000001,65.07792188973703,7.197887898981093
521,8,60.484606,54.43614539951371,6.0468713338172835
522,10,57.076993,51.36929369975482,5.658707051435686
522,12,66.8557738,60.17019641977311,6.685388556310843
522,14,59.644811,53.680329899656144,5.903120051465947
522,17,47.3867835,42.648105149574604,4.738489088777917
522,18,69.932359,62.939123099656236,6.922804130489697
522,21,61.7062397,55.53561572981906,6.108476324505477
522,22,69.84090330000001,62.85681296943281,6.983784431224076
522,23,58.6291506,52.766235539787246,5.861376735287614
522,24,52.9359342,47.642340779754385,5.239133990446882
522,27,62.848821099999995,56.56393898991696,6.283233239646164
522,29,57.370912100000005,51.63382088979905,5.714963486729629
522,2,54.219385499999994,48.79744694978729,5.421777722348912
522,6,70.3723129,63.335081609570274,6.966356886416599
522,7,51.2129618,46.09166561969055,5.119951739103918
522,8,52.330412599999995,47.097371339799764,5.231667464274511
523,10,70.6965671,63.6269103896204,7.0421853200161815
523,12,48.422406099999996,43.580165489574604,4.842049145487533
523,14,48.4496847,43.604716229772876,4.839762986418384
523,17,72.18264119999999,64.96437707965833,7.18982226115758
523,18,64.55301,58.09770899986778,6.390286776724639
523,21,73.5478984,66.19310855931772,7.336934588704358
523,22,58.096522900000004,52.28687060979982,5.80948682506334
523,23,70.8233405,63.74100644962041,7.0550186047754995
523,24,71.84849220000001,64.66364297978511,7.110933157831308
523,27,71.9823093,64.78407836951371,7.19634068335613
523,29,75.8225174,68.24026565957028,7.50588857484633
523,2,60.5960668,54.53646011951372,6.058012793100131
523,6,59.4707887,53.52370982978514,5.88718318770905
523,7,61.698415,55.5285734995745,6.168221944563561
523,8,63.618013,57.25621169951371,6.360130017346129
524,10,68.11068139999999,61.29961325950885,6.741955104115246
524,12,60.9700824,54.87307415962178,6.095407303884607
524,14,58.6115367,52.75038302957461,5.860939718832222
524,17,59.4956445,53.54608004978509,5.888356434979384
524,18,70.3822847,63.34405622914057,6.967343078318882
524,21,72.38311870000001,65.14480682951373,7.23640912562377
524,22,70.29809540000001,63.26828585957461,7.0295674412749705
524,23,58.555817899999994,52.70023610978594,5.818344973738836
524,24,47.3661375,42.62952374957088,4.695378815389463
524,27,56.8190191,51.137117189799305,5.667574052004597
524,29,61.403645399999995,55.263280859785134,6.078522567152381
524,2,49.6335048,44.670154319787244,4.962046016964137
524,6,70.8539488,63.76855391957027,7.014035354958937
524,7,53.9623064,48.566075759797776,5.341882715917326
524,8,56.887581499999996,51.198823349786764,5.674413032165983
525,10,47.2865727,42.557915429618,4.680674779192165
525,12,52.6236188,47.36125691978646,5.241625501164028
525,14,50.9880095,45.88920854975691,5.098640125216171
525,17,73.46798629999999,66.12118766957018,7.2712166939196194
525,18,53.9989264,48.5990337596596,5.39847398356282
525,21,52.9505079,47.65545710969052,5.293374976248959
525,22,60.9813441,54.88320968979981,6.097963484315311
525,23,69.1193409,62.207406809508896,6.842321247468527
525,24,72.2277708,65.0049937197851,7.14847081327489
525,27,63.3309614,56.997865259512615,6.317126974999417
525,29,73.80880789999999,66.42792710950889,7.306545631924116
525,2,56.8816057,51.19344512962178,5.686664975220429
525,6,60.9487205,54.853848449798534,6.056113555943856
525,7,61.7823837,55.60414532942705,6.1160149132937605
525,8,75.8225174,68.24026565957334,7.559622031799732
526,10,61.9022407,55.712016629770794,6.12741104599595
526,12,62.4402147,56.19619322957293,6.219417804300999
526,14,71.8964728,64.70682551977076,7.115681477718085
526,17,60.4432944,54.39896495980897,5.982146557274422
526,18,69.7133792,62.742041279574615,6.971098773329516
526,21,71.1022821,63.992053889716324,7.10836187995273
526,22,75.84837719999999,68.2635394797382,7.584621880407967
526,23,55.905661900000005,50.31509570978515,5.534260763208531
526,24,51.4457325,46.301159249656706,5.099802422270632
526,27,53.278134200000004,47.95032077978677,5.314378406747472
526,29,62.8934493,56.604104369797774,6.226002543569366
526,2,51.4589655,46.31306894975691,5.145734543470766
526,6,71.05227280000001,63.94704551951372,7.103361219747479
526,7,65.2240316,58.7016284395089,6.456713029559142
526,8,61.403645399999995,55.26328085978676,6.124881344339565
527,10,46.7848722,42.10638497968942,4.660306129891112
527,12,66.5382872,59.88445847914586,6.627609978487552
527,14,50.7435709,45.669213809687406,5.022152810415154
527,17,71.7749683,64.5974714693123,7.103656809979555
527,18,59.720082600000005,53.74807433978725,5.970440452629574
527,21,47.8055765,43.02501884969055,4.779301443125638
527,22,51.6185675,46.456710749574604,5.161657184367631
527,23,60.6524791,54.58723118951196,6.04185517526766
527,24,73.2183956,65.89655603950958,7.258122852059524
527,27,62.5021667,56.25195002951261,6.234456344609032
527,29,74.1635865,66.74722784957028,7.341666365374089
527,2,69.08981920000001,62.18083727978725,6.90716687622351
527,6,60.4001565,54.36014084978724,6.0384300497681505
527,7,52.5890889,47.33018000965959,5.257528478766958
527,8,73.98224060000001,66.58401653957355,7.379570123639161
528,10,61.6520437,55.486839329511945,6.141246331992123
528,12,50.71275309999999,45.64147778951383,5.071067895249174
528,14,71.4481656,64.30334903975438,7.071312083837789
528,17,68.6411669,61.77705020950879,6.793499963340553
528,18,70.1708834,63.15379505957027,6.946416250474132
528,21,64.0347909,57.63131180951384,6.403239969673239
528,22,74.8807126,67.39264133962186,7.48782918749771
528,23,52.9568868,47.66119811978648,5.2752633021809485
528,24,59.254475299999996,53.32902776977076,5.864487748426985
528,27,58.056359300000004,52.250723369820435,5.790996118448079
528,29,61.5081666,55.357349939785145,6.088869444074684
528,2,46.4099615,41.7689653495745,4.63977458580399
528,6,69.69064350000001,62.721579149513694,6.966861803337037
528,7,74.668215,67.20139349951197,7.438022459661722
528,8,62.124522999999996,55.91207069978676,6.196787276829059
529,10,55.21912639999999,49.697213759786464,5.500453843258937
529,12,57.520462699999996,51.768416429319366,5.751790819815753
529,14,45.7565699,41.18091290957293,4.557626912815397
529,17,45.5715035,41.01435314962187,4.556973763957553
529,18,57.552488499999995,51.797239649809015,5.697284815551663
529,21,53.3928521,48.05356688975691,5.339118995766285
529,22,62.501030199999995,56.250927179773115,6.249921981665928
529,23,59.013651499999995,53.112286349620405,5.878604560782769
529,24,72.3764218,65.1387796197851,7.1631830814037345
529,27,75.3900929,67.8510836097164,7.538789169644234
529,29,72.3340806,65.10067253957028,7.160558338224176
529,2,69.63906589999999,62.675159309787226,6.961703918039463
529,6,64.532247,58.079022299890184,6.451531106699483
529,7,62.234671500000005,56.01120434977225,6.1994630530719705
529,8,74.1635865,66.74722784957018,7.340060716167012
530,10,72.7154003,65.44386026950885,7.197755259979937
530,12,71.4976174,64.3478556595746,7.14951795867981
530,14,70.4871531,63.43843778957293,7.0209409780042265
530,17,62.2883154,56.0594838597873,6.228654820310606
530,18,61.550764400000006,55.39568795943063,6.131336308589946
530,21,57.751855,51.976669499690615,5.774932473944119
530,22,75.9528842,68.35759577977312,7.5950817612857735
530,23,56.1001184,50.49010655978514,5.553510900184849
530,24,47.2330317,42.50972852957019,4.674710767004458
530,27,49.5471225,44.592410249574606,4.954517681499524
530,29,60.67221670000001,54.604995029785144,6.006116365768406
530,2,47.354304,42.6188735995745,4.7341841420924275
530,6,50.8058028,45.72522251969062,5.080404702172312
530,7,74.7923991,67.31315918977081,7.403913576602454
530,8,61.5081666,55.357349939785095,6.087538001893057
531,10,60.2856351,54.25707158979776,5.967390870440613
531,12,65.8439465,59.259551849574606,6.584162471759881
531,14,62.864475399999996,56.5780278597164,6.286251792541208
531,17,45.3893224,40.85039015965968,4.538762940325292
531,18,53.656996,48.29129639979904,5.345003601704002
531,21,53.170222599999995,47.85320033975633,5.304112919121877
531,22,59.0576114,53.15185025973822,5.905578406027398
531,23,72.4187876,65.1769088395089,7.168943148963348
531,24,70.9371375,63.84342374975686,7.091848651733324
531,27,74.3400775,66.90606974969063,7.433782803854538
531,29,71.5370377,64.38333392957028,7.081656699921277
531,2,71.6868168,64.51813511978725,7.166798563373561
531,6,61.963927500000004,55.76753474957461,6.196169426777544
531,7,56.6902292,51.021206279687476,5.611927781681897
531,8,72.2826757,65.05440812950879,7.153905280907191
532,10,72.8749977,65.58749792961798,7.213553123363604
532,12,54.625870899999995,49.1632838095746,5.462380691636009
532,14,55.0246442,49.52217977951383,5.5022165698382866
532,17,62.5424517,56.288206529513836,6.254009005866397
532,18,60.2606659,54.23459930951371,6.024485408194384
532,21,75.53379770000001,67.9804179297868,7.535040461326186
532,22,77.7602047,69.98418422943281,7.775733930450078
532,23,61.4549649,55.30946840979777,6.083602492165298
532,24,49.2133445,44.2920100497164,4.92116749091966
532,27,60.168726299999996,54.15185366977312,6.016696168837006
532,29,69.3876301,62.44886708942705,6.86888006215379
532,2,60.50209399999999,54.45188459990543,6.048620465605766
532,6,53.069020099999996,47.7621180897873,5.306743339694064
532,7,74.0620328,66.65582951957029,7.331612999955858
532,8,61.3793754,55.241437859797735,6.07479141634931
533,10,58.2167521,52.3950768897708,5.762601867686755
533,12,71.6826028,64.51434251957292,7.140013678475689
533,14,70.9256376,63.83307383951384,7.092309209801701
533,17,56.3899978,50.750998019799816,5.638837703822008
533,18,57.5725884,51.81532955979904,5.735052544805348
533,21,49.835881199999996,44.85229307957431,4.980071700039398
533,22,61.548035,55.39323149975685,6.153186525163417
533,23,72.7934935,65.51414414973556,7.206036086342695
533,24,64.0347909,57.63131180951384,6.403239932163515
533,27,73.37090280000001,66.03381251957461,7.336841531996717
533,29,50.6940426,45.62463833969055,5.06807208031068
533,2,70.2203492,63.198314279318886,7.016870395596239
533,6,60.214814800000006,54.19333331943282,6.021237035030851
533,7,63.646607200000005,57.28194647979778,6.300559548672933
533,8,71.5370377,64.38333392957018,7.0801086073853865
534,10,72.4157791,65.17420118957024,7.1680973385879705
534,12,74.1106441,66.699579689149,7.409111077881253
534,14,56.6422152,50.97799367975691,5.664048415080859
534,17,76.91019569999999,69.21917612943265,7.688999762081308
534,18,72.42621,65.18358899951161,7.209574400628274
534,21,74.5874837,67.12873532965752,7.4113166946725855
534,22,75.0136449,67.5122804096218,7.499733077991991
534,23,51.5636199,46.40725790961803,5.104429926586113
534,24,52.182735,46.96446149979982,5.218119492728379
534,27,59.89451220000001,53.90506097975686,5.987878314062836
534,29,61.8031927,55.62287342943281,6.180071258843012
534,2,55.6486663,50.08379966979854,5.529479098621908
534,6,60.5992371,54.539313389621874,6.05971245890799
534,7,75.3133356,67.78200203950966,7.467173108754905
534,8,57.291779399999996,51.56260145979848,5.691349317788207
535,10,60.5858071,54.527226389797754,5.997103480711316
535,12,57.972539999999995,52.17528599975691,5.797078332157927
535,14,69.4105614,62.4695052596596,6.939232443063341
535,17,76.1189635,68.50706714951193,7.581902450406575
535,18,72.5066679,65.25600110942703,7.177640750170921
535,21,66.6749767,60.00747902985109,6.625097433993414
535,22,61.9385749,55.74471740979976,6.1922305225943495
535,23,72.4652493,65.21872436977081,7.173542147419469
535,24,61.946737399999996,55.75206365951382,6.19440502827829
535,27,74.0836567,66.67529102957448,7.4060244286165755
535,29,56.5486504,50.893785359918965,5.6547395834562355
535,2,61.0085086,54.90765773957188,6.06205463338295
535,6,52.75999529999999,47.4839957695746,5.2757973348609655
535,7,62.896837000000005,56.607153299785146,6.22633763979676
535,8,61.469118300000005,55.322206469513716,6.145299178576148
536,10,73.2302182,65.90719637957024,7.2487146676248875
536,12,71.1259258,64.01333321943281,7.1123220131091465
536,14,55.1816953,49.663525769773074,5.516960115851454
536,17,49.835881199999996,44.85229307957293,4.963951395826413
536,18,51.524494600000004,46.3720451395745,5.151096174400375
536,21,63.0040233,56.70362096979933,6.28510666848327
536,22,69.47469720000001,62.52722747957461,6.947230849899654
536,23,54.98702049999999,49.48831844968796,5.451856414872316
536,24,64.6818599,58.21367390951383,6.467908254000969
536,27,63.325355900000005,56.99282030981089,6.330873360025775
536,29,73.0195317,65.71757852943281,7.301677669687159
536,2,54.292044399999995,48.86283995986826,5.394679160611295
536,6,72.3475186,65.1127667395745,7.232852155699542
536,7,72.0797566,64.87178093957029,7.135381615787194
536,8,52.9075324,47.616779159786766,5.277412220987009
537,10,60.892959999999995,54.803663999797756,6.027507124777195
537,12,65.1981145,58.678303049882615,6.518100436756703
537,14,62.7390829,56.46517460957293,6.249187434159363
537,17,74.87227659999999,67.38504893978559,7.427824412708949
537,18,73.6228665,66.26057984965837,7.333889860320375
537,21,75.3257419,67.79316770975537,7.484672681624295
537,22,58.2067588,52.38608291978725,5.819146858852124
537,23,70.2486511,63.2237859895089,6.954115038252466
537,24,49.2458923,44.321303069659685,4.924410829512257
537,27,73.3273576,65.99462183957354,7.314247065565367
537,29,74.0919274,66.68273465943281,7.408914254176249
537,2,50.6173159,45.5555843097164,5.061561678250987
537,6,60.516854499999994,54.465169049756845,6.0500963593449075
537,7,58.272625,52.445362499914054,5.768573750055996
537,8,61.397490600000005,55.25774153957354,6.124267538242244
538,10,72.0246377,64.8221739293124,7.129380154776848
538,12,56.9841042,51.28569377973719,5.675955608969647
538,14,52.502432600000006,47.25218933979774,5.196229472783898
538,17,49.907292,44.91656279957293,4.971065125068956
538,18,63.5938667,57.234480029810065,6.3303685678100825
538,21,50.379234600000004,45.34131113957189,5.005885837649225
538,22,68.7763598,61.89872381951348,6.872580908976183
538,23,61.2896165,55.16065484980901,6.067234171133722
538,24,76.69941019999999,69.02946917951381,7.66967228585314
538,27,57.977597800000005,52.17983801979849,5.759479099046439
538,29,50.830406800000006,45.74736611962188,5.082851603516913
538,2,70.3991075,63.35919674969062,7.039693890148162
538,6,73.45392790000001,66.10853510951375,7.3437951359209
538,7,62.3053195,56.07478754957189,6.190913957401129
538,8,56.5969884,50.93728955978677,5.645427518796375
539,10,57.527621100000005,51.774858989809,5.69438809936735
539,12,69.9514834,62.95633505943057,6.967584378026068
539,14,60.8396087,54.75564782957019,6.0213703603079916
539,17,75.8523529,68.2671176097851,7.507200063566603
539,18,73.324352,65.99191679971634,7.330509634613626
539,21,73.8273234,66.44459105931773,7.364807656121547
539,22,60.195917300000005,54.17632556977296,6.015166356858988
539,23,72.5964396,65.33679563950889,7.186529325345738
539,24,62.101319600000004,55.89118763977312,6.209951579056987
539,27,64.5228836,58.07059523951061,6.409686490129732
539,29,73.2164258,65.89478321977306,7.319719593556454
539,2,64.03192519999999,57.62873267988264,6.403041144741351
539,6,64.29564979999999,57.86608481982083,6.42787671346593
539,7,59.8852658,53.89673921979777,5.928213604097897
539,8,72.920511,65.62845989951262,7.273663780453988
540,10,63.6032158,57.24289421942701,6.295783023668953
540,12,56.969707199999995,51.27273647979976,5.695475236661803
540,14,56.3787563,50.74088066978646,5.615660773338211
540,17,49.6274784,44.66473055957019,4.911692032826858
540,18,52.186419799999996,46.96777781957461,5.218441757728505
540,21,72.3226539,65.09038850969063,7.2320447559383885
540,22,78.6058468,70.7452621197851,7.779716070167148
540,23,57.4752822,51.72775397978514,5.6896422942113505
540,24,74.5874837,67.12873532965969,7.458515525276463
540,27,55.9668665,50.37017984984527,5.595218347413128
540,29,51.5896907,46.43072162962179,5.157844750284948
540,2,47.5672111,42.810489989574606,4.756531400589347
540,6,72.696929,65.42723609957449,7.267783789569775
540,7,74.97293900000001,67.47564509950891,7.421786142222996
540,8,61.17466459999999,55.057198139799304,6.102040278998984
541,10,54.468273599999996,49.02144623981904,5.391557704832547
541,12,65.7515972,59.17643747943265,6.573081340659957
541,14,72.9216519,65.62948670957262,7.25817641332878
541,17,74.8222405,67.34001644978511,7.4052486184629345
541,18,71.6977589,64.52798300978722,7.167508908541766
541,21,52.0688477,46.86196292969062,5.206706604205055
541,22,52.9393727,47.645435429570185,5.239473028598343
541,23,61.7624049,55.586164409508896,6.114037181841263
541,24,75.3469315,67.8122383494328,7.534412327762113
541,27,59.8562854,53.8706568598294,5.970535032621642
541,29,71.803935,64.62354149965968,7.180168002843371
541,2,71.2086774,64.08780965975691,7.1206656826548205
541,6,67.0591449,60.35323040988262,6.704154525108058
541,7,63.9196929,57.527723609797775,6.327593083269151
541,8,72.6503919,65.38535270957354,7.246720191476418
542,10,63.569947400000004,57.21295265951372,6.355322568803997
542,12,55.772479399999995,50.195231459773055,5.5757836196595445
542,14,59.020779499999996,53.118701549755954,5.878821233452835
542,17,50.379234600000004,45.341311139570195,4.986094263423686
542,18,55.9739725,50.37657524965968,5.597203947782522
542,21,65.2006809,58.680612809513825,6.51982598857259
542,22,78.1369672,70.32327047978714,7.807952605004367
542,23,54.2450549,48.82054940979854,5.390010942048057
542,24,49.907292,44.9165627995746,4.990506175554125
542,27,73.7599386,66.38394473931486,7.327293947655073
542,29,73.4632615,66.11693534943267,7.344393901397718
542,2,49.872774,44.88549659965968,4.987097853841137
542,6,53.790786999999995,48.411708299621864,5.378882615908264
542,7,74.1893989,66.77045900951073,7.371763058173569
542,8,62.603117600000004,56.34280583981046,6.244526000683588
543,10,53.1538849,47.838496409738156,5.313990844112758
543,12,61.3444126,55.20997133965968,6.134237387201117
543,14,72.8932693,65.60394236977223,7.260604418658
543,17,72.7928631,65.5135767897851,7.204398706958476
543,18,73.4494746,66.10452713973822,7.344736454055419
543,21,56.786695099999996,51.10802558991041,5.677179102820253
543,22,53.8220878,48.4398790195745,5.380793315597333
543,23,62.2045965,55.98413684957189,6.180904464234732
543,24,77.0107412,69.30966707973822,7.700855804049472
543,27,62.0532275,55.84790474979773,6.141482787349787
543,29,50.1764622,45.158815979574506,5.0163261085798725
543,2,70.2876296,63.25886663962187,7.0285306857098995
543,6,72.9230885,65.63077964977312,7.292108418786962
543,7,66.4771957,59.82947612984526,6.645974759887142
543,8,72.94743299999999,65.65268969971446,7.245326532509056
544,10,75.4888957,67.94000612975685,7.546905927214664
544,12,58.838687,52.95481829981088,5.882324262120283
544,14,49.4090341,44.46813068962038,4.921434102600274
544,17,59.2609686,53.33487173985673,5.86513050371452
544,18,53.95255100000001,48.55729589971641,5.395078193649568
544,21,76.488856,68.83997039978593,7.600244901485435
544,22,77.5298409,69.77685680977305,7.750948130806887
544,23,58.177070500000006,52.359363449809024,5.759114111269802
544,24,55.4107125,49.86964124969062,5.540885357964897
544,27,75.8032143,68.22289286957017,7.502336467479634
544,29,71.8491925,64.66427324969062,7.184699602658363
544,2,64.6555426,58.1899883396596,6.463853674729947
544,6,54.740616499999994,49.26655484973821,5.473856205905079
544,7,68.7806713,61.90260416989021,6.877909465409693
544,8,50.1764622,45.15881597957179,4.984515671395721
545,10,52.8059796,47.525381639659685,5.28041163650286
545,12,71.2710461,64.14394148971347,7.0537815492041815
545,14,66.87327619999999,60.18594857989955,6.664194977174796
545,17,49.2347192,44.31124727971633,4.922178543695327
545,18,63.757194,57.38147459969061,6.375516578021614
545,21,59.049893899999994,53.144904509714586,5.867438312769989
545,22,55.056822100000005,49.55113988962179,5.5042348336363585
545,23,72.0786594,64.87079345968749,7.135272091996224
545,24,74.8222405,67.34001644978731,7.4820234176586355
545,27,63.5632994,57.20696945978589,6.3143615221584515
545,29,62.859700100000005,56.573730089820884,6.285801738813275
545,2,52.574597499999996,47.31713774951383,5.257247378623967
545,6,61.83369640000001,55.650326759432815,6.183120933554947
545,7,60.4884999,54.43964990975691,6.048668267430455
545,8,72.0838232,64.87544087978588,7.160787009367043
546,10,73.9981214,66.5983092597873,7.399613274573561
546,12,49.9203579,44.92832210957222,4.964162779404042
546,14,67.2907453,60.561670769881424,6.659846643702094
546,17,58.698831500000004,52.828948349829844,5.8697252916031415
546,18,50.666125699999995,45.59951312962187,5.066423953611477
546,21,79.3913392,71.45220527965623,7.859173993701699
546,22,72.8009195,65.52082754991271,7.278180819554439
546,23,51.275920500000005,46.148328449621786,5.126244825588775
546,24,54.5668201,49.11013808965968,5.456491575820597
546,27,75.9178195,68.32603754957177,7.54165720439274
546,29,72.2113027,64.99017242962161,7.215822781377657
546,2,72.2482516,65.02342643962187,7.22458885513717
546,6,54.668390300000006,49.20155126981094,5.466683175657484
546,7,74.38383950000001,66.9454555496597,7.4381506631829435
546,8,58.3772392,52.539515279738154,5.836190941634314
547,10,61.3060062,55.17540557989365,6.13045784858556
547,12,69.9029785,62.91268064978611,6.951268046586045
547,14,55.5967345,50.037061049902114,5.522965625547536
547,17,68.70009879999999,61.83008891987394,6.869451258625139
547,18,58.021729099999995,52.21955618968942,5.779792187889409
547,21,55.9660824,50.36947415965785,5.566513204570667
547,22,53.4899272,48.14093447969054,5.347586958042403
547,23,71.7236872,64.55131847977306,7.17048678529736
547,24,73.9753914,66.5778522595745,7.395592923360353
547,27,62.3497242,56.1147517797553,6.193805195376157
547,29,50.49119090000001,45.442071809659446,5.045407679986399
547,2,66.3527824,59.717504159432806,6.635018741431632
547,6,63.2197707,56.89779362914921,6.321682235879391
547,7,56.98704060000001,51.28833653979982,5.698540168675189
547,8,72.2331863,65.00986766965968,7.2230906596731055
548,10,74.023124,66.62081159978725,7.400367113302917
548,12,57.0739164,51.36652475971452,5.669707674590601
548,14,62.5566937,56.30102432957018,6.191312372959927
548,17,77.5144228,69.76298051951385,7.751173461278782
548,18,59.0749686,53.167471739799815,5.907329666356799
548,21,77.30522189999999,69.57469970978593,7.681362311851889
548,22,71.54400050000001,64.38960044973804,7.149139945027754
548,23,57.447813999999994,51.703032599738144,5.743273372971892
548,24,71.7080591,64.53725318943266,7.16891755847756
548,27,76.6993605,69.0294244497861,7.627111219504254
548,29,62.268083100000005,56.04127478977307,6.22517328593478
548,2,49.868127099999995,44.88131438965959,4.985500472347038
548,6,58.6445067,52.78005602980902,5.8053872328043035
548,7,58.651228,52.786105199869105,5.864975726113762
548,8,50.49119090000001,45.44207180965969,5.048937983629178
549,10,50.6446055,45.580144949574496,5.063127375481907
549,12,70.70433109999999,63.633897989430565,7.04257344355892
549,14,55.974257400000006,50.376831659754394,5.539840234791416
549,17,70.8458187,63.76123682988654,7.084007051143018
549,18,71.632876,64.46958839943281,7.1630155093985906
549,21,52.8280894,47.54528045957189,5.249214391871883
549,22,50.471842200000005,45.42465797965944,5.04347292870435
549,23,70.8801709,63.79215380931245,7.0166310510490675
549,24,50.7112218,45.640099619659594,5.069787384772285
549,27,51.1570993,46.04138936957354,5.102811223691848
549,29,55.5443931,49.9899537898999,5.554308774311174
549,2,63.996282699999995,57.596654429432796,6.39933964339914
549,6,71.6696386,64.50267473957028,7.094782782841552
549,7,57.6917213,51.92254916975691,5.76899601281769
549,8,61.3353323,55.20179906962187,6.133320408450871
550,10,73.0175325,65.71577924977306,7.299834432443576
550,12,61.082412,54.97417079981019,6.0841722774372355
550,14,74.9931237,67.49381132977075,7.422160698000218
550,17,60.145830499999995,54.131247449716376,6.014081434230474
550,18,62.704969899999995,56.43447290979981,6.27032284926004
550,21,75.78992919999999,68.21093627978593,7.530796724245696
550,22,65.6133214,59.051989259878425,6.5596098160107905
550,23,65.3115237,58.78037132988909,6.465374186193381
550,24,65.2562342,58.730610779570185,6.458488300390444
550,27,75.0134188,67.51207691978588,7.451813298689141
550,29,74.75686259999999,67.28117633957429,7.470194289536411
550,2,62.467357899999996,56.220622109574606,6.246511121335147
550,6,62.1594737,55.94352632978514,6.153343806887043
550,7,74.9049435,67.41444914962187,7.490251418576073
550,8,54.2999396,48.869945639756914,5.429825398559726
551,10,49.5993289,44.6393960096596,4.958628008984168
551,12,71.0959683,63.98637146969054,7.107732395869951
551,14,52.53013560000001,47.27712203962179,5.251632856433915
551,17,69.0967246,62.187052139886546,6.909229123304718
551,18,72.4388599,65.1949739095746,7.243639520093057
551,21,64.4104512,57.96940607980972,6.400085204243384
551,22,78.56651169999999,70.70986052965742,7.804775219667422
551,23,50.8546811,45.769212989570285,5.0342499404678245
551,24,53.833305200000005,48.44997467978715,5.379361575423982
551,27,56.59237,50.93313299989924,5.621871068828005
551,29,63.8946428,57.505178519809725,6.348831473568454
551,2,44.628363199999995,40.165526879621865,4.462662145965195
551,6,72.4388599,65.19497390957028,7.170930128999517
551,7,67.21816630000001,60.496349669845316,6.721646571324986
551,8,61.5264111,55.3737699897873,6.1524658699742645
552,10,64.56178489999999,58.10560640977305,6.4544818595984035
552,12,51.4036112,46.26325007962038,5.120105963565436
552,14,74.9014665,67.4113198496596,7.4885186916194275
552,17,75.29440170000001,67.76496152931922,7.527460336766922
552,18,75.7314545,68.1583090493192,7.571153482064498
552,21,58.178796,52.36091639978724,5.816351898205828
552,22,53.2969773,47.967279569619365,5.294506666244155
552,23,70.08959569999999,63.08063612969053,7.007119255876889
552,24,63.664614799999995,57.298153319925994,6.364787794757852
552,27,67.2075112,60.4867600797553,6.676376694448213
552,29,75.4477357,67.90296212969054,7.542792152894155
552,2,65.42673070000001,58.88405762973822,6.542478345315058
552,6,63.177326099999995,56.85959348979777,6.254103947629909
552,7,66.4036952,59.76332567991699,6.640225995799798
552,8,48.249139400000004,43.424225459574615,4.82472259911077
553,10,46.1557156,41.540144039659594,4.614357093188948
553,12,70.9602132,63.864191879770765,7.0230189055642605
553,14,61.476944200000005,55.32924977975686,6.14607991303089
553,17,50.398975199999995,45.35907767969054,5.038573678860914
553,18,53.529659900000006,48.17669390962178,5.351559065009434
553,21,64.840643,58.35657869951371,6.4823613602070695
553,22,76.886404,69.19776359977185,7.645709570709033
553,23,55.643260299999994,50.0789342697873,5.564162005495994
553,24,77.8217921,70.03961288977311,7.781970235165968
553,27,48.959740499999995,44.063766449574494,4.894687158808399
553,29,53.292901699999994,47.96361152962187,5.329095702428477
553,2,52.2447904,47.020311359690545,5.223105465941416
553,6,73.0527783,65.74750046950889,7.231703671965368
553,7,74.9911103,67.49199926962187,7.498867902916631
553,8,74.85699489999999,67.37129540977305,7.483734597750861
554,10,64.3380386,57.904234739756745,6.429066130431672
554,12,54.555161399999996,49.09964525990706,5.399390866626313
554,14,75.6896388,68.12067491977311,7.568758276244848
554,17,64.840643,58.3565786995135,6.479487258514412
554,18,73.05162440000001,65.74646195978515,7.231588462779169
554,21,58.4307209,52.58764880969061,5.842880248658231
554,22,53.8199933,48.437993969621594,5.378043867080548
554,23,61.4910238,55.34192141951384,6.148868697298189
554,24,54.073000900000004,48.665700809621875,5.407103792137373
554,27,76.8299961,69.14699648978724,7.680983663082271
554,29,74.8388236,67.35494123977311,7.483678439122363
554,2,75.4448619,67.90037570957028,7.468502727059907
554,6,64.6002188,58.14019691990952,6.394960203874285
554,7,78.6388384,70.77495455943277,7.86310023407064
554,8,52.582269800000006,47.32404281962179,5.256844869433328
555,10,47.573710600000005,42.81633953957451,4.756118576295582
555,12,64.6591794,58.19326145942692,6.399398175326657
555,14,52.6129597,47.35166372962187,5.26110264229659
555,17,64.8536899,58.36832090951372,6.483664705988367
555,18,52.16687519999999,46.950187679570945,5.172243713184405
555,21,48.655660499999996,43.7900944495746,4.865374027550154
555,22,78.8694154,70.98247385975529,7.8348662520098085
555,23,52.8288788,47.5459909197873,5.282729451895786
555,24,78.1135237,70.30217132977312,7.811096711123478
555,27,51.930625,46.7375624995745,5.191697380851376
555,29,56.4983921,50.848552889690545,5.648354662729246
555,2,63.3804497,57.042404729797774,6.274211503317632
555,6,71.2037979,64.08341810965622,7.048667641047964
555,7,54.7028329,49.23254960962187,5.470084671068421
555,8,74.995046,67.4955413997553,7.449986665275152
556,10,73.70443039999999,66.33398735978723,7.368506237319805
556,12,59.1260597,53.213453729808975,5.851778183146165
556,14,74.857257,67.3715312996597,7.4854923795105925
556,17,55.558437299999994,50.00259356990276,5.55571422144308
556,18,73.1740776,65.85666983978514,7.243710548509971
556,21,63.25075759999999,56.92568183931937,6.324805544014292
556,22,59.719145,53.74723049973815,5.970345593386879
556,23,55.48762430000001,49.93886186984532,5.548614749633089
556,24,60.533127799999995,54.47981501973821,6.053127915664913
556,27,76.0157963,68.41421666978721,7.597849197755883
556,29,75.196709,67.67703809957429,7.514146082234776
556,2,73.7967121,66.41704088942703,7.3053469459689335
556,6,59.0645329,53.15807960994456,5.846966872051775
556,7,76.5041291,68.85371618977312,7.650204266839935
556,8,55.1591457,49.64323112965883,5.502006772228891
557,10,49.1564118,44.240770619574526,4.91456862083392
557,12,73.9421627,66.54794642968741,7.318146197718502
557,14,63.5686314,57.21176825978647,6.33181440223045
557,17,75.71295620000001,68.14166057931934,7.570629959091558
557,18,52.852732700000004,47.567459429570285,5.2320424654812445
557,21,58.349118499999996,52.51420664981047,5.820745169652401
557,22,76.782554,69.10429859951371,7.676238386990974
557,23,69.6297626,62.66678633978725,6.961148447887171
557,24,75.70207450000001,68.13186704931921,7.568213704029568
557,27,50.7582538,45.6824284195744,5.073333570245292
557,29,62.896837000000005,56.607153299785146,6.226336720854813
557,2,61.997889900000004,55.79810090977082,6.137347963114873
557,6,69.2642205,62.33779844993388,6.856663108222483
557,7,57.1872603,51.4685342697164,5.718541592977573
557,8,73.6452668,66.28074011965742,7.315900253535561
558,10,75.653079,68.08777109978725,7.5633197785449955
558,12,55.5042649,49.953838408865344,5.54895752130705
558,14,74.6087517,67.14787652957018,7.384119461563358
558,17,66.8927714,60.203494259858196,6.688732290038001
558,18,71.2037979,64.08341810965837,7.092915868376031
558,21,75.8357333,68.25215996973654,7.5353475370306136
558,22,65.5163149,58.96468340992083,6.54991141457212
558,23,49.4209509,44.478855809574505,4.940795478813766
558,24,65.7437987,59.169418829820835,6.57265097092867
558,27,76.678521,69.01066889965952,7.664088946754
558,29,72.0797566,64.87178093957029,7.135380661149103
558,2,74.8044873,67.32403856965622,7.405110135541466
558,6,76.24807129999999,68.62326416942703,7.54801483262937
558,7,69.1901589,62.27114300973822,6.918812084200937
558,8,64.2814164,57.85327475980967,6.385697637891614
559,10,51.214043,46.09263869957461,5.121206207529749
559,12,51.684961200000004,46.51646507943281,5.168272889271704
559,14,59.242588399999995,53.318329559785084,5.86331105356126
559,17,64.5200232,58.0680208797873,6.451822084327134
559,18,61.759449499999995,55.58350454987845,6.175796488776477
559,21,49.7005894,44.7305304595745,4.9687533805399475
559,22,72.11565399999999,64.90408859965967,7.211337445384532
559,23,70.2486511,63.223785989658374,6.997770173678029
559,24,74.3469217,66.9122295293192,7.432734064356727
559,27,65.1139587,58.602562829820876,6.511223570986641
559,29,61.445453900000004,55.30090850988653,6.142932769489444
559,2,60.062315,54.05608349975444,5.945739889950938
559,6,66.3501491,59.71513418980901,6.568190736530049
559,7,52.8627604,47.57648435969062,5.286095320223966
559,8,75.3533626,67.81802633942904,7.485582129458515
560,10,75.4533212,67.90798907965969,7.5450984507740015
560,12,72.0395602,64.8356041797873,7.203760554034329
560,14,66.3224352,59.69019167957019,6.564012571885327
560,17,77.07255669999999,69.36530102962176,7.705232452565943
560,18,51.643225,46.47890249971531,5.144403024449294
560,21,74.6363863,67.17274766943267,7.461678981236289
560,22,51.8241658,46.64174921971641,5.182244007822563
560,23,64.60532140000001,58.144789259856765,6.395464763267291
560,24,72.9507961,65.65571648951372,7.293159216992385
560,27,67.2296122,60.50665097985184,6.714038426957237
560,29,54.776885500000006,49.299196949810806,5.4736624394891455
560,2,72.7150487,65.44354382978715,7.2661562167139575
560,6,74.695934,67.22634059943061,7.440783909230445
560,7,70.0767552,63.0690796797569,7.0074749077909075
560,8,64.086613,57.677951699809675,6.366345922912662
561,10,65.3965983,58.85693846981088,6.5379408526763125
561,12,51.27204210000001,46.14483788957462,5.127005375246899
561,14,55.1061211,49.595508989785436,5.462655535547331
561,17,64.6232693,58.16094236977162,6.419657304165943
561,18,62.5119753,56.26077776957028,6.188239141007979
561,21,77.1497213,69.43474916965751,7.665910546838698
561,22,72.7058429,65.43525860969062,7.270362413458506
561,23,60.486457699999995,54.43781192975685,6.047059059697635
561,24,50.7165919,45.64493270969054,5.070324309507306
561,27,75.7867706,68.20809353968741,7.50070725202311
561,29,57.206248,51.48562319975686,5.719122351757095
561,2,50.5901347,45.5311212295743,5.055291664728116
561,6,68.186743,61.36806869988613,6.792374711252079
561,7,52.9854562,47.68691057957461,5.298342279540154
561,8,71.5714018,64.41426161943137,7.139093262065008
562,10,76.9122615,69.22103534971633,7.689204099204562
562,12,71.8255364,64.6429827597873,7.182358569337596
562,14,64.8583657,58.37252912957018,6.419111949498275
562,17,76.5399851,68.88598658978724,7.6519899221195
562,18,61.386341200000004,55.24770707980902,6.076808954667524
562,21,51.6908608,46.52177471957231,5.141289080147747
562,22,56.31616,50.684543999716404,5.631434265577372
562,23,73.78182,66.40363799977081,7.303872539041841
562,24,64.516137,58.064523299513716,6.449915438618322
562,27,50.8883022,45.79947197969021,5.08207674725119
562,29,74.6565178,67.19086601978725,7.46369174719677
562,2,72.661704,65.3955335996216,7.260826071137641
562,6,52.6796229,47.41166060965837,5.247643658019957
562,7,75.8317496,68.2485746395746,7.582919718989033
562,8,59.1569338,53.241240419810886,5.9144089664360395
563,10,51.1570993,46.04138936957461,5.115511558362369
563,12,51.4273438,46.28460941957461,5.14253518069848
563,14,58.471151600000006,52.624036439785094,5.78696101131167
563,17,50.8081849,45.72736640957461,5.080620314419071
563,18,75.41416650000001,67.87274984942705,7.4654638881836535
563,21,77.95241229999999,70.15717106978593,7.74566929719847
563,22,79.8947604,71.90528435973815,7.987378566717489
563,23,57.9360646,52.14245813971531,5.771259813300041
563,24,53.4733295,48.125996549799765,5.345926405648727
563,27,66.0633133,59.45698196977302,6.603104425240671
563,29,55.950649399999996,50.35558445965959,5.593594702991975
563,2,70.69892589999999,63.6290333095137,7.068033821060232
563,6,65.013291,58.51196189957188,6.459984988216625
563,7,79.00519390000001,71.10467450957461,7.9002571684453
563,8,65.5643444,59.00790995962178,6.554712752413051
564,10,75.9495134,68.35456205977312,7.594745254255095
564,12,71.4796566,64.3316909397873,7.147771254693104
564,14,74.2984919,66.86864270957018,7.353412747368047
564,17,75.3526962,67.81742657977311,7.535063187910989
564,18,79.7094678,71.73852101914058,7.890667363394879
564,21,51.9704316,46.77338843957188,5.1639936760888
564,22,57.570816400000005,51.81373475968858,5.719070110315989
564,23,72.9323972,65.6391574797164,7.293024346529294
564,24,62.9527339,56.65746050951373,6.293900493895383
564,27,50.226728,45.20405519969045,5.019761894845527
564,29,74.24030139999999,66.81627125957448,7.422080067535984
564,2,57.314429,51.58298609984531,5.731291804315253
564,6,55.3046327,49.7741694298102,5.509132279584483
564,7,55.390213499999994,49.8511921495746,5.538812261962048
564,8,53.719522600000005,48.3475703397873,5.371792257998947
565,10,51.4042325,46.263809249690546,5.139071183723793
565,12,51.5746869,46.417218209574614,5.157269124386472
565,14,63.292081200000005,56.96287307979774,6.264094307810854
565,17,56.938845900000004,51.24496130992086,5.69375832883311
565,18,57.238231799999994,51.514408619659676,5.7236271406424315
565,21,76.5399851,68.88598658978724,7.651989477822174
565,22,81.5748115,73.4173303497355,8.073556371776586
565,23,52.534867500000004,47.28138074969062,5.253307615836021
565,24,55.0664595,49.55981354975691,5.506476561807667
565,27,67.0362698,60.332642819149,6.701866685264589
565,29,62.3021479,56.071933109756856,6.228578638854063
565,2,47.1199498,42.40795481971641,4.711832860793921
565,6,61.9174591,55.72571318943062,6.1678649465451985
565,7,78.9173942,71.02565477975685,7.88966567616353
565,8,64.9700759,58.473068309688564,6.454108299176035
566,10,66.13689360000001,59.523204239574504,6.6119503671072835
566,12,70.8151502,63.733635179659686,7.0812899270494825
566,14,74.9549088,67.45941791950878,7.418379160639917
566,17,57.895939,52.10634509979981,5.789428092972213
566,18,77.1578147,69.44203322977312,7.715572867191777
566,21,50.8081849,45.72736640957461,5.080620908315203
566,22,61.943001900000006,55.74870170975686,6.192672989295346
566,23,62.580698700000006,56.32262882977225,6.233932060324248
566,24,75.1161419,67.60452770978725,7.5096391488288425
566,27,60.6242012,54.561781079799815,6.062250038390375
566,29,75.0757531,67.56817778977167,7.459832282832282
566,2,60.8192826,54.73735433957461,6.081707550429406
566,6,67.1740379,60.45663410942919,6.674686324250964
566,7,58.295265799999996,52.465739219659675,5.829327376435099
566,8,50.143490199999995,45.1291411795746,5.0141536643133024
567,10,60.098498,54.08864819991891,6.005425612371549
567,12,57.6993178,51.9293860197873,5.769764155992639
567,14,61.9513259,55.75619330975439,6.131398111191085
567,17,76.7656054,69.08904485973821,7.676341890724629
567,18,61.0116247,54.9104622297164,6.100970811686104
567,21,74.4801246,67.0321121397873,7.447812649853085
567,22,82.49389000000001,74.2445009996596,8.247221720462118
567,23,57.44028479999999,51.69625631990213,5.707501214923714
567,24,49.7005894,44.73053045957179,4.937243550311893
567,27,77.57009740000001,69.81308765977313,7.756800428848441
567,29,58.0253351,52.22280158971633,5.8010091606354655
567,2,57.6817015,51.91353134981089,5.766654601682791
567,6,52.0505247,46.845472229656224,5.15263001016688
567,7,78.2262929,70.40366360977312,7.822417320741837
567,8,72.3873487,65.14861382886563,7.238375696868564
568,10,77.35808159999999,69.62227343971632,7.733774919004564
568,12,63.6082371,57.24741338973718,6.335759656008301
568,14,75.257632,67.73186879962039,7.496109325316338
568,17,52.3541551,47.11873958965968,5.235229537349143
568,18,76.1438332,68.52944987943282,7.6141007952165
568,21,50.043771299999996,45.03939416962187,5.004189879755074
568,22,59.9857615,53.987185349716405,5.9983861247751795
568,23,73.7114206,66.34027853942703,7.296904037110092
568,24,76.2072207,68.5864986297851,7.542320153310538
568,27,53.273375599999994,47.946038039621776,5.325937349283397
568,29,73.7650965,66.38858684951371,7.374571479944828
568,2,73.191487,65.87233829931921,7.317222899228163
568,6,75.1388437,67.62495932973556,7.438208882186013
568,7,59.3115225,53.38037024969062,5.930957451661651
568,8,76.1741454,68.5567308597164,7.6171925649624646
569,10,51.930625,46.73756249957461,5.192862241936592
569,12,50.8519862,45.7667875797355,5.032883033988464
569,14,65.78898869999999,59.21008982982087,6.578725010939071
569,17,76.623606,68.96124539973822,7.662142075414337
569,18,77.0592595,69.35333354951196,7.676203236010209
569,21,66.1046621,59.4941958897164,6.610264447810882
569,22,83.1975212,74.87776907969062,8.319509420885183
569,23,64.3391167,57.90520502979778,6.3691126197402745
569,24,51.6908608,46.52177471957179,5.134956575695406
569,27,76.5634611,68.90711498978702,7.6461813560532255
569,29,61.6135671,55.45221038975685,6.159738398951321
569,2,61.48895829999999,55.340062469810874,6.14728028751413
569,6,65.7826589,59.20439300996492,6.51201329797408
569,7,77.88356,70.09520399943267,7.786310098220361
569,8,53.2393649,47.91542840962187,5.323741944810458
570,10,76.0157963,68.41421666978731,7.601376998747394
570,12,62.498721700000004,56.24884952931232,6.185575030671469
570,14,75.33701980000001,67.80331781931937,7.533401372968481
570,17,53.9337418,48.54036761965968,5.393184642665293
570,18,61.0007222,54.90064997971351,6.03863555539639
570,21,49.7605495,44.784494549756914,4.975895784064668
570,22,60.683560199999995,54.61520417975691,6.068174230058924
570,23,74.3096665,66.87869984973557,7.3561260876413685
570,24,77.07255669999999,69.36530102961935,7.656366486729919
570,27,53.275263100000004,47.947736789574506,5.326127026791644
570,29,73.5844225,66.2259802493192,7.356506235576192
570,2,72.6360582,65.3724523795137,7.261696364535304
570,6,55.775513499999995,50.19796214989888,5.521377359668585
570,7,69.38633060000001,62.447697539935774,6.936811895531263
570,8,75.09615170000001,67.58653652977307,7.507642841138679
571,10,50.7582538,45.682428419574606,5.075627946419906
571,12,58.368145299999995,52.53133076980897,5.776766468768618
571,14,78.47147009999999,70.6243230894328,7.846858504318984
571,17,77.2708443,69.54375986977311,7.726874241230495
571,18,74.695934,67.22634059942703,7.394364302298396
571,21,63.796523699999995,57.41687132943281,6.379398960179905
571,22,77.8931147,70.10380322931937,7.78900380185584
571,23,62.175002400000004,55.95750215973556,6.15488086599346
571,24,66.8888254,60.19994285982084,6.6871277141359995
571,27,78.2194612,70.39751507975684,7.819893215977187
571,29,63.420315,57.07828349988656,6.341882701506968
571,2,58.7235311,52.851177989756856,5.870810150768255
571,6,64.09635460000001,57.686719139430636,6.384913839566229
571,7,62.96972709999999,56.67275438931931,6.296327772456585
571,8,53.7016567,48.33149102962187,5.369970203751812
572,10,76.8243735,69.1419361497873,7.682233160990301
572,12,73.18428300000001,65.86585469942693,7.243138171048044
572,14,53.6464983,48.28184846962187,5.364454353715112
572,17,56.1277348,50.51496131969062,5.612585512482446
572,18,65.0601817,58.554163529797776,6.4404930111498775
572,21,58.2296147,52.406653229810935,5.8227987747579695
572,22,77.3564768,69.62082911951383,7.735377649730366
572,23,74.770605,67.29354449943062,7.448220778904323
572,24,76.9788536,69.28096823943137,7.678474026350632
572,27,56.9854592,51.28691327971633,5.69704959438179
572,29,55.7722231,50.19500078979981,5.577061487424803
572,2,68.00867699999999,61.20780929991266,6.79586459915982
572,6,59.9052914,53.914762259810935,5.990363754838706
572,7,65.5558869,59.00029820983794,6.55541968664317
572,8,73.7771548,66.39943931965969,7.377484959026031
573,10,50.7587323,45.682859069574604,5.075675795717092
573,12,65.0663649,58.55972840996047,6.439697492921206
573,14,74.3442131,66.90979178978631,7.399766173885764
573,17,75.9865517,68.38789652951384,7.59838719623934
573,18,72.7781276,65.5003148395089,7.204515072516131
573,21,75.075862,67.56827579943281,7.507305745428614
573,22,52.421255099999996,47.17912958965959,5.240747455394118
573,23,65.81236849999999,59.23113164965967,6.581023014622769
573,24,64.4200188,57.97801691992065,6.425756939142264
573,27,78.5968075,70.7371267497355,7.778819950215473
573,29,64.3244803,57.89203226931938,6.432174799495697
573,2,55.1395255,49.62557294971633,5.5125039968144245
573,6,73.3007617,65.9706855295137,7.328151330222646
573,7,56.7755256,51.09797303962188,5.677349422343775
573,8,77.6729495,69.90565454931921,7.765252049539918
574,10,74.64890709999999,67.18401638978723,7.462928467252055
574,12,65.5326192,58.97935727994542,6.4858432472909655
574,14,58.9356236,53.042061239942086,5.870339437695853
574,17,65.23954400000001,58.71558959990277,6.523807157905824
574,18,59.8080335,53.82723014978548,5.929850277578731
574,21,76.0528617,68.44757552957458,7.60464198201363
574,22,62.813570399999996,56.53221335993052,6.279708071630386
574,23,68.9123843,62.021145869918946,6.889429553699405
574,24,64.1938979,57.77450810971633,6.417707421634926
574,27,55.3048052,49.77432467965959,5.529027401216229
574,29,58.191631099999995,52.37246798977306,5.817634439945221
574,2,69.7406217,62.76655952973803,6.968931513727015
574,6,81.9649996,73.76849963931245,8.11394874461621
574,7,80.5502175,72.49519574977306,8.052906218162736
574,8,53.2424911,47.918241989621784,5.32284973448236
575,10,52.3711016,47.1339914395745,5.235731492833565
575,12,55.5826567,50.02439102962038,5.536363694199045
575,14,68.8412809,61.95715280996845,6.8133054943650375
575,17,54.71481609999999,49.243334489873945,5.471343027959105
575,18,65.013291,58.511961899570274,6.435851658870698
575,21,51.4018173,46.26163556962187,5.139991304617254
575,22,78.59195530000001,70.73275976973804,7.8534161350226785
575,23,53.6607362,48.294662579690616,5.365891821335015
575,24,45.0706026,40.56354233962178,4.505880533887207
575,27,76.564196,68.90777639975684,7.654409681172184
575,29,76.3933432,68.75400887977307,7.637328185654947
575,2,48.9760579,44.078452109690545,4.896317948899136
575,6,58.8006866,52.920617939713516,5.820847526339407
575,7,60.4478728,54.40308551962187,6.044575654919357
575,8,74.4766886,67.02901973977255,7.42888867466394
576,10,76.5044284,68.85398555973802,7.644809251546123
576,12,78.5482699,70.69344290979976,7.852766554710424
576,14,57.744110000000006,51.96969899993967,5.715004928643384
576,17,52.6791146,47.41120313943281,5.267685211585996
576,18,55.3046327,49.774169429809014,5.474763394132584
576,21,73.75359470000001,66.37823522951383,7.375097288441568
576,22,56.0204136,50.41837223962178,5.600568913588857
576,23,64.5690175,58.11211574977312,6.456717027003577
576,24,65.6781407,59.11032662994469,6.518189889057692
576,27,51.1562379,46.04061410965968,5.115441288625339
576,29,53.9683635,48.57152714962187,5.3966401436694955
576,2,56.4939342,50.844540779933254,5.647909734796908
576,6,74.7164093,67.24476836950889,7.396390729666018
576,7,80.450686,72.40561739957461,8.04480339896064
576,8,53.2129873,47.891688569620925,5.3078801357373235
577,10,55.414673199999996,49.87320587977306,5.540010287180274
577,12,57.4473289,51.7025960095745,5.743223919163585
577,14,76.4681158,68.8213042197544,7.568142661033271
577,17,68.5382416,61.684417439621875,6.853594647689722
577,18,62.0897711,55.88079398931246,6.146444004589558
577,21,79.9719524,71.97475715943267,7.995092135244693
577,22,82.9313984,74.63825855975685,8.29096242079831
577,23,50.719110300000004,45.64719926931938,5.071673981504686
577,24,52.1618048,46.94562431961944,5.182853962417787
577,27,65.398539,58.85868509957461,6.539623024741254
577,29,75.1131799,67.6018619097873,7.511117157066127
577,2,67.92157800000001,61.129420199902775,6.792007411546749
577,6,80.7959905,72.71639144942704,7.998225286615496
577,7,71.0461946,63.941575139787304,7.104425142241162
577,8,74.1173671,66.7056303897716,7.362797736506118
578,10,66.1706292,59.553566279738206,6.61686700173747
578,12,80.6041857,72.54376712975439,7.977493458404122
578,14,55.080522099999996,49.57246988965615,5.451386295964607
578,17,49.4617763,44.515598669659674,4.945998262802768
578,18,65.3868829,58.84819460989257,6.472834178733496
578,21,53.863788400000004,48.47740955962178,5.38496235690725
578,22,69.2094051,62.28846458978723,6.918753065016529
578,23,59.295907,53.36631629973721,5.9067184149585135
578,24,69.80047280000001,62.820425519892844,6.927303977575917
578,27,57.1156164,51.4040547597873,5.711395005026571
578,29,52.317098200000004,47.08538837951384,5.231498266372218
578,2,52.0860697,46.87746272957461,5.208406509645144
578,6,56.5036368,50.85327311962178,5.648878766885527
578,7,81.2961507,73.16653562975692,8.129392967512427
578,8,52.062943800000006,46.85664941965884,5.193165790736028
579,10,57.8515784,52.06642055989363,5.783900531919408
579,12,63.357054000000005,57.021348599319204,6.334037782141886
579,14,78.49901849999999,70.64911664978509,7.769143527711902
579,17,77.3909634,69.6518670597873,7.738889981420785
579,18,52.764582299999994,47.488124069570276,5.223316501012484
579,21,70.17167520000001,63.15450767943282,7.016898223411693
579,22,83.683958,75.31556219962178,8.366197051638435
579,23,58.4111555,52.57003994973822,5.840934301470851
579,24,64.21073849999999,57.78966464981092,6.420900358534135
579,27,63.7923903,57.413151269574605,6.379011668362232
579,29,72.8421091,65.55789818969053,7.282297418637767
579,2,75.7518578,68.17667201973813,7.573194511945378
579,6,76.3736157,68.73625412978724,7.635356718279316
579,7,59.9695396,53.97258563965968,5.996751186818746
579,8,64.6462869,58.181658209773126,6.4644440239564265
580,10,75.4653799,67.9188419095743,7.540982837352619
580,12,69.4652807,62.51875262969061,6.94631272611634
580,14,53.489028000000005,48.140125199572935,5.327827277873582
580,17,53.64469819999999,48.2802283795746,5.364264799402713
580,18,73.4725323,66.12527906978647,7.318914561441732
580,21,69.1536445,62.23828004987395,6.91520113560334
580,22,62.1149071,55.90341638969062,6.211291529598531
580,23,74.9676889,67.47092000978729,7.496568345603883
580,24,71.99101879999999,64.7919169197562,7.17830214463018
580,27,62.2796326,56.05166933981084,6.22490701435882
580,29,62.4704621,56.22341588975685,6.245405037945569
580,2,69.0595847,62.15362622886562,6.90560882466157
580,6,60.142123700000006,54.127911329690626,6.014016307207
580,7,72.3294096,65.09646863989364,7.232778576974233
580,8,49.1864232,44.26778087957461,4.918448967578454
581,10,73.0117265,65.7105538496562,7.22708399359476
581,12,68.2037296,61.383356639810934,6.82019113160294
581,14,80.6018549,72.54166940977076,7.977263786489339
581,17,80.7000785,72.63007064975692,8.069786602968069
581,18,53.9274665,48.53471984962178,5.39133075646756
581,21,76.8325506,69.14929553957461,7.682998213113224
581,22,83.4347155,75.09124394931924,8.341653374975273
581,23,60.116848700000006,54.105163829690625,6.011489243511376
581,24,47.8516821,43.06651388965886,4.773488531980697
581,27,77.8101225,70.02911024942836,7.72028111708102
581,29,75.6430898,68.07878081969062,7.564081757295816
581,2,52.0114516,46.81030643957461,5.200944862845818
581,6,77.3575444,69.62178995973821,7.735535237064641
581,7,80.9952368,72.89571311943281,8.099228442611317
581,8,60.5229024,54.47061215962092,6.036989865306863
582,10,51.5285894,46.375730459432816,5.152636477666006
582,12,71.7647708,64.58829371989363,7.1763164470942
582,14,56.6332311,50.969907989617944,5.605059807108208
582,17,59.4603844,53.514345959432816,5.945794701834176
582,18,72.0625258,64.85627321957296,7.17845800319882
582,21,51.0578797,45.95209172957461,5.1055897033946565
582,22,69.4771958,62.52947621979977,6.9458944848657
582,23,78.1024198,70.29217781931938,7.80993432439746
582,24,64.2985041,57.868653689715586,6.41127328363533
582,27,66.2030408,59.58273671977161,6.576594013739258
582,29,62.077271599999996,55.86954443973821,6.207538309404929
582,2,72.67908010000001,65.4111720895746,7.267660908726251
582,6,55.384362499999995,49.8459262495746,5.53822756216258
582,7,63.5920395,57.23283554985203,6.359042414005923
582,8,60.52554020000001,54.47298617980823,5.966819914405816
583,10,68.8007284,61.9206555598582,6.879904918221265
583,12,63.7564414,57.38079725982088,6.375473476806934
583,14,82.3951973,74.15567756975439,8.154753170268034
583,17,72.5258898,65.27330081984532,7.252409293425539
583,18,74.74148120000001,67.26733307951197,7.445320077802635
583,21,72.77730059999999,65.4995705397569,7.277524844369433
583,22,79.2766801,71.34901208978724,7.925585552554409
583,23,75.9376767,68.34390902957449,7.591770586559671
583,24,54.388610299999996,48.9497492698999,5.438732448267914
583,27,77.8571236,70.07141123961794,7.705613584690682
583,29,76.5041291,68.85371618977307,7.648403984271874
583,2,64.2888866,57.859997939829796,6.427199260400281
583,6,74.3502464,66.91522175943281,7.434745462349978
583,7,56.67492790000001,51.007435109756905,5.666941286548436
583,8,76.42546519999999,68.78291867950684,7.534275608714934
584,10,78.2194612,70.39751507975691,7.821730745904237
584,12,69.8633787,62.87704082965968,6.986114397142497
584,14,57.522951,51.77065589965615,5.693116468213505
584,17,60.6361521,54.57253688957461,6.063393760245771
584,18,53.520441500000004,48.16839734962041,5.3314008334523075
584,21,56.8965792,51.20692127993193,5.6895368259742956
584,22,55.1890394,49.67013545965968,5.518712407995006
584,23,57.406738499999996,51.666064649659674,5.74047744463354
584,24,75.6408653,68.07677876965968,7.563851712721427
584,27,81.0350663,72.93155966950877,8.020137623276494
584,29,63.464981099999996,57.11848298985816,6.344831859569125
584,2,65.2816661,58.753499489820875,6.527994029636224
584,6,66.4185635,59.776707149820886,6.641680859117419
584,7,66.92988319999999,60.23689487931931,6.6923058230439265
584,8,64.60706189999999,58.14635570979693,6.369177614113028
585,10,63.5354788,57.18193091981093,6.353374766704935
585,12,53.673196000000004,48.305876399716404,5.367111542107024
585,14,80.9505278,72.8554750197544,8.011772443248597
585,17,83.7466833,75.3720149697164,8.374430327843081
585,18,71.5870724,64.42836515957028,7.086609029623706
585,21,47.018070800000004,42.31626371957461,4.701592910992398
585,22,70.604859,63.54437309978731,7.060293432819028
585,23,73.03429820000001,65.73086837973823,7.303219522222527
585,24,83.429205,75.0862844993192,8.340726589725454
585,27,54.303600200000005,48.8732401795744,5.427694541039234
585,29,60.264947899999996,54.23845310989982,6.0220663517159885
585,2,64.2552599,57.829733909799764,6.423836742857328
585,6,65.211444,58.690299599513835,6.520901726587057
585,7,68.4411587,61.597042829852036,6.843945956968691
585,8,75.5155638,67.96400741950684,7.4445746072791295
586,10,80.2779127,72.25012142951371,8.025678408504962
586,12,68.20476210000001,61.384285889773125,6.820284280675922
586,14,64.5547396,58.099265639867966,6.399294891045841
586,17,65.9527726,59.35749533981094,6.595099157035832
586,18,62.736339799999996,56.462705819785135,6.210449242225078
586,21,69.8245987,62.8421388298691,6.982293691312235
586,22,53.0813813,47.77324316962187,5.307943960588453
586,23,58.0138872,52.2124984797164,5.801203281826763
586,24,61.5121765,55.360958849737465,6.133444541759552
586,27,79.6790805,71.7111724497568,7.963998387571075
586,29,78.6815031,70.81335278975665,7.859425014193482
586,2,48.9988048,44.09892431965968,4.899702909364885
586,6,70.7099281,63.63893528950889,6.9997765081634356
586,7,74.1996501,66.77968508989021,7.419797965137268
586,8,75.8222976,68.24006783942467,7.4748129048305625
587,10,58.5953563,52.735820669716404,5.859348460726525
587,12,53.779239999999994,48.40131599957461,5.377719324128767
587,14,62.002525500000004,55.802272949892554,6.136465493576008
587,17,68.1200824,61.30807415973822,6.811806392562376
587,18,71.6569146,64.49122313977081,7.093522525129996
587,21,80.1342055,72.12078494975684,8.011316503001318
587,22,73.5671148,66.21040331973815,7.354779252282836
587,23,74.0557021,66.65013188971531,7.377006504388109
587,24,71.7589681,64.58307128991697,7.174014301992132
587,27,69.4810964,62.53298675986907,6.946286705941321
587,29,60.18815119999999,54.169336079716324,6.0172342427213055
587,2,61.977947099999994,55.780152389858195,6.197639129318816
587,6,57.813693799999996,52.03232441979981,5.781204689665904
587,7,62.06455629999999,55.858100669738185,6.205852407139611
587,8,52.8621409,47.575926809572294,5.2574959335866005
588,10,77.4575497,69.71179472931937,7.745449126557142
588,12,76.3181779,68.68636010975689,7.6311911599705775
588,14,84.6412179,76.17709610974573,8.091764653134327
588,17,60.53080320000001,54.47772287988265,6.0528913347253965
588,18,51.099937,45.989943299656225,5.058528515246689
588,21,53.2339649,47.9105684095745,5.32199646795295
588,22,53.3699225,48.0329302495745,5.335588602072468
588,23,53.7862842,48.407655779618025,5.324457716566655
588,24,63.860906799999995,57.4748161193142,6.3378297401537385
588,27,51.827265,46.6445384995745,5.18136441814761
588,29,80.2384929,72.21464360971633,8.02174260472412
588,2,76.9011793,69.21106136943266,7.6880957429208925
588,6,63.875208400000005,57.48768755979982,6.387344097853766
588,7,76.2358982,68.6123083793192,7.62158417678454
588,8,75.6149111,68.05341998977188,7.520412478017046
589,10,76.3592532,68.72332787951348,7.630301611808656
589,12,57.880734499999996,52.09266104969059,5.787586791211825
589,14,62.0987383,55.888864469658344,6.185405046865656
589,17,71.3574825,64.2217342497164,7.135533208648334
589,18,58.9971389,53.09742500992526,5.840295233169251
589,21,79.39775159999999,71.45797643978723,7.937690517048076
589,22,78.9468289,71.05214600975684,7.892186489794409
589,23,70.57610439999999,63.51849395978513,6.9865299964673495
589,24,81.1728192,73.05553727942691,8.033771635336532
589,27,74.8645995,67.37813954978701,7.476521938009464
589,29,60.348175299999994,54.313357769716326,6.033232465029813
589,2,66.8628957,60.17660612978594,6.643773442717747
589,6,72.52907400000001,65.27616659985203,7.252730601038011
589,7,79.4472384,71.50251455957456,7.94394499808949
589,8,53.8831736,48.49485623962178,5.386902669128737
590,10,51.895627899999994,46.70606510969054,5.188197839585144
590,12,75.1633403,67.64700626914916,7.515656733484817
590,14,86.36779759999999,77.73101783965832,8.602748450052655
590,17,54.1556495,48.740084549659684,5.415374841507443
590,18,74.4741954,67.02677585978513,7.372413284158954
590,21,56.0789795,50.4710815495745,5.606423508442343
590,22,69.4283664,62.48552975992908,6.941013949024624
590,23,58.0551264,52.249613759923605,5.747042703763308
590,24,86.3205475,77.68849274942849,8.566820944270464
590,27,56.9801392,51.28212527989978,5.690449880041269
590,29,79.39761130000001,71.45785016973814,7.9372524108326425
590,2,71.4373216,64.29358943996094,7.071784163063612
590,6,80.29461049999999,72.26514944978729,8.029250630152456
590,7,67.3617102,60.625539179799816,6.735987209930117
590,8,74.9911103,67.49199926961981,7.458371218364368
591,10,66.65361419999999,59.988252779432685,6.663908716216229
591,12,70.867782,63.78100379990277,7.0866222360960895
591,14,75.11005010000001,67.59904508994475,7.46141225141779
591,17,79.0637727,71.1573954295746,7.906114164117771
591,18,54.022818699999995,48.62053682957028,5.347872966905947
591,21,79.9357613,71.94218516957449,7.991476018259531
591,22,58.5055213,52.65496916971633,5.849014922246207
591,23,55.5315484,49.97839355971531,5.5317360291433895
591,24,61.1509,55.035809999738156,6.11348417184765
591,27,61.821610299999996,55.6394492698582,6.182005898372603
591,29,59.3115225,53.38037024969055,5.929594202987937
591,2,53.0767319,47.76905870961946,5.273923288080015
591,6,59.041404799999995,53.137264319574605,5.903923233047334
591,7,85.4209281,76.87883528931935,8.541766295693396
591,8,70.1836189,63.165257009889075,6.94615726590412
592,10,61.11304,55.001735999902735,6.109698253838302
592,12,55.3309665,49.79786984957461,5.5328880749312574
592,14,83.6241674,75.26175065973717,8.329465661751462
592,17,86.4167334,77.77506005941888,8.43441084916281
592,18,73.99238,66.59314199965836,7.370698547670026
592,21,86.3205475,77.68849274943277,8.63131769041927
592,22,78.5962861,70.73665748973815,7.857564484030504
592,23,73.2143874,65.89294865978648,7.293199535338229
592,24,78.0935741,70.28421668943267,7.807306512887943
592,27,77.2531264,69.52781375943266,7.723282596874881
592,29,80.58330670000001,72.52497602971634,8.056214856349353
592,2,70.9002222,63.81019997977167,7.044939042719717
592,6,80.4478337,72.40305032975685,8.04267164694159
592,7,59.01924280000001,53.11731851965966,5.901342873268953
592,8,55.409732899999995,49.86875960965782,5.510872271927856
593,10,67.9027399,61.11246590977312,6.790083586686849
593,12,76.977611,69.27984989975691,7.697548363866555
593,14,64.4953612,58.04582507982018,6.424122219893572
593,17,56.50044870000001,50.85040382965616,5.591917823582598
593,18,71.3814548,64.24330931987845,7.137980321848624
593,21,57.25516819999999,51.529651379659676,5.7253213414276765
593,22,54.0713358,48.66420221962178,5.405711973561639
593,23,52.6132705,47.351943449572964,5.241033738258899
593,24,66.6865016,60.01785143988265,6.668494532647077
593,27,82.66868410000001,74.40181568942693,8.181817673057715
593,29,67.5428984,60.78860855993188,6.749326473729621
593,2,52.4323062,47.189075579659594,5.241851509327666
593,6,61.181623200000004,55.0634608796596,6.116554957990044
593,7,69.7378659,62.76407930990547,6.973633060531886
593,8,67.9545208,61.159068719570186,6.725542799907428
594,10,70.0428465,63.03856184992435,7.002444406420164
594,12,61.21633250000001,55.09469924973823,6.12144590439186
594,14,65.74114060000001,59.16702653975692,6.57392266382356
594,17,81.10403170000001,72.99362852977076,8.026964380762342
594,18,69.4634716,62.51712443986907,6.944523840488824
594,21,78.8490893,70.9641803697569,7.884261021112128
594,22,77.5166179,69.76495610975438,7.671913632067706
594,23,71.46165620000001,64.3154905795089,7.074192328779942
594,24,62.176817500000006,55.95913574986384,6.216049746795521
594,27,54.0849436,48.67644923962178,5.407072863924459
594,29,62.5979459,56.338151309892964,6.21998739765921
594,2,64.2133262,57.791993579845304,6.421168805589193
594,6,79.4060984,71.46548855975445,7.860636305768904
594,7,61.277887799999995,55.15009901962187,6.127575250144823
594,8,61.806732200000006,55.62605897991183,6.117087443438298
595,10,79.3513786,71.4162407396216,7.929299113824299
595,12,77.67691289999999,69.90922160969053,7.765649989663909
595,14,69.19642759999999,62.2767848397873,6.919452946829923
595,17,63.3449727,57.010475429754386,6.269328686385039
595,18,55.384362499999995,49.84592624957296,5.5170736757120675
595,21,62.6657318,56.39915861992909,6.266065895878679
595,22,61.9831721,55.78485488994071,6.1345496966644575
595,23,77.0954363,69.38589266957449,7.707518723564266
595,24,52.6776032,47.409842879620776,5.252541277349911
595,27,75.15864930000001,67.64278436978731,7.515662790551819
595,29,76.5643872,68.90794847991404,7.579326574826441
595,2,78.28101699999999,70.4529152995746,7.827842535029879
595,6,63.4612713,57.11514416973556,6.282212205198681
595,7,56.278007900000006,50.650207109513836,5.6275787581191326
595,8,77.4184717,69.67662452978509,7.662200360150956
596,10,53.0814629,47.77331660957435,5.304869207549304
596,12,55.6358796,50.07229163969055,5.562125137064141
596,14,56.84295660000001,51.15866093965969,5.684100432638564
596,17,82.5118655,74.26067894962178,8.249019771739492
596,18,68.2999298,61.46993681990953,6.761204761054607
596,21,54.1556495,48.74008454965966,5.415103971328025
596,22,78.2804838,70.45243541978468,7.732836799486239
596,23,53.8513802,48.46624217962187,5.3849426314446065
596,24,82.2150416,73.99353743975439,8.136920368164226
596,27,51.477121999999994,46.32940979962187,5.147521024053685
596,29,58.7566539,52.8809885095745,5.874120618167245
596,2,82.9311751,74.63805758951372,8.290936494661992
596,6,79.2384382,71.31459437968749,7.844039230172843
596,7,72.9325443,65.6392898696596,7.291337300428901
596,8,70.33370020000001,63.30033017996328,6.933748068181172
597,10,77.8293828,70.04644451978714,7.777213167141016
597,12,65.619096,59.05718639886534,6.560174933951416
597,14,81.19186069999999,73.07267462978561,8.055802776025526
597,17,60.28800439999999,54.259203959716395,6.028609424139632
597,18,58.3209254,52.488832859316744,5.8095972042017
597,21,73.3819063,66.04371566989684,7.336264171826297
597,22,52.6639012,47.39751107957019,5.212207501961545
597,23,71.8258541,64.6432686895745,7.180699201787764
597,24,56.50044870000001,50.850403829657104,5.607346766810664
597,27,76.27567189999999,68.64810470977311,7.627358931774486
597,29,81.2961507,73.16653562975685,8.127480357005124
597,2,59.6016318,53.64146861969055,5.958596029638045
597,6,64.0223642,57.62012777985675,6.337756427852472
597,7,57.1450268,51.43052411965965,5.713938970429088
597,8,62.0923692,55.88313227990449,6.145357788373884
598,10,51.827265,46.6445384995743,5.178913600125403
598,12,61.9447897,55.75031072983794,6.194317402080859
598,14,54.653493600000004,49.18814423957179,5.4292642353903675
598,17,80.53324520000001,72.47992067975693,8.05310466322202
598,18,58.10266360000001,52.29239723973822,5.810086545573966
598,21,82.32066569999999,74.08859912951378,8.231368831656862
598,22,77.9688909,70.17200180975392,7.702056517920246
598,23,65.4484826,58.903634339820194,6.519604045067742
598,24,81.6159962,73.4543965797553,8.107711553898017
598,27,52.610467400000005,47.34942065962188,5.260852919421447
598,29,59.9695396,53.97258563965968,5.996751686331548
598,2,78.7157994,70.84421945975684,7.869511352501972
598,6,55.2328715,49.70958434965838,5.5019845867981525
598,7,82.0137636,73.81238723977309,8.200393276489336
598,8,66.24203539999999,59.61783185984308,6.530377299526741
599,10,76.4382772,68.79444947975443,7.566262530157006
599,12,62.962288799999996,56.66605991985202,6.295714417341975
599,14,81.4209446,73.27885013975438,8.058328799118788
599,17,53.8866204,48.4979583595746,5.388457170688539
599,18,72.1387617,64.92488552993673,7.18605123131864
599,21,66.877125,60.189412499893656,6.6875603584107965
599,22,54.688365100000006,49.21952858965616,5.412571056359013
599,23,72.8223017,65.54007152931246,7.208887661242545
599,24,57.77088019999999,51.993792179659586,5.775571837678195
599,27,77.4396121,69.69565088975692,7.743697937014159
599,29,76.59823850000001,68.93841464957461,7.659567641552593
599,2,55.9083444,50.31750995957452,5.589616054293432
599,6,66.6806543,60.012588869754445,6.600908208377899
599,7,66.5853039,59.926773509787296,6.658344407962697
599,8,75.3350779,67.80157010992427,5.460740713428354
600,10,57.7969414,52.017247259912715,5.778174756969899
600,12,76.86723429999999,69.18051086975692,7.686510341845312
600,14,57.7882083,52.00938746965959,5.777302740557915
600,17,79.9644574,71.96801165975438,7.914179314271058
600,18,63.605079399999994,57.2445714597153,6.335974566845533
600,21,79.6886169,71.71975520978728,7.968209141811095
600,22,77.3476678,69.61290101977033,7.640689887793256
600,23,66.6197273,59.95775456985675,6.594876759956338
600,24,72.6074138,65.34667241989285,7.2058715570338805
600,27,53.633625900000006,48.27026330965969,5.363173777743249
600,29,67.0584886,60.35263973995637,6.705722120882013
600,2,80.4814827,72.43333442975687,8.04639884742615
600,6,56.400285100000005,50.760256589657516,5.604163952009132
600,7,83.2322033,74.90898296957458,8.322898641355456
600,8,71.277844,64.15005959986755,7.0441377946465975
601,10,60.7260917,54.65348252982088,6.072444593139976
601,12,56.596051800000005,50.936446619659684,5.659409745693933
601,14,80.2672104,72.24048935977305,8.024614171487778
601,17,61.7531451,55.57783058994071,6.111783617179366
601,18,73.3121466,65.9809319399427,7.257378536662077
601,21,53.8866204,48.49795835957458,5.388274149297771
601,22,55.71902600000001,50.147123399617946,5.514579418846141
601,23,76.4948859,68.84539730931675,7.619983409853125
601,24,83.9065537,75.51589832951244,8.366413696423681
601,27,77.7662354,69.98961185975692,7.776407956477937
601,29,56.82111,51.13899899965968,5.681915621956631
601,2,58.20193259999999,52.38173933965959,5.818662673439805
601,6,78.64847280000001,70.78362551975445,7.785636578041215
601,7,57.79350530000001,52.01415476962188,5.779144800537607
601,8,56.127467200000005,50.514720479572226,5.58140793746666
602,10,78.5996786,70.73971073975692,7.859703834732455
602,12,74.1750783,66.75757046962187,7.417267194963695
602,14,56.7431492,51.06883427962187,5.67411296945147
602,17,82.1963411,73.97670698977076,8.135071452504095
602,18,57.553685099999996,51.798316589713515,5.697403371470262
602,21,79.9644574,71.96801165975536,7.945594560117049
602,22,80.6217398,72.55956581978685,8.045713317312181
602,23,55.4678373,49.92105356973822,5.546608329374086
602,24,55.21060730000001,49.68954656962188,5.5208612790035705
602,27,53.6445709,48.28011380969062,5.364274584127413
602,29,80.7385315,72.66467834978714,8.067918666629385
602,2,79.0019522,71.10175697978515,7.820627259584928
602,6,58.464837800000005,52.61835401965623,5.7876009643795046
602,7,82.5382674,74.28444065977311,8.253606551648838
602,8,76.997859,69.2980730997859,7.64894650189837
603,10,54.206700100000006,48.78603008965968,5.420480596510196
603,12,78.9265748,71.03391731943266,7.89058280504611
603,14,82.2775223,74.04977006978724,8.225592709789225
603,17,56.7616728,51.08550551962038,5.653802095182317
603,18,70.0258173,63.02323556973803,6.997641254534517
603,21,61.6482282,55.48340537992035,6.12561930634295
603,22,58.1240671,52.311660389574605,5.812192009513577
603,23,66.5248769,59.872389209716395,6.652285018372689
603,24,79.9644574,71.96801165975691,7.9962273093484555
603,27,62.892057,56.60285129989365,6.289059124836454
603,29,66.6901677,60.02115092979977,6.667266037269729
603,2,56.7340576,51.06065183957429,5.669230269078541
603,6,74.9305584,67.43750255961803,7.417589860820783
603,7,59.06822699999999,53.161404299621864,5.906614067971696
603,8,55.92415990000001,50.33174390969055,5.5909451312301
604,10,73.8295631,66.44660678957449,7.38101423891484
604,12,54.9998809,49.499892809621784,5.498542659473109
604,14,58.0993107,52.2893796295745,5.808404035097651
604,17,81.2022255,73.0820029497716,8.06660692985211
604,18,54.4708165,49.02373484971531,5.426070804440244
604,21,77.8321556,70.0489400393192,7.78116781666961
604,22,81.5461418,73.39152761975691,8.154343054218282
604,23,55.8703313,50.283298169810934,5.586874942796785
604,24,55.8336126,50.25025133969062,5.583174372546381
604,27,60.3373151,54.303583589799814,6.033561012499978
604,29,70.0394498,63.035504819845265,7.0021063371041965
604,2,78.80647090000001,70.9258238095745,7.878575442196336
604,6,79.7189267,71.7470340295089,7.891603813243407
604,7,81.834756,73.65128039975691,8.183252111086023
604,8,71.320042,64.18803779969062,7.13178523063614
605,10,79.5141965,71.56277684951371,7.949327628352437
605,12,76.83331,69.14997899975684,7.681314099452545
605,14,83.26529839999999,74.93876855957292,8.293720950611377
605,17,57.14792789999999,51.43313510962037,5.692275368816015
605,18,69.5390728,62.585165519715304,6.927084310483196
605,21,54.164782300000006,48.74830406965969,5.416289553653333
605,22,60.3476389,54.31287500981093,6.034597490620113
605,23,60.9404794,54.84643145978725,6.0924477558408325
605,24,68.6352912,61.77176207943266,6.861725144575524
605,27,78.31735239999999,70.48561715975688,7.830976079069027
605,29,68.240653,61.416587699799756,6.822273568439558
605,2,80.8474876,72.7627388395137,8.082622838148717
605,6,57.0237194,51.32134745957296,5.680377112782288
605,7,60.708112199999995,54.63730097965968,6.0706067242507125
605,8,55.05023559999999,49.5452120397164,5.504844243125487
606,10,51.477121999999994,46.32940979962187,5.147522272190839
606,12,60.591154599999996,54.532039139738146,6.057524317653951
606,14,71.82111169999999,64.63900052986244,7.108222488505808
606,17,82.6722833,74.40505496977076,8.182175311281705
606,18,55.255438700000006,49.729894829621784,5.524091714777851
606,21,81.2318424,73.1086581597873,8.12235238158988
606,22,75.8252021,68.24268188943266,7.580526874466682
606,23,79.6107665,71.64968984977224,7.930369755707401
606,24,62.334168999999996,56.100752099916754,6.215407897660869
606,27,53.2448771,47.9203893895746,5.324283714906686
606,29,78.9610114,71.06491025978724,7.894028178778608
606,2,57.006208199999996,51.30558737969054,5.699122127560201
606,6,79.7257645,71.75318804975684,7.970483790065551
606,7,72.0279964,64.82519675991044,7.2026440131516996
606,8,69.8772904,62.88956135975692,6.987529572965318
607,10,75.41980099999999,67.87782089978593,7.494019404578059
607,12,67.5672562,60.810530579933875,6.687212894912796
607,14,65.2556802,58.73011217979902,6.499855742576019
607,17,57.6279129,51.86512160957293,5.740083148202756
607,18,78.64847280000001,70.78362551975685,7.862782355503552
607,21,55.5113367,49.96020302957458,5.550652599516065
607,22,54.4796837,49.03171532971528,5.42650070338156
607,23,57.6164824,51.85483415962041,5.73942482101823
607,24,82.6863943,74.41775486975621,8.244750035927296
607,27,78.7782857,70.9004571297873,7.877619501797143
607,29,56.2703458,50.6433112195745,5.625555570254106
607,2,72.6579309,65.39213780971619,7.260444350950189
607,6,58.8313198,52.94818781965968,5.8829330716337775
607,7,56.8116276,51.13046483973822,5.680983954731267
607,8,54.809247000000006,49.328322299574616,5.480717602660231
608,10,51.3640587,46.22765282957025,5.084285555284527
608,12,60.827286599999994,54.74455793982017,6.05875962022683
608,14,78.5659688,70.70937191971345,7.775769724476868
608,17,80.7434973,72.66914756979976,8.07222989109407
608,18,62.9525845,56.657326049756854,6.29360528576269
608,21,80.29427249999999,72.26484524978727,8.028604805579343
608,22,73.11416539999999,65.80274885990482,7.263141345727702
608,23,79.9004677,71.91042092975444,7.909574913383551
608,24,68.9468867,62.052198029908006,6.894538384450591
608,27,52.961354699999994,47.6652192295746,5.29593215444096
608,29,79.5101364,71.55912275975449,7.872750038698291
608,2,53.606951800000004,48.246256619716334,5.359285924315796
608,6,77.78793859999999,70.00914473975683,7.776751921038669
608,7,72.5854286,65.32688573973822,7.258332250050943
608,8,73.3715993,66.03443936989362,7.335231701646786
609,10,76.0582648,68.45243831978513,7.528648575618207
609,12,70.6329181,63.56962628973699,7.030365350161621
609,14,59.9788608,53.980974719656146,5.936180917085493
609,17,56.327702599999995,50.694932339574606,5.632560272085167
609,18,71.9806542,64.78258877988264,7.197900150373069
609,21,55.9570468,50.361342119574566,5.595114204257798
609,22,56.9210913,51.228982169659595,5.690614381135488
609,23,63.2621845,56.935966049427044,6.26250371768397
609,24,83.9670689,75.57036200971346,8.31032243446093
609,27,79.8118353,71.83065176975691,7.980964024572642
609,29,57.3585681,51.62271128971359,5.679396594371463
609,2,64.368249,57.93142409984527,6.435133857835965
609,6,63.7323385,57.35910464995833,6.348651349850498
609,7,55.89248679999999,50.3032381195746,5.5890382554510865
609,8,71.2243448,64.10191031973814,7.120561818497115
610,10,50.4448239,45.400341509570254,4.993294860104089
610,12,55.358571,49.822713899621874,5.535657363437307
610,14,87.9295379,79.13658410314537,0.29101959305819286
610,17,82.59093010000001,74.33183708977306,8.256924307738403
610,18,84.12623839999999,75.7136145593192,8.410409348107997
610,21,81.7504205,73.5753784497873,8.174371879247383
610,22,78.8743561,70.98692048977306,7.885365965546125
610,23,70.4160114,63.37441025989019,7.03975340177195
610,24,57.9806756,52.18260803962154,5.793028281615452
610,27,65.2992744,58.76934695979979,6.529295312949367
610,29,64.2465479,57.821893109925995,6.422968260204816
610,2,80.8951648,72.80564831977306,8.087391097876424
610,6,79.9690754,71.97216785975597,7.966063318686101
610,7,83.908663,75.51779669975684,8.388663287065397
610,8,68.6185442,61.75668977987395,6.8616921121276215
611,10,76.3169043,68.68521386978513,7.554250081328256
611,12,80.6294732,72.56652587977312,8.062732270054196
611,14,61.5742593,55.41683336791807,1.118300850359807
611,17,65.8691361,59.28222248985817,6.585184506816945
611,18,58.8313198,52.94818781965968,5.88289864397926
611,21,56.7379502,51.064155179574605,5.673584073976556
611,22,56.6245294,50.96207645962038,5.640140090241715
611,23,80.7518359,72.67665230973815,8.073064013182613
611,24,83.3974484,75.05770355975439,8.253945343645992
611,27,82.4754423,74.22789806957461,8.247274281937829
611,29,82.74256079999999,74.46830471973814,8.272083251937017
611,2,58.4625347,52.61628122962178,5.844716064306716
611,6,59.9543791,53.95894118965857,5.9758942082430755
611,7,61.431737500000004,55.288563749659616,6.141837749265645
611,8,74.6886765,67.21980884982983,7.468680163508941
612,10,50.8607897,45.774710729618,5.034469355643818
612,12,58.8366794,52.95301145962188,5.883459971902525
612,14,87.1736801,78.45631208314538,0.2885179511695716
612,17,52.741707500000004,47.46753674969062,5.273991538046224
612,18,70.7422201,63.66799808989021,7.074061940887544
612,21,81.98979229999999,73.79081306978723,8.196826664756655
612,22,82.31044349999999,74.07939914977075,8.146363588636286
612,23,62.7406829,56.46661460969055,6.272420657211775
612,24,59.4894021,53.54046188965615,5.887737921487734
612,27,54.567716,49.11094439962187,5.456573133265012
612,29,68.7404914,61.86644225990276,6.873896938010108
612,2,82.1067545,73.89607904978713,8.204631699267512
612,6,79.0716742,71.16450677978514,7.827530582699178
612,7,84.0442522,75.63982697977306,8.402218901154216
612,8,61.2395914,55.115632259432815,6.123711669007203
613,10,72.27432160000001,65.04688943973554,7.154093915460571
613,12,82.7992591,74.51933318978563,8.215283364094057
613,14,61.761935099999995,55.58574158961794,6.112653890800641
613,17,74.80090630000001,67.32081566971634,7.4781265277256
613,18,73.80905920000001,66.42815327965837,7.352436648811065
613,21,56.327702599999995,50.6949323395745,5.631289508803544
613,22,58.4382173,52.59439556962178,5.842286106199395
613,23,79.4924424,71.54319815969053,7.947157405747818
613,24,82.59093010000001,74.33183708977076,8.174124325446575
613,27,71.8463668,64.66173011991043,7.184481236331428
613,29,73.8098901,66.4289010898691,7.380815988592382
613,2,58.6479875,52.783188749574606,5.864583380563972
613,6,57.0071663,51.30644966957096,5.652149500224271
613,7,60.2726084,54.245347559621784,6.025677158167544
613,8,80.455815,72.41023349971633,8.04346623550434
614,10,51.1907551,46.0716795897153,5.099181214729427
614,12,60.987863899999994,54.88907750957178,6.058517773771143
614,14,85.3674822,76.83073397978646,8.50311107825206
614,17,56.9794352,51.281491679658345,5.675491123338649
614,18,63.40070169999999,57.060631529851065,6.299212262276352
614,21,81.5564699,73.40082290978513,8.073506091784216
614,22,82.6221082,74.35989737977306,8.260041614739803
614,23,64.5370051,58.083304589863346,6.428807185639984
614,24,63.6565487,57.29089382993967,6.300165609557912
614,27,59.0357759,53.13219830951383,5.903348674802464
614,29,79.7427616,71.76848543951382,7.974001167729567
614,2,84.4790938,76.03118441977306,8.445689310494062
614,6,79.3960621,71.45645588977081,7.859642645732956
614,7,83.5858829,75.22729460978515,8.274403465864149
614,8,59.6176625,53.655896249773065,5.9601986546032695
615,10,69.24846260000001,62.32361633971531,6.897934487211151
615,12,84.05557540000001,75.65001785977162,8.350057922251063
615,14,59.266254399999994,53.33962895957293,5.903272835363702
615,17,85.41782479999999,76.87604231977221,8.508124172994961
615,18,60.180229399999995,54.162206459892566,5.957412405542669
615,21,62.4826876,56.23441883979944,6.236711415405077
615,22,60.8732241,54.785901689621795,6.085996300709766
615,23,54.2901371,48.86112338969062,5.428830332295672
615,24,85.41782479999999,76.87604231977075,8.453905316561256
615,27,69.149113,62.234201699837925,6.914244382552187
615,29,77.8580616,70.07225543962177,7.783760369666555
615,2,70.0096,63.00863999979977,6.999120008450305
615,6,58.889413000000005,53.00047169961803,5.829630894218511
615,7,61.1042597,54.9938337295745,6.1088200826139225
615,8,65.3975889,58.857830009890215,6.5396076051675855
616,10,51.330036,46.19703239965968,5.1328204963286925
616,12,62.8864741,56.59782668961936,6.2471251436100115
616,14,84.72416390000001,76.2517475097851,8.385253501606991
616,17,67.78645850000001,61.00781264973649,6.733886883241267
616,18,76.99136610000001,69.29222948957029,7.621594760651394
616,21,66.5649542,59.90845877988264,6.656290794788202
616,22,83.648371,75.28353389975685,8.362639986741293
616,23,70.1972255,63.177502949756914,7.019522705095527
616,24,61.0329325,54.92963924962178,6.1016893776717405
616,27,57.1875537,51.468798329432815,5.718517340511158
616,29,57.4127888,51.67150991943267,5.7397678033229464
616,2,72.2186581,64.99679228992264,7.221715763752966
616,6,79.1996118,71.27965061978514,7.840195495725652
616,7,84.7518824,76.27669415978724,8.472963452803127
616,8,60.171152299999996,54.154037069716395,6.0169249314392435
617,10,78.5537408,70.69836671975692,7.855158424254301
617,12,83.4724125,75.1251712497851,8.261364614142755
617,14,59.76014240000001,53.784128159570194,5.9145339136687785
617,17,89.2965466,80.3668919396596,8.927310780250428
617,18,82.4260024,74.18340215951372,8.240434472854263
617,21,56.9794352,51.281491679659595,5.696446331008431
617,22,61.90982459999999,55.7188421397569,6.190799376262793
617,23,56.35154489999999,50.716390409574494,5.6336731960115864
617,24,85.8601829,77.27416460978722,8.583302772030688
617,27,87.8740581,79.08665228975691,8.787170867643047
617,29,79.6033372,71.64300347975684,7.9582429816251095
617,2,65.9207263,59.32865366984531,6.5919055965097915
617,6,72.3130345,65.08173104984472,7.2034122295380065
617,7,63.129399500000005,56.81645954957458,6.312400236067882
617,8,82.4706235,74.2235611497164,8.246777841799645
618,10,56.2792611,50.65133498965968,5.6277319298080934
618,12,60.8902088,54.80118791957293,6.065027057408763
618,14,84.9497785,76.45480064975438,8.407582968223258
618,17,61.720915600000005,55.5488240396596,6.170470885645246
618,18,58.4664333,52.61978996962187,5.846437513349326
618,21,85.41782479999999,76.8760423197708,8.455752523138063
618,22,69.714818,62.74333619979848,6.925450379199098
618,23,80.40719779999999,72.36647801975444,7.959738299963519
618,24,58.5424079,52.68816710957461,5.854025663987979
618,27,59.982231600000006,53.98400843965968,5.998020150221764
618,29,63.8689002,57.482010179905465,6.386747309468749
618,2,75.0101114,67.5091002597164,7.5007910756185465
618,6,59.9060891,53.91548018971531,5.967502990701498
618,7,86.081423,77.4732806997569,8.607438634973716
618,8,63.190507600000004,56.87145683971641,6.318854819122961
619,10,78.7782857,70.90045712978724,7.8757601736159195
619,12,80.9686562,72.87179057978646,8.064959980407817
619,14,70.2341949,63.21077540986775,6.951163645212045
619,17,84.387518,75.94876619957293,8.40549699551768
619,18,79.0716742,71.16450677978725,7.905090859034962
619,21,72.9603114,65.66428025981088,7.294115724216382
619,22,66.25530619999999,59.629775579873915,6.623792256659865
619,23,70.0180242,63.016221779898885,6.931284287316037
619,24,86.9418929,78.24770360975684,8.691906790402438
619,27,85.1917547,76.67257922975692,8.518945518239102
619,29,68.8093746,61.92843713951371,6.879128844479071
619,2,58.44660820000001,52.601947379659684,5.844461890124575
619,6,66.1985469,59.5786922098891,6.55318296558978
619,7,64.0662037,57.65958332969055,6.404936657260427
619,8,81.3300648,73.19705831975685,8.130868514870674
620,10,52.961354699999994,47.66521922957452,5.294981458147058
620,12,57.3936974,51.65432765962178,5.737861479484492
620,14,55.997225900000004,50.39750330965968,5.599529557223309
620,17,88.6150839,79.75357550951371,8.859181375697325
620,18,57.0071663,51.30644966957461,5.700505060049001
620,21,74.111821,66.70063889982089,7.410958981307891
620,22,83.5030807,75.15277262977222,8.317403927623646
620,23,83.2370868,74.9133781197396,7.77036723576771
620,24,62.073986000000005,55.86658739965835,6.182938409917334
620,27,59.3469499,53.41225490965968,5.93449337197247
620,29,64.7315159,58.258364309773064,6.471451581245317
620,2,84.8680522,76.38124697975684,8.484574438669608
620,6,65.5345214,58.98106925977225,6.528174374047615
620,7,74.7381785,67.26436064943277,7.473172265207709
620,8,59.5016011,53.551440989659596,5.9485948505499975
621,10,78.4318381,70.58865428978648,7.812703495652759
621,12,67.3911867,60.652068029930554,6.738979950008522
621,14,68.9359891,62.04239018984531,6.893426528914588
621,17,60.2800698,54.25206281962187,6.027797123217019
621,18,79.73533739999999,71.76180365975597,7.942778738320653
621,21,87.7631009,78.98679080969062,8.776020122122157
621,22,58.2936675,52.46430074961794,5.769394538893068
621,23,62.298622,56.06875979965623,6.1671185582213495
621,24,76.72547870000001,69.05293082989581,7.5936132140646135
621,27,80.8688151,72.78193358951383,8.086602254073705
621,29,83.908663,75.51779669975684,8.388208232820858
621,2,62.858454699999996,56.57260922965961,6.284476094505846
621,6,83.3198822,74.98789397977208,8.293967685871797
621,7,72.2993701,65.06943308989688,7.229776081794235
621,8,81.6328419,73.46955770978724,8.161138421250799
622,10,69.3374124,62.403671159950996,6.8781882993479915
622,12,82.6019716,74.3417744397355,8.17521642712449
622,14,87.2593238,78.53339141977307,8.723636386184381
622,17,84.4410761,75.9969684897851,8.357235508792284
622,18,68.9490733,62.054165969899515,6.868312785614731
622,21,60.2800698,54.25206281962187,6.027797074281025
622,22,86.34559750000001,77.71103774977077,8.545727932541535
622,23,81.5106241,73.35956168975444,8.068969671253901
622,24,66.0485965,59.44373684979981,6.604679292005355
622,27,83.3018178,74.97163601962187,8.329920824070877
622,29,61.431737500000004,55.288563749659595,6.14155873662634
622,2,83.9989022,75.59901197978725,8.39768236525173
622,6,63.7636081,57.38724728962187,6.376143293947244
622,7,71.47714590000001,64.32943130977313,7.1475161971848085
622,8,57.945323,52.15079069957452,5.793269045124414
623,10,57.30957599999999,51.5786183997164,5.730774510307345
623,12,60.9075602,54.81680417961794,6.0280944128365705
623,14,63.2869112,56.958220079621796,6.327310672430762
623,17,57.330368099999994,51.59733128957018,5.674055801358827
623,18,79.3886165,71.44975484977081,7.858905096807443
623,21,84.4410761,75.9969684897873,8.44385099896096
623,22,62.063359,55.85702309961794,6.142485448927879
623,23,61.2539645,55.12856804965838,6.101770049063823
623,24,73.1604343,65.84439086965969,7.315813625956737
623,27,57.0026859,51.30241730957461,5.700055537193982
623,29,84.5233865,76.07104784975685,8.450118052648595
623,2,59.6037237,53.643351329574614,5.960154801285237
623,6,84.2707491,75.84367418978725,8.424862036517851
623,7,75.2231642,67.7008477797998,7.522118496890122
623,8,81.834756,73.65128039975684,8.18132442544731
624,10,77.1183436,69.40650923971633,7.709809859600645
624,12,83.5327598,75.17948381961794,8.267337654929893
624,14,89.2527927,80.3275134297851,8.833455506065937
624,17,82.0357166,73.83214493975439,8.11917413796666
624,18,58.553387,52.69804829957028,5.796366376039125
624,21,69.4637399,62.517365909799786,6.945594405347618
624,22,85.4196738,76.87770641962038,8.508307966475963
624,23,78.4965837,70.64692532975599,7.819381502923344
624,24,69.78110199999999,62.802991799149,6.976272169783766
624,27,83.6114119,75.2502707097569,8.360914311752003
624,29,61.9789847,55.78108622965959,6.1962659298764455
624,2,82.2156655,73.99409894978724,8.21940549012082
624,6,69.70843930000001,62.73759536973816,6.969013559960691
624,7,86.05295720000001,77.44766147978729,8.60459259794095
624,8,60.708112199999995,54.63730097965959,6.069214243668165
625,10,59.537209000000004,53.58348809965836,5.930582813405215
625,12,87.4502444,78.7052199593167,8.710564924768189
625,14,64.2988076,57.8689268395743,6.425136440545515
625,17,62.2391969,56.01527720980897,6.15988863150692
625,18,65.5765813,59.018923169930524,6.555937475690233
625,21,68.8243513,61.94191616989022,6.882280611114143
625,22,88.147355,79.33261949943267,8.81241966926344
625,23,64.7083485,58.23751364988265,6.470682210664324
625,24,52.3102399,47.07921590965743,5.196485525439458
625,27,71.1451519,64.0306367098582,7.114342061555212
625,29,83.5858829,75.22729460978381,8.223185616526118
625,2,58.7518719,52.876684709574604,5.874971580926792
625,6,86.98155709999999,78.2834013895137,8.695870659447932
625,7,63.440215499999994,57.09619394957449,6.3423542029302515
625,8,79.6033372,71.64300347975691,7.960115085095264
626,10,87.1533631,78.4380267897708,8.626900215178013
626,12,61.580161499999996,55.422145349659594,6.15640004621864
626,14,91.1732423,82.05591806975684,9.114930749928373
626,17,76.3201258,68.68811321943056,7.601938798353148
626,18,83.6614747,75.29532722975598,8.333888154433406
626,21,52.3102399,47.07921590965968,5.230840320489617
626,22,61.5921755,55.43295794962187,6.159004796866204
626,23,64.0163704,57.614733359799814,6.401459924951613
626,24,72.5449091,65.29041818971346,7.179856526847044
626,27,57.820793699999996,52.0387143297164,5.781893366960023
626,29,61.1042597,54.9938337295687,6.026687510890585
626,2,81.4458041,73.30122368978725,8.142439628203102
626,6,73.7466607,66.37199462983791,7.373064171861614
626,7,85.5165518,76.96489661961803,8.465525473654772
626,8,59.3906686,53.4516017397164,5.93887749666586
627,10,58.0842981,52.275868289617996,5.749490364993067
627,12,79.8146483,71.83318346957293,7.950014543856628
627,14,65.9415987,59.34743882965968,6.593943689662522
627,17,61.2705049,55.143454409899896,6.12690985222814
627,18,65.241006,58.71690539965623,6.458395938344767
627,21,67.577246,60.81952139981094,6.757546511248194
627,22,87.6196194,78.8576574595745,8.759661286414888
627,23,61.253299299999995,55.127969369716396,6.1251372419769075
627,24,56.04866630000001,50.44379966965744,5.567859766572873
627,27,65.12937210000001,58.61643488985821,6.512774636960579
627,29,84.7518824,76.27669415960985,4.620345984606933
627,2,57.725539000000005,51.95298509957461,5.7723406625887455
627,6,85.3409466,76.8068519395137,8.531852295484901
627,7,89.54593159999999,80.5913384395137,8.952240614481145
627,8,75.82742660000001,68.24468393971641,7.582520655571457
628,10,84.5936061,76.13424548976002,7.997207958799241
628,12,68.5091348,61.65822131978509,6.780431689677987
628,14,88.6009249,79.7408324097873,8.859864395578711
628,17,81.7360551,73.56244958951383,8.173326199181824
628,18,85.478044,76.93023959975444,8.46171558680167
628,21,53.6587861,48.292907489149215,5.365586861193612
628,22,92.17956000000001,82.96160399943057,9.181630200395134
628,23,80.9101365,72.81912284978723,8.088889535881707
628,24,84.87711089999999,76.38939980977221,8.4542658349905
628,27,67.2673944,60.54065495984531,6.726569091614966
628,29,63.129399500000005,56.81645954957028,6.24935914618175
628,2,79.2463597,71.32172372978722,7.922129453653766
628,6,62.5181578,56.266342019574495,6.250172706144727
628,7,75.9976793,68.3979113697731,7.599144005270846
628,8,56.3886054,50.74974485971641,5.638678029143811
629,10,57.472219300000006,51.72499736961376,5.626456626867209
629,12,79.3994492,71.45950427977223,7.908658554660875
629,14,62.384217,56.14579529957461,6.238195874002282
629,17,80.6956875,72.62611874968742,7.986548700712363
629,18,65.3364158,58.80277421965622,6.4678381953017
629,21,82.378004,74.14020359962187,8.237502468574778
629,22,64.7040645,58.233658049658345,6.444908275719068
629,23,59.7206613,53.74859516957451,5.970496412888365
629,24,58.274091299999995,52.44668216962177,5.825881826240631
629,27,85.5092178,76.95829601975692,8.55069129932389
629,29,85.52116290000001,76.96904660977081,8.465983709365156
629,2,56.302732600000006,50.67245933962179,5.628792408206848
629,6,82.7923933,74.51315396975444,8.19585394373217
629,7,94.10197,84.69177299951379,9.409406752428675
629,8,66.02901639999999,59.426114759845255,6.601166452316078
630,10,82.2373791,74.013641189775,7.7744579886420375
630,12,57.8470313,52.06232816962038,5.7619092430987555
630,14,87.0840716,78.37566443977312,8.708177560736939
630,17,56.3030894,50.672780459432666,5.628827439930969
630,18,84.7135806,76.24222253975445,8.386039120995454
630,21,90.96085459999999,81.86476913931935,9.095704188891654
630,22,89.4156296,80.47406663971633,8.939217749423042
630,23,82.3996823,74.15971406975598,8.20818569931815
630,24,85.2070578,76.68635201976936,8.381784636353974
630,27,61.2491582,55.12424237965968,6.124710052871294
630,29,70.6833195,63.61498754992881,7.041068889698625
630,2,73.2019906,65.88179153973815,7.318275366930714
630,6,64.5587313,58.102858169798985,6.4292417344317
630,7,68.0795945,61.27163504965966,6.807388646353507
630,8,83.908663,75.51779669975438,8.304542776593538
631,10,57.0026859,51.30241730957025,5.642428265235345
631,12,77.0594409,69.35349680978497,7.622185112381736
631,14,62.4390659,56.1951593097164,6.243710650153747
631,17,84.2839239,75.85553150978724,8.42617947835127
631,18,64.4008256,57.96074303965623,6.375221447604398
631,21,60.1417176,54.12754583965968,6.013970267833173
631,22,71.1956397,64.07607572957319,7.095851210866327
631,23,63.5252645,57.17273804965837,6.328023930357415
631,24,60.658768200000004,54.592891379617946,6.003470348467876
631,27,81.0132215,72.91189934962188,8.1010660847573
631,29,61.6643684,55.49793155961803,6.104331154054279
631,2,63.2533966,56.928056939899264,6.2851144620254615
631,6,64.5661259,58.10951330982088,6.456441423299631
631,7,85.97701169999999,77.37931052978728,8.596999014098536
631,8,74.4476604,67.00289435995806,7.368175741405759
632,10,83.6114119,75.25027070975169,8.185448278567828
632,12,62.4264175,56.18377574993856,6.174787419258127
632,14,69.1055221,62.1949698898582,6.910382371815575
632,17,59.4364998,53.49284981957461,5.943432795086324
632,18,84.2302638,75.80723741975444,8.33819421719128
632,21,85.2070578,76.68635201977311,8.520437550950549
632,22,71.1294786,64.0165307397355,7.039769555753139
632,23,76.7008362,69.03075257992836,7.592834547867596
632,24,86.8789441,78.19104968977032,8.58223323447084
632,27,82.59640499999999,74.33676449951382,8.259357311454337
632,29,85.6615797,77.09542172978514,8.479883498504412
632,2,83.3139207,74.98252862977166,8.278409555939032
632,6,71.2253369,64.10280320965938,7.116259263619185
632,7,62.1577271,55.94195438962188,6.215558707929009
632,8,86.081423,77.47328069975438,8.51958343701189
633,10,66.3941558,59.7547402199576,6.49990126403427
633,12,75.8839451,68.29555058991178,7.505912415331496
633,14,71.7751822,64.59766397983793,7.1773365701794996
633,17,87.3583142,78.62248277973814,8.733537618517802
633,18,65.0345508,58.53109571965623,6.437955707549151
633,21,60.658768200000004,54.592891379621875,6.065666200540806
633,22,74.1266345,66.71397104988948,7.363721324938176
633,23,82.4288728,74.18598551961803,8.159869250383755
633,24,61.1048291,54.99434618961916,6.066744407336788
633,27,55.69609009999999,50.1264810895746,5.569399047205096
633,29,61.7432569,55.56893120957461,6.174103233713665
633,2,70.58580380000001,63.52722341980973,7.01369214663414
633,6,62.1513301,55.93619708971641,6.214939369833444
633,7,77.2360013,69.5124011697382,7.722963890124323
633,8,70.7807305,63.702657449931934,7.077929491869993
634,10,83.975599,75.57803909977501,7.938784684125505
634,12,61.0075575,54.90680174961837,6.044659671808347
634,14,90.7628313,81.6865481697873,9.076051074261436
634,17,65.2245035,58.70205314969054,6.520737164777149
634,18,82.7923933,74.51315396975444,8.195855340744545
634,21,86.8789441,78.1910496897731,8.68692076398767
634,22,60.4251082,54.382597379570186,5.980345999512516
634,23,83.6108629,75.24977660951372,8.35888939129241
634,24,89.3303019,80.39727170975438,8.84112799052408
634,27,81.3523106,73.21707953977311,8.135013029152892
634,29,84.4016588,75.96149291962178,8.437950314508534
634,2,87.756091,78.98048189943266,8.773303308739642
634,6,83.4791112,75.13120007977082,8.26383544194743
634,7,63.849352599999996,57.46441733979976,6.383258545373359
634,8,60.8024561,54.72221048957293,6.056286875889287
635,10,73.0032499,65.70292490994856,6.901493905656382
635,12,81.75516689999999,73.57965020978509,8.091408082146735
635,14,63.285506999999996,56.9569562995746,6.3283228047343165
635,17,88.78750600000001,79.90875539977307,8.876419409616606
635,18,64.14694469999999,57.732250229786466,6.38995228239729
635,21,61.1048291,54.994346189621844,6.109787762614496
635,22,89.9968341,80.99715068977076,8.907095783958829
635,23,71.57769280000001,64.41992351984531,7.15759271705381
635,24,76.85902610000001,69.17312348986775,7.606830776823844
635,27,57.4600968,51.71408711962187,5.745804595708031
635,29,88.17605520000001,79.35844967951074,8.761530351355976
635,2,60.1792953,54.161365769621874,6.017719900697347
635,6,61.401941400000005,55.26174725961803,6.078353414607927
635,7,80.6360326,72.5724293393192,8.061482352020704
635,8,86.5522338,77.8970104197716,8.59807371069231
636,10,65.5922516,59.03302643995736,6.385238429087585
636,12,68.1688669,61.35198020996378,6.742794411467575
636,14,90.349895,81.31490549977312,9.034753867206796
636,17,61.8702143,55.68319286962187,6.186808064376976
636,18,75.7373179,68.16358610957448,7.571742020604637
636,21,86.9072709,78.21654380962183,8.689747522665408
636,22,65.4092313,58.86830816961794,6.473630708475958
636,23,64.4098338,57.96885041971633,6.43929169114988
636,24,59.086489900000004,53.17784090957019,5.847861261608776
636,27,80.8941766,72.80475893978729,8.089204660080497
636,29,63.440215499999994,57.09619394957188,6.303677175300892
636,2,82.8321579,74.54894210978723,8.281041414494167
636,6,81.73423319999999,73.56080987978217,7.981364560875568
636,7,65.8671231,59.28041078973821,6.586516721339423
636,8,62.9164248,56.62478231962038,6.266851382973758
637,10,80.0452841,72.04075568977501,7.567224871848115
637,12,58.4747389,52.627265009620295,5.823130877205336
637,14,65.7754329,59.1978896097164,6.577340238868702
637,17,85.9959767,77.39637902977306,8.597339514470727
637,18,63.2374852,56.913736679899905,6.323604578799654
637,21,76.00198689999999,68.40178820993577,7.600050056727143
637,22,91.1217764,82.00959875977075,9.018432589466327
637,23,78.4292559,70.5863303097372,7.812674629315945
637,24,77.7585658,69.98270921975595,7.745218282801859
637,27,55.5776567,50.01989102957461,5.557555982143545
637,29,88.4950985,79.64558864975561,8.801919292573631
637,2,59.56149979999999,53.60534981957449,5.95458457741892
637,6,60.566086500000004,54.50947784957028,5.9956098624703165
637,7,85.3909895,76.85189054957458,8.53838291954265
637,8,86.05295720000001,77.44766147978646,8.571388171221978
638,10,52.8216272,47.53946447955399,5.037938627473568
638,12,80.96317119999999,72.86685407978509,8.013023357234946
638,14,79.9607173,71.96464556977311,7.995855454758268
638,17,69.3241517,62.391736529925595,6.746710427355726
638,18,83.872762,75.48548579975692,8.386997389234095
638,21,57.8686206,52.081758539716404,5.78667779193026
638,22,69.1714943,62.25434486971346,6.845986436412211
638,23,65.06722350000001,58.56050114961804,6.441190204274541
638,24,65.6036152,59.04325367989923,6.517045809818425
638,27,80.5570942,72.50138477975692,8.055488315564698
638,29,67.72666240000001,60.95399615965838,6.746544822765852
638,2,85.7051273,77.13461456975445,8.484194676201154
638,6,74.5998727,67.13988542992837,7.384854422680267
638,7,78.4112815,70.57015334982084,7.839069458373581
638,8,63.440215499999994,57.09619394957292,6.319023540682555
639,10,80.9387427,72.84486842976003,7.6516895897014745
639,12,59.8484828,53.86363451957066,5.9298179431924485
639,14,56.6756344,51.008070959432814,5.667326498858151
639,17,60.3974361,54.357692489656145,5.977592842949418
639,18,63.0585473,56.75269256965968,6.305645745090391
639,21,76.6230721,68.96076488975692,7.662055728972842
639,22,89.6759302,80.7083371797355,8.875335496877126
639,23,88.1197874,79.30780865962721,5.36272973813171
639,24,88.0436763,79.2393086697851,8.713789030560932
639,27,61.9389186,55.74502673990801,6.193752152911213
639,29,91.353676,82.21830839975443,9.043360532569057
639,2,63.246825799999996,56.92214321965623,6.26098335279572
639,6,83.1464002,74.83176017977081,8.230899565244828
639,7,88.572523,79.7152706993192,8.854923406730727
639,8,88.1137873,79.30240856977206,8.770306208438027
640,10,57.20531210000001,51.484780889603556,5.456038831738915
640,12,81.8961645,73.70654804978497,8.10060008008554
640,14,81.4159097,73.27431872962187,8.14133349959341
640,17,88.0436763,79.2393086697851,8.713768794985356
640,18,82.7829344,74.50464095975691,8.278017487933433
640,21,57.9220572,52.1298514795746,5.791964400633324
640,22,62.2777543,56.04997886957018,6.1637046305691765
640,23,68.7819517,61.90375652961802,6.808921810314357
640,24,61.9905277,55.791474929570185,6.135277279079299
640,27,73.2650765,65.93856884973822,7.326295582008589
640,29,76.4561928,68.81057351981906,7.568616180163191
640,2,84.2351075,75.81159674975444,8.33867320486258
640,6,66.2753901,59.64785108982083,6.625799532678585
640,7,86.6433635,77.97902714962179,8.662452404176292
640,8,66.0545769,59.44911920962038,6.579430018392661
641,10,82.2914518,74.06230661977501,7.779570988777354
641,12,58.371180499999994,52.53406244957018,5.777066553273505
641,14,76.5124386,68.86119473965968,7.651005237586376
641,17,61.9905277,55.791474929570185,6.135262668749041
641,18,63.3315341,56.998380689659676,6.33294384006812
641,21,86.5756399,77.91807590962176,8.65528794984459
641,22,90.4659303,81.41933726975438,8.953522852967058
641,23,84.4187347,75.97686122982812,8.356851525322757
641,24,89.5044394,80.55399545978509,8.858362480182189
641,27,52.6974515,47.427706349574606,5.269542337969976
641,29,88.7244579,79.85201210943063,8.83822326084858
641,2,64.0368422,57.63315797990708,6.339189418582092
641,6,72.0858154,64.87723385962177,7.206687986493756
641,7,66.368568,59.73171119943281,6.636597548544625
641,8,91.353676,82.21830839975438,9.041384785211164
642,10,54.890982099999995,49.40188388955003,5.189218068012417
642,12,81.5915839,73.4324255097851,8.075218211050776
642,14,69.6899379,62.72094410991699,6.968844187438614
642,17,89.5044394,80.55399545978034,8.667060133998067
642,18,78.44731619999999,70.60258457982083,7.842671645296873
642,21,89.9311516,80.93803643951384,8.99277398707207
642,22,70.5836577,63.52529192994363,6.985750013321647
642,23,67.4470405,60.702336449149215,6.744397253583822
642,24,60.4967311,54.44705798957018,5.987434475973331
642,27,80.0452841,72.0407556897873,8.00431696554488
642,29,64.4312802,57.98815217971634,6.441437615885164
642,2,65.5277926,58.97501333983731,6.527505368118389
642,6,57.8006618,52.020595619513834,5.779841764322462
642,7,91.8662052,82.67958467977306,9.184208792850583
642,8,79.4375666,71.49380993985672,7.862032853499379
643,10,82.8056203,74.52505826967455,5.411800486092275
643,12,59.5103466,53.55931193957283,5.926253174685632
643,14,59.94785219999999,53.9530669797998,5.994577223294679
643,17,60.4967311,54.4470579895629,5.887602968489568
643,18,59.173869599999996,53.25648263931937,5.917127511156777
643,21,61.9905277,55.791474929574605,6.198830197460218
643,22,80.3198,72.2878199997355,7.949347890414817
643,23,89.6073815,80.64664334977306,8.958386403587491
643,24,88.8929543,80.00365886975439,8.797843012565494
643,27,52.8216272,47.53946447957461,5.28195960933029
643,29,74.1895245,66.77057204978514,7.344231688612928
643,2,80.9033713,72.81303416978514,8.008855496164559
643,6,73.98989929999999,66.59090936989014,7.393767198198355
643,7,68.3560708,61.52046371962178,6.83381337771093
643,8,68.6273389,61.76460500994071,6.792131473307628
644,10,56.375108399999995,50.737597559550025,5.3295226095019235
644,12,84.8144787,76.33303082975588,8.44612926245695
644,14,67.9429129,61.14862160982088,6.794111526389305
644,17,88.4035396,79.56318563964274,5.613822499510779
644,18,81.8455512,73.66099607971633,8.182405445172538
644,21,89.5044394,80.55399545978729,8.950170035866526
644,22,56.091459799999996,50.48231381957018,5.551439575427908
644,23,69.3396132,62.40565187962178,6.932139622426654
644,24,64.8756197,58.38805772965835,6.461999585038315
644,27,80.04025970000001,72.03623372978728,8.003253047032016
644,29,66.9539686,60.258571739882605,6.693640270289761
644,2,57.9757551,52.178179589570284,5.739185309924839
644,6,78.0431871,70.23886838985815,7.802270698235012
644,7,91.6841412,82.51572707977044,9.061653904531347
644,8,86.8053781,78.1248402897851,8.591234198907255
645,10,82.2215561,73.99940048976002,7.772963276754587
645,12,64.7324852,58.259236679658265,6.4462924027459625
645,14,86.3365486,77.7028937397873,8.633431109679314
645,17,63.02271820000001,56.720446379611474,6.133450930954552
645,18,67.68991009999999,60.92091908971632,6.767212828453819
645,21,60.4967311,54.4470579895746,6.049453926481954
645,22,84.579229,76.12130609977076,8.370908678993516
645,23,90.6041711,81.54375398975685,9.058039088028861
645,24,89.116028,80.20442519977075,8.81992087047913
645,27,56.03559930000001,50.43203936957462,5.603349613327911
645,29,86.8053781,78.12484028978568,8.614615180658125
645,2,84.08982900000001,75.68084609970792,6.998347579360776
645,6,88.1366855,79.32301694951369,8.810882347351379
645,7,70.1572697,63.14154272914901,7.013881189765919
645,8,64.4663038,58.019673419570196,6.380308619684109
646,10,56.9147342,51.22326077965959,5.689979171558291
646,12,85.78820259999999,77.20938233975424,8.48556953370257
646,14,59.5958435,53.636259149574606,5.959364924460745
646,17,89.116028,80.20442519964273,5.659067115826711
646,18,83.1464002,74.83176017977306,8.312456488860807
646,21,88.4035396,79.56318563977312,8.84007873716695
646,22,59.1448809,53.23039280961936,5.875438383827825
646,23,70.80705760000001,63.72635183965752,7.035682107078964
646,24,62.573634600000005,56.316271139617946,6.192988156822357
646,27,83.8543628,75.46892651975689,8.384625486168979
646,29,64.4663038,58.01967341957029,6.381702849254424
646,2,62.309230299999996,56.07830726965622,6.1681683825223415
646,6,74.5278235,67.07504114977306,7.450826259755866
646,7,72.3723281,65.13509528957458,7.2367288421637035
646,8,89.6482232,80.6834008797851,8.872594030282771
647,10,68.9133171,62.02198538983629,6.821402494771938
647,12,69.8399133,62.85592196993745,6.908374768713549
647,14,83.0382041,74.7343836893193,8.302981731862465
647,17,62.573634600000005,56.31627113961147,6.089743964731037
647,18,62.3687144,56.1318429597164,6.236677643260325
647,21,63.02271820000001,56.720446379621876,6.302055811752291
647,22,86.5372306,77.88350753975439,8.564694453117095
647,23,89.2732103,80.34588926976977,8.797626376417654
647,24,86.2171153,77.59540376978724,8.619447995484489
647,27,58.1830006,52.36470053965965,5.817726150120555
647,29,89.6482232,80.68340087978514,8.87453285398006
647,2,85.2980155,76.76821394975445,8.443893831738805
647,6,90.8825087,81.79425782951215,9.056758292909997
647,7,90.8409001,81.75681008969059,9.083339791191241
647,8,66.5923379,59.93310410957019,6.5907248242847984
648,10,66.3838277,59.745444929869066,6.636640692599778
648,12,59.3823625,53.444126248865345,5.936666079475437
648,14,88.3773165,79.53958484962187,8.837459793249455
648,17,86.2171153,77.59540376966505,5.4749797565535365
648,18,75.8132301,68.23190708968943,7.552081086916406
648,21,85.1712822,76.65415397981093,8.516871368366294
648,22,61.61898540000001,55.45708685965616,6.0985054929233415
648,23,68.7422866,61.868057939571884,6.830517933370308
648,24,70.0135734,63.01221605992265,7.001211028971039
648,27,82.8056203,74.5250582697873,8.280345483325947
648,29,75.2578171,67.73203538973556,7.449985505658488
648,2,62.9347706,56.641293539656765,6.239860168177124
648,6,67.6002441,60.84021968965868,6.740234399923387
648,7,68.7321533,61.858937969926004,6.873072450818271
648,8,91.8662052,82.67958467977076,9.092110393813673
649,10,83.9711727,75.57405542978724,8.394913369215029
649,12,82.5322133,74.27899196931921,8.25105107452916
649,14,61.0303739,54.92733650965968,6.102831939031788
649,17,61.3952437,55.255719329650326,5.975059825684185
649,18,61.1475781,55.0328202897372,6.091172337104751
649,21,68.5701957,61.71317612962187,6.856793194184568
649,22,86.94182029999999,78.24763826975438,8.604737175052573
649,23,72.10994699999999,64.89895229987391,7.209102849022695
649,24,63.60382799999999,57.2434451997164,6.360185603120773
649,27,56.375108399999995,50.7375975595746,5.637299278613728
649,29,93.23801590000001,83.91421430965961,9.321353975420417
649,2,82.9304571,74.63741138978513,8.209522568194954
649,6,87.2689109,78.54201980977233,8.696650917172372
649,7,67.2180437,60.49623932977311,6.7216141858205765
649,8,68.3560708,61.52046371961794,6.765283618740759
650,10,57.700845,51.930760499574504,5.768567781460811
650,12,75.0925418,67.58328761987845,7.509082126530232
650,14,83.383469,75.04512209975692,8.338119770660995
650,17,80.5989422,72.5390479797086,7.84398727467558
650,18,74.3002547,66.8702292298854,7.3551938408279645
650,21,86.8586257,78.17276312973821,8.68558175595988
650,22,61.4864776,55.33782983965615,6.08539103694628
650,23,73.91505310000001,66.52354778984373,7.317061630211252
650,24,87.9226747,79.13040722977075,8.701813394184372
650,27,81.1843983,73.0659584697873,8.118226311491942
650,29,68.3560708,61.52046371962187,6.835379625750504
650,2,58.2755676,52.448010839572966,5.805078984306817
650,6,67.7280244,60.95522195962055,6.7493334514300045
650,7,84.46510459999999,76.01859413951378,8.445793918283274
650,8,91.6841412,82.51572707977076,9.074091256574023
651,10,83.9185755,75.5267179497708,8.306701393705442
651,12,82.0117958,73.81061621951383,8.200850901289765
651,14,60.59541539999999,54.535873859659674,6.059337038532778
651,17,69.2774213,62.34967916985673,6.856454230065198
651,18,89.1472709,80.23254380942913,8.857276577933368
651,21,68.933025,62.039722499810935,6.893121048995004
651,22,85.6029544,77.04265895975439,8.4722281386549
651,23,82.7511379,74.47602410985729,8.22249049443691
651,24,62.281298500000005,56.053168649617945,6.164055285213583
651,27,55.9467011,50.35203098962187,5.594468491215184
651,29,91.6841412,82.51572707977225,9.133049838038328
651,2,79.0721021,71.16489188943267,7.905132539212348
651,6,87.35613049999999,78.62051744977305,8.73331993997855
651,7,74.8731207,67.38580862991044,7.48715274611681
651,8,66.8044821,60.12403388961794,6.611720983661494
652,10,56.2712432,50.64411887962178,5.625645410487806
652,12,58.1760854,52.35847685957461,5.817393363023781
652,14,84.95117570000001,76.45605812977313,8.49489217468291
652,17,60.0045312,54.00407807965615,5.938707167513863
652,18,64.6588504,58.1929653596218,6.464479157494972
652,21,70.25143270000001,63.22628942989687,7.024987903504597
652,22,59.51233259999999,53.561099339656145,5.890007503404055
652,23,90.7946471,81.71518238977225,9.04444405289518
652,24,87.0644501,78.3580050897851,8.61687375103997
652,27,74.4932848,67.04395631977312,7.449123425483989
652,29,66.8044821,60.124033889618026,6.613165866093147
652,2,78.0688816,70.26199343969054,7.8048383090469295
652,6,66.97194359999999,60.27474923969061,6.6969851175671735
652,7,87.3661374,78.6295236597569,8.735896785265707
652,8,89.0066396,80.10597563977076,8.809095617826577
653,10,79.45216,71.50694399978725,7.943129837805982
653,12,80.4164962,72.3748465797873,8.041387159571027
653,14,59.0276396,53.12487563962187,5.902554994474768
653,17,86.89296709999999,78.20367038978723,8.687016257189342
653,18,85.82375060000001,77.24137553978726,8.58012177910045
653,21,56.9502879,51.255259109319375,5.694775486308652
653,22,79.6139818,71.65258361978647,7.930027412470428
653,23,71.425168,64.28265119962177,7.140640486925446
653,24,58.960185200000005,53.064166679572935,5.872786949923056
653,27,54.6385155,49.17466394965968,5.4636603823631305
653,29,89.82980470000001,80.84682422975446,8.89250826512318
653,2,65.4931232,58.94381087986383,6.547593752062633
653,6,80.6241572,72.5617414796596,8.060296351668129
653,7,64.0883129,57.67948160965968,6.408621097027114
653,8,67.0367553,60.33307976991271,6.70191479082283
654,10,53.7248316,48.35234843957461,5.372279285073867
654,12,57.8790333,52.09112996957461,5.7876888413172605
654,14,83.3325379,74.99928410971633,8.331063503659573
654,17,61.1355417,55.0219875295746,6.113333096736316
654,18,64.9682186,58.47139673957461,6.496592122177786
654,21,87.9226747,79.13040722977306,8.789958663782278
654,22,53.339617800000006,48.00565601951193,5.312943978491951
654,23,91.17532560000001,82.05779303977307,9.115139067676926
654,24,77.4426512,69.69838607991403,7.664593010064724
654,27,68.6079433,61.74714896984531,6.860621534214132
654,29,63.8143376,57.43290383971352,6.317162973577928
654,2,61.7987298,55.61885681988612,6.156036279354823
654,6,69.9659061,62.96931548982088,6.996408434622864
654,7,85.3523464,76.8171117597731,8.534535048678675
654,8,68.7639466,61.887551939810876,6.874587956562274
655,10,78.3534806,70.51813253978725,7.833290750610275
655,12,80.0089547,72.00805922971641,8.000616181389741
655,14,69.80038520000001,62.82034667943281,6.979768844474188
655,17,87.0644501,78.35800508978468,8.600558040424628
655,18,86.85463089999999,78.16916780978723,8.683183667264803
655,21,62.281298500000005,56.053168649621846,6.227602747142462
655,22,67.4139395,60.672545549619365,6.696881426398029
655,23,78.3824788,70.54423091995272,7.838101678972429
655,24,56.621361199999996,50.95922507957018,5.603884631223581
655,27,83.9711727,75.5740554297873,8.396898411876748
655,29,76.7893407,69.11040662973555,7.6015955377198
655,2,76.6052392,68.94471527991405,7.583370744745496
655,6,77.7888766,70.00998893986909,7.778707740654599
655,7,61.69719380000001,55.52747441962188,6.169506390295291
655,8,85.0286639,76.52579750977306,8.500632482927516
656,10,53.3357957,48.00221612943281,5.333352842676642
656,12,74.8686542,67.38178877914922,7.486538476093945
656,14,56.255594099999996,50.6300346895746,5.625347931268499
656,17,58.960185200000005,53.06416667957019,5.8353500221431345
656,18,77.4870271,69.738324389908,7.747020994014979
656,21,87.0644501,78.35800508978514,8.618758004818423
656,22,74.0561694,66.6505524595745,7.40367113140755
656,23,62.0947379,55.88526410969062,6.209273752625411
656,24,80.277027,72.24932429978509,7.94482200335718
656,27,57.700845,51.93076049957461,5.7698698200391085
656,29,68.1103459,61.2993113099124,6.784763420685947
656,2,58.6437428,52.7793685195745,5.862833017593587
656,6,90.6036794,81.54331145943267,9.057986967735278
656,7,78.5108338,70.65975041978729,7.850439641242406
656,8,70.1068006,63.09612053977306,7.0088379630259405
657,10,64.4627953,58.016515769149,6.444580846170873
657,12,57.724161699999996,51.9517455295746,5.772201901556286
657,14,69.0313925,62.12825324989989,6.902984179712728
657,17,83.7388703,75.36498326978145,8.14956712625294
657,18,86.5233692,77.871032279149,8.650060398096294
657,21,58.960185200000005,53.064166679570285,5.836636631712111
657,22,54.3274371,48.89469338965968,5.432554086445935
657,23,77.3908499,69.6517649099375,7.661140957362554
657,24,56.37977910000001,50.74180118965618,5.580302568196496
657,27,82.86316219999999,74.57684597978724,8.284140335108331
657,29,88.18657479999999,79.36791731957294,8.78464245724296
657,2,82.2869623,74.05826606977305,8.226536290720642
657,6,70.4052741,63.364746689690556,7.038997165881899
657,7,55.9150299,50.323526909621876,5.5913029044326095
657,8,80.4003488,72.36031391989363,8.037922992540791
658,10,76.72634550000001,69.05371094975443,7.594776774989615
658,12,67.6220293,60.85982636985819,6.7620366818734166
658,14,75.9067877,68.31610892886562,7.590306811019271
658,17,56.4029997,50.76269972957019,5.5822587807631265
658,18,89.4153118,80.47378061942703,8.85147661291854
658,21,83.7388703,75.36498326978514,8.289549575032927
658,22,66.5553533,59.89981796985202,6.65536954267567
658,23,80.5529511,72.49765598985816,8.053181743894218
658,24,72.2378914,65.0141022594328,7.223515685398979
658,27,54.9261532,49.43353787957458,5.492141238573571
658,29,63.936905499999995,57.54321494965959,6.392011077597729
658,2,59.070599599999994,53.16353963962175,5.905191826686781
658,6,83.9039409,75.51354680979912,8.361318598921903
658,7,72.9598552,65.66386967973816,7.294069295075718
658,8,64.0883129,57.6794816096596,6.407146602552481
659,10,50.5236998,45.471329819621786,5.051043277396497
659,12,65.8676754,59.28090785982088,6.586592984320861
659,14,56.6832339,51.014910509621835,5.667759800002703
659,17,81.6662579,73.4996321097851,8.082587975584259
659,18,72.51153550000001,65.26038194994173,7.17812370697812
659,21,56.4029997,50.76269972957028,5.583493625716008
659,22,83.4548538,75.10936841973813,8.343294354073798
659,23,94.05611569999999,84.65050412931245,9.310883159460401
659,24,67.15093060000001,60.43583753989687,6.714941324283715
659,27,80.9039521,72.81355688975684,8.08827070209909
659,29,85.5252326,76.97270933975685,8.550278703116089
659,2,80.1456058,72.13104521951196,7.983645400675329
659,6,79.97587109999999,71.97828398982082,7.995489057997879
659,7,58.5321088,52.67889791982084,5.851673829646208
659,8,85.8632427,77.27691842975685,8.584068380397063
660,10,68.6659001,61.79931008975442,6.796911643385533
660,12,57.0353707,51.331833629659684,5.703341058190893
660,14,86.6356038,77.97204341975439,8.574428389025352
660,17,56.621361199999996,50.95922507957018,5.603870437018327
660,18,89.24903400000001,80.32413059973557,8.835016433824714
660,21,76.42887400000001,68.78598659990953,7.565912059519609
660,22,59.7063691,53.73573218965835,5.947108771411583
660,23,78.35422319999999,70.51880087996454,7.756508280465962
660,24,52.204893399999996,46.98440405951383,5.220277850927144
660,27,56.8377883,51.154009469659655,5.683298283532822
660,29,69.6447907,62.68031162975685,6.962650890544767
660,2,85.19971629999999,76.67974466957449,8.517733941129128
660,6,67.705599,60.935039099715425,6.7470987457307565
660,7,74.6542977,67.18886792931922,7.463465713484712
660,8,63.347454199999994,57.01270877965959,6.333080029114065
661,10,57.6314742,51.86832677989687,5.763011806517266
661,12,70.9543938,63.85895441969062,7.095220760416515
661,14,61.9728501,55.775565089659686,6.197077344610012
661,17,81.7618712,73.58568407975392,8.076721875946879
661,18,69.3393186,62.40538673965622,6.864096850921579
661,21,58.630335499999994,52.76730194971633,5.861494098247629
661,22,78.75024309999999,70.87521878957293,7.843991915963195
661,23,80.15479049999999,72.13931144988412,6.726757007006915
661,24,79.1064734,71.19582605977305,7.908570957864196
661,27,76.934843,69.24135869951371,7.691462715349737
661,29,86.2913887,77.66224982931921,8.626870687695996
661,2,67.1975597,60.47780372975691,6.719562535777921
661,6,78.3814751,70.54332758973582,7.767183919359547
661,7,57.532209300000005,51.77898836973822,5.753042113209774
661,8,78.5108338,70.6597504197851,7.7703111921468
662,10,76.7913839,69.1122455097998,7.678937554401855
662,12,53.3019345,47.97174104957461,5.329989628914885
662,14,85.96155680000001,77.36540111975692,8.595923637367116
662,17,58.630335499999994,52.76730194971565,5.847578175996086
662,18,80.6009928,72.54089351989256,7.978922108996726
662,21,66.2861385,59.657524649878425,6.626874410730379
662,22,85.5357382,76.98216437943266,8.55132578571725
662,23,91.3726755,82.23540794957029,9.04524205905302
662,24,58.177581499999995,52.35982334969056,5.8164930272425055
662,27,72.01747189999999,64.8157247098907,7.00808492052791
662,29,76.9270791,69.23437118971633,7.690687980742925
662,2,81.0095891,72.90863018962177,8.098831310416724
662,6,64.1295518,57.71659661981974,6.372174115413833
662,7,69.15206350000001,62.236857149787255,6.913390462516127
662,8,61.871565100000005,55.684408589902695,6.182604686369783
663,10,59.2421978,53.31797801969062,5.924025774197474
663,12,71.6678532,64.5010678797559,7.136940825466096
663,14,72.55732350000001,65.30159114994765,7.2555910271227795
663,17,75.498983,67.94908469971632,7.547906193765514
663,18,79.0987611,71.18888498969055,7.908157415344716
663,21,71.0735618,63.96620561989621,7.0621589387567
663,22,60.0675316,54.0607784397164,6.006563173897848
663,23,81.9411125,73.74700124969054,8.191961726909238
663,24,77.24501889999999,69.52051700975595,7.694061362279141
663,27,59.306351400000004,53.37571625993864,5.771154377751885
663,29,63.337342799999995,57.003608519149,6.3320645098456065
663,2,61.547491,55.392741899905445,6.15313379782796
663,6,59.1878567,53.26907102981093,5.918621214221765
663,7,50.3279764,45.2951787595138,5.032352134671954
663,8,64.934213,58.44079169991895,6.4917157061883355
664,10,77.2497768,69.5247991197164,7.72475298038279
664,12,55.06818690000001,49.56136820971453,5.470457586103285
664,14,77.9868612,70.18817507961936,7.7471946379237995
664,17,56.8013828,51.12124451973821,5.679957478703331
664,18,70.7717416,63.69456743965959,7.0753153796714665
664,21,67.0946144,60.38515295992685,6.641887000685367
664,22,81.6134538,73.45210841971641,8.16106256429577
664,23,84.6843157,76.21588412977165,8.414121282939691
664,24,64.8467963,58.36211666985816,6.482977342690092
664,27,78.0284467,70.22560202978143,7.593018296132088
664,29,85.0851706,76.57665353977225,8.475696803217149
664,2,65.2195431,58.697588789960015,6.456268424744783
664,6,66.8026896,60.122420639716395,6.680065385649485
664,7,67.7437199,60.96934790943281,6.774108605862061
664,8,60.1703888,54.15334991982088,6.016875007028011
665,10,51.1283881,46.01554928957461,5.112640292098901
665,12,70.0739466,63.06655193943045,6.978213795791667
665,14,61.3025933,55.172333969797734,6.067191084091619
665,17,73.0106921,65.70962288973821,7.300855108540916
665,18,70.514211,63.4627898997873,7.051228608258133
665,21,52.252431200000004,47.027188079715316,5.205088654787149
665,22,65.3040206,58.773618539908014,6.530257605842181
665,23,79.506167,71.5555502995089,7.870541179651029
665,24,50.276927699999995,45.24923492965968,5.027512116948339
665,27,65.5782494,59.02042445995143,6.3814783933780195
665,29,69.982359,62.98412309988265,6.99807454634098
665,2,50.284980700000006,45.25648262969055,5.027176872513106
665,6,56.36736020000001,50.73062417969062,5.636548307840181
665,7,58.2658792,52.43929127992437,5.82646160534921
665,8,52.1368416,46.92315743973821,5.2135160187755085
666,10,72.6264681,65.3638212897998,7.262453650230312
666,12,54.875963500000005,49.38836714982089,5.4874455336286365
666,14,61.462837199999996,55.31655347988198,6.1119672009447905
666,17,52.662193,47.39597369957461,5.266016725851873
666,18,61.9443544,55.74991895987846,6.194286314562331
666,21,64.735115,58.26160349973814,6.47181152586663
666,22,69.67720539999999,62.70948485979976,6.965890121637422
666,23,70.4985954,63.448735859511956,7.022667264698522
666,24,59.338514499999995,53.40466304993054,5.933725784061764
666,27,53.1499324,47.8349391599407,5.260196828586671
666,29,57.295555,51.565999499430625,5.707455611824992
666,2,59.2258676,53.303280839858196,5.922436209310469
666,6,68.6058493,61.745264369904504,6.791488371266582
666,7,68.8106935,61.9296241497873,6.880879992592836
666,8,66.9165625,60.2249062495746,6.691421031327921
667,10,59.688562,53.719705799910436,5.96872214415246
667,12,65.2621615,58.73594534969062,6.5260163317484485
667,14,57.206040800000004,51.48543671984428,5.682833554957005
667,17,72.9760498,65.67844481991044,7.297448007724047
667,18,65.8036329,59.22326960994418,6.578636310698902
667,21,50.721390899999996,45.649251809716404,5.071969117883616
667,22,63.790691,57.41162189982089,6.378898674848592
667,23,79.9956761,71.99610848990798,7.997468693317309
667,24,69.50226,62.55203399978725,6.94840005459049
667,27,59.9091814,53.918263259898865,5.929152984661327
667,29,65.7414941,59.16734468990708,6.507937836126188
667,2,72.3847783,65.14630046971632,7.236576913464924
667,6,61.897733200000005,55.707959879688644,6.150412886862438
667,7,54.466294299999994,49.01966486931937,5.44638184245373
667,8,54.8346607,49.35119462973822,5.483291830908737
668,10,59.3639374,53.4275436595746,5.936175760021426
668,12,53.5591933,48.20327396971602,5.348728529850207
668,14,55.871026199999996,50.28392357975685,5.585635413968014
668,17,62.030321799999996,55.82728961992909,6.202900825167167
668,18,68.9857768,62.08719911981906,6.829098297655713
668,21,60.566811200000004,54.51013007985203,6.056526104924116
668,22,58.8147564,52.9332807597873,5.881305555957963
668,23,68.2625806,61.436322539857294,6.782847639603791
668,24,65.6604478,59.09440301982088,6.565871501675618
668,27,61.2943303,55.1648972693192,6.127819475537906
668,29,62.215216,55.993694399921864,6.15886151192777
668,2,53.789192500000006,48.41027324965959,5.377216972323583
668,6,80.1987282,72.17885537973557,7.939100483589466
668,7,73.1222368,65.81001311975692,7.312017500139516
668,8,69.0104922,62.109442979820884,6.9008689264689735
669,10,47.0499717,42.344974529149006,4.7037539143045
669,12,63.82710350000001,57.444393149928366,6.317045902164574
669,14,69.2036728,62.283305519820836,6.918179639435914
669,17,61.7872603,55.60853426995906,6.115145556304248
669,18,78.07580899999999,70.26822809951068,7.75726541346371
669,21,67.2385441,60.51468968995224,6.656135069245395
669,22,77.1157624,69.40418615943281,7.711291290606522
669,23,66.2420757,59.617868129912715,6.622469481012461
669,24,60.7674119,54.69067070931937,6.076477654598241
669,27,46.0941644,41.48474795951383,4.609220347919098
669,29,56.818768399999996,51.1368915599101,5.6599613139949865
669,2,62.462434,56.216190599863836,6.244603382336008
669,6,63.526369,57.17373209971352,6.2886560587178035
669,7,52.4468648,47.20217831962187,5.244493384075171
669,8,65.36306880000001,58.82676191985821,6.536144730613245
670,10,51.410204900000004,46.2691844098891,5.088852604741355
670,12,63.334122199999996,57.000709979909416,6.262270713342181
670,14,70.180693,63.162623699716406,7.017858373671756
670,17,79.8653568,71.87882111975439,7.904352499311998
670,18,65.294561,58.765104899716334,6.527740844541525
670,21,79.66174240000001,71.695568159756,7.935447759112939
670,22,64.562392,58.10615279982018,6.430797637972523
670,23,71.2207009,64.09863080990509,7.094599476229161
670,24,69.29780530000001,62.368024769937385,6.84837148807006
670,27,60.0056864,54.00511775986911,6.000419773795529
670,29,68.8006296,61.92056663990766,6.853525992187297
670,2,66.9762748,60.27864731978647,6.671792526170838
670,6,81.2216213,73.09945916969053,8.120029415459562
670,7,62.321963700000005,56.089767329863875,6.23204141039
670,8,59.2471452,53.3224306796596,5.923155918806317
671,10,60.33733289999999,54.303599609909654,5.981941200848305
671,12,51.319865899999996,46.187879309430365,5.109898680285605
671,14,67.8359505,61.05235544979981,6.78341119976381
671,17,66.4241889,59.7817700097851,6.574066944278256
671,18,71.3119564,64.18076075983791,7.129322213407517
671,21,58.2698811,52.44289298965959,5.8254587253231405
671,22,67.6544464,60.88900175981088,6.763669640155312
671,23,60.1694379,54.15249410957028,5.956343445265894
671,24,76.36080240000001,68.7247221593163,7.601701382073139
671,27,62.9016826,56.61151433986911,6.290014015534589
671,29,62.7248697,56.45238272985729,6.232599049545341
671,2,65.8069836,59.22628523982979,6.57897181533098
671,6,63.69145699999999,57.322311299621866,6.368928341470469
671,7,66.08368999999999,59.475320999513826,6.6081239537406935
671,8,73.7320198,66.3588178194328,7.37288268048789
672,10,61.088208,54.9793871999529,6.046832289066794
672,12,64.61919350000001,58.15727414982085,6.46022347928143
672,14,73.4255223,66.08297006991239,7.31377912690363
672,17,70.7731979,63.695878109896846,7.075462495596653
672,18,75.3697057,67.83273512977225,7.507898895985221
672,21,73.8420913,66.45788216977209,7.3505146654218745
672,22,75.4960336,67.94643023991183,7.471933761009747
672,23,69.6196602,62.657694179945764,6.935113021515185
672,24,72.5827357,65.32446212965961,7.2563682706100145
672,27,68.50948220000001,61.65853397973822,6.8507463972560165
672,29,61.8804542,55.692408779867776,6.1257224777087265
672,2,63.6936403,57.32427626987267,6.305214880695826
672,6,73.13643979999999,65.82279581981088,7.311723532927396
672,7,70.0016419,63.001477709574495,6.998324194377134
672,8,62.32626449999999,56.09363804987845,6.232476345953683
