Time,Scenario,Unserved_demand
1,10,3.218048050257494e-11
1,12,1.3578471680375515e-10
1,14,1.2072831623299862e-10
1,17,3.292655037512304e-11
1,18,7.241851562866941e-11
1,21,5.1741722018050496e-11
1,22,3.6209257814334705e-11
1,23,1.0973622011078987e-10
1,24,9.875833484329632e-11
1,27,5.2104098813288147e-11
1,29,3.6216363241692306e-11
1,2,6.789235840187757e-11
1,6,4.937561470796936e-11
1,7,7.759126674500294e-11
1,8,1.8105339449903113e-10
2,10,4.7265302782761864e-11
2,12,2.1726265231336583e-10
2,14,4.526867769527598e-11
2,17,8.44124770082999e-11
2,18,1.3677947663381929e-10
2,21,8.358114200746058e-11
2,22,6.789946382923517e-11
2,23,2.1946533479422214e-10
2,24,1.3585577107733116e-11
2,27,9.15179043659009e-11
2,29,4.3449688291730126e-11
2,2,1.5518963891736348e-10
2,6,9.875833484329632e-11
2,7,9.875833484329632e-11
2,8,5.717737394661526e-11
3,10,8.358824743481819e-11
3,12,5.431388672150206e-11
3,14,9.055156624526717e-11
3,17,9.877965112536913e-11
3,18,6.863842827442568e-11
3,21,1.0865619515243452e-10
3,22,1.0862777344300412e-10
3,23,5.775291356258094e-11
3,24,3.037570195374428e-11
3,27,8.446932042716071e-11
3,29,7.759126674500294e-11
3,2,9.875833484329632e-11
3,6,1.567457275086781e-11
3,7,1.2069989452356822e-10
3,8,1.0862777344300412e-10
4,10,9.875833484329632e-11
4,12,8.355982572538778e-11
4,14,9.052314453583676e-11
4,17,8.358824743481819e-11
4,18,1.0982148523908108e-10
4,21,7.759126674500294e-11
4,22,7.759126674500294e-11
4,23,2.1731239030486904e-10
4,24,7.760547759971814e-11
4,27,9.946887757905643e-11
4,29,6.789946382923517e-11
4,2,3.1036506698001176e-11
4,6,7.838707460905425e-11
4,7,4.526157226791838e-11
4,8,8.355982572538778e-11
5,10,7.759126674500294e-11
5,12,1.2069989452356822e-10
5,14,6.389910822690581e-11
5,17,4.3449688291730126e-11
5,18,8.358114200746058e-11
5,21,1.2073542166035622e-10
5,22,4.3449688291730126e-11
5,23,3.504396772768814e-11
5,24,1.0863487887036172e-10
5,27,3.05107050735387e-11
5,29,1.0862777344300412e-10
5,2,9.052314453583676e-11
5,6,1.091962076316122e-10
5,7,9.876544027065393e-11
5,8,1.5519674434472108e-10
6,10,1.3579182223111275e-10
6,12,7.241851562866941e-11
6,14,2.1726265231336583e-10
6,17,2.859223968698643e-11
6,18,2.468425464030588e-11
6,21,9.054446081790957e-11
6,22,1.0982148523908108e-10
6,23,9.054446081790957e-11
6,24,6.791367468395038e-11
6,27,1.0908252079389058e-10
6,29,1.3578471680375515e-10
6,2,9.052314453583676e-11
6,6,7.243272648338461e-11
6,7,6.390621365426341e-11
6,8,7.294431725313189e-11
7,10,6.791367468395038e-11
7,12,1.2069989452356822e-10
7,14,7.243272648338461e-11
7,17,5.1727511163335294e-11
7,18,9.15179043659009e-11
7,21,4.023092969873687e-11
7,22,7.844391802791506e-11
7,23,9.14468500923249e-11
7,24,1.3582024394054315e-10
7,27,7.30864258002839e-11
7,29,6.789946382923517e-11
7,2,2.1726265231336583e-10
7,6,1.2073542166035622e-10
7,7,9.876544027065393e-11
7,8,1.2069989452356822e-10
8,10,1.3582024394054315e-10
8,12,7.241851562866941e-11
8,14,1.2069989452356822e-10
8,17,9.876544027065393e-11
8,18,1.942623839568114e-11
8,21,5.1727511163335294e-11
8,22,1.0908252079389058e-10
8,23,1.2173728691777796e-10
8,24,7.243272648338461e-11
8,27,1.22021504012082e-10
8,29,9.875833484329632e-11
8,2,7.241851562866941e-11
8,6,1.567599383633933e-10
8,7,3.6209257814334705e-11
8,8,7.759126674500294e-11
9,10,7.321432349272072e-11
9,12,1.2069989452356822e-10
9,14,7.759126674500294e-11
9,17,8.356693115274538e-11
9,18,2.815170319081517e-11
9,21,2.715694336075103e-10
9,22,9.090683761314722e-11
9,23,7.315748007385992e-11
9,24,1.2070699995092582e-10
9,27,7.321432349272072e-11
9,29,1.2073542166035622e-10
9,2,1.2069989452356822e-10
9,6,4.389733021525899e-11
9,7,7.760547759971814e-11
9,8,1.0862777344300412e-10
10,10,1.2078515965185943e-10
10,12,6.789946382923517e-11
10,14,1.0864198429771932e-10
10,17,9.053735539055197e-11
10,18,9.15179043659009e-11
10,21,9.877965112536913e-11
10,22,1.0865619515243452e-10
10,23,1.9255708139098715e-11
10,24,6.791367468395038e-11
10,27,1.22021504012082e-10
10,29,2.715694336075103e-10
10,2,1.2069989452356822e-10
10,6,6.848210887255846e-11
10,7,9.053024996319436e-11
10,8,3.394973191461759e-11
11,10,7.764811016386375e-11
11,12,1.0862777344300412e-10
11,14,7.760547759971814e-11
11,17,1.2069989452356822e-10
11,18,4.575895218295045e-11
11,21,1.2070699995092582e-10
11,22,7.271694357768865e-11
11,23,7.838707460905425e-11
11,24,1.3579892765847035e-10
11,27,7.844391802791506e-11
11,29,4.722977564597386e-11
11,2,5.432809757621726e-11
11,6,2.887645678129047e-11
11,7,3.879563337250147e-11
11,8,1.8104628907167353e-10
12,10,1.0865619515243452e-10
12,12,1.3578471680375515e-10
12,14,7.759837217236054e-11
12,17,7.759126674500294e-11
12,18,9.947598300641403e-11
12,21,6.789946382923517e-11
12,22,1.212043798659579e-10
12,23,1.8914647625933867e-11
12,24,7.760547759971814e-11
12,27,1.0982148523908108e-10
12,29,6.789235840187757e-11
12,2,7.764811016386375e-11
12,6,3.227285105822375e-11
12,7,6.035349997546291e-11
12,8,8.358114200746058e-11
13,10,7.761968845443334e-11
13,12,2.1726975774072343e-10
13,14,9.875122941593872e-11
13,17,1.0865619515243452e-10
13,18,2.935962584160734e-11
13,21,1.3578471680375515e-10
13,22,6.863842827442568e-11
13,23,3.325340003357269e-11
13,24,4.221334393150755e-11
13,27,7.321432349272072e-11
13,29,4.023092969873687e-11
13,2,7.243983191074221e-11
13,6,3.227285105822375e-11
13,7,7.760547759971814e-11
13,8,1.715960706860642e-11
14,10,8.358114200746058e-11
14,12,1.5519674434472108e-10
14,14,1.2069989452356822e-10
14,17,5.4868110055394936e-11
14,18,9.117684385273606e-11
14,21,7.241851562866941e-11
14,22,1.3726975112149375e-10
14,23,5.718447937397286e-11
14,24,9.877965112536913e-11
14,27,1.22021504012082e-10
14,29,2.1725554688600823e-10
14,2,1.0865619515243452e-10
14,6,4.7705839278933126e-11
14,7,2.1726265231336583e-10
14,8,2.1731239030486904e-10
15,10,9.882228368951473e-11
15,12,5.717026851925766e-11
15,14,6.789946382923517e-11
15,17,2.1727686316808104e-10
15,18,1.2157386208855314e-10
15,21,1.2070699995092582e-10
15,22,1.042224084812915e-10
15,23,1.0871303857129533e-10
15,24,9.876544027065393e-11
15,27,1.220143985847244e-10
15,29,5.717737394661526e-11
15,2,1.2069989452356822e-10
15,6,6.036771083017811e-11
15,7,1.723776676954003e-11
15,8,6.791367468395038e-11
16,10,9.058709338205517e-11
16,12,8.355982572538778e-11
16,14,6.789235840187757e-11
16,17,2.311395519427606e-11
16,18,7.844391802791506e-11
16,21,7.315748007385992e-11
16,22,1.212043798659579e-10
16,23,1.0865619515243452e-10
16,24,1.0862777344300412e-10
16,27,1.2073542166035622e-10
16,29,2.1725554688600823e-10
16,2,6.791367468395038e-11
16,6,9.14468500923249e-11
16,7,5.717026851925766e-11
16,8,1.3582024394054315e-10
17,10,8.358824743481819e-11
17,12,1.0862777344300412e-10
17,14,1.8104628907167353e-10
17,17,6.789946382923517e-11
17,18,1.0982148523908108e-10
17,21,1.2072831623299862e-10
17,22,7.760547759971814e-11
17,23,7.243272648338461e-11
17,24,6.789946382923517e-11
17,27,9.052314453583676e-11
17,29,1.2070699995092582e-10
17,2,1.3578471680375515e-10
17,6,2.6759039428725373e-11
17,7,3.0169644560373854e-11
17,8,6.816947006882401e-11
18,10,9.877965112536913e-11
18,12,1.3578471680375515e-10
18,14,1.0862777344300412e-10
18,17,1.3579182223111275e-10
18,18,7.908340649009915e-11
18,21,7.760547759971814e-11
18,22,4.177991286269389e-11
18,23,1.2072831623299862e-10
18,24,1.3578471680375515e-10
18,27,5.431388672150206e-11
18,29,2.7853275241795927e-11
18,2,7.241851562866941e-11
18,6,3.304734264020226e-11
18,7,1.2069989452356822e-10
18,8,1.3635315099236323e-10
19,10,9.053735539055197e-11
19,12,7.241851562866941e-11
19,14,4.526157226791838e-11
19,17,6.789946382923517e-11
19,18,1.0982148523908108e-10
19,21,6.391331908162101e-11
19,22,3.394973191461759e-11
19,23,7.761968845443334e-11
19,24,6.789946382923517e-11
19,27,1.8104628907167353e-10
19,29,1.2069989452356822e-10
19,2,1.2070699995092582e-10
19,6,1.567599383633933e-10
19,7,4.937561470796936e-11
19,8,7.271694357768865e-11
20,10,1.0862777344300412e-10
20,12,1.2069989452356822e-10
20,14,7.241851562866941e-11
20,17,1.3588419278676156e-10
20,18,7.844391802791506e-11
20,21,5.717737394661526e-11
20,22,7.815970093361102e-11
20,23,8.358114200746058e-11
20,24,1.3578471680375515e-10
20,27,6.396305707312422e-11
20,29,7.241851562866941e-11
20,2,1.2073542166035622e-10
20,6,6.858158485556487e-11
20,7,7.243272648338461e-11
20,8,1.2072831623299862e-10
21,10,7.243272648338461e-11
21,12,7.759126674500294e-11
21,14,1.2069989452356822e-10
21,17,6.87663259668625e-11
21,18,4.558842192636803e-11
21,21,4.938272013532696e-11
21,22,8.407141649513505e-11
21,23,3.0183855415089056e-11
21,24,7.241851562866941e-11
21,27,8.358824743481819e-11
21,29,4.3449688291730126e-11
21,2,1.2073542166035622e-10
21,6,1.3717027513848734e-10
21,7,1.219291334564332e-10
21,8,7.760547759971814e-11
22,10,1.2072831623299862e-10
22,12,1.0862777344300412e-10
22,14,7.241851562866941e-11
22,17,1.3717027513848734e-10
22,18,3.218048050257494e-11
22,21,7.315748007385992e-11
22,22,2.1883295175939566e-10
22,23,7.761258302707574e-11
22,24,1.2069989452356822e-10
22,27,1.0862777344300412e-10
22,29,9.875833484329632e-11
22,2,4.023092969873687e-11
22,6,6.858158485556487e-11
22,7,1.0973622011078987e-10
22,8,9.052314453583676e-11
23,10,2.716404878810863e-10
23,12,6.789946382923517e-11
23,14,1.2069989452356822e-10
23,17,7.858602657506708e-11
23,18,8.454037470073672e-11
23,21,1.2116885272916988e-10
23,22,6.831157861597603e-11
23,23,2.5266899683629163e-11
23,24,7.759126674500294e-11
23,27,7.243272648338461e-11
23,29,4.526157226791838e-11
23,2,9.052314453583676e-11
23,6,1.3578471680375515e-10
23,7,2.716404878810863e-10
23,8,9.052314453583676e-11
24,10,5.432809757621726e-11
24,12,1.3588419278676156e-10
24,14,7.759126674500294e-11
24,17,1.0932410532404901e-10
24,18,1.3736922710450017e-10
24,21,6.815525921410881e-11
24,22,7.321432349272072e-11
24,23,7.759126674500294e-11
24,24,1.0862777344300412e-10
24,27,1.2072831623299862e-10
24,29,9.406164735992206e-11
24,2,7.241851562866941e-11
24,6,7.243272648338461e-11
24,7,4.938272013532696e-11
24,8,8.355982572538778e-11
25,10,7.243272648338461e-11
25,12,7.30437932361383e-11
25,14,1.0862777344300412e-10
25,17,7.297273896256229e-11
25,18,8.454037470073672e-11
25,21,1.3631051842821762e-10
25,22,9.983835980165168e-11
25,23,1.0862777344300412e-10
25,24,7.759126674500294e-11
25,27,7.294431725313189e-11
25,29,1.2072831623299862e-10
25,2,7.759126674500294e-11
25,6,9.877254569801153e-11
25,7,1.5518253349000588e-10
25,8,5.1727511163335294e-11
26,10,1.2069989452356822e-10
26,12,9.946887757905643e-11
26,14,7.759126674500294e-11
26,17,3.105782298007398e-11
26,18,1.4090062450122787e-10
26,21,7.315748007385992e-11
26,22,7.881340025051031e-11
26,23,7.241851562866941e-11
26,24,1.3579892765847035e-10
26,27,1.2072831623299862e-10
26,29,6.789946382923517e-11
26,2,8.356693115274538e-11
26,6,9.055156624526717e-11
26,7,1.0862777344300412e-10
26,8,7.294431725313189e-11
27,10,7.760547759971814e-11
27,12,9.130474154517287e-11
27,14,1.0862777344300412e-10
27,17,9.055156624526717e-11
27,18,8.212452939915238e-11
27,21,1.219291334564332e-10
27,22,2.0307311388023663e-11
27,23,1.2069989452356822e-10
27,24,1.0865619515243452e-10
27,27,6.791367468395038e-11
27,29,9.052314453583676e-11
27,2,9.876544027065393e-11
27,6,3.0183855415089056e-11
27,7,4.723688107333146e-11
27,8,1.2143885896875872e-10
28,10,1.0864908972507692e-10
28,12,8.358114200746058e-11
28,14,6.789946382923517e-11
28,17,1.0864908972507692e-10
28,18,1.1497292007334181e-10
28,21,6.858158485556487e-11
28,22,1.0830092378455447e-10
28,23,7.759126674500294e-11
28,24,1.5519674434472108e-10
28,27,1.3582024394054315e-10
28,29,7.241851562866941e-11
28,2,7.760547759971814e-11
28,6,2.1864821064809803e-10
28,7,6.789946382923517e-11
28,8,6.88231693857233e-11
29,10,6.791367468395038e-11
29,12,2.1731239030486904e-10
29,14,1.2069989452356822e-10
29,17,6.791367468395038e-11
29,18,3.2514435588382185e-11
29,21,1.3665157894138247e-10
29,22,1.3582024394054315e-10
29,23,3.745981302927248e-11
29,24,3.291944494776544e-11
29,27,6.816947006882401e-11
29,29,2.1726265231336583e-10
29,2,3.879563337250147e-11
29,6,8.358824743481819e-11
29,7,4.177991286269389e-11
29,8,1.3726975112149375e-10
30,10,9.877965112536913e-11
30,12,6.791367468395038e-11
30,14,4.345679371908773e-11
30,17,1.3581313851318555e-10
30,18,7.664624490644201e-11
30,21,7.297273896256229e-11
30,22,6.791367468395038e-11
30,23,7.241851562866941e-11
30,24,7.241851562866941e-11
30,27,3.2081004519568523e-11
30,29,6.789946382923517e-11
30,2,1.3588419278676156e-10
30,6,1.5578649481540197e-10
30,7,4.177991286269389e-11
30,8,6.863842827442568e-11
31,10,8.417089247814147e-11
31,12,7.243272648338461e-11
31,14,9.052314453583676e-11
31,17,7.243272648338461e-11
31,18,1.3784529073745944e-11
31,21,4.543920795185841e-11
31,22,1.2072831623299862e-10
31,23,1.8104628907167353e-10
31,24,1.2070699995092582e-10
31,27,9.15179043659009e-11
31,29,1.3578471680375515e-10
31,2,1.3588419278676156e-10
31,6,9.976020010071807e-11
31,7,2.859223968698643e-11
31,8,1.3726975112149375e-10
32,10,3.397104819669039e-11
32,12,1.2072831623299862e-10
32,14,1.0862777344300412e-10
32,17,1.2072831623299862e-10
32,18,1.7493562154413667e-11
32,21,3.325340003357269e-11
32,22,7.243272648338461e-11
32,23,1.3579892765847035e-10
32,24,7.760547759971814e-11
32,27,1.0908252079389058e-10
32,29,8.355982572538778e-11
32,2,1.822115791583201e-10
32,6,9.130474154517287e-11
32,7,8.355982572538778e-11
32,8,6.863842827442568e-11
33,10,3.2940761229838245e-11
33,12,7.244693733809981e-11
33,14,7.759126674500294e-11
33,17,7.243272648338461e-11
33,18,2.7355895326763857e-11
33,21,7.315748007385992e-11
33,22,7.760547759971814e-11
33,23,2.1728396859543864e-10
33,24,1.0865619515243452e-10
33,27,7.791811640345259e-11
33,29,8.355982572538778e-11
33,2,1.8108892163581913e-10
33,6,9.14468500923249e-11
33,7,9.877965112536913e-11
33,8,1.3677237120646168e-10
34,10,1.5522516605415149e-10
34,12,8.358824743481819e-11
34,14,1.0862777344300412e-10
34,17,1.2069989452356822e-10
34,18,7.321432349272072e-11
34,21,1.2173728691777796e-10
34,22,1.2073542166035622e-10
34,23,3.291233952040784e-11
34,24,7.760547759971814e-11
34,27,1.0862777344300412e-10
34,29,9.052314453583676e-11
34,2,4.0245140553452075e-11
34,6,1.0973622011078987e-10
34,7,1.0864908972507692e-10
34,8,7.452172212651931e-11
35,10,1.3582024394054315e-10
35,12,1.0865619515243452e-10
35,14,1.3578471680375515e-10
35,17,7.243272648338461e-11
35,18,1.22021504012082e-10
35,21,9.14468500923249e-11
35,22,1.0862777344300412e-10
35,23,2.1725554688600823e-10
35,24,1.0863487887036172e-10
35,27,7.243272648338461e-11
35,29,9.052314453583676e-11
35,2,9.054446081790957e-11
35,6,1.828937001846498e-10
35,7,6.832578947069123e-11
35,8,1.9610979506978765e-11
36,10,7.243272648338461e-11
36,12,1.3588419278676156e-10
36,14,2.4144242161128204e-11
36,17,1.2069989452356822e-10
36,18,1.8179946437157923e-10
36,21,3.6349945276015205e-10
36,22,6.791367468395038e-11
36,23,2.1726265231336583e-10
36,24,1.3582734936790075e-10
36,27,1.2069989452356822e-10
36,29,9.053735539055197e-11
36,2,8.44124770082999e-11
36,6,1.3582734936790075e-10
36,7,1.2070699995092582e-10
36,8,7.985079264472006e-11
37,10,1.2078515965185943e-10
37,12,2.1731239030486904e-10
37,14,1.0862777344300412e-10
37,17,7.760547759971814e-11
37,18,1.3582734936790075e-10
37,21,1.2069989452356822e-10
37,22,1.2072831623299862e-10
37,23,1.5617729332007002e-10
37,24,1.8108892163581913e-10
37,27,7.452172212651931e-11
37,29,1.0862777344300412e-10
37,2,1.3631051842821762e-10
37,6,8.358114200746058e-11
37,7,1.780620095814811e-11
37,8,1.0982148523908108e-10
38,10,1.3727685654885136e-10
38,12,8.358824743481819e-11
38,14,1.2069989452356822e-10
38,17,4.3449688291730126e-11
38,18,1.0865619515243452e-10
38,21,1.0865619515243452e-10
38,22,4.179412371740909e-11
38,23,2.715694336075103e-10
38,24,1.0865619515243452e-10
38,27,1.2364864687697263e-10
38,29,2.7853275241795927e-11
38,2,7.270273272297345e-11
38,6,6.819789177825442e-11
38,7,1.0862777344300412e-10
38,8,7.452172212651931e-11
39,10,1.552962203277275e-10
39,12,1.3582024394054315e-10
39,14,5.431388672150206e-11
39,17,9.052314453583676e-11
39,18,8.391509709326783e-11
39,21,7.760547759971814e-11
39,22,5.1741722018050496e-11
39,23,4.345679371908773e-11
39,24,7.760547759971814e-11
39,27,7.452172212651931e-11
39,29,3.0169644560373854e-11
39,2,1.2116885272916988e-10
39,6,5.192646312934812e-11
39,7,1.5091927707544528e-11
39,8,1.2420997563822311e-10
40,10,1.2072831623299862e-10
40,12,1.0865619515243452e-10
40,14,1.0862777344300412e-10
40,17,9.052314453583676e-11
40,18,9.983125437429408e-11
40,21,7.315748007385992e-11
40,22,7.80602249506046e-11
40,23,7.241851562866941e-11
40,24,4.526157226791838e-11
40,27,1.22021504012082e-10
40,29,9.052314453583676e-11
40,2,7.315748007385992e-11
40,6,7.274536528711906e-11
40,7,4.526157226791838e-11
40,8,6.986056177993305e-11
41,10,7.243272648338461e-11
41,12,3.622346866904991e-11
41,14,2.5863755581667647e-11
41,17,1.2069989452356822e-10
41,18,5.779554612672655e-11
41,21,1.219291334564332e-10
41,22,1.1034728686354356e-10
41,23,1.0862777344300412e-10
41,24,8.356693115274538e-11
41,27,7.335643203987274e-11
41,29,1.2069989452356822e-10
41,2,1.219291334564332e-10
41,6,1.3582734936790075e-10
41,7,2.786748609651113e-11
41,8,1.3911005680711241e-10
42,10,1.9063861600443488e-11
42,12,2.716404878810863e-10
42,14,7.241851562866941e-11
42,17,7.243272648338461e-11
42,18,1.5519674434472108e-10
42,21,1.2927614534419263e-10
42,22,6.896527793287532e-11
42,23,1.3578471680375515e-10
42,24,3.745981302927248e-11
42,27,9.983835980165168e-11
42,29,1.3578471680375515e-10
42,2,7.315748007385992e-11
42,6,5.717737394661526e-11
42,7,3.292655037512304e-11
42,8,6.986056177993305e-11
43,10,7.247535904753022e-11
43,12,3.907985046680551e-11
43,14,1.2069989452356822e-10
43,17,1.2069989452356822e-10
43,18,6.390621365426341e-11
43,21,2.965805379062658e-11
43,22,1.375966007799434e-10
43,23,3.394973191461759e-11
43,24,1.5519674434472108e-10
43,27,8.598988188168732e-11
43,29,2.935962584160734e-11
43,2,1.2072831623299862e-10
43,6,1.2070699995092582e-10
43,7,2.786748609651113e-11
43,8,1.397353344145813e-10
44,10,1.2072831623299862e-10
44,12,1.5083401194715407e-10
44,14,7.759126674500294e-11
44,17,7.243272648338461e-11
44,18,1.5519674434472108e-10
44,21,9.14468500923249e-11
44,22,7.356959486060077e-11
44,23,9.875122941593872e-11
44,24,1.2069989452356822e-10
44,27,9.983835980165168e-11
44,29,4.023092969873687e-11
44,2,7.270273272297345e-11
44,6,3.504396772768814e-11
44,7,9.939071787812281e-11
44,8,7.985079264472006e-11
45,10,7.243272648338461e-11
45,12,1.745092959026806e-11
45,14,1.0982148523908108e-10
45,17,1.2069989452356822e-10
45,18,8.357403658010298e-11
45,21,1.2072831623299862e-10
45,22,1.22021504012082e-10
45,23,1.5518963891736348e-10
45,24,7.241851562866941e-11
45,27,4.575895218295045e-11
45,29,1.3578471680375515e-10
45,2,1.2072831623299862e-10
45,6,1.8108892163581913e-10
45,7,8.44124770082999e-11
45,8,9.15179043659009e-11
46,10,1.2069989452356822e-10
46,12,4.048672508361051e-11
46,14,7.844391802791506e-11
46,17,7.243272648338461e-11
46,18,8.358114200746058e-11
46,21,7.243272648338461e-11
46,22,7.356959486060077e-11
46,23,2.715694336075103e-11
46,24,1.2069989452356822e-10
46,27,9.15179043659009e-11
46,29,1.2070699995092582e-10
46,2,7.838707460905425e-11
46,6,2.1947244022157975e-10
46,7,9.976020010071807e-11
46,8,1.830358087318018e-10
47,10,6.794209639338078e-11
47,12,1.4077272680879105e-10
47,14,1.0908252079389058e-10
47,17,1.2072831623299862e-10
47,18,1.0865619515243452e-10
47,21,1.2069989452356822e-10
47,22,1.226112544827629e-10
47,23,8.355982572538778e-11
47,24,7.759126674500294e-11
47,27,1.0982148523908108e-10
47,29,2.6489033189136535e-11
47,2,9.14468500923249e-11
47,6,9.976020010071807e-11
47,7,9.619327556720236e-11
47,8,2.745537130977027e-11
48,10,1.3582024394054315e-10
48,12,2.346283167753427e-10
48,14,7.844391802791506e-11
48,17,7.315748007385992e-11
48,18,8.356693115274538e-11
48,21,6.789946382923517e-11
48,22,7.881340025051031e-11
48,23,1.5518253349000588e-10
48,24,1.0862777344300412e-10
48,27,6.863842827442568e-11
48,29,2.1725554688600823e-10
48,2,6.444622613344109e-11
48,6,4.5716319618804846e-11
48,7,9.976020010071807e-11
48,8,1.242028702108655e-10
49,10,7.243272648338461e-11
49,12,1.31976207740081e-10
49,14,4.2234660213580355e-11
49,17,9.960388069885084e-11
49,18,9.052314453583676e-11
49,21,1.3578471680375515e-10
49,22,1.893596390800667e-11
49,23,6.035349997546291e-11
49,24,7.241851562866941e-11
49,27,1.0982148523908108e-10
49,29,1.2069989452356822e-10
49,2,3.7836400679225335e-11
49,6,7.315748007385992e-11
49,7,1.567599383633933e-10
49,8,6.575362476723967e-11
50,10,1.2072831623299862e-10
50,12,2.1116619564054417e-10
50,14,1.0982148523908108e-10
50,17,9.14468500923249e-11
50,18,1.2070699995092582e-10
50,21,6.035349997546291e-11
50,22,6.852474143670406e-11
50,23,1.0862777344300412e-10
50,24,1.2069989452356822e-10
50,27,8.446932042716071e-11
50,29,8.355982572538778e-11
50,2,7.838707460905425e-11
50,6,4.7705839278933126e-11
50,7,2.6759039428725373e-11
50,8,1.5970158528944012e-10
51,10,7.760547759971814e-11
51,12,1.624300693947589e-10
51,14,7.844391802791506e-11
51,17,8.44124770082999e-11
51,18,7.241851562866941e-11
51,21,9.876544027065393e-11
51,22,1.3726975112149375e-10
51,23,1.2069989452356822e-10
51,24,2.715978553169407e-10
51,27,9.983835980165168e-11
51,29,4.345679371908773e-11
51,2,4.220623850414995e-11
51,6,5.4868110055394936e-11
51,7,1.8108892163581913e-10
51,8,7.452172212651931e-11
52,10,1.8829382497642655e-11
52,12,1.2146017525083153e-10
52,14,3.431921413721284e-11
52,17,3.7836400679225335e-11
52,18,1.2070699995092582e-10
52,21,1.0864198429771932e-10
52,22,6.791367468395038e-11
52,23,7.241851562866941e-11
52,24,1.0933831617876422e-10
52,27,1.830358087318018e-10
52,29,9.052314453583676e-11
52,2,3.4290792427782435e-11
52,6,6.815525921410881e-11
52,7,6.392042450897861e-11
52,8,1.3727685654885136e-10
53,10,6.791367468395038e-11
53,12,1.624300693947589e-10
53,14,7.844391802791506e-11
53,17,6.858158485556487e-11
53,18,1.3579892765847035e-10
53,21,1.2069989452356822e-10
53,22,4.0472514228895307e-11
53,23,9.875833484329632e-11
53,24,4.345679371908773e-11
53,27,5.779554612672655e-11
53,29,8.355982572538778e-11
53,2,2.8137492336099967e-11
53,6,6.392042450897861e-11
53,7,1.3581313851318555e-10
53,8,6.851053058198886e-11
54,10,1.3581313851318555e-10
54,12,2.346283167753427e-10
54,14,1.0908252079389058e-10
54,17,6.858158485556487e-11
54,18,1.3581313851318555e-10
54,21,7.759126674500294e-11
54,22,4.0245140553452075e-11
54,23,1.3578471680375515e-10
54,24,3.291944494776544e-11
54,27,5.626219490295625e-10
54,29,3.1036506698001176e-11
54,2,5.717737394661526e-11
54,6,1.5518963891736348e-10
54,7,3.504396772768814e-11
54,8,7.335643203987274e-11
55,10,6.791367468395038e-11
55,12,1.5083401194715407e-10
55,14,7.294431725313189e-11
55,17,1.0973622011078987e-10
55,18,1.3579182223111275e-10
55,21,5.431388672150206e-11
55,22,1.2073542166035622e-10
55,23,2.715694336075103e-10
55,24,7.241851562866941e-11
55,27,5.3589133131026756e-11
55,29,2.1725554688600823e-10
55,2,6.789235840187757e-11
55,6,2.2168933355715126e-11
55,7,1.0865619515243452e-10
55,8,1.22021504012082e-10
56,10,1.3578471680375515e-10
56,12,9.15179043659009e-11
56,14,1.212043798659579e-10
56,17,9.14468500923249e-11
56,18,7.241851562866941e-11
56,21,6.789946382923517e-11
56,22,3.311129148642067e-11
56,23,9.052314453583676e-11
56,24,1.2069989452356822e-10
56,27,8.851875374802034
56,29,9.059419880941277e-11
56,2,8.355982572538778e-11
56,6,1.8104628907167353e-10
56,7,9.055156624526717e-11
56,8,7.452172212651931e-11
57,10,6.791367468395038e-11
57,12,1.830358087318018e-10
57,14,6.838263288955204e-11
57,17,1.0904699365710258e-10
57,18,9.052314453583676e-11
57,21,8.355982572538778e-11
57,22,1.0982148523908108e-10
57,23,5.717737394661526e-11
57,24,7.759126674500294e-11
57,27,8.839933229864982e-10
57,29,2.1731239030486904e-10
57,2,1.2069989452356822e-10
57,6,6.035349997546291e-11
57,7,9.877965112536913e-11
57,8,1.0162182206840953e-10
58,10,1.3578471680375515e-10
58,12,6.10071992923622e-11
58,14,1.3635315099236323e-10
58,17,7.243272648338461e-11
58,18,9.876544027065393e-11
58,21,1.2070699995092582e-10
58,22,9.195844086207217e-11
58,23,1.3578471680375515e-10
58,24,9.052314453583676e-11
58,27,4.863456403648513
58,29,7.243272648338461e-11
58,2,7.243272648338461e-11
58,6,1.8104628907167353e-10
58,7,1.3578471680375515e-10
58,8,9.983125437429408e-11
59,10,1.3582734936790075e-10
59,12,9.184475402435055e-11
59,14,7.321432349272072e-11
59,17,1.2069989452356822e-10
59,18,1.2070699995092582e-10
59,21,7.243272648338461e-11
59,22,1.091891022042546e-10
59,23,1.0862777344300412e-10
59,24,8.411404905928066e-11
59,27,4.219700144858507e-10
59,29,1.2072831623299862e-10
59,2,1.2072831623299862e-10
59,6,6.390621365426341e-11
59,7,3.6209257814334705e-11
59,8,4.177991286269389e-11
60,10,2.6503244043851737e-11
60,12,9.118394928009366e-11
60,14,1.2157386208855314e-10
60,17,1.8108892163581913e-10
60,18,7.243272648338461e-11
60,21,1.2069989452356822e-10
60,22,7.243272648338461e-11
60,23,1.2069989452356822e-10
60,24,1.2149570238761953e-10
60,27,3.416715799176018e-10
60,29,1.3582734936790075e-10
60,2,7.243272648338461e-11
60,6,1.5522516605415149e-10
60,7,9.875833484329632e-11
60,8,9.875833484329632e-11
61,10,1.5521095519943628e-10
61,12,2.1883295175939566e-10
61,14,7.321432349272072e-11
61,17,1.219291334564332e-10
61,18,8.358114200746058e-11
61,21,7.241851562866941e-11
61,22,1.2069989452356822e-10
61,23,2.859223968698643e-11
61,24,6.826894605183043e-11
61,27,4.171312184553244e-10
61,29,5.718447937397286e-11
61,2,1.2072831623299862e-10
61,6,1.8174262095271843e-10
61,7,8.388667538383743e-11
61,8,1.8108892163581913e-10
62,10,2.1731239030486904e-10
62,12,5.4711790653527714e-11
62,14,9.916334420267958e-11
62,17,1.219291334564332e-10
62,18,1.8108892163581913e-10
62,21,1.2070699995092582e-10
62,22,7.243272648338461e-11
62,23,3.0169644560373854e-11
62,24,1.3653789210366085e-10
62,27,2.1098855995660415e-10
62,29,9.14468500923249e-11
62,2,7.760547759971814e-11
62,6,9.913492249324918e-11
62,7,3.325340003357269e-11
62,8,1.5522516605415149e-10
63,10,5.4356519285647664e-11
63,12,9.877965112536913e-11
63,14,7.844391802791506e-11
63,17,7.315748007385992e-11
63,18,1.2073542166035622e-10
63,21,7.241851562866941e-11
63,22,1.2072831623299862e-10
63,23,1.5518253349000588e-10
63,24,7.290168468898628e-11
63,27,1.3677237120646168e-10
63,29,9.14468500923249e-11
63,2,8.358114200746058e-11
63,6,1.5577938938804436e-10
63,7,3.496296585581149e-10
63,8,1.2072831623299862e-10
64,10,7.243983191074221e-11
64,12,1.0862777344300412e-10
64,14,3.431921413721284e-11
64,17,3.7836400679225335e-11
64,18,1.8105339449903113e-10
64,21,7.241851562866941e-11
64,22,7.298694981727749e-11
64,23,1.8108892163581913e-10
64,24,4.346389914644533e-11
64,27,6.816947006882401e-11
64,29,2.3376856006507296e-10
64,2,5.718447937397286e-11
64,6,6.414779818442184e-11
64,7,1.2645529068322503e-10
64,8,1.1178258318977896e-10
65,10,7.243272648338461e-11
65,12,6.791367468395038e-11
65,14,7.321432349272072e-11
65,17,3.879563337250147e-11
65,18,7.241851562866941e-11
65,21,7.241851562866941e-11
65,22,1.2150280781497713e-10
65,23,9.054446081790957e-11
65,24,6.791367468395038e-11
65,27,1.0862777344300412e-10
65,29,6.09645667282166e-11
65,2,2.716404878810863e-10
65,6,1.5522516605415149e-10
65,7,2.0936852251907112e-10
65,8,2.1964297047816217e-10
66,10,1.2078515965185943e-10
66,12,1.3578471680375515e-10
66,14,1.22021504012082e-10
66,17,7.241851562866941e-11
66,18,1.2069989452356822e-10
66,21,1.8104628907167353e-10
66,22,1.3793055586575065e-10
66,23,1.8108892163581913e-10
66,24,6.859579571028007e-11
66,27,8.355982572538778e-11
66,29,1.567599383633933e-10
66,2,8.44124770082999e-11
66,6,9.054446081790957e-11
66,7,3.539923909556819e-11
66,8,1.2072831623299862e-10
67,10,7.321432349272072e-11
67,12,7.760547759971814e-11
67,14,6.863842827442568e-11
67,17,1.2069989452356822e-10
67,18,7.241851562866941e-11
67,21,6.390621365426341e-11
67,22,6.130562724138144e-11
67,23,6.790656925659277e-11
67,24,7.810285751475021e-11
67,27,1.0862777344300412e-10
67,29,6.09645667282166e-11
67,2,4.555289478958002e-11
67,6,2.1726265231336583e-10
67,7,1.0904699365710258e-10
67,8,7.321432349272072e-11
68,10,1.552962203277275e-10
68,12,1.0941647587969783e-10
68,14,1.3726975112149375e-10
68,17,7.243272648338461e-11
68,18,4.526157226791838e-11
68,21,1.3579182223111275e-10
68,22,1.5764101135573583e-10
68,23,1.552962203277275e-10
68,24,1.0934542160612182e-10
68,27,4.723688107333146e-11
68,29,2.1947244022157975e-10
68,2,4.346389914644533e-11
68,6,1.5578649481540197e-10
68,7,1.5577938938804436e-10
68,8,1.22021504012082e-10
69,10,2.716404878810863e-10
69,12,2.745537130977027e-11
69,14,1.715250164124882e-11
69,17,1.2069989452356822e-10
69,18,9.875833484329632e-11
69,21,2.049205249932129e-11
69,22,6.475175950981793e-11
69,23,6.394884621840902e-11
69,24,1.8349055608268827e-10
69,27,1.2073542166035622e-10
69,29,6.231459792616079e-11
69,2,1.3717027513848734e-10
69,6,6.858158485556487e-11
69,7,1.0905409908446018e-10
69,8,5.4782844927103724e-11
70,10,9.053735539055197e-11
70,12,1.0941647587969783e-10
70,14,1.22021504012082e-10
70,17,6.791367468395038e-11
70,18,2.2637891561316792e-11
70,21,1.8106049992638873e-10
70,22,8.488143521390157e-11
70,23,1.3716316971112974e-10
70,24,2.475104565746733e-10
70,27,1.8179946437157923e-10
70,29,1.602415977686178e-10
70,2,7.315748007385992e-11
70,6,1.3716316971112974e-10
70,7,1.567599383633933e-10
70,8,2.715765390348679e-10
71,10,8.356693115274538e-11
71,12,9.117684385273606e-11
71,14,1.546140993013978e-11
71,17,1.3578471680375515e-10
71,18,1.5518963891736348e-10
71,21,1.2070699995092582e-10
71,22,9.15179043659009e-11
71,23,6.858158485556487e-11
71,24,3.189910557921394e-10
71,27,9.983835980165168e-11
71,29,6.45457021164475e-11
71,2,1.2116885272916988e-10
71,6,6.068034963391256e-11
71,7,1.828937001846498e-10
71,8,1.3582734936790075e-10
72,10,9.876544027065393e-11
72,12,1.0941647587969783e-10
72,14,7.321432349272072e-11
72,17,6.791367468395038e-11
72,18,2.6496138616494136e-11
72,21,7.241851562866941e-11
72,22,1.830358087318018e-10
72,23,7.838707460905425e-11
72,24,1.0975043096550507e-10
72,27,8.446932042716071e-11
72,29,1.567599383633933e-10
72,2,6.858158485556487e-11
72,6,1.8202683804702247e-10
72,7,6.45528075438051e-11
72,8,1.8108892163581913e-10
73,10,1.3582024394054315e-10
73,12,4.25757207267452e-11
73,14,1.2072831623299862e-10
73,17,1.0904699365710258e-10
73,18,9.875122941593872e-11
73,21,1.2069989452356822e-10
73,22,6.460254553530831e-11
73,23,9.907807907438837e-11
73,24,1.829221218940802e-10
73,27,1.22021504012082e-10
73,29,6.09645667282166e-11
73,2,1.0973622011078987e-10
73,6,6.073719305277336e-11
73,7,1.3665868436874007e-10
73,8,2.1964297047816217e-10
74,10,2.715978553169407e-10
74,12,1.581526021254831e-10
74,14,7.844391802791506e-11
74,17,1.567599383633933e-10
74,18,2.858513425962883e-11
74,21,7.241851562866941e-11
74,22,1.5764101135573583e-10
74,23,8.388667538383743e-11
74,24,6.09787775829318e-11
74,27,6.852474143670406e-11
74,29,2.1947244022157975e-10
74,2,1.828937001846498e-10
74,6,2.1809398731420515e-10
74,7,6.789235840187757e-11
74,8,2.0321522242738865e-11
75,10,7.759126674500294e-11
75,12,6.863842827442568e-11
75,14,1.0982148523908108e-10
75,17,1.828937001846498e-10
75,18,1.8104628907167353e-10
75,21,9.875833484329632e-11
75,22,6.130562724138144e-11
75,23,9.877965112536913e-11
75,24,1.567883600728237e-10
75,27,1.3635315099236323e-10
75,29,6.444622613344109e-11
75,2,1.567599383633933e-10
75,6,4.5432102524500806e-11
75,7,1.3579182223111275e-10
75,8,8.598988188168732e-11
76,10,1.3579182223111275e-10
76,12,1.375184410790098e-10
76,14,2.1816504158778116e-10
76,17,9.087131047635921e-11
76,18,3.6209257814334705e-11
76,21,1.5522516605415149e-10
76,22,1.8391688172414433e-10
76,23,9.877965112536913e-11
76,24,6.859579571028007e-11
76,27,7.321432349272072e-11
76,29,1.3716316971112974e-10
76,2,9.976020010071807e-11
76,6,1.5577938938804436e-10
76,7,6.789235840187757e-11
76,8,1.0162182206840953e-10
77,10,1.3578471680375515e-10
77,12,2.1964297047816217e-10
77,14,1.2073542166035622e-10
77,17,4.722977564597386e-11
77,18,9.052314453583676e-11
77,21,7.247535904753022e-11
77,22,7.338485374930315e-11
77,23,9.052314453583676e-11
77,24,1.3719159142056014e-10
77,27,4.992273261450464e-11
77,29,6.858158485556487e-11
77,2,1.567599383633933e-10
77,6,1.0973622011078987e-10
77,7,1.3578471680375515e-10
77,8,1.5970158528944012e-10
78,10,3.6209257814334705e-11
78,12,6.392042450897861e-11
78,14,9.875833484329632e-11
78,17,4.722977564597386e-11
78,18,2.1725554688600823e-10
78,21,7.241851562866941e-11
78,22,6.896527793287532e-11
78,23,1.3578471680375515e-10
78,24,6.414779818442184e-11
78,27,4.346389914644533e-11
78,29,1.567599383633933e-10
78,2,3.657874003692996e-11
78,6,1.567599383633933e-10
78,7,6.789235840187757e-11
78,8,6.460254553530831e-11
79,10,9.875833484329632e-11
79,12,5.779554612672655e-11
79,14,1.3581313851318555e-10
79,17,8.358824743481819e-11
79,18,6.035349997546291e-11
79,21,7.759837217236054e-11
79,22,1.375966007799434e-10
79,23,2.715836444622255e-10
79,24,1.5579360024275957e-10
79,27,4.177991286269389e-11
79,29,6.45528075438051e-11
79,2,1.0973622011078987e-10
79,6,2.6126656393898884e-11
79,7,1.3578471680375515e-10
79,8,1.5688783605583012e-10
80,10,1.5519674434472108e-10
80,12,1.5688783605583012e-10
80,14,2.1731239030486904e-10
80,17,1.0862777344300412e-10
80,18,1.5518963891736348e-10
80,21,3.1953106827131705e-11
80,22,1.226112544827629e-10
80,23,8.355982572538778e-11
80,24,6.431832844100427e-11
80,27,1.3579182223111275e-10
80,29,1.3717027513848734e-10
80,2,1.3717027513848734e-10
80,6,1.567599383633933e-10
80,7,6.789235840187757e-11
80,8,6.460254553530831e-11
81,10,1.4013323834660696e-10
81,12,6.919265160831856e-11
81,14,8.358114200746058e-11
81,17,7.759126674500294e-11
81,18,6.389910822690581e-11
81,21,9.875833484329632e-11
81,22,2.5977442419389263e-11
81,23,9.875122941593872e-11
81,24,1.5620571502950042e-10
81,27,7.243272648338461e-11
81,29,6.858158485556487e-11
81,2,6.45528075438051e-11
81,6,6.391331908162101e-11
81,7,1.2070699995092582e-10
81,8,1.5720047485956457e-10
82,10,1.3579892765847035e-10
82,12,1.581526021254831e-10
82,14,9.052314453583676e-11
82,17,9.875833484329632e-11
82,18,4.526157226791838e-11
82,21,9.877965112536913e-11
82,22,9.877965112536913e-11
82,23,2.715765390348679e-10
82,24,6.815525921410881e-11
82,27,1.2072831623299862e-10
82,29,1.3717027513848734e-10
82,2,1.822044737309625e-10
82,6,8.358824743481819e-11
82,7,7.241851562866941e-11
82,8,3.659295089164516e-11
83,10,8.357403658010298e-11
83,12,6.512124173241318e-11
83,14,9.875833484329632e-11
83,17,7.759126674500294e-11
83,18,1.3578471680375515e-10
83,21,4.177991286269389e-11
83,22,9.875833484329632e-11
83,23,1.3579182223111275e-10
83,24,1.3582734936790075e-10
83,27,7.321432349272072e-11
83,29,4.5716319618804846e-11
83,2,5.753975074185291e-11
83,6,1.3631051842821762e-10
83,7,1.3631051842821762e-10
83,8,1.0963674412778346e-10
84,10,6.789946382923517e-11
84,12,1.383853032166371e-10
84,14,1.8105339449903113e-10
84,17,1.0862777344300412e-10
84,18,2.715694336075103e-10
84,21,1.0863487887036172e-10
84,22,8.358824743481819e-11
84,23,2.1731239030486904e-10
84,24,6.791367468395038e-11
84,27,3.1377567211166024e-11
84,29,1.828937001846498e-10
84,2,1.822115791583201e-10
84,6,2.7426949600339867e-11
84,7,7.315748007385992e-11
84,8,1.5688073062847252e-10
85,10,5.717026851925766e-11
85,12,7.321432349272072e-11
85,14,1.5518253349000588e-10
85,17,1.3578471680375515e-10
85,18,9.877965112536913e-11
85,21,1.3582734936790075e-10
85,22,1.0865619515243452e-10
85,23,6.035349997546291e-11
85,24,1.3582734936790075e-10
85,27,1.830358087318018e-10
85,29,1.2069989452356822e-10
85,2,2.665956344571896e-11
85,6,2.965805379062658e-11
85,7,7.315748007385992e-11
85,8,6.460254553530831e-11
86,10,1.3578471680375515e-10
86,12,6.838263288955204e-11
86,14,1.2069989452356822e-10
86,17,1.5518253349000588e-10
86,18,7.844391802791506e-11
86,21,6.431122301364667e-11
86,22,1.220143985847244e-10
86,23,7.241851562866941e-11
86,24,1.8108892163581913e-10
86,27,5.717026851925766e-11
86,29,2.859223968698643e-11
86,2,8.44124770082999e-11
86,6,2.1947244022157975e-10
86,7,1.8109602706317673e-10
86,8,1.3726975112149375e-10
87,10,6.035349997546291e-11
87,12,1.3677237120646168e-10
87,14,7.321432349272072e-11
87,17,1.2069989452356822e-10
87,18,9.983835980165168e-11
87,21,1.5617729332007002e-10
87,22,6.436096100514987e-11
87,23,1.2069989452356822e-10
87,24,9.877965112536913e-11
87,27,1.8104628907167353e-10
87,29,9.875833484329632e-11
87,2,9.976020010071807e-11
87,6,4.389022478790139e-11
87,7,2.525979425627156e-11
87,8,6.460254553530831e-11
88,10,2.1726975774072343e-10
88,12,7.815970093361102e-11
88,14,1.22021504012082e-10
88,17,8.44124770082999e-11
88,18,1.5583623280690517e-10
88,21,6.391331908162101e-11
88,22,1.5630519101250684e-10
88,23,7.243272648338461e-11
88,24,8.44266878630151e-11
88,27,2.263078613395919e-11
88,29,4.723688107333146e-11
88,2,1.567599383633933e-10
88,6,4.7414516757271485e-11
88,7,1.3582024394054315e-10
88,8,1.5630519101250684e-10
89,10,1.2073542166035622e-10
89,12,5.2096993385930546e-11
89,14,6.863842827442568e-11
89,17,4.064304448547773e-11
89,18,7.321432349272072e-11
89,21,1.5522516605415149e-10
89,22,4.575895218295045e-11
89,23,1.2072831623299862e-10
89,24,9.977441095543327e-11
89,27,1.815436689867056e-10
89,29,1.3579892765847035e-10
89,2,3.622346866904991e-11
89,6,2.7434055027697468e-11
89,7,7.243272648338461e-11
89,8,7.274536528711906e-11
90,10,1.2072831623299862e-10
90,12,7.759126674500294e-11
90,14,1.3726975112149375e-10
90,17,6.815525921410881e-11
90,18,7.271694357768865e-11
90,21,6.45528075438051e-11
90,22,1.5573675682389876e-10
90,23,4.5289993977348786e-11
90,24,9.14610609470401e-11
90,27,1.2157386208855314e-10
90,29,5.7191584801330464e-11
90,2,4.7407411329913884e-11
90,6,4.345679371908773e-11
90,7,1.2147438610554673e-10
90,8,1.2157386208855314e-10
91,10,1.3582734936790075e-10
91,12,2.1731239030486904e-10
91,14,6.863842827442568e-11
91,17,7.243272648338461e-11
91,18,1.212967504216067e-10
91,21,1.822115791583201e-10
91,22,1.3582024394054315e-10
91,23,7.243272648338461e-11
91,24,8.44266878630151e-11
91,27,7.294431725313189e-11
91,29,2.715765390348679e-10
91,2,9.976020010071807e-11
91,6,8.37303559819702e-11
91,7,6.858158485556487e-11
91,8,6.460254553530831e-11
92,10,2.1731239030486904e-10
92,12,3.1946001399774104e-11
92,14,1.3635315099236323e-10
92,17,7.243272648338461e-11
92,18,1.212896449942491e-10
92,21,5.1741722018050496e-11
92,22,6.816947006882401e-11
92,23,9.875833484329632e-11
92,24,1.8108892163581913e-10
92,27,9.877965112536913e-11
92,29,6.035349997546291e-11
92,2,1.3716316971112974e-10
92,6,1.2147438610554673e-10
92,7,1.0973622011078987e-10
92,8,1.5688783605583012e-10
93,10,3.1953106827131705e-11
93,12,1.2069989452356822e-10
93,14,6.816947006882401e-11
93,17,1.2072831623299862e-10
93,18,7.761258302707574e-11
93,21,5.717737394661526e-11
93,22,1.3582024394054315e-10
93,23,3.6209257814334705e-11
93,24,6.036771083017811e-11
93,27,1.5518253349000588e-10
93,29,1.3579182223111275e-10
93,2,6.858158485556487e-11
93,6,1.219291334564332e-10
93,7,1.8174262095271843e-10
93,8,2.2438939595303964e-11
94,10,6.789946382923517e-11
94,12,7.760547759971814e-11
94,14,1.3635315099236323e-10
94,17,6.858158485556487e-11
94,18,7.761258302707574e-11
94,21,7.243272648338461e-11
94,22,7.277378699654946e-11
94,23,6.389910822690581e-11
94,24,9.087841590371681e-11
94,27,7.241851562866941e-11
94,29,9.875833484329632e-11
94,2,1.3716316971112974e-10
94,6,6.45457021164475e-11
94,7,1.3631051842821762e-10
94,8,7.294431725313189e-11
95,10,1.3579892765847035e-10
95,12,9.15179043659009e-11
95,14,1.3645262697536964e-10
95,17,1.0973622011078987e-10
95,18,9.15179043659009e-11
95,21,1.2070699995092582e-10
95,22,1.0908252079389058e-10
95,23,1.3582024394054315e-10
95,24,1.219433443111484e-10
95,27,1.2070699995092582e-10
95,29,2.1726265231336583e-10
95,2,6.414779818442184e-11
95,6,1.822115791583201e-10
95,7,1.2116885272916988e-10
95,8,1.5572965139654116e-10
96,10,7.241851562866941e-11
96,12,1.3727685654885136e-10
96,14,2.5863755581667647e-11
96,17,1.567599383633933e-10
96,18,1.3726975112149375e-10
96,21,1.2072121080564102e-10
96,22,1.5688783605583012e-10
96,23,6.394884621840902e-11
96,24,1.219433443111484e-10
96,27,1.8104628907167353e-10
96,29,1.3582734936790075e-10
96,2,1.8108892163581913e-10
96,6,1.5577938938804436e-10
96,7,7.315748007385992e-11
96,8,4.958167210133979e-11
97,10,1.2070699995092582e-10
97,12,8.417089247814147e-11
97,14,1.5518253349000588e-10
97,17,6.45457021164475e-11
97,18,6.460254553530831e-11
97,21,7.243983191074221e-11
97,22,6.460254553530831e-11
97,23,1.552820094730123e-10
97,24,2.660272002685815e-11
97,27,1.0862777344300412e-10
97,29,6.073719305277336e-11
97,2,6.036771083017811e-11
97,6,9.130474154517287e-11
97,7,3.325340003357269e-11
97,8,1.0865619515243452e-10
98,10,6.036771083017811e-11
98,12,7.294431725313189e-11
98,14,6.389910822690581e-11
98,17,1.567599383633933e-10
98,18,1.5688783605583012e-10
98,21,1.5522516605415149e-10
98,22,1.3727685654885136e-10
98,23,3.623767952376511e-11
98,24,2.2311041902867146e-11
98,27,1.3582734936790075e-10
98,29,2.1763923996331869e-10
98,2,1.8108892163581913e-10
98,6,1.828937001846498e-10
98,7,1.3717027513848734e-10
98,8,1.3578471680375515e-10
99,10,1.3579892765847035e-10
99,12,1.2300915841478854e-10
99,14,9.052314453583676e-11
99,17,6.45457021164475e-11
99,18,5.779554612672655e-11
99,21,1.3582734936790075e-10
99,22,6.863842827442568e-11
99,23,1.2078515965185943e-10
99,24,6.791367468395038e-11
99,27,3.630873379734112e-11
99,29,6.803446694902959e-11
99,2,6.791367468395038e-11
99,6,6.09645667282166e-11
99,7,6.832578947069123e-11
99,8,7.271694357768865e-11
100,10,2.1726975774072343e-10
100,12,7.908340649009915e-11
100,14,1.0862777344300412e-10
100,17,1.567599383633933e-10
100,18,2.745395022429875e-10
100,21,1.2069989452356822e-10
100,22,1.3727685654885136e-10
100,23,6.794209639338078e-11
100,24,5.193356855670572e-11
100,27,3.1953106827131705e-11
100,29,1.8106049992638873e-10
100,2,1.8108892163581913e-10
100,6,1.828937001846498e-10
100,7,1.3631051842821762e-10
100,8,1.212043798659579e-10
101,10,8.358824743481819e-11
101,12,2.992806003021542e-11
101,14,6.789946382923517e-11
101,17,6.858158485556487e-11
101,18,5.779554612672655e-11
101,21,7.241851562866941e-11
101,22,6.863842827442568e-11
101,23,9.882228368951473e-11
101,24,9.940492873283802e-11
101,27,1.3582024394054315e-10
101,29,5.431388672150206e-11
101,2,6.043876510375412e-11
101,6,7.30437932361383e-11
101,7,6.414779818442184e-11
101,8,1.5583623280690517e-10
102,10,6.390621365426341e-11
102,12,1.576048072462953
102,14,1.0865619515243452e-10
102,17,1.3716316971112974e-10
102,18,1.830358087318018e-10
102,21,9.052314453583676e-11
102,22,1.3727685654885136e-10
102,23,1.8115997590939514e-10
102,24,1.822400008677505e-10
102,27,7.294431725313189e-11
102,29,1.8104628907167353e-10
102,2,7.243272648338461e-11
102,6,7.315748007385992e-11
102,7,1.5589307622576598e-10
102,8,1.3727685654885136e-10
103,10,9.052314453583676e-11
103,12,5.826450433232822e-11
103,14,9.096368103200803e-11
103,17,2.809485977195436e-11
103,18,5.780265155408415e-11
103,21,9.052314453583676e-11
103,22,7.321432349272072e-11
103,23,6.394884621840902e-11
103,24,4.573053047352005e-11
103,27,7.321432349272072e-11
103,29,1.8104628907167353e-10
103,2,4.5275783122633584e-11
103,6,9.976020010071807e-11
103,7,1.5589307622576598e-10
103,8,1.212043798659579e-10
104,10,4.3449688291730126e-11
104,12,9.086420504900161e-11
104,14,9.916334420267958e-11
104,17,7.315748007385992e-11
104,18,9.090683761314722e-11
104,21,3.1953106827131705e-11
104,22,1.0982148523908108e-10
104,23,1.5522516605415149e-10
104,24,2.786748609651113e-11
104,27,1.22021504012082e-10
104,29,1.0862777344300412e-10
104,2,9.877965112536913e-11
104,6,1.5651835383323487e-10
104,7,1.9404922113608336e-11
104,8,7.243272648338461e-11
105,10,1.8105339449903113e-10
105,12,1.5572965139654116e-10
105,14,1.5688783605583012e-10
105,17,1.2116885272916988e-10
105,18,1.0916778592218179e-10
105,21,1.3579182223111275e-10
105,22,6.816947006882401e-11
105,23,1.8108892163581913e-10
105,24,7.790390554873738e-11
105,27,7.321432349272072e-11
105,29,1.8104628907167353e-10
105,2,1.5522516605415149e-10
105,6,6.086509074521018e-11
105,7,1.2116174730181228e-10
105,8,1.2069989452356822e-10
106,10,1.5519674434472108e-10
106,12,9.877965112536913e-11
106,14,1.3727685654885136e-10
106,17,4.220623850414995e-11
106,18,8.358824743481819e-11
106,21,7.242562105602701e-11
106,22,1.8108892163581913e-10
106,23,3.1953106827131705e-11
106,24,8.388667538383743e-11
106,27,1.2157386208855314e-10
106,29,1.2070699995092582e-10
106,2,1.822115791583201e-10
106,6,2.191313797084149e-10
106,7,6.09645667282166e-11
106,8,1.2070699995092582e-10
107,10,9.877965112536913e-11
107,12,6.816947006882401e-11
107,14,1.3635315099236323e-10
107,17,1.567599383633933e-10
107,18,9.877965112536913e-11
107,21,4.345679371908773e-11
107,22,9.055156624526717e-11
107,23,1.3579182223111275e-10
107,24,1.8175683180743363e-10
107,27,7.294431725313189e-11
107,29,6.035349997546291e-11
107,2,1.219291334564332e-10
107,6,6.09645667282166e-11
107,7,1.828937001846498e-10
107,8,1.8104628907167353e-10
108,10,1.5519674434472108e-10
108,12,4.5275783122633584e-11
108,14,7.321432349272072e-11
108,17,6.45528075438051e-11
108,18,1.5522516605415149e-10
108,21,1.3579892765847035e-10
108,22,1.8109602706317673e-10
108,23,7.243983191074221e-11
108,24,7.270273272297345e-11
108,27,1.2072831623299862e-10
108,29,6.791367468395038e-11
108,2,3.227285105822375e-11
108,6,1.567599383633933e-10
108,7,6.815525921410881e-11
108,8,1.2072831623299862e-10
109,10,1.8108892163581913e-10
109,12,1.830358087318018e-10
109,14,1.0982148523908108e-10
109,17,1.567599383633933e-10
109,18,6.791367468395038e-11
109,21,7.241851562866941e-11
109,22,8.391509709326783e-11
109,23,5.1741722018050496e-11
109,24,6.789946382923517e-11
109,27,1.361684098810656e-10
109,29,1.3579892765847035e-10
109,2,2.1947244022157975e-10
109,6,3.657874003692996e-11
109,7,4.389022478790139e-11
109,8,1.3635315099236323e-10
110,10,1.22021504012082e-10
110,12,1.800515292416094e-11
110,14,1.5688783605583012e-10
110,17,6.45528075438051e-11
110,18,1.3582024394054315e-10
110,21,1.3579892765847035e-10
110,22,3.029754225281067e-11
110,23,1.5522516605415149e-10
110,24,4.937561470796936e-11
110,27,6.079403647163417e-11
110,29,7.243983191074221e-11
110,2,1.2072831623299862e-10
110,6,1.0904699365710258e-10
110,7,1.8260237766298815e-10
110,8,8.385825367440702e-11
111,10,6.863842827442568e-11
111,12,2.5977442419389263e-11
111,14,6.10071992923622e-11
111,17,1.567599383633933e-10
111,18,7.243983191074221e-11
111,21,5.432809757621726e-11
111,22,2.1816504158778116e-10
111,23,9.877965112536913e-11
111,24,1.872990651463624e-11
111,27,1.5630519101250684e-10
111,29,1.2073542166035622e-10
111,2,7.270273272297345e-11
111,6,1.2116885272916988e-10
111,7,1.0973622011078987e-10
111,8,9.983835980165168e-11
112,10,9.054446081790957e-11
112,12,3.2301272767654154e-11
112,14,1.5688783605583012e-10
112,17,6.858158485556487e-11
112,18,1.2073542166035622e-10
112,21,9.876544027065393e-11
112,22,6.817657549618161e-11
112,23,1.2072831623299862e-10
112,24,6.789946382923517e-11
112,27,7.294431725313189e-11
112,29,7.241851562866941e-11
112,2,1.2069989452356822e-10
112,6,2.8698821097350447e-11
112,7,2.1726265231336583e-10
112,8,5.780265155408415e-11
113,10,9.877965112536913e-11
113,12,1.3726975112149375e-10
113,14,6.460254553530831e-11
113,17,1.3579182223111275e-10
113,18,1.2073542166035622e-10
113,21,1.2069989452356822e-10
113,22,7.271694357768865e-11
113,23,7.760547759971814e-11
113,24,1.3579182223111275e-10
113,27,6.80842049405328e-11
113,29,7.241851562866941e-11
113,2,4.526157226791838e-11
113,6,1.3631051842821762e-10
113,7,6.789946382923517e-11
113,8,9.15179043659009e-11
114,10,1.3582024394054315e-10
114,12,2.815880861817277e-11
114,14,1.5688783605583012e-10
114,17,6.389910822690581e-11
114,18,1.5631229643986444e-10
114,21,7.241851562866941e-11
114,22,1.212043798659579e-10
114,23,1.0864908972507692e-10
114,24,1.2073542166035622e-10
114,27,3.40563133249816e-11
114,29,9.875833484329632e-11
114,2,7.241851562866941e-11
114,6,6.858158485556487e-11
114,7,1.2069989452356822e-10
114,8,1.2072831623299862e-10
115,10,6.390621365426341e-11
115,12,1.3727685654885136e-10
115,14,6.460254553530831e-11
115,17,1.5518963891736348e-10
115,18,1.220143985847244e-10
115,21,4.526157226791838e-11
115,22,1.3727685654885136e-10
115,23,1.0865619515243452e-10
115,24,7.289457926162868e-11
115,27,1.2157386208855314e-10
115,29,1.5519674434472108e-10
115,2,1.0862777344300412e-10
115,6,1.0973622011078987e-10
115,7,7.243272648338461e-11
115,8,7.243272648338461e-11
116,10,1.3578471680375515e-10
116,12,6.863842827442568e-11
116,14,1.5661782981624128e-10
116,17,7.241851562866941e-11
116,18,6.817657549618161e-11
116,21,3.0176749987731455e-11
116,22,6.816947006882401e-11
116,23,2.1731239030486904e-10
116,24,1.219433443111484e-10
116,27,3.622346866904991e-11
116,29,7.241851562866941e-11
116,2,7.788969469402218e-11
116,6,7.837996918169665e-11
116,7,1.2069989452356822e-10
116,8,1.2069989452356822e-10
117,10,7.241851562866941e-11
117,12,1.3727685654885136e-10
117,14,1.5688783605583012e-10
117,17,1.2116174730181228e-10
117,18,1.8104628907167353e-10
117,21,1.8104628907167353e-10
117,22,1.2157386208855314e-10
117,23,9.938361245076521e-11
117,24,6.45599129711627e-11
117,27,1.2072831623299862e-10
117,29,7.241851562866941e-11
117,2,9.052314453583676e-11
117,6,1.3716316971112974e-10
117,7,2.859223968698643e-11
117,8,6.392042450897861e-11
118,10,1.0863487887036172e-10
118,12,5.491074261954054e-11
118,14,1.0982148523908108e-10
118,17,6.431122301364667e-11
118,18,5.717737394661526e-11
118,21,6.036771083017811e-11
118,22,6.436096100514987e-11
118,23,1.567599383633933e-10
118,24,1.3632472928293282e-10
118,27,6.791367468395038e-11
118,29,1.2070699995092582e-10
118,2,9.052314453583676e-11
118,6,6.45528075438051e-11
118,7,8.355982572538778e-11
118,8,1.2072831623299862e-10
119,10,1.3582024394054315e-10
119,12,5.454126039694529e-11
119,14,8.446932042716071e-11
119,17,1.560209739182028e-10
119,18,1.5518253349000588e-10
119,21,8.357403658010298e-11
119,22,1.5630519101250684e-10
119,23,1.822115791583201e-10
119,24,7.270273272297345e-11
119,27,1.3582024394054315e-10
119,29,7.243272648338461e-11
119,2,1.2069989452356822e-10
119,6,1.219291334564332e-10
119,7,6.789235840187757e-11
119,8,1.5570833511446835e-10
120,10,6.036771083017811e-11
120,12,6.816947006882401e-11
120,14,1.22021504012082e-10
120,17,3.9051428757375106e-11
120,18,2.1816504158778116e-10
120,21,1.3578471680375515e-10
120,22,7.285905212484067e-11
120,23,1.0865619515243452e-10
120,24,1.3631762385557522e-10
120,27,2.5266899683629163e-11
120,29,9.052314453583676e-11
120,2,6.791367468395038e-11
120,6,6.858158485556487e-11
120,7,1.5518963891736348e-10
120,8,6.791367468395038e-11
121,10,9.053735539055197e-11
121,12,3.05035996461811e-11
121,14,7.321432349272072e-11
121,17,2.1302071218087804e-11
121,18,9.961098612620845e-11
121,21,1.3579892765847035e-10
121,22,1.220143985847244e-10
121,23,1.2072831623299862e-10
121,24,1.0905409908446018e-10
121,27,1.5522516605415149e-10
121,29,9.875833484329632e-11
121,2,1.0904699365710258e-10
121,6,1.3631051842821762e-10
121,7,1.5518963891736348e-10
121,8,1.5522516605415149e-10
122,10,1.2069989452356822e-10
122,12,2.716404878810863e-10
122,14,1.2181544661871158e-10
122,17,1.2069989452356822e-10
122,18,1.5583623280690517e-10
122,21,6.858158485556487e-11
122,22,3.787192781601334e-11
122,23,6.789235840187757e-11
122,24,1.567883600728237e-10
122,27,4.7265302782761864e-11
122,29,9.875833484329632e-11
122,2,1.567599383633933e-10
122,6,7.241851562866941e-11
122,7,6.791367468395038e-11
122,8,6.391331908162101e-11
123,10,7.241851562866941e-11
123,12,6.791367468395038e-11
123,14,1.220143985847244e-10
123,17,1.5518963891736348e-10
123,18,6.863842827442568e-11
123,21,1.219291334564332e-10
123,22,9.15179043659009e-11
123,23,1.8105339449903113e-10
123,24,1.567883600728237e-10
123,27,1.5522516605415149e-10
123,29,1.3579182223111275e-10
123,2,1.9952040020143613e-11
123,6,1.5518963891736348e-10
123,7,9.877965112536913e-11
123,8,1.3582734936790075e-10
124,10,1.8105339449903113e-10
124,12,7.760547759971814e-11
124,14,6.838973831690964e-11
124,17,1.3579182223111275e-10
124,18,1.5688073062847252e-10
124,21,4.5716319618804846e-11
124,22,1.5522516605415149e-10
124,23,6.789235840187757e-11
124,24,7.316458550121752e-11
124,27,6.791367468395038e-11
124,29,6.389910822690581e-11
124,2,1.0973622011078987e-10
124,6,4.5275783122633584e-11
124,7,1.0862777344300412e-10
124,8,6.817657549618161e-11
125,10,5.718447937397286e-11
125,12,1.0864908972507692e-10
125,14,1.2112622016502428e-10
125,17,2.716404878810863e-11
125,18,5.780265155408415e-11
125,21,6.791367468395038e-11
125,22,7.241851562866941e-11
125,23,1.2070699995092582e-10
125,24,1.219433443111484e-10
125,27,7.243272648338461e-11
125,29,1.5518253349000588e-10
125,2,1.567599383633933e-10
125,6,6.858158485556487e-11
125,7,9.875833484329632e-11
125,8,1.3635315099236323e-10
126,10,9.877965112536913e-11
126,12,1.0908252079389058e-10
126,14,6.412648190234904e-11
126,17,6.09645667282166e-11
126,18,1.5522516605415149e-10
126,21,1.3579182223111275e-10
126,22,1.2073542166035622e-10
126,23,1.5522516605415149e-10
126,24,6.45599129711627e-11
126,27,1.2072831623299862e-10
126,29,1.8104628907167353e-10
126,2,6.45528075438051e-11
126,6,2.2396307031158358e-11
126,7,7.759126674500294e-11
126,8,6.863842827442568e-11
127,10,2.1731239030486904e-10
127,12,6.791367468395038e-11
127,14,2.1731239030486904e-10
127,17,1.828937001846498e-10
127,18,7.759126674500294e-11
127,21,1.8109602706317673e-10
127,22,7.272404900504625e-11
127,23,1.3582024394054315e-10
127,24,1.567883600728237e-10
127,27,1.2073542166035622e-10
127,29,1.2069989452356822e-10
127,2,1.5577938938804436e-10
127,6,1.567599383633933e-10
127,7,1.0862777344300412e-10
127,8,1.3726975112149375e-10
128,10,4.179412371740909e-11
128,12,1.8179946437157923e-10
128,14,5.454126039694529e-11
128,17,3.4290792427782435e-11
128,18,1.3635315099236323e-10
128,21,9.877965112536913e-11
128,22,1.212043798659579e-10
128,23,7.247535904753022e-11
128,24,7.316458550121752e-11
128,27,7.243983191074221e-11
128,29,6.789946382923517e-11
128,2,6.815525921410881e-11
128,6,6.45528075438051e-11
128,7,7.759126674500294e-11
128,8,4.575895218295045e-11
129,10,7.759126674500294e-11
129,12,6.10071992923622e-11
129,14,2.1731239030486904e-10
129,17,1.0973622011078987e-10
129,18,5.491074261954054e-11
129,21,1.8109602706317673e-10
129,22,7.272404900504625e-11
129,23,8.362377457160619e-11
129,24,1.219433443111484e-10
129,27,1.0865619515243452e-10
129,29,1.3579892765847035e-10
129,2,1.5578649481540197e-10
129,6,1.219291334564332e-10
129,7,5.1727511163335294e-11
129,8,7.321432349272072e-11
130,10,1.2070699995092582e-10
130,12,1.3727685654885136e-10
130,14,6.391331908162101e-11
130,17,1.567599383633933e-10
130,18,1.830358087318018e-10
130,21,6.791367468395038e-11
130,22,1.220143985847244e-10
130,23,2.1731239030486904e-10
130,24,7.316458550121752e-11
130,27,6.794209639338078e-11
130,29,1.219291334564332e-10
130,2,1.3640999441122403e-10
130,6,7.243983191074221e-11
130,7,9.913492249324918e-11
130,8,7.321432349272072e-11
131,10,1.3578471680375515e-10
131,12,6.863842827442568e-11
131,14,7.760547759971814e-11
131,17,7.315748007385992e-11
131,18,7.844391802791506e-11
131,21,2.7426949600339867e-11
131,22,7.321432349272072e-11
131,23,3.104361212535878e-11
131,24,1.219433443111484e-10
131,27,1.552962203277275e-10
131,29,4.7705839278933126e-11
131,2,1.3582024394054315e-10
131,6,1.2073542166035622e-10
131,7,6.09645667282166e-11
131,8,1.2072831623299862e-10
132,10,3.291944494776544e-11
132,12,1.5688783605583012e-10
132,14,1.3579182223111275e-10
132,17,1.3716316971112974e-10
132,18,9.117684385273606e-11
132,21,1.2173728691777796e-10
132,22,1.0862777344300412e-10
132,23,1.822044737309625e-10
132,24,7.316458550121752e-11
132,27,7.247535904753022e-11
132,29,6.035349997546291e-11
132,2,1.2070699995092582e-10
132,6,7.243983191074221e-11
132,7,1.3631051842821762e-10
132,8,1.2073542166035622e-10
133,10,1.5519674434472108e-10
133,12,6.460254553530831e-11
133,14,1.2070699995092582e-10
133,17,4.1943337691918714e-11
133,18,2.1816504158778116e-10
133,21,1.5651835383323487e-10
133,22,6.035349997546291e-11
133,23,1.822115791583201e-10
133,24,1.0975043096550507e-10
133,27,1.2073542166035622e-10
133,29,1.8106049992638873e-10
133,2,7.241851562866941e-11
133,6,1.2072831623299862e-10
133,7,7.243983191074221e-11
133,8,7.243983191074221e-11
134,10,7.319300721064792e-11
134,12,1.5688783605583012e-10
134,14,7.241851562866941e-11
134,17,6.832578947069123e-11
134,18,1.8105339449903113e-10
134,21,6.09645667282166e-11
134,22,9.055156624526717e-11
134,23,6.073719305277336e-11
134,24,7.316458550121752e-11
134,27,6.791367468395038e-11
134,29,1.3579892765847035e-10
134,2,1.3578471680375515e-10
134,6,6.391331908162101e-11
134,7,1.3631051842821762e-10
134,8,8.391509709326783e-11
135,10,1.21985976875294e-10
135,12,6.460254553530831e-11
135,14,1.0862777344300412e-10
135,17,2.1946533479422214e-10
135,18,6.390621365426341e-11
135,21,1.567599383633933e-10
135,22,1.0908252079389058e-10
135,23,9.938361245076521e-11
135,24,1.219433443111484e-10
135,27,1.3582024394054315e-10
135,29,1.0863487887036172e-10
135,2,6.036771083017811e-11
135,6,5.431388672150206e-11
135,7,6.09645667282166e-11
135,8,8.355982572538778e-11
136,10,7.243272648338461e-11
136,12,1.5518963891736348e-10
136,14,7.761258302707574e-11
136,17,6.45528075438051e-11
136,18,1.3579182223111275e-10
136,21,7.315748007385992e-11
136,22,2.3874235921539366e-11
136,23,8.358114200746058e-11
136,24,6.859579571028007e-11
136,27,6.794209639338078e-11
136,29,1.5522516605415149e-10
136,2,1.8108892163581913e-10
136,6,6.390621365426341e-11
136,7,1.828937001846498e-10
136,8,1.5518253349000588e-10
137,10,1.0865619515243452e-10
137,12,6.789235840187757e-11
137,14,1.2073542166035622e-10
137,17,6.858158485556487e-11
137,18,1.8104628907167353e-10
137,21,1.219291334564332e-10
137,22,1.0982148523908108e-10
137,23,1.3586998193204636e-10
137,24,1.567883600728237e-10
137,27,1.2078515965185943e-10
137,29,6.391331908162101e-11
137,2,6.791367468395038e-11
137,6,1.0862777344300412e-10
137,7,6.858158485556487e-11
137,8,6.389910822690581e-11
138,10,2.1964297047816217e-10
138,12,1.3578471680375515e-10
138,14,1.552393769088667e-10
138,17,1.3717027513848734e-10
138,18,1.2070699995092582e-10
138,21,6.858158485556487e-11
138,22,7.261746759468224e-11
138,23,6.80557832311024e-11
138,24,6.09716721555742e-11
138,27,7.764811016386375e-11
138,29,1.5522516605415149e-10
138,2,4.177991286269389e-11
138,6,1.8104628907167353e-10
138,7,1.219291334564332e-10
138,8,1.3579182223111275e-10
139,10,1.2072831623299862e-10
139,12,6.81268375046784e-11
139,14,1.0865619515243452e-10
139,17,1.219291334564332e-10
139,18,9.875833484329632e-11
139,21,1.3717027513848734e-10
139,22,1.2103384960937547e-10
139,23,1.3716316971112974e-10
139,24,1.829221218940802e-10
139,27,1.2073542166035622e-10
139,29,7.243272648338461e-11
139,2,1.5518253349000588e-10
139,6,2.715694336075103e-10
139,7,6.858158485556487e-11
139,8,7.277378699654946e-11
140,10,7.241851562866941e-11
140,12,1.3727685654885136e-10
140,14,1.5522516605415149e-10
140,17,7.265299473147024e-11
140,18,1.3579182223111275e-10
140,21,6.858158485556487e-11
140,22,6.81126266499632e-11
140,23,7.837996918169665e-11
140,24,7.316458550121752e-11
140,27,7.242562105602701e-11
140,29,1.2073542166035622e-10
140,2,1.0932410532404901e-10
140,6,7.759126674500294e-11
140,7,1.5651835383323487e-10
140,8,1.3635315099236323e-10
141,10,9.053024996319436e-11
141,12,6.863842827442568e-11
141,14,6.391331908162101e-11
141,17,7.788969469402218e-11
141,18,7.243983191074221e-11
141,21,1.3717027513848734e-10
141,22,1.815436689867056e-10
141,23,3.325340003357269e-11
141,24,1.219433443111484e-10
141,27,6.789946382923517e-11
141,29,1.5522516605415149e-10
141,2,3.879563337250147e-11
141,6,8.355982572538778e-11
141,7,6.45528075438051e-11
141,8,7.243983191074221e-11
142,10,8.357403658010298e-11
142,12,1.220143985847244e-10
142,14,1.8179946437157923e-10
142,17,1.0898304481088417e-10
142,18,1.3582024394054315e-10
142,21,7.315748007385992e-11
142,22,6.791367468395038e-11
142,23,6.45528075438051e-11
142,24,7.316458550121752e-11
142,27,1.3579892765847035e-10
142,29,1.3582024394054315e-10
142,2,6.791367468395038e-11
142,6,1.2069989452356822e-10
142,7,1.219291334564332e-10
142,8,1.212043798659579e-10
143,10,1.3578471680375515e-10
143,12,7.321432349272072e-11
143,14,6.060218993297894e-11
143,17,1.0865619515243452e-10
143,18,6.863842827442568e-11
143,21,7.270273272297345e-11
143,22,7.241851562866941e-11
143,23,1.828937001846498e-10
143,24,1.219433443111484e-10
143,27,7.760547759971814e-11
143,29,2.715978553169407e-10
143,2,9.054446081790957e-11
143,6,1.3578471680375515e-10
143,7,7.315748007385992e-11
143,8,6.863842827442568e-11
144,10,7.243272648338461e-11
144,12,1.220143985847244e-10
144,14,1.8104628907167353e-10
144,17,2.1796608962176833e-10
144,18,1.220143985847244e-10
144,21,9.913492249324918e-11
144,22,9.877965112536913e-11
144,23,1.3716316971112974e-10
144,24,7.316458550121752e-11
144,27,1.0862777344300412e-10
144,29,4.937561470796936e-11
144,2,1.5522516605415149e-10
144,6,1.5522516605415149e-10
144,7,1.2116174730181228e-10
144,8,1.5688783605583012e-10
145,10,1.0862777344300412e-10
145,12,7.844391802791506e-11
145,14,6.789235840187757e-11
145,17,1.2116885272916988e-10
145,18,6.460254553530831e-11
145,21,7.80460140958894e-11
145,22,8.417089247814147e-11
145,23,1.219291334564332e-10
145,24,1.219433443111484e-10
145,27,6.789946382923517e-11
145,29,1.8104628907167353e-10
145,2,7.760547759971814e-11
145,6,9.875833484329632e-11
145,7,7.241851562866941e-11
145,8,6.10071992923622e-11
146,10,1.8105339449903113e-10
146,12,1.220143985847244e-10
146,14,1.2070699995092582e-10
146,17,1.3716316971112974e-10
146,18,1.8236789856018731e-10
146,21,1.0973622011078987e-10
146,22,9.946887757905643e-11
146,23,1.219291334564332e-10
146,24,7.316458550121752e-11
146,27,2.311395519427606e-11
146,29,6.035349997546291e-11
146,2,1.0865619515243452e-10
146,6,2.1725554688600823e-10
146,7,1.3579182223111275e-10
146,8,7.831602033547824e-11
147,10,1.2072831623299862e-10
147,12,6.863842827442568e-11
147,14,7.243983191074221e-11
147,17,1.3716316971112974e-10
147,18,6.436096100514987e-11
147,21,1.3716316971112974e-10
147,22,1.5631229643986444e-10
147,23,7.315748007385992e-11
147,24,1.567883600728237e-10
147,27,1.0864198429771932e-10
147,29,1.8104628907167353e-10
147,2,7.268852186825825e-11
147,6,8.355982572538778e-11
147,7,6.789235840187757e-11
147,8,1.3726975112149375e-10
148,10,1.0862777344300412e-10
148,12,1.220143985847244e-10
148,14,1.0908252079389058e-10
148,17,1.2072831623299862e-10
148,18,1.3677947663381929e-10
148,21,7.837996918169665e-11
148,22,6.051692480468773e-11
148,23,1.369500068904017e-10
148,24,6.09716721555742e-11
148,27,1.5519674434472108e-10
148,29,1.8106049992638873e-10
148,2,1.5522516605415149e-10
148,6,9.054446081790957e-11
148,7,1.2069989452356822e-10
148,8,6.863842827442568e-11
149,10,2.935962584160734e-11
149,12,7.243983191074221e-11
149,14,7.844391802791506e-11
149,17,1.5522516605415149e-10
149,18,6.863842827442568e-11
149,21,1.219291334564332e-10
149,22,1.81643144969712e-10
149,23,6.444622613344109e-11
149,24,1.567883600728237e-10
149,27,1.8109602706317673e-10
149,29,1.0863487887036172e-10
149,2,6.036771083017811e-11
149,6,6.036060540282051e-11
149,7,7.241851562866941e-11
149,8,3.1164404390437994e-11
150,10,1.2069989452356822e-10
150,12,4.526157226791838e-11
150,14,1.0982148523908108e-10
150,17,6.073719305277336e-11
150,18,1.830358087318018e-10
150,21,7.315748007385992e-11
150,22,9.902834108288516e-11
150,23,1.369500068904017e-10
150,24,6.45599129711627e-11
150,27,1.2069989452356822e-10
150,29,1.2070699995092582e-10
150,2,1.3582734936790075e-10
150,6,1.8109602706317673e-10
150,7,1.2069989452356822e-10
150,8,1.8105339449903113e-10
151,10,1.0862777344300412e-10
151,12,1.2070699995092582e-10
151,14,7.844391802791506e-11
151,17,1.3652368124894565e-10
151,18,6.791367468395038e-11
151,21,1.0865619515243452e-10
151,22,1.8105339449903113e-10
151,23,7.315748007385992e-11
151,24,1.2175149777249317e-10
151,27,1.0862777344300412e-10
151,29,6.390621365426341e-11
151,2,6.858158485556487e-11
151,6,6.394884621840902e-11
151,7,6.789235840187757e-11
151,8,7.241851562866941e-11
152,10,1.8104628907167353e-10
152,12,7.241851562866941e-11
152,14,1.0982148523908108e-10
152,17,7.315748007385992e-11
152,18,1.0862777344300412e-10
152,21,7.243983191074221e-11
152,22,1.8104628907167353e-10
152,23,1.219291334564332e-10
152,24,6.859579571028007e-11
152,27,7.759126674500294e-11
152,29,1.5518963891736348e-10
152,2,1.369500068904017e-10
152,6,1.3588419278676156e-10
152,7,1.5518963891736348e-10
152,8,3.1953106827131705e-11
153,10,1.3579182223111275e-10
153,12,1.2070699995092582e-10
153,14,6.838973831690964e-11
153,17,1.3716316971112974e-10
153,18,1.0862777344300412e-10
153,21,1.2069989452356822e-10
153,22,6.051692480468773e-11
153,23,7.315748007385992e-11
153,24,1.829221218940802e-10
153,27,1.2070699995092582e-10
153,29,6.789235840187757e-11
153,2,6.858158485556487e-11
153,6,6.794209639338078e-11
153,7,1.8105339449903113e-10
153,8,8.355982572538778e-11
154,10,1.3582734936790075e-10
154,12,1.0863487887036172e-10
154,14,1.5631229643986444e-10
154,17,6.858158485556487e-11
154,18,2.1816504158778116e-10
154,21,6.789235840187757e-11
154,22,1.2157386208855314e-10
154,23,1.3716316971112974e-10
154,24,1.5579360024275957e-10
154,27,6.035349997546291e-11
154,29,1.3579892765847035e-10
154,2,1.3717027513848734e-10
154,6,1.5518253349000588e-10
154,7,1.0862777344300412e-10
154,8,9.875122941593872e-11
155,10,1.552820094730123e-10
155,12,8.355982572538778e-11
155,14,2.716404878810863e-11
155,17,1.3716316971112974e-10
155,18,1.8179946437157923e-10
155,21,1.5518963891736348e-10
155,22,6.407674391084583e-11
155,23,6.419753617592505e-11
155,24,1.3579182223111275e-10
155,27,1.3578471680375515e-10
155,29,2.6126656393898884e-11
155,2,6.858158485556487e-11
155,6,6.391331908162101e-11
155,7,1.2116174730181228e-10
155,8,7.241851562866941e-11
156,10,1.0865619515243452e-10
156,12,1.8104628907167353e-10
156,14,4.937561470796936e-11
156,17,6.858158485556487e-11
156,18,2.716404878810863e-10
156,21,6.391331908162101e-11
156,22,5.432809757621726e-11
156,23,1.5577938938804436e-10
156,24,6.789946382923517e-11
156,27,6.789235840187757e-11
156,29,1.828937001846498e-10
156,2,1.8260237766298815e-10
156,6,1.3582734936790075e-10
156,7,7.315748007385992e-11
156,8,1.3578471680375515e-10
157,10,1.3581313851318555e-10
157,12,9.875833484329632e-11
157,14,9.875122941593872e-11
157,17,1.219291334564332e-10
157,18,2.715765390348679e-10
157,21,1.3716316971112974e-10
157,22,1.3582734936790075e-10
157,23,6.414779818442184e-11
157,24,1.0862777344300412e-10
157,27,1.5518253349000588e-10
157,29,1.219291334564332e-10
157,2,6.45528075438051e-11
157,6,6.791367468395038e-11
157,7,1.219291334564332e-10
157,8,6.391331908162101e-11
158,10,7.243983191074221e-11
158,12,1.8104628907167353e-10
158,14,2.1731239030486904e-10
158,17,7.315748007385992e-11
158,18,9.875833484329632e-11
158,21,2.965805379062658e-11
158,22,1.5561596455881954e-10
158,23,1.3631051842821762e-10
158,24,1.2070699995092582e-10
158,27,6.390621365426341e-11
158,29,3.6209257814334705e-11
158,2,1.219291334564332e-10
158,6,1.3588419278676156e-10
158,7,7.315748007385992e-11
158,8,1.8194157291873125e-10
159,10,1.0869882771658013e-10
159,12,1.5518253349000588e-10
159,14,1.0941647587969783e-10
159,17,1.219291334564332e-10
159,18,1.3579182223111275e-10
159,21,7.315748007385992e-11
159,22,1.0862777344300412e-10
159,23,6.858158485556487e-11
159,24,8.358114200746058e-11
159,27,1.3579892765847035e-10
159,29,2.1725554688600823e-10
159,2,7.315748007385992e-11
159,6,6.45528075438051e-11
159,7,1.3716316971112974e-10
159,8,1.830358087318018e-10
160,10,7.246825362017262e-11
160,12,9.877965112536913e-11
160,14,1.2144596439611632e-10
160,17,7.315748007385992e-11
160,18,2.715765390348679e-10
160,21,1.219291334564332e-10
160,22,7.759126674500294e-11
160,23,1.5578649481540197e-10
160,24,1.0905409908446018e-10
160,27,7.242562105602701e-11
160,29,1.2069989452356822e-10
160,2,1.219291334564332e-10
160,6,1.567599383633933e-10
160,7,7.837996918169665e-11
160,8,1.212043798659579e-10
161,10,1.3582024394054315e-10
161,12,4.722977564597386e-11
161,14,6.863842827442568e-11
161,17,1.3716316971112974e-10
161,18,1.2157386208855314e-10
161,21,7.315748007385992e-11
161,22,8.355982572538778e-11
161,23,6.791367468395038e-11
161,24,6.45599129711627e-11
161,27,1.5522516605415149e-10
161,29,8.355982572538778e-11
161,2,6.45528075438051e-11
161,6,1.822044737309625e-10
161,7,1.0905409908446018e-10
161,8,1.212043798659579e-10
162,10,6.394174079105142e-11
162,12,1.3579182223111275e-10
162,14,1.5688783605583012e-10
162,17,7.315748007385992e-11
162,18,1.0982148523908108e-10
162,21,1.2069989452356822e-10
162,22,4.937561470796936e-11
162,23,1.2116885272916988e-10
162,24,1.3719159142056014e-10
162,27,6.036771083017811e-11
162,29,1.8174972638007603e-10
162,2,1.828937001846498e-10
162,6,9.877965112536913e-11
162,7,7.241851562866941e-11
162,8,3.518607627484016e-11
163,10,4.9389825562684564e-11
163,12,6.389910822690581e-11
163,14,7.321432349272072e-11
163,17,1.2116885272916988e-10
163,18,6.863842827442568e-11
163,21,7.241851562866941e-11
163,22,1.8105339449903113e-10
163,23,6.858158485556487e-11
163,24,7.316458550121752e-11
163,27,1.5522516605415149e-10
163,29,6.45528075438051e-11
163,2,6.858158485556487e-11
163,6,1.2069989452356822e-10
163,7,1.3579182223111275e-10
163,8,1.0982148523908108e-10
164,10,1.0865619515243452e-10
164,12,1.3579182223111275e-10
164,14,1.0982148523908108e-10
164,17,7.270273272297345e-11
164,18,1.3727685654885136e-10
164,21,9.875833484329632e-11
164,22,6.789235840187757e-11
164,23,1.567599383633933e-10
164,24,1.219433443111484e-10
164,27,6.390621365426341e-11
164,29,1.567599383633933e-10
164,2,1.219291334564332e-10
164,6,7.759126674500294e-11
164,7,6.036771083017811e-11
164,8,1.0982148523908108e-10
165,10,8.361666914424859e-11
165,12,7.243983191074221e-11
165,14,6.863842827442568e-11
165,17,1.2116885272916988e-10
165,18,6.863842827442568e-11
165,21,1.3579182223111275e-10
165,22,1.0865619515243452e-10
165,23,6.815525921410881e-11
165,24,6.859579571028007e-11
165,27,1.5518963891736348e-10
165,29,1.5578649481540197e-10
165,2,7.315748007385992e-11
165,6,1.8105339449903113e-10
165,7,1.5522516605415149e-10
165,8,8.358114200746058e-11
166,10,9.983125437429408e-11
166,12,1.5522516605415149e-10
166,14,6.391331908162101e-11
166,17,6.815525921410881e-11
166,18,1.3727685654885136e-10
166,21,6.789235840187757e-11
166,22,7.761258302707574e-11
166,23,1.3579182223111275e-10
166,24,1.567883600728237e-10
166,27,6.789946382923517e-11
166,29,1.2069989452356822e-10
166,2,1.219291334564332e-10
166,6,6.389910822690581e-11
166,7,7.761258302707574e-11
166,8,1.2070699995092582e-10
167,10,7.246825362017262e-11
167,12,1.8108892163581913e-10
167,14,1.5522516605415149e-10
167,17,1.567599383633933e-10
167,18,6.460254553530831e-11
167,21,1.3582024394054315e-10
167,22,1.0941647587969783e-10
167,23,6.789235840187757e-11
167,24,6.859579571028007e-11
167,27,1.2070699995092582e-10
167,29,1.2069989452356822e-10
167,2,7.315748007385992e-11
167,6,1.8105339449903113e-10
167,7,9.913492249324918e-11
167,8,6.789235840187757e-11
168,10,1.3581313851318555e-10
168,12,1.0865619515243452e-10
168,14,1.3635315099236323e-10
168,17,6.45528075438051e-11
168,18,1.5688783605583012e-10
168,21,6.858158485556487e-11
168,22,6.436096100514987e-11
168,23,1.3578471680375515e-10
168,24,1.3719159142056014e-10
168,27,7.759126674500294e-11
168,29,1.0862777344300412e-10
168,2,1.219291334564332e-10
168,6,5.717737394661526e-11
168,7,7.315748007385992e-11
168,8,7.759126674500294e-11
169,10,7.759126674500294e-11
169,12,1.3582734936790075e-10
169,14,2.1816504158778116e-10
169,17,1.219291334564332e-10
169,18,6.863842827442568e-11
169,21,1.3716316971112974e-10
169,22,1.815507744140632e-10
169,23,1.5518963891736348e-10
169,24,6.859579571028007e-11
169,27,1.2070699995092582e-10
169,29,1.8109602706317673e-10
169,2,6.858158485556487e-11
169,6,1.3579182223111275e-10
169,7,1.3716316971112974e-10
169,8,1.0865619515243452e-10
170,10,1.0862777344300412e-10
170,12,6.036771083017811e-11
170,14,1.2069989452356822e-10
170,17,7.315748007385992e-11
170,18,1.3726975112149375e-10
170,21,7.315748007385992e-11
170,22,6.389910822690581e-11
170,23,1.2116885272916988e-10
170,24,1.0975043096550507e-10
170,27,6.789946382923517e-11
170,29,1.5617729332007002e-10
170,2,1.3717027513848734e-10
170,6,1.8105339449903113e-10
170,7,6.858158485556487e-11
170,8,1.220143985847244e-10
171,10,7.241851562866941e-11
171,12,1.5521095519943628e-10
171,14,1.2070699995092582e-10
171,17,1.2173018149042036e-10
171,18,6.817657549618161e-11
171,21,1.219291334564332e-10
171,22,1.5518963891736348e-10
171,23,1.3716316971112974e-10
171,24,7.839418003641185e-11
171,27,1.5522516605415149e-10
171,29,7.315748007385992e-11
171,2,7.315748007385992e-11
171,6,1.2072831623299862e-10
171,7,1.828937001846498e-10
171,8,6.863842827442568e-11
172,10,1.0862777344300412e-10
172,12,1.8108892163581913e-10
172,14,6.389910822690581e-11
172,17,8.44124770082999e-11
172,18,1.3579182223111275e-10
172,21,6.858158485556487e-11
172,22,6.389910822690581e-11
172,23,6.858158485556487e-11
172,24,1.567883600728237e-10
172,27,6.392042450897861e-11
172,29,1.0973622011078987e-10
172,2,1.3716316971112974e-10
172,6,9.059419880941277e-11
172,7,1.3716316971112974e-10
172,8,1.5630519101250684e-10
173,10,7.759126674500294e-11
173,12,1.0870593314393773e-10
173,14,1.5518253349000588e-10
173,17,1.0973622011078987e-10
173,18,7.294431725313189e-11
173,21,1.219291334564332e-10
173,22,1.5561596455881954e-10
173,23,1.3717027513848734e-10
173,24,6.859579571028007e-11
173,27,1.2073542166035622e-10
173,29,8.44124770082999e-11
173,2,6.858158485556487e-11
173,6,8.358114200746058e-11
173,7,9.877965112536913e-11
173,8,2.7355895326763857e-11
174,10,1.3579182223111275e-10
174,12,1.552962203277275e-10
174,14,2.1725554688600823e-10
174,17,2.6766144856082974e-11
174,18,1.2157386208855314e-10
174,21,7.315748007385992e-11
174,22,6.436096100514987e-11
174,23,6.858158485556487e-11
174,24,1.219433443111484e-10
174,27,1.2073542166035622e-10
174,29,1.2116174730181228e-10
174,2,1.219291334564332e-10
174,6,1.3582734936790075e-10
174,7,1.3578471680375515e-10
174,8,1.5572965139654116e-10
175,10,6.389910822690581e-11
175,12,6.394884621840902e-11
175,14,9.983835980165168e-11
175,17,1.567599383633933e-10
175,18,6.460254553530831e-11
175,21,1.3631051842821762e-10
175,22,1.5631229643986444e-10
175,23,1.3717027513848734e-10
175,24,6.45599129711627e-11
175,27,1.8105339449903113e-10
175,29,6.815525921410881e-11
175,2,7.315748007385992e-11
175,6,6.794209639338078e-11
175,7,7.270273272297345e-11
175,8,6.060218993297894e-11
176,10,1.2069989452356822e-10
176,12,1.3582734936790075e-10
176,14,1.3727685654885136e-10
176,17,1.8174972638007603e-10
176,18,1.830287033044442e-10
176,21,6.815525921410881e-11
176,22,7.294431725313189e-11
176,23,7.270273272297345e-11
176,24,1.829221218940802e-10
176,27,1.3579182223111275e-10
176,29,1.2073542166035622e-10
176,2,1.3665157894138247e-10
176,6,1.3716316971112974e-10
176,7,1.3582734936790075e-10
176,8,1.5582912737954757e-10
177,10,2.938094212368014e-11
177,12,7.243983191074221e-11
177,14,7.844391802791506e-11
177,17,4.526157226791838e-11
177,18,6.460254553530831e-11
177,21,1.3716316971112974e-10
177,22,1.2157386208855314e-10
177,23,1.2116885272916988e-10
177,24,6.859579571028007e-11
177,27,6.389910822690581e-11
177,29,6.791367468395038e-11
177,2,7.761258302707574e-11
177,6,7.315748007385992e-11
177,7,7.243983191074221e-11
177,8,6.817657549618161e-11
178,10,9.877965112536913e-11
178,12,1.2072831623299862e-10
178,14,2.7966962079517543e-11
178,17,9.875833484329632e-11
178,18,1.3726975112149375e-10
178,21,4.572342504616245e-11
178,22,8.417089247814147e-11
178,23,6.414779818442184e-11
178,24,1.219433443111484e-10
178,27,2.1726265231336583e-10
178,29,1.5522516605415149e-10
178,2,9.976020010071807e-11
178,6,1.0870593314393773e-10
178,7,1.0865619515243452e-10
178,8,1.5582912737954757e-10
179,10,7.243983191074221e-11
179,12,6.791367468395038e-11
179,14,9.916334420267958e-11
179,17,1.5577938938804436e-10
179,18,6.863842827442568e-11
179,21,6.391331908162101e-11
179,22,2.1731239030486904e-10
179,23,1.822044737309625e-10
179,24,6.09716721555742e-11
179,27,6.035349997546291e-11
179,29,6.815525921410881e-11
179,2,7.315748007385992e-11
179,6,7.243983191074221e-11
179,7,7.837996918169665e-11
179,8,1.3579182223111275e-10
180,10,1.2073542166035622e-10
180,12,1.2074252708771382e-10
180,14,1.3726975112149375e-10
180,17,3.76019215764245e-11
180,18,1.3727685654885136e-10
180,21,5.1741722018050496e-11
180,22,4.937561470796936e-11
180,23,6.431122301364667e-11
180,24,2.1726265231336583e-10
180,27,1.3578471680375515e-10
180,29,1.0973622011078987e-10
180,2,1.0973622011078987e-10
180,6,1.3579182223111275e-10
180,7,1.219291334564332e-10
180,8,1.0862777344300412e-10
181,10,7.246825362017262e-11
181,12,7.243983191074221e-11
181,14,6.421174703064025e-11
181,17,1.2116885272916988e-10
181,18,7.321432349272072e-11
181,21,9.912071163853398e-11
181,22,1.3579182223111275e-10
181,23,1.3631051842821762e-10
181,24,7.241851562866941e-11
181,27,6.789235840187757e-11
181,29,7.837996918169665e-11
181,2,8.388667538383743e-11
181,6,7.759126674500294e-11
181,7,6.45528075438051e-11
181,8,1.3578471680375515e-10
182,10,1.3582734936790075e-10
182,12,1.3578471680375515e-10
182,14,1.552962203277275e-10
182,17,9.087841590371681e-11
182,18,1.220143985847244e-10
182,21,7.270273272297345e-11
182,22,6.789235840187757e-11
182,23,6.815525921410881e-11
182,24,1.0862777344300412e-10
182,27,1.3582734936790075e-10
182,29,1.3717027513848734e-10
182,2,1.2069989452356822e-10
182,6,9.877965112536913e-11
182,7,1.567599383633933e-10
182,8,7.241851562866941e-11
183,10,6.391331908162101e-11
183,12,7.241851562866941e-11
183,14,7.791811640345259e-11
183,17,4.036593281853129e-11
183,18,6.863842827442568e-11
183,21,1.567599383633933e-10
183,22,1.3578471680375515e-10
183,23,1.3665157894138247e-10
183,24,6.791367468395038e-11
183,27,2.745537130977027e-11
183,29,6.858158485556487e-11
183,2,6.789235840187757e-11
183,6,7.243983191074221e-11
183,7,6.45528075438051e-11
183,8,1.3635315099236323e-10
184,10,1.3581313851318555e-10
184,12,1.2070699995092582e-10
184,14,1.220143985847244e-10
184,17,8.388667538383743e-11
184,18,1.3727685654885136e-10
184,21,6.45528075438051e-11
184,22,6.051692480468773e-11
184,23,6.858158485556487e-11
184,24,1.3668000065081287e-10
184,27,1.3635315099236323e-10
184,29,1.219291334564332e-10
184,2,1.2069989452356822e-10
184,6,1.0865619515243452e-10
184,7,1.567599383633933e-10
184,8,7.321432349272072e-11
185,10,1.2072831623299862e-10
185,12,6.789235840187757e-11
185,14,6.10071992923622e-11
185,17,1.5522516605415149e-10
185,18,7.321432349272072e-11
185,21,9.976020010071807e-11
185,22,1.5522516605415149e-10
185,23,1.3716316971112974e-10
185,24,7.289457926162868e-11
185,27,6.791367468395038e-11
185,29,6.858158485556487e-11
185,2,7.241851562866941e-11
185,6,7.761258302707574e-11
185,7,6.45528075438051e-11
185,8,1.2181544661871158e-10
186,10,1.3579182223111275e-10
186,12,1.3578471680375515e-10
186,14,1.5688783605583012e-10
186,17,9.054446081790957e-11
186,18,1.22021504012082e-10
186,21,8.409273277720786e-11
186,22,7.241851562866941e-11
186,23,6.858158485556487e-11
186,24,1.2148859696026193e-10
186,27,1.2073542166035622e-10
186,29,1.3716316971112974e-10
186,2,1.3578471680375515e-10
186,6,1.3582024394054315e-10
186,7,1.567599383633933e-10
186,8,6.460254553530831e-11
187,10,8.355982572538778e-11
187,12,6.789235840187757e-11
187,14,6.863842827442568e-11
187,17,6.389910822690581e-11
187,18,7.278799785126466e-11
187,21,9.976020010071807e-11
187,22,1.3579182223111275e-10
187,23,1.3716316971112974e-10
187,24,7.243983191074221e-11
187,27,7.272404900504625e-11
187,29,7.315748007385992e-11
187,2,6.815525921410881e-11
187,6,7.243272648338461e-11
187,7,6.858158485556487e-11
187,8,1.3727685654885136e-10
188,10,1.2069989452356822e-10
188,12,1.0862777344300412e-10
188,14,1.3727685654885136e-10
188,17,1.2069989452356822e-10
188,18,1.2072831623299862e-10
188,21,4.023092969873687e-11
188,22,7.241851562866941e-11
188,23,6.858158485556487e-11
188,24,1.2073542166035622e-10
188,27,1.2157386208855314e-10
188,29,1.0905409908446018e-10
188,2,1.2147438610554673e-10
188,6,1.2069989452356822e-10
188,7,1.3716316971112974e-10
188,8,6.863842827442568e-11
189,10,1.5688073062847252e-10
189,12,9.054446081790957e-11
189,14,6.460254553530831e-11
189,17,1.0865619515243452e-10
189,18,6.817657549618161e-11
189,21,1.2072121080564102e-10
189,22,1.2069989452356822e-10
189,23,1.3717027513848734e-10
189,24,7.243983191074221e-11
189,27,7.294431725313189e-11
189,29,7.270273272297345e-11
189,2,7.288036840691348e-11
189,6,1.2072831623299862e-10
189,7,7.837996918169665e-11
189,8,1.5688073062847252e-10
190,10,6.460254553530831e-11
190,12,1.0870593314393773e-10
190,14,1.5688783605583012e-10
190,17,7.837996918169665e-11
190,18,1.3726975112149375e-10
190,21,1.0904699365710258e-10
190,22,6.789235840187757e-11
190,23,7.315748007385992e-11
190,24,1.2072831623299862e-10
190,27,1.3662315723195206e-10
190,29,1.2116174730181228e-10
190,2,1.3652368124894565e-10
190,6,1.552962203277275e-10
190,7,9.882228368951473e-11
190,8,6.863842827442568e-11
191,10,1.220143985847244e-10
191,12,7.247535904753022e-11
191,14,6.436096100514987e-11
191,17,1.219291334564332e-10
191,18,6.863842827442568e-11
191,21,7.788969469402218e-11
191,22,1.3579182223111275e-10
191,23,1.369500068904017e-10
191,24,7.241851562866941e-11
191,27,2.745537130977027e-11
191,29,8.44124770082999e-11
191,2,6.826184062447282e-11
191,6,1.552962203277275e-10
191,7,7.247535904753022e-11
191,8,1.3726975112149375e-10
192,10,8.447642585451831e-11
192,12,1.3582024394054315e-10
192,14,1.5522516605415149e-10
192,17,7.837996918169665e-11
192,18,1.3726975112149375e-10
192,21,1.0904699365710258e-10
192,22,6.80842049405328e-11
192,23,6.444622613344109e-11
192,24,1.2069989452356822e-10
192,27,1.3727685654885136e-10
192,29,1.0973622011078987e-10
192,2,1.3716316971112974e-10
192,6,6.391331908162101e-11
192,7,1.2079226507921703e-10
192,8,6.863842827442568e-11
193,10,1.0982148523908108e-10
193,12,6.791367468395038e-11
193,14,6.392042450897861e-11
193,17,1.0905409908446018e-10
193,18,6.863842827442568e-11
193,21,6.789235840187757e-11
193,22,1.5631229643986444e-10
193,23,1.369500068904017e-10
193,24,6.789235840187757e-11
193,27,6.460254553530831e-11
193,29,6.858158485556487e-11
193,2,6.815525921410881e-11
193,6,1.3582024394054315e-10
193,7,7.247535904753022e-11
193,8,1.3727685654885136e-10
194,10,6.863842827442568e-11
194,12,1.2072831623299862e-10
194,14,1.3582024394054315e-10
194,17,7.761258302707574e-11
194,18,1.3726975112149375e-10
194,21,1.5518963891736348e-10
194,22,6.428990673157386e-11
194,23,6.858158485556487e-11
194,24,1.3579182223111275e-10
194,27,1.5688783605583012e-10
194,29,1.369500068904017e-10
194,2,1.3578471680375515e-10
194,6,6.392042450897861e-11
194,7,1.3582024394054315e-10
194,8,6.863842827442568e-11
195,10,1.220143985847244e-10
195,12,7.764811016386375e-11
195,14,7.761258302707574e-11
195,17,1.0905409908446018e-10
195,18,1.830287033044442e-10
195,21,6.789235840187757e-11
195,22,1.2143885896875872e-10
195,23,1.3716316971112974e-10
195,24,6.791367468395038e-11
195,27,7.830891490812064e-11
195,29,6.858158485556487e-11
195,2,6.789235840187757e-11
195,6,1.3582024394054315e-10
195,7,6.794209639338078e-11
195,8,1.0908252079389058e-10
196,10,7.272404900504625e-11
196,12,1.0870593314393773e-10
196,14,1.0862777344300412e-10
196,17,7.794653811288299e-11
196,18,9.946887757905643e-11
196,21,1.2070699995092582e-10
196,22,7.286615755219827e-11
196,23,6.45528075438051e-11
196,24,1.3582024394054315e-10
196,27,1.0982148523908108e-10
196,29,1.219291334564332e-10
196,2,1.3631051842821762e-10
196,6,7.241851562866941e-11
196,7,1.3588419278676156e-10
196,8,7.761258302707574e-11
197,10,1.3582734936790075e-10
197,12,6.794209639338078e-11
197,14,8.358114200746058e-11
197,17,1.0865619515243452e-10
197,18,1.3582024394054315e-10
197,21,7.243983191074221e-11
197,22,1.3677237120646168e-10
197,23,1.822115791583201e-10
197,24,6.45599129711627e-11
197,27,7.844391802791506e-11
197,29,7.315748007385992e-11
197,2,7.315748007385992e-11
197,6,1.0862777344300412e-10
197,7,7.764811016386375e-11
197,8,1.0862777344300412e-10
198,10,7.791811640345259e-11
198,12,1.3582734936790075e-10
198,14,9.086420504900161e-11
198,17,6.791367468395038e-11
198,18,7.241851562866941e-11
198,21,1.219291334564332e-10
198,22,7.294431725313189e-11
198,23,6.058087365090614e-11
198,24,1.567883600728237e-10
198,27,1.3727685654885136e-10
198,29,1.219291334564332e-10
198,2,1.219291334564332e-10
198,6,9.052314453583676e-11
198,7,1.0884093626373215e-10
198,8,7.759126674500294e-11
199,10,1.0908252079389058e-10
199,12,6.791367468395038e-11
199,14,7.243983191074221e-11
199,17,1.3582734936790075e-10
199,18,1.3579182223111275e-10
199,21,7.315748007385992e-11
199,22,1.2103384960937547e-10
199,23,1.3582734936790075e-10
199,24,6.859579571028007e-11
199,27,6.036771083017811e-11
199,29,7.243983191074221e-11
199,2,7.837996918169665e-11
199,6,9.877965112536913e-11
199,7,7.774758614687016e-11
199,8,1.3578471680375515e-10
200,10,6.863842827442568e-11
200,12,1.2073542166035622e-10
200,14,1.5518253349000588e-10
200,17,6.791367468395038e-11
200,18,7.272404900504625e-11
200,21,1.219291334564332e-10
200,22,6.407674391084583e-11
200,23,7.243983191074221e-11
200,24,1.3719159142056014e-10
200,27,1.2072831623299862e-10
200,29,1.3578471680375515e-10
200,2,1.0973622011078987e-10
200,6,2.7341684472048655e-11
200,7,1.0884093626373215e-10
200,8,6.416911446649465e-11
201,10,1.3726975112149375e-10
201,12,7.243983191074221e-11
201,14,6.791367468395038e-11
201,17,1.5522516605415149e-10
201,18,1.2112622016502428e-10
201,21,6.858158485556487e-11
201,22,1.815507744140632e-10
201,23,1.3582024394054315e-10
201,24,7.839418003641185e-11
201,27,7.247535904753022e-11
201,29,6.789235840187757e-11
201,2,6.858158485556487e-11
201,6,1.822968442866113e-10
201,7,6.791367468395038e-11
201,8,1.5688783605583012e-10
202,10,7.321432349272072e-11
202,12,1.3582734936790075e-10
202,14,1.2073542166035622e-10
202,17,6.391331908162101e-11
202,18,3.518607627484016e-11
202,21,9.976020010071807e-11
202,22,6.81126266499632e-11
202,23,1.5522516605415149e-10
202,24,1.0975043096550507e-10
202,27,1.3677237120646168e-10
202,29,1.3578471680375515e-10
202,2,1.3716316971112974e-10
202,6,1.5559464827674674e-10
202,7,1.3578471680375515e-10
202,8,6.863842827442568e-11
203,10,1.2181544661871158e-10
203,12,6.791367468395038e-11
203,14,6.817657549618161e-11
203,17,1.3631051842821762e-10
203,18,1.0982148523908108e-10
203,21,9.054446081790957e-11
203,22,1.0892620139202336e-10
203,23,1.2116885272916988e-10
203,24,7.839418003641185e-11
203,27,7.844391802791506e-11
203,29,6.789235840187757e-11
203,2,7.837996918169665e-11
203,6,1.0862777344300412e-10
203,7,7.759837217236054e-11
203,8,1.3704237744605052e-10
204,10,6.863842827442568e-11
204,12,1.3588419278676156e-10
204,14,1.5583623280690517e-10
204,17,6.832578947069123e-11
204,18,1.0982148523908108e-10
204,21,1.3582024394054315e-10
204,22,7.294431725313189e-11
204,23,1.3631051842821762e-10
204,24,6.791367468395038e-11
204,27,1.0982148523908108e-10
204,29,1.5518253349000588e-10
204,2,6.789946382923517e-11
204,6,1.2069989452356822e-10
204,7,1.0865619515243452e-10
204,8,7.30864258002839e-11
205,10,1.3635315099236323e-10
205,12,6.794209639338078e-11
205,14,6.813394293203601e-11
205,17,1.3716316971112974e-10
205,18,7.759126674500294e-11
205,21,4.1943337691918714e-11
205,22,1.0941647587969783e-10
205,23,6.832578947069123e-11
205,24,1.2072831623299862e-10
205,27,7.844391802791506e-11
205,29,6.391331908162101e-11
205,2,1.3579182223111275e-10
205,6,7.759126674500294e-11
205,7,7.243983191074221e-11
205,8,1.22021504012082e-10
206,10,6.817657549618161e-11
206,12,1.0870593314393773e-10
206,14,7.760547759971814e-11
206,17,6.858158485556487e-11
206,18,1.5518253349000588e-10
206,21,7.30082660993503e-11
206,22,8.358114200746058e-11
206,23,1.3665868436874007e-10
206,24,9.054446081790957e-11
206,27,9.966072411771165e-11
206,29,1.3582734936790075e-10
206,2,1.0862777344300412e-10
206,6,9.875833484329632e-11
206,7,1.2070699995092582e-10
206,8,6.863842827442568e-11
207,10,1.3635315099236323e-10
207,12,7.764811016386375e-11
207,14,9.983835980165168e-11
207,17,1.3716316971112974e-10
207,18,6.789235840187757e-11
207,21,1.567599383633933e-10
207,22,7.761258302707574e-11
207,23,6.414779818442184e-11
207,24,9.052314453583676e-11
207,27,7.321432349272072e-11
207,29,6.791367468395038e-11
207,2,7.759126674500294e-11
207,6,8.378009397347341e-11
207,7,6.390621365426341e-11
207,8,1.220143985847244e-10
208,10,6.863842827442568e-11
208,12,9.054446081790957e-11
208,14,1.5688073062847252e-10
208,17,7.837996918169665e-11
208,18,1.3579182223111275e-10
208,21,6.858158485556487e-11
208,22,9.946887757905643e-11
208,23,1.5589307622576598e-10
208,24,1.2069989452356822e-10
208,27,1.220143985847244e-10
208,29,1.3581313851318555e-10
208,2,1.0862777344300412e-10
208,6,1.2101963875466026e-10
208,7,1.5519674434472108e-10
208,8,8.433431730736629e-11
209,10,1.3727685654885136e-10
209,12,1.0862777344300412e-10
209,14,6.460254553530831e-11
209,17,9.976020010071807e-11
209,18,1.5582912737954757e-10
209,21,1.3716316971112974e-10
209,22,1.22021504012082e-10
209,23,1.8187762407251284e-10
209,24,7.759126674500294e-11
209,27,8.447642585451831e-11
209,29,6.815525921410881e-11
209,2,7.241851562866941e-11
209,6,6.836131660747924e-11
209,7,7.242562105602701e-11
209,8,9.983125437429408e-11
210,10,7.844391802791506e-11
210,12,9.052314453583676e-11
210,14,5.2295945351943374e-11
210,17,8.44124770082999e-11
210,18,1.22021504012082e-10
210,21,6.858158485556487e-11
210,22,7.321432349272072e-11
210,23,1.0862777344300412e-10
210,24,9.052314453583676e-11
210,27,9.983125437429408e-11
210,29,1.3631051842821762e-10
210,2,1.2069989452356822e-10
210,6,1.0938094874290982e-10
210,7,1.2070699995092582e-10
210,8,7.321432349272072e-11
211,10,1.0982148523908108e-10
211,12,7.759126674500294e-11
211,14,1.0982148523908108e-10
211,17,7.315748007385992e-11
211,18,1.3727685654885136e-10
211,21,1.219291334564332e-10
211,22,1.22021504012082e-10
211,23,1.2069989452356822e-10
211,24,8.355982572538778e-11
211,27,8.390799166591023e-11
211,29,6.858158485556487e-11
211,2,6.791367468395038e-11
211,6,9.114842214330565e-11
211,7,6.036771083017811e-11
211,8,1.3727685654885136e-10
212,10,7.844391802791506e-11
212,12,1.2070699995092582e-10
212,14,6.863842827442568e-11
212,17,1.2116885272916988e-10
212,18,6.460254553530831e-11
212,21,7.315748007385992e-11
212,22,7.793232725816779e-11
212,23,2.1726265231336583e-10
212,24,1.0865619515243452e-10
212,27,9.875122941593872e-11
212,29,1.219291334564332e-10
212,2,1.3582024394054315e-10
212,6,9.9333874459262e-11
212,7,6.390621365426341e-11
212,8,6.863842827442568e-11
213,10,1.0982148523908108e-10
213,12,7.241851562866941e-11
213,14,1.3727685654885136e-10
213,17,6.815525921410881e-11
213,18,1.5661782981624128e-10
213,21,1.219291334564332e-10
213,22,1.3635315099236323e-10
213,23,1.3579182223111275e-10
213,24,7.243983191074221e-11
213,27,7.272404900504625e-11
213,29,8.44124770082999e-11
213,2,7.761258302707574e-11
213,6,7.284484127012547e-11
213,7,1.8105339449903113e-10
213,8,1.3727685654885136e-10
214,10,6.863842827442568e-11
214,12,1.2070699995092582e-10
214,14,6.791367468395038e-11
214,17,1.2069989452356822e-10
214,18,6.863842827442568e-11
214,21,8.44124770082999e-11
214,22,6.436096100514987e-11
214,23,1.3579182223111275e-10
214,24,1.5522516605415149e-10
214,27,7.241851562866941e-11
214,29,9.087841590371681e-11
214,2,9.055156624526717e-11
214,6,1.2153122952440754e-10
214,7,1.3578471680375515e-10
214,8,6.863842827442568e-11
215,10,1.0982148523908108e-10
215,12,8.355982572538778e-11
215,14,1.3578471680375515e-10
215,17,1.0862777344300412e-10
215,18,1.3726975112149375e-10
215,21,1.0973622011078987e-10
215,22,1.5613466075592441e-10
215,23,1.3582024394054315e-10
215,24,7.243983191074221e-11
215,27,1.3582024394054315e-10
215,29,7.788969469402218e-11
215,2,9.052314453583676e-11
215,6,8.413536534135346e-11
215,7,6.789235840187757e-11
215,8,1.3727685654885136e-10
216,10,8.447642585451831e-11
216,12,1.0862777344300412e-10
216,14,6.817657549618161e-11
216,17,7.241851562866941e-11
216,18,7.321432349272072e-11
216,21,7.315748007385992e-11
216,22,6.436096100514987e-11
216,23,9.052314453583676e-11
216,24,9.877965112536913e-11
216,27,1.2072831623299862e-10
216,29,1.0912515335803619e-10
216,2,9.875122941593872e-11
216,6,1.0891199053730816e-10
216,7,1.5518253349000588e-10
216,8,6.851763600934646e-11
217,10,1.22021504012082e-10
217,12,6.791367468395038e-11
217,14,1.3727685654885136e-10
217,17,1.2069989452356822e-10
217,18,1.0982148523908108e-10
217,21,1.2147438610554673e-10
217,22,1.3662315723195206e-10
217,23,1.3579182223111275e-10
217,24,8.358114200746058e-11
217,27,6.817657549618161e-11
217,29,7.761258302707574e-11
217,2,7.252509703903343e-11
217,6,7.776179700158536e-11
217,7,9.875833484329632e-11
217,8,1.22021504012082e-10
218,10,6.838973831690964e-11
218,12,1.0862777344300412e-10
218,14,7.844391802791506e-11
218,17,7.761258302707574e-11
218,18,7.272404900504625e-11
218,21,7.270273272297345e-11
218,22,6.831157861597603e-11
218,23,9.052314453583676e-11
218,24,9.877965112536913e-11
218,27,9.877965112536913e-11
218,29,1.3582734936790075e-10
218,2,1.3629630757350242e-10
218,6,9.07647290659952e-11
218,7,1.8105339449903113e-10
218,8,6.863842827442568e-11
219,10,1.0942358130705543e-10
219,12,8.355982572538778e-11
219,14,1.0982148523908108e-10
219,17,1.219291334564332e-10
219,18,8.355982572538778e-11
219,21,1.2116885272916988e-10
219,22,1.3677237120646168e-10
219,23,9.052314453583676e-11
219,24,8.355982572538778e-11
219,27,8.390799166591023e-11
219,29,6.858158485556487e-11
219,2,7.788258926666458e-11
219,6,8.378009397347341e-11
219,7,1.2070699995092582e-10
219,8,1.8179946437157923e-10
220,10,9.15179043659009e-11
220,12,1.2069989452356822e-10
220,14,6.863842827442568e-11
220,17,7.837996918169665e-11
220,18,1.2069989452356822e-10
220,21,6.815525921410881e-11
220,22,7.294431725313189e-11
220,23,1.8105339449903113e-10
220,24,9.052314453583676e-11
220,27,1.3727685654885136e-10
220,29,1.219291334564332e-10
220,2,1.0903988822974497e-10
220,6,1.0891199053730816e-10
220,7,7.759126674500294e-11
220,8,7.267431101354305e-11
221,10,1.0982148523908108e-10
221,12,6.791367468395038e-11
221,14,1.3726975112149375e-10
221,17,1.0973622011078987e-10
221,18,1.0865619515243452e-10
221,21,1.2116885272916988e-10
221,22,1.2157386208855314e-10
221,23,2.1726265231336583e-10
221,24,7.759126674500294e-11
221,27,7.844391802791506e-11
221,29,7.837996918169665e-11
221,2,7.770495358272456e-11
221,6,7.261036216732464e-11
221,7,1.2069989452356822e-10
221,8,9.916334420267958e-11
222,10,7.844391802791506e-11
222,12,1.3582024394054315e-10
222,14,7.830891490812064e-11
222,17,6.858158485556487e-11
222,18,7.759126674500294e-11
222,21,7.275247071447666e-11
222,22,6.817657549618161e-11
222,23,9.875833484329632e-11
222,24,7.759126674500294e-11
222,27,1.0982148523908108e-10
222,29,9.960388069885084e-11
222,2,6.789235840187757e-11
222,6,1.361399881716352e-10
222,7,7.759837217236054e-11
222,8,2.1816504158778116e-10
223,10,9.983125437429408e-11
223,12,6.863842827442568e-11
223,14,1.0963674412778346e-10
223,17,1.3716316971112974e-10
223,18,9.052314453583676e-11
223,21,1.3640999441122403e-10
223,22,1.212043798659579e-10
223,23,6.789235840187757e-11
223,24,1.2069989452356822e-10
223,27,7.844391802791506e-11
223,29,7.837996918169665e-11
223,2,1.0862777344300412e-10
223,6,6.80699940858176e-11
223,7,1.0863487887036172e-10
223,8,1.2069989452356822e-10
224,10,8.447642585451831e-11
224,12,1.0963674412778346e-10
224,14,7.321432349272072e-11
224,17,6.858158485556487e-11
224,18,9.089973218578962e-11
224,21,7.788969469402218e-11
224,22,7.791811640345259e-11
224,23,1.0862777344300412e-10
224,24,9.877965112536913e-11
224,27,6.863842827442568e-11
224,29,1.567599383633933e-10
224,2,1.0862777344300412e-10
224,6,1.361399881716352e-10
224,7,7.242562105602701e-11
224,8,1.2070699995092582e-10
225,10,6.863842827442568e-11
225,12,7.844391802791506e-11
225,14,1.22021504012082e-10
225,17,1.3631051842821762e-10
225,18,1.0908252079389058e-10
225,21,1.0905409908446018e-10
225,22,1.2157386208855314e-10
225,23,7.837996918169665e-11
225,24,7.761258302707574e-11
225,27,1.0865619515243452e-10
225,29,7.270273272297345e-11
225,2,7.770495358272456e-11
225,6,6.406963848348823e-11
225,7,1.0862777344300412e-10
225,8,6.789235840187757e-11
226,10,1.3582024394054315e-10
226,12,1.3726975112149375e-10
226,14,6.863842827442568e-11
226,17,6.815525921410881e-11
226,18,7.243983191074221e-11
226,21,6.831868404333363e-11
226,22,6.863842827442568e-11
226,23,1.3717027513848734e-10
226,24,1.5522516605415149e-10
226,27,1.3582734936790075e-10
226,29,9.913492249324918e-11
226,2,1.3598366876976797e-10
226,6,1.5522516605415149e-10
226,7,2.715907498895831e-10
226,8,1.0862777344300412e-10
227,10,1.0908252079389058e-10
227,12,6.863842827442568e-11
227,14,1.3727685654885136e-10
227,17,1.2116174730181228e-10
227,18,1.212043798659579e-10
227,21,1.3669421150552807e-10
227,22,1.3726975112149375e-10
227,23,6.858158485556487e-11
227,24,7.247535904753022e-11
227,27,1.8179946437157923e-10
227,29,7.270273272297345e-11
227,2,6.791367468395038e-11
227,6,6.791367468395038e-11
227,7,1.0865619515243452e-10
227,8,7.759126674500294e-11
228,10,7.272404900504625e-11
228,12,1.3726975112149375e-10
228,14,7.844391802791506e-11
228,17,7.241851562866941e-11
228,18,6.838973831690964e-11
228,21,6.858158485556487e-11
228,22,6.863842827442568e-11
228,23,1.219291334564332e-10
228,24,9.882228368951473e-11
228,27,1.0982148523908108e-10
228,29,1.3631051842821762e-10
228,2,1.5522516605415149e-10
228,6,1.0865619515243452e-10
228,7,1.3716316971112974e-10
228,8,1.3581313851318555e-10
229,10,9.916334420267958e-11
229,12,6.863842827442568e-11
229,14,9.983125437429408e-11
229,17,1.3579182223111275e-10
229,18,1.2157386208855314e-10
229,21,1.3716316971112974e-10
229,22,1.5582912737954757e-10
229,23,7.837996918169665e-11
229,24,8.358114200746058e-11
229,27,1.3726975112149375e-10
229,29,7.837996918169665e-11
229,2,5.722000651076087e-11
229,6,9.07647290659952e-11
229,7,1.822044737309625e-10
229,8,6.817657549618161e-11
230,10,7.844391802791506e-11
230,12,1.3726975112149375e-10
230,14,8.447642585451831e-11
230,17,7.241851562866941e-11
230,18,7.815259550625342e-11
230,21,7.315748007385992e-11
230,22,6.391331908162101e-11
230,23,1.219291334564332e-10
230,24,1.0865619515243452e-10
230,27,7.321432349272072e-11
230,29,9.976020010071807e-11
230,2,9.054446081790957e-11
230,6,1.2101963875466026e-10
230,7,9.875833484329632e-11
230,8,1.3677947663381929e-10
231,10,1.3726975112149375e-10
231,12,7.844391802791506e-11
231,14,9.983125437429408e-11
231,17,1.0862777344300412e-10
231,18,1.0862777344300412e-10
231,21,1.219291334564332e-10
231,22,1.3582024394054315e-10
231,23,6.832578947069123e-11
231,24,7.247535904753022e-11
231,27,1.22021504012082e-10
231,29,6.858158485556487e-11
231,2,1.3598366876976797e-10
231,6,5.729816621169448e-11
231,7,4.526157226791838e-11
231,8,6.863842827442568e-11
232,10,6.863842827442568e-11
232,12,9.983835980165168e-11
232,14,7.815259550625342e-11
232,17,7.315748007385992e-11
232,18,7.241851562866941e-11
232,21,6.858158485556487e-11
232,22,6.791367468395038e-11
232,23,1.3631051842821762e-10
232,24,1.2073542166035622e-10
232,27,7.844391802791506e-11
232,29,1.2076384336978663e-10
232,2,6.832578947069123e-11
232,6,1.5522516605415149e-10
232,7,1.3578471680375515e-10
232,8,1.3726975112149375e-10
233,10,1.22021504012082e-10
233,12,6.863842827442568e-11
233,14,1.0908252079389058e-10
233,17,1.3716316971112974e-10
233,18,1.3579182223111275e-10
233,21,1.3631051842821762e-10
233,22,1.3635315099236323e-10
233,23,6.414779818442184e-11
233,24,7.243983191074221e-11
233,27,1.0982148523908108e-10
233,29,9.054446081790957e-11
233,2,1.3665868436874007e-10
233,6,1.3627499129142961e-10
233,7,2.1727686316808104e-10
233,8,6.863842827442568e-11
234,10,7.321432349272072e-11
234,12,1.212043798659579e-10
234,14,7.243983191074221e-11
234,17,6.858158485556487e-11
234,18,7.759126674500294e-11
234,21,6.789235840187757e-11
234,22,6.817657549618161e-11
234,23,1.567599383633933e-10
234,24,9.054446081790957e-11
234,27,6.863842827442568e-11
234,29,9.913492249324918e-11
234,2,1.0903988822974497e-10
234,6,1.828937001846498e-10
234,7,1.3582024394054315e-10
234,8,1.3726975112149375e-10
235,10,1.3727685654885136e-10
235,12,7.791811640345259e-11
235,14,1.3579182223111275e-10
235,17,1.219291334564332e-10
235,18,9.052314453583676e-11
235,21,1.2070699995092582e-10
235,22,1.369571123177593e-10
235,23,6.858158485556487e-11
235,24,9.054446081790957e-11
235,27,1.3727685654885136e-10
235,29,7.315748007385992e-11
235,2,7.761258302707574e-11
235,6,1.219291334564332e-10
235,7,9.877965112536913e-11
235,8,6.863842827442568e-11
236,10,6.863842827442568e-11
236,12,1.0865619515243452e-10
236,14,6.789235840187757e-11
236,17,7.315748007385992e-11
236,18,7.761258302707574e-11
236,21,8.355982572538778e-11
236,22,6.838973831690964e-11
236,23,1.219291334564332e-10
236,24,1.2072831623299862e-10
236,27,7.844391802791506e-11
236,29,1.219291334564332e-10
236,2,9.889333796309074e-11
236,6,6.858158485556487e-11
236,7,7.761258302707574e-11
236,8,1.3726975112149375e-10
237,10,1.220143985847244e-10
237,12,9.084288876692881e-11
237,14,1.3579182223111275e-10
237,17,1.3716316971112974e-10
237,18,1.3582734936790075e-10
237,21,1.2116174730181228e-10
237,22,1.5631229643986444e-10
237,23,7.837996918169665e-11
237,24,7.761258302707574e-11
237,27,9.983125437429408e-11
237,29,7.270273272297345e-11
237,2,7.253930789374863e-11
237,6,1.3717027513848734e-10
237,7,1.2070699995092582e-10
237,8,6.863842827442568e-11
238,10,7.321432349272072e-11
238,12,1.0908252079389058e-10
238,14,7.759126674500294e-11
238,17,6.858158485556487e-11
238,18,6.863842827442568e-11
238,21,6.45528075438051e-11
238,22,1.6896706256375182e-11
238,23,1.2147438610554673e-10
238,24,1.0865619515243452e-10
238,27,8.447642585451831e-11
238,29,1.36232358727284e-10
238,2,1.3598366876976797e-10
238,6,7.837996918169665e-11
238,7,8.355982572538778e-11
238,8,1.0908252079389058e-10
239,10,1.220143985847244e-10
239,12,6.817657549618161e-11
239,14,1.0865619515243452e-10
239,17,1.3716316971112974e-10
239,18,1.0982148523908108e-10
239,21,1.3716316971112974e-10
239,22,1.212043798659579e-10
239,23,6.832578947069123e-11
239,24,7.761258302707574e-11
239,27,7.321432349272072e-11
239,29,6.81126266499632e-11
239,2,6.800604523959919e-11
239,6,9.976020010071807e-11
239,7,9.052314453583676e-11
239,8,9.089973218578962e-11
240,10,6.863842827442568e-11
240,12,1.5518963891736348e-10
240,14,6.791367468395038e-11
240,17,7.837996918169665e-11
240,18,9.15179043659009e-11
240,21,6.858158485556487e-11
240,22,7.791811640345259e-11
240,23,1.3665868436874007e-10
240,24,9.877965112536913e-11
240,27,3.218048050257494e-11
240,29,1.3631051842821762e-10
240,2,1.3601919590655598e-10
240,6,8.44124770082999e-11
240,7,7.241851562866941e-11
240,8,1.0916778592218179e-10
241,10,1.5630519101250684e-10
241,12,1.5518963891736348e-10
241,14,1.2070699995092582e-10
241,17,1.0889067425523535e-10
241,18,1.0982148523908108e-10
241,21,1.219291334564332e-10
241,22,1.2069989452356822e-10
241,23,7.837996918169665e-11
241,24,7.243983191074221e-11
241,27,1.3726975112149375e-10
241,29,6.414779818442184e-11
241,2,7.770495358272456e-11
241,6,1.0905409908446018e-10
241,7,1.2070699995092582e-10
241,8,1.830358087318018e-10
242,10,7.294431725313189e-11
242,12,1.3578471680375515e-10
242,14,7.243272648338461e-11
242,17,6.80557832311024e-11
242,18,6.817657549618161e-11
242,21,7.315748007385992e-11
242,22,6.389910822690581e-11
242,23,1.0973622011078987e-10
242,24,1.2073542166035622e-10
242,27,4.363442940302775e-11
242,29,1.5522516605415149e-10
242,2,1.0881251455430174e-10
242,6,6.815525921410881e-11
242,7,7.759837217236054e-11
242,8,1.3582024394054315e-10
243,10,1.2157386208855314e-10
243,12,9.877965112536913e-11
243,14,1.3582734936790075e-10
243,17,1.2099121704522986e-10
243,18,1.3635315099236323e-10
243,21,1.219291334564332e-10
243,22,1.3582024394054315e-10
243,23,6.858158485556487e-11
243,24,7.316458550121752e-11
243,27,7.759126674500294e-11
243,29,7.761258302707574e-11
243,2,7.770495358272456e-11
243,6,1.3631051842821762e-10
243,7,1.2070699995092582e-10
243,8,9.052314453583676e-11
244,10,7.844391802791506e-11
244,12,8.390799166591023e-11
244,14,6.817657549618161e-11
244,17,7.243983191074221e-11
244,18,6.838973831690964e-11
244,21,7.270273272297345e-11
244,22,7.273115443240386e-11
244,23,1.3716316971112974e-10
244,24,1.3719159142056014e-10
244,27,1.0862777344300412e-10
244,29,1.0973622011078987e-10
244,2,9.889333796309074e-11
244,6,7.788969469402218e-11
244,7,7.759837217236054e-11
244,8,9.052314453583676e-11
245,10,1.0982148523908108e-10
245,12,9.15179043659009e-11
245,14,1.2157386208855314e-10
245,17,1.2099121704522986e-10
245,18,1.0982148523908108e-10
245,21,1.36232358727284e-10
245,22,1.5688073062847252e-10
245,23,7.837996918169665e-11
245,24,7.761258302707574e-11
245,27,1.8105339449903113e-10
245,29,6.858158485556487e-11
245,2,8.37019342725398e-11
245,6,9.976020010071807e-11
245,7,8.356693115274538e-11
245,8,9.052314453583676e-11
246,10,7.844391802791506e-11
246,12,9.15179043659009e-11
246,14,7.791811640345259e-11
246,17,8.409273277720786e-11
246,18,9.15179043659009e-11
246,21,9.913492249324918e-11
246,22,6.460254553530831e-11
246,23,9.14468500923249e-11
246,24,9.877965112536913e-11
246,27,1.0862777344300412e-10
246,29,9.976020010071807e-11
246,2,1.0875567113544093e-10
246,6,7.837996918169665e-11
246,7,7.759126674500294e-11
246,8,7.759126674500294e-11
247,10,6.817657549618161e-11
247,12,9.983835980165168e-11
247,14,1.0865619515243452e-10
247,17,9.939071787812281e-11
247,18,9.983125437429408e-11
247,21,2.715765390348679e-10
247,22,1.3726975112149375e-10
247,23,7.759837217236054e-11
247,24,7.243983191074221e-11
247,27,1.2070699995092582e-10
247,29,8.44124770082999e-11
247,2,7.768363730065175e-11
247,6,1.0973622011078987e-10
247,7,1.5518253349000588e-10
247,8,1.5522516605415149e-10
248,10,1.3582024394054315e-10
248,12,6.863842827442568e-11
248,14,7.243983191074221e-11
248,17,1.361186718895624e-10
248,18,8.447642585451831e-11
248,21,1.2069989452356822e-10
248,22,6.863842827442568e-11
248,23,7.759126674500294e-11
248,24,1.3579182223111275e-10
248,27,7.243983191074221e-11
248,29,1.3716316971112974e-10
248,2,9.889333796309074e-11
248,6,7.315748007385992e-11
248,7,2.1726265231336583e-10
248,8,6.416911446649465e-11
249,10,9.875122941593872e-11
249,12,1.5631229643986444e-10
249,14,1.2069989452356822e-10
249,17,1.5518963891736348e-10
249,18,9.983125437429408e-11
249,21,7.759126674500294e-11
249,22,1.3726975112149375e-10
249,23,1.0862777344300412e-10
249,24,6.789235840187757e-11
249,27,8.358824743481819e-11
249,29,6.858158485556487e-11
249,2,7.761258302707574e-11
249,6,1.567599383633933e-10
249,7,9.875833484329632e-11
249,8,1.2072831623299862e-10
250,10,1.8105339449903113e-10
250,12,7.243983191074221e-11
250,14,7.241851562866941e-11
250,17,1.3578471680375515e-10
250,18,8.447642585451831e-11
250,21,1.0865619515243452e-10
250,22,6.863842827442568e-11
250,23,1.2069989452356822e-10
250,24,1.2069989452356822e-10
250,27,1.2157386208855314e-10
250,29,1.3631051842821762e-10
250,2,1.0862777344300412e-10
250,6,1.828937001846498e-10
250,7,1.2069989452356822e-10
250,8,8.358114200746058e-11
251,10,1.5518963891736348e-10
251,12,1.0865619515243452e-10
251,14,1.0862777344300412e-10
251,17,6.789235840187757e-11
251,18,1.0982148523908108e-10
251,21,6.791367468395038e-11
251,22,1.3726975112149375e-10
251,23,1.8105339449903113e-10
251,24,8.355982572538778e-11
251,27,1.3677947663381929e-10
251,29,6.815525921410881e-11
251,2,7.761968845443334e-11
251,6,1.0862777344300412e-10
251,7,9.875833484329632e-11
251,8,1.0865619515243452e-10
252,10,9.916334420267958e-11
252,12,7.761968845443334e-11
252,14,8.355982572538778e-11
252,17,1.3578471680375515e-10
252,18,6.460254553530831e-11
252,21,1.3582734936790075e-10
252,22,6.863842827442568e-11
252,23,1.2069989452356822e-10
252,24,1.0865619515243452e-10
252,27,6.035349997546291e-11
252,29,1.3631051842821762e-10
252,2,1.3582024394054315e-10
252,6,9.875833484329632e-11
252,7,2.715765390348679e-10
252,8,7.815259550625342e-11
253,10,7.294431725313189e-11
253,12,9.877965112536913e-11
253,14,7.241851562866941e-11
253,17,6.801315066695679e-11
253,18,1.5630519101250684e-10
253,21,7.315748007385992e-11
253,22,1.22021504012082e-10
253,23,1.3579182223111275e-10
253,24,7.759126674500294e-11
253,27,7.759126674500294e-11
253,29,6.815525921410881e-11
253,2,9.875833484329632e-11
253,6,8.355982572538778e-11
253,7,1.0862777344300412e-10
253,8,9.983125437429408e-11
254,10,1.2073542166035622e-10
254,12,7.791811640345259e-11
254,14,1.0862777344300412e-10
254,17,1.3602630133391358e-10
254,18,6.838973831690964e-11
254,21,1.3716316971112974e-10
254,22,7.321432349272072e-11
254,23,6.791367468395038e-11
254,24,1.2070699995092582e-10
254,27,1.2069989452356822e-10
254,29,1.212470124301035e-10
254,2,1.8109602706317673e-10
254,6,1.0862777344300412e-10
254,7,2.1726265231336583e-10
254,8,8.447642585451831e-11
255,10,8.358114200746058e-11
255,12,1.2157386208855314e-10
255,14,1.0908252079389058e-10
255,17,7.254641332110623e-11
255,18,1.22021504012082e-10
255,21,7.315748007385992e-11
255,22,1.3726975112149375e-10
255,23,9.877965112536913e-11
255,24,7.241851562866941e-11
255,27,1.5518963891736348e-10
255,29,7.788969469402218e-11
255,2,1.2089884648958105e-10
255,6,7.759126674500294e-11
255,7,1.3579892765847035e-10
255,8,9.983125437429408e-11
256,10,1.0865619515243452e-10
256,12,8.447642585451831e-11
256,14,7.844391802791506e-11
256,17,1.2070699995092582e-10
256,18,7.321432349272072e-11
256,21,9.976020010071807e-11
256,22,7.30864258002839e-11
256,23,8.356693115274538e-11
256,24,9.058709338205517e-11
256,27,6.389910822690581e-11
256,29,1.219291334564332e-10
256,2,8.37019342725398e-11
256,6,1.2072831623299862e-10
256,7,1.2072831623299862e-10
256,8,7.30864258002839e-11
257,10,1.8109602706317673e-10
257,12,1.0982148523908108e-10
257,14,1.220143985847244e-10
257,17,6.789235840187757e-11
257,18,1.3726975112149375e-10
257,21,7.837996918169665e-11
257,22,1.0982148523908108e-10
257,23,1.2069989452356822e-10
257,24,7.243983191074221e-11
257,27,1.0862777344300412e-10
257,29,7.837996918169665e-11
257,2,9.889333796309074e-11
257,6,7.270273272297345e-11
257,7,7.761258302707574e-11
257,8,1.2181544661871158e-10
258,10,1.3582024394054315e-10
258,12,6.863842827442568e-11
258,14,8.447642585451831e-11
258,17,1.3579182223111275e-10
258,18,6.838973831690964e-11
258,21,1.219291334564332e-10
258,22,7.321432349272072e-11
258,23,8.355982572538778e-11
258,24,1.3582734936790075e-10
258,27,7.791811640345259e-11
258,29,1.0973622011078987e-10
258,2,7.808864666003501e-11
258,6,1.3640999441122403e-10
258,7,1.0865619515243452e-10
258,8,7.321432349272072e-11
259,10,9.916334420267958e-11
259,12,1.22021504012082e-10
259,14,1.3711343171962653e-10
259,17,6.789235840187757e-11
259,18,1.3677237120646168e-10
259,21,1.828937001846498e-10
259,22,1.0982148523908108e-10
259,23,1.0863487887036172e-10
259,24,7.241851562866941e-11
259,27,1.22021504012082e-10
259,29,7.837996918169665e-11
259,2,1.0932410532404901e-10
259,6,6.414779818442184e-11
259,7,7.808864666003501e-11
259,8,1.3727685654885136e-10
260,10,7.321432349272072e-11
260,12,8.447642585451831e-11
260,14,6.10071992923622e-11
260,17,1.3579182223111275e-10
260,18,6.863842827442568e-11
260,21,1.2072831623299862e-10
260,22,8.390799166591023e-11
260,23,6.789946382923517e-11
260,24,1.2070699995092582e-10
260,27,6.460254553530831e-11
260,29,9.976020010071807e-11
260,2,8.409273277720786e-11
260,6,1.3717027513848734e-10
260,7,1.2147438610554673e-10
260,8,6.817657549618161e-11
261,10,1.22021504012082e-10
261,12,9.983835980165168e-11
261,14,1.0982148523908108e-10
261,17,7.259615131260944e-11
261,18,1.22021504012082e-10
261,21,7.241851562866941e-11
261,22,9.054446081790957e-11
261,23,1.0863487887036172e-10
261,24,1.5522516605415149e-10
261,27,1.3582734936790075e-10
261,29,7.30437932361383e-11
261,2,1.2099121704522986e-10
261,6,6.858158485556487e-11
261,7,7.280931413333747e-11
261,8,1.3579182223111275e-10
262,10,8.447642585451831e-11
262,12,8.447642585451831e-11
262,14,8.447642585451831e-11
262,17,9.899281394609716e-11
262,18,7.321432349272072e-11
262,21,1.2116885272916988e-10
262,22,8.358114200746058e-11
262,23,7.759837217236054e-11
262,24,1.5620571502950042e-10
262,27,9.054446081790957e-11
262,29,1.3716316971112974e-10
262,2,6.036771083017811e-11
262,6,1.219291334564332e-10
262,7,3.036859652638668e-11
262,8,6.389910822690581e-11
263,10,9.983125437429408e-11
263,12,9.983835980165168e-11
263,14,1.0982148523908108e-10
263,17,6.80557832311024e-11
263,18,1.22021504012082e-10
263,21,1.0904699365710258e-10
263,22,1.3579182223111275e-10
263,23,7.759837217236054e-11
263,24,1.0975043096550507e-10
263,27,1.552322714815091e-10
263,29,6.858158485556487e-11
263,2,1.3582734936790075e-10
263,6,7.315748007385992e-11
263,7,9.110578957916005e-11
263,8,1.3579182223111275e-10
264,10,8.447642585451831e-11
264,12,8.447642585451831e-11
264,14,7.272404900504625e-11
264,17,1.5522516605415149e-10
264,18,7.321432349272072e-11
264,21,7.270273272297345e-11
264,22,7.241851562866941e-11
264,23,1.3579182223111275e-10
264,24,7.839418003641185e-11
264,27,1.5521806062679389e-10
264,29,1.3717027513848734e-10
264,2,8.358114200746058e-11
264,6,1.3631051842821762e-10
264,7,9.938361245076521e-11
264,8,8.355982572538778e-11
265,10,9.15179043659009e-11
265,12,1.0982148523908108e-10
265,14,1.2069989452356822e-10
265,17,8.358114200746058e-11
265,18,1.0982148523908108e-10
265,21,9.877965112536913e-11
265,22,1.2069989452356822e-10
265,23,1.2070699995092582e-10
265,24,1.0957990070892265e-10
265,27,8.358114200746058e-11
265,29,7.837996918169665e-11
265,2,9.899281394609716e-11
265,6,6.815525921410881e-11
265,7,7.288036840691348e-11
265,8,9.877965112536913e-11
266,10,7.791811640345259e-11
266,12,7.844391802791506e-11
266,14,7.241851562866941e-11
266,17,9.877965112536913e-11
266,18,7.830891490812064e-11
266,21,9.087131047635921e-11
266,22,7.272404900504625e-11
266,23,6.789235840187757e-11
266,24,7.839418003641185e-11
266,27,1.0865619515243452e-10
266,29,1.0973622011078987e-10
266,2,7.808864666003501e-11
266,6,1.3631051842821762e-10
266,7,1.0862777344300412e-10
266,8,8.390799166591023e-11
267,10,1.2073542166035622e-10
267,12,9.946887757905643e-11
267,14,1.2070699995092582e-10
267,17,7.288036840691348e-11
267,18,1.22021504012082e-10
267,21,9.976020010071807e-11
267,22,1.212043798659579e-10
267,23,1.0862777344300412e-10
267,24,1.0975043096550507e-10
267,27,9.054446081790957e-11
267,29,6.815525921410881e-11
267,2,1.09217523913685e-10
267,6,6.832578947069123e-11
267,7,7.759126674500294e-11
267,8,9.916334420267958e-11
268,10,7.243983191074221e-11
268,12,7.30864258002839e-11
268,14,8.358114200746058e-11
268,17,7.760547759971814e-11
268,18,8.447642585451831e-11
268,21,9.052314453583676e-11
268,22,6.817657549618161e-11
268,23,7.759126674500294e-11
268,24,8.44266878630151e-11
268,27,9.877965112536913e-11
268,29,1.3640999441122403e-10
268,2,7.288036840691348e-11
268,6,1.3665868436874007e-10
268,7,1.3579182223111275e-10
268,8,7.321432349272072e-11
269,10,1.2073542166035622e-10
269,12,1.0982148523908108e-10
269,14,9.877965112536913e-11
269,17,1.3578471680375515e-10
269,18,9.983835980165168e-11
269,21,9.052314453583676e-11
269,22,1.5521806062679389e-10
269,23,1.2069989452356822e-10
269,24,9.977441095543327e-11
269,27,8.355982572538778e-11
269,29,7.788969469402218e-11
269,2,1.368150037706073e-10
269,6,6.832578947069123e-11
269,7,6.789235840187757e-11
269,8,1.22021504012082e-10
270,10,7.243983191074221e-11
270,12,7.844391802791506e-11
270,14,8.355982572538778e-11
270,17,9.07434127839224e-11
270,18,7.844391802791506e-11
270,21,8.388667538383743e-11
270,22,6.036771083017811e-11
270,23,9.875833484329632e-11
270,24,7.316458550121752e-11
270,27,9.875833484329632e-11
270,29,9.913492249324918e-11
270,2,6.832578947069123e-11
270,6,1.3665868436874007e-10
270,7,1.3579182223111275e-10
270,8,7.30864258002839e-11
271,10,1.3582734936790075e-10
271,12,1.22021504012082e-10
271,14,1.0862777344300412e-10
271,17,7.778311328365817e-11
271,18,1.0982148523908108e-10
271,21,1.2109069302823627e-10
271,22,1.0865619515243452e-10
271,23,1.8105339449903113e-10
271,24,1.219433443111484e-10
271,27,8.355982572538778e-11
271,29,7.270273272297345e-11
271,2,1.2147438610554673e-10
271,6,7.270273272297345e-11
271,7,6.789235840187757e-11
271,8,1.3727685654885136e-10
272,10,7.243983191074221e-11
272,12,7.321432349272072e-11
272,14,7.761258302707574e-11
272,17,1.0862777344300412e-10
272,18,7.844391802791506e-11
272,21,7.270273272297345e-11
272,22,9.875833484329632e-11
272,23,1.3579182223111275e-10
272,24,7.316458550121752e-11
272,27,1.0865619515243452e-10
272,29,1.2116885272916988e-10
272,2,8.409273277720786e-11
272,6,1.0904699365710258e-10
272,7,1.2069989452356822e-10
272,8,6.863842827442568e-11
273,10,1.2157386208855314e-10
273,12,1.0982148523908108e-10
273,14,1.0908252079389058e-10
273,17,8.355982572538778e-11
273,18,9.916334420267958e-11
273,21,1.0905409908446018e-10
273,22,1.0862777344300412e-10
273,23,7.241851562866941e-11
273,24,1.219433443111484e-10
273,27,7.844391802791506e-11
273,29,7.241851562866941e-11
273,2,9.938361245076521e-11
273,6,8.388667538383743e-11
273,7,7.241851562866941e-11
273,8,1.22021504012082e-10
274,10,7.321432349272072e-11
274,12,7.816680636096862e-11
274,14,7.844391802791506e-11
274,17,9.875833484329632e-11
274,18,7.759126674500294e-11
274,21,7.837996918169665e-11
274,22,7.759126674500294e-11
274,23,1.0862777344300412e-10
274,24,7.316458550121752e-11
274,27,9.983835980165168e-11
274,29,1.3578471680375515e-10
274,2,7.296563353520469e-11
274,6,9.976020010071807e-11
274,7,1.361186718895624e-10
274,8,7.30864258002839e-11
275,10,1.0982148523908108e-10
275,12,1.3704237744605052e-10
275,14,8.447642585451831e-11
275,17,9.052314453583676e-11
275,18,1.5518963891736348e-10
275,21,9.14468500923249e-11
275,22,9.875833484329632e-11
275,23,9.052314453583676e-11
275,24,1.3719159142056014e-10
275,27,7.321432349272072e-11
275,29,7.759126674500294e-11
275,2,1.2147438610554673e-10
275,6,7.315748007385992e-11
275,7,6.80557832311024e-11
275,8,1.3726975112149375e-10
276,10,7.321432349272072e-11
276,12,6.863842827442568e-11
276,14,8.390799166591023e-11
276,17,9.877965112536913e-11
276,18,2.715765390348679e-10
276,21,9.14468500923249e-11
276,22,7.272404900504625e-11
276,23,9.875833484329632e-11
276,24,6.859579571028007e-11
276,27,1.3727685654885136e-10
276,29,9.875833484329632e-11
276,2,8.409273277720786e-11
276,6,1.219291334564332e-10
276,7,1.5555912113995873e-10
276,8,6.863842827442568e-11
277,10,1.3635315099236323e-10
277,12,9.877965112536913e-11
277,14,1.3645262697536964e-10
277,17,8.419220876021427e-11
277,18,9.052314453583676e-11
277,21,9.14468500923249e-11
277,22,1.212043798659579e-10
277,23,7.243983191074221e-11
277,24,1.2175149777249317e-10
277,27,7.321432349272072e-11
277,29,7.759126674500294e-11
277,2,1.0973622011078987e-10
277,6,7.315748007385992e-11
277,7,6.789235840187757e-11
277,8,1.22021504012082e-10
278,10,6.817657549618161e-11
278,12,8.358114200746058e-11
278,14,7.241851562866941e-11
278,17,1.0973622011078987e-10
278,18,1.0862777344300412e-10
278,21,9.875833484329632e-11
278,22,7.321432349272072e-11
278,23,1.2072831623299862e-10
278,24,7.826628234397504e-11
278,27,1.0982148523908108e-10
278,29,1.2069989452356822e-10
278,2,7.808864666003501e-11
278,6,1.2150991324233473e-10
278,7,9.875833484329632e-11
278,8,8.447642585451831e-11
279,10,1.3635315099236323e-10
279,12,1.0865619515243452e-10
279,14,1.0862777344300412e-10
279,17,7.837996918169665e-11
279,18,7.761258302707574e-11
279,21,6.789235840187757e-11
279,22,1.3726975112149375e-10
279,23,7.243983191074221e-11
279,24,1.0975043096550507e-10
279,27,8.447642585451831e-11
279,29,6.789235840187757e-11
279,2,9.938361245076521e-11
279,6,7.299405524463509e-11
279,7,9.054446081790957e-11
279,8,8.447642585451831e-11
280,10,7.791811640345259e-11
280,12,9.089973218578962e-11
280,14,7.759126674500294e-11
280,17,2.72358136044204e-10
280,18,9.981704351957887e-11
280,21,1.3578471680375515e-10
280,22,6.863842827442568e-11
280,23,1.2069989452356822e-10
280,24,6.859579571028007e-11
280,27,1.0982148523908108e-10
280,29,1.3582024394054315e-10
280,2,7.288036840691348e-11
280,6,1.2116885272916988e-10
280,7,9.052314453583676e-11
280,8,7.764811016386375e-11
281,10,1.0982148523908108e-10
281,12,9.983835980165168e-11
281,14,1.2069989452356822e-10
281,17,1.3582734936790075e-10
281,18,7.844391802791506e-11
281,21,9.976020010071807e-11
281,22,9.916334420267958e-11
281,23,7.241851562866941e-11
281,24,1.3719159142056014e-10
281,27,7.844391802791506e-11
281,29,6.791367468395038e-11
281,2,1.368150037706073e-10
281,6,7.288036840691348e-11
281,7,1.8105339449903113e-10
281,8,1.3582024394054315e-10
282,10,6.863842827442568e-11
282,12,8.447642585451831e-11
282,14,1.8105339449903113e-10
282,17,8.358114200746058e-11
282,18,1.22021504012082e-10
282,21,8.44124770082999e-11
282,22,9.052314453583676e-11
282,23,1.0862777344300412e-10
282,24,7.316458550121752e-11
282,27,8.447642585451831e-11
282,29,1.2073542166035622e-10
282,2,1.822044737309625e-10
282,6,1.2147438610554673e-10
282,7,1.361186718895624e-10
282,8,8.390799166591023e-11
283,10,1.3726975112149375e-10
283,12,1.0982148523908108e-10
283,14,1.3635315099236323e-10
283,17,1.0894041224673856e-10
283,18,8.447642585451831e-11
283,21,9.976020010071807e-11
283,22,9.054446081790957e-11
283,23,8.355982572538778e-11
283,24,7.789680012137978e-11
283,27,9.983835980165168e-11
283,29,1.3582024394054315e-10
283,2,1.2069989452356822e-10
283,6,7.270273272297345e-11
283,7,1.2147438610554673e-10
283,8,9.118394928009366e-11
284,10,6.863842827442568e-11
284,12,7.830891490812064e-11
284,14,6.863842827442568e-11
284,17,7.262457302203984e-11
284,18,9.916334420267958e-11
284,21,8.388667538383743e-11
284,22,9.089973218578962e-11
284,23,1.0862777344300412e-10
284,24,1.369713231724745e-10
284,27,1.0982148523908108e-10
284,29,1.828937001846498e-10
284,2,1.0862777344300412e-10
284,6,1.2072831623299862e-10
284,7,7.288036840691348e-11
284,8,9.089973218578962e-11
285,10,1.3727685654885136e-10
285,12,9.983835980165168e-11
285,14,1.3704237744605052e-10
285,17,1.2073542166035622e-10
285,18,7.759126674500294e-11
285,21,9.976020010071807e-11
285,22,1.212043798659579e-10
285,23,7.759126674500294e-11
285,24,6.859579571028007e-11
285,27,7.321432349272072e-11
285,29,1.3717027513848734e-10
285,2,8.358114200746058e-11
285,6,7.270273272297345e-11
285,7,1.2099121704522986e-10
285,8,1.212043798659579e-10
286,10,7.791811640345259e-11
286,12,8.447642585451831e-11
286,14,6.863842827442568e-11
286,17,2.1788082449347712e-10
286,18,1.2069989452356822e-10
286,21,8.44124770082999e-11
286,22,6.863842827442568e-11
286,23,1.0865619515243452e-10
286,24,1.362394641546416e-10
286,27,1.0982148523908108e-10
286,29,7.315748007385992e-11
286,2,1.0865619515243452e-10
286,6,1.3631051842821762e-10
286,7,8.401457307627425e-11
286,8,7.321432349272072e-11
287,10,9.875833484329632e-11
287,12,1.0982148523908108e-10
287,14,1.0982148523908108e-10
287,17,1.2161649465269875e-10
287,18,6.789235840187757e-11
287,21,9.976020010071807e-11
287,22,1.3726975112149375e-10
287,23,7.761968845443334e-11
287,24,1.0905409908446018e-10
287,27,7.321432349272072e-11
287,29,9.14468500923249e-11
287,2,6.036771083017811e-11
287,6,7.788969469402218e-11
287,7,9.938361245076521e-11
287,8,1.0982148523908108e-10
288,10,7.272404900504625e-11
288,12,7.844391802791506e-11
288,14,1.3726975112149375e-10
288,17,9.950440471584443e-11
288,18,1.2069989452356822e-10
288,21,7.315748007385992e-11
288,22,7.321432349272072e-11
288,23,1.0866330057979212e-10
288,24,8.358114200746058e-11
288,27,1.220143985847244e-10
288,29,9.14468500923249e-11
288,2,1.8105339449903113e-10
288,6,9.877965112536913e-11
288,7,7.288036840691348e-11
288,8,7.30864258002839e-11
289,10,1.212043798659579e-10
289,12,1.22021504012082e-10
289,14,7.321432349272072e-11
289,17,8.409273277720786e-11
289,18,8.358114200746058e-11
289,21,1.2116885272916988e-10
289,22,1.0963674412778346e-10
289,23,8.358114200746058e-11
289,24,8.358114200746058e-11
289,27,8.447642585451831e-11
289,29,1.219291334564332e-10
289,2,7.759126674500294e-11
289,6,8.355982572538778e-11
289,7,1.2147438610554673e-10
289,8,9.966782954506925e-11
290,10,8.447642585451831e-11
290,12,6.789235840187757e-11
290,14,1.0982148523908108e-10
290,17,1.2161649465269875e-10
290,18,9.054446081790957e-11
290,21,7.243983191074221e-11
290,22,8.433431730736629e-11
290,23,1.2072831623299862e-10
290,24,7.789680012137978e-11
290,27,1.0982148523908108e-10
290,29,7.315748007385992e-11
290,2,9.054446081790957e-11
290,6,1.0862777344300412e-10
290,7,8.409273277720786e-11
290,8,7.830891490812064e-11
291,10,9.983835980165168e-11
291,12,1.2069989452356822e-10
291,14,7.844391802791506e-11
291,17,6.832578947069123e-11
291,18,9.15179043659009e-11
291,21,1.2116885272916988e-10
291,22,1.0963674412778346e-10
291,23,1.5522516605415149e-10
291,24,1.2117595815652749e-10
291,27,6.791367468395038e-11
291,29,9.976020010071807e-11
291,2,9.054446081790957e-11
291,6,1.8105339449903113e-10
291,7,9.058709338205517e-11
291,8,1.3726975112149375e-10
292,10,8.447642585451831e-11
292,12,6.789235840187757e-11
292,14,1.0982148523908108e-10
292,17,1.368221091979649e-10
292,18,9.983835980165168e-11
292,21,7.270273272297345e-11
292,22,7.321432349272072e-11
292,23,1.3582024394054315e-10
292,24,7.810285751475021e-11
292,27,1.3582734936790075e-10
292,29,7.315748007385992e-11
292,2,6.789235840187757e-11
292,6,1.0862777344300412e-10
292,7,9.058709338205517e-11
292,8,6.863842827442568e-11
293,10,9.983125437429408e-11
293,12,9.875833484329632e-11
293,14,7.844391802791506e-11
293,17,7.818101721568382e-11
293,18,7.844391802791506e-11
293,21,1.3582734936790075e-10
293,22,1.22021504012082e-10
293,23,9.055156624526717e-11
293,24,1.2149570238761953e-10
293,27,7.761258302707574e-11
293,29,1.567599383633933e-10
293,2,1.2072831623299862e-10
293,6,1.2116885272916988e-10
293,7,9.938361245076521e-11
293,8,1.3635315099236323e-10
294,10,7.321432349272072e-11
294,12,1.8105339449903113e-10
294,14,1.0982148523908108e-10
294,17,1.2104806046409067e-10
294,18,1.5631229643986444e-10
294,21,7.288036840691348e-11
294,22,6.863842827442568e-11
294,23,8.358824743481819e-11
294,24,1.8105339449903113e-10
294,27,9.983125437429408e-11
294,29,6.45528075438051e-11
294,2,8.358114200746058e-11
294,6,7.837996918169665e-11
294,7,7.808864666003501e-11
294,8,6.789235840187757e-11
295,10,1.220143985847244e-10
295,12,1.212043798659579e-10
295,14,8.447642585451831e-11
295,17,6.405542762877303e-11
295,18,6.791367468395038e-11
295,21,9.939071787812281e-11
295,22,1.22021504012082e-10
295,23,1.0866330057979212e-10
295,24,1.2117595815652749e-10
295,27,6.863842827442568e-11
295,29,1.219291334564332e-10
295,2,8.355982572538778e-11
295,6,1.219291334564332e-10
295,7,1.361186718895624e-10
295,8,1.3579182223111275e-10
296,10,8.447642585451831e-11
296,12,1.2069989452356822e-10
296,14,9.15179043659009e-11
296,17,1.361115664622048e-10
296,18,1.0982148523908108e-10
296,21,8.409273277720786e-11
296,22,8.447642585451831e-11
296,23,7.761968845443334e-11
296,24,1.219433443111484e-10
296,27,1.3635315099236323e-10
296,29,7.315748007385992e-11
296,2,1.3579182223111275e-10
296,6,7.837996918169665e-11
296,7,6.391331908162101e-11
296,8,7.759126674500294e-11
297,10,9.966072411771165e-11
297,12,9.875833484329632e-11
297,14,9.15179043659009e-11
297,17,6.052403023204533e-11
297,18,7.844391802791506e-11
297,21,1.0905409908446018e-10
297,22,9.983835980165168e-11
297,23,1.552322714815091e-10
297,24,1.8189183492722805e-10
297,27,7.791811640345259e-11
297,29,1.219291334564332e-10
297,2,7.759126674500294e-11
297,6,9.976020010071807e-11
297,7,9.938361245076521e-11
297,8,9.875833484329632e-11
298,10,7.844391802791506e-11
298,12,9.052314453583676e-11
298,14,1.0982148523908108e-10
298,17,9.052314453583676e-11
298,18,9.983835980165168e-11
298,21,8.358114200746058e-11
298,22,7.791811640345259e-11
298,23,6.391331908162101e-11
298,24,1.0862777344300412e-10
298,27,1.3726975112149375e-10
298,29,7.837996918169665e-11
298,2,1.2069989452356822e-10
298,6,7.837996918169665e-11
298,7,9.938361245076521e-11
298,8,7.272404900504625e-11
299,10,9.15179043659009e-11
299,12,9.052314453583676e-11
299,14,7.844391802791506e-11
299,17,1.0865619515243452e-10
299,18,7.844391802791506e-11
299,21,9.055156624526717e-11
299,22,9.097078645936563e-11
299,23,1.3582024394054315e-10
299,24,1.0862777344300412e-10
299,27,6.863842827442568e-11
299,29,1.219291334564332e-10
299,2,7.759126674500294e-11
299,6,1.219291334564332e-10
299,7,9.938361245076521e-11
299,8,1.3726975112149375e-10
300,10,9.15179043659009e-11
300,12,9.052314453583676e-11
300,14,9.983835980165168e-11
300,17,1.0894041224673856e-10
300,18,1.0982148523908108e-10
300,21,9.054446081790957e-11
300,22,8.390799166591023e-11
300,23,6.391331908162101e-11
300,24,8.355982572538778e-11
300,27,1.0982148523908108e-10
300,29,7.837996918169665e-11
300,2,9.877965112536913e-11
300,6,7.837996918169665e-11
300,7,7.241851562866941e-11
300,8,6.863842827442568e-11
301,10,1.0941647587969783e-10
301,12,7.759126674500294e-11
301,14,8.433431730736629e-11
301,17,8.44124770082999e-11
301,18,7.272404900504625e-11
301,21,9.875833484329632e-11
301,22,1.3635315099236323e-10
301,23,1.3582024394054315e-10
301,24,1.0905409908446018e-10
301,27,7.321432349272072e-11
301,29,9.976020010071807e-11
301,2,8.358114200746058e-11
301,6,9.14468500923249e-11
301,7,1.3579182223111275e-10
301,8,1.3726975112149375e-10
302,10,7.791811640345259e-11
302,12,1.0862777344300412e-10
302,14,1.0982148523908108e-10
302,17,1.219291334564332e-10
302,18,1.3635315099236323e-10
302,21,7.759126674500294e-11
302,22,7.791811640345259e-11
302,23,7.761968845443334e-11
302,24,7.289457926162868e-11
302,27,1.3727685654885136e-10
302,29,8.44124770082999e-11
302,2,9.875833484329632e-11
302,6,9.14468500923249e-11
302,7,7.759126674500294e-11
302,8,7.321432349272072e-11
303,10,1.0908252079389058e-10
303,12,8.397194051212864e-11
303,14,7.844391802791506e-11
303,17,6.858158485556487e-11
303,18,6.863842827442568e-11
303,21,1.0862777344300412e-10
303,22,9.916334420267958e-11
303,23,9.885070539894514e-11
303,24,1.2137491012254031e-10
303,27,7.844391802791506e-11
303,29,9.976020010071807e-11
303,2,8.358114200746058e-11
303,6,1.0973622011078987e-10
303,7,9.877965112536913e-11
303,8,1.22021504012082e-10
304,10,7.321432349272072e-11
304,12,1.0908252079389058e-10
304,14,6.838973831690964e-11
304,17,1.3717027513848734e-10
304,18,1.22021504012082e-10
304,21,6.815525921410881e-11
304,22,7.791811640345259e-11
304,23,8.358824743481819e-11
304,24,8.44266878630151e-11
304,27,9.15179043659009e-11
304,29,7.315748007385992e-11
304,2,1.2078515965185943e-10
304,6,7.837996918169665e-11
304,7,8.358114200746058e-11
304,8,7.321432349272072e-11
305,10,1.220143985847244e-10
305,12,7.791811640345259e-11
305,14,1.0908252079389058e-10
305,17,6.858158485556487e-11
305,18,8.447642585451831e-11
305,21,1.5569412425975315e-10
305,22,1.3726975112149375e-10
305,23,9.876544027065393e-11
305,24,9.14610609470401e-11
305,27,9.15179043659009e-11
305,29,1.219291334564332e-10
305,2,1.552962203277275e-10
305,6,9.976020010071807e-11
305,7,9.110578957916005e-11
305,8,1.0982148523908108e-10
306,10,8.447642585451831e-11
306,12,1.0941647587969783e-10
306,14,9.916334420267958e-11
306,17,1.219291334564332e-10
306,18,1.0982148523908108e-10
306,21,7.808864666003501e-11
306,22,5.771738642579294e-11
306,23,8.355982572538778e-11
306,24,7.839418003641185e-11
306,27,1.0982148523908108e-10
306,29,7.837996918169665e-11
306,2,1.3582024394054315e-10
306,6,7.837996918169665e-11
306,7,9.101341902351123e-11
306,8,8.447642585451831e-11
307,10,9.983125437429408e-11
307,12,7.806733037796221e-11
307,14,8.390799166591023e-11
307,17,7.315748007385992e-11
307,18,7.844391802791506e-11
307,21,1.0973622011078987e-10
307,22,1.8109602706317673e-10
307,23,9.052314453583676e-11
307,24,1.219433443111484e-10
307,27,7.844391802791506e-11
307,29,9.087131047635921e-11
307,2,1.0862777344300412e-10
307,6,1.3717027513848734e-10
307,7,9.938361245076521e-11
307,8,9.983835980165168e-11
308,10,7.272404900504625e-11
308,12,1.2157386208855314e-10
308,14,1.3677237120646168e-10
308,17,1.0973622011078987e-10
308,18,9.983835980165168e-11
308,21,6.858158485556487e-11
308,22,6.791367468395038e-11
308,23,9.053024996319436e-11
308,24,7.839418003641185e-11
308,27,6.838973831690964e-11
308,29,8.388667538383743e-11
308,2,6.789235840187757e-11
308,6,2.743334448496171e-10
308,7,7.288036840691348e-11
308,8,8.447642585451831e-11
309,10,1.2157386208855314e-10
309,12,7.815259550625342e-11
309,14,7.844391802791506e-11
309,17,7.837996918169665e-11
309,18,8.447642585451831e-11
309,21,1.0973622011078987e-10
309,22,1.3582024394054315e-10
309,23,1.0864198429771932e-10
309,24,1.0975043096550507e-10
309,27,1.3588419278676156e-10
309,29,1.2116885272916988e-10
309,2,1.5518963891736348e-10
309,6,8.358114200746058e-11
309,7,1.0889067425523535e-10
309,8,1.0982148523908108e-10
310,10,8.417089247814147e-11
310,12,9.916334420267958e-11
310,14,9.136158496403368e-11
310,17,1.3665157894138247e-10
310,18,9.966782954506925e-11
310,21,7.788969469402218e-11
310,22,6.791367468395038e-11
310,23,1.5522516605415149e-10
310,24,7.316458550121752e-11
310,27,9.909939535646117e-11
310,29,8.388667538383743e-11
310,2,1.8109602706317673e-10
310,6,1.2069989452356822e-10
310,7,8.37303559819702e-11
310,8,7.844391802791506e-11
311,10,9.947598300641403e-11
311,12,7.272404900504625e-11
311,14,9.136158496403368e-11
311,17,6.832578947069123e-11
311,18,8.433431730736629e-11
311,21,1.2073542166035622e-10
311,22,1.212043798659579e-10
311,23,1.2073542166035622e-10
311,24,1.3719159142056014e-10
311,27,7.272404900504625e-11
311,29,1.0904699365710258e-10
311,2,9.875833484329632e-11
311,6,8.355982572538778e-11
311,7,1.361186718895624e-10
311,8,9.983835980165168e-11
312,10,8.390799166591023e-11
312,12,1.22021504012082e-10
312,14,9.983835980165168e-11
312,17,9.976020010071807e-11
312,18,9.983835980165168e-11
312,21,7.794653811288299e-11
312,22,7.844391802791506e-11
312,23,1.3582024394054315e-10
312,24,7.839418003641185e-11
312,27,1.8109602706317673e-10
312,29,7.808864666003501e-11
312,2,1.2069989452356822e-10
312,6,8.358114200746058e-11
312,7,6.405542762877303e-11
312,8,8.447642585451831e-11
313,10,9.089973218578962e-11
313,12,7.321432349272072e-11
313,14,8.390799166591023e-11
313,17,9.976020010071807e-11
313,18,7.844391802791506e-11
313,21,1.0912515335803619e-10
313,22,1.0982148523908108e-10
313,23,6.789946382923517e-11
313,24,1.0975043096550507e-10
313,27,6.035349997546291e-11
313,29,1.09217523913685e-10
313,2,7.241851562866941e-11
313,6,9.892886509987875e-11
313,7,1.2072831623299862e-10
313,8,9.983835980165168e-11
314,10,7.761258302707574e-11
314,12,1.3726975112149375e-10
314,14,9.089973218578962e-11
314,17,9.976020010071807e-11
314,18,2.1963586505080457e-10
314,21,7.265299473147024e-11
314,22,7.321432349272072e-11
314,23,1.0864198429771932e-10
314,24,6.859579571028007e-11
314,27,1.0862777344300412e-10
314,29,7.80104869591014e-11
314,2,1.2069989452356822e-10
314,6,1.0879119827222894e-10
314,7,7.243983191074221e-11
314,8,8.447642585451831e-11
315,10,1.212043798659579e-10
315,12,1.830287033044442e-10
315,14,7.79749598223134e-11
315,17,7.315748007385992e-11
315,18,1.0862777344300412e-10
315,21,1.2116885272916988e-10
315,22,9.983835980165168e-11
315,23,7.761968845443334e-11
315,24,9.875122941593872e-11
315,27,7.759126674500294e-11
315,29,1.0973622011078987e-10
315,2,8.355982572538778e-11
315,6,6.858158485556487e-11
315,7,1.3582024394054315e-10
315,8,9.15179043659009e-11
316,10,7.321432349272072e-11
316,12,9.916334420267958e-11
316,14,1.212043798659579e-10
316,17,1.219291334564332e-10
316,18,1.0862777344300412e-10
316,21,7.788969469402218e-11
316,22,8.447642585451831e-11
316,23,1.2072831623299862e-10
316,24,9.052314453583676e-11
316,27,1.3578471680375515e-10
316,29,7.837996918169665e-11
316,2,9.875833484329632e-11
316,6,1.219291334564332e-10
316,7,7.761258302707574e-11
316,8,8.447642585451831e-11
317,10,1.3726975112149375e-10
317,12,1.3582024394054315e-10
317,14,8.358114200746058e-11
317,17,7.270273272297345e-11
317,18,1.2069989452356822e-10
317,21,9.913492249324918e-11
317,22,1.22021504012082e-10
317,23,8.356693115274538e-11
317,24,3.6219205412635347e-10
317,27,1.8179946437157923e-10
317,29,9.976020010071807e-11
317,2,8.358114200746058e-11
317,6,8.427747388850548e-11
317,7,9.0786045348068e-11
317,8,9.15179043659009e-11
318,10,7.844391802791506e-11
318,12,7.243983191074221e-11
318,14,9.052314453583676e-11
318,17,1.2116885272916988e-10
318,18,7.761258302707574e-11
318,21,9.054446081790957e-11
318,22,7.844391802791506e-11
318,23,9.876544027065393e-11
318,24,1.3578471680375515e-10
318,27,1.22021504012082e-10
318,29,7.315748007385992e-11
318,2,9.976020010071807e-11
318,6,9.976020010071807e-11
318,7,7.778311328365817e-11
318,8,9.15179043659009e-11
319,10,1.0982148523908108e-10
319,12,1.3582024394054315e-10
319,14,8.358114200746058e-11
319,17,8.388667538383743e-11
319,18,1.0908252079389058e-10
319,21,9.052314453583676e-11
319,22,9.983835980165168e-11
319,23,8.356693115274538e-11
319,24,9.052314453583676e-11
319,27,1.220143985847244e-10
319,29,1.3717027513848734e-10
319,2,8.44124770082999e-11
319,6,6.858158485556487e-11
319,7,1.2099121704522986e-10
319,8,9.983835980165168e-11
320,10,7.844391802791506e-11
320,12,7.243983191074221e-11
320,14,9.877965112536913e-11
320,17,9.976020010071807e-11
320,18,7.786837841194938e-11
320,21,9.052314453583676e-11
320,22,7.791811640345259e-11
320,23,9.053735539055197e-11
320,24,9.877965112536913e-11
320,27,7.844391802791506e-11
320,29,7.315748007385992e-11
320,2,6.858158485556487e-11
320,6,1.567599383633933e-10
320,7,7.259615131260944e-11
320,8,9.118394928009366e-11
321,10,9.983835980165168e-11
321,12,9.916334420267958e-11
321,14,7.791811640345259e-11
321,17,8.44124770082999e-11
321,18,1.2112622016502428e-10
321,21,8.355982572538778e-11
321,22,1.2072831623299862e-10
321,23,7.759837217236054e-11
321,24,7.810285751475021e-11
321,27,9.983835980165168e-11
321,29,1.219291334564332e-10
321,2,1.3717027513848734e-10
321,6,7.243983191074221e-11
321,7,1.2099121704522986e-10
321,8,1.0941647587969783e-10
322,10,7.321432349272072e-11
322,12,8.43911607262271e-11
322,14,1.22021504012082e-10
322,17,9.976020010071807e-11
322,18,7.321432349272072e-11
322,21,9.052314453583676e-11
322,22,6.791367468395038e-11
322,23,1.3579892765847035e-10
322,24,1.0975043096550507e-10
322,27,8.447642585451831e-11
322,29,6.858158485556487e-11
322,2,8.44124770082999e-11
322,6,1.2072831623299862e-10
322,7,7.837996918169665e-11
322,8,7.815259550625342e-11
323,10,1.220143985847244e-10
323,12,1.22021504012082e-10
323,14,8.447642585451831e-11
323,17,8.44124770082999e-11
323,18,1.22021504012082e-10
323,21,1.2070699995092582e-10
323,22,1.3582024394054315e-10
323,23,6.391331908162101e-11
323,24,7.789680012137978e-11
323,27,9.983125437429408e-11
323,29,1.0865619515243452e-10
323,2,8.44124770082999e-11
323,6,6.791367468395038e-11
323,7,1.0973622011078987e-10
323,8,1.0982148523908108e-10
324,10,7.321432349272072e-11
324,12,6.078693104427657e-11
324,14,1.0982148523908108e-10
324,17,9.976020010071807e-11
324,18,1.830287033044442e-10
324,21,7.759126674500294e-11
324,22,7.243983191074221e-11
324,23,1.3581313851318555e-10
324,24,9.914202792060678e-11
324,27,7.272404900504625e-11
324,29,8.355982572538778e-11
324,2,1.2173728691777796e-10
324,6,1.2072831623299862e-10
324,7,7.837996918169665e-11
324,8,7.844391802791506e-11
325,10,1.0982148523908108e-10
325,12,1.8108892163581913e-10
325,14,7.844391802791506e-11
325,17,7.315748007385992e-11
325,18,1.3635315099236323e-10
325,21,1.0904699365710258e-10
325,22,1.3582024394054315e-10
325,23,7.243272648338461e-11
325,24,7.795364354024059e-11
325,27,9.983125437429408e-11
325,29,1.2069989452356822e-10
325,2,7.837996918169665e-11
325,6,8.388667538383743e-11
325,7,1.219291334564332e-10
325,8,9.983835980165168e-11
326,10,8.447642585451831e-11
326,12,6.794209639338078e-11
326,14,9.983835980165168e-11
326,17,1.3716316971112974e-10
326,18,8.390799166591023e-11
326,21,6.858158485556487e-11
326,22,7.243983191074221e-11
326,23,1.2072831623299862e-10
326,24,1.2073542166035622e-10
326,27,9.15179043659009e-11
326,29,6.789235840187757e-11
326,2,1.219291334564332e-10
326,6,9.976020010071807e-11
326,7,7.837996918169665e-11
326,8,8.447642585451831e-11
327,10,1.22021504012082e-10
327,12,1.2073542166035622e-10
327,14,8.447642585451831e-11
327,17,7.837996918169665e-11
327,18,9.877965112536913e-11
327,21,1.3716316971112974e-10
327,22,1.0862777344300412e-10
327,23,7.243983191074221e-11
327,24,8.388667538383743e-11
327,27,9.15179043659009e-11
327,29,1.3579182223111275e-10
327,2,6.858158485556487e-11
327,6,8.44124770082999e-11
327,7,9.14468500923249e-11
327,8,9.983835980165168e-11
328,10,7.321432349272072e-11
328,12,2.1816504158778116e-10
328,14,8.447642585451831e-11
328,17,9.976020010071807e-11
328,18,9.875833484329632e-11
328,21,7.837996918169665e-11
328,22,7.243983191074221e-11
328,23,1.3582734936790075e-10
328,24,9.977441095543327e-11
328,27,9.15179043659009e-11
328,29,1.8109602706317673e-10
328,2,1.3717027513848734e-10
328,6,1.219291334564332e-10
328,7,9.087131047635921e-11
328,8,7.844391802791506e-11
329,10,1.0982148523908108e-10
329,12,1.0982148523908108e-10
329,14,8.447642585451831e-11
329,17,7.837996918169665e-11
329,18,8.355982572538778e-11
329,21,9.976020010071807e-11
329,22,1.2072831623299862e-10
329,23,6.791367468395038e-11
329,24,8.44266878630151e-11
329,27,1.22021504012082e-10
329,29,1.0865619515243452e-10
329,2,7.837996918169665e-11
329,6,7.315748007385992e-11
329,7,9.087131047635921e-11
329,8,9.15179043659009e-11
330,10,7.761258302707574e-11
330,12,1.22021504012082e-10
330,14,1.220143985847244e-10
330,17,1.0973622011078987e-10
330,18,1.0862777344300412e-10
330,21,7.837996918169665e-11
330,22,8.390799166591023e-11
330,23,1.2072831623299862e-10
330,24,9.977441095543327e-11
330,27,6.863842827442568e-11
330,29,1.3582734936790075e-10
330,2,1.0973622011078987e-10
330,6,9.976020010071807e-11
330,7,9.087131047635921e-11
330,8,9.089973218578962e-11
331,10,1.2072831623299862e-10
331,12,8.447642585451831e-11
331,14,8.447642585451831e-11
331,17,7.270273272297345e-11
331,18,6.791367468395038e-11
331,21,1.0973622011078987e-10
331,22,9.983835980165168e-11
331,23,7.242562105602701e-11
331,24,8.388667538383743e-11
331,27,1.220143985847244e-10
331,29,6.394884621840902e-11
331,2,7.788969469402218e-11
331,6,7.315748007385992e-11
331,7,1.0973622011078987e-10
331,8,1.212043798659579e-10
332,10,6.817657549618161e-11
332,12,9.983835980165168e-11
332,14,1.0982148523908108e-10
332,17,1.3579182223111275e-10
332,18,1.2072831623299862e-10
332,21,7.837996918169665e-11
332,22,7.844391802791506e-11
332,23,1.2071410537828342e-10
332,24,9.940492873283802e-11
332,27,8.447642585451831e-11
332,29,1.2073542166035622e-10
332,2,9.913492249324918e-11
332,6,1.0973622011078987e-10
332,7,6.858158485556487e-11
332,8,7.321432349272072e-11
333,10,1.3635315099236323e-10
333,12,7.321432349272072e-11
333,14,7.272404900504625e-11
333,17,7.759126674500294e-11
333,18,7.321432349272072e-11
333,21,1.0973622011078987e-10
333,22,1.0982148523908108e-10
333,23,8.356693115274538e-11
333,24,8.44266878630151e-11
333,27,9.983125437429408e-11
333,29,9.052314453583676e-11
333,2,8.388667538383743e-11
333,6,9.14468500923249e-11
333,7,1.2116885272916988e-10
333,8,9.966782954506925e-11
334,10,6.863842827442568e-11
334,12,1.3726975112149375e-10
334,14,1.0865619515243452e-10
334,17,9.875833484329632e-11
334,18,9.983835980165168e-11
334,21,8.44124770082999e-11
334,22,7.321432349272072e-11
334,23,9.877965112536913e-11
334,24,9.977441095543327e-11
334,27,7.321432349272072e-11
334,29,8.355982572538778e-11
334,2,9.877965112536913e-11
334,6,9.976020010071807e-11
334,7,7.270273272297345e-11
334,8,9.136158496403368e-11
335,10,1.220143985847244e-10
335,12,7.272404900504625e-11
335,14,7.243983191074221e-11
335,17,2.1726265231336583e-10
335,18,9.916334420267958e-11
335,21,9.976020010071807e-11
335,22,1.0982148523908108e-10
335,23,8.358824743481819e-11
335,24,7.30508986634959e-11
335,27,1.220143985847244e-10
335,29,1.3579182223111275e-10
335,2,7.270273272297345e-11
335,6,7.30437932361383e-11
335,7,1.2116885272916988e-10
335,8,1.0982148523908108e-10
336,10,8.447642585451831e-11
336,12,1.0865619515243452e-10
336,14,1.212043798659579e-10
336,17,1.3582024394054315e-10
336,18,6.817657549618161e-11
336,21,8.44124770082999e-11
336,22,8.390799166591023e-11
336,23,9.878675655272673e-11
336,24,1.3719159142056014e-10
336,27,8.447642585451831e-11
336,29,2.715765390348679e-10
336,2,1.219291334564332e-10
336,6,1.3665868436874007e-10
336,7,7.818101721568382e-11
336,8,7.844391802791506e-11
337,10,1.0982148523908108e-10
337,12,7.272404900504625e-11
337,14,7.321432349272072e-11
337,17,9.877965112536913e-11
337,18,9.882938911687233e-11
337,21,8.44124770082999e-11
337,22,9.916334420267958e-11
337,23,8.358114200746058e-11
337,24,7.316458550121752e-11
337,27,9.983125437429408e-11
337,29,1.0871303857129533e-10
337,2,7.315748007385992e-11
337,6,6.858158485556487e-11
337,7,1.0932410532404901e-10
337,8,7.844391802791506e-11
338,10,6.817657549618161e-11
338,12,1.22021504012082e-10
338,14,1.3726975112149375e-10
338,17,8.358114200746058e-11
338,18,1.0982148523908108e-10
338,21,8.44124770082999e-11
338,22,8.390799166591023e-11
338,23,9.055156624526717e-11
338,24,1.0975043096550507e-10
338,27,7.321432349272072e-11
338,29,7.247535904753022e-11
338,2,1.2147438610554673e-10
338,6,1.3717027513848734e-10
338,7,7.296563353520469e-11
338,8,1.0908252079389058e-10
339,10,1.2073542166035622e-10
339,12,7.321432349272072e-11
339,14,7.844391802791506e-11
339,17,9.913492249324918e-11
339,18,8.447642585451831e-11
339,21,1.219291334564332e-10
339,22,1.22021504012082e-10
339,23,7.761258302707574e-11
339,24,8.361666914424859e-11
339,27,1.0982148523908108e-10
339,29,9.882938911687233e-11
339,2,7.269562729561585e-11
339,6,7.288036840691348e-11
339,7,1.2147438610554673e-10
339,8,9.916334420267958e-11
340,10,7.761258302707574e-11
340,12,1.3727685654885136e-10
340,14,9.15179043659009e-11
340,17,8.388667538383743e-11
340,18,1.3727685654885136e-10
340,21,8.44124770082999e-11
340,22,6.863842827442568e-11
340,23,1.0864198429771932e-10
340,24,1.0870593314393773e-10
340,27,7.830891490812064e-11
340,29,9.877965112536913e-11
340,2,1.36232358727284e-10
340,6,1.0904699365710258e-10
340,7,7.808864666003501e-11
340,8,7.277378699654946e-11
341,10,1.212043798659579e-10
341,12,7.844391802791506e-11
341,14,7.844391802791506e-11
341,17,1.0904699365710258e-10
341,18,7.844391802791506e-11
341,21,1.0973622011078987e-10
341,22,1.3726975112149375e-10
341,23,7.759837217236054e-11
341,24,7.795364354024059e-11
341,27,1.22021504012082e-10
341,29,8.355982572538778e-11
341,2,1.8174972638007603e-10
341,6,8.44124770082999e-11
341,7,1.0973622011078987e-10
341,8,1.3677947663381929e-10
342,10,7.791811640345259e-11
342,12,9.983835980165168e-11
342,14,1.3726975112149375e-10
342,17,7.788969469402218e-11
342,18,9.983835980165168e-11
342,21,7.315748007385992e-11
342,22,6.863842827442568e-11
342,23,1.2071410537828342e-10
342,24,9.921308219418279e-11
342,27,7.844391802791506e-11
342,29,9.875833484329632e-11
342,2,1.0862777344300412e-10
342,6,1.0973622011078987e-10
342,7,8.44124770082999e-11
342,8,6.822631348768482e-11
343,10,9.875833484329632e-11
343,12,6.863842827442568e-11
343,14,7.844391802791506e-11
343,17,9.052314453583676e-11
343,18,8.447642585451831e-11
343,21,1.219291334564332e-10
343,22,1.5688073062847252e-10
343,23,8.356693115274538e-11
343,24,8.388667538383743e-11
343,27,1.0982148523908108e-10
343,29,9.052314453583676e-11
343,2,9.875833484329632e-11
343,6,7.315748007385992e-11
343,7,1.219291334564332e-10
343,8,1.3582024394054315e-10
344,10,5.717737394661526e-11
344,12,1.3579182223111275e-10
344,14,9.983835980165168e-11
344,17,8.355982572538778e-11
344,18,9.983835980165168e-11
344,21,6.858158485556487e-11
344,22,6.460254553530831e-11
344,23,9.876544027065393e-11
344,24,1.0913225878539379e-10
344,27,8.447642585451831e-11
344,29,8.355982572538778e-11
344,2,9.054446081790957e-11
344,6,1.0973622011078987e-10
344,7,7.315748007385992e-11
344,8,7.243983191074221e-11
345,10,1.3579182223111275e-10
345,12,7.241851562866941e-11
345,14,8.447642585451831e-11
345,17,1.0862777344300412e-10
345,18,7.844391802791506e-11
345,21,1.567599383633933e-10
345,22,1.0941647587969783e-10
345,23,8.358114200746058e-11
345,24,7.789680012137978e-11
345,27,1.0982148523908108e-10
345,29,9.877965112536913e-11
345,2,9.877254569801153e-11
345,6,8.427747388850548e-11
345,7,9.976020010071807e-11
345,8,1.0865619515243452e-10
346,10,1.0862777344300412e-10
346,12,1.3578471680375515e-10
346,14,9.946887757905643e-11
346,17,7.759126674500294e-11
346,18,1.22021504012082e-10
346,21,6.09645667282166e-11
346,22,8.417089247814147e-11
346,23,8.358114200746058e-11
346,24,9.977441095543327e-11
346,27,7.791811640345259e-11
346,29,7.759126674500294e-11
346,2,9.087131047635921e-11
346,6,9.130474154517287e-11
346,7,8.44124770082999e-11
346,8,7.844391802791506e-11
347,10,9.916334420267958e-11
347,12,7.241851562866941e-11
347,14,7.761258302707574e-11
347,17,1.0912515335803619e-10
347,18,7.844391802791506e-11
347,21,1.0973622011078987e-10
347,22,7.321432349272072e-11
347,23,6.391331908162101e-11
347,24,7.316458550121752e-11
347,27,9.924150390361319e-11
347,29,1.2073542166035622e-10
347,2,9.14468500923249e-11
347,6,7.837996918169665e-11
347,7,1.0973622011078987e-10
347,8,1.22021504012082e-10
348,10,8.447642585451831e-11
348,12,1.0908252079389058e-10
348,14,1.0865619515243452e-10
348,17,7.270273272297345e-11
348,18,9.15179043659009e-11
348,21,9.976020010071807e-11
348,22,1.0908252079389058e-10
348,23,5.717737394661526e-11
348,24,1.3719159142056014e-10
348,27,8.390799166591023e-11
348,29,7.243983191074221e-11
348,2,7.837996918169665e-11
348,6,1.219291334564332e-10
348,7,7.837996918169665e-11
348,8,7.844391802791506e-11
349,10,9.947598300641403e-11
349,12,7.321432349272072e-11
349,14,7.243983191074221e-11
349,17,1.219291334564332e-10
349,18,8.447642585451831e-11
349,21,1.0973622011078987e-10
349,22,9.875833484329632e-11
349,23,1.2069989452356822e-10
349,24,6.859579571028007e-11
349,27,1.3635315099236323e-10
349,29,1.2072831623299862e-10
349,2,1.0904699365710258e-10
349,6,6.80557832311024e-11
349,7,1.0973622011078987e-10
349,8,1.0982148523908108e-10
350,10,8.390799166591023e-11
350,12,1.3726975112149375e-10
350,14,1.2072831623299862e-10
350,17,8.44124770082999e-11
350,18,1.0982148523908108e-10
350,21,7.808864666003501e-11
350,22,9.875833484329632e-11
350,23,6.789235840187757e-11
350,24,1.219433443111484e-10
350,27,1.5582912737954757e-10
350,29,2.1731239030486904e-10
350,2,9.087131047635921e-11
350,6,1.5518963891736348e-10
350,7,7.315748007385992e-11
350,8,6.863842827442568e-11
351,10,9.947598300641403e-11
351,12,7.297273896256229e-11
351,14,8.358824743481819e-11
351,17,9.976020010071807e-11
351,18,7.844391802791506e-11
351,21,9.938361245076521e-11
351,22,9.875833484329632e-11
351,23,1.5518963891736348e-10
351,24,7.316458550121752e-11
351,27,1.2069989452356822e-10
351,29,1.0865619515243452e-10
351,2,1.212541178574611e-10
351,6,6.789235840187757e-11
351,7,1.0973622011078987e-10
351,8,1.220143985847244e-10
352,10,8.407141649513505e-11
352,12,1.0862777344300412e-10
352,14,9.877965112536913e-11
352,17,7.315748007385992e-11
352,18,1.22021504012082e-10
352,21,8.409273277720786e-11
352,22,7.759126674500294e-11
352,23,1.5518963891736348e-10
352,24,9.977441095543327e-11
352,27,9.052314453583676e-11
352,29,1.0865619515243452e-10
352,2,6.414779818442184e-11
352,6,1.2069989452356822e-10
352,7,7.315748007385992e-11
352,8,7.321432349272072e-11
353,10,9.983125437429408e-11
353,12,8.355982572538778e-11
353,14,7.243983191074221e-11
353,17,1.3717027513848734e-10
353,18,7.844391802791506e-11
353,21,9.121237098952406e-11
353,22,1.0862777344300412e-10
353,23,1.2071410537828342e-10
353,24,9.977441095543327e-11
353,27,2.1731239030486904e-10
353,29,8.358114200746058e-11
353,2,1.0862777344300412e-10
353,6,1.8109602706317673e-10
353,7,1.2072831623299862e-10
353,8,1.220143985847244e-10
354,10,7.321432349272072e-11
354,12,9.052314453583676e-11
354,14,9.877965112536913e-11
354,17,7.837996918169665e-11
354,18,1.0982148523908108e-10
354,21,7.784706212987658e-11
354,22,7.243983191074221e-11
354,23,9.053024996319436e-11
354,24,9.961809155356605e-11
354,27,1.5582912737954757e-10
354,29,1.2072831623299862e-10
354,2,8.355982572538778e-11
354,6,1.3665868436874007e-10
354,7,7.243983191074221e-11
354,8,8.447642585451831e-11
355,10,1.220143985847244e-10
355,12,9.118394928009366e-11
355,14,9.877965112536913e-11
355,17,9.913492249324918e-11
355,18,6.863842827442568e-11
355,21,1.2116174730181228e-10
355,22,1.212043798659579e-10
355,23,9.053024996319436e-11
355,24,7.30508986634959e-11
355,27,9.089973218578962e-11
355,29,7.761258302707574e-11
355,2,1.0862777344300412e-10
355,6,1.3665868436874007e-10
355,7,1.0865619515243452e-10
355,8,1.0982148523908108e-10
356,10,7.844391802791506e-11
356,12,9.089973218578962e-11
356,14,1.0892620139202336e-10
356,17,7.270273272297345e-11
356,18,1.3726975112149375e-10
356,21,1.8174972638007603e-10
356,22,8.447642585451831e-11
356,23,1.3665868436874007e-10
356,24,1.3719159142056014e-10
356,27,8.385114824704942e-11
356,29,9.059419880941277e-11
356,2,7.761258302707574e-11
356,6,7.288036840691348e-11
356,7,8.388667538383743e-11
356,8,6.863842827442568e-11
357,10,1.2157386208855314e-10
357,12,9.054446081790957e-11
357,14,7.780442956573097e-11
357,17,1.0912515335803619e-10
357,18,7.30864258002839e-11
357,21,1.5518963891736348e-10
357,22,8.447642585451831e-11
357,23,6.431122301364667e-11
357,24,7.839418003641185e-11
357,27,1.212043798659579e-10
357,29,7.808864666003501e-11
357,2,9.054446081790957e-11
357,6,8.361666914424859e-11
357,7,1.0973622011078987e-10
357,8,1.3726975112149375e-10
358,10,6.817657549618161e-11
358,12,9.054446081790957e-11
358,14,6.036771083017811e-11
358,17,8.388667538383743e-11
358,18,1.22021504012082e-10
358,21,8.355982572538778e-11
358,22,8.447642585451831e-11
358,23,1.213535938404675e-10
358,24,9.977441095543327e-11
358,27,7.277378699654946e-11
358,29,9.939071787812281e-11
358,2,9.110578957916005e-11
358,6,9.058709338205517e-11
358,7,7.315748007385992e-11
358,8,7.321432349272072e-11
359,10,1.3635315099236323e-10
359,12,8.355982572538778e-11
359,14,1.8109602706317673e-10
359,17,1.0904699365710258e-10
359,18,6.863842827442568e-11
359,21,8.355982572538778e-11
359,22,1.3726975112149375e-10
359,23,8.44124770082999e-11
359,24,8.410694363192306e-11
359,27,1.0908252079389058e-10
359,29,8.401457307627425e-11
359,2,1.0973622011078987e-10
359,6,1.3604051218862878e-10
359,7,9.976020010071807e-11
359,8,1.0982148523908108e-10
360,10,7.272404900504625e-11
360,12,1.0862777344300412e-10
360,14,9.055156624526717e-11
360,17,7.315748007385992e-11
360,18,1.22021504012082e-10
360,21,1.2069989452356822e-10
360,22,7.844391802791506e-11
360,23,9.976020010071807e-11
360,24,8.388667538383743e-11
360,27,7.277378699654946e-11
360,29,1.219291334564332e-10
360,2,8.44124770082999e-11
360,6,6.036771083017811e-11
360,7,9.913492249324918e-11
360,8,7.830891490812064e-11
361,10,1.212967504216067e-10
361,12,8.355982572538778e-11
361,14,7.761258302707574e-11
361,17,1.219291334564332e-10
361,18,7.321432349272072e-11
361,21,7.788969469402218e-11
361,22,1.0982148523908108e-10
361,23,8.427747388850548e-11
361,24,9.914202792060678e-11
361,27,1.212896449942491e-10
361,29,3.644160528892826e-10
361,2,9.976020010071807e-11
361,6,1.2072831623299862e-10
361,7,1.0956568985420745e-10
361,8,1.3726975112149375e-10
362,10,7.791811640345259e-11
362,12,6.791367468395038e-11
362,14,1.0865619515243452e-10
362,17,8.409273277720786e-11
362,18,1.22021504012082e-10
362,21,1.219291334564332e-10
362,22,1.830287033044442e-10
362,23,1.0973622011078987e-10
362,24,9.054446081790957e-11
362,27,7.272404900504625e-11
362,29,9.054446081790957e-11
362,2,8.44124770082999e-11
362,6,8.358114200746058e-11
362,7,6.858158485556487e-11
362,8,6.10071992923622e-11
363,10,9.916334420267958e-11
363,12,1.0865619515243452e-10
363,14,8.358114200746058e-11
363,17,9.877965112536913e-11
363,18,7.844391802791506e-11
363,21,6.431122301364667e-11
363,22,1.3582024394054315e-10
363,23,1.828937001846498e-10
363,24,7.839418003641185e-11
363,27,1.212043798659579e-10
363,29,1.2072831623299862e-10
363,2,1.0973622011078987e-10
363,6,9.875833484329632e-11
363,7,1.219291334564332e-10
363,8,1.3582024394054315e-10
364,10,8.43911607262271e-11
364,12,1.3635315099236323e-10
364,14,1.0892620139202336e-10
364,17,8.388667538383743e-11
364,18,9.983835980165168e-11
364,21,1.5522516605415149e-10
364,22,1.2069989452356822e-10
364,23,1.0862777344300412e-10
364,24,1.3719159142056014e-10
364,27,8.390799166591023e-11
364,29,8.358114200746058e-11
364,2,7.837996918169665e-11
364,6,8.355982572538778e-11
364,7,7.837996918169665e-11
364,8,7.243983191074221e-11
365,10,9.983835980165168e-11
365,12,6.817657549618161e-11
365,14,7.261746759468224e-11
365,17,9.976020010071807e-11
365,18,8.447642585451831e-11
365,21,7.241851562866941e-11
365,22,6.389910822690581e-11
365,23,1.2069989452356822e-10
365,24,6.859579571028007e-11
365,27,9.15179043659009e-11
365,29,9.877965112536913e-11
365,2,9.960388069885084e-11
365,6,9.875833484329632e-11
365,7,1.2147438610554673e-10
365,8,1.0865619515243452e-10
366,10,7.321432349272072e-11
366,12,1.0862777344300412e-10
366,14,1.36161304453708e-10
366,17,7.315748007385992e-11
366,18,1.3726975112149375e-10
366,21,1.0862777344300412e-10
366,22,1.2069989452356822e-10
366,23,2.1810109274156275e-10
366,24,1.3668000065081287e-10
366,27,9.136158496403368e-11
366,29,7.761258302707574e-11
366,2,8.427747388850548e-11
366,6,7.761258302707574e-11
366,7,7.270273272297345e-11
366,8,8.390799166591023e-11
367,10,1.220143985847244e-10
367,12,7.761258302707574e-11
367,14,6.838973831690964e-11
367,17,1.0973622011078987e-10
367,18,6.817657549618161e-11
367,21,8.388667538383743e-11
367,22,7.759126674500294e-11
367,23,1.0932410532404901e-10
367,24,6.816236464146641e-11
367,27,9.983835980165168e-11
367,29,1.0865619515243452e-10
367,2,9.14468500923249e-11
367,6,1.0864908972507692e-10
367,7,1.0898304481088417e-10
367,8,1.0982148523908108e-10
368,10,8.447642585451831e-11
368,12,1.2072831623299862e-10
368,14,1.5631229643986444e-10
368,17,7.825917691661743e-11
368,18,1.212043798659579e-10
368,21,1.0898304481088417e-10
368,22,9.052314453583676e-11
368,23,1.2147438610554673e-10
368,24,1.0905409908446018e-10
368,27,7.321432349272072e-11
368,29,7.243983191074221e-11
368,2,8.44124770082999e-11
368,6,8.358114200746058e-11
368,7,8.388667538383743e-11
368,8,8.447642585451831e-11
369,10,9.983835980165168e-11
369,12,7.815259550625342e-11
369,14,7.294431725313189e-11
369,17,1.219291334564332e-10
369,18,7.321432349272072e-11
369,21,6.815525921410881e-11
369,22,9.875833484329632e-11
369,23,7.808864666003501e-11
369,24,9.087841590371681e-11
369,27,1.22021504012082e-10
369,29,1.2069989452356822e-10
369,2,9.976020010071807e-11
369,6,1.0864908972507692e-10
369,7,8.388667538383743e-11
369,8,1.22021504012082e-10
370,10,8.447642585451831e-11
370,12,9.983835980165168e-11
370,14,1.0941647587969783e-10
370,17,7.837996918169665e-11
370,18,1.22021504012082e-10
370,21,1.219291334564332e-10
370,22,9.15179043659009e-11
370,23,1.0932410532404901e-10
370,24,9.921308219418279e-11
370,27,7.844391802791506e-11
370,29,8.358114200746058e-11
370,2,8.388667538383743e-11
370,6,7.760547759971814e-11
370,7,9.054446081790957e-11
370,8,6.10071992923622e-11
371,10,1.0982148523908108e-10
371,12,7.294431725313189e-11
371,14,6.838973831690964e-11
371,17,1.0973622011078987e-10
371,18,7.761258302707574e-11
371,21,7.315748007385992e-11
371,22,7.791811640345259e-11
371,23,7.80104869591014e-11
371,24,7.270273272297345e-11
371,27,1.22021504012082e-10
371,29,1.3589129821411916e-10
371,2,1.0904699365710258e-10
371,6,1.2072831623299862e-10
371,7,1.2109069302823627e-10
371,8,1.5582912737954757e-10
372,10,6.817657549618161e-11
372,12,1.5522516605415149e-10
372,14,1.36161304453708e-10
372,17,7.837996918169665e-11
372,18,1.2072831623299862e-10
372,21,1.3716316971112974e-10
372,22,1.0908252079389058e-10
372,23,9.92841364677588e-11
372,24,1.3632472928293282e-10
372,27,7.272404900504625e-11
372,29,1.3582734936790075e-10
372,2,8.44124770082999e-11
372,6,1.8109602706317673e-10
372,7,6.815525921410881e-11
372,8,6.817657549618161e-11
373,10,1.212043798659579e-10
373,12,7.761258302707574e-11
373,14,6.80842049405328e-11
373,17,1.219291334564332e-10
373,18,6.817657549618161e-11
373,21,6.858158485556487e-11
373,22,8.390799166591023e-11
373,23,9.14468500923249e-11
373,24,7.789680012137978e-11
373,27,1.212043798659579e-10
373,29,1.2069989452356822e-10
373,2,8.44124770082999e-11
373,6,9.875833484329632e-11
373,7,1.3582024394054315e-10
373,8,1.212043798659579e-10
374,10,7.272404900504625e-11
374,12,9.935519074133481e-11
374,14,1.36161304453708e-10
374,17,6.858158485556487e-11
374,18,1.2157386208855314e-10
374,21,1.219291334564332e-10
374,22,1.2157386208855314e-10
374,23,9.976020010071807e-11
374,24,1.0905409908446018e-10
374,27,7.276668156919186e-11
374,29,1.2072831623299862e-10
374,2,7.837996918169665e-11
374,6,1.2069989452356822e-10
374,7,6.791367468395038e-11
374,8,1.3635315099236323e-10
375,10,1.212043798659579e-10
375,12,7.844391802791506e-11
375,14,7.253930789374863e-11
375,17,1.3717027513848734e-10
375,18,6.863842827442568e-11
375,21,7.315748007385992e-11
375,22,7.844391802791506e-11
375,23,7.837996918169665e-11
375,24,6.791367468395038e-11
375,27,1.0982148523908108e-10
375,29,7.761258302707574e-11
375,2,1.2073542166035622e-10
375,6,2.1726265231336583e-10
375,7,1.3582024394054315e-10
375,8,1.5688073062847252e-10
376,10,8.417089247814147e-11
376,12,1.0982148523908108e-10
376,14,1.2077805422450183e-10
376,17,6.858158485556487e-11
376,18,1.22021504012082e-10
376,21,1.219291334564332e-10
376,22,9.983835980165168e-11
376,23,1.0973622011078987e-10
376,24,1.2073542166035622e-10
376,27,8.447642585451831e-11
376,29,1.0865619515243452e-10
376,2,7.761258302707574e-11
376,6,1.5522516605415149e-10
376,7,7.761258302707574e-11
376,8,1.3726975112149375e-10
377,10,1.0982148523908108e-10
377,12,7.844391802791506e-11
377,14,6.838973831690964e-11
377,17,1.3716316971112974e-10
377,18,7.321432349272072e-11
377,21,8.44124770082999e-11
377,22,7.321432349272072e-11
377,23,7.315748007385992e-11
377,24,7.275957614183426e-11
377,27,1.0982148523908108e-10
377,29,7.761258302707574e-11
377,2,1.219291334564332e-10
377,6,9.057998795469757e-11
377,7,1.0866330057979212e-10
377,8,7.844391802791506e-11
378,10,6.831157861597603e-11
378,12,1.0982148523908108e-10
378,14,1.2157386208855314e-10
378,17,6.858158485556487e-11
378,18,1.3727685654885136e-10
378,21,9.976020010071807e-11
378,22,1.22021504012082e-10
378,23,1.219291334564332e-10
378,24,1.3631762385557522e-10
378,27,7.844391802791506e-11
378,29,9.877965112536913e-11
378,2,8.44124770082999e-11
378,6,8.360245828953339e-11
378,7,6.791367468395038e-11
378,8,1.22021504012082e-10
379,10,1.3635315099236323e-10
379,12,7.321432349272072e-11
379,14,8.417089247814147e-11
379,17,1.219291334564332e-10
379,18,6.863842827442568e-11
379,21,7.315748007385992e-11
379,22,7.844391802791506e-11
379,23,7.315748007385992e-11
379,24,6.816236464146641e-11
379,27,8.447642585451831e-11
379,29,8.362377457160619e-11
379,2,9.976020010071807e-11
379,6,1.0932410532404901e-10
379,7,1.2069989452356822e-10
379,8,7.272404900504625e-11
380,10,7.844391802791506e-11
380,12,1.22021504012082e-10
380,14,1.0941647587969783e-10
380,17,7.315748007385992e-11
380,18,1.3726975112149375e-10
380,21,1.219291334564332e-10
380,22,1.0982148523908108e-10
380,23,1.219291334564332e-10
380,24,1.2117595815652749e-10
380,27,8.447642585451831e-11
380,29,8.44124770082999e-11
380,2,7.315748007385992e-11
380,6,7.288036840691348e-11
380,7,7.270273272297345e-11
380,8,9.877965112536913e-11
381,10,1.0982148523908108e-10
381,12,8.390799166591023e-11
381,14,7.806733037796221e-11
381,17,1.219291334564332e-10
381,18,6.863842827442568e-11
381,21,7.315748007385992e-11
381,22,7.321432349272072e-11
381,23,8.44124770082999e-11
381,24,7.270273272297345e-11
381,27,1.22021504012082e-10
381,29,9.059419880941277e-11
381,2,1.0905409908446018e-10
381,6,9.877254569801153e-11
381,7,1.2072831623299862e-10
381,8,7.761258302707574e-11
382,10,6.863842827442568e-11
382,12,6.817657549618161e-11
382,14,9.902123565552756e-11
382,17,7.315748007385992e-11
382,18,1.22021504012082e-10
382,21,1.219291334564332e-10
382,22,1.22021504012082e-10
382,23,9.976020010071807e-11
382,24,1.2117595815652749e-10
382,27,8.447642585451831e-11
382,29,1.0865619515243452e-10
382,2,8.388667538383743e-11
382,6,7.759126674500294e-11
382,7,7.761258302707574e-11
382,8,1.0865619515243452e-10
383,10,1.3726975112149375e-10
383,12,1.3635315099236323e-10
383,14,7.294431725313189e-11
383,17,1.3716316971112974e-10
383,18,7.321432349272072e-11
383,21,7.30437932361383e-11
383,22,7.844391802791506e-11
383,23,7.837996918169665e-11
383,24,7.789680012137978e-11
383,27,9.983835980165168e-11
383,29,7.243983191074221e-11
383,2,1.0870593314393773e-10
383,6,1.5518963891736348e-10
383,7,1.2069989452356822e-10
383,8,8.390799166591023e-11
384,10,7.844391802791506e-11
384,12,1.22021504012082e-10
384,14,1.3677947663381929e-10
384,17,6.791367468395038e-11
384,18,1.22021504012082e-10
384,21,1.219291334564332e-10
384,22,1.22021504012082e-10
384,23,1.0973622011078987e-10
384,24,1.2117595815652749e-10
384,27,7.321432349272072e-11
384,29,1.2072831623299862e-10
384,2,7.246825362017262e-11
384,6,6.789235840187757e-11
384,7,1.8105339449903113e-10
384,8,9.916334420267958e-11
385,10,1.0982148523908108e-10
385,12,6.448885869758669e-11
385,14,7.294431725313189e-11
385,17,1.2073542166035622e-10
385,18,7.272404900504625e-11
385,21,7.30437932361383e-11
385,22,7.844391802791506e-11
385,23,7.315748007385992e-11
385,24,6.419753617592505e-11
385,27,1.3726975112149375e-10
385,29,7.761258302707574e-11
385,2,1.2116885272916988e-10
385,6,1.0862777344300412e-10
385,7,1.2072831623299862e-10
385,8,8.390799166591023e-11
386,10,7.321432349272072e-11
386,12,1.22021504012082e-10
386,14,1.2157386208855314e-10
386,17,7.243983191074221e-11
386,18,1.3582024394054315e-10
386,21,1.3716316971112974e-10
386,22,1.22021504012082e-10
386,23,1.219291334564332e-10
386,24,1.361684098810656e-10
386,27,6.863842827442568e-11
386,29,1.0865619515243452e-10
386,2,7.788969469402218e-11
386,6,7.761968845443334e-11
386,7,1.567599383633933e-10
386,8,8.390799166591023e-11
387,10,1.0982148523908108e-10
387,12,8.447642585451831e-11
387,14,1.823607931328297e-10
387,17,1.219291334564332e-10
387,18,6.838263288955204e-11
387,21,7.315748007385992e-11
387,22,6.460254553530831e-11
387,23,7.315748007385992e-11
387,24,8.388667538383743e-11
387,27,1.22021504012082e-10
387,29,7.243983191074221e-11
387,2,1.0865619515243452e-10
387,6,1.2072831623299862e-10
387,7,2.1731239030486904e-10
387,8,9.089973218578962e-11
388,10,7.321432349272072e-11
388,12,1.0982148523908108e-10
388,14,1.2072831623299862e-10
388,17,7.315748007385992e-11
388,18,1.0908252079389058e-10
388,21,1.0973622011078987e-10
388,22,1.212043798659579e-10
388,23,9.976020010071807e-11
388,24,9.920597676682519e-11
388,27,8.447642585451831e-11
388,29,1.2072831623299862e-10
388,2,7.761258302707574e-11
388,6,7.761968845443334e-11
388,7,8.355982572538778e-11
388,8,1.0908252079389058e-10
389,10,1.220143985847244e-10
389,12,6.863842827442568e-11
389,14,1.0862777344300412e-10
389,17,1.369500068904017e-10
389,18,8.355982572538778e-11
389,21,6.858158485556487e-11
389,22,8.417089247814147e-11
389,23,9.976020010071807e-11
389,24,7.270273272297345e-11
389,27,9.983835980165168e-11
389,29,8.358114200746058e-11
389,2,9.055156624526717e-11
389,6,1.0865619515243452e-10
389,7,1.2069989452356822e-10
389,8,7.294431725313189e-11
390,10,6.824762976975762e-11
390,12,1.2157386208855314e-10
390,14,7.243983191074221e-11
390,17,6.858158485556487e-11
390,18,1.0941647587969783e-10
390,21,1.3717027513848734e-10
390,22,9.983835980165168e-11
390,23,1.0973622011078987e-10
390,24,1.2117595815652749e-10
390,27,8.447642585451831e-11
390,29,1.0865619515243452e-10
390,2,9.877965112536913e-11
390,6,7.761258302707574e-11
390,7,1.8105339449903113e-10
390,8,1.3677237120646168e-10
391,10,1.3649525953951525e-10
391,12,7.294431725313189e-11
391,14,1.0865619515243452e-10
391,17,1.219291334564332e-10
391,18,7.844391802791506e-11
391,21,8.44124770082999e-11
391,22,8.447642585451831e-11
391,23,6.832578947069123e-11
391,24,7.789680012137978e-11
391,27,9.983835980165168e-11
391,29,6.789235840187757e-11
391,2,9.877965112536913e-11
391,6,1.2077094879714423e-10
391,7,1.3631051842821762e-10
391,8,7.815259550625342e-11
392,10,8.399325679420144e-11
392,12,1.369571123177593e-10
392,14,7.761258302707574e-11
392,17,8.44124770082999e-11
392,18,1.0982148523908108e-10
392,21,1.219291334564332e-10
392,22,1.0982148523908108e-10
392,23,1.3665868436874007e-10
392,24,1.0975043096550507e-10
392,27,6.863842827442568e-11
392,29,1.2069989452356822e-10
392,2,8.358114200746058e-11
392,6,7.246114819281502e-11
392,7,1.0973622011078987e-10
392,8,9.946887757905643e-11
393,10,9.983835980165168e-11
393,12,6.817657549618161e-11
393,14,1.2069989452356822e-10
393,17,1.219291334564332e-10
393,18,7.844391802791506e-11
393,21,7.315748007385992e-11
393,22,6.863842827442568e-11
393,23,6.858158485556487e-11
393,24,7.839418003641185e-11
393,27,1.3635315099236323e-10
393,29,8.355982572538778e-11
393,2,1.219291334564332e-10
393,6,1.0869882771658013e-10
393,7,7.837996918169665e-11
393,8,7.272404900504625e-11
394,10,7.321432349272072e-11
394,12,1.2069989452356822e-10
394,14,7.241851562866941e-11
394,17,6.858158485556487e-11
394,18,1.3635315099236323e-10
394,21,9.14468500923249e-11
394,22,1.3726975112149375e-10
394,23,1.2116885272916988e-10
394,24,1.092317347684002e-10
394,27,7.272404900504625e-11
394,29,9.875833484329632e-11
394,2,6.858158485556487e-11
394,6,8.360956371689099e-11
394,7,1.219291334564332e-10
394,8,1.0908252079389058e-10
395,10,1.3726975112149375e-10
395,12,7.759126674500294e-11
395,14,1.3579182223111275e-10
395,17,1.0973622011078987e-10
395,18,1.5522516605415149e-10
395,21,9.14468500923249e-11
395,22,7.321432349272072e-11
395,23,8.394351880269824e-11
395,24,7.289457926162868e-11
395,27,1.3635315099236323e-10
395,29,7.241851562866941e-11
395,2,1.2116885272916988e-10
395,6,9.877965112536913e-11
395,7,6.858158485556487e-11
395,8,8.390799166591023e-11
396,10,6.863842827442568e-11
396,12,1.0908252079389058e-10
396,14,2.1726265231336583e-10
396,17,6.858158485556487e-11
396,18,1.2072831623299862e-10
396,21,9.976020010071807e-11
396,22,1.22021504012082e-10
396,23,9.875833484329632e-11
396,24,1.3631762385557522e-10
396,27,7.761258302707574e-11
396,29,1.0862777344300412e-10
396,2,7.270273272297345e-11
396,6,2.1732660115958424e-10
396,7,1.3631051842821762e-10
396,8,1.212967504216067e-10
397,10,1.3726975112149375e-10
397,12,7.321432349272072e-11
397,14,1.2069989452356822e-10
397,17,1.3631051842821762e-10
397,18,1.3582024394054315e-10
397,21,7.837996918169665e-11
397,22,7.321432349272072e-11
397,23,7.761258302707574e-11
397,24,7.243983191074221e-11
397,27,9.875833484329632e-11
397,29,8.362377457160619e-11
397,2,1.0904699365710258e-10
397,6,1.2069989452356822e-10
397,7,1.0912515335803619e-10
397,8,1.5518963891736348e-10
398,10,6.863842827442568e-11
398,12,1.3725554026677855e-10
398,14,9.875833484329632e-11
398,17,7.270273272297345e-11
398,18,6.789235840187757e-11
398,21,1.219291334564332e-10
398,22,1.2157386208855314e-10
398,23,9.913492249324918e-11
398,24,1.2117595815652749e-10
398,27,7.759126674500294e-11
398,29,1.0871303857129533e-10
398,2,7.315748007385992e-11
398,6,1.0862777344300412e-10
398,7,1.5518963891736348e-10
398,8,1.2069989452356822e-10
399,10,1.22021504012082e-10
399,12,6.863842827442568e-11
399,14,6.389910822690581e-11
399,17,1.0865619515243452e-10
399,18,9.875833484329632e-11
399,21,6.45528075438051e-11
399,22,7.815259550625342e-11
399,23,9.094236474993522e-11
399,24,7.789680012137978e-11
399,27,9.875833484329632e-11
399,29,7.288036840691348e-11
399,2,1.219291334564332e-10
399,6,7.759126674500294e-11
399,7,1.2069989452356822e-10
399,8,1.3579182223111275e-10
400,10,7.791811640345259e-11
400,12,1.0982148523908108e-10
400,14,1.8105339449903113e-10
400,17,7.761258302707574e-11
400,18,8.358114200746058e-11
400,21,1.3631051842821762e-10
400,22,9.983835980165168e-11
400,23,9.087131047635921e-11
400,24,9.977441095543327e-11
400,27,7.759126674500294e-11
400,29,1.0932410532404901e-10
400,2,7.30437932361383e-11
400,6,1.0862777344300412e-10
400,7,8.355982572538778e-11
400,8,7.815259550625342e-11
401,10,1.212043798659579e-10
401,12,9.15179043659009e-11
401,14,7.761968845443334e-11
401,17,1.2072831623299862e-10
401,18,1.0865619515243452e-10
401,21,7.788969469402218e-11
401,22,7.321432349272072e-11
401,23,8.388667538383743e-11
401,24,7.316458550121752e-11
401,27,1.5518963891736348e-10
401,29,7.761258302707574e-11
401,2,1.219291334564332e-10
401,6,7.759126674500294e-11
401,7,1.0862777344300412e-10
401,8,1.0941647587969783e-10
402,10,6.817657549618161e-11
402,12,9.983835980165168e-11
402,14,1.0865619515243452e-10
402,17,7.270273272297345e-11
402,18,7.791811640345259e-11
402,21,1.0904699365710258e-10
402,22,1.22021504012082e-10
402,23,1.0973622011078987e-10
402,24,1.2117595815652749e-10
402,27,7.241851562866941e-11
402,29,1.3582024394054315e-10
402,2,7.315748007385992e-11
402,6,1.0863487887036172e-10
402,7,7.241851562866941e-11
402,8,6.817657549618161e-11
403,10,1.3635315099236323e-10
403,12,7.321432349272072e-11
403,14,7.761968845443334e-11
403,17,1.0973622011078987e-10
403,18,1.0982148523908108e-10
403,21,7.270273272297345e-11
403,22,7.321432349272072e-11
403,23,7.315748007385992e-11
403,24,7.270273272297345e-11
403,27,9.875833484329632e-11
403,29,6.791367468395038e-11
403,2,1.219291334564332e-10
403,6,7.759126674500294e-11
403,7,1.2147438610554673e-10
403,8,1.212043798659579e-10
404,10,7.272404900504625e-11
404,12,1.22021504012082e-10
404,14,1.2073542166035622e-10
404,17,7.837996918169665e-11
404,18,6.863842827442568e-11
404,21,1.0862777344300412e-10
404,22,1.3726975112149375e-10
404,23,1.219291334564332e-10
404,24,1.5579360024275957e-10
404,27,7.272404900504625e-11
404,29,1.3582024394054315e-10
404,2,7.315748007385992e-11
404,6,1.2069989452356822e-10
404,7,7.315748007385992e-11
404,8,7.791811640345259e-11
405,10,1.0865619515243452e-10
405,12,7.321432349272072e-11
405,14,6.391331908162101e-11
405,17,1.567599383633933e-10
405,18,1.22021504012082e-10
405,21,9.087131047635921e-11
405,22,6.460254553530831e-11
405,23,7.315748007385992e-11
405,24,6.45599129711627e-11
405,27,1.3726975112149375e-10
405,29,6.818368092353921e-11
405,2,1.219291334564332e-10
405,6,6.789946382923517e-11
405,7,1.219291334564332e-10
405,8,9.097078645936563e-11
406,10,7.243983191074221e-11
406,12,1.5688073062847252e-10
406,14,1.2069989452356822e-10
406,17,6.858158485556487e-11
406,18,7.791811640345259e-11
406,21,9.976020010071807e-11
406,22,1.3635315099236323e-10
406,23,1.3717027513848734e-10
406,24,1.219433443111484e-10
406,27,6.863842827442568e-11
406,29,1.219291334564332e-10
406,2,7.315748007385992e-11
406,6,1.3579182223111275e-10
406,7,7.315748007385992e-11
406,8,7.243983191074221e-11
407,10,1.0865619515243452e-10
407,12,6.817657549618161e-11
407,14,7.243983191074221e-11
407,17,1.0973622011078987e-10
407,18,1.3582024394054315e-10
407,21,7.315748007385992e-11
407,22,7.243983191074221e-11
407,23,7.837996918169665e-11
407,24,7.316458550121752e-11
407,27,1.22021504012082e-10
407,29,7.315748007385992e-11
407,2,1.3716316971112974e-10
407,6,7.243983191074221e-11
407,7,1.2173728691777796e-10
407,8,1.8105339449903113e-10
408,10,6.817657549618161e-11
408,12,1.212043798659579e-10
408,14,1.5522516605415149e-10
408,17,8.358114200746058e-11
408,18,6.791367468395038e-11
408,21,1.219291334564332e-10
408,22,1.2072831623299862e-10
408,23,9.976020010071807e-11
408,24,1.3719159142056014e-10
408,27,7.321432349272072e-11
408,29,1.3717027513848734e-10
408,2,7.315748007385992e-11
408,6,7.242562105602701e-11
408,7,7.270273272297345e-11
408,8,7.241851562866941e-11
409,10,1.5518963891736348e-10
409,12,6.060218993297894e-11
409,14,6.036771083017811e-11
409,17,1.2072831623299862e-10
409,18,1.3582024394054315e-10
409,21,7.315748007385992e-11
409,22,7.321432349272072e-11
409,23,8.44124770082999e-11
409,24,6.859579571028007e-11
409,27,1.3726975112149375e-10
409,29,6.858158485556487e-11
409,2,9.976020010071807e-11
409,6,1.2071410537828342e-10
409,7,1.0973622011078987e-10
409,8,1.0862777344300412e-10
410,10,2.1726265231336583e-10
410,12,1.5582912737954757e-10
410,14,1.3581313851318555e-10
410,17,6.392042450897861e-11
410,18,6.791367468395038e-11
410,21,1.3716316971112974e-10
410,22,9.983835980165168e-11
410,23,1.219291334564332e-10
410,24,1.3719159142056014e-10
410,27,6.863842827442568e-11
410,29,1.3582734936790075e-10
410,2,7.837996918169665e-11
410,6,1.5519674434472108e-10
410,7,8.44124770082999e-11
410,8,2.1816504158778116e-10
411,10,1.3581313851318555e-10
411,12,7.294431725313189e-11
411,14,7.243272648338461e-11
411,17,1.3582734936790075e-10
411,18,1.2072831623299862e-10
411,21,7.30437932361383e-11
411,22,8.407141649513505e-11
411,23,6.858158485556487e-11
411,24,7.289457926162868e-11
411,27,1.2157386208855314e-10
411,29,7.243983191074221e-11
411,2,1.0904699365710258e-10
411,6,1.3579182223111275e-10
411,7,1.219291334564332e-10
411,8,1.3635315099236323e-10
412,10,9.877965112536913e-11
412,12,1.3726975112149375e-10
412,14,1.3581313851318555e-10
412,17,6.791367468395038e-11
412,18,7.243983191074221e-11
412,21,1.2147438610554673e-10
412,22,1.3662315723195206e-10
412,23,9.976020010071807e-11
412,24,1.0905409908446018e-10
412,27,7.294431725313189e-11
412,29,1.0865619515243452e-10
412,2,7.825917691661743e-11
412,6,1.0862777344300412e-10
412,7,6.858158485556487e-11
412,8,1.2173728691777796e-10
413,10,7.760547759971814e-11
413,12,7.321432349272072e-11
413,14,6.791367468395038e-11
413,17,1.3582024394054315e-10
413,18,1.3635315099236323e-10
413,21,7.315748007385992e-11
413,22,6.838973831690964e-11
413,23,7.837996918169665e-11
413,24,7.270273272297345e-11
413,27,1.830287033044442e-10
413,29,7.243983191074221e-11
413,2,1.3717027513848734e-10
413,6,1.2069989452356822e-10
413,7,1.3717027513848734e-10
413,8,6.847500344520085e-11
414,10,1.2072831623299862e-10
414,12,1.0963674412778346e-10
414,14,1.3588419278676156e-10
414,17,6.832578947069123e-11
414,18,6.817657549618161e-11
414,21,1.3717027513848734e-10
414,22,7.759126674500294e-11
414,23,1.0973622011078987e-10
414,24,1.3719159142056014e-10
414,27,1.2157386208855314e-10
414,29,1.2072831623299862e-10
414,2,6.858158485556487e-11
414,6,2.1727686316808104e-10
414,7,6.815525921410881e-11
414,8,9.946887757905643e-11
415,10,6.863842827442568e-11
415,12,1.22021504012082e-10
415,14,1.552962203277275e-10
415,17,1.2116885272916988e-10
415,18,1.3726975112149375e-10
415,21,6.45528075438051e-11
415,22,1.2069989452356822e-10
415,23,7.837996918169665e-11
415,24,6.859579571028007e-11
415,27,1.2069989452356822e-10
415,29,7.243983191074221e-11
415,2,1.3717027513848734e-10
415,6,9.877965112536913e-11
415,7,1.212541178574611e-10
415,8,8.417089247814147e-11
416,10,1.5688073062847252e-10
416,12,1.8109602706317673e-10
416,14,1.2072831623299862e-10
416,17,7.270273272297345e-11
416,18,6.863842827442568e-11
416,21,1.219291334564332e-10
416,22,1.3578471680375515e-10
416,23,1.219291334564332e-10
416,24,1.3719159142056014e-10
416,27,1.3579182223111275e-10
416,29,1.5522516605415149e-10
416,2,6.858158485556487e-11
416,6,1.3579892765847035e-10
416,7,7.241851562866941e-11
416,8,1.0941647587969783e-10
417,10,6.448885869758669e-11
417,12,1.3582024394054315e-10
417,14,1.2069989452356822e-10
417,17,1.2116885272916988e-10
417,18,1.22021504012082e-10
417,21,7.315748007385992e-11
417,22,6.389910822690581e-11
417,23,7.315748007385992e-11
417,24,6.859579571028007e-11
417,27,6.789235840187757e-11
417,29,6.036771083017811e-11
417,2,1.219291334564332e-10
417,6,6.789946382923517e-11
417,7,1.2069989452356822e-10
417,8,7.294431725313189e-11
418,10,1.2181544661871158e-10
418,12,6.036771083017811e-11
418,14,8.358114200746058e-11
418,17,7.243983191074221e-11
418,18,7.321432349272072e-11
418,21,1.3582024394054315e-10
418,22,1.3578471680375515e-10
418,23,1.3717027513848734e-10
418,24,1.3719159142056014e-10
418,27,1.2072831623299862e-10
418,29,1.3579182223111275e-10
418,2,7.837996918169665e-11
418,6,8.355982572538778e-11
418,7,7.241851562866941e-11
418,8,1.3677237120646168e-10
419,10,7.321432349272072e-11
419,12,2.1731239030486904e-10
419,14,1.2073542166035622e-10
419,17,1.3631051842821762e-10
419,18,1.212043798659579e-10
419,21,7.243983191074221e-11
419,22,6.791367468395038e-11
419,23,7.315748007385992e-11
419,24,7.316458550121752e-11
419,27,7.761258302707574e-11
419,29,7.243983191074221e-11
419,2,1.0973622011078987e-10
419,6,1.2069989452356822e-10
419,7,1.2070699995092582e-10
419,8,6.863842827442568e-11
420,10,1.0982148523908108e-10
420,12,6.391331908162101e-11
420,14,6.391331908162101e-11
420,17,7.837996918169665e-11
420,18,7.243983191074221e-11
420,21,1.2116885272916988e-10
420,22,1.3635315099236323e-10
420,23,1.219291334564332e-10
420,24,1.219433443111484e-10
420,27,9.877965112536913e-11
420,29,1.0865619515243452e-10
420,2,7.315748007385992e-11
420,6,1.0862777344300412e-10
420,7,7.270273272297345e-11
420,8,1.3726975112149375e-10
421,10,9.15179043659009e-11
421,12,1.0865619515243452e-10
421,14,1.3582024394054315e-10
421,17,1.0973622011078987e-10
421,18,1.8179946437157923e-10
421,21,7.837996918169665e-11
421,22,7.815259550625342e-11
421,23,7.315748007385992e-11
421,24,6.45599129711627e-11
421,27,8.358114200746058e-11
421,29,9.055156624526717e-11
421,2,1.3717027513848734e-10
421,6,6.789946382923517e-11
421,7,1.3717027513848734e-10
421,8,1.0982148523908108e-10
422,10,9.983835980165168e-11
422,12,8.358114200746058e-11
422,14,6.791367468395038e-11
422,17,7.315748007385992e-11
422,18,6.460254553530831e-11
422,21,9.976020010071807e-11
422,22,1.22021504012082e-10
422,23,1.0973622011078987e-10
422,24,1.3719159142056014e-10
422,27,9.875833484329632e-11
422,29,9.877965112536913e-11
422,2,6.858158485556487e-11
422,6,1.3579892765847035e-10
422,7,6.858158485556487e-11
422,8,1.8109602706317673e-10
423,10,7.844391802791506e-11
423,12,9.983835980165168e-11
423,14,1.0865619515243452e-10
423,17,1.219291334564332e-10
423,18,1.0982148523908108e-10
423,21,7.315748007385992e-11
423,22,6.436096100514987e-11
423,23,7.837996918169665e-11
423,24,7.316458550121752e-11
423,27,9.052314453583676e-11
423,29,7.761258302707574e-11
423,2,1.219291334564332e-10
423,6,8.356693115274538e-11
423,7,1.567599383633933e-10
423,8,1.2072831623299862e-10
424,10,9.983835980165168e-11
424,12,7.844391802791506e-11
424,14,7.761258302707574e-11
424,17,6.832578947069123e-11
424,18,7.321432349272072e-11
424,21,1.3717027513848734e-10
424,22,1.3582024394054315e-10
424,23,1.0973622011078987e-10
424,24,1.3719159142056014e-10
424,27,1.0908252079389058e-10
424,29,1.0865619515243452e-10
424,2,7.30437932361383e-11
424,6,9.052314453583676e-11
424,7,6.858158485556487e-11
424,8,7.243983191074221e-11
425,10,7.844391802791506e-11
425,12,1.3726975112149375e-10
425,14,1.2069989452356822e-10
425,17,1.3631051842821762e-10
425,18,1.22021504012082e-10
425,21,7.837996918169665e-11
425,22,6.817657549618161e-11
425,23,7.315748007385992e-11
425,24,6.859579571028007e-11
425,27,6.822631348768482e-11
425,29,8.362377457160619e-11
425,2,1.0973622011078987e-10
425,6,7.759126674500294e-11
425,7,1.3717027513848734e-10
425,8,1.5688073062847252e-10
426,10,1.3726975112149375e-10
426,12,7.844391802791506e-11
426,14,7.241851562866941e-11
426,17,6.832578947069123e-11
426,18,7.321432349272072e-11
426,21,8.44124770082999e-11
426,22,1.5688073062847252e-10
426,23,1.567599383633933e-10
426,24,1.567883600728237e-10
426,27,1.3635315099236323e-10
426,29,1.2079226507921703e-10
426,2,7.837996918169665e-11
426,6,1.3579182223111275e-10
426,7,6.45528075438051e-11
426,8,6.863842827442568e-11
427,10,6.863842827442568e-11
427,12,9.983835980165168e-11
427,14,1.3582024394054315e-10
427,17,1.3717027513848734e-10
427,18,1.3726975112149375e-10
427,21,7.788969469402218e-11
427,22,7.321432349272072e-11
427,23,6.45528075438051e-11
427,24,6.859579571028007e-11
427,27,6.817657549618161e-11
427,29,7.246825362017262e-11
427,2,1.3717027513848734e-10
427,6,1.5518963891736348e-10
427,7,1.3717027513848734e-10
427,8,1.0982148523908108e-10
428,10,1.3726975112149375e-10
428,12,7.321432349272072e-11
428,14,7.243983191074221e-11
428,17,7.315748007385992e-11
428,18,7.321432349272072e-11
428,21,1.5578649481540197e-10
428,22,1.22021504012082e-10
428,23,1.567599383633933e-10
428,24,1.0934542160612182e-10
428,27,1.3726975112149375e-10
428,29,1.2079226507921703e-10
428,2,6.858158485556487e-11
428,6,1.0862777344300412e-10
428,7,6.858158485556487e-11
428,8,7.321432349272072e-11
429,10,7.243983191074221e-11
429,12,1.3582024394054315e-10
429,14,1.0862777344300412e-10
429,17,1.219291334564332e-10
429,18,1.22021504012082e-10
429,21,6.815525921410881e-11
429,22,6.416911446649465e-11
429,23,6.45528075438051e-11
429,24,7.289457926162868e-11
429,27,6.863842827442568e-11
429,29,6.394884621840902e-11
429,2,1.3717027513848734e-10
429,6,1.5519674434472108e-10
429,7,1.3717027513848734e-10
429,8,1.3726975112149375e-10
430,10,1.0865619515243452e-10
430,12,7.243983191074221e-11
430,14,2.716333824537287e-10
430,17,6.858158485556487e-11
430,18,6.863842827442568e-11
430,21,1.3631051842821762e-10
430,22,7.791811640345259e-11
430,23,1.219291334564332e-10
430,24,1.3719159142056014e-10
430,27,1.3726975112149375e-10
430,29,1.2079226507921703e-10
430,2,6.45528075438051e-11
430,6,6.791367468395038e-11
430,7,7.315748007385992e-11
430,8,6.863842827442568e-11
431,10,8.358114200746058e-11
431,12,1.2073542166035622e-10
431,14,9.878675655272673e-11
431,17,1.219291334564332e-10
431,18,1.3704237744605052e-10
431,21,7.270273272297345e-11
431,22,1.3582024394054315e-10
431,23,7.315748007385992e-11
431,24,7.316458550121752e-11
431,27,6.863842827442568e-11
431,29,7.246825362017262e-11
431,2,1.219291334564332e-10
431,6,1.3665868436874007e-10
431,7,1.369500068904017e-10
431,8,1.22021504012082e-10
432,10,7.764811016386375e-11
432,12,6.789235840187757e-11
432,14,1.0865619515243452e-10
432,17,8.44124770082999e-11
432,18,7.321432349272072e-11
432,21,1.3631051842821762e-10
432,22,1.0908252079389058e-10
432,23,1.567599383633933e-10
432,24,1.219433443111484e-10
432,27,1.3726975112149375e-10
432,29,1.2079226507921703e-10
432,2,7.825917691661743e-11
432,6,6.832578947069123e-11
432,7,6.847500344520085e-11
432,8,4.3925751924689393e-11
433,10,9.052314453583676e-11
433,12,1.3579182223111275e-10
433,14,2.1731239030486904e-10
433,17,9.14468500923249e-11
433,18,1.0982148523908108e-10
433,21,6.815525921410881e-11
433,22,6.822631348768482e-11
433,23,7.315748007385992e-11
433,24,6.859579571028007e-11
433,27,7.844391802791506e-11
433,29,7.247535904753022e-11
433,2,1.3717027513848734e-10
433,6,1.2072831623299862e-10
433,7,1.3717027513848734e-10
433,8,7.786837841194938e-11
434,10,1.0862777344300412e-10
434,12,1.5518963891736348e-10
434,14,1.2072831623299862e-10
434,17,7.808864666003501e-11
434,18,7.321432349272072e-11
434,21,1.2116885272916988e-10
434,22,1.2072831623299862e-10
434,23,1.219291334564332e-10
434,24,1.567883600728237e-10
434,27,9.118394928009366e-11
434,29,1.3579182223111275e-10
434,2,7.837996918169665e-11
434,6,6.791367468395038e-11
434,7,6.45528075438051e-11
434,8,1.2112622016502428e-10
435,10,7.761258302707574e-11
435,12,1.212043798659579e-10
435,14,1.2072831623299862e-10
435,17,1.3665868436874007e-10
435,18,1.3726975112149375e-10
435,21,6.842526545369765e-11
435,22,1.8179946437157923e-10
435,23,6.444622613344109e-11
435,24,6.859579571028007e-11
435,27,9.089973218578962e-11
435,29,7.241851562866941e-11
435,2,1.0973622011078987e-10
435,6,1.5519674434472108e-10
435,7,1.3717027513848734e-10
435,8,7.272404900504625e-11
436,10,1.3582024394054315e-10
436,12,1.3726975112149375e-10
436,14,7.243983191074221e-11
436,17,7.808864666003501e-11
436,18,6.863842827442568e-11
436,21,1.3717027513848734e-10
436,22,1.3726975112149375e-10
436,23,1.0973622011078987e-10
436,24,1.3631762385557522e-10
436,27,1.0908252079389058e-10
436,29,1.2069989452356822e-10
436,2,6.815525921410881e-11
436,6,6.789946382923517e-11
436,7,5.775291356258094e-11
436,8,1.2110490388295148e-10
437,10,6.791367468395038e-11
437,12,6.863842827442568e-11
437,14,1.3726975112149375e-10
437,17,1.0973622011078987e-10
437,18,1.3727685654885136e-10
437,21,6.858158485556487e-11
437,22,1.22021504012082e-10
437,23,7.808864666003501e-11
437,24,6.431832844100427e-11
437,27,7.272404900504625e-11
437,29,7.241851562866941e-11
437,2,1.3631051842821762e-10
437,6,7.759126674500294e-11
437,7,2.1726265231336583e-10
437,8,8.390799166591023e-11
438,10,1.2070699995092582e-10
438,12,1.3635315099236323e-10
438,14,6.863842827442568e-11
438,17,6.858158485556487e-11
438,18,6.851763600934646e-11
438,21,1.2147438610554673e-10
438,22,6.863842827442568e-11
438,23,1.3631051842821762e-10
438,24,1.2149570238761953e-10
438,27,1.212043798659579e-10
438,29,1.2072831623299862e-10
438,2,7.288036840691348e-11
438,6,1.0862777344300412e-10
438,7,7.241851562866941e-11
438,8,9.960388069885084e-11
439,10,8.355982572538778e-11
439,12,6.838973831690964e-11
439,14,1.3726975112149375e-10
439,17,1.3717027513848734e-10
439,18,1.220143985847244e-10
439,21,8.44124770082999e-11
439,22,1.3726975112149375e-10
439,23,7.788969469402218e-11
439,24,7.270273272297345e-11
439,27,6.817657549618161e-11
439,29,6.791367468395038e-11
439,2,9.938361245076521e-11
439,6,1.5519674434472108e-10
439,7,1.2069989452356822e-10
439,8,7.294431725313189e-11
440,10,1.8109602706317673e-10
440,12,1.3726975112149375e-10
440,14,6.863842827442568e-11
440,17,7.315748007385992e-11
440,18,7.844391802791506e-11
440,21,1.219291334564332e-10
440,22,7.321432349272072e-11
440,23,1.0912515335803619e-10
440,24,1.3631762385557522e-10
440,27,1.5688783605583012e-10
440,29,1.0862777344300412e-10
440,2,8.388667538383743e-11
440,6,6.390621365426341e-11
440,7,6.789235840187757e-11
440,8,1.3635315099236323e-10
441,10,9.875833484329632e-11
441,12,6.838973831690964e-11
441,14,1.3726975112149375e-10
441,17,1.219291334564332e-10
441,18,1.0963674412778346e-10
441,21,7.315748007385992e-11
441,22,1.0982148523908108e-10
441,23,6.815525921410881e-11
441,24,6.859579571028007e-11
441,27,6.863842827442568e-11
441,29,8.358114200746058e-11
441,2,1.2072831623299862e-10
441,6,1.2070699995092582e-10
441,7,1.3579182223111275e-10
441,8,7.321432349272072e-11
442,10,1.3579182223111275e-10
442,12,1.2173728691777796e-10
442,14,6.863842827442568e-11
442,17,6.858158485556487e-11
442,18,7.30864258002839e-11
442,21,9.976020010071807e-11
442,22,7.844391802791506e-11
442,23,1.3631051842821762e-10
442,24,1.3719159142056014e-10
442,27,1.22021504012082e-10
442,29,1.2073542166035622e-10
442,2,6.791367468395038e-11
442,6,7.242562105602701e-11
442,7,6.791367468395038e-11
442,8,1.22021504012082e-10
443,10,9.875833484329632e-11
443,12,7.243983191074221e-11
443,14,1.3726975112149375e-10
443,17,1.3582024394054315e-10
443,18,1.3726975112149375e-10
443,21,7.315748007385992e-11
443,22,1.22021504012082e-10
443,23,6.858158485556487e-11
443,24,7.316458550121752e-11
443,27,7.321432349272072e-11
443,29,6.791367468395038e-11
443,2,9.877965112536913e-11
443,6,1.3579182223111275e-10
443,7,1.5522516605415149e-10
443,8,7.321432349272072e-11
444,10,7.759126674500294e-11
444,12,1.2073542166035622e-10
444,14,7.844391802791506e-11
444,17,6.791367468395038e-11
444,18,7.321432349272072e-11
444,21,1.0973622011078987e-10
444,22,6.863842827442568e-11
444,23,1.3717027513848734e-10
444,24,9.877965112536913e-11
444,27,1.22021504012082e-10
444,29,1.2079226507921703e-10
444,2,8.355982572538778e-11
444,6,6.389910822690581e-11
444,7,6.392042450897861e-11
444,8,9.983835980165168e-11
445,10,1.2069989452356822e-10
445,12,7.761258302707574e-11
445,14,9.15179043659009e-11
445,17,1.3631051842821762e-10
445,18,1.3704237744605052e-10
445,21,7.825917691661743e-11
445,22,1.22021504012082e-10
445,23,1.828937001846498e-10
445,24,8.355982572538778e-11
445,27,6.863842827442568e-11
445,29,7.247535904753022e-11
445,2,1.3579182223111275e-10
445,6,1.3579182223111275e-10
445,7,1.2072831623299862e-10
445,8,8.447642585451831e-11
446,10,7.243983191074221e-11
446,12,1.2069989452356822e-10
446,14,6.863842827442568e-11
446,17,6.815525921410881e-11
446,18,6.460254553530831e-11
446,21,1.3717027513848734e-10
446,22,7.321432349272072e-11
446,23,9.938361245076521e-11
446,24,1.2117595815652749e-10
446,27,1.220143985847244e-10
446,29,1.3589840364147676e-10
446,2,6.036771083017811e-11
446,6,7.241851562866941e-11
446,7,7.243983191074221e-11
446,8,9.983835980165168e-11
447,10,1.2072831623299862e-10
447,12,1.8105339449903113e-10
447,14,1.5688073062847252e-10
447,17,1.5578649481540197e-10
447,18,1.22021504012082e-10
447,21,6.858158485556487e-11
447,22,1.3726975112149375e-10
447,23,1.8109602706317673e-10
447,24,6.859579571028007e-11
447,27,7.844391802791506e-11
447,29,6.794920182073838e-11
447,2,1.5522516605415149e-10
447,6,1.0862777344300412e-10
447,7,1.2116885272916988e-10
447,8,7.791811640345259e-11
448,10,7.761258302707574e-11
448,12,1.2072831623299862e-10
448,14,7.830891490812064e-11
448,17,6.410516562027624e-11
448,18,7.321432349272072e-11
448,21,1.567599383633933e-10
448,22,6.863842827442568e-11
448,23,1.8174972638007603e-10
448,24,1.3719159142056014e-10
448,27,1.22021504012082e-10
448,29,1.3582024394054315e-10
448,2,7.761258302707574e-11
448,6,7.759126674500294e-11
448,7,7.270273272297345e-11
448,8,1.2072831623299862e-10
449,10,1.2072831623299862e-10
449,12,1.3677237120646168e-10
449,14,1.0982148523908108e-10
449,17,1.3631051842821762e-10
449,18,1.22021504012082e-10
449,21,6.45528075438051e-11
449,22,1.3726975112149375e-10
449,23,9.976020010071807e-11
449,24,6.859579571028007e-11
449,27,6.863842827442568e-11
449,29,6.391331908162101e-11
449,2,1.2072831623299862e-10
449,6,1.3582024394054315e-10
449,7,1.822044737309625e-10
449,8,1.3578471680375515e-10
450,10,6.791367468395038e-11
450,12,6.863842827442568e-11
450,14,7.30864258002839e-11
450,17,7.315748007385992e-11
450,18,7.321432349272072e-11
450,21,1.3631051842821762e-10
450,22,7.321432349272072e-11
450,23,1.3717027513848734e-10
450,24,1.219433443111484e-10
450,27,1.3726975112149375e-10
450,29,1.5522516605415149e-10
450,2,6.858158485556487e-11
450,6,1.8109602706317673e-10
450,7,1.3631051842821762e-10
450,8,1.5582912737954757e-10
451,10,1.2073542166035622e-10
451,12,1.22021504012082e-10
451,14,1.3726975112149375e-10
451,17,1.219291334564332e-10
451,18,1.0982148523908108e-10
451,21,6.391331908162101e-11
451,22,1.3726975112149375e-10
451,23,7.315748007385992e-11
451,24,7.289457926162868e-11
451,27,6.817657549618161e-11
451,29,7.243983191074221e-11
451,2,1.3717027513848734e-10
451,6,1.2070699995092582e-10
451,7,1.0862777344300412e-10
451,8,1.22021504012082e-10
452,10,6.036771083017811e-11
452,12,6.460254553530831e-11
452,14,7.272404900504625e-11
452,17,7.315748007385992e-11
452,18,1.36161304453708e-10
452,21,1.567599383633933e-10
452,22,6.10071992923622e-11
452,23,1.219291334564332e-10
452,24,1.3668000065081287e-10
452,27,1.2112622016502428e-10
452,29,1.0862777344300412e-10
452,2,7.315748007385992e-11
452,6,1.2069989452356822e-10
452,7,1.3579182223111275e-10
452,8,7.321432349272072e-11
453,10,1.8108892163581913e-10
453,12,1.5688073062847252e-10
453,14,1.0865619515243452e-10
453,17,1.219291334564332e-10
453,18,1.3578471680375515e-10
453,21,7.315748007385992e-11
453,22,1.5688073062847252e-10
453,23,7.315748007385992e-11
453,24,7.810285751475021e-11
453,27,7.791811640345259e-11
453,29,7.241851562866941e-11
453,2,1.219291334564332e-10
453,6,1.3579182223111275e-10
453,7,6.389910822690581e-11
453,8,1.22021504012082e-10
454,10,1.3581313851318555e-10
454,12,7.321432349272072e-11
454,14,7.791811640345259e-11
454,17,6.858158485556487e-11
454,18,1.3582024394054315e-10
454,21,1.3716316971112974e-10
454,22,7.321432349272072e-11
454,23,1.219291334564332e-10
454,24,1.0975043096550507e-10
454,27,1.2069989452356822e-10
454,29,1.2069989452356822e-10
454,2,6.858158485556487e-11
454,6,1.2069989452356822e-10
454,7,1.5518963891736348e-10
454,8,7.321432349272072e-11
455,10,2.1731239030486904e-10
455,12,1.22021504012082e-10
455,14,1.212043798659579e-10
455,17,1.567599383633933e-10
455,18,7.780442956573097e-11
455,21,6.858158485556487e-11
455,22,1.2072831623299862e-10
455,23,7.30437932361383e-11
455,24,6.859579571028007e-11
455,27,7.243272648338461e-11
455,29,7.241851562866941e-11
455,2,1.2173728691777796e-10
455,6,1.5519674434472108e-10
455,7,1.8109602706317673e-10
455,8,1.830287033044442e-10
456,10,1.0866330057979212e-10
456,12,6.863842827442568e-11
456,14,7.272404900504625e-11
456,17,1.3582024394054315e-10
456,18,1.5522516605415149e-10
456,21,1.219291334564332e-10
456,22,6.791367468395038e-11
456,23,1.2147438610554673e-10
456,24,1.3719159142056014e-10
456,27,1.0865619515243452e-10
456,29,1.3582734936790075e-10
456,2,7.837996918169665e-11
456,6,1.3582024394054315e-10
456,7,1.2069989452356822e-10
456,8,6.817657549618161e-11
457,10,6.791367468395038e-11
457,12,1.3726975112149375e-10
457,14,1.220143985847244e-10
457,17,1.3578471680375515e-10
457,18,1.2069989452356822e-10
457,21,7.315748007385992e-11
457,22,1.3582734936790075e-10
457,23,6.45528075438051e-11
457,24,6.859579571028007e-11
457,27,7.243272648338461e-11
457,29,6.794920182073838e-11
457,2,1.219291334564332e-10
457,6,1.552962203277275e-10
457,7,1.0862777344300412e-10
457,8,1.0982148523908108e-10
458,10,1.2072831623299862e-10
458,12,6.863842827442568e-11
458,14,7.321432349272072e-11
458,17,1.2069989452356822e-10
458,18,1.5518963891736348e-10
458,21,1.219291334564332e-10
458,22,7.760547759971814e-11
458,23,1.567599383633933e-10
458,24,1.567883600728237e-10
458,27,1.5582912737954757e-10
458,29,1.3589129821411916e-10
458,2,6.858158485556487e-11
458,6,1.2072831623299862e-10
458,7,2.1726265231336583e-10
458,8,6.791367468395038e-11
459,10,7.761258302707574e-11
459,12,1.3726975112149375e-10
459,14,1.2181544661871158e-10
459,17,6.389910822690581e-11
459,18,1.2069989452356822e-10
459,21,7.315748007385992e-11
459,22,9.877965112536913e-11
459,23,7.315748007385992e-11
459,24,6.816236464146641e-11
459,27,1.5631229643986444e-10
459,29,7.246825362017262e-11
459,2,1.0973622011078987e-10
459,6,6.390621365426341e-11
459,7,1.0904699365710258e-10
459,8,1.3579182223111275e-10
460,10,1.0865619515243452e-10
460,12,6.863842827442568e-11
460,14,6.851763600934646e-11
460,17,1.3579182223111275e-10
460,18,6.80842049405328e-11
460,21,1.219291334564332e-10
460,22,7.243983191074221e-11
460,23,1.0973622011078987e-10
460,24,1.3582024394054315e-10
460,27,9.875833484329632e-11
460,29,1.2079226507921703e-10
460,2,8.44124770082999e-11
460,6,1.5519674434472108e-10
460,7,1.2116885272916988e-10
460,8,7.241851562866941e-11
461,10,7.243983191074221e-11
461,12,1.3726975112149375e-10
461,14,1.220143985847244e-10
461,17,7.270273272297345e-11
461,18,1.36161304453708e-10
461,21,6.858158485556487e-11
461,22,1.3582024394054315e-10
461,23,7.837996918169665e-11
461,24,6.816236464146641e-11
461,27,1.5518963891736348e-10
461,29,7.247535904753022e-11
461,2,1.219291334564332e-10
461,6,6.390621365426341e-11
461,7,7.270273272297345e-11
461,8,1.3579182223111275e-10
462,10,1.3582734936790075e-10
462,12,6.817657549618161e-11
462,14,7.844391802791506e-11
462,17,1.219291334564332e-10
462,18,6.436096100514987e-11
462,21,1.3631051842821762e-10
462,22,6.790656925659277e-11
462,23,1.219291334564332e-10
462,24,1.0905409908446018e-10
462,27,6.789235840187757e-11
462,29,1.2079226507921703e-10
462,2,6.858158485556487e-11
462,6,1.2069989452356822e-10
462,7,1.3631051842821762e-10
462,8,6.789235840187757e-11
463,10,7.761258302707574e-11
463,12,1.3635315099236323e-10
463,14,1.22021504012082e-10
463,17,7.315748007385992e-11
463,18,1.3582024394054315e-10
463,21,7.788969469402218e-11
463,22,1.3578471680375515e-10
463,23,6.858158485556487e-11
463,24,7.289457926162868e-11
463,27,1.2069989452356822e-10
463,29,6.791367468395038e-11
463,2,1.0973622011078987e-10
463,6,7.759126674500294e-11
463,7,6.414779818442184e-11
463,8,1.2069989452356822e-10
464,10,6.863842827442568e-11
464,12,6.817657549618161e-11
464,14,7.321432349272072e-11
464,17,1.0973622011078987e-10
464,18,8.358114200746058e-11
464,21,7.315748007385992e-11
464,22,6.790656925659277e-11
464,23,1.3717027513848734e-10
464,24,1.219433443111484e-10
464,27,6.405542762877303e-11
464,29,1.5522516605415149e-10
464,2,7.837996918169665e-11
464,6,1.3579182223111275e-10
464,7,1.3631051842821762e-10
464,8,7.243983191074221e-11
465,10,1.3677237120646168e-10
465,12,1.3726975112149375e-10
465,14,1.22021504012082e-10
465,17,7.837996918169665e-11
465,18,1.0865619515243452e-10
465,21,9.913492249324918e-11
465,22,1.3582024394054315e-10
465,23,7.315748007385992e-11
465,24,7.316458550121752e-11
465,27,1.0862777344300412e-10
465,29,1.3582734936790075e-10
465,2,1.3717027513848734e-10
465,6,1.8105339449903113e-10
465,7,7.270273272297345e-11
465,8,1.2072831623299862e-10
466,10,7.294431725313189e-11
466,12,7.321432349272072e-11
466,14,7.321432349272072e-11
466,17,1.567599383633933e-10
466,18,6.838973831690964e-11
466,21,1.2116174730181228e-10
466,22,7.243983191074221e-11
466,23,1.219291334564332e-10
466,24,1.3719159142056014e-10
466,27,9.052314453583676e-11
466,29,1.3581313851318555e-10
466,2,7.315748007385992e-11
466,6,8.358114200746058e-11
466,7,1.2072831623299862e-10
466,8,1.8179946437157923e-10
467,10,9.875833484329632e-11
467,12,1.22021504012082e-10
467,14,1.2181544661871158e-10
467,17,7.315748007385992e-11
467,18,1.2072831623299862e-10
467,21,7.270273272297345e-11
467,22,1.3581313851318555e-10
467,23,6.847500344520085e-11
467,24,7.316458550121752e-11
467,27,1.3578471680375515e-10
467,29,9.875833484329632e-11
467,2,1.219291334564332e-10
467,6,7.759837217236054e-11
467,7,7.270273272297345e-11
467,8,1.0941647587969783e-10
468,10,1.3579182223111275e-10
468,12,6.863842827442568e-11
468,14,6.851763600934646e-11
468,17,1.0973622011078987e-10
468,18,7.761258302707574e-11
468,21,1.219291334564332e-10
468,22,5.718447937397286e-11
468,23,1.369500068904017e-10
468,24,1.0975043096550507e-10
468,27,6.791367468395038e-11
468,29,7.761258302707574e-11
468,2,7.315748007385992e-11
468,6,1.5519674434472108e-10
468,7,1.219291334564332e-10
468,8,1.0982148523908108e-10
469,10,6.791367468395038e-11
469,12,1.3726975112149375e-10
469,14,1.3726975112149375e-10
469,17,6.858158485556487e-11
469,18,9.875833484329632e-11
469,21,7.837996918169665e-11
469,22,1.8105339449903113e-10
469,23,7.315748007385992e-11
469,24,7.839418003641185e-11
469,27,1.3667289522345527e-10
469,29,1.3582024394054315e-10
469,2,1.219291334564332e-10
469,6,1.2070699995092582e-10
469,7,7.837996918169665e-11
469,8,7.844391802791506e-11
470,10,1.36161304453708e-10
470,12,6.863842827442568e-11
470,14,7.321432349272072e-11
470,17,1.2173018149042036e-10
470,18,7.761258302707574e-11
470,21,1.0973622011078987e-10
470,22,1.8105339449903113e-10
470,23,1.219291334564332e-10
470,24,1.0975043096550507e-10
470,27,6.460254553530831e-11
470,29,7.243272648338461e-11
470,2,6.858158485556487e-11
470,6,1.3579892765847035e-10
470,7,1.0973622011078987e-10
470,8,1.3726975112149375e-10
471,10,7.261746759468224e-11
471,12,1.3704237744605052e-10
471,14,1.22021504012082e-10
471,17,7.30437932361383e-11
471,18,1.2072831623299862e-10
471,21,7.808864666003501e-11
471,22,1.0862777344300412e-10
471,23,7.288036840691348e-11
471,24,7.316458550121752e-11
471,27,1.3582024394054315e-10
471,29,1.0865619515243452e-10
471,2,1.3717027513848734e-10
471,6,1.3582024394054315e-10
471,7,7.837996918169665e-11
471,8,6.863842827442568e-11
472,10,2.2176038783072727e-11
472,12,6.863842827442568e-11
472,14,7.321432349272072e-11
472,17,1.219291334564332e-10
472,18,7.761258302707574e-11
472,21,1.0932410532404901e-10
472,22,1.2070699995092582e-10
472,23,1.2116885272916988e-10
472,24,1.3719159142056014e-10
472,27,7.243983191074221e-11
472,29,7.761258302707574e-11
472,2,6.858158485556487e-11
472,6,1.5522516605415149e-10
472,7,1.219291334564332e-10
472,8,1.3704237744605052e-10
473,10,1.36161304453708e-10
473,12,1.3726975112149375e-10
473,14,1.22021504012082e-10
473,17,7.837996918169665e-11
473,18,1.0865619515243452e-10
473,21,7.243272648338461e-11
473,22,7.241851562866941e-11
473,23,7.288036840691348e-11
473,24,7.316458550121752e-11
473,27,1.3635315099236323e-10
473,29,1.0865619515243452e-10
473,2,1.3716316971112974e-10
473,6,6.789946382923517e-11
473,7,6.858158485556487e-11
473,8,7.30864258002839e-11
474,10,7.784706212987658e-11
474,12,6.863842827442568e-11
474,14,6.863842827442568e-11
474,17,1.0973622011078987e-10
474,18,7.243983191074221e-11
474,21,1.0862777344300412e-10
474,22,1.2070699995092582e-10
474,23,1.2069989452356822e-10
474,24,1.3719159142056014e-10
474,27,6.817657549618161e-11
474,29,7.288036840691348e-11
474,2,7.315748007385992e-11
474,6,1.3579182223111275e-10
474,7,1.567599383633933e-10
474,8,1.3726975112149375e-10
475,10,1.0898304481088417e-10
475,12,1.22021504012082e-10
475,14,1.5688073062847252e-10
475,17,7.315748007385992e-11
475,18,1.8109602706317673e-10
475,21,7.243983191074221e-11
475,22,7.759126674500294e-11
475,23,6.789235840187757e-11
475,24,6.859579571028007e-11
475,27,1.3626788586407201e-10
475,29,1.3717027513848734e-10
475,2,1.2147438610554673e-10
475,6,7.241851562866941e-11
475,7,6.09645667282166e-11
475,8,6.863842827442568e-11
476,10,6.80842049405328e-11
476,12,7.321432349272072e-11
476,14,6.838973831690964e-11
476,17,1.219291334564332e-10
476,18,6.391331908162101e-11
476,21,8.358114200746058e-11
476,22,1.0865619515243452e-10
476,23,1.2072831623299862e-10
476,24,1.3719159142056014e-10
476,27,6.863842827442568e-11
476,29,6.840394917162484e-11
476,2,6.832578947069123e-11
476,6,1.2069989452356822e-10
476,7,1.3717027513848734e-10
476,8,1.22021504012082e-10
477,10,1.5688783605583012e-10
477,12,1.22021504012082e-10
477,14,1.212043798659579e-10
477,17,6.858158485556487e-11
477,18,1.0866330057979212e-10
477,21,1.0865619515243452e-10
477,22,6.791367468395038e-11
477,23,1.828937001846498e-10
477,24,6.859579571028007e-11
477,27,1.3727685654885136e-10
477,29,1.3665157894138247e-10
477,2,1.3665157894138247e-10
477,6,7.837996918169665e-11
477,7,7.837996918169665e-11
477,8,6.407674391084583e-11
478,10,6.863842827442568e-11
478,12,7.844391802791506e-11
478,14,7.272404900504625e-11
478,17,2.1947244022157975e-10
478,18,6.791367468395038e-11
478,21,1.2073542166035622e-10
478,22,1.5522516605415149e-10
478,23,1.3717027513848734e-10
478,24,1.3719159142056014e-10
478,27,6.851763600934646e-11
478,29,3.6486369481281145e-11
478,2,7.837996918169665e-11
478,6,1.219291334564332e-10
478,7,1.3717027513848734e-10
478,8,1.3582024394054315e-10
479,10,1.3727685654885136e-10
479,12,1.22021504012082e-10
479,14,9.916334420267958e-11
479,17,6.058087365090614e-11
479,18,1.3582734936790075e-10
479,21,7.288036840691348e-11
479,22,7.243983191074221e-11
479,23,1.219291334564332e-10
479,24,7.316458550121752e-11
479,27,1.3703527201869292e-10
479,29,1.2099121704522986e-10
479,2,9.976020010071807e-11
479,6,7.30437932361383e-11
479,7,6.45528075438051e-11
479,8,7.761258302707574e-11
480,10,6.863842827442568e-11
480,12,7.321432349272072e-11
480,14,8.417089247814147e-11
480,17,1.2116174730181228e-10
480,18,7.243983191074221e-11
480,21,1.219291334564332e-10
480,22,1.0864908972507692e-10
480,23,6.858158485556487e-11
480,24,1.0975043096550507e-10
480,27,6.863842827442568e-11
480,29,1.2069989452356822e-10
480,2,7.315748007385992e-11
480,6,9.976020010071807e-11
480,7,1.219291334564332e-10
480,8,9.878675655272673e-11
481,10,1.22021504012082e-10
481,12,1.3726975112149375e-10
481,14,1.0982148523908108e-10
481,17,6.815525921410881e-11
481,18,1.36161304453708e-10
481,21,7.315748007385992e-11
481,22,7.759126674500294e-11
481,23,1.3717027513848734e-10
481,24,6.859579571028007e-11
481,27,1.3727685654885136e-10
481,29,7.241851562866941e-11
481,2,1.3717027513848734e-10
481,6,7.315748007385992e-11
481,7,7.315748007385992e-11
481,8,7.243983191074221e-11
482,10,6.460254553530831e-11
482,12,6.460254553530831e-11
482,14,6.863842827442568e-11
482,17,1.8174262095271843e-10
482,18,6.838973831690964e-11
482,21,1.3716316971112974e-10
482,22,1.0862777344300412e-10
482,23,7.315748007385992e-11
482,24,1.2174439234513557e-10
482,27,6.863842827442568e-11
482,29,1.2069989452356822e-10
482,2,6.45528075438051e-11
482,6,1.567599383633933e-10
482,7,1.3631051842821762e-10
482,8,1.5522516605415149e-10
483,10,1.5688073062847252e-10
483,12,1.3726975112149375e-10
483,14,1.5688783605583012e-10
483,17,6.431122301364667e-11
483,18,1.2157386208855314e-10
483,21,6.45528075438051e-11
483,22,6.790656925659277e-11
483,23,1.219291334564332e-10
483,24,7.316458550121752e-11
483,27,1.3726975112149375e-10
483,29,6.789235840187757e-11
483,2,1.3631051842821762e-10
483,6,6.858158485556487e-11
483,7,7.270273272297345e-11
483,8,7.761258302707574e-11
484,10,7.30864258002839e-11
484,12,6.863842827442568e-11
484,14,7.272404900504625e-11
484,17,1.5617729332007002e-10
484,18,7.815259550625342e-11
484,21,1.828937001846498e-10
484,22,1.5521806062679389e-10
484,23,7.315748007385992e-11
484,24,1.219433443111484e-10
484,27,7.321432349272072e-11
484,29,7.759126674500294e-11
484,2,6.858158485556487e-11
484,6,1.0973622011078987e-10
484,7,1.2116885272916988e-10
484,8,1.2072831623299862e-10
485,10,1.0982148523908108e-10
485,12,1.5661782981624128e-10
485,14,1.3578471680375515e-10
485,17,6.389910822690581e-11
485,18,1.3677237120646168e-10
485,21,6.444622613344109e-11
485,22,6.789235840187757e-11
485,23,1.219291334564332e-10
485,24,8.44266878630151e-11
485,27,1.22021504012082e-10
485,29,1.0862777344300412e-10
485,2,1.567599383633933e-10
485,6,7.315748007385992e-11
485,7,6.820499720561202e-11
485,8,6.391331908162101e-11
486,10,7.321432349272072e-11
486,12,6.460254553530831e-11
486,14,7.241851562866941e-11
486,17,1.2069989452356822e-10
486,18,1.823607931328297e-10
486,21,1.2147438610554673e-10
486,22,1.5518253349000588e-10
486,23,6.858158485556487e-11
486,24,9.977441095543327e-11
486,27,6.424016874007066e-11
486,29,1.2099121704522986e-10
486,2,6.791367468395038e-11
486,6,1.3717027513848734e-10
486,7,1.212541178574611e-10
486,8,1.2103384960937547e-10
487,10,1.3727685654885136e-10
487,12,1.3726975112149375e-10
487,14,7.241851562866941e-11
487,17,7.241851562866941e-11
487,18,9.875833484329632e-11
487,21,7.837996918169665e-11
487,22,6.789235840187757e-11
487,23,1.2072831623299862e-10
487,24,8.388667538383743e-11
487,27,1.5582912737954757e-10
487,29,6.80557832311024e-11
487,2,1.5518963891736348e-10
487,6,7.273825985976146e-11
487,7,7.270273272297345e-11
487,8,7.294431725313189e-11
488,10,6.863842827442568e-11
488,12,6.863842827442568e-11
488,14,9.875833484329632e-11
488,17,1.2069989452356822e-10
488,18,1.2069989452356822e-10
488,21,9.976020010071807e-11
488,22,1.3578471680375515e-10
488,23,6.791367468395038e-11
488,24,1.219433443111484e-10
488,27,7.80033815317438e-11
488,29,1.3579182223111275e-10
488,2,1.5518963891736348e-10
488,6,1.0904699365710258e-10
488,7,1.2147438610554673e-10
488,8,1.2157386208855314e-10
489,10,1.3635315099236323e-10
489,12,1.3635315099236323e-10
489,14,1.3578471680375515e-10
489,17,7.288036840691348e-11
489,18,7.241851562866941e-11
489,21,9.14468500923249e-11
489,22,6.389910822690581e-11
489,23,1.8109602706317673e-10
489,24,1.567883600728237e-10
489,27,7.294431725313189e-11
489,29,7.241851562866941e-11
489,2,1.3578471680375515e-10
489,6,7.243983191074221e-11
489,7,7.315748007385992e-11
489,8,6.838973831690964e-11
490,10,6.789235840187757e-11
490,12,6.391331908162101e-11
490,14,7.759126674500294e-11
490,17,1.219291334564332e-10
490,18,1.2069989452356822e-10
490,21,6.858158485556487e-11
490,22,1.2070699995092582e-10
490,23,7.243983191074221e-11
490,24,1.0905409908446018e-10
490,27,9.983835980165168e-11
490,29,7.759126674500294e-11
490,2,9.913492249324918e-11
490,6,1.5522516605415149e-10
490,7,1.3717027513848734e-10
490,8,1.5522516605415149e-10
491,10,1.2070699995092582e-10
491,12,1.3579182223111275e-10
491,14,6.789235840187757e-11
491,17,7.315748007385992e-11
491,18,8.355982572538778e-11
491,21,1.3717027513848734e-10
491,22,7.241851562866941e-11
491,23,1.0904699365710258e-10
491,24,1.2117595815652749e-10
491,27,1.2181544661871158e-10
491,29,1.3579182223111275e-10
491,2,7.315748007385992e-11
491,6,1.8174972638007603e-10
491,7,6.858158485556487e-11
491,8,6.389910822690581e-11
492,10,7.241851562866941e-11
492,12,7.761258302707574e-11
492,14,1.0908252079389058e-10
492,17,1.219291334564332e-10
492,18,1.0865619515243452e-10
492,21,6.858158485556487e-11
492,22,1.3581313851318555e-10
492,23,6.858158485556487e-11
492,24,7.789680012137978e-11
492,27,7.321432349272072e-11
492,29,9.899281394609716e-11
492,2,8.44124770082999e-11
492,6,1.2069989452356822e-10
492,7,1.219291334564332e-10
492,8,1.8105339449903113e-10
493,10,1.2070699995092582e-10
493,12,1.22021504012082e-10
493,14,1.22021504012082e-10
493,17,7.315748007385992e-11
493,18,1.8109602706317673e-10
493,21,1.3578471680375515e-10
493,22,6.789235840187757e-11
493,23,1.3717027513848734e-10
493,24,1.2117595815652749e-10
493,27,1.220143985847244e-10
493,29,7.808864666003501e-11
493,2,9.976020010071807e-11
493,6,1.0862777344300412e-10
493,7,7.270273272297345e-11
493,8,7.241851562866941e-11
494,10,7.243983191074221e-11
494,12,1.5688073062847252e-10
494,14,7.321432349272072e-11
494,17,1.3716316971112974e-10
494,18,1.0862777344300412e-10
494,21,9.877965112536913e-11
494,22,1.2069989452356822e-10
494,23,7.837996918169665e-11
494,24,6.859579571028007e-11
494,27,7.321432349272072e-11
494,29,1.2147438610554673e-10
494,2,1.2116885272916988e-10
494,6,6.789235840187757e-11
494,7,1.3631051842821762e-10
494,8,9.054446081790957e-11
495,10,1.3635315099236323e-10
495,12,9.877965112536913e-11
495,14,1.8109602706317673e-10
495,17,6.791367468395038e-11
495,18,1.3578471680375515e-10
495,21,8.376588311875821e-11
495,22,7.243272648338461e-11
495,23,9.913492249324918e-11
495,24,1.567883600728237e-10
495,27,1.3727685654885136e-10
495,29,6.431122301364667e-11
495,2,2.8698821097350447e-11
495,6,1.2070699995092582e-10
495,7,6.414779818442184e-11
495,8,7.241851562866941e-11
496,10,7.272404900504625e-11
496,12,1.5518963891736348e-10
496,14,6.035349997546291e-11
496,17,1.2070699995092582e-10
496,18,1.8105339449903113e-10
496,21,1.2147438610554673e-10
496,22,1.5631229643986444e-10
496,23,7.243983191074221e-11
496,24,7.316458550121752e-11
496,27,6.460254553530831e-11
496,29,4.526157226791838e-11
496,2,1.2116885272916988e-10
496,6,7.241851562866941e-11
496,7,1.5578649481540197e-10
496,8,1.5518963891736348e-10
497,10,1.3726975112149375e-10
497,12,6.789235840187757e-11
497,14,1.3578471680375515e-10
497,17,7.241851562866941e-11
497,18,1.3579182223111275e-10
497,21,5.7191584801330464e-11
497,22,6.838973831690964e-11
497,23,1.219291334564332e-10
497,24,9.977441095543327e-11
497,27,1.3635315099236323e-10
497,29,1.8105339449903113e-10
497,2,6.858158485556487e-11
497,6,1.5518963891736348e-10
497,7,6.832578947069123e-11
497,8,1.8109602706317673e-10
498,10,6.460254553530831e-11
498,12,1.8109602706317673e-10
498,14,6.389910822690581e-11
498,17,1.3578471680375515e-10
498,18,7.241851562866941e-11
498,21,2.1731239030486904e-10
498,22,1.3726975112149375e-10
498,23,7.837996918169665e-11
498,24,6.45599129711627e-11
498,27,7.759126674500294e-11
498,29,6.035349997546291e-11
498,2,7.838707460905425e-11
498,6,6.035349997546291e-11
498,7,1.3717027513848734e-10
498,8,1.0865619515243452e-10
499,10,1.22021504012082e-10
499,12,6.391331908162101e-11
499,14,1.8108892163581913e-10
499,17,7.241851562866941e-11
499,18,9.902834108288516e-11
499,21,3.512923285597935e-11
499,22,6.460254553530831e-11
499,23,1.0932410532404901e-10
499,24,1.5579360024275957e-10
499,27,1.0862777344300412e-10
499,29,1.5518963891736348e-10
499,2,1.0865619515243452e-10
499,6,1.5518963891736348e-10
499,7,6.858158485556487e-11
499,8,1.3582024394054315e-10
500,10,8.358114200746058e-11
500,12,1.2072831623299862e-10
500,14,7.243983191074221e-11
500,17,1.2069989452356822e-10
500,18,1.3726975112149375e-10
500,21,9.875833484329632e-11
500,22,1.5688783605583012e-10
500,23,6.815525921410881e-11
500,24,8.388667538383743e-11
500,27,1.2069989452356822e-10
500,29,2.1864821064809803e-10
500,2,7.760547759971814e-11
500,6,6.09645667282166e-11
500,7,1.5651835383323487e-10
500,8,7.761258302707574e-11
501,10,3.787192781601334e-11
501,12,7.272404900504625e-11
501,14,1.0908252079389058e-10
501,17,6.789235840187757e-11
501,18,6.863842827442568e-11
501,21,2.1731239030486904e-10
501,22,6.436096100514987e-11
501,23,1.5522516605415149e-10
501,24,1.0913936421275139e-10
501,27,1.8105339449903113e-10
501,29,1.219291334564332e-10
501,2,9.875833484329632e-11
501,6,9.976020010071807e-11
501,7,5.775291356258094e-11
501,8,2.715765390348679e-10
502,10,2.716404878810863e-10
502,12,1.212043798659579e-10
502,14,6.817657549618161e-11
502,17,1.5518963891736348e-10
502,18,1.3726975112149375e-10
502,21,5.753975074185291e-11
502,22,1.3677947663381929e-10
502,23,6.815525921410881e-11
502,24,7.270273272297345e-11
502,27,1.3579182223111275e-10
502,29,1.0973622011078987e-10
502,2,1.3578471680375515e-10
502,6,9.0821572484856e-11
502,7,2.1947244022157975e-10
502,8,1.8105339449903113e-10
503,10,7.759126674500294e-11
503,12,7.321432349272072e-11
503,14,1.3727685654885136e-10
503,17,6.035349997546291e-11
503,18,6.817657549618161e-11
503,21,8.358824743481819e-11
503,22,6.436096100514987e-11
503,23,1.2147438610554673e-10
503,24,1.219433443111484e-10
503,27,6.389910822690581e-11
503,29,6.858158485556487e-11
503,2,8.355982572538778e-11
503,6,1.3582024394054315e-10
503,7,2.3348434297076892e-11
503,8,1.8105339449903113e-10
504,10,1.0908252079389058e-10
504,12,1.3726975112149375e-10
504,14,6.863842827442568e-11
504,17,1.5518253349000588e-10
504,18,1.5522516605415149e-10
504,21,9.877965112536913e-11
504,22,1.5630519101250684e-10
504,23,7.288036840691348e-11
504,24,6.45599129711627e-11
504,27,1.8104628907167353e-10
504,29,1.3717027513848734e-10
504,2,9.875122941593872e-11
504,6,7.270273272297345e-11
504,7,5.452704954223009e-11
504,8,1.2069989452356822e-10
505,10,7.294431725313189e-11
505,12,6.416911446649465e-11
505,14,1.3726975112149375e-10
505,17,6.391331908162101e-11
505,18,6.060218993297894e-11
505,21,1.8108892163581913e-10
505,22,6.838973831690964e-11
505,23,1.2161649465269875e-10
505,24,1.829150164667226e-10
505,27,9.875833484329632e-11
505,29,7.315748007385992e-11
505,2,6.789235840187757e-11
505,6,1.2116885272916988e-10
505,7,2.1809398731420515e-10
505,8,1.2157386208855314e-10
506,10,7.321432349272072e-11
506,12,1.2069989452356822e-10
506,14,7.321432349272072e-11
506,17,1.828937001846498e-10
506,18,1.5582912737954757e-10
506,21,6.049560852261493e-11
506,22,1.3727685654885136e-10
506,23,7.288036840691348e-11
506,24,6.09716721555742e-11
506,27,2.7270630198472645e-10
506,29,1.219291334564332e-10
506,2,1.3579182223111275e-10
506,6,2.1946533479422214e-10
506,7,6.414779818442184e-11
506,8,6.436096100514987e-11
507,10,9.052314453583676e-11
507,12,7.759126674500294e-11
507,14,1.212043798659579e-10
507,17,6.09645667282166e-11
507,18,6.863842827442568e-11
507,21,1.5522516605415149e-10
507,22,2.6787461138155777e-11
507,23,1.3717027513848734e-10
507,24,1.5579360024275957e-10
507,27,4.2085446239070734e-11
507,29,3.652189661806915e-11
507,2,7.241851562866941e-11
507,6,1.3578471680375515e-10
507,7,1.219291334564332e-10
507,8,1.823607931328297e-10
508,10,1.5518253349000588e-10
508,12,1.5518963891736348e-10
508,14,6.389910822690581e-11
508,17,1.828937001846498e-10
508,18,1.22021504012082e-10
508,21,7.759126674500294e-11
508,22,1.5522516605415149e-10
508,23,6.858158485556487e-11
508,24,6.391331908162101e-11
508,27,1.3662315723195206e-10
508,29,3.134914550173562e-11
508,2,1.3579182223111275e-10
508,6,6.789235840187757e-11
508,7,7.315748007385992e-11
508,8,6.078693104427657e-11
509,10,7.241851562866941e-11
509,12,1.0862777344300412e-10
509,14,1.8105339449903113e-10
509,17,7.315748007385992e-11
509,18,7.321432349272072e-11
509,21,1.2099121704522986e-10
509,22,6.791367468395038e-11
509,23,1.219291334564332e-10
509,24,1.3578471680375515e-10
509,27,7.806733037796221e-11
509,29,1.567599383633933e-10
509,2,1.3579182223111275e-10
509,6,1.2069989452356822e-10
509,7,1.3717027513848734e-10
509,8,1.8216184116681688e-10
510,10,1.2069989452356822e-10
510,12,6.789235840187757e-11
510,14,7.243983191074221e-11
510,17,6.858158485556487e-11
510,18,1.22021504012082e-10
510,21,6.431122301364667e-11
510,22,1.2072831623299862e-10
510,23,7.315748007385992e-11
510,24,7.241851562866941e-11
510,27,6.863842827442568e-11
510,29,6.858158485556487e-11
510,2,1.2072831623299862e-10
510,6,1.2116885272916988e-10
510,7,6.832578947069123e-11
510,8,6.428990673157386e-11
511,10,6.789235840187757e-11
511,12,7.241851562866941e-11
511,14,7.294431725313189e-11
511,17,1.0956568985420745e-10
511,18,6.863842827442568e-11
511,21,8.409983820456546e-11
511,22,8.358114200746058e-11
511,23,1.3717027513848734e-10
511,24,1.2117595815652749e-10
511,27,1.3726975112149375e-10
511,29,1.3717027513848734e-10
511,2,1.3582024394054315e-10
511,6,6.820499720561202e-11
511,7,1.3665868436874007e-10
511,8,1.5561596455881954e-10
512,10,1.3579182223111275e-10
512,12,1.2069989452356822e-10
512,14,1.0941647587969783e-10
512,17,1.3716316971112974e-10
512,18,1.3726975112149375e-10
512,21,9.052314453583676e-11
512,22,7.247535904753022e-11
512,23,6.858158485556487e-11
512,24,7.316458550121752e-11
512,27,6.460254553530831e-11
512,29,6.858158485556487e-11
512,2,6.791367468395038e-11
512,6,1.3631051842821762e-10
512,7,6.832578947069123e-11
512,8,7.294431725313189e-11
513,10,2.715765390348679e-10
513,12,2.1726265231336583e-10
513,14,1.212043798659579e-10
513,17,1.828937001846498e-10
513,18,7.321432349272072e-11
513,21,1.5518963891736348e-10
513,22,9.054446081790957e-11
513,23,1.3717027513848734e-10
513,24,1.3719159142056014e-10
513,27,1.3704237744605052e-10
513,29,1.3717027513848734e-10
513,2,1.5522516605415149e-10
513,6,6.09645667282166e-11
513,7,1.3716316971112974e-10
513,8,9.946887757905643e-11
514,10,1.0862777344300412e-10
514,12,1.0982148523908108e-10
514,14,1.830287033044442e-10
514,17,9.913492249324918e-11
514,18,1.3726975112149375e-10
514,21,5.717737394661526e-11
514,22,9.875122941593872e-11
514,23,6.45528075438051e-11
514,24,6.859579571028007e-11
514,27,1.22021504012082e-10
514,29,6.858158485556487e-11
514,2,6.389910822690581e-11
514,6,2.1946533479422214e-10
514,7,6.858158485556487e-11
514,8,9.902834108288516e-11
515,10,6.838263288955204e-11
515,12,1.3726975112149375e-10
515,14,1.0982148523908108e-10
515,17,7.759126674500294e-11
515,18,6.460254553530831e-11
515,21,9.875833484329632e-11
515,22,9.052314453583676e-11
515,23,1.567599383633933e-10
515,24,1.3719159142056014e-10
515,27,6.460254553530831e-11
515,29,1.3716316971112974e-10
515,2,9.052314453583676e-11
515,6,6.45528075438051e-11
515,7,8.44124770082999e-11
515,8,6.436096100514987e-11
516,10,1.3677237120646168e-10
516,12,6.460254553530831e-11
516,14,1.3727685654885136e-10
516,17,1.3579182223111275e-10
516,18,1.3726975112149375e-10
516,21,9.875833484329632e-11
516,22,1.3578471680375515e-10
516,23,6.858158485556487e-11
516,24,6.445333156079869e-11
516,27,4.722977564597386e-11
516,29,6.858158485556487e-11
516,2,9.877965112536913e-11
516,6,1.3717027513848734e-10
516,7,9.938361245076521e-11
516,8,9.054446081790957e-11
517,10,6.838263288955204e-11
517,12,1.830287033044442e-10
517,14,6.863842827442568e-11
517,17,1.3579182223111275e-10
517,18,6.863842827442568e-11
517,21,1.814868255678448e-10
517,22,7.759126674500294e-11
517,23,1.567599383633933e-10
517,24,1.567883600728237e-10
517,27,1.361684098810656e-10
517,29,1.567599383633933e-10
517,2,1.3582734936790075e-10
517,6,7.315748007385992e-11
517,7,1.5577938938804436e-10
517,8,1.8108892163581913e-10
518,10,1.0865619515243452e-10
518,12,6.460254553530831e-11
518,14,1.3727685654885136e-10
518,17,7.241851562866941e-11
518,18,1.830287033044442e-10
518,21,7.259615131260944e-11
518,22,6.789946382923517e-11
518,23,6.45528075438051e-11
518,24,6.859579571028007e-11
518,27,6.80842049405328e-11
518,29,6.45528075438051e-11
518,2,9.877965112536913e-11
518,6,1.219291334564332e-10
518,7,7.270273272297345e-11
518,8,6.391331908162101e-11
519,10,1.5688783605583012e-10
519,12,1.5688073062847252e-10
519,14,6.863842827442568e-11
519,17,9.052314453583676e-11
519,18,2.815880861817277e-11
519,21,6.832578947069123e-11
519,22,9.875833484329632e-11
519,23,1.3717027513848734e-10
519,24,1.3719159142056014e-10
519,27,1.361684098810656e-10
519,29,1.3631051842821762e-10
519,2,6.389910822690581e-11
519,6,6.858158485556487e-11
519,7,1.2147438610554673e-10
519,8,1.3582024394054315e-10
520,10,6.10071992923622e-11
520,12,9.15179043659009e-11
520,14,1.3726975112149375e-10
520,17,9.052314453583676e-11
520,18,9.983835980165168e-11
520,21,1.0932410532404901e-10
520,22,1.5518253349000588e-10
520,23,6.431122301364667e-11
520,24,6.859579571028007e-11
520,27,6.80842049405328e-11
520,29,6.815525921410881e-11
520,2,9.052314453583676e-11
520,6,1.567599383633933e-10
520,7,6.414779818442184e-11
520,8,6.391331908162101e-11
521,10,1.5688783605583012e-10
521,12,2.1731239030486904e-10
521,14,7.321432349272072e-11
521,17,6.789946382923517e-11
521,18,8.390799166591023e-11
521,21,1.567599383633933e-10
521,22,6.389910822690581e-11
521,23,1.5522516605415149e-10
521,24,1.3719159142056014e-10
521,27,1.361684098810656e-10
521,29,1.5578649481540197e-10
521,2,1.3579182223111275e-10
521,6,6.45528075438051e-11
521,7,8.394351880269824e-11
521,8,1.5522516605415149e-10
522,10,7.830891490812064e-11
522,12,7.241851562866941e-11
522,14,1.0982148523908108e-10
522,17,1.3579182223111275e-10
522,18,1.0982148523908108e-10
522,21,5.775291356258094e-11
522,22,1.8105339449903113e-10
522,23,6.791367468395038e-11
522,24,7.826628234397504e-11
522,27,2.6503244043851737e-11
522,29,6.414779818442184e-11
522,2,6.789235840187757e-11
522,6,1.3717027513848734e-10
522,7,9.877965112536913e-11
522,8,6.391331908162101e-11
523,10,1.212043798659579e-10
523,12,1.3578471680375515e-10
523,14,7.243983191074221e-11
523,17,1.0905409908446018e-10
523,18,4.2234660213580355e-11
523,21,2.177813485104707e-10
523,22,6.389910822690581e-11
523,23,1.2116885272916988e-10
523,24,6.859579571028007e-11
523,27,1.5522516605415149e-10
523,29,1.3716316971112974e-10
523,2,1.5522516605415149e-10
523,6,6.858158485556487e-11
523,7,1.3582024394054315e-10
523,8,1.5522516605415149e-10
524,10,1.5688073062847252e-10
524,12,1.2072831623299862e-10
524,14,1.3579182223111275e-10
524,17,6.858158485556487e-11
524,18,2.745466076703451e-10
524,21,1.5522516605415149e-10
524,22,1.3579182223111275e-10
524,23,6.832578947069123e-11
524,24,1.369713231724745e-10
524,27,6.407674391084583e-11
524,29,6.858158485556487e-11
524,2,6.791367468395038e-11
524,6,1.3717027513848734e-10
524,7,6.45528075438051e-11
524,8,6.80842049405328e-11
525,10,1.22021504012082e-10
525,12,6.817657549618161e-11
525,14,7.759126674500294e-11
525,17,1.3716316971112974e-10
525,18,1.0865619515243452e-10
525,21,9.878675655272673e-11
525,22,6.389910822690581e-11
525,23,1.567599383633933e-10
525,24,6.859579571028007e-11
525,27,1.5561596455881954e-10
525,29,1.567599383633933e-10
525,2,1.2072831623299862e-10
525,6,6.431122301364667e-11
525,7,1.828937001846498e-10
525,8,1.362252532999264e-10
526,10,7.321432349272072e-11
526,12,1.3635315099236323e-10
526,14,7.321432349272072e-11
526,17,6.09645667282166e-11
526,18,1.3579182223111275e-10
526,21,9.054446081790957e-11
526,22,8.355982572538778e-11
526,23,6.837552746219444e-11
526,24,1.0957990070892265e-10
526,27,6.80842049405328e-11
526,29,6.45528075438051e-11
526,2,7.759126674500294e-11
526,6,1.5522516605415149e-10
526,7,1.567599383633933e-10
526,8,6.80842049405328e-11
527,10,9.916334420267958e-11
527,12,2.7270630198472645e-10
527,14,9.983835980165168e-11
527,17,2.1947244022157975e-10
527,18,6.791367468395038e-11
527,21,9.877965112536913e-11
527,22,1.3579182223111275e-10
527,23,1.5617729332007002e-10
527,24,1.5653256468795007e-10
527,27,1.5561596455881954e-10
527,29,1.3716316971112974e-10
527,2,6.791367468395038e-11
527,6,6.791367468395038e-11
527,7,1.0865619515243452e-10
527,8,1.361684098810656e-10
528,10,1.5582912737954757e-10
528,12,1.5518963891736348e-10
528,14,7.844391802791506e-11
528,17,1.567599383633933e-10
528,18,1.3726975112149375e-10
528,21,1.5518963891736348e-10
528,22,1.2070699995092582e-10
528,23,6.815525921410881e-11
528,24,7.316458550121752e-11
528,27,5.7333693348482484e-11
528,29,6.858158485556487e-11
528,2,1.3582024394054315e-10
528,6,1.552322714815091e-10
528,7,1.5577938938804436e-10
528,8,6.80842049405328e-11
529,10,6.817657549618161e-11
529,12,2.1726265231336583e-10
529,14,1.3635315099236323e-10
529,17,1.2069989452356822e-10
529,18,6.10071992923622e-11
529,21,7.759126674500294e-11
529,22,7.241851562866941e-11
529,23,1.2116885272916988e-10
529,24,6.859579571028007e-11
529,27,9.052314453583676e-11
529,29,1.3716316971112974e-10
529,2,6.791367468395038e-11
529,6,3.505107315504574e-11
529,7,7.270273272297345e-11
529,8,1.3727685654885136e-10
530,10,1.5688783605583012e-10
530,12,1.3578471680375515e-10
530,14,1.3635315099236323e-10
530,17,6.789235840187757e-11
530,18,1.8179946437157923e-10
530,21,9.877965112536913e-11
530,22,7.241851562866941e-11
530,23,6.858158485556487e-11
530,24,1.3719159142056014e-10
530,27,1.3579182223111275e-10
530,29,6.858158485556487e-11
530,2,1.3582024394054315e-10
530,6,9.875833484329632e-11
530,7,7.315748007385992e-11
530,8,6.863842827442568e-11
531,10,6.460254553530831e-11
531,12,1.3579182223111275e-10
531,14,9.052314453583676e-11
531,17,1.0862777344300412e-10
531,18,6.416911446649465e-11
531,21,7.778311328365817e-11
531,22,8.355982572538778e-11
531,23,1.567599383633933e-10
531,24,7.761258302707574e-11
531,27,9.875122941593872e-11
531,29,1.3716316971112974e-10
531,2,6.791367468395038e-11
531,6,1.3579182223111275e-10
531,7,9.976020010071807e-11
531,8,1.5688783605583012e-10
532,10,1.220143985847244e-10
532,12,1.3579182223111275e-10
532,14,1.5518963891736348e-10
532,17,1.5518963891736348e-10
532,18,1.5522516605415149e-10
532,21,6.80557832311024e-11
532,22,1.8104628907167353e-10
532,23,6.45528075438051e-11
532,24,9.052314453583676e-11
532,27,7.241851562866941e-11
532,29,1.828937001846498e-10
532,2,3.0183855415089056e-11
532,6,6.789235840187757e-11
532,7,1.3716316971112974e-10
532,8,6.460254553530831e-11
533,10,7.321432349272072e-11
533,12,1.3635315099236323e-10
533,14,1.5518963891736348e-10
533,17,6.389910822690581e-11
533,18,6.416911446649465e-11
533,21,1.3588419278676156e-10
533,22,7.761258302707574e-11
533,23,8.44124770082999e-11
533,24,1.5518963891736348e-10
533,27,1.3578471680375515e-10
533,29,9.877965112536913e-11
533,2,2.1741897171523306e-10
533,6,1.8105339449903113e-10
533,7,6.45528075438051e-11
533,8,1.3727685654885136e-10
534,10,1.3727685654885136e-10
534,12,2.716404878810863e-10
534,14,7.759126674500294e-11
534,17,1.8108892163581913e-10
534,18,1.559499196446268e-10
534,21,1.0932410532404901e-10
534,22,1.2072121080564102e-10
534,23,1.219291334564332e-10
534,24,6.389910822690581e-11
534,27,7.761258302707574e-11
534,29,1.8105339449903113e-10
534,2,6.403411134670023e-11
534,6,1.2069989452356822e-10
534,7,1.5651835383323487e-10
534,8,6.436096100514987e-11
535,10,6.460254553530831e-11
535,12,7.759126674500294e-11
535,14,1.0865619515243452e-10
535,17,1.5577938938804436e-10
535,18,1.830358087318018e-10
535,21,4.75353090223507e-11
535,22,6.391331908162101e-11
535,23,7.315748007385992e-11
535,24,1.5518963891736348e-10
535,27,1.3582734936790075e-10
535,29,2.5863755581667647e-11
535,2,1.3606893389805919e-10
535,6,1.3579182223111275e-10
535,7,6.858158485556487e-11
535,8,1.5561596455881954e-10
536,10,1.3727685654885136e-10
536,12,1.8104628907167353e-10
536,14,7.243272648338461e-11
536,17,1.3631051842821762e-10
536,18,1.3582024394054315e-10
536,21,6.405542762877303e-11
536,22,1.3579182223111275e-10
536,23,9.960388069885084e-11
536,24,1.5518963891736348e-10
536,27,6.036771083017811e-11
536,29,1.8104628907167353e-10
536,2,4.18651779909851e-11
536,6,1.3582734936790075e-10
536,7,1.3716316971112974e-10
536,8,6.80842049405328e-11
537,10,6.460254553530831e-11
537,12,3.746691845663008e-11
537,14,1.3635315099236323e-10
537,17,6.841105459898245e-11
537,18,1.0908252079389058e-10
537,21,7.808864666003501e-11
537,22,6.790656925659277e-11
537,23,1.567599383633933e-10
537,24,1.0862777344300412e-10
537,27,1.361684098810656e-10
537,29,1.8104628907167353e-10
537,2,9.052314453583676e-11
537,6,7.761258302707574e-11
537,7,2.7434055027697468e-11
537,8,1.36161304453708e-10
538,10,2.1964297047816217e-10
538,12,8.390799166591023e-11
538,14,6.460254553530831e-11
538,17,1.3631051842821762e-10
538,18,6.064482249712455e-11
538,21,1.3665868436874007e-10
538,22,1.552962203277275e-10
538,23,6.09645667282166e-11
538,24,1.5518253349000588e-10
538,27,6.436096100514987e-11
538,29,1.2069989452356822e-10
538,2,9.875833484329632e-11
538,6,1.5521095519943628e-10
538,7,1.369500068904017e-10
538,8,6.80842049405328e-11
539,10,6.10071992923622e-11
539,12,1.8179946437157923e-10
539,14,1.3726975112149375e-10
539,17,6.858158485556487e-11
539,18,9.053735539055197e-11
539,21,2.177813485104707e-10
539,22,7.247535904753022e-11
539,23,1.567599383633933e-10
539,24,7.241851562866941e-11
539,27,1.5631229643986444e-10
539,29,7.243272648338461e-11
539,2,3.745981302927248e-11
539,6,5.7191584801330464e-11
539,7,6.45528075438051e-11
539,8,1.5560885913146194e-10
540,10,1.830287033044442e-10
540,12,6.391331908162101e-11
540,14,6.817657549618161e-11
540,17,1.3717027513848734e-10
540,18,1.3578471680375515e-10
540,21,9.875122941593872e-11
540,22,6.88089585310081e-11
540,23,6.858158485556487e-11
540,24,1.0862777344300412e-10
540,27,4.9389825562684564e-11
540,29,1.2072831623299862e-10
540,2,1.3579182223111275e-10
540,6,1.3582734936790075e-10
540,7,1.567599383633933e-10
540,8,6.407674391084583e-11
541,10,5.780265155408415e-11
541,12,1.8110313249053434e-10
541,14,1.3645262697536964e-10
541,17,6.858158485556487e-11
541,18,6.791367468395038e-11
541,21,9.875833484329632e-11
541,22,1.3726975112149375e-10
541,23,1.567599383633933e-10
541,24,1.8104628907167353e-10
541,27,5.446310069601168e-11
541,29,1.0862777344300412e-10
541,2,7.759126674500294e-11
541,6,3.746691845663008e-11
541,7,6.45528075438051e-11
541,8,1.361684098810656e-10
542,10,1.5522516605415149e-10
542,12,7.243983191074221e-11
542,14,7.791811640345259e-11
542,17,1.3717027513848734e-10
542,18,1.0862777344300412e-10
542,21,1.5518963891736348e-10
542,22,6.794209639338078e-11
542,23,6.431122301364667e-11
542,24,1.3579182223111275e-10
542,27,2.1883295175939566e-10
542,29,1.8108892163581913e-10
542,2,1.0862777344300412e-10
542,6,1.2069989452356822e-10
542,7,1.5617729332007002e-10
542,8,6.051692480468773e-11
543,10,8.358114200746058e-11
543,12,1.0862777344300412e-10
543,14,7.271694357768865e-11
543,17,6.858158485556487e-11
543,18,8.355982572538778e-11
543,21,2.859223968698643e-11
543,22,1.3582024394054315e-10
543,23,1.3665868436874007e-10
543,24,8.355982572538778e-11
543,27,6.460254553530831e-11
543,29,1.3582024394054315e-10
543,2,1.2069989452356822e-10
543,6,7.241851562866941e-11
543,7,4.9389825562684564e-11
543,8,9.117684385273606e-11
544,10,7.760547759971814e-11
544,12,6.036771083017811e-11
544,14,1.212043798659579e-10
544,17,4.572342504616245e-11
544,18,9.052314453583676e-11
544,21,6.832578947069123e-11
544,22,7.243272648338461e-11
544,23,6.09645667282166e-11
544,24,9.875833484329632e-11
544,27,1.3727685654885136e-10
544,29,9.875122941593872e-11
544,2,1.0865619515243452e-10
544,6,8.355982572538778e-11
544,7,3.504396772768814e-11
544,8,1.3677237120646168e-10
545,10,1.0862777344300412e-10
545,12,9.15179043659009e-11
545,14,3.2081004519568523e-11
545,17,9.054446081790957e-11
545,18,9.875833484329632e-11
545,21,9.110578957916005e-11
545,22,1.2072831623299862e-10
545,23,9.976020010071807e-11
545,24,6.789946382923517e-11
545,27,6.838973831690964e-11
545,29,5.717737394661526e-11
545,2,1.5518963891736348e-10
545,6,1.8105339449903113e-10
545,7,7.759126674500294e-11
545,8,6.838263288955204e-11
546,10,6.789946382923517e-11
546,12,1.3662315723195206e-10
546,14,3.787192781601334e-11
546,17,5.431388672150206e-11
546,18,1.2069989452356822e-10
546,21,1.0973622011078987e-10
546,22,2.786748609651113e-11
546,23,1.2072831623299862e-10
546,24,1.0862777344300412e-10
546,27,1.3677947663381929e-10
546,29,1.2079226507921703e-10
546,2,1.2070699995092582e-10
546,6,6.035349997546291e-11
546,7,1.0862777344300412e-10
546,8,8.358114200746058e-11
547,10,3.394973191461759e-11
547,12,6.831157861597603e-11
547,14,3.126388037344441e-11
547,17,4.0238035126094474e-11
547,18,9.916334420267958e-11
547,21,1.09217523913685e-10
547,22,9.877965112536913e-11
547,23,7.243272648338461e-11
547,24,1.3582734936790075e-10
547,27,7.815259550625342e-11
547,29,1.0870593314393773e-10
547,2,1.8105339449903113e-10
547,6,2.715765390348679e-10
547,7,6.389910822690581e-11
547,8,1.0862777344300412e-10
548,10,6.791367468395038e-11
548,12,9.118394928009366e-11
548,14,1.3726975112149375e-10
548,17,1.5519674434472108e-10
548,18,6.389910822690581e-11
548,21,6.832578947069123e-11
548,22,8.361666914424859e-11
548,23,8.358114200746058e-11
548,24,1.8108892163581913e-10
548,27,6.831157861597603e-11
548,29,7.243983191074221e-11
548,2,1.0865619515243452e-10
548,6,6.09645667282166e-11
548,7,4.177991286269389e-11
548,8,1.0862777344300412e-10
549,10,1.3582024394054315e-10
549,12,1.8179946437157923e-10
549,14,7.844391802791506e-11
549,17,3.6209257814334705e-11
549,18,1.8104628907167353e-10
549,21,1.3665868436874007e-10
549,22,1.0870593314393773e-10
549,23,2.1946533479422214e-10
549,24,1.0865619515243452e-10
549,27,1.36161304453708e-10
549,29,3.1953106827131705e-11
549,2,1.8105339449903113e-10
549,6,1.3716316971112974e-10
549,7,7.759126674500294e-11
549,8,1.2069989452356822e-10
550,10,7.243272648338461e-11
550,12,6.060218993297894e-11
550,14,7.321432349272072e-11
550,17,9.053024996319436e-11
550,18,6.389910822690581e-11
550,21,6.832578947069123e-11
550,22,3.880273879985907e-11
550,23,3.539923909556819e-11
550,24,1.3719159142056014e-10
550,27,6.838263288955204e-11
550,29,1.3588419278676156e-10
550,2,1.3579182223111275e-10
550,6,6.858158485556487e-11
550,7,1.2070699995092582e-10
550,8,7.759126674500294e-11
551,10,1.0865619515243452e-10
551,12,9.877965112536913e-11
551,14,1.2072831623299862e-10
551,17,3.6209257814334705e-11
551,18,1.3578471680375515e-10
551,21,6.073719305277336e-11
551,22,1.0942358130705543e-10
551,23,1.3717027513848734e-10
551,24,6.794209639338078e-11
551,27,3.218048050257494e-11
551,29,6.073719305277336e-11
551,2,1.2069989452356822e-10
551,6,1.3716316971112974e-10
551,7,4.937561470796936e-11
551,8,6.789235840187757e-11
552,10,7.243983191074221e-11
552,12,1.212043798659579e-10
552,14,1.0865619515243452e-10
552,17,2.1731239030486904e-10
552,18,2.1725554688600823e-10
552,21,6.791367468395038e-11
552,22,1.2157386208855314e-10
552,23,9.877965112536913e-11
552,24,2.361844053666573e-11
552,27,7.815259550625342e-11
552,29,9.877965112536913e-11
552,2,8.357403658010298e-11
552,6,6.45528075438051e-11
552,7,2.6496138616494136e-11
552,8,1.3579182223111275e-10
553,10,1.0865619515243452e-10
553,12,7.321432349272072e-11
553,14,7.761258302707574e-11
553,17,9.877965112536913e-11
553,18,1.2072831623299862e-10
553,21,1.552322714815091e-10
553,22,7.285905212484067e-11
553,23,6.789235840187757e-11
553,24,7.241851562866941e-11
553,27,1.3582024394054315e-10
553,29,1.2069989452356822e-10
553,2,9.877965112536913e-11
553,6,1.567599383633933e-10
553,7,1.2070699995092582e-10
553,8,7.243272648338461e-11
554,10,7.764811016386375e-11
554,12,2.9679370072699385e-11
554,14,7.241851562866941e-11
554,17,1.5547385601166752e-10
554,18,6.863842827442568e-11
554,21,9.875833484329632e-11
554,22,1.2078515965185943e-10
554,23,1.5518963891736348e-10
554,24,1.2069989452356822e-10
554,27,6.791367468395038e-11
554,29,7.241851562866941e-11
554,2,1.3716316971112974e-10
554,6,2.887645678129047e-11
554,7,1.8106049992638873e-10
554,8,1.2072831623299862e-10
555,10,1.3582024394054315e-10
555,12,1.830287033044442e-10
555,14,1.2069989452356822e-10
555,17,1.5522516605415149e-10
555,18,1.3704237744605052e-10
555,21,1.3578471680375515e-10
555,22,7.815970093361102e-11
555,23,6.789235840187757e-11
555,24,7.241851562866941e-11
555,27,1.3582024394054315e-10
555,29,9.877965112536913e-11
555,2,6.45528075438051e-11
555,6,1.0973622011078987e-10
555,7,1.2069989452356822e-10
555,8,7.815970093361102e-11
556,10,6.791367468395038e-11
556,12,6.10071992923622e-11
556,14,1.0862777344300412e-10
556,17,3.1036506698001176e-11
556,18,6.863842827442568e-11
556,21,2.1726265231336583e-10
556,22,8.358114200746058e-11
556,23,4.937561470796936e-11
556,24,8.355982572538778e-11
556,27,6.791367468395038e-11
556,29,1.3588419278676156e-10
556,2,1.828937001846498e-10
556,6,1.7699619547784096e-11
556,7,7.241851562866941e-11
556,8,1.0892620139202336e-10
557,10,1.3581313851318555e-10
557,12,9.983125437429408e-11
557,14,6.817657549618161e-11
557,17,2.1726975774072343e-10
557,18,1.3726975112149375e-10
557,21,6.049560852261493e-11
557,22,1.5522516605415149e-10
557,23,6.791367468395038e-11
557,24,2.1731239030486904e-10
557,27,1.3582024394054315e-10
557,29,6.858158485556487e-11
557,2,7.315748007385992e-11
557,6,2.1103119252074976e-11
557,7,9.052314453583676e-11
557,8,1.0942358130705543e-10
558,10,6.791367468395038e-11
558,12,3.6219205412635347e-10
558,14,1.3727685654885136e-10
558,17,4.526867769527598e-11
558,18,1.0908252079389058e-10
558,21,8.409983820456546e-11
558,22,2.5266899683629163e-11
558,23,1.3582024394054315e-10
558,24,5.7191584801330464e-11
558,27,1.0865619515243452e-10
558,29,1.3716316971112974e-10
558,2,1.0973622011078987e-10
558,6,1.828937001846498e-10
558,7,8.355982572538778e-11
558,8,6.078693104427657e-11
559,10,1.3578471680375515e-10
559,12,1.8105339449903113e-10
559,14,6.863842827442568e-11
559,17,6.789235840187757e-11
559,18,3.879563337250147e-11
559,21,1.3582024394054315e-10
559,22,1.0862777344300412e-10
559,23,1.0904699365710258e-10
559,24,2.1731239030486904e-10
559,27,5.717737394661526e-11
559,29,3.6216363241692306e-11
559,2,7.837996918169665e-11
559,6,6.09645667282166e-11
559,7,9.875833484329632e-11
559,8,1.8236789856018731e-10
560,10,1.0865619515243452e-10
560,12,6.789946382923517e-11
560,14,1.3726975112149375e-10
560,17,1.2073542166035622e-10
560,18,9.089973218578962e-11
560,21,1.8108892163581913e-10
560,22,9.052314453583676e-11
560,23,4.572342504616245e-11
560,24,1.5522516605415149e-10
560,27,4.7265302782761864e-11
560,29,6.039613253960852e-11
560,2,6.794209639338078e-11
560,6,1.8174262095271843e-10
560,7,7.759126674500294e-11
560,8,6.078693104427657e-11
561,10,6.036771083017811e-11
561,12,1.3579182223111275e-10
561,14,6.851763600934646e-11
561,17,7.272404900504625e-11
561,18,1.3726975112149375e-10
561,21,1.0932410532404901e-10
561,22,9.875122941593872e-11
561,23,7.761258302707574e-11
561,24,9.877965112536913e-11
561,27,9.983125437429408e-11
561,29,7.761258302707574e-11
561,2,1.3588419278676156e-10
561,6,3.6351366361486726e-11
561,7,1.3579182223111275e-10
561,8,1.815436689867056e-10
562,10,9.055156624526717e-11
562,12,6.789946382923517e-11
562,14,1.3726975112149375e-10
562,17,6.791367468395038e-11
562,18,6.10071992923622e-11
562,21,1.361897261631384e-10
562,22,9.052314453583676e-11
562,23,7.315748007385992e-11
562,24,1.5522516605415149e-10
562,27,9.882938911687233e-11
562,29,6.791367468395038e-11
562,2,1.2079226507921703e-10
562,6,1.0904699365710258e-10
562,7,1.3578471680375515e-10
562,8,6.036060540282051e-11
563,10,1.3578471680375515e-10
563,12,1.3579182223111275e-10
563,14,6.863842827442568e-11
563,17,1.3578471680375515e-10
563,18,1.830358087318018e-10
563,21,6.832578947069123e-11
563,22,8.358824743481819e-11
563,23,9.087131047635921e-11
563,24,6.391331908162101e-11
563,27,7.243983191074221e-11
563,29,1.0865619515243452e-10
563,2,1.5522516605415149e-10
563,6,1.3665868436874007e-10
563,7,1.3578471680375515e-10
563,8,1.2072831623299862e-10
564,10,7.241851562866941e-11
564,12,6.789946382923517e-11
564,14,1.3727685654885136e-10
564,17,7.241851562866941e-11
564,18,2.745395022429875e-10
564,21,1.3665868436874007e-10
564,22,9.946887757905643e-11
564,23,9.052314453583676e-11
564,24,1.5521806062679389e-10
564,27,9.878675655272673e-11
564,29,1.3582734936790075e-10
564,2,4.937561470796936e-11
564,6,6.058087365090614e-11
564,7,1.3579182223111275e-10
564,8,6.789235840187757e-11
565,10,9.877965112536913e-11
565,12,1.3579182223111275e-10
565,14,6.460254553530831e-11
565,17,2.525979425627156e-11
565,18,1.0862777344300412e-10
565,21,6.791367468395038e-11
565,22,8.446932042716071e-11
565,23,9.875833484329632e-11
565,24,7.759126674500294e-11
565,27,2.716404878810863e-10
565,29,7.761258302707574e-11
565,2,9.052314453583676e-11
565,6,1.8174972638007603e-10
565,7,7.760547759971814e-11
565,8,9.946887757905643e-11
566,10,1.3582024394054315e-10
566,12,1.0862777344300412e-10
566,14,1.5688783605583012e-10
566,17,6.389910822690581e-11
566,18,7.241851562866941e-11
566,21,1.3579182223111275e-10
566,22,7.761258302707574e-11
566,23,7.270273272297345e-11
566,24,6.791367468395038e-11
566,27,6.389910822690581e-11
566,29,7.260325673996704e-11
566,2,1.3579182223111275e-10
566,6,1.8174972638007603e-10
566,7,1.0862777344300412e-10
566,8,1.3578471680375515e-10
567,10,2.588507186374045e-11
567,12,6.789235840187757e-11
567,14,7.844391802791506e-11
567,17,8.355982572538778e-11
567,18,9.052314453583676e-11
567,21,6.789946382923517e-11
567,22,1.0865619515243452e-10
567,23,3.1235458664014004e-11
567,24,1.3668000065081287e-10
567,27,7.241851562866941e-11
567,29,9.054446081790957e-11
567,2,6.036771083017811e-11
567,6,1.0973622011078987e-10
567,7,7.241851562866941e-11
567,8,3.6210678899806226e-10
568,10,9.055156624526717e-11
568,12,8.390799166591023e-11
568,14,1.212043798659579e-10
568,17,1.0862777344300412e-10
568,18,1.8104628907167353e-10
568,21,1.2069989452356822e-10
568,22,9.052314453583676e-11
568,23,1.828937001846498e-10
568,24,6.859579571028007e-11
568,27,1.2072831623299862e-10
568,29,1.5522516605415149e-10
568,2,2.1731239030486904e-10
568,6,8.44124770082999e-11
568,7,9.875833484329632e-11
568,8,9.052314453583676e-11
569,10,1.3579182223111275e-10
569,12,8.447642585451831e-11
569,14,5.717737394661526e-11
569,17,8.355982572538778e-11
569,18,1.5583623280690517e-10
569,21,9.052314453583676e-11
569,22,9.875122941593872e-11
569,23,6.45528075438051e-11
569,24,1.3668000065081287e-10
569,27,6.794209639338078e-11
569,29,7.761258302707574e-11
569,2,6.036771083017811e-11
569,6,1.1198153515579179e-11
569,7,1.8108892163581913e-10
569,8,1.2069989452356822e-10
570,10,6.789946382923517e-11
570,12,2.1963586505080457e-10
570,14,2.1725554688600823e-10
570,17,1.0862777344300412e-10
570,18,9.15179043659009e-11
570,21,7.759126674500294e-11
570,22,7.759126674500294e-11
570,23,8.44124770082999e-11
570,24,1.2148859696026193e-10
570,27,1.3582024394054315e-10
570,29,2.1731239030486904e-10
570,2,1.5522516605415149e-10
570,6,3.227285105822375e-11
570,7,2.049915792667889e-11
570,8,7.243272648338461e-11
571,10,1.3579182223111275e-10
571,12,6.10071992923622e-11
571,14,1.8104628907167353e-10
571,17,7.241851562866941e-11
571,18,1.830358087318018e-10
571,21,1.8105339449903113e-10
571,22,2.1725554688600823e-10
571,23,8.44124770082999e-11
571,24,5.7191584801330464e-11
571,27,7.760547759971814e-11
571,29,3.6209257814334705e-11
571,2,7.761258302707574e-11
571,6,1.8174972638007603e-10
571,7,2.1726265231336583e-10
571,8,1.2069989452356822e-10
572,10,6.789946382923517e-11
572,12,1.830358087318018e-10
572,14,1.2069989452356822e-10
572,17,9.875833484329632e-11
572,18,6.460254553530831e-11
572,21,6.035349997546291e-11
572,22,1.5518253349000588e-10
572,23,1.8174262095271843e-10
572,24,1.8150103642256e-10
572,27,9.054446081790957e-11
572,29,6.389910822690581e-11
572,2,2.787459152386873e-11
572,6,6.035349997546291e-11
572,7,5.1727511163335294e-11
572,8,1.0862777344300412e-10
573,10,1.3579182223111275e-10
573,12,1.262634441445698e-11
573,14,6.822631348768482e-11
573,17,1.5518253349000588e-10
573,18,1.5688783605583012e-10
573,21,1.8104628907167353e-10
573,22,1.0865619515243452e-10
573,23,1.0862777344300412e-10
573,24,2.532374310248997e-11
573,27,8.446932042716071e-11
573,29,2.1726265231336583e-10
573,2,9.054446081790957e-11
573,6,1.5522516605415149e-10
573,7,1.2069989452356822e-10
573,8,2.1731239030486904e-10
574,10,6.791367468395038e-11
574,12,1.7429613308195258e-11
574,14,1.8488321984477807e-11
574,17,3.1036506698001176e-11
574,18,6.851763600934646e-11
574,21,1.3579892765847035e-10
574,22,2.2176038783072727e-11
574,23,2.5870861009025248e-11
574,24,9.054446081790957e-11
574,27,1.0865619515243452e-10
574,29,7.243983191074221e-11
574,2,8.362377457160619e-11
574,6,2.1947244022157975e-10
574,7,7.243272648338461e-11
574,8,1.2072831623299862e-10
575,10,1.3582024394054315e-10
575,12,1.212043798659579e-10
575,14,1.007549599307822e-11
575,17,4.023092969873687e-11
575,18,1.3726975112149375e-10
575,21,1.2069989452356822e-10
575,22,8.361666914424859e-11
575,23,9.875833484329632e-11
575,24,1.2072831623299862e-10
575,27,7.760547759971814e-11
575,29,7.243272648338461e-11
575,2,9.877965112536913e-11
575,6,9.14468500923249e-11
575,7,1.2069989452356822e-10
575,8,7.261746759468224e-11
576,10,8.361666914424859e-11
576,12,6.392042450897861e-11
576,14,1.9262813566456316e-11
576,17,1.8105339449903113e-10
576,18,6.10071992923622e-11
576,21,1.5518253349000588e-10
576,22,1.2072831623299862e-10
576,23,7.241851562866941e-11
576,24,1.7635670701565687e-11
576,27,1.0862777344300412e-10
576,29,1.2069989452356822e-10
576,2,2.1302071218087804e-11
576,6,1.567599383633933e-10
576,7,1.3578471680375515e-10
576,8,1.2103384960937547e-10
577,10,7.243983191074221e-11
577,12,1.3582024394054315e-10
577,14,7.844391802791506e-11
577,17,1.2069989452356822e-10
577,18,2.1963586505080457e-10
577,21,1.8106049992638873e-10
577,22,7.760547759971814e-11
577,23,2.1726265231336583e-10
577,24,1.213678046951827e-10
577,27,1.3579182223111275e-10
577,29,6.789946382923517e-11
577,2,3.1036506698001176e-11
577,6,1.828937001846498e-10
577,7,6.789235840187757e-11
577,8,7.294431725313189e-11
578,10,8.355982572538778e-11
578,12,7.844391802791506e-11
578,14,1.0982148523908108e-10
578,17,1.0862777344300412e-10
578,18,3.431921413721284e-11
578,21,1.2072831623299862e-10
578,22,6.791367468395038e-11
578,23,8.388667538383743e-11
578,24,3.417000016270322e-11
578,27,6.789235840187757e-11
578,29,1.5518963891736348e-10
578,2,1.3579182223111275e-10
578,6,1.2072831623299862e-10
578,7,7.759126674500294e-11
578,8,1.0892620139202336e-10
579,10,3.394973191461759e-11
579,12,2.1731239030486904e-10
579,14,6.863842827442568e-11
579,17,6.789946382923517e-11
579,18,1.3726975112149375e-10
579,21,1.8105339449903113e-10
579,22,1.2073542166035622e-10
579,23,8.355982572538778e-11
579,24,6.035349997546291e-11
579,27,1.3579182223111275e-10
579,29,9.877965112536913e-11
579,2,8.358824743481819e-11
579,6,6.791367468395038e-11
579,7,1.0862777344300412e-10
579,8,7.241851562866941e-11
580,10,1.3588419278676156e-10
580,12,9.875833484329632e-11
580,14,1.3635315099236323e-10
580,17,1.3578471680375515e-10
580,18,6.816947006882401e-11
580,21,4.023092969873687e-11
580,22,9.875833484329632e-11
580,23,6.789946382923517e-11
580,24,7.779021871101577e-11
580,27,6.036771083017811e-11
580,29,7.761258302707574e-11
580,2,3.6209968357070466e-10
580,6,9.875833484329632e-11
580,7,3.394973191461759e-11
580,8,1.3578471680375515e-10
581,10,1.0982148523908108e-10
581,12,6.035349997546291e-11
581,14,7.321432349272072e-11
581,17,7.759126674500294e-11
581,18,1.2072831623299862e-10
581,21,1.3578471680375515e-10
581,22,2.1729817945015384e-10
581,23,9.875833484329632e-11
581,24,1.0885514711844735e-10
581,27,1.8236789856018731e-10
581,29,9.875122941593872e-11
581,2,1.3579182223111275e-10
581,6,8.355982572538778e-11
581,7,1.8104628907167353e-10
581,8,1.2103384960937547e-10
582,10,1.8105339449903113e-10
582,12,3.394973191461759e-11
582,14,1.22021504012082e-10
582,17,1.8105339449903113e-10
582,18,1.3635315099236323e-10
582,21,1.3579182223111275e-10
582,22,6.391331908162101e-11
582,23,2.1725554688600823e-10
582,24,9.075051821128e-11
582,27,7.286615755219827e-11
582,29,8.355982572538778e-11
582,2,1.3578471680375515e-10
582,6,1.3579182223111275e-10
582,7,4.722977564597386e-11
582,8,6.149747378003667e-11
583,10,4.526157226791838e-11
583,12,5.717737394661526e-11
583,14,7.844391802791506e-11
583,17,4.938272013532696e-11
583,18,1.5583623280690517e-10
583,21,7.759126674500294e-11
583,22,6.791367468395038e-11
583,23,1.3582734936790075e-10
583,24,3.1953106827131705e-11
583,27,1.220143985847244e-10
583,29,7.243272648338461e-11
583,2,5.432809757621726e-11
583,6,1.8104628907167353e-10
583,7,7.759837217236054e-11
583,8,1.581383912707679e-10
584,10,7.759126674500294e-11
584,12,1.0862777344300412e-10
584,14,1.0982148523908108e-10
584,17,1.3578471680375515e-10
584,18,1.212043798659579e-10
584,21,2.1728396859543864e-11
584,22,1.0862777344300412e-10
584,23,1.0862777344300412e-10
584,24,1.0862777344300412e-10
584,27,1.5688783605583012e-10
584,29,4.5275783122633584e-11
584,2,5.717737394661526e-11
584,6,5.717737394661526e-11
584,7,2.1727686316808104e-10
584,8,6.511413630505558e-11
585,10,6.035349997546291e-11
585,12,9.052314453583676e-11
585,14,7.844391802791506e-11
585,17,9.052314453583676e-11
585,18,1.3727685654885136e-10
585,21,1.3579182223111275e-10
585,22,6.789235840187757e-11
585,23,8.355982572538778e-11
585,24,2.1731239030486904e-10
585,27,1.3582024394054315e-10
585,29,3.197442310920451e-11
585,2,6.391331908162101e-11
585,6,1.5518963891736348e-10
585,7,4.722977564597386e-11
585,8,1.581383912707679e-10
586,10,1.5522516605415149e-10
586,12,7.241851562866941e-11
586,14,4.2163605940004345e-11
586,17,6.035349997546291e-11
586,18,6.863842827442568e-11
586,21,4.177991286269389e-11
586,22,1.2069989452356822e-10
586,23,9.052314453583676e-11
586,24,8.377298854611581e-11
586,27,7.760547759971814e-11
586,29,7.764811016386375e-11
586,2,1.0862777344300412e-10
586,6,1.567599383633933e-10
586,7,3.504396772768814e-11
586,8,1.8449952676746761e-10
587,10,9.052314453583676e-11
587,12,1.3579182223111275e-10
587,14,3.431921413721284e-11
587,17,8.355982572538778e-11
587,18,7.321432349272072e-11
587,21,7.760547759971814e-11
587,22,8.358824743481819e-11
587,23,9.087841590371681e-11
587,24,2.6503244043851737e-11
587,27,4.179412371740909e-11
587,29,9.054446081790957e-11
587,2,4.526157226791838e-11
587,6,6.389910822690581e-11
587,7,8.356693115274538e-11
587,8,1.3676526577910408e-10
588,10,2.1725554688600823e-10
588,12,7.759126674500294e-11
588,14,8.309086751978612e-11
588,17,3.745981302927248e-11
588,18,1.0982148523908108e-10
588,21,1.3581313851318555e-10
588,22,1.3582024394054315e-10
588,23,1.219291334564332e-10
588,24,2.1868373778488603e-10
588,27,1.3582024394054315e-10
588,29,9.055156624526717e-11
588,2,1.8108892163581913e-10
588,6,6.389910822690581e-11
588,7,2.1731239030486904e-10
588,8,7.294431725313189e-11
589,10,1.552962203277275e-10
589,12,9.875833484329632e-11
589,14,1.0908252079389058e-10
589,17,9.052314453583676e-11
589,18,2.3874235921539366e-11
589,21,6.791367468395038e-11
589,22,7.761968845443334e-11
589,23,6.858158485556487e-11
589,24,1.829221218940802e-10
589,27,6.794209639338078e-11
589,29,9.054446081790957e-11
589,2,6.832578947069123e-11
589,6,4.723688107333146e-11
589,7,1.3579892765847035e-10
589,8,1.2072831623299862e-10
590,10,9.877965112536913e-11
590,12,2.715978553169407e-10
590,14,1.0908252079389058e-10
590,17,1.0862777344300412e-10
590,18,6.863842827442568e-11
590,21,1.3582024394054315e-10
590,22,2.2637891561316792e-11
590,23,2.4385826691286638e-11
590,24,1.822400008677505e-10
590,27,3.197442310920451e-11
590,29,8.358824743481819e-11
590,2,1.2462919585232157e-11
590,6,6.789946382923517e-11
590,7,6.389910822690581e-11
590,8,1.2157386208855314e-10
591,10,1.8108892163581913e-10
591,12,3.1036506698001176e-11
591,14,1.764988155628089e-11
591,17,1.3578471680375515e-10
591,18,1.3726975112149375e-10
591,21,1.3582734936790075e-10
591,22,9.054446081790957e-11
591,23,9.087131047635921e-11
591,24,8.358114200746058e-11
591,27,4.526157226791838e-11
591,29,9.877965112536913e-11
591,2,1.2147438610554673e-10
591,6,1.3579182223111275e-10
591,7,2.1725554688600823e-10
591,8,3.5342395676707383e-11
592,10,3.104361212535878e-11
592,12,1.3579182223111275e-10
592,14,8.391509709326783e-11
592,17,1.837747731769923e-10
592,18,1.0908252079389058e-10
592,21,1.8106049992638873e-10
592,22,8.358824743481819e-11
592,23,6.815525921410881e-11
592,24,1.8108892163581913e-10
592,27,1.8108892163581913e-10
592,29,9.055156624526717e-11
592,2,7.288036840691348e-11
592,6,7.760547759971814e-11
592,7,1.0864198429771932e-10
592,8,1.0941647587969783e-10
593,10,7.241851562866941e-11
593,12,7.759126674500294e-11
593,14,5.7411853049416095e-11
593,17,1.0973622011078987e-10
593,18,3.879563337250147e-11
593,21,1.0862777344300412e-10
593,22,1.2072831623299862e-10
593,23,1.3631051842821762e-10
593,24,3.745981302927248e-11
593,27,1.830358087318018e-10
593,29,2.1742607714259066e-11
593,2,1.0865619515243452e-10
593,6,1.0865619515243452e-10
593,7,3.0176749987731455e-11
593,8,1.3726975112149375e-10
594,10,2.4144242161128204e-11
594,12,8.355982572538778e-11
594,14,7.759126674500294e-11
594,17,7.315748007385992e-11
594,18,4.179412371740909e-11
594,21,7.759126674500294e-11
594,22,7.844391802791506e-11
594,23,1.567599383633933e-10
594,24,4.346389914644533e-11
594,27,1.2072831623299862e-10
594,29,3.416289473534562e-11
594,2,4.937561470796936e-11
594,6,7.838707460905425e-11
594,7,1.2069989452356822e-10
594,8,2.815880861817277e-11
595,10,1.2077805422450183e-10
595,12,9.877965112536913e-11
595,14,6.789235840187757e-11
595,17,7.837996918169665e-11
595,18,1.3635315099236323e-10
595,21,2.263078613395919e-11
595,22,1.893596390800667e-11
595,23,1.3582734936790075e-10
595,24,1.2099832247258746e-10
595,27,6.789946382923517e-11
595,29,2.7426949600339867e-11
595,2,1.3578471680375515e-10
595,6,8.44124770082999e-11
595,7,1.5518963891736348e-10
595,8,6.863842827442568e-11
596,10,1.3586998193204636e-10
596,12,9.877965112536913e-11
596,14,1.0862777344300412e-10
596,17,1.2073542166035622e-10
596,18,2.8897773063363275e-11
596,21,1.0863487887036172e-10
596,22,6.87805368215777e-11
596,23,1.2069989452356822e-10
596,24,7.838707460905425e-11
596,27,1.2069989452356822e-10
596,29,1.3582024394054315e-10
596,2,1.5522516605415149e-10
596,6,9.976020010071807e-11
596,7,1.0865619515243452e-10
596,8,1.177369313154486e-11
597,10,6.794209639338078e-11
597,12,3.6212810528013506e-10
597,14,6.848210887255846e-11
597,17,9.052314453583676e-11
597,18,2.1816504158778116e-10
597,21,3.292655037512304e-11
597,22,1.3726975112149375e-10
597,23,1.3582734936790075e-10
597,24,1.0934542160612182e-10
597,27,7.241851562866941e-11
597,29,7.760547759971814e-11
597,2,9.877965112536913e-11
597,6,4.572342504616245e-11
597,7,1.0864198429771932e-10
597,8,3.05035996461811e-11
598,10,1.3588419278676156e-10
598,12,5.1727511163335294e-11
598,14,1.3677237120646168e-10
598,17,7.759126674500294e-11
598,18,8.355982572538778e-11
598,21,1.5519674434472108e-10
598,22,7.860023742978228e-11
598,23,5.739764219470089e-11
598,24,7.810285751475021e-11
598,27,1.2069989452356822e-10
598,29,1.0862777344300412e-10
598,2,7.760547759971814e-11
598,6,1.0904699365710258e-10
598,7,7.243272648338461e-11
598,8,5.0320636546530295e-11
599,10,7.844391802791506e-11
599,12,4.722977564597386e-11
599,14,7.844391802791506e-11
599,17,1.3579182223111275e-10
599,18,2.0193624550302047e-11
599,21,3.394973191461759e-11
599,22,1.0982148523908108e-10
599,23,2.1947244022157975e-10
599,24,1.0865619515243452e-10
599,27,7.759126674500294e-11
599,29,1.3578471680375515e-10
599,2,1.3581313851318555e-10
599,6,7.837996918169665e-11
599,7,6.789235840187757e-11
599,8,2.7782220968219917e-11
600,10,2.7860380669153528e-11
600,12,7.759126674500294e-11
600,14,1.0865619515243452e-10
600,17,7.838707460905425e-11
600,18,9.089973218578962e-11
600,21,6.789946382923517e-11
600,22,7.335643203987274e-11
600,23,4.572342504616245e-11
600,24,3.416289473534562e-11
600,27,1.0862777344300412e-10
600,29,1.3926637620897964e-11
600,2,7.760547759971814e-11
600,6,1.0932410532404901e-10
600,7,1.3578471680375515e-10
600,8,4.2305714487156365e-11
601,10,5.717737394661526e-11
601,12,1.0862777344300412e-10
601,14,7.243272648338461e-11
601,17,1.8921753053291468e-11
601,18,1.830358087318018e-11
601,21,1.3579182223111275e-10
601,22,1.22021504012082e-10
601,23,2.1809398731420515e-10
601,24,1.5556622656731633e-10
601,27,7.759126674500294e-11
601,29,1.0862777344300412e-10
601,2,1.0865619515243452e-10
601,6,7.838707460905425e-11
601,7,1.2069989452356822e-10
601,8,1.3662315723195206e-10
602,10,7.759126674500294e-11
602,12,1.2070699995092582e-10
602,14,1.2069989452356822e-10
602,17,7.315748007385992e-11
602,18,9.15179043659009e-11
602,21,7.808864666003501e-11
602,22,6.799893981224159e-11
602,23,8.355982572538778e-11
602,24,1.2069989452356822e-10
602,27,9.875833484329632e-11
602,29,6.794209639338078e-11
602,2,6.858158485556487e-11
602,6,1.0973622011078987e-10
602,7,7.241851562866941e-11
602,8,6.838263288955204e-11
603,10,1.0862777344300412e-10
603,12,1.8108892163581913e-10
603,14,6.791367468395038e-11
603,17,1.2116885272916988e-10
603,18,8.361666914424859e-11
603,21,2.5423219085496385e-11
603,22,1.3578471680375515e-10
603,23,9.052314453583676e-11
603,24,7.759126674500294e-11
603,27,3.394973191461759e-11
603,29,6.391331908162101e-11
603,2,1.3588419278676156e-10
603,6,1.219291334564332e-10
603,7,1.2069989452356822e-10
603,8,9.877965112536913e-11
604,10,1.3582734936790075e-10
604,12,1.2072831623299862e-10
604,14,1.3582024394054315e-10
604,17,7.274536528711906e-11
604,18,9.089973218578962e-11
604,21,2.1726975774072343e-10
604,22,7.759126674500294e-11
604,23,6.035349997546291e-11
604,24,9.875833484329632e-11
604,27,6.389910822690581e-11
604,29,4.9389825562684564e-11
604,2,1.3582734936790075e-10
604,6,1.567599383633933e-10
604,7,7.759126674500294e-11
604,8,9.875122941593872e-11
605,10,1.5518253349000588e-10
605,12,7.760547759971814e-11
605,14,1.3635315099236323e-10
605,17,1.2116885272916988e-10
605,18,9.089973218578962e-11
605,21,1.0862777344300412e-10
605,22,6.035349997546291e-11
605,23,6.791367468395038e-11
605,24,1.8109602706317673e-10
605,27,7.759126674500294e-11
605,29,6.391331908162101e-11
605,2,1.5522516605415149e-10
605,6,1.3631051842821762e-10
605,7,1.0862777344300412e-10
605,8,9.052314453583676e-11
606,10,1.2069989452356822e-10
606,12,8.358114200746058e-11
606,14,4.3925751924689393e-11
606,17,7.315748007385992e-11
606,18,1.2072831623299862e-10
606,21,6.789946382923517e-11
606,22,1.8108892163581913e-10
606,23,7.256062417582143e-11
606,24,2.6560087462712545e-11
606,27,1.3578471680375515e-10
606,29,6.791367468395038e-11
606,2,9.877965112536913e-11
606,6,7.760547759971814e-11
606,7,2.859223968698643e-11
606,8,7.759126674500294e-11
607,10,6.838263288955204e-11
607,12,2.1117330106790178e-11
607,14,6.416911446649465e-11
607,17,1.3631051842821762e-10
607,18,7.760547759971814e-11
607,21,1.3579892765847035e-10
607,22,9.089973218578962e-11
607,23,1.2116885272916988e-10
607,24,7.779021871101577e-11
607,27,6.789946382923517e-11
607,29,1.3582024394054315e-10
607,2,9.059419880941277e-11
607,6,1.0862777344300412e-10
607,7,8.355982572538778e-11
607,8,1.3579182223111275e-10
608,10,1.3726975112149375e-10
608,12,5.7411853049416095e-11
608,14,9.15179043659009e-11
608,17,6.392042450897861e-11
608,18,7.761258302707574e-11
608,21,6.789946382923517e-11
608,22,3.0397018235817086e-11
608,23,7.838707460905425e-11
608,24,2.935962584160734e-11
608,27,1.3578471680375515e-10
608,29,7.808864666003501e-11
608,2,9.054446081790957e-11
608,6,7.760547759971814e-11
608,7,8.355982572538778e-11
608,8,3.394973191461759e-11
609,10,6.863842827442568e-11
609,12,8.397194051212864e-11
609,14,1.0982148523908108e-10
609,17,1.3578471680375515e-10
609,18,3.745981302927248e-11
609,21,1.3579892765847035e-10
609,22,1.0865619515243452e-10
609,23,1.828937001846498e-10
609,24,9.14610609470401e-11
609,27,7.759126674500294e-11
609,29,9.110578957916005e-11
609,2,4.9389825562684564e-11
609,6,1.3301360013429075e-11
609,7,1.3579182223111275e-10
609,8,8.358824743481819e-11
610,10,1.3726975112149375e-10
610,12,1.2069989452356822e-10
610,14,0.7220998753846715
610,17,7.243272648338461e-11
610,18,2.1731239030486904e-10
610,21,6.789946382923517e-11
610,22,7.243272648338461e-11
610,23,3.505107315504574e-11
610,24,1.2078515965185943e-10
610,27,6.390621365426341e-11
610,29,2.361844053666573e-11
610,2,7.243272648338461e-11
610,6,7.788969469402218e-11
610,7,7.760547759971814e-11
610,8,4.023092969873687e-11
611,10,6.863842827442568e-11
611,12,7.241851562866941e-11
611,14,7.85767895195022e-10
611,17,4.5275783122633584e-11
611,18,1.0863487887036172e-10
611,21,1.3578471680375515e-10
611,22,1.212043798659579e-10
611,23,8.358824743481819e-11
611,24,7.838707460905425e-11
611,27,1.3578471680375515e-10
611,29,8.358824743481819e-11
611,2,1.2072831623299862e-10
611,6,1.0898304481088417e-10
611,7,1.0864198429771932e-10
611,8,5.431388672150206e-11
612,10,1.22021504012082e-10
612,12,1.2069989452356822e-10
612,14,0.7253581761656989
612,17,9.875833484329632e-11
612,18,3.504396772768814e-11
612,21,6.791367468395038e-11
612,22,7.321432349272072e-11
612,23,9.877965112536913e-11
612,24,1.0975043096550507e-10
612,27,1.2069989452356822e-10
612,29,3.1036506698001176e-11
612,2,6.794209639338078e-11
612,6,6.858158485556487e-11
612,7,7.243272648338461e-11
612,8,1.8105339449903113e-10
613,10,8.446932042716071e-11
613,12,6.838263288955204e-11
613,14,1.22021504012082e-10
613,17,9.055156624526717e-11
613,18,1.0908252079389058e-10
613,21,1.3582024394054315e-10
613,22,1.2072831623299862e-10
613,23,9.877965112536913e-11
613,24,7.317169092857512e-11
613,27,2.859223968698643e-11
613,29,4.177991286269389e-11
613,2,1.3578471680375515e-10
613,6,1.369500068904017e-10
613,7,1.2072831623299862e-10
613,8,9.055156624526717e-11
614,10,9.089973218578962e-11
614,12,1.3677237120646168e-10
614,14,6.816947006882401e-11
614,17,1.0904699365710258e-10
614,18,4.757083615913871e-11
614,21,6.858158485556487e-11
614,22,7.243272648338461e-11
614,23,4.362021854831255e-11
614,24,1.9255708139098715e-11
614,27,1.5518963891736348e-10
614,29,1.5518253349000588e-10
614,2,7.243272648338461e-11
614,6,7.315748007385992e-11
614,7,6.858158485556487e-11
614,8,7.243983191074221e-11
615,10,9.089973218578962e-11
615,12,7.285905212484067e-11
615,14,1.3635315099236323e-10
615,17,7.270273272297345e-11
615,18,3.431921413721284e-11
615,21,6.391331908162101e-11
615,22,1.2072831623299862e-10
615,23,9.875833484329632e-11
615,24,7.317169092857512e-11
615,27,5.1734616590692895e-11
615,29,1.2073542166035622e-10
615,2,6.391331908162101e-11
615,6,1.219291334564332e-10
615,7,1.3581313851318555e-10
615,8,3.504396772768814e-11
616,10,1.0862777344300412e-10
616,12,1.2143885896875872e-10
616,14,6.863842827442568e-11
616,17,8.409273277720786e-11
616,18,1.3727685654885136e-10
616,21,3.745981302927248e-11
616,22,7.760547759971814e-11
616,23,7.759126674500294e-11
616,24,1.2072831623299862e-10
616,27,1.8105339449903113e-10
616,29,1.8109602706317673e-10
616,2,2.468425464030588e-11
616,6,6.858158485556487e-11
616,7,6.791367468395038e-11
616,8,9.052314453583676e-11
617,10,7.759126674500294e-11
617,12,6.863842827442568e-11
617,14,1.3726975112149375e-10
617,17,1.0865619515243452e-10
617,18,1.5522516605415149e-10
617,21,1.0865619515243452e-10
617,22,7.759126674500294e-11
617,23,1.3582024394054315e-10
617,24,6.791367468395038e-11
617,27,7.759126674500294e-11
617,29,7.759126674500294e-11
617,2,4.937561470796936e-11
617,6,4.956746124662459e-11
617,7,1.3579182223111275e-10
617,8,9.052314453583676e-11
618,10,1.0862777344300412e-10
618,12,1.3635315099236323e-10
618,14,7.844391802791506e-11
618,17,1.0865619515243452e-10
618,18,1.2069989452356822e-10
618,21,7.315748007385992e-11
618,22,6.436096100514987e-11
618,23,7.838707460905425e-11
618,24,1.3578471680375515e-10
618,27,1.0862777344300412e-10
618,29,3.0176749987731455e-11
618,2,9.052314453583676e-11
618,6,9.087131047635921e-11
618,7,7.759126674500294e-11
618,8,9.052314453583676e-11
619,10,6.789946382923517e-11
619,12,6.816947006882401e-11
619,14,4.2234660213580355e-11
619,17,1.3631051842821762e-10
619,18,6.791367468395038e-11
619,21,6.036771083017811e-11
619,22,4.0245140553452075e-11
619,23,3.227285105822375e-11
619,24,7.760547759971814e-11
619,27,7.759126674500294e-11
619,29,1.5522516605415149e-10
619,2,1.0862777344300412e-10
619,6,3.539923909556819e-11
619,7,9.876544027065393e-11
619,8,7.760547759971814e-11
620,10,1.3579182223111275e-10
620,12,1.2072831623299862e-10
620,14,1.0862777344300412e-10
620,17,1.5522516605415149e-10
620,18,1.3578471680375515e-10
620,21,5.717026851925766e-11
620,22,7.271694357768865e-11
620,23,8.489564606861677e-11
620,24,1.0905409908446018e-10
620,27,1.0862777344300412e-10
620,29,7.243983191074221e-11
620,2,7.760547759971814e-11
620,6,7.270273272297345e-11
620,7,1.8104628907167353e-10
620,8,1.0864908972507692e-10
621,10,6.816947006882401e-11
621,12,2.2168933355715126e-11
621,14,4.937561470796936e-11
621,17,1.2069989452356822e-10
621,18,7.791811640345259e-11
621,21,9.875122941593872e-11
621,22,1.22021504012082e-10
621,23,1.0973622011078987e-10
621,24,3.325340003357269e-11
621,27,1.5518253349000588e-10
621,29,7.761968845443334e-11
621,2,1.0864908972507692e-10
621,6,7.274536528711906e-11
621,7,3.291233952040784e-11
621,8,6.791367468395038e-11
622,10,1.5631940186722204e-11
622,12,8.446932042716071e-11
622,14,7.241851562866941e-11
622,17,6.858158485556487e-11
622,18,3.2081004519568523e-11
622,21,1.2069989452356822e-10
622,22,7.321432349272072e-11
622,23,7.838707460905425e-11
622,24,6.389910822690581e-11
622,27,1.2070699995092582e-10
622,29,1.0865619515243452e-10
622,2,6.791367468395038e-11
622,6,1.2069989452356822e-10
622,7,7.241851562866941e-11
622,8,1.3581313851318555e-10
623,10,9.052314453583676e-11
623,12,1.22021504012082e-10
623,14,1.2070699995092582e-10
623,17,1.3717027513848734e-10
623,18,7.321432349272072e-11
623,21,6.789946382923517e-11
623,22,1.22021504012082e-10
623,23,1.0904699365710258e-10
623,24,1.0862777344300412e-10
623,27,1.3578471680375515e-10
623,29,7.760547759971814e-11
623,2,1.3579182223111275e-10
623,6,6.791367468395038e-11
623,7,6.390621365426341e-11
623,8,7.760547759971814e-11
624,10,9.055156624526717e-11
624,12,1.220143985847244e-10
624,14,6.863842827442568e-11
624,17,7.838707460905425e-11
624,18,1.3726975112149375e-10
624,21,6.389910822690581e-11
624,22,1.212043798659579e-10
624,23,7.788969469402218e-11
624,24,2.716404878810863e-10
624,27,7.759126674500294e-11
624,29,1.0865619515243452e-10
624,2,6.789946382923517e-11
624,6,8.358114200746058e-11
624,7,6.789946382923517e-11
624,8,1.0863487887036172e-10
625,10,1.0908252079389058e-10
625,12,2.1816504158778116e-10
625,14,1.3582024394054315e-10
625,17,6.09645667282166e-11
625,18,2.2176038783072727e-11
625,21,3.504396772768814e-11
625,22,1.8108892163581913e-10
625,23,3.745981302927248e-11
625,24,1.0934542160612182e-10
625,27,4.526157226791838e-11
625,29,6.942002528376179e-11
625,2,1.3579182223111275e-10
625,6,1.5522516605415149e-10
625,7,1.3580603308582795e-10
625,8,7.759126674500294e-11
626,10,7.321432349272072e-11
626,12,1.0865619515243452e-10
626,14,7.760547759971814e-11
626,17,1.8174262095271843e-10
626,18,7.791811640345259e-11
626,21,1.0862777344300412e-10
626,22,1.2069989452356822e-10
626,23,6.389910822690581e-11
626,24,9.14610609470401e-11
626,27,9.052314453583676e-11
626,29,1.383568815072067e-10
626,2,6.789946382923517e-11
626,6,5.1741722018050496e-11
626,7,1.2147438610554673e-10
626,8,9.052314453583676e-11
627,10,1.22021504012082e-10
627,12,1.3635315099236323e-10
627,14,1.0862777344300412e-10
627,17,3.1953106827131705e-11
627,18,1.0982148523908108e-10
627,21,6.035349997546291e-11
627,22,1.3582734936790075e-10
627,23,9.052314453583676e-11
627,24,1.0934542160612182e-10
627,27,4.526157226791838e-11
627,29,1.3140777355147293e-10
627,2,1.3579182223111275e-10
627,6,1.5522516605415149e-10
627,7,1.5521095519943628e-10
627,8,9.052314453583676e-11
628,10,8.434142273472389e-11
628,12,6.863842827442568e-11
628,14,6.789946382923517e-11
628,17,1.5518253349000588e-10
628,18,7.844391802791506e-11
628,21,2.715765390348679e-10
628,22,1.8179946437157923e-10
628,23,6.791367468395038e-11
628,24,7.270273272297345e-11
628,27,4.937561470796936e-11
628,29,1.3717027513848734e-10
628,2,6.791367468395038e-11
628,6,1.3582024394054315e-10
628,7,7.241851562866941e-11
628,8,9.052314453583676e-11
629,10,1.276418970519444e-10
629,12,7.271694357768865e-11
629,14,1.3578471680375515e-10
629,17,9.976020010071807e-11
629,18,1.0982148523908108e-10
629,21,1.2070699995092582e-10
629,22,1.0908252079389058e-10
629,23,1.3582024394054315e-10
629,24,1.2074963251507143e-10
629,27,7.759126674500294e-11
629,29,7.315748007385992e-11
629,2,1.2072831623299862e-10
629,6,7.838707460905425e-11
629,7,1.5518253349000588e-10
629,8,4.9389825562684564e-11
630,10,7.906919563538395e-11
630,12,1.212043798659579e-10
630,14,7.241851562866941e-11
630,17,1.8109602706317673e-10
630,18,7.844391802791506e-11
630,21,2.1726975774072343e-10
630,22,9.055156624526717e-11
630,23,7.788969469402218e-11
630,24,7.359801657003118e-11
630,27,1.0862777344300412e-10
630,29,2.2716051262250403e-11
630,2,8.357403658010298e-11
630,6,6.414779818442184e-11
630,7,1.0863487887036172e-10
630,8,7.844391802791506e-11
631,10,1.3726975112149375e-10
631,12,6.868106083857128e-11
631,14,9.052314453583676e-11
631,17,6.791367468395038e-11
631,18,1.0982148523908108e-10
631,21,1.0862777344300412e-10
631,22,1.3626788586407201e-10
631,23,1.0904699365710258e-10
631,24,1.219433443111484e-10
631,27,1.2070699995092582e-10
631,29,1.219291334564332e-10
631,2,3.2152058793144533e-11
631,6,5.717737394661526e-11
631,7,6.789946382923517e-11
631,8,1.3386625141720288e-11
632,10,8.205347512557637e-11
632,12,1.9625190361693967e-11
632,14,4.526157226791838e-11
632,17,1.3578471680375515e-10
632,18,7.844391802791506e-11
632,21,7.241851562866941e-11
632,22,8.446932042716071e-11
632,23,2.2865265236760024e-11
632,24,7.329958862101194e-11
632,27,1.5518253349000588e-10
632,29,6.858158485556487e-11
632,2,7.288747383427108e-11
632,6,1.0868461686186492e-10
632,7,1.2069989452356822e-10
632,8,7.844391802791506e-11
633,10,1.4011902749189176e-11
633,12,2.8180124900245573e-11
633,14,5.1727511163335294e-11
633,17,8.358824743481819e-11
633,18,1.0982148523908108e-10
633,21,1.2069989452356822e-10
633,22,3.524291969370097e-11
633,23,1.219291334564332e-10
633,24,1.2149570238761953e-10
633,27,1.3578471680375515e-10
633,29,1.3578471680375515e-10
633,2,6.073719305277336e-11
633,6,9.052314453583676e-11
633,7,8.355982572538778e-11
633,8,2.1728396859543864e-11
634,10,7.906919563538395e-11
634,12,1.2187939546492998e-10
634,14,6.789946382923517e-11
634,17,9.877965112536913e-11
634,18,7.844391802791506e-11
634,21,7.243272648338461e-11
634,22,1.3726975112149375e-10
634,23,1.5522516605415149e-10
634,24,7.838707460905425e-11
634,27,7.241851562866941e-11
634,29,1.2073542166035622e-10
634,2,1.8108892163581913e-10
634,6,7.315748007385992e-11
634,7,6.390621365426341e-11
634,8,1.3635315099236323e-10
635,10,1.807620719773695e-11
635,12,6.863842827442568e-11
635,14,1.3578471680375515e-10
635,17,7.243272648338461e-11
635,18,6.817657549618161e-11
635,21,1.2071410537828342e-10
635,22,7.321432349272072e-11
635,23,4.938272013532696e-11
635,24,4.220623850414995e-11
635,27,1.2069989452356822e-10
635,29,1.5589307622576598e-10
635,2,1.2069989452356822e-10
635,6,1.219291334564332e-10
635,7,2.1728396859543864e-10
635,8,7.271694357768865e-11
636,10,1.4992451724538114e-11
636,12,1.1567635738174431e-11
636,14,7.241851562866941e-11
636,17,1.2069989452356822e-10
636,18,1.3582734936790075e-10
636,21,1.2070699995092582e-10
636,22,1.22021504012082e-10
636,23,9.052314453583676e-11
636,24,1.3719159142056014e-10
636,27,6.789946382923517e-11
636,29,1.3640999441122403e-10
636,2,6.791367468395038e-11
636,6,6.858158485556487e-11
636,7,8.355982572538778e-11
636,8,1.2112622016502428e-10
637,10,7.906919563538395e-11
637,12,1.212328015753883e-10
637,14,9.052314453583676e-11
637,17,7.243272648338461e-11
637,18,3.1953106827131705e-11
637,21,2.049205249932129e-11
637,22,7.321432349272072e-11
637,23,8.388667538383743e-11
637,24,7.790390554873738e-11
637,27,1.3578471680375515e-10
637,29,7.788969469402218e-11
637,2,1.3582024394054315e-10
637,6,1.3717027513848734e-10
637,7,1.3578471680375515e-10
637,8,6.816947006882401e-11
638,10,1.5423040622408735e-10
638,12,6.863842827442568e-11
638,14,7.241851562866941e-11
638,17,2.3732127374387346e-11
638,18,7.759126674500294e-11
638,21,9.052314453583676e-11
638,22,9.15179043659009e-11
638,23,1.219291334564332e-10
638,24,3.2102320801641326e-11
638,27,7.759126674500294e-11
638,29,1.0904699365710258e-10
638,2,7.838707460905425e-11
638,6,2.2865265236760024e-11
638,7,5.718447937397286e-11
638,8,1.361755153084232e-10
639,10,8.434142273472389e-11
639,12,1.3711343171962653e-10
639,14,1.8105339449903113e-10
639,17,1.0973622011078987e-10
639,18,1.0862777344300412e-10
639,21,7.759126674500294e-11
639,22,8.446932042716071e-11
639,23,1.2182965747342678e-10
639,24,6.859579571028007e-11
639,27,2.935962584160734e-11
639,29,7.838707460905425e-11
639,2,1.0973622011078987e-10
639,6,7.315748007385992e-11
639,7,2.1728396859543864e-10
639,8,7.271694357768865e-11
640,10,1.3709211543755373e-10
640,12,6.868106083857128e-11
640,14,1.2070699995092582e-10
640,17,6.870948254800169e-11
640,18,7.759126674500294e-11
640,21,1.3579182223111275e-10
640,22,1.3726975112149375e-10
640,23,1.219291334564332e-10
640,24,1.3719159142056014e-10
640,27,8.355982572538778e-11
640,29,5.775291356258094e-11
640,2,7.825917691661743e-11
640,6,5.7191584801330464e-11
640,7,1.2070699995092582e-10
640,8,1.2112622016502428e-10
641,10,7.906919563538395e-11
641,12,1.3726975112149375e-10
641,14,1.0862777344300412e-10
641,17,1.3717027513848734e-10
641,18,1.0862777344300412e-10
641,21,1.2073542166035622e-10
641,22,7.844391802791506e-11
641,23,5.4868110055394936e-11
641,24,6.859579571028007e-11
641,27,1.3578471680375515e-10
641,29,1.8174262095271843e-10
641,2,2.965805379062658e-11
641,6,1.2073542166035622e-10
641,7,1.8105339449903113e-10
641,8,7.844391802791506e-11
642,10,1.581312858434103e-10
642,12,6.863842827442568e-11
642,14,2.6496138616494136e-11
642,17,7.005951374594588e-11
642,18,5.718447937397286e-11
642,21,1.5518253349000588e-10
642,22,1.800515292416094e-11
642,23,2.715765390348679e-10
642,24,1.3719159142056014e-10
642,27,6.789946382923517e-11
642,29,9.054446081790957e-11
642,2,5.192646312934812e-11
642,6,1.5518963891736348e-10
642,7,7.243272648338461e-11
642,8,4.575895218295045e-11
643,10,1.0845724318642169e-10
643,12,1.3638157270179363e-10
643,14,6.389910822690581e-11
643,17,1.3944401189291966e-10
643,18,2.1726265231336583e-10
643,21,1.3578471680375515e-10
643,22,8.446932042716071e-11
643,23,7.243272648338461e-11
643,24,7.838707460905425e-11
643,27,1.3578471680375515e-10
643,29,6.832578947069123e-11
643,2,6.858158485556487e-11
643,6,3.505817858240334e-11
643,7,1.2072831623299862e-10
643,8,1.893596390800667e-11
644,10,1.581312858434103e-10
644,12,7.793232725816779e-11
644,14,5.717737394661526e-11
644,17,1.184758957606391e-10
644,18,9.055156624526717e-11
644,21,6.789946382923517e-11
644,22,1.3726975112149375e-10
644,23,1.2072831623299862e-10
644,24,1.0905409908446018e-10
644,27,6.789946382923517e-11
644,29,3.746691845663008e-11
644,2,1.3717027513848734e-10
644,6,4.5275783122633584e-11
644,7,7.315748007385992e-11
644,8,6.863842827442568e-11
645,10,8.434142273472389e-11
645,12,1.0910383707596338e-10
645,14,6.789946382923517e-11
645,17,1.3389467312663328e-10
645,18,9.054446081790957e-11
645,21,1.3578471680375515e-10
645,22,7.321432349272072e-11
645,23,7.760547759971814e-11
645,24,7.290168468898628e-11
645,27,1.3578471680375515e-10
645,29,6.832578947069123e-11
645,2,9.421796676178928e-11
645,6,1.552393769088667e-10
645,7,2.716049607442983e-10
645,8,1.3726975112149375e-10
646,10,1.0865619515243452e-10
646,12,7.848655059206067e-11
646,14,1.3578471680375515e-10
646,17,1.184758957606391e-10
646,18,7.243272648338461e-11
646,21,7.241851562866941e-11
646,22,1.2157386208855314e-10
646,23,1.0932410532404901e-10
646,24,1.219433443111484e-10
646,27,7.760547759971814e-11
646,29,1.3717027513848734e-10
646,2,1.0973622011078987e-10
646,6,7.243272648338461e-11
646,7,1.3578471680375515e-10
646,8,6.863842827442568e-11
647,10,5.2295945351943374e-11
647,12,1.9980461729574017e-11
647,14,2.1728396859543864e-10
647,17,1.2394707482599188e-10
647,18,9.052314453583676e-11
647,21,1.2069989452356822e-10
647,22,7.844391802791506e-11
647,23,7.358380571531598e-11
647,24,6.791367468395038e-11
647,27,1.0864198429771932e-10
647,29,6.858158485556487e-11
647,2,7.838707460905425e-11
647,6,1.553956963107339e-10
647,7,9.875122941593872e-11
647,8,1.3726975112149375e-10
648,10,4.179412371740909e-11
648,12,3.6219205412635347e-10
648,14,1.2070699995092582e-10
648,17,1.1107204045401886e-10
648,18,9.916334420267958e-11
648,21,6.035349997546291e-11
648,22,1.0982148523908108e-10
648,23,1.3631051842821762e-10
648,24,2.469136006766348e-11
648,27,6.789946382923517e-11
648,29,8.44124770082999e-11
648,2,1.0956568985420745e-10
648,6,1.0875567113544093e-10
648,7,2.361844053666573e-11
648,8,7.321432349272072e-11
649,10,6.791367468395038e-11
649,12,2.1731239030486904e-10
649,14,1.0862777344300412e-10
649,17,1.1155520951433573e-10
649,18,8.390799166591023e-11
649,21,1.2069989452356822e-10
649,22,7.844391802791506e-11
649,23,4.0245140553452075e-11
649,24,9.052314453583676e-11
649,27,1.3578471680375515e-10
649,29,1.0865619515243452e-10
649,2,6.858158485556487e-11
649,6,7.258904588525183e-11
649,7,7.241851562866941e-11
649,8,1.22021504012082e-10
650,10,1.3582024394054315e-10
650,12,3.879563337250147e-11
650,14,7.759126674500294e-11
650,17,9.296741154685151e-11
650,18,3.660716174636036e-11
650,21,8.355982572538778e-11
650,22,1.0982148523908108e-10
650,23,4.988010005035903e-11
650,24,7.317169092857512e-11
650,27,6.789946382923517e-11
650,29,1.2069989452356822e-10
650,2,1.3631051842821762e-10
650,6,1.2099121704522986e-10
650,7,1.5518253349000588e-10
650,8,7.321432349272072e-11
651,10,7.321432349272072e-11
651,12,1.5518253349000588e-10
651,14,1.0862777344300412e-10
651,17,4.572342504616245e-11
651,18,1.8236789856018731e-10
651,21,6.035349997546291e-11
651,22,7.844391802791506e-11
651,23,4.554578936222242e-11
651,24,1.219433443111484e-10
651,27,1.2069989452356822e-10
651,29,7.270273272297345e-11
651,2,1.8108892163581913e-10
651,6,7.243272648338461e-11
651,7,2.859223968698643e-11
651,8,1.22021504012082e-10
652,10,1.2072831623299862e-10
652,12,1.3579182223111275e-10
652,14,7.241851562866941e-11
652,17,1.0973622011078987e-10
652,18,1.2072831623299862e-10
652,21,3.291944494776544e-11
652,22,1.0982148523908108e-10
652,23,7.270273272297345e-11
652,24,6.859579571028007e-11
652,27,7.241851562866941e-11
652,29,1.219291334564332e-10
652,2,9.877965112536913e-11
652,6,9.875833484329632e-11
652,7,7.759126674500294e-11
652,8,7.321432349272072e-11
653,10,6.789946382923517e-11
653,12,6.789946382923517e-11
653,14,1.2069989452356822e-10
653,17,6.791367468395038e-11
653,18,6.791367468395038e-11
653,21,2.1726265231336583e-10
653,22,6.816947006882401e-11
653,23,1.2073542166035622e-10
653,24,1.3631762385557522e-10
653,27,1.0862777344300412e-10
653,29,7.838707460905425e-11
653,2,4.346389914644533e-11
653,6,1.0865619515243452e-10
653,7,1.0862777344300412e-10
653,8,2.7860380669153528e-11
654,10,1.3579182223111275e-10
654,12,1.3579182223111275e-10
654,14,9.055156624526717e-11
654,17,1.3578471680375515e-10
654,18,1.3578471680375515e-10
654,21,7.243272648338461e-11
654,22,1.5582912737954757e-10
654,23,7.243272648338461e-11
654,24,2.744116045505507e-11
654,27,4.937561470796936e-11
654,29,9.14468500923249e-11
654,2,3.6351366361486726e-11
654,6,5.717737394661526e-11
654,7,7.241851562866941e-11
654,8,6.036771083017811e-11
655,10,6.789946382923517e-11
655,12,9.052314453583676e-11
655,14,1.8105339449903113e-10
655,17,6.870948254800169e-11
655,18,6.791367468395038e-11
655,21,1.2070699995092582e-10
655,22,1.2157386208855314e-10
655,23,1.5091927707544528e-11
655,24,1.3719159142056014e-10
655,27,6.789946382923517e-11
655,29,8.44124770082999e-11
655,2,2.7426949600339867e-11
655,6,4.177991286269389e-11
655,7,1.2069989452356822e-10
655,8,7.243272648338461e-11
656,10,1.8105339449903113e-10
656,12,2.715836444622255e-10
656,14,1.3578471680375515e-10
656,17,1.3717027513848734e-10
656,18,2.935962584160734e-11
656,21,6.858158485556487e-11
656,22,1.3582734936790075e-10
656,23,9.875833484329632e-11
656,24,6.87521151121473e-11
656,27,1.3578471680375515e-10
656,29,2.7959856652159942e-11
656,2,1.3582024394054315e-10
656,6,1.8108892163581913e-10
656,7,6.789946382923517e-11
656,8,7.243983191074221e-11
657,10,2.716404878810863e-10
657,12,1.3579182223111275e-10
657,14,3.1953106827131705e-11
657,17,6.971845323278103e-11
657,18,2.716404878810863e-10
657,21,1.3717027513848734e-10
657,22,1.0862777344300412e-10
657,23,1.9952040020143613e-11
657,24,1.0934542160612182e-10
657,27,6.791367468395038e-11
657,29,1.3631051842821762e-10
657,2,7.243272648338461e-11
657,6,9.877254569801153e-11
657,7,1.2069989452356822e-10
657,8,3.394973191461759e-11
658,10,7.815970093361102e-11
658,12,4.526157226791838e-11
658,14,3.6210678899806226e-10
658,17,1.3944401189291966e-10
658,18,1.830358087318018e-10
658,21,6.858158485556487e-11
658,22,4.722977564597386e-11
658,23,4.5275783122633584e-11
658,24,1.8104628907167353e-10
658,27,1.3579892765847035e-10
658,29,1.0865619515243452e-10
658,2,1.2072831623299862e-10
658,6,6.404832220141543e-11
658,7,8.357403658010298e-11
658,8,1.0865619515243452e-10
659,10,1.2072831623299862e-10
659,12,5.717737394661526e-11
659,14,1.2070699995092582e-10
659,17,6.858158485556487e-11
659,18,1.8616219676914625e-11
659,21,1.3717027513848734e-10
659,22,8.358824743481819e-11
659,23,2.1947244022157975e-10
659,24,3.291944494776544e-11
659,27,7.760547759971814e-11
659,29,7.760547759971814e-11
659,2,1.5577938938804436e-10
659,6,5.718447937397286e-11
659,7,5.717737394661526e-11
659,8,7.760547759971814e-11
660,10,7.844391802791506e-11
660,12,1.0862777344300412e-10
660,14,7.844391802791506e-11
660,17,1.3717027513848734e-10
660,18,8.446932042716071e-11
660,21,2.887645678129047e-11
660,22,1.0908252079389058e-10
660,23,1.1311840353300795e-11
660,24,1.5518963891736348e-10
660,27,1.0863487887036172e-10
660,29,7.761258302707574e-11
660,2,1.3582734936790075e-10
660,6,9.07434127839224e-11
660,7,2.1728396859543864e-10
660,8,1.0865619515243452e-10
661,10,3.291944494776544e-11
661,12,9.875833484329632e-11
661,14,1.0862777344300412e-10
661,17,7.852918315620627e-11
661,18,1.0982148523908108e-10
661,21,9.054446081790957e-11
661,22,1.3635315099236323e-10
661,23,3.9392489270539954e-11
661,24,7.243272648338461e-11
661,27,1.5522516605415149e-10
661,29,2.1731239030486904e-10
661,2,7.759126674500294e-11
661,6,8.409983820456546e-11
661,7,8.355982572538778e-11
661,8,6.863842827442568e-11
662,10,6.390621365426341e-11
662,12,1.3579182223111275e-10
662,14,7.759126674500294e-11
662,17,9.07576236386376e-11
662,18,3.431921413721284e-11
662,21,3.880273879985907e-11
662,22,1.8108892163581913e-10
662,23,1.3716316971112974e-10
662,24,9.877254569801153e-11
662,27,3.6976643968955614e-11
662,29,9.055156624526717e-11
662,2,1.2073542166035622e-10
662,6,5.753975074185291e-11
662,7,6.789946382923517e-11
662,8,3.104361212535878e-11
663,10,9.875833484329632e-11
663,12,7.793232725816779e-11
663,14,1.6711965145077556e-11
663,17,9.055156624526717e-11
663,18,9.877965112536913e-11
663,21,3.312550234113587e-11
663,22,9.052314453583676e-11
663,23,9.877965112536913e-11
663,24,7.790390554873738e-11
663,27,2.0754953311552526e-11
663,29,2.716404878810863e-10
663,2,3.0183855415089056e-11
663,6,6.035349997546291e-11
663,7,1.5518963891736348e-10
663,8,2.5870861009025248e-11
664,10,9.052314453583676e-11
664,12,9.118394928009366e-11
664,14,1.2117595815652749e-10
664,17,8.355982572538778e-11
664,18,1.0865619515243452e-10
664,21,2.3348434297076892e-11
664,22,9.052314453583676e-11
664,23,7.288747383427108e-11
664,24,4.5275783122633584e-11
664,27,7.393907708319603e-11
664,29,7.270273272297345e-11
664,2,1.27613475342514e-11
664,6,9.052314453583676e-11
664,7,1.8105339449903113e-10
664,8,5.717737394661526e-11
665,10,1.3579182223111275e-10
665,12,1.8184209693572484e-10
665,14,6.460254553530831e-11
665,17,8.355982572538778e-11
665,18,6.789235840187757e-11
665,21,9.087131047635921e-11
665,22,2.935962584160734e-11
665,23,1.567599383633933e-10
665,24,1.0862777344300412e-10
665,27,1.6434853478131117e-11
665,29,3.745981302927248e-11
665,2,9.877965112536913e-11
665,6,9.875833484329632e-11
665,7,2.4137136733770603e-11
665,8,8.355982572538778e-11
666,10,6.390621365426341e-11
666,12,5.717737394661526e-11
666,14,3.7687186704715714e-11
666,17,1.3579182223111275e-10
666,18,3.879563337250147e-11
666,21,8.358114200746058e-11
666,22,6.391331908162101e-11
666,23,1.5578649481540197e-10
666,24,2.2168933355715126e-11
666,27,1.9340973267389927e-11
666,29,1.8174972638007603e-10
666,2,4.526157226791838e-11
666,6,3.0382807381101884e-11
666,7,6.789235840187757e-11
666,8,1.3579182223111275e-10
667,10,2.858513425962883e-11
667,12,9.875833484329632e-11
667,14,4.973799150320701e-11
667,17,2.859223968698643e-11
667,18,1.7813306385505712e-11
667,21,9.052314453583676e-11
667,22,5.717737394661526e-11
667,23,2.935962584160734e-11
667,24,6.791367468395038e-11
667,27,3.2301272767654154e-11
667,29,2.965805379062658e-11
667,2,9.055156624526717e-11
667,6,9.93267690319044e-11
667,7,2.1726265231336583e-10
667,8,8.355982572538778e-11
668,10,1.3579182223111275e-10
668,12,9.054446081790957e-11
668,14,7.761258302707574e-11
668,17,2.263078613395919e-11
668,18,5.780265155408415e-11
668,21,4.722977564597386e-11
668,22,6.789235840187757e-11
668,23,4.555289478958002e-11
668,24,5.717737394661526e-11
668,27,2.1731239030486904e-10
668,29,2.4940050025179517e-11
668,2,1.0866330057979212e-10
668,6,8.414247076871106e-11
668,7,7.759126674500294e-11
668,8,5.717737394661526e-11
669,10,2.716404878810863e-10
669,12,2.2879476091475226e-11
669,14,5.7191584801330464e-11
669,17,1.3066880910628242e-11
669,18,1.5630519101250684e-10
669,21,1.524114168205415e-11
669,22,1.8104628907167353e-10
669,23,2.7860380669153528e-11
669,24,2.1726265231336583e-10
669,27,1.5518963891736348e-10
669,29,2.8698821097350447e-11
669,2,4.346389914644533e-11
669,6,9.114842214330565e-11
669,7,1.2069989452356822e-10
669,8,4.526157226791838e-11
670,10,3.5427660804998595e-11
670,12,2.892619477279368e-11
670,14,9.052314453583676e-11
670,17,7.838707460905425e-11
670,18,9.054446081790957e-11
670,21,7.788969469402218e-11
670,22,5.7411853049416095e-11
670,23,3.029754225281067e-11
670,24,2.0172308268229244e-11
670,27,4.177991286269389e-11
670,29,2.9473312679328956e-11
670,2,6.815525921410881e-11
670,6,9.877965112536913e-11
670,7,4.3449688291730126e-11
670,8,1.0865619515243452e-10
671,10,2.8848035071860068e-11
671,12,1.8187051864515524e-10
671,14,6.389910822690581e-11
671,17,6.858158485556487e-11
671,18,5.1727511163335294e-11
671,21,1.0865619515243452e-10
671,22,6.036771083017811e-11
671,23,1.3717027513848734e-10
671,24,2.1900348201597808e-10
671,27,4.177991286269389e-11
671,29,4.555289478958002e-11
671,2,5.432809757621726e-11
671,6,1.2069989452356822e-10
671,7,1.5518963891736348e-10
671,8,1.8104628907167353e-10
672,10,1.504218971604132e-11
672,12,5.7191584801330464e-11
672,14,2.7924329515371937e-11
672,17,3.292655037512304e-11
672,18,7.271694357768865e-11
672,21,7.274536528711906e-11
672,22,2.815170319081517e-11
672,23,1.730882104311604e-11
672,24,1.0865619515243452e-10
672,27,8.355982572538778e-11
672,29,4.220623850414995e-11
672,2,4.064304448547773e-11
672,6,6.035349997546291e-11
672,7,1.3580603308582795e-10
672,8,3.879563337250147e-11
