δ,Ψ,objective,PV,Wind_Onshore,Wind_Offshore,Gas,Nuclear,BESS_P,BESS_E,Duration,LDES_PHS_P,LDES_PHS_E,Duration_PHS
0.8,0.5,5.31E+08,181.2375924,39.09493184,120.0945434,25,3.999999997,0.000124244,0.000496241,3.994086737,12.67608378,252.1631063,19.89282421
