Time,Scenario,price_model
1,10,215.7350933572085
1,12,1.0005186917900701
1,14,5.997069727648666
1,17,6.000608896798835
1,18,1.000567885053596
1,21,6.001167604462614
1,22,1.0011568257446015
1,23,205.2436069039256
1,24,0.9997681124734621
1,27,141.7023384005554
1,29,2.6052028649382475
1,2,1.001045253365481
1,6,1.0049050342337935
1,7,1.0002802968284081
1,8,2.6109812661183422
2,10,15.58637675059125
2,12,1.000653335683035
2,14,5.0732410283876535
2,17,205.24649710047387
2,18,141.70340399107275
2,21,5.080124510035715
2,22,1.0011096095471572
2,23,205.24393616855627
2,24,6.000523870113712
2,27,215.73648261322086
2,29,1.0007783653706364
2,2,1.0009741875750962
2,6,1.0088208134758148
2,7,1.0001786509563946
2,8,1.0014800786425466
3,10,6.000292303383527
3,12,1.0006132788412199
3,14,5.997169892483228
3,17,6.00091611341793
3,18,215.73788484546301
3,21,6.0011524197063615
3,22,1.0010844839051956
3,23,205.24356283273127
3,24,207.86744017532476
3,27,215.73653518641083
3,29,1.0007702707457735
3,2,1.0009904653290658
3,6,205.24523257964037
3,7,1.000180611064903
3,8,1.0018968496443605
4,10,1.0005370785450216
4,12,1.000651110404215
4,14,1.000312611264576
4,17,6.000900549751503
4,18,215.7378032307212
4,21,0.9990381053375312
4,22,1.0011806182822287
4,23,6.002815171185736
4,24,6.000625127008922
4,27,141.7004322989623
4,29,2.607100033158032
4,2,1.0010183986309125
4,6,205.24529644237458
4,7,1.000209074327846
4,8,1.0015378925218732
5,10,1.000605773057904
5,12,1.000619000068074
5,14,1.0003798703623898
5,17,1.0000484487371804
5,18,6.002133270793356
5,21,6.000669879482649
5,22,1.0011272197130898
5,23,1.00049217741903
5,24,2.307376949411192
5,27,215.73650357711367
5,29,1.0010619935952416
5,2,1.0009889289896803
5,6,129.90109390064083
5,7,2.5999552224453897
5,8,2.608059106606623
6,10,1.0005358089200147
6,12,1.000561614111506
6,14,1.0002518721304021
6,17,2.3114645492077956
6,18,1.0009222145917693
6,21,6.001099994026139
6,22,215.7366834447932
6,23,6.0019075679860165
6,24,6.000834758553852
6,27,83.055698520568
6,29,1.001053176355442
6,2,1.0010668776201497
6,6,5.9999523747451065
6,7,3.0287308714496604
6,8,141.7044555210553
7,10,6.000227663099011
7,12,1.0006194518359406
7,14,6.000840951392881
7,17,1.959086253730292
7,18,215.73663255457583
7,21,1.0010882135993757
7,22,215.736808917791
7,23,205.24344778144305
7,24,6.000804368178093
7,27,182.6008660153183
7,29,1.0011007976882684
7,2,1.0009384128107524
7,6,5.999889202870285
7,7,2.5992911082008927
7,8,1.0017645792090608
8,10,6.000242078184226
8,12,1.0006435227380912
8,14,0.9998911731987858
8,17,2.3114758025714046
8,18,368.0616492358099
8,21,1.0010917045529215
8,22,83.05776148656524
8,23,173.71834794090407
8,24,6.000844495831899
8,27,215.73642339474526
8,29,1.0010705588302082
8,2,1.1824511380939198
8,6,205.24511237055614
8,7,2.5992854026994303
8,8,1.0017361485239604
9,10,215.73729990907978
9,12,1.000547917513468
9,14,0.9999891009186097
9,17,2.3114291968663876
9,18,215.73649131416286
9,21,1.0011206184090629
9,22,83.0578359770737
9,23,205.24333097772356
9,24,2.3073639837293207
9,27,215.7380705652192
9,29,6.001169914508333
9,2,1.000957837306136
9,6,205.24515300441107
9,7,6.001153316327947
9,8,1.0016931984438884
10,10,15.586287862255858
10,12,1.0006342588891126
10,14,2.602566605468933
10,17,2.311449843870488
10,18,215.73637287353563
10,21,6.002081397974987
10,22,5.998929606617936
10,23,205.2433355683199
10,24,6.000792147094689
10,27,215.73638901207403
10,29,1.0010200887298835
10,2,1.0009801965391594
10,6,173.71956434107403
10,7,2.599668974031583
10,8,1.0017808084844955
11,10,15.586431725516324
11,12,1.0006328732909076
11,14,6.000996602150952
11,17,0.9990602523162
11,18,215.73641309225695
11,21,2.310010143247891
11,22,83.05796026298871
11,23,205.24459683902813
11,24,2.307369000171244
11,27,215.73807052591604
11,29,1.0011063438172458
11,2,5.9990152668077075
11,6,205.24515095414702
11,7,0.9995835725725808
11,8,1.0017198428862581
12,10,5.999279321647193
12,12,1.0007292326738568
12,14,2.6025823459320323
12,17,2.3106849215850556
12,18,141.7037430585044
12,21,2.310033577510781
12,22,83.05710232666706
12,23,205.24335297765526
12,24,6.000578190998649
12,27,215.73637974660903
12,29,1.00109475186653
12,2,37.50715590008071
12,6,205.24515626325658
12,7,2.6009845430045067
12,8,5.999965707038173
13,10,7.085812777349384
13,12,1.1815833432779073
13,14,1.0009427431269984
13,17,6.000585118088153
13,18,6.000607473766951
13,21,0.9990407119625635
13,22,215.7359260329594
13,23,205.24333637891965
13,24,207.8679861523841
13,27,215.73647092864357
13,29,1.001108088066231
13,2,5.999002192823863
13,6,205.2451274761803
13,7,2.6010590901276185
13,8,215.73625599208768
14,10,5.999085683223106
14,12,2.603847872549582
14,14,1.0008673614484858
14,17,205.24562348020478
14,18,141.70383046450655
14,21,2.310132840905185
14,22,215.7359061571308
14,23,6.002913444697949
14,24,6.000511048426272
14,27,215.7364243852394
14,29,1.0010361713042766
14,2,5.999708467106961
14,6,205.24508032525608
14,7,1.0002136447504846
14,8,6.000261482172566
15,10,15.588185483937275
15,12,1.0005837052439617
15,14,1.1826293381007762
15,17,2.3106191345223888
15,18,141.70373229606395
15,21,2.310046774282551
15,22,6155.568975658738
15,23,15.609441881201315
15,24,2.310486155620799
15,27,215.7364456039479
15,29,1.0010840821273828
15,2,0.9990356244437288
15,6,5.999168085461384
15,7,1.0003160752831635
15,8,6.000284991026824
16,10,15.588113412878906
16,12,1.000626174431412
16,14,1.000932670904743
16,17,1.0009820222738375
16,18,215.73670970243495
16,21,205.24646712455805
16,22,83.05734516141034
16,23,6.000318581067698
16,24,0.9990559857958887
16,27,6.00188035621694
16,29,1.0011095627587814
16,2,6.000375370298196
16,6,205.2453785998934
16,7,1.0002340602672781
16,8,6.00023460223253
17,10,6.000393393970331
17,12,1.0005249369262916
17,14,1.00089537384423
17,17,2.311671110556638
17,18,215.73636884607808
17,21,6.00062780443531
17,22,6.002052858002131
17,23,6.00031575654921
17,24,2.3115701953062295
17,27,1.0007501412195774
17,29,2.6054026823798555
17,2,0.9990411412052298
17,6,205.24541146934308
17,7,1.0002996850864108
17,8,83.05935956205877
18,10,6.0002219637369185
18,12,1.000510495718931
18,14,1.000885567184878
18,17,1.9595070827787877
18,18,368.0639525299645
18,21,6.00062395310106
18,22,1.0013074445569972
18,23,6.0003083732368845
18,24,0.9990655078816983
18,27,1.000749104096922
18,29,2.605441449874977
18,2,2.308772848242377
18,6,79.0176225811742
18,7,1.0002108678914006
18,8,83.0592766669538
19,10,5.082464903939753
19,12,1.0005683223042041
19,14,1.0009229165838107
19,17,2.3107123555182305
19,18,215.7363631885788
19,21,6.000598938860159
19,22,1.0012801463623804
19,23,7.089896149039502
19,24,2.311601188535919
19,27,1.0010110242569121
19,29,1.0010603408570873
19,2,2.308680835894519
19,6,205.24534849490115
19,7,1.0002595193078436
19,8,83.05936366191067
20,10,0.999031963637635
20,12,1.0005150283015585
20,14,1.00103831880487
20,17,15.590255849985883
20,18,215.73650299608283
20,21,0.9994121777063389
20,22,141.7043941881148
20,23,5.999968209464095
20,24,0.999065578855479
20,27,15.004402440029313
20,29,1.0010960082492826
20,2,6.0009916764113225
20,6,205.24548848262856
20,7,10.752565601341777
20,8,6.001887331632922
21,10,6.0009015859282115
21,12,1.0006532824053185
21,14,1.0008789040832422
21,17,259.0446612319642
21,18,141.70323918414167
21,21,6.0006163257594505
21,22,119.93921803705075
21,23,2.308634992578299
21,24,2.3116156416266858
21,27,6.00147316655517
21,29,1.0011003242805794
21,2,6.000808112886519
21,6,205.24537814307465
21,7,205.24571226476093
21,8,6.001969492970339
22,10,6.000916336068791
22,12,1.0005209479364643
22,14,1.0010820952971482
22,17,205.24052164755645
22,18,141.7030240119156
22,21,205.24412898765263
22,22,141.7048038302441
22,23,6.0014881730258995
22,24,0.9990605684138378
22,27,0.9990341629663497
22,29,1.001067655908682
22,2,1.001153311111981
22,6,205.24539531766104
22,7,205.24589330780913
22,8,1.0011831674914875
23,10,6.00091174591727
23,12,1.0005628517373264
23,14,1.000877054306029
23,17,259.0512225003938
23,18,1960.9883172648852
23,21,79.01583695261982
23,22,119.93917139974742
23,23,1.0026406953783544
23,24,2.3116594831576354
23,27,6.001406816408002
23,29,1.0012651014714455
23,2,1.0012098665979048
23,6,0.9990346539799768
23,7,5.997963454023527
23,8,1.0012564052361368
24,10,5.082430719748097
24,12,15.593515333750172
24,14,1.0009147117287558
24,17,129.90514502778842
24,18,1659.7828411318926
24,21,79.01593643837371
24,22,215.73671333974002
24,23,1.002617709553384
24,24,0.999056829764946
24,27,6.001414050443892
24,29,763.1687960360736
24,2,1.0011140595653139
24,6,6.001690116265989
24,7,1.0002707338315302
24,8,1.0011933886417879
25,10,6.000936870573236
25,12,208.96300762203893
25,14,1.0008773162848872
25,17,153.47792401607438
25,18,1960.9883848585437
25,21,79.01584456479638
25,22,215.73637106485552
25,23,1.002581623216538
25,24,2.310424720669701
25,27,141.706337518787
25,29,5.999056053680965
25,2,2.311461325828672
25,6,5.0815807773668915
25,7,1.1812355792635323
25,8,1.0012522362732508
26,10,0.9990347495959435
26,12,141.69885314537234
26,14,1.0013033921094028
26,17,15.590299323002675
26,18,1960.9882027770198
26,21,205.24330237556836
26,22,254.83267565978426
26,23,1.0049189274944208
26,24,2.3102796374026635
26,27,6.000432310107805
26,29,1.0008649818084674
26,2,1.9599459893554307
26,6,6.002216679937611
26,7,1.0002393070760167
26,8,141.7033219034208
27,10,6.000872225434408
27,12,167.4088884079202
27,14,1.000879974626728
27,17,6.001098096806838
27,18,754.9763141268819
27,21,205.24322604789316
27,22,5901.021076875556
27,23,1.002590308315452
27,24,6.001968882415234
27,27,6.000460154602422
27,29,1.0008432241076042
27,2,2.309825149172074
27,6,6.001978358866681
27,7,1.0003196281953288
27,8,119.93697052516289
28,10,5.082469511234332
28,12,6.0015227470423955
28,14,1.00104504896205
28,17,5.083070718103124
28,18,754.9761066346175
28,21,205.24329563405186
28,22,5901.021099964992
28,23,1.0026673417679017
28,24,2.30975693793134
28,27,6.00043045771684
28,29,1.000859170355623
28,2,6.001127408328917
28,6,129.90434904138039
28,7,1.0003323822840446
28,8,269.626505679654
29,10,6.000286904106133
29,12,6.001841477735548
29,14,1.0008783687306826
29,17,6.0017850789126115
29,18,1960.9878814241986
29,21,129.90127186109896
29,22,6.001125092471767
29,23,1.0026201137096322
29,24,2.3098135943623612
29,27,83.05880449867692
29,29,1.0008139326582226
29,2,2.3079792108419763
29,6,6.00054682691113
29,7,1.000329217119445
29,8,215.73587209992337
30,10,6.000266065194009
30,12,6.001337583050799
30,14,1.0009423024826187
30,17,5.083065825682966
30,18,754.9751617219792
30,21,153.47538378808784
30,22,6.00192799095532
30,23,1.0026858604743873
30,24,2.309802672505189
30,27,83.0587902839295
30,29,2.6071750419658155
30,2,15.594417152332584
30,6,79.0191166718285
30,7,1.000321865402234
30,8,215.73595925729867
31,10,141.70473071483315
31,12,6.001594634359435
31,14,1.0009604724066214
31,17,6.001862770433872
31,18,1960.9869604719293
31,21,79.01529801549806
31,22,6.001904331988728
31,23,1.00537130077291
31,24,2.3097440317595943
31,27,215.73777140861975
31,29,1.0010022209739784
31,2,15.594451160923136
31,6,205.24560444418142
31,7,1.0003488210066376
31,8,215.73587269399385
32,10,15.586477937895278
32,12,6.001526969265372
32,14,1.000880271059727
32,17,5.083058930397443
32,18,3317.904057886325
32,21,205.24299219911816
32,22,6.001910955701435
32,23,2.615412538991725
32,24,6.000988829281594
32,27,83.05876655871275
32,29,1.0010699569533692
32,2,129.90233728343705
32,6,173.7207931553075
32,7,1.0002651008080816
32,8,215.73594562401786
33,10,15.586454771870086
33,12,7.090370570287199
33,14,1.1826179558622716
33,17,6.001795816925917
33,18,141.70147578623778
33,21,205.24299099139668
33,22,6.001912841272613
33,23,2.6154482763782347
33,24,6.000993576051013
33,27,83.05881143462199
33,29,1.1820724969947731
33,2,6.001091936579792
33,6,205.24558967427672
33,7,5.996927214722209
33,8,141.69968368606925
34,10,5.999405998007285
34,12,6.001534773371471
34,14,1.0008760432439994
34,17,0.9990383179477194
34,18,215.7383410015403
34,21,173.717155964928
34,22,6.001936243754777
34,23,1.0047591058210816
34,24,6.000959953672499
34,27,0.9990372482112404
34,29,1.0010574316850747
34,2,6.001018560155313
34,6,205.2455151104877
34,7,5.072508052066299
34,8,559.4401078246385
35,10,5.999406566784082
35,12,7.090181507108506
35,14,1.1825451113826144
35,17,6.001629547691024
35,18,215.73819580299048
35,21,205.2430506215201
35,22,0.9990334933333953
35,23,1.0025359446568887
35,24,2.3073699332841775
35,27,6.002500078549854
35,29,1.001338574498491
35,2,6.001063648870904
35,6,205.24555320598944
35,7,129.90202390035415
35,8,559.4400619728272
36,10,5.999501040560229
36,12,15.597078727654313
36,14,1.0009235499201452
36,17,0.9990385586335115
36,18,83.05933263870529
36,21,79.0172626808923
36,22,6.005422270161619
36,23,1.0046361627994376
36,24,6.001234519874782
36,27,0.9982891692529812
36,29,2.6075744559380274
36,2,205.24633424959208
36,6,5.999593583114086
36,7,2.599671819108262
36,8,559.4401317963534
37,10,15.58739525382947
37,12,6.001557485978897
37,14,1.0010023869065456
37,17,6.001594039953737
37,18,5.999234354037963
37,21,0.9990313735260852
37,22,5.087838871041906
37,23,129.90220018690368
37,24,6.001053267105581
37,27,560.3468175030398
37,29,1.0010278046840444
37,2,79.01753035971905
37,6,5.999563742241907
37,7,1.0003544174489445
37,8,215.5616164911388
38,10,215.73775375375416
38,12,6.001556542693287
38,14,1.0008796793938952
38,17,1.0013199581762269
38,18,5.999158815032224
38,21,6.001164177671226
38,22,5.087941926252425
38,23,1.004538549424046
38,24,6.00089336965117
38,27,474.2753282275715
38,29,1.001093429866808
38,2,79.01754093623221
38,6,93.36557061117233
38,7,1.000222681883936
38,8,559.4401410016927
39,10,15.587401733859346
39,12,6.001598233691197
39,14,1.0009214302118972
39,17,1.0012343769974015
39,18,83.05910108074798
39,21,6.001016508898796
39,22,6.001990633912677
39,23,1.002681768715643
39,24,6.000922618978327
39,27,560.3467448742286
39,29,1.0010913578580327
39,2,79.01753106901681
39,6,79.02174797861316
39,7,1.0003043790185036
39,8,559.4400302065089
40,10,5.9999253367863625
40,12,7.09049654287506
40,14,1.0013826715525562
40,17,1.001352228606181
40,18,215.73760257185688
40,21,205.24283133543
40,22,98.1118435113983
40,23,1.0025822289899473
40,24,1.0001227728353506
40,27,215.73487017266032
40,29,1.001092278240412
40,2,205.24546900995645
40,6,93.36546605686458
40,7,1.0003632795302373
40,8,559.4400777180549
41,10,6.000003787349479
41,12,6.001585595770714
41,14,1.000943926522754
41,17,1.0012089323180469
41,18,215.7376310222417
41,21,205.24270250099607
41,22,254.83692857787526
41,23,1.0026852461499018
41,24,2.3112655655026133
41,27,254.88176748773907
41,29,1.0010270599058941
41,2,205.24527837687813
41,6,6.001906600741091
41,7,6.000132989233162
41,8,473.4885657872131
42,10,5.999981684304965
42,12,6.00165585600644
42,14,1.0013239708952248
42,17,6.001911759976041
42,18,2.3091438556179398
42,21,8117.669816815664
42,22,254.83669827437933
42,23,1.0054307278735113
42,24,2.311372128521806
42,27,215.73487038581652
42,29,1.001676649994451
42,2,205.24530720362978
42,6,1.0013132838617471
42,7,6.000089636455113
42,8,559.4401742951235
43,10,15.589304004018597
43,12,141.7027952635016
43,14,1.0008824960069314
43,17,0.9990390710557469
43,18,2.3091965449875698
43,21,205.24278483300964
43,22,215.71657326186966
43,23,1.002653066246678
43,24,2.31123757838764
43,27,560.3491688019202
43,29,5.999193747920352
43,2,5.99893693958648
43,6,1.0012021580326609
43,7,6.000118922318007
43,8,559.4400351456185
44,10,5.999749501134604
44,12,8654.886251645508
44,14,1.000930664572465
44,17,6.001926647109876
44,18,2.309124352992656
44,21,205.24285894365818
44,22,254.8367054557118
44,23,1.0026540180859271
44,24,0.99906063459684
44,27,215.7349180589609
44,29,1.0015660238210433
44,2,79.019414387163
44,6,1.0012707643620535
44,7,129.90111336810423
44,8,559.4401995207741
45,10,5.999820196851495
45,12,8654.886213413409
45,14,215.73628010171743
45,17,0.9990384423296996
45,18,6.001604148032087
45,21,5.999939428260703
45,22,215.71657244234927
45,23,1.0026331594437563
45,24,2.3112984797167737
45,27,215.7348914373812
45,29,1.1834965407665266
45,2,5.99893683799425
45,6,6.002581421545999
45,7,205.24462040564174
45,8,215.56269824089662
46,10,0.9990338733851027
46,12,3332.127790397237
46,14,215.73658045230943
46,17,6.001181351005652
46,18,6.001565162774738
46,21,6.000247398304179
46,22,254.8366043957662
46,23,1.002655082478416
46,24,0.9990607471853954
46,27,215.73497539906268
46,29,1.0013384799012819
46,2,205.24498888147818
46,6,205.24510139741358
46,7,205.24452691959343
46,8,215.5630285269923
47,10,15.589093778927358
47,12,8654.88656093396
47,14,83.05538512837813
47,17,6.001077549579972
47,18,6.001612057822728
47,21,0.999041008409506
47,22,254.83653441302383
47,23,1.002586721914125
47,24,2.3113632147676118
47,27,215.7348856556551
47,29,1.001267391010809
47,2,205.24492299640787
47,6,205.24515191703657
47,7,2489.541548934782
47,8,215.5627512131955
48,10,5.9997502131618115
48,12,8654.886538546089
48,14,215.7364038980606
48,17,205.24526620482607
48,18,1.9592070309782166
48,21,2.3133130697604276
48,22,254.83666959611867
48,23,1.0048304049833465
48,24,0.9990573329556662
48,27,215.73497214426436
48,29,1.001211219736792
48,2,173.71944400618935
48,6,205.24518744347347
48,7,205.24443824784473
48,8,559.4419570465049
49,10,5.999818941609092
49,12,8654.886590404194
49,14,215.73650897712065
49,17,173.71974399270616
49,18,2.3116528313359304
49,21,0.9990430829791963
49,22,215.7364326003899
49,23,1.0055343885244463
49,24,2.311350120562558
49,27,215.73491572796618
49,29,1.001156362567249
49,2,205.2449647431324
49,6,205.24527284885346
49,7,205.24470816543896
49,8,559.4415344081164
50,10,5.9997124623415194
50,12,8654.88651151181
50,14,215.7363394161441
50,17,205.24532266271083
50,18,1.9591712611976497
50,21,2.31334286425656
50,22,190.56141077292446
50,23,1.004859734746729
50,24,0.9990613328247191
50,27,215.73505593825723
50,29,1.0015998519295088
50,2,205.24498261993054
50,6,205.24524707907523
50,7,205.24448462992203
50,8,559.4422159523729
51,10,5.9998479165020075
51,12,8654.886641218294
51,14,215.73640862885748
51,17,205.2451790533303
51,18,2.3115860554827705
51,21,2.313310108276837
51,22,215.73636016858833
51,23,1.0026310421118039
51,24,2.3113759873503597
51,27,215.7348558196112
51,29,1.0012144960062148
51,2,205.24491031700225
51,6,205.24526632047926
51,7,6.003224506091589
51,8,559.4415276418675
52,10,141.70231684223347
52,12,3332.1261741590097
52,14,215.73645768826313
52,17,205.24533861506163
52,18,1.9591711845502653
52,21,2.313327535383367
52,22,5.999001776283395
52,23,1.0026353452148946
52,24,132.85287826387216
52,27,215.7353634295246
52,29,1.0012953030567502
52,2,205.24493352168838
52,6,79.01907123431792
52,7,6.001933127522264
52,8,215.55667286150063
53,10,6.000332279913977
53,12,8654.886668516703
53,14,215.73659583277825
53,17,205.24517560891644
53,18,2.3115962996435755
53,21,0.9990409266163356
53,22,98.11307464380374
53,23,1.0026385714043347
53,24,2.3113303340885514
53,27,215.73497721213351
53,29,1.001299194734612
53,2,205.24497965194305
53,6,6.001966173412298
53,7,5.087807086383442
53,8,179.26933021114502
54,10,5.08448205114725
54,12,8654.886534019726
54,14,83.05539496890086
54,17,205.24530282399593
54,18,6.002374679558239
54,21,2.3133602523389456
54,22,6.000694475136917
54,23,1.0028028420592072
54,24,1.0027411264925838
54,27,12672.812879585415
54,29,1.0012222007819531
54,2,1.0012267557948897
54,6,1.0017788150012539
54,7,5.0865403375393266
54,8,254.64651678047642
55,10,6.001690465534647
55,12,8654.88668182871
55,14,141.70443977822657
55,17,205.24519384243226
55,18,1.959174066013083
55,21,0.9996583139373731
55,22,6.000887499853668
55,23,1.0025196375730694
55,24,1.1876566707115312
55,27,12672.811802133836
55,29,1.002122563374943
55,2,1.0011808225127705
55,6,1.001853451706702
55,7,6.004308263387692
55,8,215.55646972472758
56,10,0.9990385369021393
56,12,215.73530758026126
56,14,83.05539808858117
56,17,205.24540510367447
56,18,2.3115156702697544
56,21,2.3149386611999674
56,22,98.11175462124967
56,23,1.005476030499734
56,24,1.002692591599959
56,27,20300.791636968497
56,29,15.597869535273162
56,2,1.001308054186473
56,6,1.002289029315019
56,7,6.0047801110449015
56,8,559.4422111116085
57,10,6.001685492466111
57,12,215.73581630728043
57,14,141.70439046728004
57,17,79.01903984088688
57,18,1.9591981975150574
57,21,1.9640312689322545
57,22,215.73698892279643
57,23,1.0026667478868285
57,24,1.187900563827741
57,27,17182.58502159408
57,29,6.001478629660547
57,2,1.0011691122957789
57,6,1.001827938408451
57,7,6.004506372253767
57,8,559.4421110232288
58,10,0.9990370228204704
58,12,215.73530642659236
58,14,83.05540585432122
58,17,6.000965047992507
58,18,2.311016465356561
58,21,1.9635806523202675
58,22,254.83665898158608
58,23,1.1850931865665268
58,24,1.0027134944794867
58,27,20300.791633291166
58,29,6.001568631885727
58,2,6.003480569914798
58,6,1.001997186792
58,7,1.0015390985302641
58,8,215.56316914351459
59,10,6.003254395704387
59,12,289.7799892201761
59,14,215.73650987174486
59,17,0.9990352155459332
59,18,2.310659369606622
59,21,6.004386079453381
59,22,98.11153167391156
59,23,1.0048800723563325
59,24,207.8697126941138
59,27,12672.81495057636
59,29,6.001486295162019
59,2,6.003392364962256
59,6,1.0014887603826583
59,7,1.0012237331954665
59,8,1.0007216007366493
60,10,5.084623938924066
60,12,141.69744470837688
60,14,141.7004384690596
60,17,6.001025191778858
60,18,7.090482228292927
60,21,0.9990406118639603
60,22,6.001390240801886
60,23,1.0026342113927456
60,24,132.85168730273284
60,27,14972.613739245238
60,29,6.001673010138759
60,2,6.003440519524062
60,6,6.003662780162847
60,7,1.0011267702764721
60,8,1.0006837834400901
61,10,5.085297935347995
61,12,141.69859811716816
61,14,215.7364557694461
61,17,205.2454082330969
61,18,6.0014492235514085
61,21,2.3130240081819977
61,22,0.99903567082018
61,23,1.0026565522352602
61,24,112.44590190338937
61,27,12256.3920033427
61,29,6.0015536581684525
61,2,5.084516927858307
61,6,79.01984674445336
61,7,79.01908563616038
61,8,6.00253968394377
62,10,6.000242798132758
62,12,141.69803260229673
62,14,83.0553986673907
62,17,205.24529741603016
62,18,6.001891990733303
62,21,1.9600289672466245
62,22,6.001440632891704
62,23,1.0026584713869102
62,24,112.4458323661357
62,27,12672.811740994519
62,29,205.24359440995096
62,2,6.003463285426905
62,6,79.02032454661311
62,7,205.24449360695968
62,8,6.001904899884925
63,10,15.588640259788662
63,12,6.002294603413839
63,14,215.736382529928
63,17,205.24545646157705
63,18,7.090141626617531
63,21,2.3130759685668814
63,22,6.001381232951407
63,23,1.0028616900087304
63,24,132.85176389480858
63,27,141.70264596777795
63,29,205.24405728758248
63,2,5.084539013513528
63,6,79.02087657462684
63,7,15578.127944792059
63,8,6.001138324632457
64,10,5.999473077006495
64,12,0.999036111192571
64,14,215.73642350352284
64,17,205.2453547347292
64,18,1.003842880593881
64,21,2.3130268586768814
64,22,213.88462710714313
64,23,6.000032265402783
64,24,6.000834153422524
64,27,83.05831653994761
64,29,731.5011934466885
64,2,5.084641592302617
64,6,79.02033427717238
64,7,3273.8917930379534
64,8,559.4437955057704
65,10,5.999585709905231
65,12,6.002309412787525
65,14,215.7365006799627
65,17,1.001692751755841
65,18,1.0039300357841672
65,21,1.0017282146783462
65,22,181.01443906421315
65,23,6.000094004224956
65,24,6.000938464874405
65,27,1.0005527431475878
65,29,205.24323927133753
65,2,6.001923102657154
65,6,6.001600278450314
65,7,3868.021285371475
65,8,215.56365613032216
66,10,15.58628330615007
66,12,0.9990387021851097
66,14,215.7361053674418
66,17,1.1849886908911085
66,18,1.0038599789528533
66,21,1.001716128782574
66,22,254.83452245143528
66,23,6.000527881599434
66,24,207.86896002731567
66,27,1.0006777970234726
66,29,205.243670623463
66,2,205.24632245920301
66,6,6.000912280715589
66,7,205.24450851537054
66,8,5.9989237607061305
67,10,215.73760936211337
67,12,6.002088488048416
67,14,215.73646790516946
67,17,1.0016313164129445
67,18,1.0038900879921897
67,21,1.0017482236742685
67,22,254.8419249152984
67,23,5.078509349562763
67,24,132.84964347126055
67,27,1.0005502735527205
67,29,205.24325747803036
67,2,129.90128864262883
67,6,0.9992001535200892
67,7,79.01697201670113
67,8,215.56369089094488
68,10,15.586299382224833
68,12,141.69799504925547
68,14,215.7362769411384
68,17,6.003486456485396
68,18,1.0039184524189793
68,21,1.0015676208120174
68,22,254.84263033731597
68,23,15.599930687652428
68,24,132.84919850396903
68,27,6.00218487783875
68,29,205.24388899346783
68,2,6.00015653112747
68,6,6.002271065389782
68,7,79.01738553654444
68,8,215.56368633873643
69,10,6.000019140096379
69,12,215.73759289915893
69,14,215.73647531741105
69,17,0.9990363300838547
69,18,1.0038230187572887
69,21,1.0016823192816942
69,22,215.72109502049494
69,23,15.598926977002108
69,24,11345.865924241016
69,27,6.00279832902612
69,29,412.92986802708083
69,2,205.24500311909
69,6,205.24587919734702
69,7,79.0169482694717
69,8,169.84718175115395
70,10,2.3115641513422585
70,12,141.6972013935159
70,14,215.73627622099355
70,17,6.003478973325011
70,18,1.0039040315407126
70,21,2.3141187986793827
70,22,254.84210793723483
70,23,205.24517346565258
70,24,9603.139991615057
70,27,83.05818303979841
70,29,412.9312388829146
70,2,205.24513253144852
70,6,205.24634472829564
70,7,205.2451303489116
70,8,0.9969371039977686
71,10,2.311394669540392
71,12,141.69739038638212
71,14,215.73642729085225
71,17,0.9990376938134071
71,18,1.0041435910032028
71,21,1.962233840212428
71,22,215.7211327656866
71,23,205.24475669171926
71,24,15657.016064156078
71,27,215.73641508923836
71,29,205.24335432446168
71,2,79.01596678166204
71,6,121.81632988745301
71,7,205.24565093681116
71,8,5.999737651809669
72,10,2.3115998174608574
72,12,141.69700852547172
72,14,215.73636925878145
72,17,6.002317673571785
72,18,1.0039092902077194
72,21,2.314334110400777
72,22,215.72172449556106
72,23,205.24500976430969
72,24,207.8676908288326
72,27,215.7367564801112
72,29,205.24379128005904
72,2,205.24508699746949
72,6,109.95005325513927
72,7,205.24511712774546
72,8,5.999448544767889
73,10,6.004031960370539
73,12,368.03173487779594
73,14,5.998942648747531
73,17,79.01871976790304
73,18,1.0039997132040988
73,21,0.9990408450361938
73,22,215.72108693310182
73,23,109.94253765892462
73,24,207.8682053550193
73,27,215.7364428106457
73,29,205.24335945741683
73,2,205.24504365172177
73,6,129.90148577912242
73,7,129.90207978443405
73,8,215.56304657649858
74,10,2.3120401428699857
74,12,368.03223580561246
74,14,215.7364491292194
74,17,205.2470128251274
74,18,1.0039005788444406
74,21,2.3142742540877332
74,22,254.8425296728263
74,23,129.89804705223276
74,24,207.86770796564014
74,27,182.60056614730377
74,29,205.2440327876609
74,2,205.24548584228563
74,6,79.01851983862002
74,7,1.0017885556136061
74,8,559.4411716073251
75,10,2.3121518544665083
75,12,215.7363705060831
75,14,215.73629258158098
75,17,205.2464520269511
75,18,1.0042131270320445
75,21,0.9990789826295989
75,22,254.84193534115641
75,23,6.002718671300859
75,24,207.86839885233618
75,27,83.0552007348464
75,29,173.71786370164773
75,2,205.24503898690875
75,6,79.01799712444067
75,7,1.0025755814028914
75,8,559.4412878096545
76,10,1.0012080218566286
76,12,215.73745367215548
76,14,83.05856585709073
76,17,79.01943963693658
76,18,1.0073661732520263
76,21,6.003214611111911
76,22,254.84255760214927
76,23,6.002776152282152
76,24,207.8676674569931
76,27,215.7364721913542
76,29,205.24368374997755
76,2,205.24503521696516
76,6,79.01793319372267
76,7,1.0017968368773769
76,8,559.4410792660881
77,10,1.0015163975851138
77,12,215.73636319632425
77,14,6.002042818083179
77,17,1.0020647534599352
77,18,1.0088391673098824
77,21,31.888511730749762
77,22,215.72109371524405
77,23,1.0025540248745424
77,24,207.8684234238218
77,27,215.73655748900197
77,29,205.2433577700659
77,2,205.2454845853129
77,6,205.24527987466723
77,7,1.0025456744094194
77,8,559.4416119168436
78,10,1.0013072932383524
78,12,5.999209624351905
78,14,0.9990247069401708
78,17,1.0021050121977346
78,18,1.0080757202264543
78,21,2.3116191684834835
78,22,254.8420261278331
78,23,1.1876289711178885
78,24,80.02693633914875
78,27,6.002083055924337
78,29,205.24433938911926
78,2,205.24511570121618
78,6,205.2456107163546
78,7,1.0017927469162382
78,8,215.73623859181862
79,10,1.0012164245014574
79,12,215.73641080744468
79,14,5.087400236932698
79,17,6.005199008859869
79,18,1.0038820933814812
79,21,2.312413454266795
79,22,215.72109169412957
79,23,1.1870647822990072
79,24,80.02753869271474
79,27,1.00075196280397
79,29,205.24431040766993
79,2,205.24502007680607
79,6,205.24538027495873
79,7,1.0023785798282807
79,8,215.73683798515893
80,10,2.315314906832368
80,12,215.7375399517077
80,14,6.004504500386167
80,17,1.0020912214483824
80,18,1.0041556118608241
80,21,1.000701992382262
80,22,254.84251172148822
80,23,1.0025663814018957
80,24,132.85370393542522
80,27,1.0006206401547129
80,29,205.24370989942463
80,2,205.2454201271132
80,6,205.2455098165047
80,7,1.0017902232392792
80,8,215.73623064103202
81,10,615.896627239133
81,12,368.03123327148364
81,14,6.004545766951162
81,17,1.1860415586541055
81,18,1.003888661358431
81,21,2.3123586751258554
81,22,83.0589878843762
81,23,1.0027907151402324
81,24,132.85453247643744
81,27,6.002165605186294
81,29,205.24334435161217
81,2,205.24504693269284
81,6,6.000397856152226
81,7,1.002402783462009
81,8,254.88526134038494
82,10,2.3148323311407255
82,12,368.0317579170111
82,14,1.00118437485765
82,17,1.0020954880024586
82,18,1.0039640505942993
82,21,6.004724129502964
82,22,6.001815379918793
82,23,1.0025267935435052
82,24,80.02879581685494
82,27,6.001869478544863
82,29,205.24371382727756
82,2,129.90124899307668
82,6,6.000642591879648
82,7,1.0017840421226838
82,8,206.60234377863156
83,10,2.3136574039666797
83,12,368.0312573645574
83,14,1.0010533916177886
83,17,1.1862596478508358
83,18,1.004150008276576
83,21,2.311362364627456
83,22,0.9990324123636505
83,23,1.1871149750214283
83,24,6.001962562984383
83,27,215.73658025116293
83,29,205.24337586341198
83,2,129.90066905211313
83,6,79.0190770552267
83,7,79.02033253535562
83,8,182.59968562081485
84,10,1.000985839371408
84,12,368.03178197440616
84,14,1.0015762636491283
84,17,1.002094332747168
84,18,1.0076401023879793
84,21,2.311310541223161
84,22,6.001872425480732
84,23,6.004282526442368
84,24,6.001144519114244
84,27,215.7365193305864
84,29,205.2432395749878
84,2,129.90132562211684
84,6,205.2453073449497
84,7,205.24511198164421
84,8,215.73715695438494
85,10,1.0009657404675094
85,12,215.73637954680078
85,14,1.0010651120406413
85,17,1.002671609496753
85,18,5.999952984457795
85,21,6.00356372599267
85,22,6.00160888006715
85,23,1.0025757336043188
85,24,6.001796807670772
85,27,215.73669092145022
85,29,1.0007980215786931
85,2,129.9006865804043
85,6,205.24528450962876
85,7,205.24526842376218
85,8,215.73660465628058
86,10,1.0011850220875012
86,12,141.6982385926725
86,14,1.0010289440165874
86,17,1.185783826763947
86,18,215.73740955775293
86,21,129.90106019431536
86,22,215.73873729992334
86,23,1.1875305266657943
86,24,6.001141156010361
86,27,1.0015785565526976
86,29,1.000915829332281
86,2,205.2456601650696
86,6,205.24560212352543
86,7,6.001893356211985
86,8,215.73702586510436
87,10,2.31248997909033
87,12,141.69799586608926
87,14,215.73658785958094
87,17,1.0020964082542463
87,18,215.73723169541375
87,21,129.90155994285553
87,22,141.70226856525608
87,23,1.002549004328534
87,24,6.0011701510151525
87,27,1.0021088280002726
87,29,2.3160395891021253
87,2,205.24550488994012
87,6,205.245288766856
87,7,1.001275256264707
87,8,215.73659669338633
88,10,1.9605783578231541
88,12,141.69809562213484
88,14,215.73649775466478
88,17,205.2456984519782
88,18,83.05654488628734
88,21,6.002051032132555
88,22,141.7028187566753
88,23,6.004673856412129
88,24,207.86827857891055
88,27,1.0016385794641343
88,29,1.0008673790296605
88,2,205.24571601892924
88,6,79.0171644113333
88,7,1.005808558005631
88,8,141.70432624111854
89,10,6.003321164853801
89,12,141.69805515704422
89,14,215.73682170712604
89,17,205.24561125403193
89,18,215.73721439163683
89,21,6.002497269950842
89,22,215.7376799147151
89,23,5.092859563124703
89,24,207.8681504735885
89,27,54.555940816234866
89,29,2.3137011917940526
89,2,6.000411452872168
89,6,205.24552442364958
89,7,6.002368385104912
89,8,92.44355820525215
90,10,6.003291751679408
90,12,1.000842833175347
90,14,215.7364928353127
90,17,79.01934662139854
90,18,83.05926639914557
90,21,205.24594895470292
90,22,70.30387615169494
90,23,24.33154688562273
90,24,207.8683736151063
90,27,141.70433837644626
90,29,6.00516727024807
90,2,79.0191336525754
90,6,6.0000465330539186
90,7,129.90110399494233
90,8,141.7042168349523
91,10,6.003645736119348
91,12,6.005407408809793
91,14,215.7366117810974
91,17,5.081812963643156
91,18,98.1328483752958
91,21,129.90016439853218
91,22,5.998956276102494
91,23,6.004227280494577
91,24,207.86810028496672
91,27,141.7043783475839
91,29,1.0013851413331176
91,2,205.245303237703
91,6,15.002409897661783
91,7,205.24543314414214
91,8,215.73637653521303
92,10,6.003269479590342
92,12,1.0009059927152961
92,14,83.05844358147864
92,17,6.001917517997406
92,18,98.13388651416902
92,21,6.0030270609123075
92,22,83.05960540421836
92,23,1.001227152675959
92,24,6.00079601740954
92,27,6.001925348943956
92,29,1.0010850204860517
92,2,205.2456850773851
92,6,129.90110354501638
92,7,205.2451812002383
92,8,215.73733848308368
93,10,1.0006775940618304
93,12,1.0008389683888357
93,14,83.05853196594595
93,17,5.081816891227153
93,18,6.00023159696575
93,21,0.9994883735716718
93,22,5.998936188926293
93,23,1.0013855371758353
93,24,6.000080053774015
93,27,1.001986090615052
93,29,1.001561392309383
93,2,205.24531460911487
93,6,205.2457788051887
93,7,79.01727652058293
93,8,238.39994649441581
94,10,2.3122788135716554
94,12,6.002306883005233
94,14,83.05844230752184
94,17,205.2452726298853
94,18,6.000360507426779
94,21,6.004047773837833
94,22,106.18236502232985
94,23,1.0012430041513545
94,24,80.02925822506592
94,27,1.0014470881050581
94,29,1.0010688060547501
94,2,205.2456452705959
94,6,205.24540403430683
94,7,79.0167106858989
94,8,141.70456528424953
95,10,2.3122126413471236
95,12,215.73868206115952
95,14,98.13213488105771
95,17,205.24519779764884
95,18,215.73671143254583
95,21,2.309347954209109
95,22,89.87508554466149
95,23,6.003100267292939
95,24,207.86882269537978
95,27,1.0020424149639098
95,29,1.0010555421737006
95,2,79.01897129498545
95,6,129.8995886974935
95,7,79.01666935724407
95,8,70.30544797216952
96,10,2.312323762552964
96,12,215.7390561078421
96,14,1.0026630908454637
96,17,205.24556842708853
96,18,215.7371375077927
96,21,5.084259659141875
96,22,215.73827011679933
96,23,15.599549604929443
96,24,207.86912797891915
96,27,1.1845107866842426
96,29,6.004636937296956
96,2,6.00153790119734
96,6,79.01621368558078
96,7,205.24501864637153
96,8,83.05960779113823
97,10,1.9589166579036776
97,12,141.69710037724988
97,14,1.0030507247511213
97,17,205.24522317564052
97,18,215.73672816999263
97,21,6.003980887144921
97,22,215.73713144675997
97,23,13.205702440506954
97,24,80.02776624898543
97,27,1.0014412256590983
97,29,129.9002540374949
97,2,6.0009572286345305
97,6,173.72045336104767
97,7,205.24500173890337
97,8,5.9994038730437325
98,10,6.004105900102976
98,12,141.69695239250908
98,14,1.1870988451325966
98,17,205.2456874087812
98,18,215.73699814903253
98,21,6.004328740303578
98,22,215.73750594615254
98,23,15.599647619014593
98,24,132.8527996980278
98,27,6.003081356999054
98,29,109.94742279393306
98,2,6.001455980238074
98,6,205.24577145916538
98,7,205.2447224725057
98,8,0.9990333118634007
99,10,2.309136449116446
99,12,368.03056691862355
99,14,1.187701743361126
99,17,205.24525465037308
99,18,215.73677060313787
99,21,6.001610263640266
99,22,215.7370861977797
99,23,15.599536424099401
99,24,5.999153001821477
99,27,54.557470372298454
99,29,129.9002409966175
99,2,6.00092206600345
99,6,205.2454085828163
99,7,129.9011442116361
99,8,83.05886250226152
100,10,2.3103808004788764
100,12,368.0306085857366
100,14,1.0025423249381298
100,17,205.245741402738
100,18,215.73724077736458
100,21,1.0025041575113045
100,22,215.7374216701724
100,23,15.599666258109519
100,24,80.02891767654367
100,27,1.0007263971900588
100,29,2.313194130487756
100,2,5.999211037631985
100,6,205.24562775845166
100,7,79.02025965969983
100,8,83.05866495059757
101,10,6.002330101697817
101,12,368.0306894080375
101,14,1.002765082218584
101,17,205.24520998836908
101,18,215.73680633739767
101,21,1.1869051220629565
101,22,215.73709123629317
101,23,15.599590856477835
101,24,132.85182592006524
101,27,6.002681207321517
101,29,1.0009894529183851
101,2,25.50980080231459
101,6,173.7203799876375
101,7,79.01950726687842
101,8,83.05947849025958
102,10,1.0015443872433982
102,12,20300.7954244182
102,14,6.001952757452058
102,17,205.24554406481334
102,18,215.73725061146746
102,21,1.0024387824477072
102,22,215.73761478789783
102,23,13.205180539224518
102,24,132.85315043862028
102,27,141.70348074137894
102,29,1.0016311241835103
102,2,5.99885406759765
102,6,205.245506548894
102,7,93.36187992629432
102,8,215.73818335615414
103,10,1.0013356199367474
103,12,368.03062710432954
103,14,98.13426778252747
103,17,173.71997616561006
103,18,215.73674047079072
103,21,1.187078945422149
103,22,215.737123776264
103,23,15.599553151374568
103,24,207.8686425336301
103,27,215.73594259321914
103,29,1.001005511357282
103,2,6.000823534607643
103,6,205.24534135391318
103,7,93.36056547991654
103,8,99.5784164857332
104,10,1.0014728869922997
104,12,70.30820874342568
104,14,83.0592814216475
104,17,205.24530165165527
104,18,83.05906485982769
104,21,1.0024923836622381
104,22,215.73752883842332
104,23,6.003289220465446
104,24,6.000706266119591
104,27,215.73567727434403
104,29,1.0009422194680324
104,2,6.000741210077222
104,6,173.721547320469
104,7,6.001258852526348
104,8,6.002058391223365
105,10,1.0017843048068658
105,12,70.30874205929905
105,14,215.73691253106676
105,17,79.01607416013336
105,18,98.1323512146743
105,21,1.0029423031590339
105,22,83.05891576005371
105,23,6.002693156068721
105,24,80.02995071989048
105,27,215.7360011880226
105,29,1.0013694971433909
105,2,6.00126524689427
105,6,173.7204726107938
105,7,79.0192087417126
105,8,1.000175194371951
106,10,2.312151302234528
106,12,5.999523641134394
106,14,215.73652687049145
106,17,205.24527832808255
106,18,6.00211230460153
106,21,2.3157214528542553
106,22,6.000820238602923
106,23,1.0010563956327498
106,24,80.02986530421502
106,27,141.7034781694151
106,29,2.3162383954384156
106,2,129.90112540548503
106,6,173.72210820441967
106,7,205.24526776605174
106,8,1.0007575887128475
107,10,6.003374680232843
107,12,83.0620997345945
107,14,83.05539863512597
107,17,205.24548420766922
107,18,6.001923509302124
107,21,1.9650548333806732
107,22,6.000069138983665
107,23,1.0016709347456185
107,24,80.0305218949682
107,27,141.70372408306176
107,29,1.0011199535224184
107,2,205.24521048269415
107,6,205.24541295422785
107,7,205.24573085609165
107,8,1.000206987833021
108,10,2.309465836325918
108,12,5.999929336934634
108,14,215.73652934044046
108,17,205.2452010949639
108,18,6.0025599318749014
108,21,2.316279048525672
108,22,6.000098301121002
108,23,6.004977559797936
108,24,80.02981809192102
108,27,5.998928494199058
108,29,6.004855928177819
108,2,205.2453882428999
108,6,205.2458016581943
108,7,79.01570177278815
108,8,6.001895321359814
109,10,6.002589824782067
109,12,215.7370448988126
109,14,215.7364194152854
109,17,205.2456271168518
109,18,6.001927200784797
109,21,1.9649958254316342
109,22,83.05948254946556
109,23,5.087038178624096
109,24,1.0017423787339759
109,27,54.55418965520467
109,29,2.311498437941621
109,2,205.24517646694994
109,6,205.24543557475874
109,7,205.24530730948186
109,8,83.06293568232437
110,10,215.73621084314337
110,12,215.73699896126632
110,14,215.73676698338292
110,17,205.24524028889383
110,18,6.002393453424395
110,21,2.313444277542837
110,22,83.05906955424913
110,23,6.005225765935226
110,24,1.0017590988282548
110,27,141.70404290576988
110,29,6.004881664534223
110,2,5.998927259958325
110,6,79.01849289768805
110,7,173.7224037059508
110,8,70.30918191245591
111,10,215.73646792541976
111,12,83.05774639394191
111,14,215.73656219457826
111,17,205.2456914176051
111,18,7.093011010878171
111,21,6.00408512859127
111,22,83.05996321982921
111,23,5.087282917338996
111,24,1.0017643298607313
111,27,141.70451572484845
111,29,6.004613276898953
111,2,79.02080256923583
111,6,79.01886591510731
111,7,205.24509090141643
111,8,215.7373313066796
112,10,6.00266886362273
112,12,215.7368393376745
112,14,215.73675786197273
112,17,205.24519589497618
112,18,6.002292628606877
112,21,2.3128114034321516
112,22,83.05889452245377
112,23,6.003820451781482
112,24,1.0018776345250018
112,27,141.70408415672222
112,29,1.96475827190842
112,2,1.001214977387753
112,6,79.0185627136335
112,7,1.0004829589624622
112,8,215.73725246011145
113,10,6.000750526237139
113,12,215.73714375168458
113,14,215.73645753609836
113,17,1.001891948312661
113,18,6.001921395359639
113,21,1.001563846874281
113,22,83.05920500304512
113,23,5.0871667412786685
113,24,1.00166135751107
113,27,54.553071491889625
113,29,2.316208608193497
113,2,1.0012959536705814
113,6,79.01892027045173
113,7,1.0007663762229866
113,8,215.73720845834376
114,10,6.0025770615693705
114,12,215.73684031417793
114,14,215.73676757100571
114,17,1.0012333706949885
114,18,141.7055337692715
114,21,1.001781341442629
114,22,83.05885590261092
114,23,5.086684388264287
114,24,6.003184628717726
114,27,64.44963040385593
114,29,0.9990990708928944
114,2,1.0014152596204742
114,6,205.24526770271746
114,7,1.0004952746944635
114,8,6.000863497830691
115,10,2.311759215836881
115,12,215.73716852531808
115,14,215.73648184701437
115,17,1.0018551871749164
115,18,215.73819552796905
115,21,1.0016595587116628
115,22,215.73851086776278
115,23,6.00308951912899
115,24,132.85170120216063
115,27,141.70522018072566
115,29,1.9659875610207127
115,2,1.0012227871030577
115,6,205.24574983863292
115,7,6.005187735891488
115,8,6.000922983951339
116,10,0.9990322100608209
116,12,215.73684994636767
116,14,182.60179254730943
116,17,1.0012016095714404
116,18,83.05864417515672
116,21,1.0017083234235722
116,22,83.05711885828629
116,23,6.003081355224593
116,24,207.86907952105062
116,27,6.012407653848234
116,29,2.315994222829225
116,2,79.02217472144436
116,6,205.245285556912
116,7,1.001942917081779
116,8,0.9990260456886393
117,10,2.311794545902769
117,12,215.73714083505962
117,14,215.73644529840846
117,17,79.02011588502792
117,18,1.0013872415938874
117,21,1.0019756216510523
117,22,141.70427179370424
117,23,129.90044395390814
117,24,207.8685617563314
117,27,6.0124396790427745
117,29,1.9650683159445936
117,2,1.000556174199727
117,6,205.2458104087762
117,7,1.0021235231175503
117,8,6.0009136375279315
118,10,2.3116035828962236
118,12,215.73678249069997
118,14,215.73644635063974
118,17,129.90237621957678
118,18,1.0008674951611418
118,21,6.004133139847071
118,22,167.42121755421294
118,23,205.24770584067969
118,24,80.02885582217655
118,27,6.012562157665659
118,29,1.9647710019236237
118,2,1.000612137714981
118,6,205.24530331797422
118,7,1.1856984819428265
118,8,5.997866632337294
119,10,6.004578930634416
119,12,83.05747895276345
119,14,215.7367316685661
119,17,109.95201014041197
119,18,1.001528773854183
119,21,2.3115350850551177
119,22,141.70501978571374
119,23,129.9004165505868
119,24,80.02794748697522
119,27,6.0124353786452795
119,29,6.005645092016385
119,2,1.0005337438476891
119,6,205.24565648168846
119,7,1.0021247781680795
119,8,47.177786266591674
120,10,6.003386071647955
120,12,83.05766064645854
120,14,215.73641590264887
120,17,129.9024032740892
120,18,83.05970216061088
120,21,0.9990384440984972
120,22,141.70423490586867
120,23,6.002717934698694
120,24,80.02884318154122
120,27,6.012414426109041
120,29,1.0017272819236354
120,2,6.002132302416497
120,6,205.24531554131394
120,7,1.0020378076789864
120,8,5.99784149844514
121,10,2.312150629260506
121,12,215.73725615953884
121,14,215.73660536243148
121,17,1.0016322485491571
121,18,168.36590167849818
121,21,2.3119886119665924
121,22,215.73758204274046
121,23,1.0021180027527619
121,24,80.02804114014967
121,27,6.012464795227157
121,29,1.0018800815054671
121,2,79.01898230296666
121,6,79.02027699445897
121,7,1.002518547881185
121,8,6.001514700741753
122,10,0.9990387432311945
122,12,6.00233813761923
122,14,182.60005879338797
122,17,1.0014981602317246
122,18,83.05711757523098
122,21,205.24605303186203
122,22,215.737419306819
122,23,1.001426269634413
122,24,207.86785169012623
122,27,15.675933464290603
122,29,1.001708657168531
122,2,205.24548547002897
122,6,0.9999933390158162
122,7,6.00367302333453
122,8,6.000882080677693
123,10,2.3121066564830635
123,12,5.081968476793399
123,14,215.73680426528043
123,17,1.0021426438331833
123,18,215.73703017044792
123,21,205.24637064469667
123,22,215.73726395769677
123,23,1.0021552710828896
123,24,207.86823977158335
123,27,6.012759662773984
123,29,1.002143401687774
123,2,205.24511594933207
123,6,1.000585746904485
123,7,6.0040960433504
123,8,6.001727621778986
124,10,0.9990492832360705
124,12,6.002196065020694
124,14,141.70342617934912
124,17,1.001550440093002
124,18,215.73750087180173
124,21,205.24608881601011
124,22,6.002665434560461
124,23,1.0014247757210946
124,24,207.86791272363735
124,27,6.012427951218307
124,29,1.0017294038876132
124,2,205.2450870415271
124,6,6.002169127503534
124,7,1.0019251212644997
124,8,83.05872978991776
125,10,6.003085115801537
125,12,5.081963236725128
125,14,70.30953497097113
125,17,6.00220748487033
125,18,215.73709117510475
125,21,6.0015396690421605
125,22,0.999049444412436
125,23,1.0016708508710055
125,24,207.8684871323228
125,27,6.012575363160041
125,29,1.0023155783877993
125,2,205.24548623956719
125,6,205.24519848235553
125,7,1.0023259191741625
125,8,83.06058928543361
126,10,6.003004539865588
126,12,83.0620906262186
126,14,70.30833444049024
126,17,205.24529748316957
126,18,6.001999033023259
126,21,1.000028505409439
126,22,6.00260660516164
126,23,6.002696829482056
126,24,207.867896152564
126,27,6.0123292928585395
126,29,1.18510387610627
126,2,205.24505655319197
126,6,205.24530436871055
126,7,1.1855343157288623
126,8,215.7369726165949
127,10,6.003424781543247
127,12,5.9997335844205075
127,14,6.000455692541106
127,17,205.24563081343166
127,18,0.9990319954029001
127,21,6.001529460253311
127,22,83.05887838504177
127,23,6.003044388130016
127,24,207.86856438749976
127,27,6.012744560990825
127,29,1.001691264759847
127,2,79.01986951983821
127,6,205.2455553151983
127,7,1.0022912223621034
127,8,215.73755427296462
128,10,6.0030119784520135
128,12,83.06028077972123
128,14,83.0618045068037
128,17,205.24534307082865
128,18,83.05974784777915
128,21,6.001591970530508
128,22,83.05990520298936
128,23,15.600806227313967
128,24,207.86792670313815
128,27,6.012325582919907
128,29,2.3135030627020567
128,2,79.01922409328498
128,6,205.24526148946626
128,7,1.001935055118179
128,8,215.73707518546482
129,10,1.0014568998416324
129,12,215.73694365714255
129,14,6.003111314275512
129,17,205.2452385833266
129,18,215.73725278851256
129,21,6.002179087998974
129,22,83.0588826299606
129,23,15.600654457239749
129,24,207.868503464991
129,27,6.012794579500115
129,29,2.3130627861946556
129,2,79.01984479053432
129,6,205.24554090983486
129,7,1.002135288390523
129,8,215.73697235870299
130,10,1.0019520160166167
130,12,215.73710726810214
130,14,6.001941499913261
130,17,205.24566475831094
130,18,182.6025073619241
130,21,6.001595287221231
130,22,215.73820132783115
130,23,6.003456170137912
130,24,207.86793431260944
130,27,15.67520926482793
130,29,205.2455181580039
130,2,93.35958114494481
130,6,6.0090192818719395
130,7,79.0190978445888
130,8,215.73720069980908
131,10,1.0014696207255138
131,12,215.73694811289093
131,14,6.002132418947399
131,17,205.24530539938138
131,18,215.7371902767224
131,21,205.24592280980724
131,22,215.73773904920392
131,23,6.0026352818365885
131,24,207.86826692768224
131,27,15.676032117480784
131,29,205.24511836202177
131,2,6.001906472991861
131,6,6.0030320777275605
131,7,205.24559796979176
131,8,6.000690694587336
132,10,1.0015258422634137
132,12,215.73746755008392
132,14,1.0010232505684256
132,17,205.24558760876002
132,18,141.70382308389296
132,21,173.72046420665916
132,22,1.001047387417234
132,23,129.90206550965416
132,24,207.8679178700987
132,27,15.675239796156454
132,29,2.3120763822479624
132,2,1.0011727780546202
132,6,6.008999851431237
132,7,79.01956265607372
132,8,6.001157539873763
133,10,1.0023524342182641
133,12,215.73696278510184
133,14,1.0014553329000204
133,17,79.0174492252633
133,18,83.05858929715035
133,21,173.7222162126074
133,22,1.0005352441488027
133,23,129.90240691979713
133,24,207.86810754939034
133,27,6.012274174498479
133,29,2.312609317574066
133,2,1.000734592369735
133,6,6.009584255748758
133,7,5.99899549808065
133,8,6.00068155234663
134,10,215.73628617029127
134,12,215.7375283215531
134,14,1.0010419064640201
134,17,129.90116876246586
134,18,1.0017874975035648
134,21,205.24582153935071
134,22,6.00226257286319
134,23,129.90203409719987
134,24,207.86786900041395
134,27,6.011919972714955
134,29,2.312098332432277
134,2,1.0011387614641318
134,6,6.001598815956721
134,7,79.01972688364957
134,8,83.06219439548188
135,10,215.73658433734795
135,12,215.73689521356502
135,14,1.0014812026124265
135,17,205.24569853594608
135,18,1.0020171869631849
135,21,205.24637358409703
135,22,83.05892444436803
135,23,129.90223638292744
135,24,207.86824781610298
135,27,6.012463877804309
135,29,2.312128402111001
135,2,6.003082834278395
135,6,1.0017147349199726
135,7,205.2447656893019
135,8,1.0011650761714215
136,10,5.080229610521932
136,12,1.0016446289884149
136,14,6.001926465246024
136,17,205.24547131023854
136,18,1.0017962595645988
136,21,205.2458197884085
136,22,215.73729479485368
136,23,5.999778327511462
136,24,207.86789901619238
136,27,15.675222256747016
136,29,6.0050600794179525
136,2,6.003687787107966
136,6,1.0018405005748505
136,7,205.24517408892822
136,8,1.001712989273127
137,10,6.003000114837274
137,12,1.0006446574413932
137,14,6.003299614949599
137,17,205.24570547466618
137,18,1.1865734650550852
137,21,205.2461334837156
137,22,215.73745330720112
137,23,6.000269611755229
137,24,207.86830117930265
137,27,15.675933875712698
137,29,6.004535119055379
137,2,6.0030998740332215
137,6,1.0016833552441877
137,7,205.24476318654342
137,8,1.001187528977617
138,10,215.73740678515378
138,12,1.0002588156619652
138,14,7.094596240620868
138,17,205.24540713663748
138,18,1.0019786409221867
138,21,205.24582125920716
138,22,54.55904514916511
138,23,50.01221971201431
138,24,207.86790980239337
138,27,15.675189604212934
138,29,6.004899889328789
138,2,1.0008634198465538
138,6,1.0023575893524876
138,7,205.24512457668794
138,8,1.0017572515972848
139,10,6.002454660465194
139,12,22.002742274379543
139,14,6.002628385318438
139,17,205.24569071881226
139,18,1.0018845275360029
139,21,205.24621593339288
139,22,54.55965508389046
139,23,205.2454431908715
139,24,207.86840825596585
139,27,6.014808420251958
139,29,5.082924913169591
139,2,1.001483981686226
139,6,1.001771100001486
139,7,205.24473643002986
139,8,98.1397695721692
140,10,2.3132596874780926
140,12,215.7374193359618
140,14,6.003183445726996
140,17,66.88889324891478
140,18,1.0026020568536946
140,21,205.24582562520416
140,22,64.4617284316175
140,23,205.2451057905533
140,24,207.8679259395906
140,27,5.077188535369715
140,29,6.004862946595099
140,2,129.9041465780479
140,6,1.001637042494976
140,7,173.72117207162523
140,8,83.0624803008783
141,10,2.3132043024069437
141,12,215.7368354208814
141,14,6.002567256197538
141,17,79.0224218695987
141,18,6.001940937234272
141,21,205.24625246544042
141,22,54.559867304240385
141,23,205.24523416510013
141,24,207.8683291093376
141,27,6.0156617446122045
141,29,6.008506222276498
141,2,1.000840876072746
141,6,1.0017847161599729
141,7,205.24473683924074
141,8,5.9989575943735565
142,10,2.313352600048365
142,12,215.73743598877843
142,14,83.06090213092808
142,17,66.8888676453532
142,18,6.003602748936596
142,21,205.24579947243765
142,22,6.001810333584393
142,23,205.24512016120775
142,24,207.8679261357339
142,27,6.014283695380423
142,29,6.004435463933317
142,2,6.003512764111682
142,6,1.0016386447792147
142,7,205.24514269880478
142,8,83.06254372547198
143,10,0.9990412414881584
143,12,215.73693801586782
143,14,83.06035579993213
143,17,5.9999412957138
143,18,215.7370493401368
143,21,79.0184142055004
143,22,0.9995337065432555
143,23,205.24554318618658
143,24,207.86833585564838
143,27,6.0154016006196755
143,29,2.3132477226936556
143,2,5.084357146527492
143,6,1.0022157627725417
143,7,205.24470776519377
143,8,215.7371033959729
144,10,2.7351530413996192
144,12,215.7374268539752
144,14,1.0014023821764848
144,17,66.88885656261101
144,18,215.73755536499195
144,21,79.01833541659008
144,22,6.001797218132499
144,23,205.2451243870735
144,24,207.86790843045918
144,27,1.0014379078075946
144,29,1.001346329566089
144,2,6.003706818165092
144,6,6.010500029079434
144,7,79.01980372452158
144,8,215.73756074834805
145,10,1.0014731311049339
145,12,215.73694789420938
145,14,1.0007698858089862
145,17,79.0190481073253
145,18,215.73707908359
145,21,79.02009256593995
145,22,141.7056490058316
145,23,205.24511841619827
145,24,207.86827793520624
145,27,1.0016259857840737
145,29,1.0019671562412036
145,2,6.003325024706945
145,6,1.001652103835034
145,7,1.0017866675913645
145,8,215.737120952417
146,10,1.0019584864864841
146,12,215.73735434719543
146,14,1.0012459542943093
146,17,205.24695821134534
146,18,141.70310781635175
146,21,205.2459911452993
146,22,141.70763623792448
146,23,205.2456295799766
146,24,207.86785982477645
146,27,1.0015977516119827
146,29,1.001336187081547
146,2,5.085602047936533
146,6,1.002160646032472
146,7,1.0023097950044964
146,8,182.6012736750732
147,10,6.004128680390157
147,12,215.7369275838801
147,14,6.001947540791712
147,17,205.24650669297128
147,18,141.70233491469472
147,21,205.24627003087775
147,22,141.70625828394606
147,23,205.245106525416
147,24,207.8682503627661
147,27,6.017735410695955
147,29,1.0018750921931545
147,2,70.65019908592481
147,6,1.0016843999667264
147,7,1.0018526150129707
147,8,215.73705618470356
148,10,1.0014895036806353
148,12,151.2088403994956
148,14,83.05948869992696
148,17,5.999005656925843
148,18,141.7030590638275
148,21,205.24599061401415
148,22,54.55906513539966
148,23,173.72143249027235
148,24,207.86793087362562
148,27,6.017471187900531
148,29,2.3142340507151014
148,2,6.001334617256818
148,6,6.0228346659146235
148,7,1.0022799800267137
148,8,215.73711036417225
149,10,1.001677341114493
149,12,6.0074759756509835
149,14,215.73662497719454
149,17,6.000491569416858
149,18,215.73752336291952
149,21,205.2464337332575
149,22,64.46314396423786
149,23,173.71987854199617
149,24,207.86819034040658
149,27,6.025193033118969
149,29,2.3142312796391398
149,2,6.000752274732817
149,6,5.102900258034148
149,7,1.0018525543487051
149,8,107.85980645798149
150,10,1.001459022410243
150,12,1.0021238778635775
150,14,215.7372710483222
150,17,129.89838441274006
150,18,215.7378786825825
150,21,205.24596194063741
150,22,54.55836697617371
150,23,173.721672688304
150,24,207.86785257761898
150,27,1.0021755685875169
150,29,2.3147713075065015
150,2,6.00128011600019
150,6,6.009671174397067
150,7,1.0026185420924714
150,8,1.0028199921698215
151,10,1.0019244202633892
151,12,1.0024578777399453
151,14,215.73675663056258
151,17,109.94107980924768
151,18,6.001991233019549
151,21,6.003174537341703
151,22,0.999173873505554
151,23,205.24511822051807
151,24,175.9410677634048
151,27,1.0026207244363743
151,29,2.314248311271837
151,2,205.24496425055028
151,6,15.633470027660362
151,7,1.0018990001999901
151,8,1.1860117571155495
152,10,1.184589341969012
152,12,1.0020704952603356
152,14,215.73725515356006
152,17,205.24521172644006
152,18,1.0004674975664871
152,21,6.00194424199738
152,22,1.0005837818988548
152,23,205.24567362444984
152,24,207.86781816736465
152,27,1.0022003855834063
152,29,1.0007334782794368
152,2,173.72057195555908
152,6,15.633946610428051
152,7,1.0026603275730892
152,8,1.0022249422417815
153,10,1.001464136312407
153,12,1.187004600995773
153,14,141.70352233921056
153,17,205.2457909895294
153,18,0.9998763296498829
153,21,1.0015467723068507
153,22,54.558546251046515
153,23,205.24513218533278
153,24,207.86835132614613
153,27,1.0026718323274046
153,29,1.0001327371990687
153,2,205.24497381225072
153,6,15.633444722879805
153,7,1.0018460593469918
153,8,1.0020828917541005
154,10,6.00148783222312
154,12,1.1859100455024674
154,14,141.70462502259977
154,17,205.2452637021635
154,18,83.06169470571751
154,21,1.0009055901599782
154,22,141.70837215089995
154,23,205.24568184395085
154,24,80.02906489669202
154,27,1.1862796142569865
154,29,2.3142240754246
154,2,205.2453753557308
154,6,0.999842669396215
154,7,1.001805443635888
154,8,1.002465035676849
155,10,15.001973082686714
155,12,1.002237086759406
155,14,6.0021531942565955
155,17,205.24574332181854
155,18,83.06280080852773
155,21,1.001567680200468
155,22,54.558575748159775
155,23,94.44483953705998
155,24,1.0010950609231877
155,27,1.0028699939390204
155,29,205.24569294100843
155,2,205.24496282931426
155,6,6.0096013298718285
155,7,79.0199362796737
155,8,1.0021148933304334
156,10,5.774253704273453
156,12,1.0020605786879324
156,14,1.0008813216259318
156,17,205.2453077265984
156,18,6.004614178390036
156,21,6.002045702744203
156,22,6.001441552566935
156,23,79.01816165696813
156,24,1.0013477029231659
156,27,1.0022224896360266
156,29,205.24614843346933
156,2,173.72101576685512
156,6,6.00994530450575
156,7,205.24475448823208
156,8,1.0027849654906884
157,10,5.7749485255501085
157,12,1.002054726175599
157,14,1.001134675123593
157,17,205.24575458722487
157,18,1.0003687316414087
157,21,205.24634290242824
157,22,6.001948132627785
157,23,79.01771459087077
157,24,1.0011378858201585
157,27,1.0028026336167137
157,29,205.24563615792178
157,2,205.24499938044988
157,6,6.0159194510787195
157,7,205.2452362507077
157,8,6.002014803093664
158,10,5.999960032569471
158,12,1.0026176828701798
158,14,6.001931976056059
158,17,205.24526067461673
158,18,1.0004333619933945
158,21,205.24596919087276
158,22,54.561447384700124
158,23,79.0181504274769
158,24,1.0018262300044753
158,27,6.015004145741052
158,29,1.0013920620756434
158,2,205.24532285703148
158,6,15.63368750132711
158,7,205.2448541933343
158,8,98.13239622277554
159,10,15.001446930069534
159,12,1.0021277391483938
159,14,141.70571597036235
159,17,205.24577864407692
159,18,1.0009745563863612
159,21,205.24606818410206
159,22,1.001973138233831
159,23,205.24613356796755
159,24,6.00191438058546
159,27,6.01437125152776
159,29,1.0018181589159445
159,2,205.24497493616076
159,6,205.24557063813026
159,7,205.24514194697474
159,8,215.73820960884
160,10,15.001171621362484
160,12,6.008977344078504
160,14,83.05682512392733
160,17,205.24525575785034
160,18,1.0003813408596693
160,21,205.24583070340736
160,22,1.0023517833827658
160,23,79.02025384451402
160,24,80.02999323410447
160,27,6.01614195003867
160,29,1.001449892399795
160,2,205.2454420918428
160,6,205.24629376988761
160,7,205.24475399736795
160,8,83.05847222119668
161,10,5.998340005315092
161,12,1.0021397649806643
161,14,215.73655563851227
161,17,205.2459051353168
161,18,141.7034022881442
161,21,205.24595995989904
161,22,1.1858314254008384
161,23,5.998981923680186
161,24,207.86791930344546
161,27,6.024229781667582
161,29,1.00139079260531
161,2,205.24500853526123
161,6,129.89930718514282
161,7,79.01947742505548
161,8,83.0587526429266
162,10,15.001228943242168
162,12,1.0026290018616413
162,14,215.73699508995628
162,17,205.24526443202973
162,18,215.73712023894402
162,21,1.0013368424325533
162,22,1.0020778767705707
162,23,79.0202257196602
162,24,207.86838450350473
162,27,6.023284373226192
162,29,79.0207855602559
162,2,205.24555402824433
162,6,6.009008428703143
162,7,1.000057429193208
162,8,83.05853797992421
163,10,6.000178923148245
163,12,1.0020753148997654
163,14,215.73656417262404
163,17,79.01929125987253
163,18,215.73680435446886
163,21,1.001576088919382
163,22,1.0024769581302229
163,23,205.2458538873472
163,24,207.86790133213077
163,27,6.024347445684214
163,29,205.2461903159146
163,2,205.2449844246093
163,6,1.0019776072746378
163,7,1.0004103883700362
163,8,215.7377708744781
164,10,6.000601911203647
164,12,1.0027363692719176
164,14,215.73703164588844
164,17,79.01847415598444
164,18,215.73718766675222
164,21,1.001380788592317
164,22,1.0019981125957491
164,23,205.24643009692628
164,24,207.86833270370366
164,27,6.016477171224404
164,29,205.2467703623381
164,2,205.24553281737073
164,6,1.0016951210946736
164,7,6.002067294163275
164,8,215.7381376588644
165,10,37.14839614973285
165,12,6.014932588009891
165,14,215.73657101883958
165,17,79.01940438115386
165,18,215.73680751879854
165,21,1.0020569768828036
165,22,6.003003315291754
165,23,79.01910426444887
165,24,207.86793058890547
165,27,1.0005780042353312
165,29,79.01938584236605
165,2,205.2449681649094
165,6,1.0023456955717913
165,7,6.003088247942705
165,8,6.001912991394914
166,10,215.73852070630377
166,12,6.009068463655997
166,14,6.00033695545564
166,17,79.01851411613409
166,18,215.73723408663707
166,21,1.001399518120616
166,22,6.0019378278944
166,23,1.0022418603728855
166,24,175.9411432546563
166,27,6.017326332684711
166,29,1.000472874706361
166,2,205.2454206176222
166,6,1.0017172551515996
166,7,6.001956762290097
166,8,1.0013947691051746
167,10,15.000894843776342
167,12,6.008582261624115
167,14,6.000298473859176
167,17,205.2458305675902
167,18,215.73684583278137
167,21,6.003694082296791
167,22,141.70758590643285
167,23,1.0013242574460062
167,24,207.86779378558552
167,27,6.016581105479661
167,29,1.0010582316834098
167,2,205.2449624826884
167,6,1.0021581900884469
167,7,79.0198105473161
167,8,1.000959441374203
168,10,5.776677312925576
168,12,6.008128943362848
168,14,83.06286739451771
168,17,205.24534753518643
168,18,215.73744190347733
168,21,205.24591233263976
168,22,141.70726558121808
168,23,1.0023431375126401
168,24,207.86847133513618
168,27,1.0001476750799787
168,29,1.0004620882550403
168,2,205.24545712605598
168,6,1.001757918968222
168,7,205.2449057302292
168,8,1.0011420702811256
169,10,1.0021171806118723
169,12,6.008718452778736
169,14,83.06139313990224
169,17,205.2457418342635
169,18,215.73684102803475
169,21,205.2465639266919
169,22,54.559546098008454
169,23,1.0013473680487124
169,24,207.86795344986933
169,27,1.00081047830305
169,29,6.002090662692203
169,2,205.24499906183647
169,6,1.0023892473667066
169,7,205.24539977058606
169,8,6.001949628974735
170,10,1.1871004508665912
170,12,6.000803076120103
170,14,1.0011966051682926
170,17,205.2452806893557
170,18,215.73745172100527
170,21,205.24589565764833
170,22,1.001052173383167
170,23,79.01912899415731
170,24,207.86852081982954
170,27,6.019852968776327
170,29,79.0207026685508
170,2,205.24544376047993
170,6,1.0017485762439504
170,7,205.24493122279506
170,8,215.7379466683891
171,10,1.0021302843392954
171,12,5.090762576441437
171,14,1.0017072279621893
171,17,173.72079813302827
171,18,83.05718512900985
171,21,205.24635302465396
171,22,1.0017480238733238
171,23,205.24602416162787
171,24,207.8679565002629
171,27,15.629424497215428
171,29,205.24578385872667
171,2,205.24498728056858
171,6,6.00899859788943
171,7,205.2453288195711
171,8,215.7375703741787
172,10,1.0028039080821571
172,12,6.007511904473508
172,14,1.0012617294449173
172,17,205.24522778980406
172,18,1.000974113659204
172,21,205.24589263390885
172,22,1.0010896464982766
172,23,205.24537787701362
172,24,207.868565187895
172,27,15.62865201853089
172,29,205.24614248189212
172,2,205.2454543697828
172,6,15.636001633961527
172,7,205.24484220087612
172,8,119.94012401611855
173,10,1.0021106763068284
173,12,15.62512848808074
173,14,1.0020101197981859
173,17,205.2456209957363
173,18,141.70353262331088
173,21,205.24633862490714
173,22,54.56037198160639
173,23,205.2459009761662
173,24,207.8679555834608
173,27,15.629315478313
173,29,205.2457873710083
173,2,205.24501107673416
173,6,6.015242914602795
173,7,5.999657904770136
173,8,141.703945486942
174,10,1.002756379692313
174,12,15.625715261145752
174,14,1.0013479643863068
174,17,205.2453348515075
174,18,141.7052556508926
174,21,205.2458800824452
174,22,141.70688558928515
174,23,205.24539084047856
174,24,207.86843343893798
174,27,15.628687541382622
174,29,79.020408210525
174,2,205.24552899196547
174,6,6.009830385985938
174,7,1.0004599180809315
174,8,70.30504806023704
175,10,1.0021516923587672
175,12,15.625182295277217
175,14,215.736821692031
175,17,205.24566667738742
175,18,215.73679812308623
175,21,6.000791609639179
175,22,141.70729013465166
175,23,205.24582880045466
175,24,207.8680059393594
175,27,1.0018532565153757
175,29,79.01937340918681
175,2,205.24498914715468
175,6,15.632405635965249
175,7,79.02147094182347
175,8,83.05940108616485
176,10,1.0023666979510155
176,12,6.009357069637753
176,14,215.73719922883805
176,17,79.01912539517268
176,18,215.73726208836678
176,21,79.01809142603794
176,22,141.70681884516057
176,23,79.01802163592443
176,24,207.86855399942257
176,27,1.002270255564416
176,29,6.001371883526038
176,2,129.90190577734293
176,6,205.24655538825675
176,7,6.00138177027274
176,8,83.05995505029767
177,10,15.001053386494231
177,12,6.003699962529054
177,14,215.73684409341007
177,17,1.000849445422749
177,18,215.7367742399927
177,21,205.24681128418266
177,22,141.7071905569579
177,23,79.01878582514148
177,24,207.86795540256148
177,27,1.0019143759010198
177,29,6.000761449287253
177,2,5.999008024905379
177,6,205.24570302874545
177,7,6.000820783209431
177,8,83.05935872775713
178,10,5.9992679823404425
178,12,6.0043794207097445
178,14,83.05756092640685
178,17,1.0007647918399112
178,18,215.73723458119431
178,21,205.2463605694611
178,22,141.70682524542093
178,23,79.01811900257749
178,24,207.86853125514094
178,27,1.187162301625727
178,29,6.00127869376355
178,2,205.24574679515024
178,6,15.633718427144288
178,7,6.001327381286872
178,8,83.06007010574604
179,10,5.99889735944436
179,12,7.100759058294323
179,14,83.0575008679053
179,17,79.02131281953258
179,18,215.7367566635773
179,21,6.0007700118683545
179,22,6.0021611171899
179,23,129.90397575414266
179,24,207.86773076314725
179,27,1.0019194836407257
179,29,79.01934959039689
179,2,205.2454498926066
179,6,6.0187697366068
179,7,205.2446186175463
179,8,1.0010685895463016
180,10,5.999643414744714
180,12,7.102542876283625
180,14,215.7384760026394
180,17,79.02069191589759
180,18,215.73738057617763
180,21,6.0008729715463645
180,22,1.0015289015523834
180,23,129.90328226162535
180,24,1.0013588031352931
180,27,1.0025410908806203
180,29,205.24576260400056
180,2,205.24585159982396
180,6,1.000907229303377
180,7,205.24498547635275
180,8,1.0011027379165292
181,10,15.001812298732961
181,12,6.00754233443515
181,14,120.26394851296797
181,17,79.02058967952044
181,18,215.73677666669573
181,21,21.062275122754357
181,22,1.0022098811596019
181,23,79.01888310889126
181,24,1.0007071552113684
181,27,1.001951247723274
181,29,205.24550347598185
181,2,79.0189522323258
181,6,1.0001353888209135
181,7,205.2446828680716
181,8,1.0017971553259555
182,10,6.001167597417617
182,12,1.0028467736398134
182,14,6.000220528198989
182,17,79.02091221614555
182,18,215.73725564858833
182,21,79.0196468841158
182,22,1.0016741395453579
182,23,79.0180159707766
182,24,1.0010945346459241
182,27,6.0153918045191395
182,29,205.24588109325862
182,2,1.0024402710754607
182,6,6.010042935832642
182,7,205.24513560837357
182,8,1.0010674881468153
183,10,5.775362669566438
183,12,1.0018575087101853
183,14,83.05639881249483
183,17,66.88644896113448
183,18,215.7367559127681
183,21,205.24684295340245
183,22,1.002364302804823
183,23,79.01979938898445
183,24,6.001999840446588
183,27,215.7370663863154
183,29,205.2455191526358
183,2,1.0016709537983886
183,6,6.00963797912101
183,7,205.24474827443322
183,8,83.06065488386555
184,10,4.895791851697248
184,12,1.0026037564490204
184,14,215.7368826159783
184,17,79.02066169145598
184,18,215.737288160796
184,21,205.24628736839264
184,22,54.560833434896104
184,23,205.24519957128544
184,24,132.8543583418451
184,27,83.06033087462917
184,29,205.2459605145765
184,2,1.0024593464436204
184,6,6.0101216931945425
184,7,205.2452541488387
184,8,215.73695144749456
185,10,5.77788630446452
185,12,1.0019178207861916
185,14,215.73657754554452
185,17,6.003113990485727
185,18,215.73677674999064
185,21,205.24652793698343
185,22,6.002838367388532
185,23,205.24558082722507
185,24,132.85355385076278
185,27,6.0003945028659045
185,29,205.24552345429973
185,2,1.0016679737437055
185,6,6.0096195288699645
185,7,205.24474786317106
185,8,182.60125071427169
186,10,1.0005619254253357
186,12,1.0025605597491802
186,14,215.73699233002057
186,17,6.0019639726382294
186,18,215.737181669556
186,21,129.89821238914476
186,22,1.0016750016177358
186,23,205.24519217094527
186,24,132.8544466227355
186,27,6.001154499621402
186,29,205.24590153099462
186,2,1.002660072679653
186,6,6.010122908626792
186,7,205.24526002113907
186,8,215.7369756813363
187,10,1.0007260854768987
187,12,1.0018517724130156
187,14,215.73656698282352
187,17,1.0005671332365491
187,18,97.28343690596131
187,21,205.24761692111377
187,22,1.0023594977382375
187,23,205.2458497815977
187,24,6.002019174913219
187,27,83.05864942891915
187,29,205.245497198594
187,2,79.01911918009435
187,6,5.08990663838769
187,7,205.24470689349027
187,8,215.73740574453487
188,10,1.0005147481332788
188,12,1.002450024254495
188,14,215.73718208499025
188,17,1.0002935219661584
188,18,6.000881123537101
188,21,1.0009208382188692
188,22,1.0016778114285447
188,23,205.24525183637093
188,24,6.0039272035434
188,27,141.70471925286367
188,29,79.01863901813209
188,2,129.90417984501184
188,6,1.0011716806759052
188,7,205.24524053696575
188,8,215.73696221069144
189,10,215.73743882651416
189,12,6.001914619201231
189,14,215.73659613298506
189,17,6.002986517020482
189,18,83.05741497816001
189,21,1.0008217735525369
189,22,1.002327856274289
189,23,205.24587782221477
189,24,6.002054008530601
189,27,141.7040576944224
189,29,79.01816727281145
189,2,129.903228801262
189,6,6.009093505002957
189,7,205.24463853109071
189,8,215.7374143465714
190,10,215.73699479137653
190,12,15.626286144515982
190,14,215.73706201316995
190,17,205.24555443274477
190,18,215.73765467202355
190,21,79.02173607703192
190,22,1.0017140118594448
190,23,205.24520385447371
190,24,6.003933355673962
190,27,119.93993081043553
190,29,79.01870983624414
190,2,109.95407836960804
190,6,15.635480113832791
190,7,15.005775916023964
190,8,215.73697875557295
191,10,215.73740573538694
191,12,15.625703258988697
191,14,141.7035485638393
191,17,205.24595027790804
191,18,215.73701656591967
191,21,79.02121387416892
191,22,1.0025545889577527
191,23,129.9006892364925
191,24,1.0014219485204805
191,27,215.73682345349403
191,29,205.24557987906329
191,2,109.95205344976104
191,6,15.637373206240825
191,7,15.005504795052811
191,8,215.73757264310558
192,10,215.73697541860867
192,12,6.007468139849851
192,14,6.00017380703574
192,17,205.245639891951
192,18,215.73758310151797
192,21,79.0219444895401
192,22,54.55847952286328
192,23,129.90007355514385
192,24,1.0022371090783109
192,27,215.73726602873964
192,29,205.24595939251094
192,2,205.24732985809922
192,6,6.009467561927476
192,7,15.005970427562481
192,8,215.73698926228033
193,10,215.7372541407091
193,12,6.001406653760642
193,14,7.087532031488855
193,17,79.0221472563302
193,18,215.73699894322175
193,21,1.0013518486974817
193,22,141.707944452337
193,23,129.90065363573837
193,24,1.001435223279561
193,27,215.7367979699121
193,29,205.24560830950227
193,2,79.01913211203497
193,6,6.009987384861138
193,7,15.00543406841085
193,8,215.737626796089
194,10,215.73700086368248
194,12,6.001924040959263
194,14,6.000278441317295
194,17,5.998999093136716
194,18,215.73755365338732
194,21,1.0021558179924037
194,22,119.94291385090203
194,23,205.24545226381358
194,24,1.0023239590281001
194,27,215.73714730361488
194,29,173.72210976027995
194,2,1.001343994620556
194,6,7.101414717121007
194,7,6.000102134694939
194,8,215.73697798055187
195,10,215.73754421872448
195,12,15.625013978380796
195,14,5.994832036087262
195,17,79.02213334968211
195,18,215.73706821901533
195,21,1.0013365092922744
195,22,119.9436606906674
195,23,205.24607703883606
195,24,6.002077467454373
195,27,182.60043417822598
195,29,205.2456162181458
195,2,1.000466963884878
195,6,6.009761090965273
195,7,15.008408317704962
195,8,83.05985028409054
196,10,83.05826150696463
196,12,15.625666955868196
196,14,0.9899633078549313
196,17,93.36495906645871
196,18,141.70356762236477
196,21,1.001888626422697
196,22,119.94285227008892
196,23,205.24547666476272
196,24,6.003295195935632
196,27,215.73718676197987
196,29,205.24607115872178
196,2,79.02114494383343
196,6,1.0009552388097225
196,7,15.009372802567393
196,8,6.001984493063779
197,10,6.000539697097361
197,12,15.625043046971324
197,14,5.994797614798253
197,17,6.00193404957812
197,18,6.003171766578635
197,21,6.001980138154825
197,22,141.70796816203088
197,23,129.9023039203416
197,24,207.86798071833
197,27,215.736783946088
197,29,205.24562377744496
197,2,205.24511753293586
197,6,1.0016285723825042
197,7,15.008422731662932
197,8,1.0015929987709926
198,10,83.05825756161805
198,12,6.008104522626743
198,14,66.4201555083548
198,17,6.001549321124879
198,18,1.0002021271125736
198,21,205.24643345863603
198,22,141.70748711812647
198,23,79.0191316014647
198,24,207.86873448443606
198,27,215.73702832620214
198,29,205.24619961411491
198,2,205.24570509755785
198,6,1.0009097428234721
198,7,38.98934414475341
198,8,1.0009629483010736
199,10,83.05883790793084
199,12,6.007591260178472
199,14,5.994839609055761
199,17,6.002165865668657
199,18,1.0009144391915727
199,21,205.2460348066473
199,22,54.55784940462551
199,23,6.001494096866167
199,24,207.86820156236078
199,27,6.0010163948914395
199,29,6.002038850163837
199,2,205.24515221688856
199,6,6.009361512022027
199,7,38.988685763317974
199,8,1.001795425368626
200,10,215.73725092322576
200,12,6.008092852690127
200,14,0.9909002020056255
200,17,6.001581054204678
200,18,83.06017784317991
200,21,205.246483607217
200,22,54.55737746803057
200,23,6.00095825439181
200,24,207.86877149521902
200,27,6.001535866443927
200,29,1.0025565883401928
200,2,205.24553394054232
200,6,140.2328383201013
200,7,38.989164773697865
200,8,83.05886894723892
201,10,215.73783709457422
201,12,6.0076039376514
201,14,5.9996256348417525
201,17,6.002271478653132
201,18,70.30643374845852
201,21,205.24603084763788
201,22,54.55798619701839
201,23,6.001520284558719
201,24,207.86798341253794
201,27,6.001052485360218
201,29,1.0016054980327134
201,2,205.2451688103456
201,6,140.23335448851117
201,7,6.000098822663656
201,8,215.73764324577962
202,10,215.73721497616344
202,12,7.101735776884615
202,14,6.000362464471282
202,17,6.001599769925716
202,18,83.0588695482674
202,21,205.2463475644077
202,22,64.45733499779489
202,23,6.000979458072033
202,24,207.86813797014534
202,27,141.70521255333196
202,29,1.0022250385451175
202,2,205.2457026051238
202,6,53.98944330470573
202,7,1.0006136806499537
202,8,215.7370733421024
203,10,182.60316420679607
203,12,6.013436099587573
203,14,83.06141779682694
203,17,79.02078153230339
203,18,215.73767252795955
203,21,5.999693723579475
203,22,54.558071352120194
203,23,79.01909939139284
203,24,207.868137928591
203,27,215.73692998333053
203,29,1.0016006393221675
203,2,205.2451512486373
203,6,1.0021276784935962
203,7,2.314118680176037
203,8,182.601843444858
204,10,215.73724452724505
204,12,15.62601072266091
204,14,83.06188499957761
204,17,129.9013044494419
204,18,215.73799657062398
204,21,6.000196575165843
204,22,141.70731024899484
204,23,79.02070482570477
204,24,6.0052390923174155
204,27,215.73738235316443
204,29,1.0023357355580647
204,2,1.0019102403818057
204,6,1.0028678564384954
204,7,6.008711748640756
204,8,182.60048865012143
205,10,83.05849708035856
205,12,15.62511452988172
205,14,70.30784793982325
205,17,205.24582977850167
205,18,1.001224272642209
205,21,79.0199437051928
205,22,141.70761537891823
205,23,129.90330716839574
205,24,6.00504417882771
205,27,215.73692011611436
205,29,6.002906398593291
205,2,1.0016925330277804
205,6,1.1859343055996243
205,7,6.00841127401802
205,8,215.7375981845027
206,10,83.05771772708579
206,12,15.62589057035914
206,14,5.999609934177938
206,17,205.24537967729916
206,18,1.0018558062656995
206,21,205.24564120291572
206,22,6.000392344081612
206,23,129.9041788924549
206,24,6.005629325826883
206,27,182.60243327290442
206,29,6.003579632372819
206,2,1.0022762221288
206,6,1.0028747428029963
206,7,2.3157292955779685
206,8,215.7370775772507
207,10,83.05852961712944
207,12,15.625076280536401
207,14,215.73652679649703
207,17,205.2459311134689
207,18,1.001247898134868
207,21,205.24638421660237
207,22,6.000855345882965
207,23,79.02004568165762
207,24,1.001552303223721
207,27,215.73691199869273
207,29,6.002879375956679
207,2,1.0017378369962602
207,6,53.989205233509765
207,7,2.7340350147967856
207,8,215.7376071755882
208,10,215.73687182062596
208,12,6.007818755386842
208,14,215.7370578880902
208,17,205.24537794255914
208,18,1.0018298612045973
208,21,205.24585714394087
208,22,141.70348820081054
208,23,93.3630097371002
208,24,1.0022625547386808
208,27,215.7375421583099
208,29,5.085253494987147
208,2,1.0021945503344236
208,6,53.990721624562504
208,7,2.3153361443839477
208,8,182.60043794225388
209,10,215.7373331511651
209,12,1.001811017628798
209,14,215.73655975433513
209,17,205.24577573852983
209,18,83.05874187413485
209,21,205.2462562278388
209,22,215.7376399559501
209,23,93.36125728323955
209,24,1.0015867864381258
209,27,215.7369142971285
209,29,79.0193880617563
209,2,1.0017501540445064
209,6,140.22915191839158
209,7,2.3149181346016823
209,8,215.73748477005944
210,10,215.73689929295062
210,12,1.0024493145971993
210,14,215.736605896768
210,17,205.24541613883983
210,18,215.73694839952816
210,21,205.2458695526945
210,22,215.7373343568568
210,23,1.0017269814485514
210,24,1.0018450405954171
210,27,215.73736915248054
210,29,79.0208273473899
210,2,1.002598209120431
210,6,140.22987000437513
210,7,2.315564842195905
210,8,215.73705250503085
211,10,215.73720993931735
211,12,1.0018715577216275
211,14,215.73690008218333
211,17,205.24564308328974
211,18,215.73745622881538
211,21,205.2462905994599
211,22,215.73827631340953
211,23,1.0023361074299757
211,24,1.0015609983102003
211,27,83.05858271153565
211,29,205.2457610524214
211,2,6.0029773356566
211,6,140.2213856155839
211,7,6.002227295417039
211,8,215.73767619422637
212,10,215.73689137403005
212,12,1.0027125183057182
212,14,215.73657174276715
212,17,79.01906847675221
212,18,215.73700172774883
212,21,205.2458747129227
212,22,94.1067758138184
212,23,1.0017528769444004
212,24,1.0025762030803484
212,27,1.000425924539468
212,29,205.24632565387657
212,2,6.0032540283460545
212,6,118.67404986783164
212,7,2.316205267930485
212,8,215.73710138739398
213,10,215.7371870031108
213,12,1.001892766941359
213,14,215.73683552264552
213,17,79.01955848413039
213,18,182.60266843220074
213,21,205.2463822576642
213,22,83.0573706207889
213,23,1.001700954326589
213,24,6.005783894009122
213,27,83.06052226039962
213,29,205.245830923748
213,2,6.002933003927455
213,6,118.68889203598403
213,7,1.0022540003554452
213,8,215.7377051141162
214,10,215.73687975283775
214,12,1.0027489885128116
214,14,6.000497619793013
214,17,1.0012909349840475
214,18,215.73697761925524
214,21,205.24582856197023
214,22,141.7049055506824
214,23,1.0023307024677743
214,24,6.0064721926588795
214,27,0.9996106005933845
214,29,79.0205111910628
214,2,6.003233154872316
214,6,140.2299039596475
214,7,1.0029434431691886
214,8,215.73707170704373
215,10,215.73717266226993
215,12,1.0018559375453249
215,14,1.001230865606618
215,17,1.0020036806037362
215,18,215.7375241330093
215,21,205.24637516668687
215,22,119.94174528407801
215,23,6.005240604511534
215,24,6.0058247598814
215,27,6.002209315541461
215,29,79.02003918504496
215,2,1.0001338325729892
215,6,140.2290873945361
215,7,1.0022440707510487
215,8,182.60252029966975
216,10,215.7368321602552
216,12,1.002383275000521
216,14,83.05858605098311
216,17,1.0013517540818437
216,18,215.73697065700952
216,21,205.2458439799846
216,22,141.70489891246817
216,23,1.0018255966815595
216,24,5.088737047186655
216,27,6.003080261120827
216,29,93.36206968263039
216,2,1.0006546241894627
216,6,45.70263688246706
216,7,1.0030500181499713
216,8,182.60055982715667
217,10,155.76296288291968
217,12,6.008783296393151
217,14,215.73732581076607
217,17,1.0022043885280754
217,18,215.73728128114254
217,21,129.9030769425702
217,22,119.94159397949178
217,23,1.0022951633539705
217,24,6.010164576294872
217,27,83.06050722333998
217,29,5.9999824582266585
217,2,50.01219531046146
217,6,45.700868142305936
217,7,1.1862152466850313
217,8,215.73750967637218
218,10,141.70190915981084
218,12,1.0022343650299694
218,14,215.73674860150604
218,17,6.00203101420549
218,18,83.05867398551746
218,21,79.01958034886052
218,22,119.94028077773156
218,23,1.001700375648106
218,24,6.005978351754283
218,27,6.000309095020444
218,29,6.000667979402128
218,2,129.9023115457078
218,6,53.99084461757926
218,7,1.0022481678491548
218,8,215.73706781615508
219,10,141.70252245470644
219,12,1.0013793442802497
219,14,215.73729102085434
219,17,205.23986630802247
219,18,1.0009164783930329
219,21,79.02013206630602
219,22,141.70574394375174
219,23,1.002311547185747
219,24,1.0016151719602542
219,27,83.05867318454732
219,29,205.24570005681585
219,2,129.90177106523018
219,6,53.99025562104313
219,7,1.0027798407475297
219,8,83.06014708327572
220,10,215.7369377381771
220,12,1.0023390091247348
220,14,215.73676658906217
220,17,205.24593791131286
220,18,1.0005059625989823
220,21,79.01959028388104
220,22,141.7048901743761
220,23,1.0016995250033673
220,24,1.0020506606176793
220,27,215.7376668123239
220,29,205.24611269248692
220,2,129.9022146505893
220,6,53.990874955510584
220,7,1.0022041424204664
220,8,70.3067131251171
221,10,215.73752471450663
221,12,1.0131566827541922
221,14,215.73724987314475
221,17,205.24637100230453
221,18,6.00596368389949
221,21,79.02042898113413
221,22,141.70566869090544
221,23,1.0016830789834508
221,24,1.0016409587021897
221,27,215.73694376082275
221,29,205.2456772345754
221,2,50.012193643063746
221,6,53.99028472695759
221,7,1.0029641495631338
221,8,83.06144268724434
222,10,215.73699257229282
222,12,6.008387787794326
222,14,141.70180252496968
222,17,205.2459510315453
222,18,1.0005519606047377
222,21,93.35962548740125
222,22,83.05765849187823
222,23,1.0020334765909702
222,24,1.00205360083668
222,27,215.7373140207962
222,29,173.72177112854726
222,2,1.0012175111053345
222,6,53.99088786709763
222,7,2.3176615479103555
222,8,83.06093129207838
223,10,215.7374218051215
223,12,215.7368046875181
223,14,141.7025558080556
223,17,205.24655403496288
223,18,1.0010634335971886
223,21,93.36156108936049
223,22,83.05852365833947
223,23,1.0017647803113041
223,24,1.001628365404815
223,27,215.73692265319076
223,29,205.24570662476148
223,2,1.0010442138011397
223,6,53.990331871577865
223,7,1.9666538694144062
223,8,1.0016549618266835
224,10,215.73695180052593
224,12,182.6021995729244
224,14,215.73653548399173
224,17,205.24591931843733
224,18,83.0605821170235
224,21,79.0195818655403
224,22,83.05761992603068
224,23,1.0024234190687666
224,24,1.0023560306287242
224,27,215.7371750040638
224,29,205.24611461410242
224,2,1.0017510620689425
224,6,53.99131130703698
224,7,2.3176842359119796
224,8,1.0023579105911855
225,10,215.73709730528563
225,12,215.73674824420598
225,14,215.73709722625364
225,17,79.02114739366607
225,18,83.06109296796801
225,21,79.02038222835023
225,22,141.7054972550583
225,23,205.2452351451198
225,24,6.005074361424882
225,27,5.9996316110623065
225,29,79.01857367386484
225,2,50.014352029010986
225,6,53.990359722628675
225,7,1.0006837591309425
225,8,1.0017267209245544
226,10,5.9989538862680165
226,12,215.7374911683395
226,14,215.73657914698285
226,17,79.01931136946111
226,18,5.999025136888846
226,21,129.90132178066912
226,22,215.7370863404296
226,23,205.24579220361431
226,24,6.006063504139758
226,27,6.00036124619677
226,29,79.01904268759374
226,2,50.01510390263208
226,6,6.00194567636993
226,7,2.3158264007992155
226,8,1.0024658752543774
227,10,83.05898742043753
227,12,215.73685214124401
227,14,215.73712832024398
227,17,50.79624570702921
227,18,83.05972244702674
227,21,129.90304664161172
227,22,215.73772573520387
227,23,205.24529055991272
227,24,15.613317325076007
227,27,83.05886219581413
227,29,79.01856654387862
227,2,6.003660964301753
227,6,6.001030466677549
227,7,6.007588165873992
227,8,1.0016905526583466
228,10,83.0584636799381
228,12,215.73743463592825
228,14,215.7365518165965
228,17,0.9983422522504748
228,18,141.70478329848854
228,21,205.24602926561823
228,22,215.7370248553677
228,23,205.24580752230196
228,24,15.613857588803542
228,27,215.73675919365675
228,29,79.01928447467247
228,2,6.004516819160286
228,6,6.001710542274228
228,7,205.2485517429967
228,8,1.002468475232094
229,10,83.05910784116841
229,12,215.73684602315316
229,14,215.73701759765714
229,17,0.9993923775025442
229,18,141.70541112590448
229,21,205.2466978055128
229,22,83.06055535473392
229,23,205.2452994641047
229,24,6.004049957172867
229,27,215.73733220200697
229,29,205.2457885409768
229,2,7.098148024814485
229,6,53.992434649300485
229,7,129.9025137680868
229,8,83.05886613569452
230,10,215.73690780664575
230,12,215.73731733555513
230,14,215.73650914189332
230,17,1.0005055902701976
230,18,141.70474553760334
230,21,205.24606057512509
230,22,6.001186932888095
230,23,205.24589976537175
230,24,6.004551341549321
230,27,215.7367419441657
230,29,205.24626545177742
230,2,6.00381452964581
230,6,53.992892104455905
230,7,2.3159637745028636
230,8,141.70534807212027
231,10,215.7375036712232
231,12,215.73677052861248
231,14,215.7369343753925
231,17,1.001231235907765
231,18,1.0021538825208296
231,21,205.24660772390695
231,22,6.002061476691552
231,23,129.90135189297146
231,24,15.614269362730544
231,27,215.73740694989624
231,29,205.24581982838245
231,2,50.012073259620436
231,6,45.704725179489614
231,7,1.000967701405492
231,8,215.73707254578096
232,10,215.73694303595485
232,12,182.6019562548425
232,14,141.7034927253862
232,17,205.24535723768577
232,18,1.0015659300547766
232,21,205.24603220198938
232,22,6.001184124886313
232,23,35.56728805743219
232,24,6.0056709169993345
232,27,215.73675837593913
232,29,6.000536596196105
232,2,129.9020872054232
232,6,6.000433654555499
232,7,1.0015671053314898
232,8,215.73770525205651
233,10,215.73749339283515
233,12,215.7368243764344
233,14,83.060128774574
233,17,205.2459220646822
233,18,1.0021584503656182
233,21,43.01707947679562
233,22,83.06069419671746
233,23,79.0177447849968
233,24,6.005224300138401
233,27,215.73735116397205
233,29,5.999870099728145
233,2,129.90187008325492
233,6,73.39345254513526
233,7,2.3160034496441533
233,8,215.73708752143816
234,10,215.736924148242
234,12,83.05977095317404
234,14,6.002065495693116
234,17,205.24540414913105
234,18,1.0015709617416153
234,21,0.9979553554421221
234,22,83.05877902579377
234,23,205.2459176341829
234,24,6.005540937898438
234,27,215.73681380558702
234,29,79.02003865564168
234,2,129.90184379668742
234,6,205.24532626837188
234,7,6.0081497909926895
234,8,215.73771137410307
235,10,215.73750082306677
235,12,83.05857578730445
235,14,1.002260496702788
235,17,205.245936667579
235,18,1.0020533304724886
235,21,1.0009256607971508
235,22,167.42481002599013
235,23,205.24543674077478
235,24,6.005164177342111
235,27,215.73722229385817
235,29,205.24618426158082
235,2,5.999018038470264
235,6,205.24602781456903
235,7,6.00883661468931
235,8,215.73709857311746
236,10,215.73693478504754
236,12,6.000179108641108
236,14,1.0014369886094387
236,17,205.24542280900806
236,18,6.0020028347074
236,21,1.0000739825210658
236,22,141.7050478604647
236,23,205.24577676726338
236,24,6.0055978068443725
236,27,215.73675067063505
236,29,205.24669101838458
236,2,50.00531249879677
236,6,205.24545924952693
236,7,6.008258053857599
236,8,215.7377054765051
237,10,215.73753530097414
237,12,70.30609940354874
237,14,1.002308433243713
237,17,205.2460247270051
237,18,6.003483628635278
237,21,79.02132873661844
237,22,141.70590635447672
237,23,205.24539051062249
237,24,6.00507688360617
237,27,215.73707450699428
237,29,79.01942962687656
237,2,59.06860080582939
237,6,205.245921996166
237,7,2.3169546560517658
237,8,215.73708018565873
238,10,215.73694742924337
238,12,83.06137463414774
238,14,1.0014168162340855
238,17,205.245394854607
238,18,215.73710054110458
238,21,205.2460401117372
238,22,215.73689285079703
238,23,129.9008072328979
238,24,6.0055342360627835
238,27,215.73672981028787
238,29,15.007152038583591
238,2,50.00589304004995
238,6,205.24542230028743
238,7,1.0014000186653274
238,8,83.05993811560197
239,10,215.7375940087627
239,12,83.06060198674403
239,14,6.005023091219225
239,17,205.24601237352732
239,18,215.7376773164221
239,21,205.24664039912014
239,22,83.05958815684053
239,23,129.90010369218743
239,24,6.005171056675396
239,27,215.73698448999755
239,29,15.006148356831154
239,2,59.06870467376925
239,6,205.24575670037353
239,7,1.001896590191122
239,8,83.05909901457433
240,10,215.7369186642825
240,12,1.0009834144906682
240,14,6.004310199719139
240,17,205.24528829351496
240,18,215.73706719822195
240,21,205.2460572043954
240,22,83.05859658095245
240,23,129.90072306492144
240,24,6.005523347131058
240,27,141.70280992283622
240,29,17.738131162235238
240,2,59.07022494459956
240,6,205.24533180992077
240,7,1.0014411191903019
240,8,98.13448535229246
241,10,141.70318940251244
241,12,1.0003059339233866
241,14,1.0010805957219047
241,17,50.02682269509815
241,18,215.73760463916113
241,21,205.24658326373725
241,22,1.0009266280343887
241,23,205.2452516695435
241,24,0.999207358016541
241,27,215.7381096733851
241,29,17.736247028211515
241,2,50.004968018836315
241,6,79.01898713230707
241,7,1.002250824185106
241,8,215.7382258255129
242,10,141.70241658201553
242,12,1.000112684033784
242,14,5.086019399048764
242,17,50.02606356543463
242,18,83.05697962525836
242,21,205.24602243791585
242,22,1.0005189396293632
242,23,205.24561262376668
242,24,6.0056935510063445
242,27,83.05901167067319
242,29,6.0011677530624405
242,2,59.069899370665915
242,6,79.01853254411269
242,7,2.317110709725288
242,8,6.001916653562474
243,10,141.70327836745997
243,12,6.002965906652289
243,14,6.0038241266291354
243,17,50.02667889877045
243,18,83.0575905969394
243,21,205.24655150925227
243,22,6.003785698038467
243,23,205.24528514232102
243,24,207.86854471599216
243,27,1.0013742587462247
243,29,6.000115553138783
243,2,50.00494056085112
243,6,79.01919948061747
243,7,2.317887937688579
243,8,1.0016830921543214
244,10,215.73727478867858
244,12,83.05852794140611
244,14,83.05901016719956
244,17,5.999092826250021
244,18,141.70357138499367
244,21,79.01972455438535
244,22,107.15471640829753
244,23,205.24583568603987
244,24,207.8694390978471
244,27,1.0022047592698495
244,29,205.24603263976866
244,2,50.005643597609904
244,6,79.01850554510965
244,7,2.317127657409385
244,8,1.0012992022538274
245,10,215.7378536668409
245,12,215.7371322971096
245,14,141.7069978485891
245,17,50.02670090986504
245,18,215.73711160311345
245,21,66.88965540865124
245,22,215.73708549872242
245,23,205.24529514902724
245,24,6.005099258395159
245,27,1.0014851967267377
245,29,205.24565082999885
245,2,59.0685629346926
245,6,205.24583366038067
245,7,2.317644722357832
245,8,1.001936425296365
246,10,215.7372675490916
246,12,215.73683036181671
246,14,83.05898072538815
246,17,129.9064819910373
246,18,215.7367657107882
246,21,79.02191038359695
246,22,215.73682564544734
246,23,205.24573826459485
246,24,6.005309654435209
246,27,1.001403341257138
246,29,205.24599196451118
246,2,17.599536478706575
246,6,205.24548798839226
246,7,1.0011464575323012
246,8,1.0013726603284852
247,10,83.05924020531545
247,12,215.73712773375885
247,14,6.00310435908388
247,17,129.9181611936588
247,18,215.7371095277388
247,21,1.0005543091423288
247,22,215.73741358784184
247,23,2.31621653610203
247,24,6.005063438602975
247,27,1.002080387920163
247,29,205.24562392394236
247,2,17.598004137749086
247,6,205.24589165672936
247,7,1.001960583134748
247,8,6.003595957866189
248,10,6.0019311277060226
248,12,215.7368459844139
248,14,6.002058414228262
248,17,50.020931295598544
248,18,215.73681174753563
248,21,1.0012374304268263
248,22,215.7368354881236
248,23,1.001736055684332
248,24,1.0028003213645746
248,27,6.002025041990826
248,29,205.24621438102227
248,2,20.792951103442263
248,6,205.24551191842392
248,7,1.0012112009699843
248,8,83.06129327496386
249,10,1.0008497840656636
249,12,141.70461752059921
249,14,1.002296647091665
249,17,0.9965091585599462
249,18,215.73715472467148
249,21,1.0005308700446482
249,22,215.73740284579645
249,23,1.001558564834573
249,24,1.0022684790510858
249,27,6.002928425939662
249,29,205.24562815928263
249,2,6.00382352983432
249,6,205.24591035991253
249,7,1.001139816725507
249,8,6.00159907150795
250,10,1.0002988546855054
250,12,6.002130440826224
250,14,1.0016233620230581
250,17,0.9970155832599623
250,18,215.7367931128847
250,21,7.099547994064797
250,22,215.73683270278121
250,23,1.0023698159556371
250,24,1.002846747282664
250,27,136.9768339786578
250,29,79.02019832637056
250,2,1.0005211470177304
250,6,205.24538311721815
250,7,1.0019798358789611
250,8,6.000904822980275
251,10,1.0002712701398604
251,12,6.00281155980952
251,14,1.0020386476400223
251,17,0.996542089166943
251,18,215.73710535461746
251,21,6.004127318791718
251,22,215.7375067041804
251,23,1.0015572138446842
251,24,1.0022182863885662
251,27,136.97806568517794
251,29,79.01930937341955
251,2,7.101285464496473
251,6,1.001439626727226
251,7,2.318905007141783
251,8,6.001685605218556
252,10,83.06031927563652
252,12,7.093537493180825
252,14,1.0015780706922879
252,17,0.9973375044803472
252,18,215.73683653067636
252,21,6.004890883380998
252,22,215.73683278490944
252,23,1.0015635567702823
252,24,1.187547261916107
252,27,1.0024615952547098
252,29,79.02027846874125
252,2,1.0004022900668357
252,6,1.0020604470464862
252,7,1.0011101100543875
252,8,141.7035634144344
253,10,141.70633874810443
253,12,6.002936358846217
253,14,1.001849268819118
253,17,30.806790651875666
253,18,141.70240926025159
253,21,205.24597993680564
253,22,215.73744109089813
253,23,1.002285992357626
253,24,1.0022298053844612
253,27,1.0027579358241967
253,29,79.01933315754508
253,2,0.9998261922818559
253,6,1.0014705900329117
253,7,1.0017524118503065
253,8,215.73777483716415
254,10,6.002101041481126
254,12,83.05864951814976
254,14,1.0016533722332666
254,17,30.80822859818751
254,18,141.70174837768195
254,21,205.24643390372879
254,22,215.73682195934396
254,23,6.008401759218945
254,24,1.0028970125076269
254,27,1.1867002832424562
254,29,93.36122545263942
254,2,6.002116032255327
254,6,1.0021134995057714
254,7,1.0010731626811902
254,8,215.7372873555362
255,10,6.001282525308227
255,12,141.70515715257673
255,14,83.06035892156086
255,17,30.806709531712524
255,18,215.73790322587666
255,21,205.24597077938307
255,22,182.60262276266658
255,23,6.008872463093174
255,24,1.0022793018117753
255,27,1.1881018539046062
255,29,79.0192561069448
255,2,59.08180298067937
255,6,1.0014741296285594
255,7,2.3159253166396283
255,8,215.73754071621275
256,10,6.002025284023444
256,12,215.73669381911517
256,14,215.7366799363758
256,17,0.9988342883246055
256,18,215.73739064332682
256,21,205.24639281725808
256,22,182.60061249990568
256,23,2.316258390801252
256,24,15.615271931413966
256,27,1.0024745144967104
256,29,205.24605529947237
256,2,59.08027013904104
256,6,6.003475366944178
256,7,6.001501063121453
256,8,182.6011562362096
257,10,6.001326479522692
257,12,215.73716581282056
257,14,215.73727287815237
257,17,0.9985445371201047
257,18,215.73797665601572
257,21,205.2459648622917
257,22,215.737286143423
257,23,1.0007616627042468
257,24,6.005256440192271
257,27,1.003002805014657
257,29,205.24556046292753
257,2,50.00948476717188
257,6,79.0193036153397
257,7,6.00011850829642
257,8,182.602852847958
258,10,6.00124644476083
258,12,215.73673226392268
258,14,215.7367723370955
258,17,1.0014550123429036
258,18,141.70203031011698
258,21,205.24654094879182
258,22,215.73679827322945
258,23,1.0001143755786828
258,24,1.0013740114726568
258,27,83.05869844530051
258,29,205.24590979498666
258,2,129.90157964072182
258,6,93.3620889397891
258,7,6.001606595117647
258,8,215.73730376796283
259,10,83.06031639928902
259,12,215.7372044923821
259,14,182.60154485747233
259,17,1.182720246595295
259,18,141.7030288378513
259,21,205.24602003125523
259,22,215.73726022923472
259,23,2.3187552349679814
259,24,1.000874361084744
259,27,215.73792864391172
259,29,205.24556309424824
259,2,129.9019907956602
259,6,79.02004227536463
259,7,129.90173836620556
259,8,215.73791665922258
260,10,215.73705629298465
260,12,215.73669561800492
260,14,215.73669433093553
260,17,1.0013882440185098
260,18,215.73687880612786
260,21,6.001456935415139
260,22,83.05858444885894
260,23,2.318330420485398
260,24,1.0014984361671315
260,27,215.7373923272128
260,29,205.24594711576026
260,2,129.90156970512587
260,6,205.24622984600617
260,7,129.9021631442935
260,8,83.05894517956817
261,10,215.7375397699236
261,12,215.73710770199872
261,14,215.73592284702167
261,17,50.02683297354455
261,18,215.7373704472543
261,21,0.9996139735646734
261,22,6.002990488804802
261,23,2.3188284960914727
261,24,6.0027046668171815
261,27,6.003837809164698
261,29,173.720472683122
261,2,50.01372102879999
261,6,205.24570847151918
261,7,109.94948150382984
261,8,1.0023944385897252
262,10,215.7369879484507
262,12,215.73667299567677
262,14,215.7367295783905
262,17,50.027635086088395
262,18,215.73685662379748
262,21,79.02058444271152
262,22,6.002020859747029
262,23,2.3182839261715165
262,24,132.85179886115267
262,27,6.003369619397357
262,29,205.24624761525757
262,2,6.001300596460621
262,6,205.24630317666697
262,7,129.90182252278962
262,8,1.0014982606719176
263,10,215.73739187864183
263,12,215.73707229903778
263,14,215.73711299333397
263,17,50.02693247945701
263,18,215.73734501180797
263,21,79.0212186334133
263,22,1.0017226835813844
263,23,1.967329276969478
263,24,207.8692646544817
263,27,7.097336841268925
263,29,205.24561108969502
263,2,1.0007470130199074
263,6,205.24567596171946
263,7,129.90174948426287
263,8,1.002226007780206
264,10,215.73702739679229
264,12,215.7366844883674
264,14,83.05852699825215
264,17,6.001268399766454
264,18,215.73685177859338
264,21,79.02064182851075
264,22,1.0011022994945655
264,23,1.9666524159793335
264,24,207.86879525967151
264,27,5.085834519041364
264,29,205.24623419841433
264,2,6.001257794783622
264,6,79.01938471046842
264,7,129.90222473500626
264,8,1.0013908682420665
265,10,215.73747421636932
265,12,215.73720582032186
265,14,1.0024457736893302
265,17,6.00080040056702
265,18,215.73738941279498
265,21,6.000327631339219
265,22,1.0019885360475556
265,23,2.3189520551562692
265,24,175.9425825047377
265,27,5.085100951484184
265,29,205.24557841121577
265,2,50.01333095117018
265,6,79.018406093499
265,7,129.90166327782316
265,8,6.003209634905796
266,10,83.05883954475115
266,12,215.73667894503515
266,14,1.0016313213106756
266,17,6.001591014618692
266,18,182.60055760517858
266,21,79.02057105529896
266,22,83.05997798615182
266,23,1.001949154093814
266,24,207.8688183258487
266,27,6.004534137147066
266,29,205.24613511321581
266,2,129.90155715508524
266,6,79.0192807101815
266,7,1.0030023497962883
266,8,83.05875001642819
267,10,6.0026241734397034
267,12,141.70220428288525
267,14,1.0023079209178816
267,17,129.91996294881534
267,18,215.73744819587355
267,21,205.24746918733837
267,22,83.06069049795289
267,23,1.0027212078394196
267,24,207.86928144143465
267,27,6.0037303396471
267,29,79.02075039623112
267,2,109.95137761419772
267,6,129.90265648843194
267,7,1.0025020237716449
267,8,83.06021252113659
268,10,6.001793843079424
268,12,182.60044156809633
268,14,6.004945457334875
268,17,6.0005998299251875
268,18,215.73684605784513
268,21,1.000232979135867
268,22,83.05995962605874
268,23,1.0019369247687697
268,24,207.86880444156571
268,27,6.004473651471971
268,29,93.3644222399236
268,2,129.9010140114747
268,6,129.90366640940294
268,7,1.003392721018007
268,8,215.737085213102
269,10,6.002674954265447
269,12,215.7372645164598
269,14,1.1860178769575915
269,17,0.9990518146207208
269,18,215.73745767585902
269,21,1.0007159307131115
269,22,5.086277599938098
269,23,1.0027686927005668
269,24,207.86915145769078
269,27,1.0010459074014877
269,29,79.01942400834834
269,2,153.47941399668474
269,6,129.9026632650011
269,7,1.186900587609836
269,8,215.73769860963228
270,10,6.00176372574488
270,12,215.73670010114088
270,14,1.0015793245301223
270,17,50.02786927851885
270,18,215.736875702783
270,21,79.02154087060273
270,22,6.003327784448547
270,23,1.0019778509093005
270,24,207.8688310635941
270,27,1.0018794129094424
270,29,79.02073007283283
270,2,153.47991246744655
270,6,129.90365813104165
270,7,1.003433479023104
270,8,182.6008879909865
271,10,6.002715445866869
271,12,215.7373908343796
271,14,1.0021392532025635
271,17,50.027423849218515
271,18,215.73750058373665
271,21,66.8887346833464
271,22,6.003641984594092
271,23,1.0020345198875686
271,24,207.86924480615525
271,27,1.001047845030735
271,29,79.01943004007401
271,2,129.90243113742818
271,6,79.01835505043454
271,7,1.002506086778645
271,8,215.73768712819677
272,10,6.001794375401662
272,12,215.73673033711523
272,14,6.002022583093285
272,17,1.0017022728275533
272,18,215.73684052956193
272,21,79.01970777638384
272,22,1.0013972978455739
272,23,1.0026618797304776
272,24,207.8688310081704
272,27,6.003860918494048
272,29,79.02084435123703
272,2,129.90197837030775
272,6,79.01925922814523
272,7,1.0033183547971163
272,8,215.73711603666848
273,10,83.0601780754287
273,12,215.7373057894159
273,14,83.05967715445726
273,17,1.00131052535174
273,18,83.06054824410994
273,21,79.02134253869825
273,22,1.0023282239084628
273,23,1.0019551534544098
273,24,207.86925750769396
273,27,215.73670343237148
273,29,1.0018682100599623
273,2,129.90247186517237
273,6,79.01829864153484
273,7,1.00247027562171
273,8,215.73752520668907
274,10,215.7372445971376
274,12,141.70175870383085
274,14,215.7370465122666
274,17,1.0021090685194656
274,18,1.0015686148470264
274,21,205.246130651737
274,22,1.0014871848914906
274,23,1.0025324650144585
274,24,207.8688307361603
274,27,215.737043287202
274,29,1.0028270472213512
274,2,153.47803536288495
274,6,205.24605733706764
274,7,50.01475910365451
274,8,182.60084122709202
275,10,215.73764984683876
275,12,141.7027927149087
275,14,215.73734464055588
275,17,1.001288911434047
275,18,1.0026418074684518
275,21,205.24652667606557
275,22,1.002226527367032
275,23,1.001895798888885
275,24,207.86936899539134
275,27,215.73675862874487
275,29,1.0018681712567172
275,2,129.90242199145823
275,6,205.24559877479467
275,7,50.014056100694404
275,8,215.73772243715752
276,10,215.7372044702003
276,12,215.73769453905712
276,14,83.0597184141557
276,17,6.003364692738002
276,18,1.002017948193731
276,21,205.24610937321046
276,22,83.05872698446458
276,23,2.3173226896011876
276,24,207.86886308842546
276,27,215.7373596661998
276,29,1.0025127320832299
276,2,129.90201581043684
276,6,205.24598149868325
276,7,50.014797121315425
276,8,215.73712763241025
277,10,36.24606711317837
277,12,6.001428122411406
277,14,98.13624628260602
277,17,153.49718687726994
277,18,1.001513348472681
277,21,205.2464442879089
277,22,83.06022444324408
277,23,6.008130453482027
277,24,175.94262414954622
277,27,215.73674002501147
277,29,1.0018345591358475
277,2,205.24793277267582
277,6,205.24549576248637
277,7,1.0004395502388812
277,8,215.73750931033308
278,10,36.24442749757787
278,12,6.000959882908858
278,14,1.0014182853582474
278,17,205.2465229174157
278,18,1.0024447549589945
278,21,1.0007991341306477
278,22,215.73703732817563
278,23,6.008624480023316
278,24,175.94097031540295
278,27,215.7373143558348
278,29,1.0025260371627818
278,2,129.90202741732563
278,6,129.9027958609359
278,7,1.0009673776161216
278,8,215.7370465041937
279,10,36.2464765989356
279,12,6.001627658988308
279,14,1.001961327249
279,17,205.24573193665336
279,18,6.002086718601446
279,21,1.0012046083795454
279,22,215.73751479208988
279,23,6.008131454941765
279,24,175.94213333811607
279,27,215.73671991177042
279,29,1.0018756060229945
279,2,129.90233539651206
279,6,153.47758713752546
279,7,6.004945294754166
279,8,215.73732393129262
280,10,83.05889798575213
280,12,83.05856254950962
280,14,1.0014153675566053
280,17,59.09742464091982
280,18,141.70537911160673
280,21,1.0008018280166073
280,22,215.73704352524393
280,23,1.0028079581194493
280,24,207.86883537063852
280,27,215.7371487107801
280,29,5.728498006591723
280,2,129.90205113709362
280,6,79.01791841357901
280,7,1.0008584252703052
280,8,15.00019216114273
281,10,215.7376484130807
281,12,215.7373044855702
281,14,1.002051251891917
281,17,5.999033899130608
281,18,215.73722300086206
281,21,205.246509719153
281,22,83.05947484099217
281,23,1.002184284188722
281,24,207.86923849508457
281,27,215.73674252437107
281,29,6.002064512750024
281,2,153.47986339207574
281,6,129.9026016483543
281,7,1.0003556032861027
281,8,6.000255839014783
282,10,215.73719005810617
282,12,215.73681371070867
282,14,1.0014597373107659
282,17,5.996713491925858
282,18,215.73789391179636
282,21,205.24612776394451
282,22,0.9991122436946753
282,23,1.0028394244414214
282,24,207.86887647989343
282,27,215.7371633043387
282,29,6.00280901485533
282,2,129.90108770597928
282,6,129.90333502400804
282,7,50.01236147954212
282,8,83.05880011244876
283,10,215.7377117669152
283,12,215.73723787198807
283,14,83.05839573288995
283,17,26.713326351305994
283,18,215.73717326546281
283,21,205.2465057776255
283,22,6.002123857115496
283,23,1.1860237365610962
283,24,80.02734954293938
283,27,215.73669262334187
283,29,6.001957460197858
283,2,0.9997905025779552
283,6,66.88626468976341
283,7,129.90266193971837
283,8,141.70781054068965
284,10,215.73719681711592
284,12,182.6006923248823
284,14,215.7366623335752
284,17,59.09805442867348
284,18,83.05992851209767
284,21,79.01667125823609
284,22,83.05861630218641
284,23,1.0028472671781898
284,24,175.94089036419376
284,27,215.73729698231438
284,29,205.24540693320628
284,2,1.0004007622653521
284,6,6.000488897891316
284,7,129.90204926141757
284,8,83.05710674243737
285,10,215.73773224081236
285,12,215.73725557467122
285,14,182.59993312497772
285,17,6.000489711615121
285,18,1.0021911852545244
285,21,205.24650337744293
285,22,83.06036793956083
285,23,1.0021764585718547
285,24,207.86911166080893
285,27,215.73674437510607
285,29,205.24587834457546
285,2,6.0093771798322155
285,6,79.02069262835874
285,7,50.01047773408071
285,8,83.05795525169101
286,10,83.0586044192468
286,12,215.73677731708764
286,14,215.73664037394963
286,17,59.096597153097534
286,18,1.0028609561278818
286,21,205.2461334995402
286,22,215.73692646761714
286,23,6.002054388603631
286,24,67.74296995239908
286,27,215.7372954653718
286,29,205.2454384026954
286,2,6.009961279649327
286,6,79.02157504069652
286,7,109.95016860991875
286,8,215.73741433873838
287,10,1.0009693157929611
287,12,215.73725649100126
287,14,215.73643248771359
287,17,153.494883735531
287,18,1.0022200209794558
287,21,205.24652845686714
287,22,215.7373521638668
287,23,7.081569566376504
287,24,80.03263467103125
287,27,215.73676491027337
287,29,205.24576640357952
287,2,6.00944200849063
287,6,79.02071241123136
287,7,129.90245050086733
287,8,215.73765841495634
288,10,83.05862586367058
288,12,215.73676987813772
288,14,215.736921280881
288,17,153.49575239174652
288,18,1.0029450807375877
288,21,205.2461684779599
288,22,215.73691335797014
288,23,7.082320615762532
288,24,6.000442567049626
288,27,215.73732504065381
288,29,205.24541800894818
288,2,1.0004708935852857
288,6,6.002841863072763
288,7,129.90203452104527
288,8,182.6014479479521
289,10,83.05931356020378
289,12,215.73716326242825
289,14,215.73643977916979
289,17,129.90882261860156
289,18,1.18620660350203
289,21,79.02105832695662
289,22,182.60267828984894
289,23,5.997323015938935
289,24,6.0009594937755315
289,27,215.7367013471839
289,29,205.2460247061772
289,2,0.9998583690430118
289,6,1.0010514390243115
289,7,129.9025755891838
289,8,182.60243349926608
290,10,215.7369472183571
290,12,1.0018476344058342
290,14,215.7368264310515
290,17,153.49570644562826
290,18,1.0029334416169826
290,21,5.999189049561351
290,22,182.60076496177385
290,23,5.99784440593402
290,24,80.0295648704821
290,27,215.7373296960772
290,29,205.2454722385206
290,2,6.010185737279287
290,6,1.0018208854359276
290,7,129.90192830978802
290,8,182.60148526445403
291,10,215.73738504947235
291,12,1.0024512832176722
291,14,215.73644497444977
291,17,129.90890183702726
291,18,215.7371254178523
291,21,79.02157546284057
291,22,182.60211966112544
291,23,5.997388536851276
291,24,80.03113631973339
291,27,6.00115780460987
291,29,205.2457217323039
291,2,6.009733852710462
291,6,1.0011765558394208
291,7,6.001243812769748
291,8,215.73790813753814
292,10,215.73696897182387
292,12,1.0018594565601466
292,14,215.73701755615687
292,17,153.49586359210124
292,18,215.7377153994058
292,21,79.02068495991115
292,22,215.73690392784295
292,23,5.997285020978008
292,24,132.85386854547826
292,27,6.0020292572613245
292,29,205.2454493550894
292,2,0.9999518828611889
292,6,1.0011283907015063
292,7,6.000393158357641
292,8,215.73743317776294
293,10,215.7373366871206
293,12,1.002516350916145
293,14,215.7364639824548
293,17,153.49493647469671
293,18,215.73719516513222
293,21,6.000371752958054
293,22,215.73733379556577
293,23,7.082059660776298
293,24,132.8544591322968
293,27,6.001120451325304
293,29,205.24594259271592
293,2,6.009666697297002
293,6,79.0209664807812
293,7,129.90280447826635
293,8,83.0599336523839
294,10,215.73700956873526
294,12,1.001756628589276
294,14,215.73700066066235
294,17,59.09785336027205
294,18,83.0601475280744
294,21,129.90248675305276
294,22,215.7369280285585
294,23,7.0815269208980505
294,24,0.9993718930626514
294,27,215.73787936028518
294,29,205.24545374247666
294,2,6.010017647685779
294,6,205.2453074536427
294,7,129.90244102689692
294,8,1.0013464257623879
295,10,215.73757959060913
295,12,83.06180871005908
295,14,215.73642480573633
295,17,50.0278028618079
295,18,5.999141191935382
295,21,129.9029288559331
295,22,215.7374057391075
295,23,7.082283211016874
295,24,80.02817315133724
295,27,215.73739430098527
295,29,205.24573711552665
295,2,1.0015444662987862
295,6,205.24591255246403
295,7,50.01358109082742
295,8,1.0019815861439314
296,10,215.73696869468012
296,12,1.0021539561609112
296,14,215.73693062729754
296,17,50.029118924138416
296,18,215.73713482997343
296,21,129.9024488396984
296,22,215.73690352579274
296,23,7.081546652168659
296,24,207.8707189665059
296,27,83.05755449926065
296,29,205.2454601601116
296,2,1.002177896765157
296,6,205.24533135864522
296,7,5.999355338683094
296,8,1.0013442937723287
297,10,182.60233642175635
297,12,1.0017669342712203
297,14,215.73644616204754
297,17,59.100101116045934
297,18,215.73698842088348
297,21,79.02156009547662
297,22,215.73718758375244
297,23,7.080661716211224
297,24,94.54994936728093
297,27,83.05680525708995
297,29,205.24604377786122
297,2,1.0015217711376634
297,6,205.24588740732946
297,7,129.9027684658096
297,8,1.0018455500844157
298,10,215.73696245871133
298,12,1.0024306703738688
298,14,215.73705446934437
298,17,0.999778275749291
298,18,215.73719938122903
298,21,5.084208295382389
298,22,83.05816444932988
298,23,5.997383254116625
298,24,1.0008583952767474
298,27,215.73729008032802
298,29,205.2454419626985
298,2,1.0023482013185898
298,6,205.24533927058877
298,7,129.9022261350283
298,8,83.05883578587569
299,10,215.73732748617286
299,12,1.0017800619023687
299,14,215.73645036316043
299,17,6.000823267661309
299,18,215.73694853517455
299,21,6.003963988567638
299,22,98.13140505279921
299,23,5.998145309200746
299,24,1.0016189690951371
299,27,215.73686340355346
299,29,205.24595620576807
299,2,1.001532912435052
299,6,205.24598387163707
299,7,129.9026431550408
299,8,215.7372990905998
300,10,215.73696044707387
300,12,1.0024351162991154
300,14,215.73683342684805
300,17,59.098425814682784
300,18,215.73731539567262
300,21,6.003194701813255
300,22,83.0581806678621
300,23,5.997423359898343
300,24,1.0008660054931955
300,27,182.60202290719954
300,29,205.24546020572703
300,2,6.0033186763302
300,6,205.24535024674933
300,7,1.0011137578133962
300,8,215.73693320346686
301,10,141.70474578606928
301,12,1.0018528082429876
301,14,182.59997321971426
301,17,205.2456702101333
301,18,83.05694924067791
301,21,1.0019033324291602
301,22,83.05867298461388
301,23,5.997983702501822
301,24,80.03127229187588
301,27,215.73684879937207
301,29,205.24582634641772
301,2,6.010582827471432
301,6,205.24558357227312
301,7,1.0020418494859502
301,8,215.7374332039765
302,10,83.05714110631256
302,12,1.002549501074581
302,14,215.73677083702523
302,17,205.24640767291302
302,18,83.05775952940125
302,21,1.0012308109922907
302,22,83.05818164617718
302,23,7.078411337690702
302,24,132.85296367390163
302,27,215.737408305867
302,29,205.2454006197081
302,2,1.000125266584857
302,6,205.24526904614294
302,7,1.0011022707214794
302,8,215.73694150940887
303,10,83.05792177974187
303,12,98.13224879762546
303,14,215.73643300936808
303,17,205.24579676456048
303,18,215.73693552825785
303,21,1.0020289371224491
303,22,83.05884345383434
303,23,34.46508263830181
303,24,112.44953458347598
303,27,215.7368441973837
303,29,205.2458901990887
303,2,6.008800819762374
303,6,205.2458014117336
303,7,6.003709745475483
303,8,215.7374123955186
304,10,215.7372003487458
304,12,83.05926561078225
304,14,141.70411954176043
304,17,205.24640733036614
304,18,215.73745223933892
304,21,79.02112575651749
304,22,83.05819882560588
304,23,7.078391922200488
304,24,207.86867922851854
304,27,215.73725823875697
304,29,205.2454615044265
304,2,15.634622965500778
304,6,205.24534029319457
304,7,6.002037366568394
304,8,215.73694281646763
305,10,215.73763295539135
305,12,83.0587731739706
305,14,83.0577207063987
305,17,205.245796726833
305,18,215.73688812140594
305,21,66.88819268002614
305,22,215.73862434999856
305,23,2.7266107936456985
305,24,207.8692629587588
305,27,215.73685616440335
305,29,205.24602108259182
305,2,15.634031568792505
305,6,205.2457152756174
305,7,129.90257512365488
305,8,215.73730863466412
306,10,215.73716687954612
306,12,141.7059975659154
306,14,83.05829719537803
306,17,205.24640984699397
306,18,215.73741098869556
306,21,129.90130658729325
306,22,184.55838977558605
306,23,1.0004601416380776
306,24,207.86872487287368
306,27,215.7373013212677
306,29,205.24545735717615
306,2,6.008756287713254
306,6,205.24531842522376
306,7,109.95044482524013
306,8,215.73691769617614
307,10,215.73757823142287
307,12,119.94096343726152
307,14,83.05769246690652
307,17,205.245778006927
307,18,215.7368858618386
307,21,205.24683470456776
307,22,6.0012581498515685
307,23,1.001091815155446
307,24,207.86925336938245
307,27,215.73684112904823
307,29,79.01974218454663
307,2,1.0025142682561956
307,6,205.24593432107716
307,7,129.90256617141472
307,8,215.73735885103966
308,10,83.05587535714552
308,12,141.70608743554453
308,14,83.05866875445165
308,17,205.24631965461955
308,18,215.73735334595523
308,21,205.24639818512028
308,22,6.001216119705116
308,23,2.7258322325236284
308,24,207.86872718731644
308,27,141.70413127476348
308,29,79.01902146996358
308,2,1.0021222633222635
308,6,205.2455569862032
308,7,129.9021325134439
308,8,215.73692259220397
309,10,141.7056398511453
309,12,141.70530925791405
309,14,215.73747559064572
309,17,205.2457059007674
309,18,215.73688633152074
309,21,205.24689981713246
309,22,6.001967372088485
309,23,2.7272604738474566
309,24,207.86926444050715
309,27,15.013007921517474
309,29,79.01988531530392
309,2,1.187637052243752
309,6,6.001983162003448
309,7,42.33842749247961
309,8,215.73742851830707
310,10,141.70547293672163
310,12,83.0575317698943
310,14,182.60353595745738
310,17,129.9005044547535
310,18,182.6017668081002
310,21,79.02298233940894
310,22,6.0012678736203
310,23,6.001576004890501
310,24,207.86876139553237
310,27,70.31035702560818
310,29,79.01899694840215
310,2,6.0104638592353945
310,6,1.0005001669192017
310,7,42.33701410206503
310,8,215.7369511028385
311,10,141.7056527529596
311,12,83.0569875703938
311,14,182.60238471102895
311,17,129.89962651716226
311,18,207.02551780463685
311,21,6.000601237225394
311,22,83.06013868485095
311,23,7.083056822301219
311,24,207.8693653041285
311,27,83.06226301722816
311,29,79.01981855740476
311,2,1.002075222505641
311,6,1.000047976320137
311,7,50.015819328941745
311,8,215.7372984507511
312,10,83.05901113745192
312,12,215.73751597896083
312,14,215.73782621181053
312,17,205.24634232064577
312,18,215.73714113131183
312,21,93.3677232467586
312,22,215.73677794840833
312,23,6.002164027135776
312,24,207.8687016967227
312,27,6.003512225408461
312,29,129.9027433000063
312,2,1.0028196637999702
312,6,6.000353400520304
312,7,50.01496944854964
312,8,215.7369004130622
313,10,83.05967482616528
313,12,215.73715226379966
313,14,83.05876215773068
313,17,205.24591268604877
313,18,215.73687817904838
313,21,93.36936458881137
313,22,215.73734429536296
313,23,2.7242845736882364
313,24,207.86908078583093
313,27,1.0015612624310037
313,29,109.95269303533773
313,2,1.0021066602778008
313,6,22.198395917105344
313,7,6.002160191777913
313,8,215.73734844987578
314,10,5.999123617361892
314,12,215.73778509041185
314,14,83.05939046629655
314,17,205.2463955618458
314,18,141.70474819558194
314,21,66.8862919253135
314,22,215.7367951261173
314,23,2.7248994234524373
314,24,207.86869187912743
314,27,1.0021597403880271
314,29,109.95112061501588
314,2,1.0028492780993004
314,6,18.78984074087196
314,7,6.001345149129791
314,8,215.73690653499517
315,10,83.05971657480755
315,12,215.7372299068317
315,14,98.13254595274925
315,17,205.24589353558554
315,18,1.0009230120838888
315,21,79.02164821079442
315,22,215.73719291005386
315,23,7.082941868902497
315,24,1.0015325095561378
315,27,1.0014907907146915
315,29,205.24612296666578
315,2,1.0020451699736999
315,6,205.2455471617941
315,7,6.002212334453201
315,8,215.7373246713267
316,10,215.736915821134
316,12,83.05865466886887
316,14,83.06004516469456
316,17,205.24633299444218
316,18,1.0007080462718303
316,21,79.02082503398073
316,22,215.73679918021475
316,23,6.000772846823482
316,24,1.0009866035643675
316,27,1.0023611275293627
316,29,205.2455971523533
316,2,1.002827672442769
316,6,205.245936443311
316,7,6.001405198197071
316,8,215.73690406197755
317,10,215.7375447659594
317,12,6.001858565031683
317,14,6.001842284544422
317,17,79.01852832692433
317,18,1.001289845541498
317,21,79.02131717695964
317,22,215.7373744768396
317,23,2.725295327688893
317,24,6.006229020968843
317,27,83.05894416684157
317,29,205.2460750305285
317,2,6.008792497934113
317,6,173.7206120542973
317,7,59.09186521565169
317,8,215.73737271228967
318,10,215.7369255341595
318,12,6.001269218686403
318,14,1.0000976658741747
318,17,79.01931557472345
318,18,6.0020316858098095
318,21,6.001972050505984
318,22,215.73678401748185
318,23,2.725955649747566
318,24,1.0017021707623206
318,27,215.7367424710217
318,29,205.24561662699932
318,2,205.24593868861137
318,6,205.24599405031543
318,7,50.01310168089801
318,8,215.7369018317169
319,10,215.73743589355922
319,12,6.001961777083578
319,14,6.001887245851776
319,17,79.01841061725759
319,18,83.06555703554211
319,21,1.0023882804661914
319,22,215.73725516267527
319,23,2.7253488820099205
319,24,1.0009725264958185
319,27,215.7373130347996
319,29,205.24623201331104
319,2,205.24566557847072
319,6,205.24558061014181
319,7,50.01392056175302
319,8,215.73739487325525
320,10,215.73692062227803
320,12,6.001271196264019
320,14,6.002567706594789
320,17,205.24420481184262
320,18,70.31351333069496
320,21,1.001684353426949
320,22,83.05867611103596
320,23,3.2197129365717325
320,24,6.003598663208564
320,27,215.73678970632693
320,29,205.24563551478766
320,2,205.2458655868687
320,6,205.245977628723
320,7,50.01314329702349
320,8,141.70232850464998
321,10,215.73738349589792
321,12,83.05972468180445
321,14,83.05858039889671
321,17,205.24574114404842
321,18,70.31502919436849
321,21,1.0022019690798718
321,22,6.003395848162148
321,23,2.725318621220942
321,24,132.09192398196822
321,27,215.73721101078004
321,29,205.24615539635695
321,2,205.24564728342787
321,6,6.0014109735818995
321,7,50.014007354051806
321,8,141.70304013016963
322,10,215.7369458509723
322,12,197.92678493892328
322,14,215.73700022949376
322,17,205.2462742334764
322,18,215.73730523831628
322,21,1.001683785142542
322,22,6.002145484633689
322,23,2.726307272773873
322,24,207.87018273114788
322,27,215.73677239173622
322,29,205.24559579645486
322,2,205.2460285776302
322,6,6.002200578961573
322,7,205.24572180519337
322,8,141.70239982333808
323,10,215.7375416526434
323,12,215.73842683443615
323,14,215.73648627337153
323,17,205.24577017057945
323,18,215.737813619253
323,21,1.002272228303914
323,22,6.003678684755999
323,23,6.001824160599554
323,24,80.0287271037443
323,27,215.73713515426812
323,29,6.003218880418127
323,2,205.2456497796388
323,6,6.001452041691253
323,7,205.24635896952594
323,8,215.73755911158014
324,10,215.73694833136204
324,12,141.70364064434864
324,14,215.73702024373438
324,17,205.2462608944828
324,18,215.7373803228669
324,21,1.0017092318757266
324,22,6.00212708157917
324,23,2.724876618120513
324,24,80.02947866067228
324,27,83.05576535960061
324,29,1.0013472566419876
324,2,173.7224817661274
324,6,6.002068478631099
324,7,205.2457857929205
324,8,215.73709270927108
325,10,215.73750574658015
325,12,6.000127194459518
325,14,215.7365264374973
325,17,205.24585352124151
325,18,83.05863639659715
325,21,79.02107846808954
325,22,6.003656047798465
325,23,5.081597173990007
325,24,94.5520408190969
325,27,215.7370242578212
325,29,1.0019254009468108
325,2,205.24570865951742
325,6,79.01718988431287
325,7,205.24624910498113
325,8,215.73757507643862
326,10,215.73689510947807
326,12,15.001835036519802
326,14,215.73700663456398
326,17,205.24644615308745
326,18,48.47361353879526
326,21,205.2458048997048
326,22,6.002123597099762
326,23,6.0020990749445025
326,24,6.0009825201310125
326,27,215.73673756272433
326,29,1.0014299746465154
326,2,205.24631565384163
326,6,190.0408716725469
326,7,205.24573707404838
326,8,215.73707079374208
327,10,215.73754894259898
327,12,6.000773944908748
327,14,215.73653059860504
327,17,205.24581741184483
327,18,5.999356542402698
327,21,205.24635237470548
327,22,1.0017058059309951
327,23,7.0813461382674046
327,24,80.02906864127976
327,27,215.73714219649477
327,29,1.0023200088664792
327,2,205.2457201326747
327,6,205.24542717885606
327,7,205.24624571792108
327,8,215.7374617015017
328,10,215.7369460645056
328,12,83.0586965591875
328,14,215.7369724925315
328,17,205.24625791476845
328,18,0.999293184075019
328,21,205.24579742544657
328,22,1.0011959797082675
328,23,7.0820960132591
328,24,207.86971794812956
328,27,215.73674537207415
328,29,6.0023410072229195
328,2,205.24615992424313
328,6,205.24588493682927
328,7,79.01884113836206
328,8,215.73709381983625
329,10,215.73752093464344
329,12,215.7367705338396
329,14,215.73653436057697
329,17,205.24579614709236
329,18,0.9987972083090444
329,21,205.2463066039705
329,22,1.0019941243018753
329,23,7.081346778509741
329,24,207.86920735360184
329,27,215.73723231832935
329,29,6.377551690587965
329,2,205.24567223101567
329,6,205.24544839105653
329,7,15.000166615419072
329,8,215.73741337766097
330,10,6.000314424337155
330,12,215.73734823621547
330,14,215.73715592068052
330,17,205.24626272413582
330,18,1.0007587553981896
330,21,205.2458020991133
330,22,83.05862380740955
330,23,6.00153936631735
330,24,207.86969425918383
330,27,215.73679171157227
330,29,6.3792253119380575
330,2,205.24610058486854
330,6,205.2459781361516
330,7,79.01883230774894
330,8,83.05687343665394
331,10,6.001136038766324
331,12,215.73681670770415
331,14,215.7365364514258
331,17,79.01950764808367
331,18,6.002112130671261
331,21,205.24629877901955
331,22,215.7373592506205
331,23,2.7247574349310417
331,24,80.026550608471
331,27,215.7372737422281
331,29,16.567345103166218
331,2,79.01962719945014
331,6,205.24548348434135
331,7,205.2465099661351
331,8,83.05784319570603
332,10,83.05897840646844
332,12,215.7373625635344
332,14,215.73699197083516
332,17,1.0015816379804585
332,18,6.0030872212315325
332,21,205.24578800153606
332,22,215.73694927236693
332,23,2.725413755690626
332,24,132.85236710277982
332,27,215.73676068140344
332,29,6.37818688582077
332,2,79.02009017887663
332,6,205.24596681772522
332,7,205.24630216010203
332,8,215.73743991660342
333,10,83.06085069198713
333,12,215.7368642268011
333,14,83.05851482747578
333,17,1.0010749680428628
333,18,215.73742181922145
333,21,205.24621350283994
333,22,215.73749416321422
333,23,2.7247106876618625
333,24,207.86896293825453
333,27,215.73715777980306
333,29,1.0009393257320616
333,2,79.01933404736629
333,6,205.24542269658633
333,7,79.01925952389611
333,8,182.60226863474034
334,10,215.7372423690949
334,12,215.73730340542156
334,14,6.001193479590741
334,17,1.0014645493580474
334,18,215.737786212999
334,21,205.2457839425425
334,22,215.73693969470008
334,23,6.001702400720818
334,24,207.86930275882332
334,27,215.73678700885463
334,29,1.0015436093869257
334,2,6.000633653619001
334,6,205.24586207825197
334,7,79.01851818424687
334,8,182.60128479798706
335,10,215.73779828878128
335,12,83.0579688262988
335,14,6.000496221908886
335,17,1.0011019443853986
335,18,83.05821213352392
335,21,205.2462074814383
335,22,215.73721952489348
335,23,7.0812427128686535
335,24,175.94151062360248
335,27,215.73723667938538
335,29,1.0009202245060367
335,2,79.01937637318477
335,6,173.72035252130013
335,7,79.01942065206364
335,8,215.73789047619798
336,10,215.73720769357905
336,12,6.000589556690676
336,14,83.06041925960378
336,17,6.001989276129085
336,18,83.05852095513123
336,21,205.24577334487734
336,22,83.05752707974679
336,23,7.081898179930137
336,24,207.86955566803158
336,27,215.73674218290873
336,29,1.001039213929543
336,2,205.246928194499
336,6,129.90004224878248
336,7,142.09979932757082
336,8,215.73740650647446
337,10,215.7377166140967
337,12,83.0580515622709
337,14,215.7365919524772
337,17,6.003268299289938
337,18,6.274760881122147
337,21,205.246050734509
337,22,83.0583044956196
337,23,7.081104703839065
337,24,207.86906048714167
337,27,215.73720813076108
337,29,16.56728451069602
337,2,205.24638922985488
337,6,205.2453183528663
337,7,120.27378764820648
337,8,199.6200073492088
338,10,83.05895175779177
338,12,215.73716602771876
338,14,215.73715793264617
338,17,6.001994160735092
338,18,215.73698215555928
338,21,205.24577967744705
338,22,83.05754593220212
338,23,7.081965638426423
338,24,207.86943014531212
338,27,215.73677214268383
338,29,16.566428888006204
338,2,129.90303690025416
338,6,205.24564990320104
338,7,142.0986325045619
338,8,83.06002641369801
339,10,6.000940609103159
339,12,215.73689607211804
339,14,215.7365097440744
339,17,79.02118150975662
339,18,215.73672191284484
339,21,205.24621033791837
339,22,215.73734548264866
339,23,6.00014487876393
339,24,6.000123256955044
339,27,215.73728293852233
339,29,16.566886407333524
339,2,66.9007721057344
339,6,129.90001441162858
339,7,120.27345298340124
339,8,83.06070346996859
340,10,6.0002220067358625
340,12,215.73740683054967
340,14,215.73697075585235
340,17,79.02064362909267
340,18,215.7372293696356
340,21,205.2457779602054
340,22,215.73686543225492
340,23,2.726163730469305
340,24,6.000635611707528
340,27,182.60033127424833
340,29,6.377382874181904
340,2,66.90243758938271
340,6,79.01827073908296
340,7,120.27323912938152
340,8,98.13510748115569
341,10,83.06164153436966
341,12,215.7367909845741
341,14,215.7365370280776
341,17,79.02153399195107
341,18,215.7367303282082
341,21,205.2461253326219
341,22,215.73736063221463
341,23,2.725444787980755
341,24,94.55569589556322
341,27,215.73731949478898
341,29,1.0018036809435253
341,2,79.029253042014
341,6,205.24561782572027
341,7,205.2460890991065
341,8,98.13662363702656
342,10,83.06092089563995
342,12,215.73717950599143
342,14,215.73708467470442
342,17,79.02068583645517
342,18,215.7370742306366
342,21,205.2458040368983
342,22,215.736859528475
342,23,2.726375251654771
342,24,94.55675824985283
342,27,215.73674787247933
342,29,1.1837779731492324
342,2,1.000093775854177
342,6,205.2461436187463
342,7,205.2455780580614
342,8,98.13517125469798
343,10,1.0018287523159897
343,12,215.73676006913183
343,14,215.73650653251906
343,17,1.001923125019931
343,18,215.7367140106666
343,21,205.24624034505555
343,22,215.73726229807306
343,23,2.7254874388192363
343,24,80.03064255899743
343,27,215.7372367821452
343,29,1.00183703090274
343,2,1.0005919940218533
343,6,205.24562625548432
343,7,205.2461744504979
343,8,6.002037987260521
344,10,1.0014278562434349
344,12,1.002399350458858
344,14,215.73699923184117
344,17,1.001393444518893
344,18,215.73720531838262
344,21,205.2458077874741
344,22,215.73683245887227
344,23,2.7262279463262633
344,24,94.55695750234374
344,27,215.73670400029312
344,29,1.0012237339636814
344,2,6.0048391419878815
344,6,205.24601796704047
344,7,205.2456435432841
344,8,6.0011286685265
345,10,1.0015872629643612
345,12,1.0014893874685624
345,14,215.73650110826938
345,17,1.0021283406081452
345,18,215.7367422797497
345,21,205.24620312461184
345,22,141.70209746729748
345,23,6.001247788325416
345,24,80.03069022835956
345,27,215.73713892885087
345,29,6.006170316488624
345,2,5.088345914327253
345,6,173.7209927344717
345,7,205.24595327606795
345,8,6.001869977926344
346,10,1.0012576031069589
346,12,1.0023516335640492
346,14,128.42196026458745
346,17,1.001413095613584
346,18,215.73725469362222
346,21,205.24582121522656
346,22,141.70160294274928
346,23,6.001634558563608
346,24,207.8691338367673
346,27,83.06015356095031
346,29,1.0012420690742143
346,2,79.01945084907547
346,6,173.72242300876488
346,7,205.24560461474516
346,8,215.73700818613963
347,10,83.06052023440175
347,12,1.001477533633385
347,14,6.002331467409229
347,17,93.36397427848071
347,18,215.7367624132768
347,21,205.24610702347226
347,22,215.73819852201552
347,23,6.0013122211617755
347,24,207.86878664962987
347,27,98.1368049011935
347,29,6.003765921986945
347,2,205.24664110637843
347,6,205.24563246515444
347,7,205.24602608336974
347,8,215.73761291741025
348,10,215.73812340933384
348,12,83.06040502005781
348,14,6.003039239801352
348,17,79.02075100941414
348,18,215.7372159320466
348,21,205.24576909140933
348,22,72.31596435180818
348,23,1.0015725108493418
348,24,207.86931596283412
348,27,83.05870161643685
348,29,6.37793004918235
348,2,205.24628655116226
348,6,205.24600398780865
348,7,205.24557939931765
348,8,215.73704097624562
349,10,141.70441399717595
349,12,215.7374411213322
349,14,6.002357103202207
349,17,205.24619671656038
349,18,215.73672801566738
349,21,205.2462000384202
349,22,1.002103980981305
349,23,1.0019140243963136
349,24,207.86879140803728
349,27,83.06012889575767
349,29,6.003797991395132
349,2,79.02147081544442
349,6,50.012201128769306
349,7,205.246067033951
349,8,215.7374820289851
350,10,83.05578448472838
350,12,215.73799569643245
350,14,6.003189140697444
350,17,205.2457973211525
350,18,215.73722211099334
350,21,129.90125725966584
350,22,1.0015474212527282
350,23,1.00154153603411
350,24,207.86916457400454
350,27,83.05889071226079
350,29,6.002202907720948
350,2,79.0206715170315
350,6,1.001466173849689
350,7,205.24559430486025
350,8,215.73704244949377
351,10,141.7046387102335
351,12,184.03195634766132
351,14,7.094043271460475
351,17,205.24623723072614
351,18,215.73677782247404
351,21,109.95423958162355
351,22,1.002238538074427
351,23,1.0023496263789236
351,24,207.86880540766217
351,27,1.0000778334327487
351,29,6.377945030448174
351,2,93.36409029140832
351,6,1.0009721121778883
351,7,205.24606546024972
351,8,215.73758703793084
352,10,119.93883313652444
352,12,1.0017449606048716
352,14,6.003124934506267
352,17,205.24579260497507
352,18,215.7373621869369
352,21,109.95284709839243
352,22,1.0016052783537495
352,23,1.0016165934030932
352,24,207.869125382399
352,27,1.00077528001359
352,29,6.378625792569416
352,2,79.01965387969426
352,6,1.0016070818082525
352,7,205.2455276961065
352,8,215.73703950834718
353,10,215.7376689696917
353,12,1.0011220050614327
353,14,6.002354890146297
353,17,205.24638811540848
353,18,215.73677341137335
353,21,129.90429152797708
353,22,1.002228192852602
353,23,2.7259051726710632
353,24,207.86873681065
353,27,6.001996524072859
353,29,6.377889475980141
353,2,1.0018251466714831
353,6,6.0020868561299405
353,7,6.001805049158853
353,8,215.73756257639465
354,10,215.7372294632316
354,12,1.0018350315960873
354,14,6.003117563513405
354,17,205.24580943652074
354,18,215.7373471904433
354,21,66.88781476571604
354,22,6.002094481755939
354,23,2.7271358877942466
354,24,175.9420716292108
354,27,83.06019149710613
354,29,5.400815347395222
354,2,1.0013005365022813
354,6,129.90199204905952
354,7,6.001084368172458
354,8,215.7370109753337
355,10,215.73783014056227
355,12,141.70644587248822
355,14,6.00226109558687
355,17,79.01972773799241
355,18,215.73680122911745
355,21,79.0222694488176
355,22,83.06005370658804
355,23,2.7257434480151996
355,24,175.94088112145474
355,27,83.06074607358296
355,29,6.002085533038849
355,2,1.001910043871705
355,6,129.90253575419914
355,7,6.001816279500214
355,8,215.73757429620585
356,10,215.73718619056834
356,12,83.06023842315906
356,14,54.558588252165144
356,17,79.01924384369062
356,18,215.73723642062026
356,21,79.02172728230192
356,22,215.73676569922904
356,23,129.90277507230607
356,24,207.86917809140132
356,27,70.30564960507007
356,29,16.56580134525095
356,2,1.0013539014060235
356,6,129.90200325280622
356,7,79.01944727161819
356,8,215.73706238466477
357,10,88.93356806695665
357,12,5.086265870628777
357,14,54.55788850848992
357,17,93.36058123277301
357,18,182.60031176245198
357,21,1.0012860211614294
357,22,215.73709261264156
357,23,129.90207506659323
357,24,207.8688108452046
357,27,83.06062337937227
357,29,129.89935221309756
357,2,6.00344616809199
357,6,13.580874793349476
357,7,205.2465155752181
357,8,215.73758857758799
358,10,83.0586209869738
358,12,6.004963394410557
358,14,5.084133371872683
358,17,79.01919469178968
358,18,215.73734373894
358,21,1.0018788474786584
358,22,215.7367953268599
358,23,109.9512926992118
358,24,207.86924550805583
358,27,98.13465093143553
358,29,129.89989826227742
358,2,129.9012239644739
358,6,13.580251276671241
358,7,205.24604535140278
358,8,215.73702938287212
359,10,83.05952663204955
359,12,1.0009212656342337
359,14,6.002850498421746
359,17,79.01986758004816
359,18,215.73678738279858
359,21,1.0013698398680342
359,22,215.73742187466368
359,23,205.24633426969348
359,24,132.8517981930006
359,27,83.06052510661767
359,29,109.94504789798118
359,2,205.2462463246902
359,6,35.274886693527804
359,7,205.24633852238645
359,8,182.6023642405985
360,10,83.05856989075265
360,12,1.0015676527814001
360,14,6.00329754447409
360,17,205.24631883762933
360,18,215.7371399854071
360,21,1.0022801573542104
360,22,215.73685168193742
360,23,205.2467055995074
360,24,80.02987086867451
360,27,98.13467013587754
360,29,205.24838017673594
360,2,205.2457414281186
360,6,5.995522246523525
360,7,79.0163834985497
360,8,182.6006624047689
361,10,98.1330071957441
361,12,1.0009182445809062
361,14,6.002915751084868
361,17,205.24677881340347
361,18,215.73675507258645
361,21,79.01973727377971
361,22,215.73736348932258
361,23,173.7219338877791
361,24,80.02922740815232
361,27,98.1363465522556
361,29,129.8994729892326
361,2,205.24611745378724
361,6,5.107145616486862
361,7,129.90110558026063
361,8,215.73759570974954
362,10,83.05852416001589
362,12,6.002772978227264
362,14,1.0004634801996195
362,17,129.9012120057367
362,18,215.73717266282597
362,21,205.24772047004527
362,22,215.7368766403418
362,23,205.2467533395997
362,24,6.000455765574014
362,27,83.05982539402596
362,29,5.399485805822277
362,2,205.24573836360906
362,6,6.008608642296661
362,7,205.2459850487309
362,8,215.73705392784504
363,10,83.05903045420061
363,12,6.002077896779336
363,14,6.002004409622753
363,17,6.000603616183118
363,18,215.73673271974675
363,21,129.90223917393186
363,22,6.001940992790392
363,23,205.2462210569675
363,24,207.86902619295734
363,27,83.0607860513026
363,29,6.003475172622094
363,2,205.24622568197114
363,6,1.001518376014067
363,7,205.2464047490562
363,8,6.00162893451499
364,10,191.32580806631853
364,12,83.06148863892291
364,14,54.55739596589623
364,17,79.01823153519206
364,18,215.73719124016017
364,21,6.00368186717362
364,22,1.0033194111842798
364,23,0.9999119337308837
364,24,207.86972132974495
364,27,83.05977140327198
364,29,6.002026714866318
364,2,205.24574615457152
364,6,1.0010388293260508
364,7,205.24587260192902
364,8,6.000957407694574
365,10,215.73742037397164
365,12,83.06068582011925
365,14,54.55594172858173
365,17,205.24617872942628
365,18,215.7367209606934
365,21,1.0004923213358943
365,22,1.0028626045813915
365,23,1.0006559621420026
365,24,207.86916296838365
365,27,215.73756254921776
365,29,6.003144265525646
365,2,173.72186297507795
365,6,1.0016579954798317
365,7,129.90286611876218
365,8,6.001594722546666
366,10,215.7370138570901
366,12,1.0005340444963844
366,14,54.55792779735033
366,17,205.2456740579151
366,18,215.7371221131016
366,21,1.0011552793109155
366,22,1.1890552695527203
366,23,79.01976146751953
366,24,80.03139985148839
366,27,182.60102391997287
366,29,6.002036035046841
366,2,173.72066894749832
366,6,6.0101294267683505
366,7,79.01952544407115
366,8,83.05879138999612
367,10,215.73740266712372
367,12,6.001576330003238
367,14,141.7038425813727
367,17,205.24627038322552
367,18,83.05706703615718
367,21,61.555852146951054
367,22,1.1876301356283294
367,23,129.9020077838343
367,24,80.03036991253789
367,27,215.73756706685933
367,29,6.003299589561621
367,2,205.24611017267435
367,6,5.108315995580125
367,7,66.88932576105893
367,8,215.73769775813636
368,10,215.73700576498422
368,12,6.002419774127547
368,14,141.70397349571795
368,17,173.720373577042
368,18,83.05768684540502
368,21,52.102789641321564
368,22,1.0033226565598765
368,23,129.90259184774038
368,24,80.03115520134504
368,27,215.7370372752124
368,29,6.0021416804820324
368,2,205.24574391067168
368,6,6.010101829557981
368,7,79.0215953340563
368,8,215.73722433007433
369,10,215.73739235507134
369,12,141.70387288245422
369,14,141.7037325417683
369,17,205.24625946710825
369,18,215.73749136948229
369,21,79.01979956114447
369,22,1.0027571568251128
369,23,129.90200435272408
369,24,80.03024882138826
369,27,215.7376303079405
369,29,1.0007909517533777
369,2,205.2461383155931
369,6,5.108156224902713
369,7,79.0221381505152
369,8,215.7376782359647
370,10,215.7370091474006
370,12,215.73850316318112
370,14,141.70395808375682
370,17,205.2456307899286
370,18,215.7379428042487
370,21,205.2464159710969
370,22,215.73829485335744
370,23,129.90274636219948
370,24,94.55623073096199
370,27,215.7370264569354
370,29,6.3779932796606
370,2,79.0176703895659
370,6,5.107599506054831
370,7,5.998984744598152
370,8,215.7372491057181
371,10,215.73760376317847
371,12,141.70382681192592
371,14,141.70381126059235
371,17,205.24630526053173
371,18,6.000223029677466
371,21,205.24584247697592
371,22,83.05760912449843
371,23,109.9498205872468
371,24,80.02961006029415
371,27,215.73762016817784
371,29,16.568759443163948
371,2,79.01839817434266
371,6,6.010989780512587
371,7,66.88908886403308
371,8,83.05827769846377
372,10,83.05832301912272
372,12,6.000616036278017
372,14,54.55683709945431
372,17,205.24566142239573
372,18,6.000940464044315
372,21,205.24648670381833
372,22,83.05815246121094
372,23,109.95127954516168
372,24,80.03138574773266
372,27,83.05710065409603
372,29,6.378129979015908
372,2,205.2459476490874
372,6,6.010197472989204
372,7,79.02165145952863
372,8,83.05781123809281
373,10,83.05920422556378
373,12,5.999962434168182
373,14,54.55589649732248
373,17,205.24623395119409
373,18,83.05892814578706
373,21,205.24586511833064
373,22,83.0576073455518
373,23,205.2458172553203
373,24,80.02957295012347
373,27,83.05798827442636
373,29,0.9991166220606695
373,2,205.2462756285733
373,6,1.0004167663401269
373,7,6.00350123407779
373,8,83.05829327073313
374,10,83.05829232453102
374,12,83.0600504672595
374,14,15.002185095552534
374,17,205.24568141020913
374,18,141.70559427001973
374,21,205.24633888574976
374,22,141.70508019734976
374,23,205.24626196905467
374,24,80.03069754827739
374,27,92.34809907128447
374,29,5.400893283149675
374,2,205.24594305036237
374,6,1.001004102848503
374,7,6.00214085018059
374,8,83.05776019610249
375,10,83.05922435617043
375,12,215.73675053261962
375,14,15.001405339474218
375,17,205.24622917852284
375,18,215.73688072046
375,21,205.24584637738488
375,22,215.73668485818055
375,23,205.2458993996545
375,24,6.000422915195309
375,27,215.73698891547386
375,29,6.377496921309752
375,2,6.000649724615838
375,6,1.0003627302994014
375,7,5.087363902247661
375,8,215.73731832338424
376,10,141.7034261427304
376,12,215.73726859086653
376,14,6.000624959316451
376,17,205.24569103090968
376,18,215.7374346848123
376,21,205.24637995183886
376,22,215.7370882816221
376,23,205.2464366793037
376,24,6.0011606294537865
376,27,215.73668139808842
376,29,6.378882131262572
376,2,6.00011895951608
376,6,5.999995448195247
376,7,6.003990256477346
376,8,215.73767141945285
377,10,215.7388966010232
377,12,215.73676819095127
377,14,141.70383867399377
377,17,205.24630483971114
377,18,215.73686301898647
377,21,205.24579800174106
377,22,215.73667064288136
377,23,205.24588525574208
377,24,94.55465103403904
377,27,215.73720304309455
377,29,6.002057784639114
377,2,197.14130103223638
377,6,13.301784694900148
377,7,6.004562006920368
377,8,215.73733398574078
378,10,119.93803069088146
378,12,215.73728219057722
378,14,141.70420523356302
378,17,205.2456773918512
378,18,215.7374879948355
378,21,205.2463506098225
378,22,215.7373041090524
378,23,205.24637006164465
378,24,80.03084831661356
378,27,215.7367032812481
378,29,6.378975152918491
378,2,197.14001971091093
378,6,11.26156470645537
378,7,5.085562645908322
378,8,215.73765067767616
379,10,83.05795024500239
379,12,215.73677785184185
379,14,141.70377922041834
379,17,205.2460834619772
379,18,215.73687081456504
379,21,205.24584851311957
379,22,215.73666241035062
379,23,205.2458851031055
379,24,80.03024840862619
379,27,215.73704684134955
379,29,16.564867989381888
379,2,197.14166756066825
379,6,129.90200113492537
379,7,1.0008177722340816
379,8,83.05882761666473
380,10,215.7369710204739
380,12,215.73705873193796
380,14,141.70425698751896
380,17,205.24563332702084
380,18,215.73742967915265
380,21,205.2464443679544
380,22,215.7370701575773
380,23,205.24640655502085
380,24,80.0309332065148
380,27,215.73670888230663
380,29,205.24788185904063
380,2,197.14006438844766
380,6,129.90128289523997
380,7,79.0222553113391
380,8,6.001159132785177
381,10,215.7374780569243
381,12,83.05736680851159
381,14,119.93910455058703
381,17,205.24603070708892
381,18,215.7368734772058
381,21,205.24581843578787
381,22,215.73667768201366
381,23,205.24585613276125
381,24,80.03020227477445
381,27,215.737229831403
381,29,16.564813076342535
381,2,79.02042119959196
381,6,5.12135577593856
381,7,6.002792068419133
381,8,6.000878049041992
382,10,215.7370168845748
382,12,83.05771166657239
382,14,54.55399520071403
382,17,205.24562528727085
382,18,215.73731679886657
382,21,205.2464098187225
382,22,215.73713614969319
382,23,205.24621858259604
382,24,80.03092541089808
382,27,215.7366901549213
382,29,6.378906806450929
382,2,79.01945977659328
382,6,1.002048318601168
382,7,6.001998036150309
382,8,6.001446504510513
383,10,215.73751867234128
383,12,83.05741297487275
383,14,141.70378348390375
383,17,205.24597089384707
383,18,215.73681947060365
383,21,173.7205213192346
383,22,215.73666003288884
383,23,205.24586010176202
383,24,80.03017637958956
383,27,215.73724269780152
383,29,6.0021359153907925
383,2,6.001068959897433
383,6,1.187859132049737
383,7,1.0006331362444376
383,8,83.059862235662
384,10,215.73697190328593
384,12,215.73735835697465
384,14,141.70418299022748
384,17,6.001089176016641
384,18,215.73721265101722
384,21,205.24628106031358
384,22,215.73721649160828
384,23,205.2463918687571
384,24,80.03102533421142
384,27,215.7367156173531
384,29,5.40079910629776
384,2,6.0004090857573535
384,6,1.0020659386051634
384,7,0.99936893023024
384,8,83.06044331980121
385,10,215.7374881001431
385,12,182.60114501452605
385,14,141.70389839696196
385,17,6.001925457631745
385,18,83.0570990059986
385,21,173.7205013827776
385,22,215.73667799876813
385,23,205.24588178949838
385,24,94.55473486095697
385,27,215.73726881544164
385,29,6.002068191252483
385,2,79.02233748633532
385,6,1.0027283421286892
385,7,6.003316927954913
385,8,83.05986128119329
386,10,215.73700914942123
386,12,215.73740836181653
386,14,141.70435277355588
386,17,6.001106102876538
386,18,6.000969967943914
386,21,205.24627897804532
386,22,215.73716433473578
386,23,205.24636393659256
386,24,6.000205527232454
386,27,215.7367258028039
386,29,6.003480570738937
386,2,79.02158429244905
386,6,7.0897404271238855
386,7,205.24749969268908
386,8,70.30595214774613
387,10,215.73755951011157
387,12,215.73695027438163
387,14,141.7039025656619
387,17,205.24624428136403
387,18,141.7062379742618
387,21,205.24579300270315
387,22,215.7366985793085
387,23,205.24588833414623
387,24,80.03013647391839
387,27,215.7370991024925
387,29,6.377912814627318
387,2,6.0022051318137875
387,6,6.000816924931676
387,7,6.003562859757418
387,8,83.05874402621417
388,10,215.7369842584365
388,12,215.73747858717056
388,14,6.001548334546151
388,17,205.24572297364153
388,18,83.05865480873996
388,21,205.246130588547
388,22,83.05741538397749
388,23,205.2462046384165
388,24,94.55607033464523
388,27,215.73668144615604
388,29,6.003428902827999
388,2,6.001587313310303
388,6,7.0897368425488265
388,7,1.0005542819145052
388,8,83.06032028194296
389,10,215.7382873789298
389,12,215.73699286776323
389,14,1.0006892265529412
389,17,173.7220717391544
389,18,0.9991160729918063
389,21,205.24583783658102
389,22,141.70179065795529
389,23,205.2458199471663
389,24,80.03015229515309
389,27,215.73717568249174
389,29,6.3778878848678495
389,2,6.002147132642806
389,6,6.000868112735503
389,7,1.001205839549022
389,8,141.7046911273778
390,10,100.055590779661
390,12,141.70555260352472
390,14,6.002217341313622
390,17,205.2457281662632
390,18,141.70522005977415
390,21,205.2462914301374
390,22,215.73720966070016
390,23,205.2463184235232
390,24,80.0307379200576
390,27,215.73669290006083
390,29,6.378420724391467
390,2,6.001578535893892
390,6,6.000346226609671
390,7,1.0005712325728524
390,8,141.7054582441745
391,10,83.05719356045167
391,12,141.7048419563944
391,14,6.007237403256703
391,17,205.24625037284963
391,18,215.737496524232
391,21,205.24579169343178
391,22,215.73670988429845
391,23,129.89963349833565
391,24,80.03018719603546
391,27,215.73717566132194
391,29,1.0018638674178604
391,2,6.002159884661844
391,6,13.300725586911867
391,7,79.01941625515988
391,8,141.70468169103458
392,10,100.0532036685684
392,12,167.4241550115638
392,14,6.006791835362153
392,17,205.2457190473621
392,18,182.60343978049067
392,21,205.24624230461257
392,22,215.73729203907152
392,23,129.90055151039596
392,24,207.86988721805352
392,27,215.73671213316655
392,29,1.00271597431297
392,2,6.0015639930751545
392,6,13.300111502245914
392,7,205.24618071842045
392,8,141.7051433542022
393,10,215.7374856539745
393,12,83.05874199527257
393,14,1.0030362755082782
393,17,205.24607739014908
393,18,215.73752358134416
393,21,205.24581922333738
393,22,215.7367911035215
393,23,205.2469721620437
393,24,207.8693872255118
393,27,70.30585942911013
393,29,1.0018252237977858
393,2,205.2465686608731
393,6,13.30068338711193
393,7,205.2458180937434
393,8,83.05941233647549
394,10,215.73706992347067
394,12,1.0012417182701467
394,14,1.0023622475951228
394,17,205.2457173797712
394,18,83.06053122049394
394,21,205.24616843951466
394,22,215.73726425852104
394,23,79.02055694585822
394,24,80.03074846657337
394,27,83.0598997651016
394,29,1.0026367455149217
394,2,205.24628327898625
394,6,13.300050069728115
394,7,205.24632395676574
394,8,83.06017162368232
395,10,215.73763332093247
395,12,1.0003397681172572
395,14,1.003088535092159
395,17,205.24609843206636
395,18,6.002320461351986
395,21,205.24576165857738
395,22,215.7367318019193
395,23,93.3607164662725
395,24,94.55400313802089
395,27,83.06068731964987
395,29,1.0018696562313947
395,2,79.01939439052336
395,6,6.001278470551748
395,7,205.2458334965243
395,8,83.05936994125835
396,10,215.73708882024462
396,12,83.05984693035491
396,14,1.186691320376128
396,17,205.24570554333758
396,18,6.002025691521931
396,21,205.24618564496902
396,22,215.73696585832118
396,23,1.0002657845939202
396,24,80.03056658613112
396,27,6.0020483030456555
396,29,1.0026168646270106
396,2,79.01862316036092
396,6,7.090683841697022
396,7,79.02119047557024
396,8,98.13452904547219
397,10,215.73763364524387
397,12,215.7367215294436
397,14,1.1864758950838068
397,17,79.02051502988695
397,18,6.003733702881285
397,21,205.2457937618128
397,22,215.7367442725223
397,23,6.000862913430124
397,24,5.999070441914087
397,27,1.0023834790390174
397,29,16.564727890344678
397,2,79.01934849755193
397,6,1.0021721930069853
397,7,93.36185878623822
397,8,1.000342859129006
398,10,215.73707206988078
398,12,182.60209574524958
398,14,1.002773654092806
398,17,79.01952034689938
398,18,1.0005079350656896
398,21,205.24628701372063
398,22,83.05738724691767
398,23,79.02062297265205
398,24,80.03029566397636
398,27,1.0018354607780529
398,29,16.566319800409275
398,2,205.24560503107443
398,6,1.0027649806004684
398,7,1.0014417641963789
398,8,1.0003765803905242
399,10,215.73730066925097
399,12,215.73674285509927
399,14,1.0023850774632086
399,17,6.001538531498543
399,18,1.0008847374596952
399,21,205.2458028538479
399,22,141.70194975798958
399,23,93.36054338082361
399,24,80.02986282800187
399,27,1.002502004446188
399,29,129.9013446177008
399,2,205.2459274452151
399,6,1.002204606702585
399,7,1.0018426583370603
399,8,1.0011110469071012
400,10,83.05881735323598
400,12,215.7372060365237
400,14,1.003230697817381
400,17,6.000960473404962
400,18,6.001967919886221
400,21,79.02014132463698
400,22,215.73719178672482
400,23,79.02049700515133
400,24,207.8697829176283
400,27,1.0018486912783233
400,29,129.90210240006385
400,2,173.72030863932048
400,6,1.0028153440336869
400,7,1.0013644339401129
400,8,141.7054915329495
401,10,83.06038981962624
401,12,215.736686856888
401,14,7.113057223640586
401,17,6.001718466218831
401,18,6.003430549404179
401,21,79.0195328204865
401,22,215.73681254032942
401,23,79.01996210254956
401,24,207.86933652903897
401,27,1.0025307986576255
401,29,6.377489870946586
401,2,205.24621869727457
401,6,1.0022057189914237
401,7,1.0020258412774448
401,8,141.70599233520312
402,10,83.05896234611541
402,12,215.73721772859943
402,14,6.01112917101617
402,17,79.01956200288312
402,18,83.05874868982768
402,21,79.02038641565709
402,22,215.73737283237543
402,23,205.24622736062838
402,24,80.02894082072606
402,27,1.001869655545316
402,29,6.001939840938878
402,2,205.24562590872455
402,6,1.1871999643502136
402,7,1.0014196470587855
402,8,83.05949412681446
403,10,83.06070774954597
403,12,215.73675607051499
403,14,7.11303673398987
403,17,205.24633245485734
403,18,215.73773457312143
403,21,79.01960614889133
403,22,215.73680996953357
403,23,205.24577686686925
403,24,80.02829614477736
403,27,1.0025587728044512
403,29,6.001065121608899
403,2,205.24624663130353
403,6,1.0021975313605402
403,7,129.90303261781503
403,8,83.06018961397263
404,10,83.05886376810183
404,12,215.73717623032576
404,14,7.114580848097183
404,17,205.245962781583
404,18,215.73725108132706
404,21,1.000677197256632
404,22,215.7372634841098
404,23,205.24628806668346
404,24,80.02905813693029
404,27,83.05867264609405
404,29,6.001915274086514
404,2,205.24561224634868
404,6,1.0030870003688461
404,7,205.24593110658415
404,8,83.05944209584294
405,10,6.001643007514524
405,12,215.73672103116584
405,14,6.006100855243798
405,17,205.2465667535891
405,18,215.73749487099383
405,21,79.01955468931867
405,22,215.73681067700497
405,23,205.2458017875665
405,24,207.86885062161633
405,27,215.73731225552916
405,29,129.89937245381165
405,2,205.24608997209972
405,6,2.316144738757071
405,7,205.2464240588817
405,8,98.13456156081024
406,10,6.001000298316533
406,12,215.73728214329608
406,14,1.0007476305843737
406,17,205.24600161098587
406,18,83.0587634828087
406,21,205.2463342277217
406,22,83.05970673821854
406,23,205.24633023629937
406,24,207.869302709462
406,27,215.7368988274093
406,29,205.24568220256901
406,2,205.24554148192675
406,6,1.9669026541534436
406,7,205.24591806383648
406,8,6.002197805413546
407,10,6.001538064024041
407,12,83.0578639493882
407,14,6.007023135217243
407,17,205.24621424707757
407,18,6.002530662717157
407,21,205.24595640300058
407,22,6.0002617774463864
407,23,205.24584325692535
407,24,207.8689027066617
407,27,215.73736579551144
407,29,205.24487246995994
407,2,205.24619809019913
407,6,6.005973868275482
407,7,173.7226855175092
407,8,1.001611382474204
408,10,83.06152216547704
408,12,83.05828564027341
408,14,6.007503994534675
408,17,6.002921871371334
408,18,6.001695194727018
408,21,205.24644497800114
408,22,6.000946184844311
408,23,205.24614916359596
408,24,207.86938365993572
408,27,215.7368988333029
408,29,205.24577108355723
408,2,205.24560875997074
408,6,2.3158867436151835
408,7,79.01647383512332
408,8,1.0009021906798683
409,10,1.0008637127478215
409,12,83.05791259911135
409,14,6.0070415296064965
409,17,6.003574864008724
409,18,6.002464428142942
409,21,205.24597172156388
409,22,215.73730745105047
409,23,205.2457903260724
409,24,207.86890854011975
409,27,215.73742176681358
409,29,205.24489394320736
409,2,205.2461049442369
409,6,2.73874904653083
409,7,205.24630543688517
409,8,1.0014340034142153
410,10,0.9992613638106471
410,12,83.05851992694261
410,14,5.089639063830332
410,17,7.095602202604474
410,18,6.001715460527398
410,21,205.2465116272927
410,22,215.73765698917376
410,23,205.24617201168388
410,24,207.86944112542682
410,27,215.7368806964547
410,29,6.379362332496407
410,2,205.24557725914013
410,6,2.740276821320216
410,7,205.24587802121323
410,8,6.0021107453613824
411,10,5.087590259080762
411,12,141.7035366904016
411,14,5.088298596107099
411,17,7.096540438381331
411,18,6.002395611807927
411,21,173.72094136338043
411,22,119.94023836281704
411,23,205.2458086087978
411,24,132.85183749804585
411,27,141.70376900719776
411,29,6.377524450246669
411,2,79.01787496942796
411,6,1.0007654643961965
411,7,205.24646206388883
411,8,83.0587155791902
412,10,6.005869967760094
412,12,215.73782003667793
412,14,5.089900751739092
412,17,6.002942748671547
412,18,6.001695855095721
412,21,129.8999269863977
412,22,119.94211107281541
412,23,205.24606802136753
412,24,80.02861329281171
412,27,141.70298303437949
412,29,6.002583341853199
412,2,173.7202882859398
412,6,1.0006501039625793
412,7,205.24590666193663
412,8,151.1808974543461
413,10,5.087677785727704
413,12,215.73734430044394
413,14,6.01271148424135
413,17,6.003721572450141
413,18,83.06055775761793
413,21,205.24596664782217
413,22,141.70484980365927
413,23,205.24581230855586
413,24,80.02787717241206
413,27,215.7386857532613
413,29,6.3775198010257945
413,2,205.2461669598418
413,6,1.0014401446172059
413,7,205.24610768343587
413,8,151.17949899573117
414,10,6.003874923305584
414,12,182.60370491725155
414,14,15.619983084222202
414,17,129.9038981989458
414,18,83.05883902101007
414,21,205.24632108962209
414,22,1.002201808722326
414,23,205.246205335729
414,24,207.86927191471338
414,27,141.70384460049013
414,29,6.002617424892245
414,2,205.24561862478254
414,6,2.314225511205523
414,7,79.02059374380443
414,8,127.95978277569152
415,10,215.73701603914756
415,12,215.7373245875658
415,14,15.61953589657325
415,17,79.02044560425114
415,18,215.73756834342822
415,21,205.24599583859197
415,22,1.0018958115369827
415,23,205.24581383610553
415,24,207.86870077330784
415,27,1.0008623985699456
415,29,6.377478950081587
415,2,205.24613211554603
415,6,6.006121083972094
415,7,93.36380460223482
415,8,127.95830486578626
416,10,215.73748145807656
416,12,6.001708987006594
416,14,6.006591344418909
416,17,79.0197948446307
416,18,215.73707039352558
416,21,205.24642551958752
416,22,1.1866840666636405
416,23,205.24632334093337
416,24,207.86929586569107
416,27,1.0016418859773868
416,29,6.378544070888469
416,2,205.24560200040563
416,6,2.3150436416383506
416,7,1.0013863795186122
416,8,141.705329331375
417,10,182.60091187671915
417,12,6.002228028213947
417,14,1.0007607579708502
417,17,79.02041963011719
417,18,215.73757132325443
417,21,205.2459626054315
417,22,1.0019694544105802
417,23,205.24582900416422
417,24,207.86873983964148
417,27,1.000875318864419
417,29,6.001919001613915
417,2,205.2458571814315
417,6,2.3142622823418346
417,7,1.0020791346383788
417,8,127.95841985549534
418,10,182.60232709596917
418,12,6.001686499565181
418,14,6.006569843388875
418,17,5.999058148468186
418,18,215.7370889379243
418,21,6.000666376504724
418,22,1.0026335129815003
418,23,205.24635075077035
418,24,207.86933930290698
418,27,6.003791771615825
418,29,1.000758200360659
418,2,205.2455199556415
418,6,1.0011024953739218
418,7,1.0013957083554077
418,8,141.7055527072502
419,10,215.73700334882037
419,12,6.0023676824493934
419,14,7.099370104423897
419,17,79.02055699666715
419,18,83.060005504371
419,21,6.0001067307122975
419,22,6.002091659815811
419,23,205.24585474341862
419,24,207.86869123878677
419,27,6.003162201248464
419,29,6.001883480445445
419,2,205.24593124783303
419,6,1.0008296032184711
419,7,1.002203346695742
419,8,215.7374452832554
420,10,215.73755423390534
420,12,6.001688603608383
420,14,6.006672526965015
420,17,205.245909958883
420,18,5.99903453224286
420,21,79.02107890515832
420,22,83.06024549112395
420,23,205.2463472652339
420,24,207.86913744192526
420,27,6.003719579848766
420,29,6.378796065779933
420,2,205.24557519317932
420,6,1.0014435110210478
420,7,79.01946616756881
420,8,215.73802786280308
421,10,215.73698047530655
421,12,6.002110064660498
421,14,6.007123466879307
421,17,205.2463675652958
421,18,83.059666622799
421,21,205.24593868727231
421,22,141.70332338304672
421,23,205.24584829295733
421,24,207.86870714371568
421,27,6.003119008498914
421,29,6.377372849431964
421,2,205.2459418035906
421,6,2.3149596454528316
421,7,205.24612448034034
421,8,215.73740805598388
422,10,215.73740236338057
422,12,6.001629026554062
422,14,7.098213246592113
422,17,205.24593807990922
422,18,215.73685011525853
422,21,205.24642694395283
422,22,215.73840892704806
422,23,205.24636114745755
422,24,207.8690557896951
422,27,1.0008251044176033
422,29,6.378447740813776
422,2,205.24559037317067
422,6,2.315488658666763
422,7,205.24559393406824
422,8,6.000628279571248
423,10,215.73699209953043
423,12,215.73716973021183
423,14,6.006552372086269
423,17,205.2464422328023
423,18,215.73724469261242
423,21,205.24598905983217
423,22,141.71477156739354
423,23,205.2458092769826
423,24,207.8686699599637
423,27,1.00018558386353
423,29,6.377428577696217
423,2,205.24599105616952
423,6,2.314927904292765
423,7,205.24600618834256
423,8,6.001050853075815
424,10,215.7374110886682
424,12,215.7367725067368
424,14,6.005979463170362
424,17,129.90047943179346
424,18,215.73684667158346
424,21,205.24648302796257
424,22,6.000497945585365
424,23,205.24623117364615
424,24,207.86909609340793
424,27,83.05961366910125
424,29,6.379028649674983
424,2,173.7202825931404
424,6,1.0017327884269802
424,7,205.2455802889101
424,8,6.000550887571548
425,10,215.73699127747435
425,12,215.73734684748823
425,14,1.0009176216859546
425,17,79.01803879929027
425,18,215.73718569044877
425,21,205.24594431822499
425,22,83.0571173404483
425,23,205.24581816703153
425,24,207.86868367563767
425,27,98.13284700844852
425,29,16.570419758535863
425,2,205.2459564476943
425,6,1.0013505246866936
425,7,205.24609312593566
425,8,215.7374983586625
426,10,215.73758753228933
426,12,215.73678212080185
426,14,1.0003267258530464
426,17,129.90049143930108
426,18,215.73681620307178
426,21,205.24622427164164
426,22,215.7378202947328
426,23,205.24627478633545
426,24,207.86916392299938
426,27,83.05973941853225
426,29,16.57095903348034
426,2,205.24557854646224
426,6,1.0020362675454937
426,7,205.24561822492805
426,8,215.73702229840836
427,10,215.7370138006809
427,12,215.73715536133687
427,14,6.003745126987949
427,17,205.2462949264798
427,18,215.73741314485724
427,21,79.01942738836613
427,22,215.7372290599618
427,23,205.24583260503576
427,24,207.86871762931372
427,27,83.05923393855709
427,29,14.038386681735767
427,2,205.24611157910996
427,6,1.0013748819076467
427,7,205.24622554054557
427,8,215.73748735285005
428,10,215.73748691108858
428,12,215.73666149449255
428,14,6.014407612062719
428,17,205.24577208114167
428,18,215.73684602668055
428,21,79.02006970267878
428,22,215.73753748513812
428,23,205.24617083033556
428,24,132.8510211451988
428,27,215.73714173858468
428,29,16.576223786013347
428,2,205.24561242172578
428,6,1.001406525816562
428,7,205.24560706841058
428,8,215.73701780163427
429,10,6.005744013385621
429,12,6.0047558716230105
429,14,1.0002433985242005
429,17,205.2462242922226
429,18,215.73738588576177
429,21,79.01945348607336
429,22,83.05897122453733
429,23,205.24581448335653
429,24,132.85022206479118
429,27,215.7368514935773
429,29,16.57046873713335
429,2,205.2459377025665
429,6,2.3150304710916387
429,7,205.24590442228308
429,8,215.73759383488354
430,10,6.006020683702003
430,12,6.004000023509717
430,14,5.091268066736904
430,17,205.24578093713532
430,18,215.7368581652881
430,21,79.02018073886133
430,22,83.05922575129472
430,23,205.24608738086138
430,24,207.8694844676391
430,27,215.73731894734536
430,29,16.576428378302317
430,2,205.24559444688416
430,6,6.004647174575021
430,7,205.2455453396925
430,8,215.73700731071415
431,10,6.005709614176398
431,12,7.099360604998298
431,14,7.095025167959289
431,17,205.2461908950928
431,18,182.60238279260625
431,21,79.01939142951146
431,22,5.9989514450978705
431,23,205.2458085291416
431,24,207.86890239925404
431,27,215.73687560244937
431,29,14.038350630018083
431,2,205.2459079445729
431,6,129.9023241062138
431,7,173.72170172267582
431,8,215.7371989953649
432,10,15.622923599360316
432,12,1.0007656837017604
432,14,6.006317915635662
432,17,205.2457443965492
432,18,215.73681990866376
432,21,79.02009661204374
432,22,83.05973586956725
432,23,205.24634124233003
432,24,207.8694997164612
432,27,215.73724975110008
432,29,16.571242944319316
432,2,173.72026598174617
432,6,129.9013842419072
432,7,173.72034921764498
432,8,215.73707653183683
433,10,1.0002175767823305
433,12,1.0015571461635844
433,14,6.005823122380674
433,17,205.24617698700482
433,18,215.73722824961277
433,21,79.01944609959274
433,22,98.13275268264056
433,23,205.24585536143402
433,24,207.86891550238275
433,27,215.73682556892282
433,29,16.5704300590184
433,2,205.24618166640738
433,6,6.005122627206011
433,7,205.2461405710616
433,8,70.30700368305415
434,10,1.0009677925711937
434,12,1.0008012872547551
434,14,6.005999699915798
434,17,129.90004579834667
434,18,215.73683683361057
434,21,79.02010523966194
434,22,6.000027780754733
434,23,205.2460286873343
434,24,207.86938325089145
434,27,141.70417731814396
434,29,1.0016301539396473
434,2,205.24560245864808
434,6,6.004634255763397
434,7,205.24562765129343
434,8,70.30836193012287
435,10,6.006946098505389
435,12,83.05865948467968
435,14,6.00657042037098
435,17,129.90085041440395
435,18,215.7373925536432
435,21,163.7506870567444
435,22,83.05892141306691
435,23,173.72051011245247
435,24,207.86883025890242
435,27,83.05799880235341
435,29,1.0012925485669362
435,2,205.2459862150897
435,6,2.3153887764464978
435,7,205.2461133503745
435,8,83.06109502091144
436,10,6.007469933770053
436,12,215.73794527590294
436,14,6.005995889553685
436,17,129.9000491976599
436,18,215.7368525545247
436,21,205.24641386689083
436,22,215.7365557890543
436,23,205.24632354127294
436,24,80.02770160500597
436,27,83.0586092800803
436,29,1.0020535105555757
436,2,79.01789016216
436,6,2.3137294484813893
436,7,205.24563939426744
436,8,6.000454633435074
437,10,6.006903151225429
437,12,215.73736311144359
437,14,215.73619328719107
437,17,205.24605415899293
437,18,215.73739684792594
437,21,205.24598047994235
437,22,215.73715976627713
437,23,129.90124066282016
437,24,132.85293633564856
437,27,83.05807658710664
437,29,1.001308140440492
437,2,79.01883866019541
437,6,1.000519742616918
437,7,1.0016635599921768
437,8,83.05872773217749
438,10,1.0020708763572799
438,12,83.0571195246811
438,14,215.73580414661092
438,17,205.24578935101604
438,18,182.60055795743824
438,21,129.89954738276205
438,22,215.736611872429
438,23,79.02002976607993
438,24,132.85350341704466
438,27,83.05867855714972
438,29,6.004665512307545
438,2,129.90311600107174
438,6,1.0002570899813223
438,7,1.0013160950746327
438,8,141.70505436473584
439,10,1.001420702722423
439,12,141.7042019739317
439,14,182.59964708901728
439,17,205.24615942546203
439,18,182.60184109807432
439,21,205.2459632471544
439,22,215.7370642991544
439,23,79.01925669087765
439,24,80.02763780026554
439,27,83.05806530399008
439,29,6.004080429172911
439,2,129.9036510822701
439,6,2.315728900846559
439,7,1.001725682807506
439,8,141.70449028963716
440,10,6.008374103489036
440,12,215.73870024829105
440,14,215.7358011777955
440,17,205.2457548797733
440,18,215.73672415909007
440,21,205.24642489756545
440,22,215.7366112447984
440,23,93.36002307115935
440,24,80.02839881479018
440,27,215.73721146830852
440,29,1.0002441103329947
440,2,79.01942347506937
440,6,2.314897541066224
440,7,1.0013480908215353
440,8,83.05736892428075
441,10,1.001660020212734
441,12,141.70421835839858
441,14,215.73641137504143
441,17,205.2462094484999
441,18,182.6013374163275
441,21,205.24597848506633
441,22,215.73688361166714
441,23,79.01928212499746
441,24,207.86904047771566
441,27,215.73674108068747
441,29,5.0855260744257285
441,2,6.0032109149239465
441,6,2.3154970899899086
441,7,1.0019403423614994
441,8,215.73705884755057
442,10,1.0014274845557072
442,12,167.4225264742095
442,14,215.73581365908038
442,17,205.2457655916303
442,18,182.60049990992374
442,21,205.24631207983836
442,22,215.73660493558614
442,23,79.02016692958331
442,24,207.86946944651652
442,27,215.73714043998783
442,29,6.378812089616773
442,2,6.002030147004658
442,6,2.3148479076160653
442,7,6.002038899305962
442,8,215.7374348843343
443,10,1.0020561826636056
443,12,6.00276587956669
443,14,215.73638354569476
443,17,6.0010239521645135
443,18,215.7373027621028
443,21,205.2459660455153
443,22,215.73706466691803
443,23,205.24643893579417
443,24,207.8689484598568
443,27,215.73673496647368
443,29,6.377486653740962
443,2,6.002833128942789
443,6,1.0025927663207623
443,7,6.003412201361477
443,8,215.7370705188915
444,10,1.0014457668091312
444,12,7.096351127472192
444,14,215.73577272976834
444,17,6.000256618836497
444,18,215.73681765107216
444,21,205.2464740512744
444,22,215.73662181544847
444,23,205.2469508324504
444,24,6.00200911858455
444,27,215.73713282886254
444,29,16.56633444242678
444,2,1.000125038734117
444,6,1.0021689177854416
444,7,7.097558586753671
444,8,215.73743850977908
445,10,1.0021112454330066
445,12,6.002762104402405
445,14,215.73608299797635
445,17,79.02195685449418
445,18,182.60159544535978
445,21,173.72096374980043
445,22,215.73704988897637
445,23,205.24655018242603
445,24,0.9990697876253964
445,27,215.73672363155967
445,29,16.667657046628367
445,2,1.0010467805941508
445,6,1.0029066866393768
445,7,6.004552701889627
445,8,215.7370357413274
446,10,6.0069049514761765
446,12,1.0002468730350946
446,14,215.73579375562102
446,17,79.02122343490564
446,18,215.73683400815779
446,21,173.72274222190512
446,22,215.73659621529555
446,23,129.90010764378036
446,24,80.03115405333273
446,27,215.73726380931114
446,29,16.668218114431763
446,2,7.098115712519173
446,6,1.186010797475432
446,7,6.003824843237613
446,8,215.73739489580845
447,10,6.00724984018514
447,12,0.9992142812677844
447,14,215.73626791403484
447,17,66.89609194709257
447,18,215.7372093731251
447,21,205.24597974591532
447,22,215.73726232507374
447,23,6.000743711268977
447,24,207.86894845043076
447,27,215.73674547248888
447,29,16.565083240346972
447,2,6.004524361752548
447,6,1.0026987574556996
447,7,79.02126749374511
447,8,83.05876621070803
448,10,6.006392963673334
448,12,6.0027615540840245
448,14,182.59825389195345
448,17,66.88733669391758
448,18,215.7368178072289
448,21,205.24652642731215
448,22,215.73666373482482
448,23,79.01698186470712
448,24,207.86954381999394
448,27,215.7372637652493
448,29,5.405041944995276
448,2,6.003930269625691
448,6,1.0021421418629535
448,7,79.02043895932624
448,8,6.00027446292907
449,10,6.00730004674651
449,12,141.70513646950113
449,14,182.59963504554798
449,17,79.02084800482734
449,18,215.7371540847214
449,21,205.2460274273769
449,22,215.7371981958289
449,23,205.24600547673109
449,24,207.86901026400577
449,27,215.73676262659507
449,29,6.002135701172702
449,2,6.00450906806041
449,6,6.006915717085671
449,7,129.9055824715797
449,8,0.9990858498516086
450,10,6.012572448240635
450,12,215.73659346691483
450,14,182.59832397697753
450,17,205.24570842915494
450,18,215.73681765286017
450,21,79.02152345407825
450,22,215.73662101866398
450,23,205.24640699699842
450,24,207.86948768873967
450,27,215.73724267250967
450,29,6.381341135459688
450,2,205.24557525827495
450,6,6.006107632364295
450,7,79.02054479872767
450,8,83.05889138780965
451,10,6.007202947539636
451,12,215.7370299600855
451,14,215.73623402601982
451,17,205.24619869303467
451,18,215.7372733018988
451,21,5.99912968078667
451,22,215.73702402836653
451,23,205.24609953467643
451,24,132.8506356971538
451,27,83.05873337505224
451,29,6.002038015353471
451,2,205.24613831206267
451,6,2.3135986686621983
451,7,1.001291954504942
451,8,215.73771928010885
452,10,6.006188319823719
452,12,215.73664394949677
452,14,83.05716865108215
452,17,205.2457653953651
452,18,54.560722038111145
452,21,205.24612243527443
452,22,215.73663770854463
452,23,205.24659373155959
452,24,132.851404874773
452,27,70.30816920944697
452,29,1.0018783685016999
452,2,205.24557692734774
452,6,1.0009123672852
452,7,1.002029510082803
452,8,215.73716792173505
453,10,5.089837311623418
453,12,215.7372276399055
453,14,6.000305154594294
453,17,205.24621407025396
453,18,0.9992117848709885
453,21,205.24583270907223
453,22,215.73700722182656
453,23,205.24605805629767
453,24,132.85063389952526
453,27,83.06067393807365
453,29,1.0013275460436049
453,2,205.2460021799214
453,6,1.0004220893203222
453,7,1.0013351539867985
453,8,215.73751802760765
454,10,5.0885395010859975
454,12,215.7366620424466
454,14,83.05715974975773
454,17,205.24579104766713
454,18,5.999812377145863
454,21,205.24636496737256
454,22,215.7366017156761
454,23,205.24650728575898
454,24,207.86921368809314
454,27,1.0027881238788208
454,29,1.0019661764392538
454,2,205.2455858312365
454,6,1.0004828702093231
454,7,1.001936483650005
454,8,215.73715329881307
455,10,6.006272236389191
455,12,215.73700956192036
455,14,83.05798006037259
455,17,205.24625983597127
455,18,54.56367385985976
455,21,205.24587542794967
455,22,6.001597284681778
455,23,173.72090782463226
455,24,207.86888691182858
455,27,1.0021013476960228
455,29,1.0013322695043927
455,2,173.7217130705037
455,6,2.3153104943385285
455,7,6.004977546658063
455,8,215.737500945346
456,10,7.100175266330236
456,12,215.7366521398931
456,14,83.0571870821526
456,17,6.002166091128257
456,18,6.0034347248200755
456,21,205.24630034484937
456,22,6.000889792456952
456,23,129.899948013584
456,24,207.86936220435854
456,27,1.1874009387699918
456,29,6.378926793153752
456,2,205.2455490961251
456,6,6.005120621858729
456,7,1.0012709188248765
456,8,83.05666140080987
457,10,6.006607343326803
457,12,215.7371634253983
457,14,215.73482225674883
457,17,1.001129427912332
457,18,1.0004727174331558
457,21,205.2458743636601
457,22,7.0922613173899345
457,23,205.24610089397467
457,24,207.8689098035553
457,27,1.0021063848137652
457,29,16.569488736621004
457,2,205.24614120594708
457,6,36.84589917352067
457,7,1.0021023205411508
457,8,215.7387069405055
458,10,6.0070977774672905
458,12,215.73663423181526
458,14,215.734467861313
458,17,1.0016865335462013
458,18,1.0003869543063537
458,21,205.2463648275909
458,22,5.168580748834215
458,23,205.24652229119874
458,24,207.8692756105146
458,27,83.06319741196286
458,29,16.57020003776521
458,2,205.2456005907645
458,6,6.009844898327465
458,7,1.0012848188588253
458,8,6.002021095061989
459,10,6.006584164459769
459,12,215.73725422727753
459,14,182.595249209418
459,17,1.0012097666000024
459,18,1.0011865116934713
459,21,205.24584896621113
459,22,6.001185740298473
459,23,205.2460664085124
459,24,80.02910792117275
459,27,141.7066145714756
459,29,14.037436154046137
459,2,205.2461102351789
459,6,2.3137358344120376
459,7,79.01990958835222
459,8,1.0020926865053559
460,10,6.007042832837303
460,12,215.73666317846795
460,14,182.5940323298775
460,17,1.0018538179684313
460,18,54.560860193496026
460,21,205.2463222473654
460,22,6.014078822155288
460,23,205.24638426346428
460,24,6.000555461241879
460,27,1.000734376895906
460,29,16.5759606470457
460,2,205.24555554684054
460,6,1.9658172600875634
460,7,79.02060283486024
460,8,1.001485276588081
461,10,6.006559813896494
461,12,215.73725508573787
461,14,215.73618927727316
461,17,79.01944745644266
461,18,54.56257570463758
461,21,205.24582721679866
461,22,6.0017011606049895
461,23,205.24609234585472
461,24,80.02913364573827
461,27,1.0013703238176959
461,29,16.569481148382916
461,2,205.246058649704
461,6,2.315586583703265
461,7,79.01991015843582
461,8,1.0020071689072338
462,10,6.00696406105747
462,12,83.05764384368
462,14,215.73566550158705
462,17,205.24611099986237
462,18,141.70584548619027
462,21,79.01809271303213
462,22,5.219311782384309
462,23,205.24655750797467
462,24,80.02990039200505
462,27,1.0007290774035438
462,29,16.57016230428741
462,2,205.245576300319
462,6,1.0013632826224717
462,7,79.02056352776692
462,8,1.0015168457592454
463,10,6.011852166785776
463,12,83.05856361080272
463,14,215.73606455945838
463,17,205.2456197265669
463,18,6.001074197161159
463,21,79.01757443871082
463,22,1.0010034365423142
463,23,205.24607086590376
463,24,132.85180278548592
463,27,0.9992366366432366
463,29,6.00202878606659
463,2,205.2459104097065
463,6,1.0010025099336897
463,7,79.01993635599383
463,8,1.0022630214912844
464,10,215.7375838209789
464,12,83.05762682676566
464,14,215.73566463929896
464,17,205.245899074273
464,18,6.000648890612332
464,21,205.2472571185842
464,22,5.219324931718835
464,23,205.246621658132
464,24,207.86906588570383
464,27,30.65836374600869
464,29,6.00379870208807
464,2,205.24555853820706
464,6,1.0017303247771272
464,7,79.02060717983598
464,8,6.00202327021031
465,10,141.70384429259417
465,12,215.73704157031034
465,14,215.73616940360276
465,17,205.24561299826593
465,18,6.001308612964258
465,21,79.01847091360247
465,22,6.022357660576343
465,23,205.24606792756597
465,24,207.86864741814605
465,27,0.997955560014506
465,29,6.377635200561777
465,2,205.246040436878
465,6,1.0010261805931515
465,7,79.01989872313185
465,8,6.003237750053607
466,10,141.70418525106078
466,12,215.73656570370858
466,14,215.73570218619835
466,17,205.24610548250786
466,18,141.71060183383298
466,21,79.0192588583655
466,22,6.021793197768433
466,23,205.2393217757544
466,24,207.86907928781204
466,27,0.9999323365629733
466,29,5.088853118686823
466,2,205.24555893387793
466,6,6.006098316327276
466,7,6.000661180125556
466,8,83.05885912338941
467,10,0.9999430456810288
467,12,215.73714643992776
467,14,182.6012613588372
467,17,205.24564731624517
467,18,6.003302534324482
467,21,79.01845205891155
467,22,5.22310836176619
467,23,173.72094419096547
467,24,207.8686750792858
467,27,1.0007273075682344
467,29,1.0003163892094493
467,2,205.2460344143375
467,6,2.312645219797079
467,7,79.01940959196202
467,8,141.70351462342336
468,10,1.0008825754196673
468,12,215.7365885467534
468,14,182.6000375845162
468,17,205.24595746615594
468,18,6.0026284653864765
468,21,205.24681241612103
468,22,5.221736005413344
468,23,173.7226653764598
468,24,207.86917950990588
468,27,6.002028575629875
468,29,6.005933845812826
468,2,205.2455523742653
468,6,2.3126496812194013
468,7,205.24609236199896
468,8,215.73760725766766
469,10,6.002084982184035
469,12,215.73720966455454
469,14,215.73618898041107
469,17,205.2456137487148
469,18,0.9996674845613835
469,21,205.24631685428267
469,22,1.0020927505963364
469,23,205.24608634866723
469,24,207.86867856185995
469,27,83.060283074374
469,29,5.090189122049048
469,2,205.24610642255433
469,6,2.3132260775176503
469,7,205.24550977257573
469,8,215.7371461475588
470,10,54.559243272103224
470,12,215.7365903533042
470,14,215.73568601703514
470,17,173.72185026129122
470,18,6.002668011548671
470,21,205.24676100705514
470,22,1.0016283362661413
470,23,205.2464993947974
470,24,207.86919545817233
470,27,215.73769499694194
470,29,5.0889004441664945
470,2,205.2455692998274
470,6,2.312596883233648
470,7,205.2460904686064
470,8,215.73778387489813
471,10,54.55833671497588
471,12,182.60186679113218
471,14,215.73624432368518
471,17,173.72027979634433
471,18,6.003456457454671
471,21,129.9011469734113
471,22,1.0016128757766714
471,23,129.90120764727243
471,24,207.86869221882387
471,27,6.000619832676054
471,29,6.003172476290711
471,2,205.24613282797344
471,6,6.006446150003595
471,7,205.24553442249
471,8,215.73714934035297
472,10,6.001327599893862
472,12,215.73660089053863
472,14,215.73572160621455
472,17,205.2460479342089
472,18,6.002660155841598
472,21,129.9021753590524
472,22,1.0024229482157274
472,23,79.01788321855821
472,24,207.86917740960175
472,27,6.0000473569512245
472,29,6.37739567355578
472,2,205.24557560301375
472,6,6.01227980511079
472,7,205.2461029625252
472,8,182.60221294762817
473,10,54.55759019666529
473,12,215.73711359463047
473,14,215.7361999984971
473,17,205.24559757224495
473,18,6.003305066582396
473,21,5.086545998510361
473,22,1.001612719732405
473,23,129.9027148202997
473,24,207.86867346041421
473,27,83.06047858850839
473,29,6.00392287182247
473,2,205.24609285470444
473,6,2.313650465579677
473,7,205.2455715852314
473,8,182.60090882736856
474,10,64.45987148359187
474,12,215.73659874609677
474,14,215.73570122886653
474,17,205.24609128589222
474,18,7.094814488845754
474,21,1.0003296823943124
474,22,1.0023399429557553
474,23,1.0007540520685803
474,24,207.86895497953512
474,27,83.05989330757778
474,29,129.9001036669817
474,2,205.24553682449115
474,6,1.0019178896816499
474,7,205.24603552484058
474,8,215.73756850455155
475,10,64.46093833976164
475,12,215.73719076613122
475,14,215.7360909720269
475,17,205.24563520665987
475,18,6.003215510957669
475,21,6.0046186442422975
475,22,1.0015853706677413
475,23,1.0003274773658015
475,24,207.86868227472263
475,27,70.30684009576943
475,29,205.24819666464413
475,2,129.90087958922797
475,6,1.0010545989978006
475,7,205.2455584300955
475,8,215.73716802463645
476,10,54.557438145329826
476,12,215.73660340403237
476,14,141.70352342170722
476,17,205.24617629295008
476,18,6.002654766118959
476,21,5.087275069296893
476,22,5.22279472006641
476,23,6.003627323761876
476,24,207.86904987534732
476,27,215.73688417246305
476,29,153.42711687630887
476,2,129.90016293065153
476,6,1.0018946900886716
476,7,205.24608896740602
476,8,215.73748918353982
477,10,215.73624396194003
477,12,215.73720248675306
477,14,83.05701539470707
477,17,205.2456423645749
477,18,7.0961622566446705
477,21,6.001991392889966
477,22,6.00124275217063
477,23,205.24581684057827
477,24,207.86869492563258
477,27,215.73754972223148
477,29,129.88834028574198
477,2,129.9010218645691
477,6,205.24503298988375
477,7,205.24550518411536
477,8,54.55848464241752
478,10,215.7356784419786
478,12,215.73661616488047
478,14,83.05637730783522
478,17,205.24609595203384
478,18,6.00270694369739
478,21,6.003141775331848
478,22,6.001970134921023
478,23,205.2458526285844
478,24,207.8689832481757
478,27,182.60078838622402
478,29,153.42728717826665
478,2,205.24582411488933
478,6,205.24528732433083
478,7,205.2458917264246
478,8,6.002733121257425
479,10,215.73617662493587
479,12,215.7370974489395
479,14,83.05712075428974
479,17,79.01871797339174
479,18,6.003440397272081
479,21,129.90118872060054
479,22,6.001252042142514
479,23,205.2464222531693
479,24,207.86867060253877
479,27,182.6023859890097
479,29,50.01110882067019
479,2,205.246136976073
479,6,173.7198196690632
479,7,205.24552019626663
479,8,6.002058495201466
480,10,215.73568090565698
480,12,215.73659889884004
480,14,141.70342810189902
480,17,79.01935230430702
480,18,6.0026608959727605
480,21,205.24635310711088
480,22,5.222334980893799
480,23,205.24594994965236
480,24,207.86907187222295
480,27,215.73682653190477
480,29,1.0023111969307434
480,2,205.24577360430806
480,6,205.24531425789067
480,7,205.24597778239644
480,8,7.094682757944627
481,10,215.7361047788238
481,12,215.7370696237773
481,14,215.73680729144525
481,17,79.01872253999612
481,18,54.562777486731584
481,21,205.2459398498381
481,22,1.0001737922427294
481,23,205.24653103515894
481,24,207.8686636176794
481,27,215.73740281145533
481,29,1.0016280703404101
481,2,205.24612811925164
481,6,205.24508407022915
481,7,205.24551371836316
481,8,6.002060421370705
482,10,215.73568854941118
482,12,215.73661829877105
482,14,215.73634465796653
482,17,79.01937955734887
482,18,141.70980318883122
482,21,205.24637007059783
482,22,1.000648995836567
482,23,205.245894246595
482,24,175.94191186045862
482,27,215.73690330931467
482,29,1.0022611856173311
482,2,205.24578572530245
482,6,205.24553150722457
482,7,79.01951274248538
482,8,6.002679594767041
483,10,215.73615375630155
483,12,215.73709054921932
483,14,215.73675637599166
483,17,129.90311615938077
483,18,141.71600022702737
483,21,205.24594222439163
483,22,5.223711210736935
483,23,205.2462135069238
483,24,207.86866178882832
483,27,215.73731940371238
483,29,1.001642311253252
483,2,79.01800382769753
483,6,205.24504070597678
483,7,79.01894810716429
483,8,6.002074432070836
484,10,182.59910289321834
484,12,215.736606525885
484,14,83.05734925922442
484,17,129.90366108996773
484,18,141.70971381859678
484,21,173.72222589563472
484,22,5.224468954558633
484,23,205.24591712889898
484,24,207.8691086825488
484,27,215.73687451621473
484,29,1.001958653492311
484,2,205.24577961765087
484,6,205.2452940075099
484,7,79.01963609697765
484,8,6.002497021654304
485,10,215.7361385299151
485,12,182.60163224723684
485,14,1.0033324461335127
485,17,1.0014401712065588
485,18,141.71001519875776
485,21,173.7208914436435
485,22,1.0019574195467413
485,23,205.24640460132014
485,24,207.86865339539185
485,27,215.73737522011805
485,29,1.001615254384486
485,2,205.24611340655642
485,6,205.24508625285193
485,7,93.3584424020637
485,8,6.002114383509963
486,10,215.73565822670386
486,12,215.736612859108
486,14,1.0028075152727878
486,17,1.0021216638814163
486,18,141.7096645169114
486,21,129.89928214148745
486,22,1.0026306077152878
486,23,205.2458833295548
486,24,207.86887452909298
486,27,102.62879390129112
486,29,50.013505622735245
486,2,6.002004962195021
486,6,205.24547471025295
486,7,93.35988377703326
486,8,54.55992046532504
487,10,215.7360363170207
487,12,215.73715305216507
487,14,1.188032293295545
487,17,1.0013624758689197
487,18,1.001379675393137
487,21,205.2458800198792
487,22,1.0019533745534615
487,23,6.0017825583426045
487,24,80.0264302094905
487,27,83.0569781696688
487,29,50.013011743983355
487,2,1.000708073584999
487,6,89.71754810028493
487,7,79.01893779683203
487,8,141.70631932757308
488,10,215.73564975341992
488,12,215.7365732845536
488,14,1.00278190902465
488,17,1.002164488333733
488,18,1.0019685950769288
488,21,205.24612248078918
488,22,1.0026929102123363
488,23,6.001202362689418
488,24,207.86906629811645
488,27,102.62938909899174
488,29,1.0014774688938637
488,2,1.0001140394892278
488,6,79.02023440122434
488,7,129.90290943639346
488,8,141.70711624247573
489,10,83.0589837894552
489,12,83.05978463416334
489,14,1.0033365122491045
489,17,129.90117068197839
489,18,1.001383157514912
489,21,205.24589690179985
489,22,1.1856582186022608
489,23,6.001830827619202
489,24,207.86875139280457
489,27,141.7038200185177
489,29,1.001119001325132
489,2,1.0000313090062045
489,6,6.001299447175324
489,7,205.24582592123357
489,8,141.7063139152091
490,10,1.0012687585797124
490,12,6.001178239435798
490,14,1.1876139844351883
490,17,205.24630275253008
490,18,1.0020262328022858
490,21,205.24605782198327
490,22,1.00263721715418
490,23,6.001114881676841
490,24,80.02860942352206
490,27,215.73686513952723
490,29,1.0014377974317918
490,2,79.02057898749932
490,6,6.002140331015509
490,7,205.2462863209692
490,8,6.002743165197213
491,10,1.0017534093315836
491,12,1.000176409110808
491,14,1.0030935245663688
491,17,205.24589896541585
491,18,1.0013610421917472
491,21,205.2458889381777
491,22,1.0019227814239402
491,23,79.0206463390133
491,24,80.02926289311759
491,27,182.60220930973438
491,29,1.0010869100370847
491,2,205.24591620541682
491,6,79.02218372880112
491,7,205.24579645038077
491,8,1.0007200563459246
492,10,1.0012526766360663
492,12,6.001143970651016
492,14,83.05736568517212
492,17,205.24640951611147
492,18,6.005383637480779
492,21,205.24607129586445
492,22,5.225818228726256
492,23,205.24621811509152
492,24,80.02857172973074
492,27,215.73687003606366
492,29,50.01217561623722
492,2,205.24617961492987
492,6,1.0020997699088197
492,7,205.24626475731495
492,8,1.0012854790830659
493,10,1.0018392383481656
493,12,215.7382810932725
493,14,215.73683517035684
493,17,205.24585975622512
493,18,6.004952447411113
493,21,0.9990306029351386
493,22,1.00193602277165
493,23,205.24668198246326
493,24,80.02926927727826
493,27,215.7373863510211
493,29,129.90060239414294
493,2,205.24587677547913
493,6,1.0025010368117568
493,7,15.000048329661036
493,8,1.0007076404200035
494,10,6.001961032991158
494,12,215.73785387217026
494,14,215.73654339814863
494,17,205.24636877332645
494,18,1.0011619122347213
494,21,6.000606324767017
494,22,1.0024387591519304
494,23,205.2462276681462
494,24,207.86875487675428
494,27,215.73690707931067
494,29,129.9010020752215
494,2,79.01945185152107
494,6,1.0021241234463956
494,7,15.000672100523365
494,8,6.005892598985246
495,10,83.05903493574907
495,12,6.002039573779475
495,14,6.003134615547344
495,17,6.0020197537766595
495,18,1.001688996272052
495,21,50.01310152597949
495,22,5.221591405080539
495,23,79.01973311582724
495,24,207.86922861356902
495,27,215.7373628172281
495,29,129.90062470503474
495,2,79.01888778549962
495,6,1.0028394989006006
495,7,79.01942086279743
495,8,1.0006873010729551
496,10,83.05779553190732
496,12,1.0006709996823107
496,14,1.0015289377930703
496,17,1.0026822906493074
496,18,1.0011903409040661
496,21,129.90309391603606
496,22,141.70028263540902
496,23,5.998996213929719
496,24,207.8688325609904
496,27,215.73692409353887
496,29,1.0015585393762754
496,2,79.01948406296064
496,6,1.1859318803824301
496,7,79.02074316195453
496,8,1.0013430982781042
497,10,215.73640728242626
497,12,1.0001282274719347
497,14,1.0020106474954158
497,17,1.0019064277219316
497,18,1.0011442185837032
497,21,6.000181864857316
497,22,141.6996105016357
497,23,205.2470958583288
497,24,207.86916967493804
497,27,83.05978589319007
497,29,1.0021996286056067
497,2,205.24605937509273
497,6,1.002454083460857
497,7,129.9011882001228
497,8,1.004828831110089
498,10,215.73609293301368
498,12,6.003658714403096
498,14,1.0015200430502365
498,17,1.0027582439923917
498,18,1.001431248125126
498,21,6.0009026853783
498,22,215.73652515366467
498,23,205.24661438489807
498,24,207.86878873288487
498,27,1.0019297168821009
498,29,1.001470529732261
498,2,205.24630091183292
498,6,1.0021634882430535
498,7,205.24607299870084
498,8,6.003491085221226
499,10,215.7362533497714
499,12,6.002058802636619
499,14,1.0329312576388059
499,17,1.0019090091921417
499,18,54.56076635541856
499,21,50.01352383472682
499,22,215.73604766279374
499,23,129.90271505234662
499,24,80.02915447676098
499,27,1.0025969615406831
499,29,1.0021651294768628
499,2,6.004908923905453
499,6,1.0029306522793835
499,7,205.24561176871464
499,8,6.004236569752423
500,10,5.998956526701156
500,12,6.003383758959492
500,14,6.0019887239814596
500,17,1.0025824246559614
500,18,215.73748210846605
500,21,0.9991131509356244
500,22,215.73663627008924
500,23,79.01882408061623
500,24,80.02838856308128
500,27,1.1856712539484349
500,29,129.90128339286724
500,2,6.005186409321645
500,6,205.24555491106497
500,7,173.7218568770864
500,8,6.003467685755827
501,10,215.7361271686775
501,12,83.05853902554195
501,14,83.05833830043791
501,17,1.0019131858697037
501,18,215.73700621591934
501,21,6.000433855252368
501,22,141.69930400992325
501,23,6.000720461285821
501,24,94.55118326278426
501,27,1.0019438196206432
501,29,205.24428257870218
501,2,1.002056409136106
501,6,205.24560162326947
501,7,205.24563500081373
501,8,1.000743195805077
502,10,6.000954421458925
502,12,83.05979409212841
502,14,83.057368312467
502,17,1.0026945776937968
502,18,215.73749901308508
502,21,129.90235448894552
502,22,141.69966541079225
502,23,79.01880529202997
502,24,80.02840695535842
502,27,1.002527605911813
502,29,205.2446025662873
502,2,1.0026388497464245
502,6,66.8855496331599
502,7,205.246128843519
502,8,1.0011417852742035
503,10,0.9991060009027324
503,12,215.7373306016976
503,14,215.73643064411752
503,17,1.0019757194234806
503,18,83.0579277207053
503,21,6.000946172311589
503,22,141.6992999612298
503,23,129.90295805675703
503,24,207.86920269304414
503,27,1.0019848794286599
503,29,205.24431390365902
503,2,1.0020397558154208
503,6,6.000135798223092
503,7,205.2457301035625
503,8,1.000406125611402
504,10,83.05881397465583
504,12,215.7378806351822
504,14,215.7360708289241
504,17,1.0026921666755717
504,18,6.000277720834071
504,21,6.000677347552962
504,22,141.6997398734283
504,23,129.90120175536967
504,24,207.8689125755709
504,27,1.0026929726092852
504,29,205.24474831725692
504,2,1.1865395809071444
504,6,79.02010988243768
504,7,79.01839171459866
504,8,1.0003423008243564
505,10,141.70350168325294
505,12,83.058608551723
505,14,215.73661082570752
505,17,6.0020281313484745
505,18,83.05793912194349
505,21,6.0014889549753585
505,22,141.699294656722
505,23,153.47990057537004
505,24,207.8693294573569
505,27,1.0019910214832892
505,29,205.24430837085964
505,2,1.0020583908306344
505,6,79.02055667713579
505,7,79.01897597622576
505,8,141.70776861123827
506,10,215.7370670619913
506,12,1.0020835219041286
506,14,215.7360832089407
506,17,129.90274518960044
506,18,83.05852059339807
506,21,50.01442079866409
506,22,215.7360561807987
506,23,129.90249335735402
506,24,207.86892550643392
506,27,83.05855926889303
506,29,205.24461791849814
506,2,1.0024989413889758
506,6,205.24620054950975
506,7,79.01836611730066
506,8,141.70730616494703
507,10,1.0016762389668008
507,12,1.0016531724949544
507,14,83.05823240743806
507,17,205.24572944586015
507,18,215.7364449515423
507,21,6.002199307566384
507,22,215.7355418070791
507,23,205.2462367595663
507,24,80.03059493814406
507,27,141.7042242719268
507,29,173.7189280680973
507,2,1.0020524773979202
507,6,1.000604031416838
507,7,205.2465685478594
507,8,141.7078247626893
508,10,1.0023297766275157
508,12,1.0023652518269417
508,14,1.0000941223543451
508,17,205.2461522203651
508,18,215.73691342413733
508,21,0.99907492373206
508,22,6.00472461563195
508,23,205.2458337353835
508,24,6.002005572307017
508,27,119.94057400038454
508,29,205.24434452192918
508,2,1.0026683937015068
508,6,1.0008199910741231
508,7,205.24610539150484
508,8,141.7073193331536
509,10,1.0016607546887455
509,12,1.001696676457077
509,14,1.000653323415424
509,17,205.24573399088214
509,18,215.7364561066425
509,21,50.012726279953434
509,22,6.00219750696917
509,23,205.24617630712504
509,24,1.0006224467231961
509,27,119.93895610457706
509,29,205.24469170444456
509,2,1.0020641469183644
509,6,1.0006078903101274
509,7,205.24651368270742
509,8,119.94380510349816
510,10,1.0023869724727756
510,12,1.001842128678443
510,14,6.001992787783788
510,17,205.24583936713805
510,18,215.73694794293715
510,21,129.90194122759505
510,22,6.002536262592891
510,23,205.24584672416597
510,24,1.000093921588241
510,27,215.73701980806467
510,29,205.24430640772837
510,2,6.005545875505056
510,6,79.01995578556028
510,7,129.90005455569147
510,8,119.94234784867766
511,10,1.00166958545294
511,12,1.0016555186575182
511,14,141.7047940893371
511,17,173.72055854013007
511,18,215.73647183010786
511,21,129.90217949671253
511,22,6.00216925047733
511,23,205.24626537187305
511,24,80.03091075684495
511,27,215.73685074021577
511,29,205.24470430699395
511,2,6.005849884296538
511,6,93.36069078230915
511,7,129.9005665622961
511,8,54.55704576774722
512,10,1.002292809195068
512,12,1.0022606367564224
512,14,141.70448566209984
512,17,205.2461779261869
512,18,215.73702015026475
512,21,1.0016847988754423
512,22,15.602714273861183
512,23,205.24585087238015
512,24,207.8686676321218
512,27,215.73700752924853
512,29,205.24429928050122
512,2,6.00553608053983
512,6,79.02019191842409
512,7,129.90003812139128
512,8,141.70766259185268
513,10,1.0016952483952952
513,12,1.0016558537865556
513,14,83.05561877187466
513,17,205.2457694731624
513,18,215.7364415709144
513,21,1.1861374580316122
513,22,6.002821182775445
513,23,205.24618172156838
513,24,207.86909884068533
513,27,182.60059498306225
513,29,205.2447423269288
513,2,6.0057810277684816
513,6,205.2450027135173
513,7,205.2462801733597
513,8,141.70773009937835
514,10,1.0016302469560188
514,12,215.7366502744847
514,14,215.73577889753736
514,17,79.01944960948103
514,18,215.7369812174377
514,21,1.00173393408003
514,22,1.0022387125536074
514,23,205.2458602740595
514,24,207.86864992676612
514,27,215.73730404780696
514,29,205.2443050417316
514,2,1.0004790129421472
514,6,205.24543183444226
514,7,205.2459214495106
514,8,54.555374187983496
515,10,141.70463141218457
515,12,215.7370950914524
515,14,215.73586196151828
515,17,1.0022179395296247
515,18,215.7364802614344
515,21,1.0017687703882974
515,22,1.0020536418399022
515,23,205.24622620467105
515,24,207.86897825102224
515,27,215.73685257059591
515,29,205.24479605287675
515,2,1.0007638205895786
515,6,205.24503822937046
515,7,205.24620737764238
515,8,141.70777641015502
516,10,141.70428074922995
516,12,215.73673507148334
516,14,215.73638196402308
516,17,1.002015449893153
516,18,215.7369137991623
516,21,1.0016855844993433
516,22,1.0025269010202464
516,23,205.2458264081985
516,24,175.94056527685245
516,27,1.0001171230785788
516,29,205.24430651700237
516,2,6.00560457175169
516,6,205.24532885936878
516,7,129.90112508871974
516,8,6.00168562706516
517,10,141.70451831065498
517,12,215.73710699771593
517,14,215.73588319145296
517,17,1.0027639418427245
517,18,215.7364461911609
517,21,6.003367827859254
517,22,1.002052589621103
517,23,205.24626731728898
517,24,175.94199433584356
517,27,54.557484121741304
517,29,205.2448348116849
517,2,6.006075116552075
517,6,205.24498597951
517,7,79.01943416278787
517,8,6.002180996711653
518,10,5.998988857800011
518,12,215.73665998968093
518,14,215.73643376409802
518,17,1.0020758821243616
518,18,215.73691003662637
518,21,50.01204081809988
518,22,1.0023512175836435
518,23,205.24586983373172
518,24,207.8686688518939
518,27,54.5568773368464
518,29,205.24429847541842
518,2,6.005647972964853
518,6,205.24516816117318
518,7,79.01887657975576
518,8,6.001635109604181
519,10,215.73644110588265
519,12,215.7369669048263
519,14,215.73587459068153
519,17,1.186375530651394
519,18,215.73651835306174
519,21,129.90148858909973
519,22,1.0021021428359251
519,23,205.24628494681582
519,24,207.8690779717119
519,27,54.557504892285834
519,29,79.01841290177614
519,2,1.0013491343828145
519,6,205.24500591909316
519,7,129.9047980695278
519,8,6.002454979644126
520,10,215.73601890493316
520,12,215.73661698642704
520,14,215.73620524672594
520,17,1.002013110446219
520,18,215.7366170988175
520,21,129.9011863777402
520,22,1.0027595417926118
520,23,129.9012450989436
520,24,207.86868252987009
520,27,54.5568769536964
520,29,79.01774794320045
520,2,1.0011996964833605
520,6,205.24544715156387
520,7,79.01887386160584
520,8,6.001676064054181
521,10,215.7365125949404
521,12,6.001923102036577
521,14,215.73582544920305
521,17,1.0022620130710616
521,18,83.05545144010574
521,21,205.2459070479913
521,22,1.0020748441041096
521,23,6.000962697507034
521,24,207.86906196369384
521,27,54.557538898719585
521,29,79.01841531068044
521,2,1.0016194095161781
521,6,205.24503422641752
521,7,93.35880235947067
521,8,6.00216321677089
522,10,182.59994085201572
522,12,1.0001865900163986
522,14,215.73623191366445
522,17,1.0020091118659842
522,18,215.73667655994655
522,21,205.24539810510143
522,22,1.187237622716797
522,23,6.000110250330303
522,24,175.94054357519568
522,27,6.001135966262912
522,29,79.017737092555
522,2,1.0012180641319643
522,6,205.24548933184883
522,7,5.999561071543246
522,8,6.001646567961394
523,10,83.05557435346009
523,12,0.9999771170498502
523,14,6.001952362033858
523,17,79.02016861419683
523,18,215.73656021144595
523,21,50.013319139636145
523,22,1.0020667832241008
523,23,79.02112758910376
523,24,207.86879400617292
523,27,6.001655838380957
523,29,205.24480395042303
523,2,6.006060671865361
523,6,205.24496249579667
523,7,6.000055900022454
523,8,6.002212609819312
524,10,215.7359558667721
524,12,6.002863561752047
524,14,1.0006648162286718
524,17,205.2457797775686
524,18,215.73639559741332
524,21,6.00199553602186
524,22,1.0025723184041784
524,23,129.90121726525123
524,24,175.94048533111652
524,27,54.55661888753268
524,29,205.24440933853563
524,2,6.005726445258943
524,6,205.24535768604994
524,7,205.2460253412944
524,8,54.558411316834885
525,10,215.7359604364926
525,12,83.06021406384968
525,14,1.0000329122608491
525,17,205.24618648935237
525,18,6.00096881188553
525,21,6.00202497772305
525,22,1.0020702025380288
525,23,205.24725406329443
525,24,207.8687767171574
525,27,54.557319921101936
525,29,205.2447846349246
525,2,6.010502461659091
525,6,129.9011945131311
525,7,205.24639890407263
525,8,64.46214998504425
526,10,215.73613015750485
526,12,83.0609865700661
526,14,215.7362552430406
526,17,205.24584126355845
526,18,1.0004958237057302
526,21,6.002617818248442
526,22,1.0023568328703538
526,23,205.24652796438573
526,24,175.94049887063127
526,27,54.55659068307471
526,29,205.2444202206414
526,2,0.999043336657305
526,6,6.003795274948788
526,7,205.24603549569244
526,8,54.55889109025854
527,10,83.05648882445632
527,12,83.06034522839416
527,14,215.7360974099189
527,17,205.24634464912057
527,18,6.000978085730109
527,21,6.001940009762771
527,22,1.0020231936947637
527,23,79.01907581279305
527,24,175.94191223550732
527,27,54.55722022443027
527,29,205.24490365983112
527,2,6.002370145030156
527,6,6.003210621344641
527,7,5.998962836171721
527,8,54.5596722514007
528,10,83.0570239674067
528,12,1.0005542319088292
528,14,215.73643956935004
528,17,205.24583585778723
528,18,215.73749371536064
528,21,1.0003093961942975
528,22,1.0023403456466555
528,23,79.01829320161585
528,24,207.86866457010387
528,27,54.55664400686601
528,29,205.2444301353051
528,2,6.004883479369239
528,6,7.097248298414988
528,7,79.01919006035206
528,8,54.55887600715262
529,10,83.05645284310617
529,12,1.0005852297082525
529,14,83.05730880482184
529,17,1.001252502420031
529,18,215.73712500011771
529,21,0.9998685708603778
529,22,1.00204467901127
529,23,79.01895063715956
529,24,207.8688555092896
529,27,1.0014234240303992
529,29,205.24491563842193
529,2,7.0957418596449005
529,6,6.002162257695992
529,7,79.01866109084763
529,8,215.73618721367612
530,10,215.73594846584442
530,12,1.0012481110347995
530,14,83.05785263501889
530,17,1.00139716427603
530,18,83.05976242431727
530,21,6.002920705546538
530,22,1.0022283534823853
530,23,205.24579367500064
530,24,207.86864911396228
530,27,1.0012759277862244
530,29,205.24442747301282
530,2,6.0050290314559245
530,6,1.001324428073623
530,7,205.2456788707212
530,8,215.73551682810307
531,10,215.73530982052074
531,12,1.000585854118647
531,14,1.0012581052951566
531,17,1.0012891236642263
531,18,83.05923896760379
531,21,50.012808413312705
531,22,1.002100902030361
531,23,205.24618399931492
531,24,6.010374141972062
531,27,1.0016276966972564
531,29,205.2448660985931
531,2,6.005128189658204
531,6,1.001818972401857
531,7,205.24551151157846
531,8,215.73624891185855
532,10,215.73600868563113
532,12,1.0005799198052037
532,14,1.1840928368686532
532,17,1.0016778797595256
532,18,6.000280278521576
532,21,50.01306236973745
532,22,1.0027866770426428
532,23,205.2459392340207
532,24,1.0022766431167875
532,27,1.0012974685253537
532,29,205.2444381478211
532,2,6.005111850248071
532,6,1.0013367409754599
532,7,205.24601554255477
532,8,215.7355412672162
533,10,215.7355906233839
533,12,83.0626030516783
533,14,1.0018781285105245
533,17,1.0012829484337322
533,18,83.05923239842056
533,21,5.998950704274186
533,22,6.003896366049628
533,23,205.24612586853885
533,24,1.0027903419509672
533,27,1.0019317433211299
533,29,6.002804056401674
533,2,15.61188157169593
533,6,1.0019035670348728
533,7,205.24552493150105
533,8,215.73628292694139
534,10,215.73610591930415
534,12,6.004932380742527
534,14,1.0012465851017947
534,17,6.003272848146441
534,18,98.13479018629197
534,21,129.90214781941725
534,22,5.085894136071567
534,23,205.24579226025756
534,24,1.0023034017449106
534,27,6.00192929160002
534,29,1.0020867859923257
534,2,129.90014571012614
534,6,1.001351251757784
534,7,173.7213819694117
534,8,141.70681753711403
535,10,215.7356137705174
535,12,1.0006364981666307
535,14,6.005025151379488
535,17,79.01949750636737
535,18,215.73765340773068
535,21,129.901925130189
535,22,6.003908389325821
535,23,205.24595068997715
535,24,1.187671279485639
535,27,7.097811763200203
535,29,1.0015539332648933
535,2,129.90062840409897
535,6,1.0013214602443679
535,7,205.2455132924539
535,8,6.000467778109227
536,10,215.7359999685147
536,12,1.001287472847209
536,14,5.086495896512007
536,17,79.01752551064956
536,18,5.99895384417774
536,21,50.00908738865083
536,22,1.000183985146574
536,23,173.72053551179104
536,24,1.1864773274294098
536,27,6.003551639672783
536,29,1.0020684529608603
536,2,129.90020173303543
536,6,6.003559471058436
536,7,205.24589644685142
536,8,54.55828953328227
537,10,215.73564590022048
537,12,6.002194372917439
537,14,83.0582187268754
537,17,155.34552201905987
537,18,83.05943499169257
537,21,129.902330667681
537,22,5.085457784420878
537,23,205.24620424949185
537,24,1.0022823976391093
537,27,54.55725516283757
537,29,1.0015188954158534
537,2,1.0014576018625112
537,6,6.0028500850247895
537,7,205.24556980106985
537,8,54.559008322737675
538,10,215.7361768525371
538,12,83.06093898157829
538,14,215.73646132829126
538,17,79.01640921626151
538,18,98.13348211200515
538,21,129.90215244928982
538,22,15.60068102097619
538,23,205.24586706027492
538,24,1.0028377362394618
538,27,141.70444882963827
538,29,1.0014451683550156
538,2,1.001833944463404
538,6,5.084082030970079
538,7,173.72144542555958
538,8,54.55829698960077
539,10,215.7356567681934
539,12,83.0614836874285
539,14,215.73683900338375
539,17,205.24572873391037
539,18,5.08791704288723
539,21,50.0121912738997
539,22,15.598800988296315
539,23,205.24619288946462
539,24,1.0022906989542584
539,27,141.70481373266296
539,29,6.004363673047408
539,2,1.0015639659107256
539,6,6.002878322093947
539,7,205.24551655514853
539,8,54.55889218816836
540,10,215.73602338556168
540,12,6.0021032509677195
540,14,83.05870397864565
540,17,205.24560778744078
540,18,0.9990325618692291
540,21,1.0005835236585998
540,22,259.92679606778637
540,23,205.24582568086694
540,24,1.0027488208260165
540,27,5.999801888186943
540,29,5.086466418026995
540,2,1.0014724459724214
540,6,6.0033317870705964
540,7,205.24596115837087
540,8,54.558266932671415
541,10,215.7356420523506
541,12,7.0946962348479445
541,14,98.13423699472041
541,17,205.24590678656662
541,18,6.005285314998837
541,21,1.00048988204715
541,22,215.73439941115234
541,23,205.24613639930018
541,24,1.002292763737091
541,27,54.55591317049386
541,29,1.0000620455066427
541,2,1.0016561944877669
541,6,6.002939211778693
541,7,205.24552789472068
541,8,54.558975916307205
542,10,6.004188625172167
542,12,6.002063175004043
542,14,83.05732035233704
542,17,205.24560691561953
542,18,1.0013685526012184
542,21,1.000911051234878
542,22,15.599666314001047
542,23,129.89944588260687
542,24,1.1864009596726843
542,27,141.70423273382474
542,29,6.004165423837679
542,2,1.0014730830966485
542,6,1.0018105294321762
542,7,129.90243424768488
542,8,54.55833201654735
543,10,6.003623768513772
543,12,0.999695843987185
543,14,83.05778415116288
543,17,205.24580317627883
543,18,1.0016940874902147
543,21,6.002037055868227
543,22,6.001339938844483
543,23,129.90017274370737
543,24,1.0025456604793588
543,27,215.73633734435992
543,29,6.004184155712941
543,2,1.0017914446707605
543,6,1.0020436786444291
543,7,6.000135870693015
543,8,141.70895630903897
544,10,6.0039384332251196
544,12,6.00213017157618
544,14,83.05730484562821
544,17,205.24573865069246
544,18,1.0014071326871328
544,21,129.90140266901318
544,22,6.001281687724032
544,23,205.24640513586698
544,24,1.0022626625406836
544,27,215.73696564367452
544,29,1.0006880977321373
544,2,6.006351351417241
544,6,1.1853515314624863
544,7,1.0031696529303042
544,8,141.7075055369244
545,10,1.0012273854083942
545,12,215.7380663984333
545,14,78.5590821067368
545,17,5.999993815393028
545,18,1.0017966712942297
545,21,129.90130152823056
545,22,6.0028473251869885
545,23,205.24652898557525
545,24,1.0025032203588404
545,27,141.7035165248082
545,29,1.0006275140955534
545,2,1.0014624974522617
545,6,1.0022237806642424
545,7,1.0059724107139765
545,8,141.70626763312413
546,10,1.001431201400039
546,12,119.93808075665115
546,14,215.73617588142446
546,17,0.999668232723331
546,18,1.0013600363149155
546,21,205.2472868282375
546,22,6.002918526472211
546,23,6.000730284468646
546,24,1.00227563228058
546,27,141.7041494138451
546,29,15.601572473445158
546,2,1.001991005011985
546,6,1.0018843294491484
546,7,1.0033058858143056
546,8,6.002090223192635
547,10,1.0013105585748772
547,12,119.93845702838239
547,14,141.70216778409338
547,17,2.311415923395746
547,18,83.06198080531578
547,21,109.94878613093238
547,22,6.001198346303696
547,23,6.000996543032558
547,24,6.002100679826532
547,27,141.70348800473778
547,29,15.60123214652155
547,2,1.001442053678355
547,6,1.0025576845483561
547,7,1.0032127658767598
547,8,1.0016025070637298
548,10,6.003885759690116
548,12,141.70378307421655
548,14,215.7365194787452
548,17,1.043631841031428
548,18,1.0013969114091372
548,21,129.9014616004089
548,22,15.601670513046539
548,23,6.000819048121434
548,24,6.010016581186644
548,27,119.93893006862068
548,29,6.003005349332274
548,2,6.0063504082963535
548,6,205.24494009003865
548,7,1.003177147168559
548,8,1.0013641146987133
549,10,6.003626209663993
549,12,83.05867496067265
549,14,215.73617655558064
549,17,2.311445049553037
549,18,1.0020113361592529
549,21,129.9012761584559
549,22,15.601416190248447
549,23,205.2465327421201
549,24,6.01003541229602
549,27,54.55281329826447
549,29,1.0006511747494304
549,2,1.1854235184626232
549,6,205.2453288584928
549,7,1.0030969704677242
549,8,1.0015888897015799
550,10,6.003896125194441
550,12,83.05813361401194
550,14,215.73627171301774
550,17,2.3114354853458847
550,18,1.001397034969222
550,21,129.90151179169965
550,22,6.002058146764885
550,23,205.2462514125096
550,24,207.8704195896906
550,27,141.70391216727904
550,29,15.600418919309092
550,2,1.0014939248856418
550,6,205.24488867403227
550,7,1.0032968979329215
550,8,1.0013757931122242
551,10,6.0036431359138165
551,12,5.999584072274093
551,14,6.00188968919164
551,17,1.9598839607575158
551,18,1.002057111512821
551,21,129.90133103530252
551,22,141.70292317790373
551,23,205.24605889893712
551,24,15.639032163641787
551,27,141.7036612412079
551,29,129.90156923207957
551,2,1.0014633317313946
551,6,205.24527778501175
551,7,1.0031390573790038
551,8,1.0015510231985276
552,10,6.003931401289608
552,12,83.05809371541075
552,14,5.08531228245823
552,17,6.0001737084825955
552,18,1.0014678710027614
552,21,6.001908790732066
552,22,141.7028271482285
552,23,6.002290413573919
552,24,1.0023451528036018
552,27,141.70413081024572
552,29,6.002978502093508
552,2,1.0017877456422113
552,6,205.24489329498613
552,7,1.003202748790291
552,8,1.001361230885112
553,10,6.003642938748056
553,12,215.73677213063274
553,14,6.003536734275547
553,17,5.999457223018818
553,18,6.001908322769156
553,21,6.003161880111401
553,22,119.93667963556844
553,23,1.0013573753153757
553,24,1.002287177889908
553,27,6.00232973647541
553,29,1.000111339336649
553,2,6.004893249549162
553,6,205.2452829183701
553,7,1.0033131636890982
553,8,6.0032967406673805
554,10,15.607109315536205
554,12,215.736683839087
554,14,1.0009836736801434
554,17,38.153513691457775
554,18,215.73686132403145
554,21,1.0001045810356368
554,22,15.596469190042374
554,23,1.002032692565308
554,24,1.002022652048538
554,27,6.002430850351922
554,29,1.0003748979001523
554,2,205.24475093872982
554,6,205.24493377736638
554,7,2.61817167239034
554,8,5.083958062281139
555,10,6.003647536771679
555,12,215.7368819342088
555,14,1.0007728568590757
555,17,5.9993484159537855
555,18,182.60106025760697
555,21,1.0001357716028858
555,22,141.7030110370405
555,23,1.0013398935083098
555,24,1.1865312107974342
555,27,6.002290160405878
555,29,6.002746619263627
555,2,205.24427198627012
555,6,205.24515758610073
555,7,1.003082403667329
555,8,141.7074106073512
556,10,6.003834869341738
556,12,215.73662179203234
556,14,1.0012483912728412
556,17,1.0007885234817309
556,18,215.73693412416023
556,21,1.0005465139447853
556,22,6.002824796562669
556,23,1.0014745005583148
556,24,1.002101673937041
556,27,7.092649891576708
556,29,15.600030425744453
556,2,205.24486655955835
556,6,205.24494818821645
556,7,1.003141226685612
556,8,54.55538549233188
557,10,5.08438960235098
557,12,215.73685439391832
557,14,83.05733078135684
557,17,2.3121900882990145
557,18,215.736631123394
557,21,50.012006266908216
557,22,6.005168100462197
557,23,6.002214254058162
557,24,6.009328485358809
557,27,6.330362996474489
557,29,205.2454015873782
557,2,205.24428881005312
557,6,205.24497381106144
557,7,1.0058808518372642
557,8,141.7076067373736
558,10,6.002684724212576
558,12,6.001909457315177
558,14,215.73591071540906
558,17,2.3116143455847213
558,18,83.0587363150266
558,21,129.90222685831898
558,22,6.002893724341252
558,23,6.001881323135865
558,24,6.011237980865326
558,27,6.331138575137005
558,29,205.24587042909266
558,2,205.24468862408204
558,6,205.24525658451057
558,7,1.0031475152015066
558,8,141.70733512584744
559,10,0.9994874568983496
559,12,1.0016227411510776
559,14,215.735547050581
559,17,0.9990705964685773
559,18,1.0004504654112996
559,21,5.998946198981954
559,22,1.0011273575118818
559,23,79.02020729138847
559,24,6.001400290167618
559,27,0.9994829548662683
559,29,6.002083365857044
559,2,205.24427745839523
559,6,205.24489328944802
559,7,1.00319153729812
559,8,141.70770636694826
560,10,0.999908982082804
560,12,1.0018134736126445
560,14,215.73589436635604
560,17,6.00053943260126
560,18,83.05842674734313
560,21,5.999223697090871
560,22,1.0009821100325036
560,23,205.2466600402492
560,24,5.9996801294113835
560,27,16.443092550154887
560,29,15.601440547008245
560,2,15.610950222336431
560,6,79.01859418446557
560,7,1.0033073100581706
560,8,141.70733761469822
561,10,6.004367362565336
561,12,1.001627151634355
561,14,182.59596301505601
561,17,129.90195722879253
561,18,215.7372854901207
561,21,129.90210230718506
561,22,1.0011425505638458
561,23,5.998939159321128
561,24,6.0111632873135825
561,27,215.73792050633173
561,29,6.0024020721500815
561,2,15.610655519897858
561,6,79.0181055630596
561,7,1.0031015284638878
561,8,54.55926853440899
562,10,6.004373222084842
562,12,1.0018058013765563
562,14,215.73597412268313
562,17,6.000289223837279
562,18,215.7369038215457
562,21,109.95065006599664
562,22,1.000981873587933
562,23,205.24668915730587
562,24,6.011683815568455
562,27,16.44301292448268
562,29,6.002490054006659
562,2,15.611328387499412
562,6,79.01800189804203
562,7,1.0033174124385775
562,8,5.088943308589127
563,10,1.0000026557546624
563,12,1.001643111068966
563,14,215.7355245081895
563,17,1.0041376443741932
563,18,215.73726254311038
563,21,129.90215765880848
563,22,6.00554684529019
563,23,79.01958672294705
563,24,6.011221526203412
563,27,6.331340397817227
563,29,6.002350411997188
563,2,6.009673313513036
563,6,129.90498726498296
563,7,1.0032041266401421
563,8,6.006310230760723
564,10,1.000233071108906
564,12,1.0018242965883273
564,14,215.73595461521933
564,17,1.0088099980554714
564,18,215.7368051768921
564,21,129.9020502870324
564,22,141.7017190392885
564,23,1.0001285416005858
564,24,5.091042905726778
564,27,7.481291766537351
564,29,6.0027413739024755
564,2,1.0010203774512325
564,6,79.01804513503697
564,7,1.003105732190276
564,8,1.000275871140743
565,10,6.0015998791597545
565,12,1.0016241465981404
565,14,215.73558873025058
565,17,1.004245628217114
565,18,1.001036430040548
565,21,6.00022425513501
565,22,215.7378163620548
565,23,0.9999525920515797
565,24,0.9990360700728509
565,27,6.002268296217794
565,29,6.00240980915417
565,2,1.000944084365674
565,6,79.01862905733518
565,7,6.001246793237901
565,8,141.70842082704314
566,10,6.00417881061223
566,12,1.002033592706069
566,14,215.7360201350339
566,17,1.0041424267684231
566,18,1.0012540388007842
566,21,1.0013838619809503
566,22,6.002820314699153
566,23,79.01989489569064
566,24,6.010207741660875
566,27,1.0005612535262003
566,29,129.90241538461328
566,2,1.0013687858050844
566,6,89.85799803764007
566,7,1.0047768003561366
566,8,1.0002426967013047
567,10,15.605027774802384
567,12,1.0016437047798075
567,14,215.73558799132206
567,17,1.0088369419123486
567,18,1.0010693437797213
567,21,1.0015807016667049
567,22,6.001847387307523
567,23,129.90131427855607
567,24,132.85157887105197
567,27,1.0007587075559314
567,29,6.0027721843884505
567,2,6.004896256824765
567,6,205.24493160216173
567,7,1.0050087824217577
567,8,1.0002904766116023
568,10,6.001641649763669
568,12,83.05879154576763
568,14,83.0579638666218
568,17,1.0041345282925391
568,18,1.001778985502149
568,21,1.0013858056191012
568,22,1.0011437617923429
568,23,205.24625217004393
568,24,207.86912372579886
568,27,6.00193918483953
568,29,6.003291519427262
568,2,6.005466457977598
568,6,205.24510124057872
568,7,1.0048328728274543
568,8,1.0004789679085988
569,10,1.0011959134713573
569,12,215.7364749639834
569,14,1.0009409146324906
569,17,1.004244923266949
569,18,83.05857895665892
569,21,1.0014968296680964
569,22,1.0013867437805963
569,23,205.24603778211468
569,24,132.85157391000365
569,27,16.445450953935772
569,29,6.00274730473118
569,2,6.001963668468178
569,6,205.24498765889044
569,7,5.999291178286355
569,8,1.0002377522258605
570,10,1.001381034589027
570,12,215.73681876979768
570,14,1.0016624339332614
570,17,1.0041148023012392
570,18,215.73652960532712
570,21,1.0014028697434743
570,22,1.0011647317531382
570,23,205.24626634068343
570,24,132.8517807850609
570,27,6.000675434454791
570,29,6.0027947948362055
570,2,6.00544278945036
570,6,205.24497076710273
570,7,5.998889409166537
570,8,6.00529065231659
571,10,1.0011964585804876
571,12,215.7364409185023
571,14,1.0009651999566298
571,17,1.0042565202058125
571,18,215.73697914360048
571,21,1.0019213441301655
571,22,1.0017482843211054
571,23,205.24614016326294
571,24,5.99940110367543
571,27,6.00071153000796
571,29,1.0012927462261372
571,2,6.0100390978761
571,6,79.01996077452975
571,7,1.0195315570841963
571,8,0.9995069909544085
572,10,1.0013193499293864
572,12,215.73682748152632
572,14,1.0008696560038928
572,17,1.0041475793104455
572,18,215.73650413892122
572,21,1.001421411592431
572,22,1.0011780538669113
572,23,79.01984879304219
572,24,51.14942025391687
572,27,6.000622696276843
572,29,1.0012105359442014
572,2,15.612233622435232
572,6,0.9993080702849015
572,7,1.001707027844553
572,8,0.9996993559870972
573,10,1.001196876769387
573,12,215.7365204617181
573,14,98.1348129207566
573,17,1.0045313379060525
573,18,215.73691803556906
573,21,1.0018864610731057
573,22,6.002798638387237
573,23,0.9990345385878294
573,24,51.14887959001907
573,27,215.73794398970836
573,29,1.001721320436216
573,2,6.00343230322199
573,6,6.003025718478567
573,7,1.001648046164326
573,8,6.0019076601993335
574,10,6.00372954902737
574,12,215.7365259021464
574,14,83.05896795957113
574,17,1.008965688180755
574,18,182.6002787078974
574,21,2.312878841838396
574,22,6.002939215755706
574,23,6.00266758041063
574,24,5.99980127543393
574,27,6.001937310506736
574,29,6.003476314130184
574,2,15.612291874175064
574,6,205.24538861264466
574,7,6.001241547201667
574,8,6.001901057550778
575,10,6.00377130156592
575,12,83.0584805584767
575,14,215.73552827762452
575,17,1.0042031559661408
575,18,215.73689583792185
575,21,1.0013855145566932
575,22,15.602850110065173
575,23,1.0009528496967857
575,24,5.999691780990826
575,27,6.00227715715075
575,29,6.0036651797655365
575,2,6.002054292192688
575,6,205.24547853319115
575,7,1.0030518860481372
575,8,54.55865995694509
576,10,15.607125617109771
576,12,6.0001194003881935
576,14,215.73547958767625
576,17,1.0042794659501713
576,18,215.73651593885836
576,21,1.0016500648389544
576,22,6.002904522398403
576,23,1.001138332453773
576,24,132.8519288724262
576,27,1.0010075772503209
576,29,1.000504329471502
576,2,6.004969488734235
576,6,205.24579600164586
576,7,1.0031587612826591
576,8,54.55835687440259
577,10,6.003678495724265
577,12,6.000016090498384
577,14,215.73559355654203
577,17,1.0042820127911982
577,18,215.73686840658513
577,21,2.312430344568586
577,22,6.003000440523385
577,23,1.0009359505290352
577,24,112.44631822344911
577,27,1.0014534561816228
577,29,1.0006029794691056
577,2,1.0006411787748322
577,6,205.24545434743627
577,7,1.0030499960954469
577,8,141.70823404013518
578,10,1.0011668335466117
578,12,215.73792243016206
578,14,215.7354729582331
578,17,1.0041522059538694
578,18,215.73656529775198
578,21,6.001351104783951
578,22,7.092255921421121
578,23,79.0230300876308
578,24,132.8519412345945
578,27,1.0010140667491418
578,29,1.0004999055188044
578,2,1.0005549449020004
578,6,6.001897726551253
578,7,1.0032049643177583
578,8,54.558355892112125
579,10,1.0010957306227821
579,12,6.010031692404267
579,14,215.7355542098853
579,17,1.0042408328031858
579,18,215.73647614683136
579,21,1.0019594271208705
579,22,6.00282808313043
579,23,1.0009685200039895
579,24,0.9992766771146577
579,27,1.0015660759233471
579,29,6.003823204335845
579,2,6.013607694152298
579,6,6.002179317298772
579,7,1.0030894619219604
579,8,1.0000712280572817
580,10,15.605778038058752
580,12,1.00199529841142
580,14,83.0543342288537
580,17,1.0041837666982447
580,18,83.05824202125699
580,21,1.0019518201748978
580,22,0.9990404768338514
580,23,1.0011111070587466
580,24,51.150217073000974
580,27,6.330440717420316
580,29,6.003606118354564
580,2,1.0005178356526914
580,6,1.0015710461286025
580,7,1.0031526848005194
580,8,0.9999374823922142
581,10,215.73739572000852
581,12,1.0019393103080247
581,14,215.73549070749908
581,17,1.0042545996476555
581,18,5.998935534115653
581,21,1.001872028644244
581,22,5.084656325369787
581,23,1.0009905634563
581,24,43.297255742025236
581,27,167.4154672990311
581,29,1.000086261416218
581,2,1.0005448644966268
581,6,1.0016592987081436
581,7,1.0054837398361087
581,8,54.6819698643515
582,10,1.001175297919544
582,12,1.0020540857256925
582,14,215.7354280986613
582,17,1.0040959586312237
582,18,83.05867618171216
582,21,1.0018635026801288
582,22,6.003725350619594
582,23,1.0015312898967625
582,24,51.15029269652323
582,27,141.70120747375822
582,29,0.9999943441306707
582,2,1.000970636465869
582,6,1.001557256949149
582,7,1.0054526193765092
582,8,296.0859579425623
583,10,1.0012658130004848
583,12,1.001938295021782
583,14,215.73571107036483
583,17,1.0042487718018167
583,18,83.05809724167739
583,21,1.0019776497691275
583,22,6.002312831378889
583,23,6.004992146867536
583,24,1.0010470835505778
583,27,215.73775896847897
583,29,6.002867138386609
583,2,6.0059275809598
583,6,1.0018511163018742
583,7,2.6174820388987134
583,8,296.0253160471549
584,10,1.0013029713469201
584,12,1.0020700537341067
584,14,215.73543267208063
584,17,1.0041935440934529
584,18,83.05809838399593
584,21,1.0019795517687617
584,22,1.0006308475283685
584,23,1.0009952873409205
584,24,1.0012610680326297
584,27,215.7372726348297
584,29,6.0028387664863905
584,2,0.9995240571087116
584,6,1.0015964051875823
584,7,2.6176174410185995
584,8,296.0248139713557
585,10,1.0012795846654718
585,12,1.1856958960219348
585,14,215.73555195321083
585,17,1.0043236449489665
585,18,215.73678297128882
585,21,1.1855127819236708
585,22,1.0007147085525423
585,23,1.0011264210193938
585,24,6.001893311107219
585,27,6.3302287382734015
585,29,15.599861597577455
585,2,6.0129639181289525
585,6,1.0019892870257578
585,7,1.0030148617942656
585,8,296.0253757719243
586,10,6.005062415326652
586,12,1.0020215372596857
586,14,182.59619300911797
586,17,1.004261907776164
586,18,215.7364008823028
586,21,1.0019226129130487
586,22,1.0006602281526824
586,23,1.0010114749256678
586,24,51.15082935511322
586,27,6.330735852067793
586,29,15.600004982667333
586,2,1.0006044955631976
586,6,205.24620916648635
586,7,1.0053329643363487
586,8,296.025185678226
587,10,1.0012244608782002
587,12,1.0019152142372665
587,14,215.73558501709027
587,17,1.0041275756186847
587,18,215.73651374380978
587,21,6.000569950723335
587,22,6.002955046821118
587,23,79.01995292049966
587,24,6.000969159878119
587,27,6.000448677652168
587,29,6.002398447988159
587,2,1.0006957578550644
587,6,1.0016671281359493
587,7,2.6165118567719627
587,8,113.96192493839324
588,10,1.0018346486080647
588,12,6.010927400845334
588,14,1257.4228917011528
588,17,1.187886741923597
588,18,215.73642614287783
588,21,5.079723976983586
588,22,6.002811874199817
588,23,205.245909731177
588,24,132.85258624886745
588,27,5.999549687029647
588,29,6.004927324411977
588,2,6.005304473912068
588,6,1.0015721805799318
588,7,6.002009600827631
588,8,113.96212843767901
589,10,15.606805491786957
589,12,6.01081813794852
589,14,83.05435245500615
589,17,1.007737067368999
589,18,215.73652996204785
589,21,6.00052053870672
589,22,7.092305658258403
589,23,205.2459514308834
589,24,207.87026009000226
589,27,16.442023059701146
589,29,6.002399994706913
589,2,129.89326333828689
589,6,1.0016146403104766
589,7,2.616434760698252
589,8,5.998938953619955
590,10,6.004020116230519
590,12,6.0108190031788356
590,14,83.05474678533031
590,17,1.0041206421559359
590,18,215.7365464813952
590,21,6.000451820288897
590,22,6.002962006450683
590,23,205.24599548184372
590,24,132.8527364761711
590,27,16.441878845116968
590,29,7.091525379932761
590,2,205.24414505961354
590,6,1.0017121866963041
590,7,1.0027267841271703
590,8,113.96211488032232
591,10,5.085493862758044
591,12,1.0013559153903966
591,14,141.7042058471875
591,17,1.0083661905652388
591,18,215.7363436051739
591,21,6.000451639900128
591,22,6.002390136945613
591,23,79.0189216409269
591,24,6.001968411279279
591,27,1.0000806380412524
591,29,6.002407635012372
591,2,129.89326796576276
591,6,1.0015554987686341
591,7,1.0048274766285417
591,8,215.7371993569138
592,10,6.00404425357359
592,12,1.001311075420758
592,14,83.05763543118698
592,17,477.5651996502408
592,18,83.05876411464997
592,21,2.3096977563264787
592,22,6.003081893330847
592,23,79.01894569309607
592,24,6.003250373082389
592,27,6.00185832777482
592,29,6.002481039618383
592,2,129.893391702921
592,6,6.002305326228267
592,7,2.6181434353462327
592,8,113.95943499251777
593,10,0.9991762788465088
593,12,1.0014396723628227
593,14,83.05738866893905
593,17,205.2451884729426
593,18,1.0003356294734846
593,21,0.9990359539831974
593,22,6.001708841658385
593,23,79.01890421873935
593,24,1.0004316129637516
593,27,215.73746393704602
593,29,15.599034279977104
593,2,6.007299563514683
593,6,6.001887978254664
593,7,1.002695755653514
593,8,215.73756166971484
594,10,6.003687705950034
594,12,1.0013366539141675
594,14,1.000815613775246
594,17,205.24536931242872
594,18,6.0019868532845635
594,21,2.3097109408635133
594,22,215.73617665520575
594,23,205.24713160042586
594,24,6.002037854332033
594,27,6.00146106239337
594,29,129.89926914595745
594,2,1.0004320747552429
594,6,205.24530844268187
594,7,1.0024785125541236
594,8,215.7365103922786
595,10,15.603002508043069
595,12,6.011201494430895
595,14,1.0009542156319648
595,17,205.24520673480205
595,18,83.05840540004824
595,21,2.3097067735375543
595,22,215.7361327456683
595,23,6.000638676321045
595,24,51.14780046840253
595,27,1.0025010365500036
595,29,205.24460629948217
595,2,1.000506180424952
595,6,205.24519392091344
595,7,1.0026098211724292
595,8,215.73661281834683
596,10,13.203394004718223
596,12,6.011073903467568
596,14,1.0008095578976475
596,17,6.00214802584186
596,18,215.7368377211422
596,21,2.3096439317083215
596,22,254.86885478446752
596,23,0.9990334898453748
596,24,207.86939965400924
596,27,1.0024425202224432
596,29,6.002730084036759
596,2,6.008092925740156
596,6,205.2453850894409
596,7,6.001237240008367
596,8,296.00397784559954
597,10,15.601653681593401
597,12,6.0096082938492055
597,14,167.41728348747583
597,17,1.0006148367143135
597,18,83.0583193397451
597,21,6.000600162013473
597,22,215.7321831589141
597,23,6.000964023548094
597,24,132.8515846145878
597,27,1.0025202269300229
597,29,6.002890662132227
597,2,6.008111638618357
597,6,205.2452031541413
597,7,2.614865457282166
597,8,215.73512663538799
598,10,15.601365595331071
598,12,1.0021885452618928
598,14,141.70271423291467
598,17,1.0007714622763775
598,18,0.9992792099577734
598,21,2.30987460800222
598,22,254.8688780578137
598,23,79.01961538226679
598,24,132.85162046380782
598,27,1.0024418531044041
598,29,1.0015570948224504
598,2,6.008190806995343
598,6,79.01595026840354
598,7,3.0889949813737285
598,8,296.0035570694485
599,10,215.73778122698445
599,12,1.186272481811602
599,14,215.73704787530963
599,17,1.000608350602401
599,18,83.05831254121615
599,21,1.0005163353137396
599,22,215.73218319688627
599,23,205.24669016336046
599,24,5.998946488487892
599,27,1.1846507864594926
599,29,1.0017495318046787
599,2,5.088800492115553
599,6,205.24526425045477
599,7,1.0060892998111814
599,8,6828.997809377174
600,10,6.00761149439018
600,12,1.002196104109914
600,14,6.0015563445669375
600,17,205.24523220719007
600,18,83.05830716968623
600,21,2.310822123378726
600,22,254.86893928906596
600,23,205.24640875578746
600,24,132.85205131614273
600,27,1.0024446286420687
600,29,1.0016296197750592
600,2,5.089115572223086
600,6,129.89814259869638
600,7,1.1861756329623159
600,8,245.21128245459994
601,10,1.0010956812228935
601,12,1.002156647096025
601,14,6.001712352602526
601,17,205.2452012805003
601,18,215.73657248281907
601,21,1.958298792565044
601,22,215.73606246972676
601,23,79.01957590134215
601,24,51.14776469267737
601,27,1.0025485376861871
601,29,1.0015576466647893
601,2,6.007292890700461
601,6,205.2451744743186
601,7,1.0029986184517208
601,8,119.9413905581717
602,10,1.1837937285877889
602,12,1.0022875999295424
602,14,0.9990364612390721
602,17,205.24517070833951
602,18,215.7364968372132
602,21,129.90010425420468
602,22,6.002054547855682
602,23,1.000304079714267
602,24,1.0005819547360648
602,27,1.0024484904779385
602,29,15.601743335235708
602,2,205.24623227486296
602,6,205.24513950360296
602,7,1.0030762712080197
602,8,141.70439687918113
603,10,1.001061146326749
603,12,6.009984566919111
603,14,6.001737691752467
603,17,79.01645578654689
603,18,5.999028836024682
603,21,129.9000250162501
603,22,1.0015589474189461
603,23,1.0004517769837857
603,24,1.000690276393562
603,27,1.0044297579114296
603,29,6.005137898667479
603,2,15.623362202264882
603,6,205.24535624295754
603,7,1.0029998622333887
603,8,6.009952714198513
604,10,6.005207430608765
604,12,6.010027002751975
604,14,6.001534660844046
604,17,93.35309705468946
604,18,83.05981057280127
604,21,2.3102989658610547
604,22,1.1848396803964008
604,23,0.9989797176705881
604,24,1.0005847407418047
604,27,1.0024625722257765
604,29,6.002380759537161
604,2,6.006878910251381
604,6,205.24516214516512
604,7,1.0058145655388717
604,8,1.000964433951701
605,10,1.0011589035276334
605,12,6.010153708970622
605,14,83.05815889950621
605,17,79.01644874567052
605,18,83.0598773850439
605,21,0.9990353038422422
605,22,1.0017090634337285
605,23,5.9989946664210825
605,24,6.002527371916004
605,27,2.6148618807911594
605,29,6.002297048038852
605,2,6.006725638431821
605,6,79.01893329853912
605,7,1.0029824621100571
605,8,1.0009336327819094
606,10,1.001042591417315
606,12,6.010068503335027
606,14,215.736440364433
606,17,205.24638354583988
606,18,6.001895696833837
606,21,2.729882499053719
606,22,6.0019038174166495
606,23,41.41130639542734
606,24,51.148687007767755
606,27,1.001895950971563
606,29,6.002420253064237
606,2,6.006776840781286
606,6,6.001529922211238
606,7,1.003038292083719
606,8,1.0010011829793601
607,10,141.70372462521507
607,12,215.73689647037807
607,14,83.05440451569544
607,17,79.01899489726027
607,18,6.001972970095093
607,21,2.3101473585176384
607,22,83.05830622536767
607,23,79.01956736044568
607,24,51.148584959320004
607,27,1.0019538942581576
607,29,6.002385630699548
607,2,15.626682622318253
607,6,0.9990307438330523
607,7,1.0030018186300982
607,8,1.0009230104375701
608,10,215.73628846963453
608,12,83.05865755962401
608,14,215.73566169783481
608,17,5.0833871534122785
608,18,6.001916748531519
608,21,2.7298067617943182
608,22,141.70465125291813
608,23,205.24675830613975
608,24,1.0007093425267541
608,27,1.0018941832137918
608,29,129.90104204157817
608,2,6.00679402833484
608,6,6.001470461180487
608,7,1.0030489463782386
608,8,6.00143212823412
609,10,215.73641998574266
609,12,98.13210140961122
609,14,215.73554923974515
609,17,0.9990361197133382
609,18,1.001365909980228
609,21,2.7296364482545004
609,22,5.999980557071221
609,23,205.2465368224574
609,24,207.86823173287112
609,27,1.0040040042209855
609,29,129.90086186697752
609,2,6.006778011841484
609,6,79.01918971511952
609,7,1.0048915428319196
609,8,6.012772508173538
610,10,215.73632140542867
610,12,1.0005669259122323
610,14,20300.791540139737
610,17,6.0027795117405525
610,18,6.004840739381766
610,21,2.3101835428002584
610,22,6.000020272193959
610,23,6.001307353323419
610,24,14.998937356519562
610,27,2.614258461976873
610,29,6.002789776916427
610,2,6.006780678505404
610,6,79.0192332767852
610,7,5.99921919882285
610,8,1.0011195245149738
611,10,215.73646543204902
611,12,1.000721169696055
611,14,17182.584993095432
611,17,6.002943009920306
611,18,1.1841759178240565
611,21,0.9990402749954219
611,22,83.0583056695391
611,23,6.001371385770826
611,24,207.86815203884464
611,27,1.0023038320776205
611,29,6.0028375385640445
611,2,6.006813867976136
611,6,66.88394471108101
611,7,5.077533389560499
611,8,1.0011611063797172
612,10,215.73633128631027
612,12,1.0005469187025682
612,14,20300.791549372505
612,17,0.9990315439171216
612,18,1.0013816719466755
612,21,5.999956128553613
612,22,215.73756555895613
612,23,6.0012391214485445
612,24,207.86812793862848
612,27,1.0022851247459519
612,29,1.0013760534675535
612,2,15.626100922916057
612,6,205.24516967684767
612,7,5.999317797538902
612,8,1.0010821534030736
613,10,215.73647827369194
613,12,141.7036929002304
613,14,215.73553434115686
613,17,6.002023357138902
613,18,83.05840597148222
613,21,5.999921406587587
613,22,6.001891201284107
613,23,6.001371414993682
613,24,207.86831727683733
613,27,1.0023722544996927
613,29,1.001420110523596
613,2,0.999034331632493
613,6,173.72001113577704
613,7,5.999255576608269
613,8,6.010833669556979
614,10,83.05826523488629
614,12,141.70353509363335
614,14,83.05538917229468
614,17,79.01918940173421
614,18,141.7035239108437
614,21,205.24615769921337
614,22,6.001979577435739
614,23,79.02134447617982
614,24,207.8682171702276
614,27,1.0022745776028428
614,29,1.0016095555423545
614,2,6.007851243845684
614,6,205.2451600783176
614,7,205.24617175339293
614,8,6.010758558178073
615,10,83.05856630513395
615,12,119.93801823909202
615,14,83.05532406601237
615,17,79.01923597826817
615,18,215.73674609837323
615,21,6.000054651504912
615,22,5.083027022424936
615,23,1.00005900277145
615,24,207.86818075453343
615,27,2.613651381014085
615,29,6.004100357752451
615,2,6.014402315187946
615,6,205.24512102265183
615,7,5.99926487044198
615,8,1.001288191062418
616,10,1.0018817926264179
616,12,119.93794019262502
616,14,215.73586561760487
616,17,129.904075017067
616,18,215.73677546186005
616,21,1.0003389374694684
616,22,6.0026185573726
616,23,1.0001262977711924
616,24,6.002311637053215
616,27,1.0023658840466592
616,29,6.004088805503271
616,2,1.0015010193435074
616,6,205.2451751997057
616,7,5.99930666895423
616,8,1.0012395886601917
617,10,1.0020969324149265
617,12,215.7377097140541
617,14,215.73593619823853
617,17,6.000022991471607
617,18,6.001881566885233
617,21,5.999836109605987
617,22,0.9990334874310394
617,23,6.00191011226748
617,24,7.093989320149246
617,27,1.0046490722608077
617,29,1.0011101273679666
617,2,1.0015052965137707
617,6,79.01757640574137
617,7,2.307502518498084
617,8,1.0019373771115294
618,10,1.001880050386835
618,12,83.05861860421419
618,14,215.73601645754215
618,17,6.000041569437347
618,18,0.99903313623747
618,21,205.24636830955532
618,22,141.70589289688877
618,23,205.24569876532942
618,24,0.9990362583974743
618,27,1.00237200502609
618,29,1.0011244879265142
618,2,1.0016344490103153
618,6,79.01752897210984
618,7,2.3076962089796
618,8,1.001244003217864
619,10,1.1857076200927414
619,12,83.05868804846023
619,14,215.73586946398012
619,17,79.02215997221818
619,18,6.002003695895686
619,21,5.9999569118111165
619,22,6.000124794925266
619,23,205.24565383698345
619,24,6.002339187752661
619,27,1.0025122659699743
619,29,6.002085424818587
619,2,1.0014608522575381
619,6,205.24553255953026
619,7,6.000692913115367
619,8,6.010774056993405
620,10,1.001883389716312
620,12,6.001900978601333
620,14,1.000514458633483
620,17,6.00001495757701
620,18,0.9990343443912071
620,21,1.2322648422798457
620,22,83.05846079828228
620,23,1686.29625304026
620,24,80.02900635946882
620,27,1.0023631902479515
620,29,6.0027482108210855
620,2,6.007834067679418
620,6,79.01912293330298
620,7,2.30970610725638
620,8,5.090967996189967
621,10,83.05841833391997
621,12,1.001039808874376
621,14,1.0006054118885777
621,17,0.9990336937323789
621,18,83.05846655545886
621,21,1.232265688399231
621,22,215.73669515170712
621,23,205.24561530238228
621,24,207.86859120024894
621,27,1.002476787008014
621,29,7.091903801258304
621,2,5.086754074287104
621,6,93.35952560670121
621,7,1.0013231149451505
621,8,6.010770442968305
622,10,141.7041400425507
622,12,215.73709441855902
622,14,3.6282467856909086
622,17,205.24533714932437
622,18,83.05842978964607
622,21,0.9990782762916037
622,22,215.73672129225258
622,23,205.24573279001407
622,24,1.000173070909943
622,27,1.0024754694318663
622,29,6.00265746496438
622,2,6.0040602102294205
622,6,0.9990325007780365
622,7,1.0013306376385138
622,8,5.090968593277453
623,10,0.9990317041046488
623,12,215.73707963958583
623,14,3.073335545584766
623,17,205.2451838523629
623,18,215.7371078278988
623,21,1.2323086413737059
623,22,215.7366786871611
623,23,79.01957036176657
623,24,1.0001903551363664
623,27,1.0023623783236726
623,29,6.002689478025999
623,2,1.0033802640508078
623,6,6.002378408273064
623,7,1.0012768408556143
623,8,6.010807026176133
624,10,6.001221646693539
624,12,215.73710414478498
624,14,215.7370482379257
624,17,205.2453375357723
624,18,215.7370810688771
624,21,1.4552777399204864
624,22,83.05839168948192
624,23,79.01973763669223
624,24,6.001880133393731
624,27,1.0047466703835095
624,29,6.002445685175541
624,2,1.1891447255141792
624,6,6.00235958489527
624,7,2.3093739015388177
624,8,1.0016334520926353
625,10,83.0582458100459
625,12,83.05718443257717
625,14,9.421978625515752
625,17,205.2453316880468
625,18,6.000939757808934
625,21,1.0013623920765617
625,22,6.000381517338278
625,23,1.0011913800367758
625,24,132.85198462051946
625,27,1.002494428964349
625,29,414.46314565772707
625,2,1.003380348042981
625,6,6.002371868202218
625,7,5.999642645887044
625,8,1.0012818115947741
626,10,215.73665202718914
626,12,5.998925830124734
626,14,6.00006569372411
626,17,79.01900044100375
626,18,83.05864280158647
626,21,1.0013326615517535
626,22,0.9990347834476303
626,23,1.0011949895403296
626,24,207.8694541447235
626,27,1.0024641728034434
626,29,350.80059566776225
626,2,1.189240767998884
626,6,5.08272412015261
626,7,129.90256403834832
626,8,1.0011805023162408
627,10,215.73636091464172
627,12,83.05739348221098
627,14,1.002667629030877
627,17,1.0008513117658584
627,18,215.73637931764924
627,21,1.0013734888113381
627,22,6.000550897291063
627,23,1.001153669031714
627,24,132.85196450626674
627,27,1.004950754410447
627,29,9711.031324655562
627,2,1.0033788118661544
627,6,6.001875073829872
627,7,5.999787291808413
627,8,1.0013329576612016
628,10,1963.149393286057
628,12,215.73767673087428
628,14,1.0075144666931521
628,17,1.0009384358605793
628,18,215.73655571332455
628,21,1.225192739753929
628,22,83.0614087252226
628,23,6.002026521413326
628,24,80.0275761535955
628,27,1.0024995906531817
628,29,205.245384569714
628,2,6.016286810668777
628,6,6.001886981186847
628,7,2.3089519493476782
628,8,1.0011877059381797
629,10,755.8067961365934
629,12,83.05663835479032
629,14,1.0026187480596604
629,17,205.24633580951428
629,18,215.73637503377887
629,21,1.225225832192601
629,22,83.06145113002253
629,23,6.001866218599235
629,24,5.99988021492212
629,27,1.0024852976178593
629,29,205.24546319229577
629,2,6.006253062597232
629,6,205.24619230723314
629,7,2.3090113224533884
629,8,6.021574337560251
630,10,1963.149485813859
630,12,83.05662486984536
630,14,1.0074530189359567
630,17,6.002148357154752
630,18,215.73646704845706
630,21,1.2251293711357505
630,22,5.999009871419709
630,23,79.01968398605467
630,24,328.98971688758326
630,27,1.0024577149283962
630,29,79.01851507319884
630,2,5.093739447535546
630,6,79.01898993323668
630,7,2.3090057678462594
630,8,215.73518899097533
631,10,215.73535387923445
631,12,227.85425015641437
631,14,1.0028027077629575
631,17,6.002124565151135
631,18,215.73640179672202
631,21,1.0164732802663554
631,22,70.30845924200821
631,23,79.0195616913845
631,24,207.863087658729
631,27,1.004514347296789
631,29,205.2461963340451
631,2,129.90139727692275
631,6,0.9992923802098606
631,7,2.3090206119205394
631,8,215.73513765216163
632,10,755.8098110593271
632,12,227.85389375329888
632,14,1.0027670255896393
632,17,0.9990371866562864
632,18,215.73646523185556
632,21,1.2251898794631106
632,22,215.7376585310968
632,23,205.2459911360619
632,24,245.56878149954116
632,27,1.0024497096304525
632,29,205.24631532481573
632,2,129.90143835277357
632,6,7.657344679926577
632,7,0.9990485495991743
632,8,215.73515212930377
633,10,755.8096796677842
633,12,227.8539148037884
633,14,1.00761932644882
633,17,6.002169917182739
633,18,215.73639835546393
633,21,1.0164710069445864
633,22,109.9742023523529
633,23,205.2459733338515
633,24,132.84870771685428
633,27,1.0024619284586134
633,29,0.9990333983331077
633,2,129.90144800698627
633,6,0.9992629540307583
633,7,2.3091543766487446
633,8,1.0011213708466284
634,10,1963.1478222114913
634,12,192.85634361162087
634,14,1.007525189998459
634,17,6.002131981793054
634,18,215.7365180808541
634,21,3.2025997815387086
634,22,215.73424090860667
634,23,6.0018763366018995
634,24,207.8682043836137
634,27,1.004724731950649
634,29,5.99921236954056
634,2,6.001212898653693
634,6,205.2447683898345
634,7,6.00025294713563
634,8,83.0581272399767
635,10,1963.1477775279673
635,12,215.73647884259182
635,14,1.002600989857501
635,17,6.002093940225757
635,18,83.05850575429614
635,21,3.2025600012924134
635,22,215.73714112704582
635,23,1.0006035278025394
635,24,207.86826438897563
635,27,1.0024612560088348
635,29,93.35934776692748
635,2,0.9990319180154961
635,6,205.24473873171257
635,7,6.000181828750396
635,8,83.05821399384844
636,10,1335.284680252009
636,12,227.85789898001968
636,14,1.0074992799665843
636,17,0.9990355122925934
636,18,6.001944774711597
636,21,3.202676673785785
636,22,215.7362310635246
636,23,1.0005948911774434
636,24,207.86788959859507
636,27,1.002488025923995
636,29,93.35938579386186
636,2,6.001239938159168
636,6,449.31132561899744
636,7,0.9990399127346139
636,8,70.3029170771992
637,10,1963.1480637703773
637,12,87.72837607069026
637,14,1.007342747112565
637,17,6.001275738591946
637,18,1.0024114647391071
637,21,1.0014273225348171
637,22,215.73636122164368
637,23,79.01971466140455
637,24,80.02625416215662
637,27,1.0024634100994048
637,29,79.01944000742431
637,2,6.001183689160134
637,6,205.24476879939908
637,7,2.308138454080847
637,8,83.05817173484121
638,10,1661.6105156425656
638,12,215.73655275829998
638,14,1.006378127273286
638,17,533.0745484838501
638,18,1.1867313526365955
638,21,1.001385358554021
638,22,215.7362351219135
638,23,205.24560190524338
638,24,97.54965811374402
638,27,1.002505491285751
638,29,79.01936632341578
638,2,205.24541263416066
638,6,205.24478369141653
638,7,6.000056784940198
638,8,14.998934682509468
639,10,1963.1480746245638
639,12,192.85632743499937
639,14,1.0027706522026607
639,17,205.23865480376702
639,18,1.0023797897320739
639,21,1.2278098901326189
639,22,215.7364019619558
639,23,8250.919888886852
639,24,207.86840081198454
639,27,1.0024602291244564
639,29,205.24614912563356
639,2,205.24533169980052
639,6,205.2447888057025
639,7,5.9999067112635665
639,8,83.05821077524813
640,10,1661.6105130035726
640,12,227.85399046604738
640,14,1.006473245599139
640,17,241.7801469493973
640,18,1.1867786142563954
640,21,1.2277600845430339
640,22,215.73622278483202
640,23,205.24561420025242
640,24,207.86838716382135
640,27,1.0024382597520693
640,29,205.24610427559446
640,2,173.72050755766296
640,6,6.002422168788669
640,7,2.3063698448545953
640,8,70.30290673268397
641,10,1963.1472700398965
641,12,215.73637267334095
641,14,1.0072626883531335
641,17,205.23867350963653
641,18,1.0023805786203468
641,21,6.001036949956816
641,22,215.73687350783493
641,23,205.24560888204613
641,24,207.86852851456615
641,27,1.0023674652495398
641,29,79.01717791714027
641,2,205.24540855202733
641,6,6.002361339249893
641,7,0.9990495844973983
641,8,215.73504759080146
642,10,1963.1471045014919
642,12,215.73651888737274
642,14,1.002816364732288
642,17,629.7912131613571
642,18,6.002686214864353
642,21,1.2277082018088343
642,22,215.7359653621797
642,23,0.9990528277098143
642,24,207.8683739543702
642,27,1.0024075204210305
642,29,5.998931255279316
642,2,79.01690915379193
642,6,0.9990348815589556
642,7,5.999266523261513
642,8,215.73504213426952
643,10,7506.7356015634105
643,12,87.7225599395992
643,14,1.186713308166678
643,17,533.0662811752245
643,18,0.9990424533941278
643,21,1.0186440087148876
643,22,215.73635722626742
643,23,6.0010258468710695
643,24,207.868499805192
643,27,1.0023672416707878
643,29,129.90375724655755
643,2,205.24508371136235
643,6,7.09428872533358
643,7,5.999265108259471
643,8,215.73506719800318
644,10,1963.147103114275
644,12,87.7226078115864
644,14,1.0028831774615314
644,17,7823.945552398469
644,18,6.002723818122648
644,21,1.2277643862480385
644,22,215.736222962171
644,23,6.000920690427585
644,24,80.02603261272297
644,27,2.613292358371657
644,29,6.000274534152529
644,2,205.24503599883843
644,6,6.0023865025537475
644,7,205.24724000365904
644,8,215.73512361966982
645,10,1963.147323807555
645,12,87.72254644440171
645,14,1.0071525393048937
645,17,1347.6876209349987
645,18,6.002663328046186
645,21,1.018643349645945
645,22,215.73631107920872
645,23,6.0010017044216255
645,24,175.941132540389
645,27,1.0020541398494682
645,29,129.90128867612742
645,2,3630.869507957765
645,6,7.092468533058835
645,7,5.999220401873513
645,8,215.73497753366544
646,10,5.998184156478957
646,12,227.85566484048928
646,14,1.0064183353990481
646,17,7823.94559704461
646,18,6.002709310079805
646,21,1.2277641728145365
646,22,141.7004146706097
646,23,129.90246686045185
646,24,207.86848801970154
646,27,2.6132955976694916
646,29,205.24591604238535
646,2,205.2450417395245
646,6,6.0015504303661125
646,7,1.959028741333304
646,8,215.73511350547753
647,10,215.73913050258713
647,12,227.17638831918518
647,14,2.620347114392631
647,17,533.0705939379654
647,18,0.9990368707621622
647,21,1.009858049803234
647,22,215.7363026195362
647,23,322.7930139948211
647,24,6.001898983383976
647,27,2.6132242231346394
647,29,205.24603073936538
647,2,205.24507962626757
647,6,28.802253556625914
647,7,2.3108050742950166
647,8,215.7349661923098
648,10,6.000946656240256
648,12,6.003630759560924
648,14,1.0071281861238397
648,17,7823.945613124485
648,18,83.05869897970281
648,21,1.2173803538576937
648,22,215.7362297738838
648,23,79.02095065916289
648,24,1.0011931207271862
648,27,1.0024900093664204
648,29,205.24594653357977
648,2,173.7192389825564
648,6,24.378228727272163
648,7,1.001702059900559
648,8,215.73505272741886
649,10,6.000953159711365
649,12,6.001953060090802
649,14,1.002821082078519
649,17,533.0735727417509
649,18,83.05840991248984
649,21,1.0098613590000545
649,22,215.73628834173195
649,23,6.000155441934823
649,24,1.0011300310656779
649,27,1.0024540379128375
649,29,5.99968240217018
649,2,205.24511594778448
649,6,50.03919976654775
649,7,1.001666165426113
649,8,215.7349674265607
650,10,6.000918761814489
650,12,1.0021456699070095
650,14,1.0064844972512716
650,17,533.073720283269
650,18,215.73691147892757
650,21,1.2173982633360367
650,22,215.7362267648147
650,23,205.24658798281808
650,24,207.868243999614
650,27,1.0025138341965274
650,29,0.9990336972036538
650,2,79.01913991190753
650,6,50.039168997419274
650,7,2.31238103108344
650,8,215.7350304097196
651,10,215.7398975671567
651,12,1.1858727198908063
651,14,1.0028211435926542
651,17,205.2400285439308
651,18,141.703371204813
651,21,1.0098997080701553
651,22,215.73695145282386
651,23,129.90116053278538
651,24,207.8681738376012
651,27,1.0024572989062124
651,29,79.01942471368781
651,2,6.000776334005975
651,6,6.002134952002184
651,7,1.0016964320977326
651,8,215.7349553664391
652,10,6.001893051242751
652,12,1.0021026360170282
652,14,1.0071836952897613
652,17,205.23997599715125
652,18,5.084323062204525
652,21,1.0099089181383842
652,22,215.7361906865061
652,23,79.01965596130361
652,24,207.86817790192472
652,27,1.002522278425885
652,29,205.24579729863572
652,2,6.00072962356758
652,6,0.9990288106221259
652,7,1.1853664267479047
652,8,215.7349775803095
653,10,1.0009542811728052
653,12,1.1859742315633621
653,14,1.0064430405974027
653,17,6.000431859537709
653,18,6.00343051677687
653,21,1.009842818939969
653,22,83.0569901955888
653,23,6.001870601706287
653,24,80.02603733253052
653,27,1.0024605909661934
653,29,205.2459304934699
653,2,6.000784106721851
653,6,6.004835117032961
653,7,1.0018683544079252
653,8,6.0056241393408385
654,10,1.0009315989190464
654,12,1.002061286223567
654,14,6.000994677557735
654,17,0.9990363171818206
654,18,0.9990363617418847
654,21,6.000788273034615
654,22,83.05695887542461
654,23,6.002045310914156
654,24,207.86796188856036
654,27,1.0024922643508978
654,29,205.2458206822875
654,2,79.01918064438055
654,6,1.0009198990041792
654,7,2.3109106458456665
654,8,6.0014649326333425
655,10,1.000969691341136
655,12,1.0022318439242444
655,14,1.0060527309971379
655,17,242.4746586377621
655,18,6.003435528233794
655,21,2.3070152917119335
655,22,141.70671585978621
655,23,1.0015699493000998
655,24,207.867905109419
655,27,1.0025672734485838
655,29,205.24584612874582
655,2,205.24558904588812
655,6,1.000927259023694
655,7,0.9990538272619114
655,8,6.005491326009068
656,10,1.0009261569263357
656,12,1.0020124513758972
656,14,1.0027182280577334
656,17,205.23749878993183
656,18,5.084355728160248
656,21,205.24550711947933
656,22,6.001846143658279
656,23,1.001458055510776
656,24,254.75279897059852
656,27,1.0024522152608784
656,29,75.02547799256423
656,2,6.001558867368697
656,6,6.004839003204021
656,7,2.310953088271468
656,8,6.005391569114837
657,10,6.0019117370081645
657,12,1.0020084291564348
657,14,1.0027466914545968
657,17,533.0761956932084
657,18,6.0019467532864486
657,21,205.24540148269023
657,22,1.0005012724475835
657,23,205.24598853182798
657,24,132.85287988830288
657,27,6.000790461881124
657,29,79.01948880767713
657,2,6.001684483441636
657,6,5.086957345902019
657,7,0.999053297827988
657,8,6.005556197777439
658,10,141.70525286521848
658,12,1.0020316035185424
658,14,1.005501427128059
658,17,205.23965713087333
658,18,215.7363136612482
658,21,205.24556843897022
658,22,1.0005289097445562
658,23,5.999869572627752
658,24,1.0009747592015312
658,27,2.307046430967099
658,29,6.001229271399207
658,2,6.001585289004027
658,6,50.039930840858794
658,7,5.999923011316884
658,8,6.013131601297954
659,10,5.998938698597488
659,12,1.002070430317553
659,14,2.6172190391942536
659,17,205.23882427297556
659,18,215.73639358092015
659,21,205.24545345486374
659,22,3.2178768167708807
659,23,205.2455653584956
659,24,1.0009879458857336
659,27,6.000865457817859
659,29,6.001282872277102
659,2,79.02247742225123
659,6,5.999373894581686
659,7,5.999987129792637
659,8,6.00535174414526
660,10,215.74007999771402
660,12,1.0020439758853454
660,14,215.73744659759552
660,17,205.23878861796342
660,18,215.73642676650792
660,21,205.24549381245342
660,22,83.0606788925607
660,23,205.24564517547526
660,24,1.0009315581924696
660,27,2.3070273295000048
660,29,6.001242965312591
660,2,6.001585023718796
660,6,50.03743945324629
660,7,5.999921970178009
660,8,6.005358304095208
661,10,1.001681279774541
661,12,1.0020737302232403
661,14,1.0071013135808622
661,17,242.47834321786502
661,18,215.73635977532317
661,21,6.000705009918812
661,22,83.06083318626176
661,23,4019.138569151241
661,24,6.003796433246062
661,27,5.999573853691915
661,29,6.001318813339344
661,2,0.9990366201165761
661,6,129.93509831443555
661,7,0.9990386695355058
661,8,215.73712734206507
662,10,1.0017029041578986
662,12,1.0020129178670905
662,14,1.007318592915981
662,17,6.001904421610366
662,18,215.73635040863007
662,21,6.000687285841349
662,22,6.001879780089299
662,23,205.24565679540592
662,24,0.999038992063328
662,27,915.5611676092664
662,29,6.00121543346792
662,2,6.001531769982185
662,6,129.90193510248082
662,7,6.000005719797132
662,8,6.012479015973245
663,10,1.0017081749711032
663,12,87.72459511150633
663,14,1.0026643667512376
663,17,6.001946025989128
663,18,5.085510349676033
663,21,129.9011224958859
663,22,1.0015618637147163
663,23,5.998920925326717
663,24,80.03198930853569
663,27,915.561147128488
663,29,0.9992839836924752
663,2,6.001555505975483
663,6,1.0008529068447043
663,7,2.3093327737807066
663,8,6.00574929708277
664,10,1.001758674045175
664,12,141.70637727168557
664,14,72.23072242073616
664,17,1.001660967604609
664,18,6.003984187090287
664,21,205.24567771284734
664,22,1.1846932487938169
664,23,129.90162493677838
664,24,6.001933717573484
664,27,915.5611948500377
664,29,79.02231108299804
664,2,205.24530835780251
664,6,1.0008943358695142
664,7,1.0018414189139015
664,8,1.0016811193902715
665,10,1.0016563118532753
665,12,87.72450085846802
665,14,215.7367275715463
665,17,1.001734434840973
665,18,1.0008796470997687
665,21,79.01929579285371
665,22,1.0016116259877412
665,23,205.24704738994882
665,24,1.0011451988788327
665,27,915.5611548223161
665,29,1.0003352926001536
665,2,6.001924144744632
665,6,1.0009237883589837
665,7,1.0016746023527991
665,8,1.0016675640103196
666,10,1.0016876589356496
666,12,1.0003813520357205
666,14,119.93428638931906
666,17,1.0016345394581299
666,18,1.0008969157768908
666,21,6.001976715753893
666,22,6.004456369913837
666,23,79.01955980778173
666,24,1.001174397058465
666,27,352.48911385677275
666,29,79.01945770520695
666,2,0.9999814156414031
666,6,169.2870976192145
666,7,1.00167089949365
666,8,1.0016589347750218
667,10,1.0017072662586894
667,12,1.0004434118205925
667,14,141.700067555263
667,17,1.0017714523450651
667,18,6.001957541648108
667,21,1.000626247061124
667,22,1.0008511008594088
667,23,6.000622080424276
667,24,6.004567449649855
667,27,215.73839609956212
667,29,205.24568259883208
667,2,6.001931066262927
667,6,129.89812272900755
667,7,1.0016557844629226
667,8,1.0016511112519906
668,10,1.001662890051188
668,12,6.001911215935158
668,14,6.005626357516504
668,17,1.0017371558012345
668,18,215.73728889637712
668,21,1.0006803620516793
668,22,1.000914908391385
668,23,129.9029018431566
668,24,1.0003242716263951
668,27,6.001899225299234
668,29,205.2456765393469
668,2,7.095576658588755
668,6,169.2870609355278
668,7,1.0016390305284881
668,8,1.001697236501922
669,10,6.0019216913299385
669,12,215.7364087450752
669,14,7.102033490448107
669,17,205.2401721755533
669,18,141.70337483082847
669,21,205.24554411103733
669,22,1.000842150171934
669,23,6.000675549091982
669,24,1.0014239796999753
669,27,1.001630823474576
669,29,79.01891980177793
669,2,6.002929728938676
669,6,169.28693491335747
669,7,1.0015890255353792
669,8,1.0016762712669278
670,10,215.73861113539482
670,12,235.48395803096597
670,14,1.0003702833967285
670,17,205.2402704159049
670,18,6.00191467996838
670,21,79.0204945901985
670,22,83.0606144861087
670,23,79.01961956211129
670,24,237.2662302594229
670,27,1.0016910250401487
670,29,79.01897200562262
670,2,79.02175969528271
670,6,6.002026381793588
670,7,1.0016146796624792
670,8,6.007214714008977
671,10,182.6011802689579
671,12,90.66317954672884
671,14,1.0003214623924368
671,17,205.2402655213625
671,18,0.9996696490277328
671,21,0.9990328245237405
671,22,5.999161582969031
671,23,205.24704058399328
671,24,91.34977248538743
671,27,1.0016900726545748
671,29,129.90126253334498
671,2,5.999468340094298
671,6,1.0010791929245828
671,7,1.001686775334937
671,8,1.185043798660561
672,10,215.73861018157754
672,12,6.000658469569236
672,14,54.55366662708275
672,17,6.001207436532058
672,18,83.05996026699009
672,21,93.36234203495431
672,22,215.73640762621116
672,23,79.01956246135443
672,24,5.9994341849582025
672,27,1.001708425465436
672,29,205.24585932136364
672,2,205.24542295685322
672,6,1.0011046233904644
672,7,6.000506025609051
672,8,1.0016982928176024
