Time,Scenario,price_model
1,10,170.5286445086787
1,12,1.0019463700260074
1,14,5.984524247315959
1,17,6.005970960502092
1,18,1.0030449553043654
1,21,6.005266588312961
1,22,1.0020837125452307
1,23,205.91079299272522
1,24,1.0000768026312992
1,27,170.53200168103606
1,29,2.614274263728859
1,2,1.0031026256348428
1,6,1.0059522361917503
1,7,1.0041901097647532
1,8,1.1816561931786786
2,10,15.537801048304143
2,12,1.002036973498603
2,14,5.050738878327613
2,17,205.91373386074258
2,18,170.5382943714218
2,21,5.088835257062202
2,22,1.0020573751150277
2,23,205.91073498586735
2,24,6.00675433361557
2,27,241.36704725689523
2,29,1.001681997446858
2,2,1.003093888472125
2,6,1.0059552863999546
2,7,1.0041665319009034
2,8,1.002343303913757
3,10,5.993018185658521
3,12,1.0019955926789788
3,14,5.9845660393353395
3,17,6.007445262784383
3,18,241.3671938378259
3,21,6.0054625470134475
3,22,1.0020556952821824
3,23,205.91100759541604
3,24,135.6294645942942
3,27,241.36706694069608
3,29,1.001677473069428
3,2,1.0031136757833456
3,6,205.91016886310956
3,7,1.004187459770284
3,8,1.0023511198025234
4,10,1.0038720636759795
4,12,1.0019903915726065
4,14,1.000916397589453
4,17,6.0079449213006395
4,18,241.3674625761726
4,21,0.9963144616534692
4,22,1.0020918900768834
4,23,6.013656047339379
4,24,6.006867282080602
4,27,170.5227346282805
4,29,1.1821877654168658
4,2,1.0031071481307618
4,6,205.91008258072213
4,7,1.0041702014392673
4,8,1.0023427571239925
5,10,1.0038512717067078
5,12,1.002002085669667
5,14,1.000877709928215
5,17,1.0014288887825495
5,18,6.013844253320901
5,21,2.313899276369332
5,22,1.0020917660872097
5,23,1.0056093722868322
5,24,2.302152060231178
5,27,241.36723843980522
5,29,1.0016794549395112
5,2,1.0031132032648937
5,6,79.27584676460833
5,7,2.628049708417821
5,8,2.6153810683441554
6,10,1.0038527972820308
6,12,1.0019515286409302
6,14,1.000876347858708
6,17,2.3241477025272985
6,18,1.005740202884832
6,21,6.010815371797669
6,22,219.0619984479502
6,23,1.005603705598042
6,24,6.008005758420493
6,27,92.91336168381433
6,29,1.0016787883969585
6,2,1.0030929299224418
6,6,6.004359091875907
6,7,2.6276074992193976
6,8,170.54019553609874
7,10,5.993239886970889
7,12,1.0020022393399195
7,14,6.004270470318183
7,17,1.9880348344250445
7,18,241.36740849610663
7,21,1.006628525381129
7,22,241.37024941257243
7,23,154.37510654062527
7,24,6.00760845436847
7,27,204.3015010163849
7,29,1.0016791926105917
7,2,1.0030886079276016
7,6,6.004204639092393
7,7,2.6280318275366508
7,8,1.0021177144514208
8,10,5.992779727278684
8,12,1.0019927286622963
8,14,0.9992323349833372
8,17,2.3245434648740257
8,18,443.0046214765661
8,21,1.0066250780384651
8,22,84.33629605300032
8,23,130.65543451969572
8,24,6.007841519536985
8,27,241.36709857086174
8,29,1.0016817758480228
8,2,1.1899343105184688
8,6,205.90989301666224
8,7,2.6277925606202546
8,8,1.0021228643639386
9,10,241.3692672706873
9,12,1.0020026223530936
9,14,0.9992503781365301
9,17,2.324300498861085
9,18,241.36748472318038
9,21,1.0065852073725825
9,22,84.3366823559905
9,23,248.70088895209037
9,24,2.3025362355670174
9,27,241.36887561048053
9,29,6.005262823513295
9,2,1.0030929114269949
9,6,205.9093876502824
9,7,2.627680182695432
9,8,1.002113194007939
10,10,15.537847075553449
10,12,1.001997581079653
10,14,2.6214385260179194
10,17,2.3245919945360782
10,18,241.3668189137005
10,21,6.011047159724953
10,22,5.999118165201928
10,23,248.69951187091633
10,24,6.008008056288725
10,27,241.3664937537805
10,29,1.0016707620251282
10,2,1.0030947280914049
10,6,174.285499691502
10,7,2.62774456170027
10,8,1.0021158539096229
11,10,15.538170338510056
11,12,1.0020152894408225
11,14,6.005353342531183
11,17,0.9963216086338811
11,18,241.36698792044857
11,21,2.3126468676592236
11,22,84.33648596603209
11,23,248.70106294619455
11,24,2.302409657074845
11,27,241.36889965586278
11,29,1.0016821866634942
11,2,6.003964204112576
11,6,205.90958377159598
11,7,1.0009854020712918
11,8,1.0021322700543571
12,10,5.9883455889078405
12,12,1.0020028116973272
12,14,2.6214143522837725
12,17,2.3183890180304303
12,18,170.54664200237994
12,21,2.3129660118443383
12,22,84.3294397410167
12,23,248.70647674999998
12,24,6.00684504760169
12,27,241.36667394602486
12,29,1.0016823679832507
12,2,6.003929351654042
12,6,205.90935454539505
12,7,2.6321310843889574
12,8,6.00179555161471
13,10,7.0644862435352085
13,12,1.1859560871131825
13,14,1.0042229024561617
13,17,2.3175222321649676
13,18,6.007621136431278
13,21,0.9963229676710919
13,22,219.0470506393169
13,23,130.66052169891768
13,24,210.33862811426448
13,27,241.3667750747602
13,29,1.0016855505865925
13,2,6.004050039410644
13,6,205.90960164261355
13,7,2.6321714555167777
13,8,241.36356534563978
14,10,5.988593507955314
14,12,2.6280027033977635
14,14,1.004217425918693
14,17,205.9093189275822
14,18,170.54675696038316
14,21,2.3127324045153888
14,22,219.06193078248478
14,23,6.023916604027473
14,24,6.006505686185229
14,27,241.36690218167757
14,29,1.0016736499975245
14,2,6.004289754255499
14,6,205.9097104063048
14,7,1.0044357636948922
14,8,6.005426543875459
15,10,15.54728031167366
15,12,1.0019810292584337
15,14,1.1884885087176222
15,17,2.317840787116358
15,18,170.54645043686148
15,21,2.3125011389169865
15,22,5503.779868120259
15,23,15.750989745765386
15,24,2.317707188544965
15,27,241.36705775336156
15,29,1.0016827003225997
15,2,0.9963238558469998
15,6,6.000752833885214
15,7,1.0044323464994909
15,8,6.0059508841011695
16,10,15.547090382684619
16,12,1.002000027630423
16,14,1.0042287797812062
16,17,1.0061064296255386
16,18,241.36701119577603
16,21,205.91306947078027
16,22,84.34053129641948
16,23,6.007430547371531
16,24,0.9963167849890437
16,27,6.014418087405127
16,29,1.0016926338300465
16,2,6.004333705908627
16,6,205.91086121206547
16,7,1.0044390843221445
16,8,6.0057477077828
17,10,5.992807254952619
17,12,1.0019633253226417
17,14,1.0042264373503782
17,17,2.3259349348290925
17,18,241.36647420049997
17,21,6.005633723717926
17,22,6.014839928524722
17,23,6.007917811038661
17,24,2.324080473003761
17,27,1.0048494424000367
17,29,2.6154680798169325
17,2,0.996323763683205
17,6,205.9104278225017
17,7,1.0044299547626343
17,8,92.93011340389633
18,10,5.9930376214412515
18,12,1.0019576836374382
18,14,1.0042226488871124
18,17,1.9894945360049316
18,18,443.0156846944884
18,21,6.006326621655148
18,22,1.007092607306065
18,23,6.007546969239069
18,24,0.9963185782597819
18,27,1.0048513396117356
18,29,2.615873605244242
18,2,2.308217703213023
18,6,79.26861317694257
18,7,1.0044085301842953
18,8,92.92991653811909
19,10,5.102418911361332
19,12,1.0019539727397575
19,14,1.0042392633980892
19,17,2.3183657242015947
19,18,241.36665629621737
19,21,6.0063063393321485
19,22,1.0070882919292705
19,23,7.107544193507808
19,24,2.3240752763440806
19,27,1.0047924804092245
19,29,1.001145874049734
19,2,2.3079470105662327
19,6,205.91092692587713
19,7,1.004403012536999
19,8,92.92986774377438
20,10,0.9963215609519338
20,12,1.0019588871622842
20,14,1.0042452369991324
20,17,15.619136162647855
20,18,241.3672015937971
20,21,0.9982729293975954
20,22,123.05480335443211
20,23,6.001658294850232
20,24,0.9963186381944604
20,27,7.145282763776884
20,29,1.001149015550432
20,2,6.007344222280352
20,6,205.9107242273463
20,7,5.990447485009202
20,8,6.014024291334448
21,10,5.999081279874996
21,12,1.0019885791346663
21,14,1.0042220227929128
21,17,259.75178853481907
21,18,170.54473067935012
21,21,6.006131416477527
21,22,104.15382702045565
21,23,2.3121958968527894
21,24,2.324072572496142
21,27,6.026076693640338
21,29,1.0011489063735537
21,2,6.007652366932222
21,6,205.9108494095219
21,7,205.9098831700282
21,8,6.014643042069567
22,10,5.998700681317121
22,12,1.0019987019751424
22,14,1.0042426235376816
22,17,219.85243855960485
22,18,170.5446790197595
22,21,205.91255107677782
22,22,170.55297688400586
22,23,6.016171381437899
22,24,0.9963181668582468
22,27,0.9963235489436659
22,29,1.001148085002824
22,2,1.0067985443492207
22,6,205.91123401107188
22,7,205.9097036183632
22,8,1.0071328567291964
23,10,5.998951360966929
23,12,1.0019577789024474
23,14,1.0042200221612028
23,17,259.72887356490054
23,18,5436.317480429033
23,21,79.26654647976144
23,22,104.14851421058317
23,23,1.0088288882534417
23,24,2.32386553997533
23,27,6.026212850861137
23,29,1.0002614439749165
23,2,1.0067797341092648
23,6,0.9963258057206827
23,7,5.990381475780993
23,8,1.007106520528552
24,10,5.102427986205142
24,12,15.643773066864991
24,14,1.0042505768759256
24,17,130.6027466883213
24,18,4601.314131271969
24,21,79.2666798588609
24,22,241.36169001052644
24,23,1.0088299313929099
24,24,0.9963170181820784
24,27,6.025784246578539
24,29,765.675427215445
24,2,1.0067978434386582
24,6,6.02052803111971
24,7,1.0045510371344752
24,8,1.0071251330264657
25,10,5.999129071148927
25,12,191.66274681017526
25,14,1.0042175177973247
25,17,154.27727823330991
25,18,5436.317506166777
25,21,79.26645679170979
25,22,241.3666423424274
25,23,1.008823789309628
25,24,2.318147487694361
25,27,170.55259757199548
25,29,5.991416051824446
25,2,2.326868226050749
25,6,5.117026817280948
25,7,1.1874390835236266
25,8,1.0071148900721747
26,10,0.9963269593514541
26,12,162.2220393067415
26,14,1.00423415394725
26,17,15.619124329960233
26,18,5436.317419132247
26,21,205.9083109573127
26,22,4408.539166509114
26,23,1.0088234193480972
26,24,2.3173029858818923
26,27,6.00649211653418
26,29,1.0002198348294282
26,2,1.9954087101210396
26,6,6.010155947775678
26,7,1.0045477095217707
26,8,170.53515273121366
27,10,5.99916412823387
27,12,191.66248467424285
27,14,1.004223840462327
27,17,6.0077119257935605
27,18,2092.9718750180346
27,21,205.90828960303844
27,22,7734.594382201121
27,23,1.0088343180530632
27,24,2.755650375237475
27,27,6.006673343728163
27,29,1.0002209558970234
27,2,2.313718779483681
27,6,6.009867912579128
27,7,1.0045835747397414
27,8,144.32809720094926
28,10,5.102140024859096
28,12,6.010969758833869
28,14,1.0042426353229619
28,17,5.11105084272952
28,18,2092.972070881653
28,21,205.9082997332798
28,22,7734.594601148362
28,23,1.0088222069876256
28,24,2.321758914356929
28,27,6.006515334082016
28,29,1.000219858516175
28,2,6.00916967362607
28,6,101.35979426836155
28,7,1.0045835836052381
28,8,295.9680341167905
29,10,5.993422365429481
29,12,6.011145986984281
29,14,1.0042246280852005
29,17,6.012127624017282
29,18,5436.311021918297
29,21,110.58666022566284
29,22,6.0137747212066435
29,23,1.0088281920701547
29,24,2.3214672010119157
29,27,92.92931534738159
29,29,1.000214970245728
29,2,2.304801127930805
29,6,6.00757142486171
29,7,1.0045824514351818
29,8,241.36405996953647
30,10,5.9927040027550875
30,12,6.0113184654823995
30,14,1.0042335204234618
30,17,5.1112782419336025
30,18,2092.9671068298208
30,21,130.65153249018388
30,22,6.01440147417618
30,23,1.0088226955328707
30,24,2.3218569065554995
30,27,92.92910431243142
30,29,2.6246640490587403
30,2,15.687860556007847
30,6,79.27591893580343
30,7,1.0045845535906262
30,8,241.36415004988893
31,10,40.297274834261245
31,12,6.0114013848908225
31,14,1.004232729522796
31,17,6.011931555706733
31,18,5436.310905458733
31,21,79.26359741210491
31,22,6.013630012919003
31,23,1.008833740362654
31,24,2.321758509363037
31,27,241.37283239932037
31,29,1.00135563162174
31,2,15.68732657363613
31,6,205.91130170440962
31,7,1.00457586853548
31,8,241.3640480596217
32,10,15.537942387497072
32,12,6.010981053496647
32,14,1.0042193980968674
32,17,5.111101293950307
32,18,5436.310862566124
32,21,205.9078159528941
32,22,6.014881921215197
32,23,2.6747670219882798
32,24,6.008936946792986
32,27,92.92900584752138
32,29,1.0013594062856566
32,2,130.6528749068602
32,6,174.28852440791312
32,7,1.0045509014385585
32,8,241.36413809439546
33,10,15.538100962702579
33,12,7.101502766328968
33,14,1.188932962603145
33,17,6.012108224545624
33,18,170.53202971732793
33,21,205.9079752014226
33,22,6.014574994212188
33,23,2.6758964716468654
33,24,6.008600712640936
33,27,92.92932209010621
33,29,1.1810750611340746
33,2,6.016209171761304
33,6,205.91164906017372
33,7,5.983045581017464
33,8,170.52304804789284
34,10,5.989259347919434
34,12,6.011403299017034
34,14,1.0042153230080917
34,17,1.0161676803523187
34,18,241.37579990708454
34,21,174.28717998137813
34,22,6.014862199894262
34,23,1.0088185793403373
34,24,6.009055104541147
34,27,0.9963382103354084
34,29,1.0013572888149742
34,2,6.016456862905506
34,6,205.91137739022108
34,7,5.047571075380811
34,8,1572.2955783054251
35,10,5.989320011976485
35,12,6.011811258789965
35,14,1.188736218406575
35,17,1.2226737610933416
35,18,241.375599742756
35,21,205.90797040080378
35,22,0.996326630546764
35,23,1.0088076220866906
35,24,2.302285850010718
35,27,6.016930776827547
35,29,1.0013682436666755
35,2,6.016082770744906
35,6,205.9115530131213
35,7,130.6507791360643
35,8,1572.2954102432768
36,10,5.9892544808058155
36,12,15.658628501079715
36,14,1.0042242590875698
36,17,1.0161677387803199
36,18,92.92894390716599
36,21,79.27425105223722
36,22,6.029132514529692
36,23,1.0071087075405645
36,24,6.008769001552711
36,27,0.9967211027059708
36,29,2.6260716564971185
36,2,205.91322831368203
36,6,6.002958249123401
36,7,2.6255507699615848
36,8,1572.2956420635735
37,10,15.543906549532128
37,12,6.01129054037728
37,14,1.0042555221279397
37,17,1.2226844296762067
37,18,6.000959316239651
37,21,0.9963229625099848
37,22,5.127457690999254
37,23,33.00148729358016
37,24,6.008651952917139
37,27,626.934738627164
37,29,1.001359644764391
37,2,79.26655014021838
37,6,6.002962893568712
37,7,1.0044881554730969
37,8,605.3198847809751
38,10,241.37009352767552
38,12,6.011473281378583
38,14,1.0042213684459727
38,17,1.0161602242446675
38,18,6.000973879984256
38,21,6.009998203886422
38,22,5.127793572918333
38,23,1.0071049299470083
38,24,6.008684808919422
38,27,530.6372784497627
38,29,1.0013616999272221
38,2,79.26697714722788
38,6,79.28017851231516
38,7,1.0044788652939864
38,8,1572.295450395383
39,10,15.543962930014857
39,12,6.011076201782161
39,14,1.0042275153922633
39,17,1.0161690346653582
39,18,92.9297988451143
39,21,6.0098980518169425
39,22,6.01390734104529
39,23,1.0088191859845814
39,24,6.008994354858691
39,27,626.9344353966195
39,29,1.0013638753390932
39,2,79.26655282317124
39,6,79.28042240506498
39,7,1.0044811267205525
39,8,1572.295421223942
40,10,5.991656385347426
40,12,7.10115457800214
40,14,1.0042601324455935
40,17,1.0161429831325801
40,18,241.37118180477412
40,21,205.9062094156115
40,22,144.92556784772438
40,23,1.0088154673149017
40,24,1.0009657601850712
40,27,241.36588366616945
40,29,1.0013538480480424
40,2,205.9087049594988
40,6,79.28002363243549
40,7,1.0044826467903238
40,8,1572.2957002144315
41,10,5.991688714555865
41,12,6.011300140857068
41,14,1.0042331915430864
41,17,1.0161678303159336
41,18,241.37146840871932
41,21,205.9056786263331
41,22,376.74722435656315
41,23,1.0088171869486935
41,24,2.3218801195859893
41,27,285.1634856265436
41,29,1.0013595118794019
41,2,205.90866220043853
41,6,6.0148835250273045
41,7,6.002458342579175
41,8,1330.7961355733225
42,10,5.991461749381005
42,12,6.011138885615556
42,14,1.004224560101342
42,17,6.011593747364328
42,18,1.3838166428291734
42,21,7408.676437041141
42,22,376.8247834622269
42,23,1.0088280555017297
42,24,2.321990693721168
42,27,241.3658692531955
42,29,1.0013497861118292
42,2,205.90879698025856
42,6,1.0071659274134461
42,7,6.001801676096237
42,8,1572.2954953517806
43,10,15.552442154625751
43,12,170.53839410132596
43,14,1.0042199744255607
43,17,0.9963255119955496
43,18,1.3835277269279356
43,21,205.90540687827078
43,22,318.9492155708133
43,23,1.0088242140015362
43,24,2.322283196816862
43,27,626.9442638982036
43,29,2.6166844846628834
43,2,5.998780496878083
43,6,1.007173472497394
43,7,6.002676024555136
43,8,1572.2953055333285
44,10,5.99107333090065
44,12,12567.92025611074
44,14,1.0042196967853698
44,17,6.011769651280019
44,18,1.3839835270091765
44,21,205.9056900694557
44,22,376.82470082422304
44,23,1.0088237129865432
44,24,0.9963173261987883
44,27,241.36585066308652
44,29,1.0021074714843863
44,2,79.27528173322408
44,6,1.0071775782109587
44,7,130.65002576698097
44,8,1572.295370046514
45,10,5.991204344414699
45,12,12567.919979201577
45,14,241.3670845663554
45,17,0.9963227510424044
45,18,3.6135135797970115
45,21,6.001704674320322
45,22,318.94912679957616
45,23,1.0088274371303436
45,24,2.322289418004548
45,27,241.36629614862085
45,29,1.1840871415437952
45,2,5.998884615195485
45,6,6.014683271050407
45,7,205.90451235915705
45,8,605.3302729076785
46,10,0.9963246902317975
46,12,4838.6429441484115
46,14,247.50092571397795
46,17,6.008237823314774
46,18,3.613197415457466
46,21,6.002233101900746
46,22,376.8248778841191
46,23,1.008822602360416
46,24,0.996317678179877
46,27,241.36643518252572
46,29,1.0021156165553506
46,2,205.9072115522453
46,6,205.9101626072579
46,7,205.90427241542253
46,8,605.3302526803078
47,10,15.551251259651458
47,12,12567.922454942413
47,14,95.27163423436865
47,17,6.007684032933065
47,18,3.6135250738245253
47,21,1.012632046568564
47,22,376.8247165480136
47,23,1.008814116941089
47,24,2.322278272996856
47,27,241.36621074101015
47,29,1.0021087569751232
47,2,205.90688185129792
47,6,205.90960999243006
47,7,2301.9715374675984
47,8,605.3302234946801
48,10,5.991178336982623
48,12,12567.922293408072
48,14,241.3676638048741
48,17,205.90879910458384
48,18,1.056894895709724
48,21,1.1983927570250135
48,22,376.8246213633808
48,23,1.008818707652729
48,24,0.9963188061148012
48,27,241.3661485501245
48,29,1.002111888548864
48,2,174.2807277622642
48,6,205.90980464146992
48,7,205.90416874584483
48,8,1572.2977769462918
49,10,5.993468428987841
49,12,12567.922263928747
49,14,247.50127006930205
49,17,174.28404086245962
49,18,1.3459202680219633
49,21,1.0126292442239437
49,22,241.3667870568095
49,23,1.0088265778394554
49,24,2.322279788392745
49,27,241.3661753599975
49,29,1.0020976171593423
49,2,205.9066545385999
49,6,205.90955786222864
49,7,205.90430622027446
49,8,1572.297724594034
50,10,5.993493907148823
50,12,12461.729659020752
50,14,241.3663469446489
50,17,205.90883871868004
50,18,1.0566960955100564
50,21,1.1983888821100042
50,22,170.54137493188355
50,23,1.0088249312382995
50,24,0.9963180705379067
50,27,241.36628674661756
50,29,1.0020974116867105
50,2,205.90669791887203
50,6,205.9098570367083
50,7,205.9043935183133
50,8,1572.2973768046409
51,10,5.993327210785925
51,12,12567.922510172415
51,14,241.36689586841132
51,17,205.90874369403923
51,18,1.3461493812579999
51,21,1.198171593874175
51,22,201.49613052978216
51,23,1.0088280803529912
51,24,2.321977231754241
51,27,241.36621649348672
51,29,1.00210955127163
51,2,205.9068137921749
51,6,205.9095881024126
51,7,6.013271979183674
51,8,1572.2976458582737
52,10,27.21501207023153
52,12,4838.635757819946
52,14,241.36662131476518
52,17,205.90841016973337
52,18,1.0566963379503687
52,21,1.1983857594928704
52,22,5.999490350129211
52,23,1.0088079250255362
52,24,135.6389620384268
52,27,241.36622964306716
52,29,1.0021153007392662
52,2,205.9066974255167
52,6,79.27620600291814
52,7,6.014433799215476
52,8,605.3347269948378
53,10,5.9962482369837335
53,12,12567.92248648341
53,14,247.50115056987363
53,17,205.90873141143047
53,18,1.3463635474215092
53,21,1.0126317393747
53,22,139.84702958535354
53,23,1.0088290515900962
53,24,2.3218563101864635
53,27,241.36612367680635
53,29,1.0020860636727686
53,2,205.90695597462354
53,6,6.014481014447937
53,7,5.140536059342722
53,8,14.999103770251716
54,10,5.119426981772402
54,12,12567.92237410783
54,14,95.27129141733799
54,17,205.90867986188516
54,18,3.6228394138008024
54,21,1.1983238175569717
54,22,6.007852283439115
54,23,1.0087951665166797
54,24,1.0163226439188406
54,27,17265.261820297488
54,29,1.002101913613516
54,2,1.00703678721315
54,6,1.0089456554942675
54,7,5.140907100924014
54,8,605.3347705144057
55,10,6.006364331758551
55,12,12567.922385465285
55,14,170.54230756641323
55,17,205.9084576982498
55,18,1.0566149064297745
55,21,1.0126354697023707
55,22,6.007816977888014
55,23,1.008803354838851
55,24,1.2218273443102206
55,27,17265.26171098032
55,29,1.002054860430997
55,2,1.0070431157599753
55,6,1.008951635836385
55,7,6.033994100287418
55,8,605.3345172236275
56,10,0.9963311397311223
56,12,241.36048963612475
56,14,95.27117833647682
56,17,205.90841824861582
56,18,1.346161279157645
56,21,1.1979437360793046
56,22,145.081151204653
56,23,1.0088313008833403
56,24,1.0163133618674758
56,27,20301.043453557424
56,29,15.607405848075729
56,2,1.007016319605139
56,6,1.0088473824442143
56,7,6.033702972631094
56,8,1572.3012366354321
57,10,6.004373978360842
57,12,241.36036956788124
57,14,170.54223837951983
57,17,79.27503317728109
57,18,1.0568607646517547
57,21,1.0125965638694376
57,22,241.36966753354213
57,23,1.0088230841915946
57,24,1.221755966373049
57,27,17265.26126286015
57,29,6.001789615811545
57,2,1.007037700084565
57,6,1.0089465756601896
57,7,6.033743932398693
57,8,1572.3011512473256
58,10,0.9963308311710675
58,12,241.36053441919884
58,14,95.27094249214598
58,17,6.009333256283899
58,18,1.3528851914403415
58,21,1.018472956463751
58,22,376.86045698927245
58,23,1.1991924242266458
58,24,1.0163221333046062
58,27,20301.0435837672
58,29,6.001936627587517
58,2,6.026294097342813
58,6,1.0089018950808981
58,7,1.0061856894481984
58,8,605.334434236132
59,10,6.007129521222785
59,12,309.12159688116634
59,14,241.3752788620371
59,17,0.9963227602704015
59,18,1.0605314605530483
59,21,6.004452610338335
59,22,78.74618648491102
59,23,1.0088248494697574
59,24,135.6370739087899
59,27,16571.616640659893
59,29,6.001786480184907
59,2,6.0259683873834495
59,6,1.0090276740973536
59,7,1.0062783306998515
59,8,1.0046724957481787
60,10,5.116173278025808
60,12,173.63223711297812
60,14,170.52261337248586
60,17,6.009095729519226
60,18,5.992187898251026
60,21,1.0097869531833963
60,22,6.011815046917535
60,23,1.0088288417055802
60,24,135.6370091692578
60,27,19578.92999573774
60,29,6.001777790044326
60,2,6.0262417165227085
60,6,6.01407195952933
60,7,1.0062871879624762
60,8,1.0046765419805475
61,10,5.115972570824671
61,12,173.64244031539613
61,14,241.375539343626
61,17,205.90931143006776
61,18,5.0627839675577615
61,21,1.195026216579265
61,22,0.9963324122104291
61,23,1.0088138889904616
61,24,114.81060479969516
61,27,16272.296362496807
61,29,6.001619457283171
61,2,5.125601977428701
61,6,79.28185843330735
61,7,79.27463116782315
61,8,6.014670822958182
62,10,5.992483880655374
62,12,173.64302732726213
62,14,95.27136224014905
62,17,205.90915327143782
62,18,5.992185229678512
62,21,1.0097869730903017
62,22,6.011809741569753
62,23,1.0088243865441475
62,24,114.80990027486916
62,27,17265.26226303861
62,29,205.91070481567385
62,2,6.026354462390106
62,6,79.2813174068059
62,7,205.90407048664585
62,8,6.014608876561127
63,10,15.546043608005354
63,12,6.014766487344897
63,14,241.36680741009306
63,17,205.90928619534765
63,18,5.992291388807551
63,21,1.1948312574689002
63,22,6.011352773211527
63,23,1.008778941338207
63,24,135.6370953063519
63,27,169.8396125587625
63,29,215.84371344345163
63,2,5.125524756946171
63,6,79.28101566885032
63,7,16289.230165435294
63,8,6.01430753500142
64,10,5.98941533705949
64,12,0.9963288024885184
64,14,247.50134013148318
64,17,205.9093895467993
64,18,1.01436923975505
64,21,1.1946585791203095
64,22,171.43719244534108
64,23,6.00498209848833
64,24,6.007870424675152
64,27,92.92643712870698
64,29,2270.0313664441474
64,2,5.125737093426986
64,6,79.28113570030841
64,7,6344.247546866637
64,8,1572.3082974996114
65,10,5.989583703780056
65,12,6.015999251929713
65,14,247.5009052360819
65,17,1.0135171050092762
65,18,1.0143747462258936
65,21,1.009791151972789
65,22,145.0903182028023
65,23,6.004460952774247
65,24,6.0077827934731
65,27,1.003864634593107
65,29,215.8420559604675
65,2,6.013965673100592
65,6,6.004818067601475
65,7,7495.568196556783
65,8,285.21506630755067
66,10,15.536017636529635
66,12,0.9963268829709637
66,14,209.5003417716624
66,17,1.2167756902999063
66,18,1.0143489805177017
66,21,1.0097729794416397
66,22,376.8372911897929
66,23,6.004604661855082
66,24,210.3482862628515
66,27,1.0038323715752515
66,29,215.8418188552844
66,2,205.91353127001307
66,6,6.005398401961593
66,7,205.90404669032787
66,8,5.999306774020963
67,10,241.3691922355867
67,12,6.014116847929834
67,14,247.50115845102653
67,17,1.0135097409307292
67,18,1.0143757051035607
67,21,1.0097899877629448
67,22,376.8372632474474
67,23,5.087609070729709
67,24,135.62568753385753
67,27,1.00387475477614
67,29,215.84195702508208
67,2,130.65056368038987
67,6,0.9962822715513378
67,7,79.26536272147857
67,8,241.38728783408922
68,10,15.535445930861936
68,12,170.55245479701514
68,14,241.3665994628862
68,17,6.021568674391826
68,18,1.0143489421867038
68,21,1.0097809565596165
68,22,376.8371606671412
68,23,15.583497568883931
68,24,135.62566424069024
68,27,6.014263195075023
68,29,1084.8874701977154
68,2,6.00424930725559
68,6,79.27581521719945
68,7,79.2656024960949
68,8,605.3311015401047
69,10,6.001756828677133
69,12,241.37237294562323
69,14,247.50144107148054
69,17,0.9963233081003606
69,18,1.0143549854978389
69,21,1.0097885926438162
69,22,318.97039210077617
69,23,15.583566756175966
69,24,13547.853408204877
69,27,6.0144686420229885
69,29,1084.8879600082294
69,2,205.90736398424022
69,6,205.9128545923494
69,7,79.26546792306564
69,8,77.60553178143039
70,10,2.3109933535664844
70,12,173.63520128871707
70,14,241.36621053380122
70,17,6.021567291204537
70,18,1.0143602177509692
70,21,1.1950305605472291
70,22,376.83713413995866
70,23,205.9042439456937
70,24,11466.901445407831
70,27,92.92675397952236
70,29,1084.8877240558866
70,2,205.9073522381937
70,6,205.91279505070557
70,7,205.90740323710165
70,8,0.9963519010977251
71,10,2.310987732658207
71,12,173.635254780505
71,14,241.36661131904654
71,17,0.9963247743172703
71,18,1.0143267863225418
71,21,1.0097861444190182
71,22,241.3595154065582
71,23,205.90429502987234
71,24,15842.668611783292
71,27,241.36620530652493
71,29,215.8441866511641
71,2,79.25852983674073
71,6,110.58506926802147
71,7,205.90725810902074
71,8,6.001173822967836
72,10,2.3109039413402357
72,12,173.63522783466755
72,14,241.36732928170733
72,17,6.014759162938432
72,18,1.0143609102983904
72,21,1.194863366547155
72,22,241.35953266977026
72,23,205.90427524968263
72,24,210.34208642450417
72,27,241.36603583234952
72,29,215.84396878392545
72,2,205.90749776298006
72,6,110.58464699584066
72,7,205.90747793479224
72,8,6.00114013258664
73,10,6.011975298056156
73,12,451.02293750074637
73,14,5.9986828854644
73,17,77.99330145609187
73,18,1.0143299877309246
73,21,1.0097866568422234
73,22,241.35966740614714
73,23,40.94895887499638
73,24,210.3420520208738
73,27,241.36591330461255
73,29,205.9106882740048
73,2,205.9073806318089
73,6,130.65072821047696
73,7,130.6493224120431
73,8,241.3789878629232
74,10,2.3147443085318793
74,12,451.0227807700428
74,14,241.36682877159586
74,17,205.906879278986
74,18,1.0143610759625181
74,21,1.1950114357228507
74,22,376.836921084058
74,23,48.3822533762901
74,24,210.3421478861932
74,27,204.30026762430526
74,29,205.91058436541442
74,2,205.90728328261704
74,6,79.26886167862803
74,7,1.0091316689526462
74,8,1572.2954091832537
75,10,2.3152345172087827
75,12,381.75336376553014
75,14,241.3665719070761
75,17,205.91479349920257
75,18,1.0143141707937477
75,21,1.0097878724915512
75,22,376.83691659998567
75,23,6.001120882660101
75,24,210.34197441957508
75,27,92.91116226332822
75,29,182.6960254597001
75,2,205.90739219905717
75,6,79.2692311011136
75,7,1.008982655727091
75,8,1572.2954628936955
76,10,1.0070094559421987
76,12,451.0231449484144
76,14,92.92605913547892
76,17,79.27580132533896
76,18,1.0143438575257502
76,21,3.0976059378714726
76,22,376.8367370098424
76,23,6.001488749150283
76,24,210.3423530195175
76,27,241.34346970744946
76,29,215.84471160262282
76,2,205.90716318177272
76,6,79.2692410299705
76,7,1.0091300792466926
76,8,1572.295618823169
77,10,1.0069622483681595
77,12,241.36733314476868
77,14,6.014835892654773
77,17,1.0126373221330702
77,18,1.0143802729385616
77,21,6.00373566955752
77,22,318.97000178390545
77,23,1.0178289641058207
77,24,210.3421809595066
77,27,241.3660527045273
77,29,215.84502162040593
77,2,205.9070168824365
77,6,205.91026135684064
77,7,1.008983972489503
77,8,1572.2956677868428
78,10,1.007016925433919
78,12,5.999645425296793
78,14,0.9963229248499532
78,17,1.0126326700419863
78,18,1.0143793502438214
78,21,1.194861517764556
78,22,376.83735728839395
78,23,1.2243756132908548
78,24,80.97321782318335
78,27,6.014109982405986
78,29,215.84458015537186
78,2,205.90720794456723
78,6,205.9099925207364
78,7,1.0091296925770568
78,8,241.3649910085367
79,10,1.0070264187752977
79,12,241.36732424917426
79,14,5.133161169688345
79,17,6.029494376465395
79,18,1.0143733473773873
79,21,1.1939593602568142
79,22,318.9697878908936
79,23,1.2249220349711365
79,24,80.97277393840419
79,27,1.0040365801701325
79,29,215.84473231005785
79,2,205.90713127912917
79,6,205.90993406906225
79,7,1.0090103448119248
79,8,285.1675366794881
80,10,2.2990446037828516
80,12,241.366476482789
80,14,6.030129232597988
80,17,1.0126474748323702
80,18,1.0143295836103725
80,21,1.0040727201579758
80,22,376.83691626541594
80,23,1.0178275847776481
80,24,135.6443212818647
80,27,1.0040410312884047
80,29,215.8446714716074
80,2,205.90709454714988
80,6,205.9101250786041
80,7,1.0091251285912364
80,8,241.36504646434366
81,10,689.6753538716874
81,12,451.02127661227576
81,14,6.029704152883441
81,17,1.2132171782933252
81,18,1.0143582467079373
81,21,1.1938671035556983
81,22,92.92891218199296
81,23,1.0177847843960377
81,24,135.64419501969147
81,27,6.014324866665172
81,29,215.84499464349392
81,2,205.90729530777386
81,6,6.005903301077318
81,7,1.009009759731616
81,8,285.16030323420443
82,10,2.298934407160198
82,12,451.0210149838286
82,14,1.0058236842682247
82,17,1.012649082726461
82,18,1.014363215835636
82,21,3.112695066273597
82,22,6.011666424968987
82,23,1.0178107310275166
82,24,80.98384398280201
82,27,6.014004883289421
82,29,205.90965534885441
82,2,130.64597558738026
82,6,6.006130103348475
82,7,1.009131372541808
82,8,231.15099932955957
83,10,2.310863808608678
83,12,451.02111890594944
83,14,1.0058497501070889
83,17,1.21314921281372
83,18,1.0143415017383335
83,21,1.189461699474184
83,22,0.9963233568980039
83,23,1.223809369767146
83,24,6.008834141351514
83,27,241.36386617733706
83,29,215.84509194271735
83,2,130.64627520157802
83,6,79.27590772789188
83,7,62.79072044793825
83,8,204.2979818874821
84,10,1.0055986067661191
84,12,451.0210707203895
84,14,1.0057471936089337
84,17,1.0126484527797581
84,18,1.0144208068545861
84,21,1.1890408237701315
84,22,6.0115512304761625
84,23,6.007893069828935
84,24,6.009267292590967
84,27,241.3635509902552
84,29,205.91112773779736
84,2,130.64637549236073
84,6,205.90962321262336
84,7,163.09754853787928
84,8,241.36786349977896
85,10,1.005603583640017
85,12,241.36643775485618
85,14,1.005837379811533
85,17,1.012540142374867
85,18,6.001768625320167
85,21,5.999984538403011
85,22,6.011451627618472
85,23,1.0178297284969418
85,24,6.00920544783566
85,27,241.36386618322274
85,29,1.0075437300385248
85,2,130.64646012053277
85,6,205.90937137372973
85,7,163.09730187512892
85,8,241.3679834222005
86,10,1.0055470209137045
86,12,173.64218690398496
86,14,1.0058318936038555
86,17,1.2132996211695772
86,18,241.3685653333819
86,21,130.64647021724033
86,22,241.374167908466
86,23,1.2247609996041966
86,24,6.009408048697029
86,27,1.00792107301762
86,29,1.007538840901745
86,2,205.9094081431911
86,6,205.90931448058885
86,7,6.013922362856318
86,8,241.36758329051244
87,10,2.320416843630846
87,12,170.54971075587903
87,14,241.3661733097908
87,17,1.0126466397730747
87,18,241.3688300360315
87,21,130.6462871252431
87,22,170.54506829684175
87,23,1.0178248530781016
87,24,6.008953278598337
87,27,1.007830294112349
87,29,1.1956592737813612
87,2,205.90935727741112
87,6,205.90953843456765
87,7,1.0064917387590828
87,8,241.3680139310823
88,10,1.986231737593501
88,12,170.55029215252884
88,14,241.365887800974
88,17,205.91030954678908
88,18,92.91198287351122
88,21,5.995072508583211
88,22,170.54418680466446
88,23,1.2248097003907432
88,24,210.34426530369325
88,27,1.007930965566814
88,29,1.0075433014183854
88,2,205.90958622910426
88,6,79.26519189362863
88,7,1.0064589805015682
88,8,170.53673888928725
89,10,6.008296069503157
89,12,173.64250335522826
89,14,241.36574188299863
89,17,205.91019292755973
89,18,241.36883739736635
89,21,5.994945938184797
89,22,201.50539389293758
89,23,1.017824094529808
89,24,210.34416700682186
89,27,65.6578393649172
89,29,2.3225093830034442
89,2,6.0061787294280435
89,6,205.9113097380325
89,7,6.013771023562464
89,8,101.2272807239931
90,10,6.0080572214415495
90,12,1.0054799753539747
90,14,241.36583273894863
90,17,79.27473960487119
90,18,92.93110820449502
90,21,205.91105689209107
90,22,78.67853190401952
90,23,15.592484225360138
90,24,210.34407846471197
90,27,170.54037124533951
90,29,6.018225674931058
90,2,79.27403903957538
90,6,6.004830831556363
90,7,130.6494595418713
90,8,170.53667932275943
91,10,6.0079204614652335
91,12,6.029252304654792
91,14,241.36592031260724
91,17,5.116291600027418
91,18,109.80257384472448
91,21,130.63716769747623
91,22,7.6864152626033055
91,23,6.001564997718333
91,24,210.34425876367743
91,27,170.54047630163134
91,29,1.0058854004636695
91,2,205.90864960600868
91,6,14.515343513444867
91,7,163.09828392103736
91,8,241.36731254936367
92,10,6.008255673046995
92,12,1.005471879783573
92,14,92.92710966756594
92,17,6.02115539288198
92,18,109.80195357716319
92,21,5.9996832648487315
92,22,92.93373921744913
92,23,1.007091262262687
92,24,6.003192117200707
92,27,6.014142212030964
92,29,1.0059648411821671
92,2,205.9085078033462
92,6,130.64955402522847
92,7,163.0983971716599
92,8,241.36693396731405
93,10,1.004045442874582
93,12,1.005486650660977
93,14,92.92734331592203
93,17,5.11606321011728
93,18,6.00503480836605
93,21,0.9982512492370779
93,22,5.998955069706216
93,23,1.0070736622903373
93,24,6.003611100937278
93,27,1.0079162447220629
93,29,1.0058705862112296
93,2,205.9085857299144
93,6,205.90989196355972
93,7,62.780024599684246
93,8,263.0489560606678
94,10,2.3216586687628933
94,12,6.013738521237362
94,14,92.92716674026029
94,17,205.90865644252708
94,18,6.005030095650799
94,21,6.004307039584553
94,22,109.79890786003052
94,23,1.0070939614015213
94,24,80.98353741218428
94,27,1.0080231865338218
94,29,1.0059615189455782
94,2,205.90851306114624
94,6,205.90994735380704
94,7,62.78035204308762
94,8,170.53777767728715
95,10,2.3212820764065825
95,12,241.3768990065208
95,14,109.79291490162436
95,17,205.9085195947953
95,18,241.36615134704132
95,21,2.2965988340041923
95,22,92.93025281656372
95,23,6.001077371305742
95,24,210.34765354359047
95,27,1.0079083668944406
95,29,1.0059528243678395
95,2,79.27359833869684
95,6,130.63412796029584
95,7,62.78019665894911
95,8,82.42937359144805
96,10,2.321403637684403
96,12,241.37695118064582
96,14,1.0198410733038372
96,17,205.90838159886104
96,18,241.36586900310363
96,21,5.092171711453542
96,22,241.36801592396725
96,23,15.58567663490063
96,24,210.34771337240065
96,27,1.2026567731397257
96,29,6.012979869628474
96,2,6.009281081594102
96,6,79.26120411467885
96,7,205.903130249892
96,8,92.92679439748031
97,10,1.9898215888317816
97,12,173.6338440200258
97,14,1.0197524741494703
97,17,205.90834968355492
97,18,241.36599014564894
97,21,6.004157217659889
97,22,241.36791625967243
97,23,13.191911241530327
97,24,80.97806495822547
97,27,1.0080287888961763
97,29,33.18284056156311
97,2,6.009740454119163
97,6,174.28536792936114
97,7,205.9029403541179
97,8,6.001824700605815
98,10,6.010587218394855
98,12,173.63411221159012
98,14,1.2248326860869847
98,17,205.90814445714201
98,18,241.36602626608752
98,21,6.0040801631039145
98,22,241.36781812859337
98,23,15.585614331802734
98,24,135.64005912918253
98,27,6.014045504647919
98,29,28.078183409136933
98,2,6.00977963868659
98,6,205.90991333606772
98,7,163.0898182018909
98,8,0.9963238423178087
99,10,2.3139849836683952
99,12,451.0184831470542
99,14,1.24967462453397
99,17,205.9082661894208
99,18,241.36588702359984
99,21,2.3118632229120877
99,22,241.36811373926966
99,23,15.58552099358727
99,24,5.99968757862389
99,27,65.66446034908088
99,29,33.177074929217575
99,2,6.0098725815656975
99,6,205.9099045342021
99,7,130.64928247543108
99,8,92.92991805533283
100,10,2.3137464113516266
100,12,451.0187686382986
100,14,1.019845927475485
100,17,205.9083191505545
100,18,241.36572589996905
100,21,1.0156659586022476
100,22,241.36795053696278
100,23,15.585677973089524
100,24,80.98347665765553
100,27,1.004027935472526
100,29,2.3170307218272788
100,2,6.009734305016435
100,6,205.90992661641192
100,7,62.785337522202205
100,8,92.9296245392744
101,10,2.7299694025055947
101,12,451.0184066958837
101,14,1.0197324681835713
101,17,205.90847137861434
101,18,241.3658034564587
101,21,1.2208927481378762
101,22,241.3680766259348
101,23,15.585377984344898
101,24,135.63546547774067
101,27,6.013648024049849
101,29,1.0018348714330987
101,2,15.037553032353845
101,6,174.28533796042603
101,7,62.785436622614064
101,8,92.9295064457018
102,10,1.007177736062621
102,12,20301.05155131407
102,14,6.013871426157713
102,17,205.90838697677094
102,18,241.36587126653885
102,21,1.0156643631644355
102,22,241.3677951624382
102,23,13.19186116166825
102,24,135.63508369532522
102,27,170.53630978063535
102,29,1.003861840536513
102,2,6.009929990344377
102,6,205.91007134237384
102,7,74.18003484239246
102,8,241.37221678065364
103,10,1.0072146693568627
103,12,451.0184247311116
103,14,109.79878727938235
103,17,174.28341401522798
103,18,241.36620963436016
103,21,1.220806523822942
103,22,241.36783193206477
103,23,15.58552170754907
103,24,210.34622598366377
103,27,241.36020165012363
103,29,1.0039678804866226
103,2,6.0094537467394025
103,6,205.91014622646307
103,7,74.18067922842474
103,8,92.92920453354364
104,10,1.0071964668796802
104,12,78.70829454638836
104,14,92.92905546516059
104,17,205.90854616416007
104,18,92.92566681715185
104,21,1.0156666877030949
104,22,241.36782352789896
104,23,6.000755368554479
104,24,6.008181419477541
104,27,241.3599453917285
104,29,1.0039934507739785
104,2,6.009583038537313
104,6,174.28551308765324
104,7,6.00922201337742
104,8,6.014187581922938
105,10,1.0071213324691222
105,12,78.70768564550477
105,14,241.36504665431255
105,17,79.2601608086792
105,18,109.78780147622346
105,21,1.0155691879581088
105,22,92.92897095233708
105,23,6.00122615982483
105,24,80.98812802465076
105,27,241.36006610672672
105,29,1.003907428944407
105,2,6.009558186756987
105,6,174.28592963251685
105,7,62.791034071040464
105,8,1.0009468755569415
106,10,2.314827938295309
106,12,5.999576956472104
106,14,241.36513696044415
106,17,205.90853263661208
106,18,6.016217684871218
106,21,2.3177385594676174
106,22,6.00385703368482
106,23,1.0054065495733662
106,24,80.98782176091052
106,27,170.53628856944644
106,29,2.3378184837681992
106,2,130.65006792857136
106,6,174.28514236649434
106,7,163.05638177907235
106,8,1.0008515821916824
107,10,6.008648144310447
107,12,92.95109310317437
107,14,92.91063928221344
107,17,205.90868271004115
107,18,6.016395757335077
107,21,1.9782004643918292
107,22,6.004228014378381
107,23,1.00528234087745
107,24,80.98781837484091
107,27,170.53634906381563
107,29,1.0039709026881418
107,2,205.9082648411328
107,6,205.90999115488935
107,7,163.05590126452262
107,8,1.000932825033547
108,10,2.30003080452731
108,12,4.110100574788114
108,14,241.36527701933935
108,17,205.90867154626946
108,18,6.016054238679218
108,21,2.317904134671709
108,22,6.003967538304269
108,23,6.012390512708071
108,24,80.98793033988603
108,27,5.999169953820663
108,29,6.016650525358498
108,2,205.9081147338469
108,6,205.90993744862203
108,7,62.77610447293551
108,8,6.014001110516126
109,10,6.005033494166694
109,12,241.36799808055733
109,14,241.36516607124702
109,17,205.90844881034573
109,18,6.016175149603409
109,21,1.9780313115930124
109,22,92.9292127816535
109,23,5.123222655352809
109,24,1.0093061733750321
109,27,65.64339076088717
109,29,2.307424318422047
109,2,205.90855118831982
109,6,205.91013881652302
109,7,163.05620175948684
109,8,92.94404982089054
110,10,241.36340764401461
110,12,241.36802859771726
110,14,241.36491364911683
110,17,205.90834588856313
110,18,6.0163285332903
110,21,2.3114445297810597
110,22,92.92850516762758
110,23,6.012414024406039
110,24,1.0093079545295645
110,27,170.53881031445943
110,29,6.016764503474262
110,2,5.999191049231998
110,6,79.27201738413291
110,7,137.96807382921574
110,8,78.69587587399141
111,10,241.36339299418682
111,12,92.92248451701612
111,14,241.36491636648273
111,17,205.90830827813545
111,18,7.12613764191829
111,21,6.004672077042374
111,22,92.92879970456715
111,23,5.123290523580316
111,24,1.009311452024832
111,27,170.53860923665843
111,29,6.016785618151168
111,2,79.28183248763972
111,6,79.27219381144165
111,7,163.05991938999128
111,8,241.3676640855389
112,10,6.004866160966799
112,12,241.3671872711489
112,14,241.36489902836135
112,17,205.90862578089803
112,18,6.016392472243803
112,21,2.3119254700066154
112,22,92.92908139887538
112,23,6.012674592322359
112,24,1.0092799050391772
112,27,170.5385466165817
112,29,1.995024281887054
112,2,1.0071005836873521
112,6,79.27190711217052
112,7,1.0030456825186658
112,8,241.36749450413407
113,10,6.005221149512929
113,12,241.36692765030526
113,14,241.3651619793892
113,17,1.0058973169559877
113,18,6.016310074042192
113,21,1.0086060022590182
113,22,92.92935581921083
113,23,5.123323812212133
113,24,1.0093345762644157
113,27,65.64192407861368
113,29,2.3322728218623077
113,2,1.0070968712086064
113,6,79.27193602685742
113,7,1.00301042648778
113,8,241.36756490845443
114,10,6.004913116841728
114,12,241.3670755895258
114,14,241.36516570961177
114,17,1.0060229717885507
114,18,170.54846737000028
114,21,1.0085728145085806
114,22,92.9287421858524
114,23,5.123326093739875
114,24,6.01401819774923
114,27,77.53458763677683
114,29,0.9963013312596054
114,2,1.00707004916889
114,6,205.90978507307418
114,7,1.0030545467462373
114,8,6.014865862046655
115,10,2.3117692351963655
115,12,241.3669116773327
115,14,241.36536655943192
115,17,1.0059047219782373
115,18,241.37210284856354
115,21,1.008601811503822
115,22,241.37417182030484
115,23,6.001106295182102
115,24,135.6360637164371
115,27,170.54319040540227
115,29,1.9945315413944904
115,2,1.0071025269369205
115,6,205.9096723610179
115,7,6.027961760800798
115,8,6.015041331149494
116,10,0.9963539132685648
116,12,241.36693583412188
116,14,204.29338808259263
116,17,1.006026940565297
116,18,92.92712050927295
116,21,1.0085980302002735
116,22,92.92068782284406
116,23,6.000896447715453
116,24,210.34599879457969
116,27,6.013848952397753
116,29,2.332341788546967
116,2,79.28888226261635
116,6,205.909713274686
116,7,1.0111123310160393
116,8,0.9963264017680196
117,10,2.3115314172002144
117,12,241.36692658498532
117,14,241.36528261226084
117,17,79.27473171396558
117,18,1.0033894662261948
117,21,1.008523459294393
117,22,170.5383407662425
117,23,130.64362007116054
117,24,210.34618101444772
117,27,6.013602693108807
117,29,1.9949327137135988
117,2,1.0038575090834323
117,6,205.90957371101385
117,7,1.0110956361102454
117,8,6.015308853485407
118,10,2.311365120043818
118,12,241.36707357579232
118,14,241.36503007083016
118,17,104.29461230793311
118,18,1.0034881828499778
118,21,6.00526148973144
118,22,170.5382737518059
118,23,205.9129804275888
118,24,80.9772342578976
118,27,6.01363598628061
118,29,1.9944699029380422
118,2,1.0038442652135195
118,6,205.90983373387954
118,7,1.2093927235666522
118,8,6.021050781094879
119,10,6.00838307200764
119,12,92.92114863160293
119,14,241.3650154721726
119,17,88.27499533653726
119,18,1.0033662363856983
119,21,2.3059639531822196
119,22,170.53818618513628
119,23,130.64398565542297
119,24,80.97771593273191
119,27,6.013653630948878
119,29,6.01962285517498
119,2,1.003855347204091
119,6,205.90977250480978
119,7,1.0110874364083227
119,8,47.02244957382367
120,10,6.0084652808408165
120,12,92.92096953355458
120,14,241.36504434012156
120,17,104.29470064050004
120,18,92.92713186420518
120,21,0.9963229037788564
120,22,144.34571482911707
120,23,6.001026728163036
120,24,80.9773638972604
120,27,6.013866962391383
120,29,1.0083056104090584
120,2,6.014543876017953
120,6,205.90963604043856
120,7,1.011095333365545
120,8,6.021102347147293
121,10,2.3137879228422973
121,12,241.369089975125
121,14,241.3651179161175
121,17,1.0080251341100679
121,18,201.4685399901362
121,21,2.3057197970754313
121,22,241.36876804490504
121,23,6.000988699236918
121,24,80.97753693038561
121,27,6.013699622795865
121,29,1.0082757502646444
121,2,79.27403728620712
121,6,79.27524046451597
121,7,1.0110069659539889
121,8,6.015157446177269
122,10,0.996321201783922
122,12,6.01441043053625
122,14,204.29344999554118
122,17,1.0080345930801364
122,18,170.53189558699114
122,21,205.91107817354037
122,22,241.3686257431265
122,23,1.0060479554695068
122,24,210.34222746931079
122,27,15.667327601741121
122,29,1.008308773004777
122,2,205.90742277764699
122,6,0.9999880746583791
122,7,6.0215357337442015
122,8,6.015113541802264
123,10,2.314151567284224
123,12,5.098683709391074
123,14,241.3652830734441
123,17,1.0079157376283687
123,18,241.36762299981922
123,21,205.91103143962243
123,22,241.36888287922446
123,23,1.005906904342294
123,24,210.34131837483972
123,27,6.0132007592578205
123,29,1.0082265767243372
123,2,205.90751214048774
123,6,0.9998743285715417
123,7,6.021382429517117
123,8,6.014667426294215
124,10,0.9963281893820968
124,12,6.012648381636893
124,14,170.5380526635554
124,17,1.0080202488985304
124,18,241.36745164777716
124,21,205.9112687430471
124,22,6.012521899927626
124,23,1.0060478225543221
124,24,219.87355168521273
124,27,6.013298089000561
124,29,1.008308697879019
124,2,205.90723051239988
124,6,6.013801440482147
124,7,1.0082752436515197
124,8,92.92749381958465
125,10,6.006799307328122
125,12,5.0984555260309925
125,14,64.70572897157317
125,17,6.01348687078451
125,18,241.36738566628836
125,21,6.011396209704776
125,22,0.9963150075942995
125,23,1.005993082649323
125,24,219.873370924625
125,27,6.013454060460862
125,29,1.0081904548784735
125,2,205.90735104554884
125,6,205.909744860914
125,7,1.0081999231184184
125,8,92.9264593252552
126,10,6.006646448695376
126,12,50.38959421952325
126,14,55.99060021065967
126,17,205.90865276726788
126,18,6.007684633799908
126,21,0.996031880581012
126,22,6.012611033515553
126,23,6.001138576378389
126,24,210.3424656502523
126,27,6.013344347395685
126,29,1.008284155404727
126,2,205.90742321254214
126,6,205.90975944267055
126,7,1.0081999970944189
126,8,241.36642211478596
127,10,6.006581818795789
127,12,5.099822568190337
127,14,5.998230502761739
127,17,205.90866068550633
127,18,0.9963176365651769
127,21,6.011754926732953
127,22,92.92921028446507
127,23,6.000757746068367
127,24,219.8733686603093
127,27,6.013436608517845
127,29,1.0083092249767018
127,2,79.2442065866338
127,6,205.90957720725655
127,7,1.0082105937248986
127,8,241.3661153447693
128,10,6.0066808606233835
128,12,92.92708597880554
128,14,66.11180529083306
128,17,205.9087779704686
128,18,92.92674368462784
128,21,6.0112525678300415
128,22,92.92891118610686
128,23,15.591237458165349
128,24,219.8735233605489
128,27,6.01347937727272
128,29,2.322673949058901
128,2,79.24468895199813
128,6,205.9095739475278
128,7,1.0082799890227827
128,8,241.36622171073728
129,10,1.007500027771747
129,12,241.36744379964682
129,14,6.013568285626964
129,17,205.90861617137585
129,18,241.36763668875403
129,21,6.011146304710183
129,22,92.92919631135646
129,23,15.591090508800452
129,24,219.87321498441412
129,27,6.013378059161495
129,29,2.3221753948781165
129,2,79.2445521503592
129,6,205.90953141295245
129,7,1.0082482527039325
129,8,241.3664608418243
130,10,1.007400322302411
130,12,241.3674511508515
130,14,6.014272209380781
130,17,205.90845985795482
130,18,241.36766290964243
130,21,6.0111180816087275
130,22,241.37094442405143
130,23,5.998007952831574
130,24,219.87342777256876
130,27,15.664069724595969
130,29,205.90520903729367
130,2,93.55789380411936
130,6,6.018967328270632
130,7,62.786631070171026
130,8,241.36626736598762
131,10,1.0074863801629679
131,12,241.36737062058623
131,14,6.014366082526607
131,17,205.9086092611302
131,18,241.36781183984894
131,21,205.90968946950198
131,22,241.37111363541908
131,23,5.998160388979482
131,24,219.8733969684615
131,27,15.663676240430418
131,29,205.90522956856438
131,2,6.014671433152704
131,6,6.019203060217533
131,7,196.55708550210204
131,8,6.0066200899450095
132,10,1.0074944860744601
132,12,241.3672352037825
132,14,1.0054146555923076
132,17,205.9086773535376
132,18,170.5377556402287
132,21,174.28309215950506
132,22,1.0023248651387497
132,23,130.65234282485636
132,24,219.87351559487647
132,27,15.66369641160279
132,29,2.316703395640914
132,2,1.0040134872761453
132,6,6.019217635746868
132,7,75.66937661550894
132,8,6.00709643087642
133,10,2.3140471242758727
133,12,241.3673650119384
133,14,1.0053350211114775
133,17,79.26559955518827
133,18,92.92744825985804
133,21,174.28285694091522
133,22,1.002422577908285
133,23,130.65232171052602
133,24,219.87354798751616
133,27,6.01088438580218
133,29,2.3166162055243946
133,2,1.0040986867401784
133,6,6.019053594126109
133,7,5.9991759788210315
133,8,6.006948416182757
134,10,170.5345440464247
134,12,241.3673601268755
134,14,1.0054170140048706
134,17,130.64934270491437
134,18,1.0084707896834448
134,21,205.90980743953565
134,22,6.013937516362164
134,23,130.652505838406
134,24,210.34239522576905
134,27,6.010988940076053
134,29,2.3168166826573824
134,2,1.0040158540511985
134,6,6.019307392800369
134,7,75.66925498529211
134,8,92.9420037274846
135,10,170.53475074371303
135,12,241.36756323605888
135,14,1.0053320688080944
135,17,205.90929108271365
135,18,1.0084480913183063
135,21,205.9094425799945
135,22,92.9284536129899
135,23,130.65226447959316
135,24,210.34181810975508
135,27,6.010827328272095
135,29,2.3163960022601158
135,2,6.019669646901238
135,6,1.0084811800962212
135,7,205.90679943877998
135,8,1.0057979415571685
136,10,5.071118272661874
136,12,1.0030250504060092
136,14,6.013999865352729
136,17,205.90937413723552
136,18,1.0084878834974669
136,21,205.90948999393714
136,22,241.3685528549859
136,23,5.9990950161541505
136,24,210.34233273455936
136,27,15.663444095160534
136,29,6.0161132304225085
136,2,6.01950414221481
136,6,1.0084556849313797
136,7,205.906600839131
136,8,1.0056935484656497
137,10,6.001050725278553
137,12,1.003201526966091
137,14,6.013352014005976
137,17,205.9092792077095
137,18,1.2017530110543007
137,21,205.90940664776556
137,22,241.36869678286507
137,23,14.982079470397053
137,24,210.34146250587065
137,27,15.663099203406741
137,29,6.016274821794853
137,2,6.0194695240949345
137,6,1.0084782074515433
137,7,205.90664895267966
137,8,1.0057945664549104
138,10,241.3699819639418
138,12,1.0030974795046141
138,14,7.110977623742064
138,17,205.9094906432044
138,18,1.0084523743452882
138,21,205.90944351598122
138,22,65.65406850466309
138,23,50.3019333431811
138,24,210.34284815452125
138,27,15.66343380253781
138,29,6.01615445452442
138,2,1.0043361733327663
138,6,1.0083497587221473
138,7,205.90674544485506
138,8,1.0056898538707317
139,10,6.001151644506105
139,12,8.79173552141862
139,14,6.006595064175527
139,17,205.90964634210366
139,18,1.0084737826317376
139,21,205.90943847505474
139,22,65.65386867702897
139,23,205.90730530014622
139,24,186.17545874314945
139,27,6.001540770470083
139,29,5.109212128549817
139,2,1.0042081468708055
139,6,1.00844327906721
139,7,205.90690331396038
139,8,92.93483057950334
140,10,2.3206333761321947
140,12,241.36761452046883
140,14,6.001776836377925
140,17,67.13412017720414
140,18,1.008345483062727
140,21,205.90944965459244
140,22,77.56305664754777
140,23,205.90736109217696
140,24,219.90885677425004
140,27,1.969088093875385
140,29,6.016333292632152
140,2,130.66500442152102
140,6,1.0084904324044448
140,7,174.2846445109064
140,8,92.93501949084178
141,10,2.3202252549794293
141,12,219.80349261046916
141,14,6.00206286271724
141,17,79.28891873367618
141,18,6.0141509191355
141,21,205.90931048527335
141,22,65.65549027393607
141,23,205.90748360277402
141,24,219.87329870527694
141,27,2.3134750589061888
141,29,6.016255052313107
141,2,1.0043424138575299
141,6,1.0084620865775813
141,7,205.90696762635338
141,8,5.999114682438072
142,10,2.32062393687505
142,12,241.36755033537452
142,14,66.09013267084796
142,17,67.13367141865211
142,18,6.012662230269476
142,21,205.9095857316458
142,22,6.0130488296081
142,23,205.90743788769967
142,24,219.87350386765954
142,27,2.3134689700580813
142,29,6.016324335050145
142,2,6.022940951282544
142,6,1.0084869738561828
142,7,205.9069106645382
142,8,92.92689163957031
143,10,0.996344286759208
143,12,241.3675258457443
143,14,66.09814661738649
143,17,5.99914123667641
143,18,241.36760405333044
143,21,79.2747948471935
143,22,0.9962067929404572
143,23,205.90724026762618
143,24,219.87339156278838
143,27,2.313576108557127
143,29,2.323063050393219
143,2,5.120756766682827
143,6,1.0083789746496734
143,7,205.90693449871057
143,8,241.36692344769224
144,10,2.7486132176698126
144,12,241.36728993243304
144,14,1.00312540788949
144,17,67.13489968847827
144,18,241.36745304869652
144,21,79.27422231719504
144,22,6.01298276218996
144,23,205.9074048332522
144,24,219.87367259450778
144,27,1.007960622698981
144,29,1.0070635512605355
144,2,6.023335729074507
144,6,6.026188259750003
144,7,79.27427035401398
144,8,241.3667884379269
145,10,1.0080249653021518
145,12,241.36732954917613
145,14,1.003254993543977
145,17,79.27543916758553
145,18,241.3675402582626
145,21,79.27627989427366
145,22,170.53929355450785
145,23,205.90738222165749
145,24,219.87348986138915
145,27,1.0079238569116082
145,29,1.0069341627936605
145,2,6.023105743410097
145,6,1.0084853551516941
145,7,1.0091073429054438
145,8,241.36692314707662
146,10,1.0079257810944968
146,12,241.36729127201897
146,14,1.0031621282489365
146,17,205.91366356912116
146,18,170.52926221880037
146,21,205.91095948965372
146,22,170.53893046123332
146,23,205.90737020973665
146,24,211.5484763237481
146,27,1.0079422836370755
146,29,1.0070634696542031
146,2,5.120389273967739
146,6,1.0083802497070442
146,7,1.0090059450609292
146,8,204.29795236837649
147,10,6.011977408294991
147,12,241.3674066478641
147,14,6.013766143284107
147,17,205.9137022806776
147,18,170.52945952986005
147,21,205.91102364808145
147,22,170.53906456219138
147,23,205.90730060299063
147,24,219.87363438744046
147,27,2.3184308840433046
147,29,1.006950933349544
147,2,22.218730236089705
147,6,1.0084810850690369
147,7,1.009089972796641
147,8,241.36701804127136
148,10,1.0080231654979066
148,12,241.3671442522265
148,14,66.09098937610563
148,17,5.998666739630697
148,18,170.52926048780728
148,21,205.91088949495833
148,22,65.65543172983229
148,23,174.27925349649524
148,24,219.87352104931082
148,27,2.317949914850395
148,29,1.0070240538986361
148,2,6.006670262136204
148,6,6.02878673333242
148,7,1.009011907635121
148,8,241.36715202924796
149,10,1.0079995132427948
149,12,6.0160226048864756
149,14,171.66353633462185
149,17,5.998718388896956
149,18,241.36952270538276
149,21,205.91064107279212
149,22,77.56706464194752
149,23,174.2800472649185
149,24,210.34145782588692
149,27,6.0099216777143285
149,29,2.3277585903967015
149,2,6.007073337358889
149,6,5.13516564934956
149,7,1.009088112484501
149,8,92.92691431192372
150,10,1.0080306405025308
150,12,1.010308258525332
150,14,171.66482507581665
150,17,130.6489923206159
150,18,241.36957939566759
150,21,205.91103958970746
150,22,65.6562333528845
150,23,174.2792841909189
150,24,210.34212960909193
150,27,1.0136124209769113
150,29,2.327737039160093
150,2,6.006907635692793
150,6,6.018470419440552
150,7,1.0089499630215544
150,8,1.0087980327890715
151,10,1.0079388923516461
151,12,1.0102400616218814
151,14,171.6634235184151
151,17,130.64879701472094
151,18,6.013851732608813
151,21,6.013832693540536
151,22,0.9962903756632597
151,23,205.90740212092592
151,24,178.03428894567466
151,27,1.0135407883575693
151,29,2.3280076017830647
151,2,205.90661776693622
151,6,15.688084915497834
151,7,1.0090789129223623
151,8,1.0088847462686736
152,10,1.2023922534271172
152,12,1.010257352837308
152,14,171.66452306320988
152,17,205.9084764369244
152,18,0.9987012765981369
152,21,6.014209160867647
152,22,0.9958800835753001
152,23,205.9071940729795
152,24,210.34218128675533
152,27,1.0136229212771113
152,29,1.0003541386405006
152,2,174.27980068456796
152,6,15.688137804099586
152,7,1.0089369336662317
152,8,1.0089114779598063
153,10,1.0080254908098558
153,12,1.2066163493995212
153,14,170.54040604866657
153,17,205.90842472825065
153,18,0.9988079949984154
153,21,1.0033463774461966
153,22,52.19604312297406
153,23,205.90729087131658
153,24,210.34205274902405
153,27,1.0135291189519355
153,29,1.0004718512455097
153,2,205.90656419759932
153,6,15.688242898867513
153,7,1.0090812829406097
153,8,1.0089301801185533
154,10,6.004455010922095
154,12,1.2068359730356413
154,14,170.53239228680255
154,17,205.90832165660143
154,18,23.227705024177595
154,21,1.0034668362559556
154,22,170.54280732179285
154,23,205.90728848776237
154,24,80.9809485279951
154,27,1.2167381690429862
154,29,2.3219076041833446
154,2,205.9065525668507
154,6,6.015892128972122
154,7,1.0090983587385125
154,8,1.0088475797782808
155,10,7.145528116760779
155,12,1.0102761795038502
155,14,6.013570845153649
155,17,205.90816232256844
155,18,92.94123871530543
155,21,1.0033397395892507
155,22,52.196303649361326
155,23,81.80864096678188
155,24,1.005524055279226
155,27,1.0134926364045445
155,29,205.91006230343154
155,2,205.90666807923506
155,6,6.016766502714874
155,7,79.27348660119296
155,8,1.0089283614867632
156,10,2.7322116848779423
156,12,1.0103070741141256
156,14,1.0037474530582857
156,17,205.90818905215056
156,18,6.024214036384259
156,21,6.0138936795267774
156,22,6.009478725355192
156,23,79.26641145255546
156,24,1.0054903095639167
156,27,1.0135751302657825
156,29,205.91006045728463
156,2,174.27937758144657
156,6,6.016835124211625
156,7,205.90743767109916
156,8,1.0088043391350672
157,10,5.962009652720228
157,12,1.0103153513546204
157,14,1.003691958044107
157,17,205.90819175187542
157,18,1.0021158298595054
157,21,205.910221538009
157,22,6.008946311706641
157,23,79.26657396905867
157,24,1.0055295818923415
157,27,1.0134051614343775
157,29,205.91014283805092
157,2,205.90645720436447
157,6,6.016613441601206
157,7,205.90731776216197
157,8,6.013518834589128
158,10,6.002120520990892
158,12,1.0102067368323997
158,14,6.014118725067152
158,17,205.90832240955345
158,18,1.0020988748366406
158,21,205.9100498806015
158,22,33.563761715125956
158,23,79.26649600292629
158,24,1.005402587894972
158,27,2.311840676078817
158,29,1.0069831746902596
158,2,205.90635685088435
158,6,61.65695360699784
158,7,205.90726944801747
158,8,109.78858374019521
159,10,7.124735550183876
159,12,1.010294165818423
159,14,170.53928341312732
159,17,205.90827453147102
159,18,1.002000799046713
159,21,205.9101825518779
159,22,1.0120606384366884
159,23,205.91318621766015
159,24,6.014074522955263
159,27,2.3116119700700777
159,29,1.0068835200465847
159,2,205.90637310407584
159,6,205.9070937915872
159,7,205.907203059647
159,8,241.37211873296667
160,10,7.124838126900972
160,12,6.023140768536514
160,14,144.34839484329316
160,17,205.90827258225843
160,18,1.002110163768779
160,21,205.91031156557935
160,22,1.0119533860288783
160,23,79.27279456409906
160,24,80.98066231778955
160,27,2.3114897818172295
160,29,1.0069581731839445
160,2,205.90635449314783
160,6,205.90685077020242
160,7,205.90747549592385
160,8,92.92528757967787
161,10,6.014866416094813
161,12,1.0103020577628357
161,14,241.36530088895668
161,17,205.9081434621311
161,18,170.53785857156808
161,21,205.91033058045258
161,22,1.21241592029899
161,23,5.999330650156291
161,24,210.3399893017404
161,27,6.005824386912435
161,29,1.0069761058975653
161,2,205.90643115225262
161,6,130.63740203180885
161,7,79.27390441508003
161,8,92.92558502017609
162,10,7.12446860327241
162,12,1.010193785557444
162,14,241.36513066246926
162,17,205.90843969264537
162,18,241.36585409273883
162,21,1.007133975846811
162,22,1.012007271310555
162,23,79.2728339429173
162,24,210.34006893118814
162,27,6.005852106684241
162,29,79.2752786016476
162,2,205.90646907785552
162,6,6.019054744626458
162,7,1.0005104132128375
162,8,92.92556695363614
163,10,6.014977739355064
163,12,1.0103126368297932
163,14,241.36523034276266
163,17,79.26951139832252
163,18,241.36599760225073
163,21,1.007095168955062
163,22,1.0119267446461082
163,23,205.9112295191472
163,24,210.34003822331906
163,27,6.005746006536083
163,29,205.91249796369058
163,2,205.90658067393665
163,6,1.0083509428114281
163,7,1.000423126067667
163,8,241.37003374086123
164,10,6.015106164719235
164,12,1.010186598917418
164,14,241.36496327500458
164,17,79.26979019062193
164,18,241.36593775839924
164,21,1.0071308446666691
164,22,1.012019800823544
164,23,205.91107642633736
164,24,210.33994787535212
164,27,2.311347878553427
164,29,205.91237453687137
164,2,205.9064055513055
164,6,1.0084071165703916
164,7,6.013291414888612
164,8,241.36987069225012
165,10,7.124534667158217
165,12,6.017010735237697
165,14,241.36512227010905
165,17,79.26952660397282
165,18,241.3660554079399
165,21,1.0070055556931372
165,22,6.013525126569566
165,23,79.27389434791087
165,24,210.3399450815279
165,27,0.995867739276961
165,29,79.27594237011625
165,2,205.90655551699822
165,6,1.0082803924646404
165,7,6.012879370542104
165,8,6.013702364579269
166,10,241.3693377409737
166,12,6.0169119518938325
166,14,6.004314649865743
166,17,79.26965382120464
166,18,241.3658817092335
166,21,1.0071316828403383
166,22,6.013500704247806
166,23,1.0046527120457167
166,24,210.33992316082947
166,27,2.3157660391169523
166,29,1.002425076597123
166,2,205.906574015916
166,6,1.008405231620566
166,7,6.013355619158315
166,8,1.0048728576746582
167,10,7.124606089846363
167,12,6.016890510851106
167,14,6.003953837741189
167,17,205.90827921657336
167,18,241.3658845952923
167,21,6.013099512011524
167,22,170.53939848844558
167,23,1.004820752037908
167,24,178.03300745131503
167,27,2.315819786982517
167,29,1.0023207161009111
167,2,205.9066365010775
167,6,1.0083134971285208
167,7,79.27350164049199
167,8,1.0049554064786923
168,10,2.7469980524697757
168,12,6.016517440601538
168,14,92.94003940044158
168,17,205.9082118124583
168,18,241.36573147236788
168,21,205.91026656952374
168,22,170.53939588587997
168,23,1.0046318859184886
168,24,210.33992290632477
168,27,0.9963106623891544
168,29,1.0024265676021376
168,2,205.90660042613814
168,6,1.0083988868923646
168,7,205.90755895771966
168,8,1.0049195132992077
169,10,1.0101000730476999
169,12,6.016849030271905
169,14,92.94055294221722
169,17,205.90816555809712
169,18,241.36586215576946
169,21,205.91001921818463
169,22,65.65534511139188
169,23,1.0048035810416138
169,24,210.34001306059832
169,27,1.9742080763788312
169,29,6.013700363294328
169,2,205.9064629482986
169,6,1.0082751530719856
169,7,205.9073875286034
169,8,6.013395710425311
170,10,1.2060551031094224
170,12,5.329429440075085
170,14,1.0060605456798726
170,17,205.90835431446072
170,18,241.3658488849684
170,21,205.91016160930985
170,22,1.0052606754812272
170,23,79.27396733108588
170,24,210.33975730793773
170,27,2.3118636839537086
170,29,130.6491314978603
170,2,205.9063075896583
170,6,1.0083818078997275
170,7,205.90748477186855
170,8,241.36905108890056
171,10,1.0100986724921182
171,12,5.110321246284377
171,14,1.0059641707313514
171,17,174.28333623108347
171,18,92.91850161109038
171,21,205.90998875148097
171,22,1.0051294461223117
171,23,205.9087224756776
171,24,210.33991176255657
171,27,6.004926066463284
171,29,205.9111317766953
171,2,205.90633351985701
171,6,6.0190044638882805
171,7,205.90747117689733
171,8,241.36915238244572
172,10,1.009974209481813
172,12,6.016201119060867
172,14,1.006051031956015
172,17,205.908588688634
172,18,0.9957571626219393
172,21,205.91013780825952
172,22,1.0052526702152784
172,23,205.9087684853169
172,24,210.33982555357449
172,27,6.004949539787381
172,29,205.91091812160266
172,2,205.906258150558
172,6,15.697817714211638
172,7,205.90770437626662
172,8,170.5376045842024
173,10,1.0101030134770506
173,12,15.67366675906256
173,14,1.0059079192535565
173,17,205.9083247321508
173,18,170.53778860385154
173,21,205.9100058863346
173,22,65.6553012377216
173,23,205.90854210518214
173,24,210.34007016343764
173,27,6.004769005469351
173,29,205.91099415264273
173,2,205.90630912457522
173,6,6.014030771510811
173,7,6.002305771371838
173,8,170.53783614395647
174,10,1.0099807005776897
174,12,15.67375021780396
174,14,1.0058919897525191
174,17,205.9083910055493
174,18,170.53688578221318
174,21,205.91030911705062
174,22,170.53728367981722
174,23,205.9086328400049
174,24,210.3398431031736
174,27,6.004948301757452
174,29,79.27543024270558
174,2,205.90619951237116
174,6,6.013885355769699
174,7,0.9959086208973051
174,8,78.67038185762983
175,10,1.0100969248823644
175,12,15.673536662643825
175,14,241.36658274813252
175,17,205.90825413275957
175,18,241.36567681697423
175,21,79.26558955229692
175,22,170.53715607612295
175,23,205.90870843674983
175,24,210.33979141385785
175,27,1.011059149119638
175,29,79.27599275522324
175,2,205.9063896582201
175,6,15.682744420262473
175,7,79.2882873463521
175,8,92.92901295393058
176,10,1.0100500655553324
176,12,6.0161503282276785
176,14,241.36634454103412
176,17,79.27498817088484
176,18,241.3656057828885
176,21,79.26554394222369
176,22,170.53736768906035
176,23,79.26810850980249
176,24,210.3397561293047
176,27,1.0109831319507903
176,29,6.005840290127464
176,2,130.64455332341709
176,6,205.90712315185124
176,7,6.00637803319411
176,8,92.92885266548492
177,10,7.126048780019051
177,12,6.016364914293786
177,14,241.36652624962278
177,17,1.0042235161999482
177,18,241.3657643046852
177,21,205.91213698626387
177,22,170.5372341290961
177,23,79.26784744123653
177,24,210.3398452555409
177,27,1.0110574571403
177,29,6.005758732358639
177,2,5.99927661538352
177,6,205.9073293889672
177,7,6.006401688001842
177,8,92.9291630877354
178,10,6.01637334489486
178,12,6.016166709292352
178,14,92.92249783566093
178,17,1.0042304792606576
178,18,241.3657691140179
178,21,205.91219024067317
178,22,170.53726252056603
178,23,79.26787760189953
178,24,210.3396684494046
178,27,1.2078493457982207
178,29,6.005500494904119
178,2,205.9089831769797
178,6,16.013915918208383
178,7,6.006366921788348
178,8,92.92889947723901
179,10,6.016467709483054
179,12,7.11405399391228
179,14,92.92232694583751
179,17,79.28465700682858
179,18,241.36594705890536
179,21,6.006878914081382
179,22,6.013226025869692
179,23,130.65808546346628
179,24,205.13437547503545
179,27,1.0140902386908461
179,29,79.27577674683265
179,2,205.9090966869792
179,6,6.018590029099819
179,7,205.90658047520708
179,8,1.0052553860090754
180,10,6.0164172084901075
180,12,15.015369424485883
180,14,241.37029771201802
180,17,79.28473775469826
180,18,241.36572104651466
180,21,6.007116336440896
180,22,1.0058978902258673
180,23,130.65827135275657
180,24,1.002868042824307
180,27,1.0139668608957564
180,29,205.90945341583682
180,2,205.90882783806668
180,6,0.9997949568388922
180,7,205.90644711288485
180,8,1.0052503239145967
181,10,7.1260966823844205
181,12,6.015879460224023
181,14,109.78386954912968
181,17,79.28454773071668
181,18,241.3656948154647
181,21,78.58548136500714
181,22,1.0057689339467712
181,23,79.26339069304048
181,24,1.0029889596343065
181,27,1.0140689857631795
181,29,205.9093323446099
181,2,79.27398583229301
181,6,0.9999392911369833
181,7,205.90638165418147
181,8,1.0051234517448107
182,10,6.001169970452727
182,12,1.0085690292464218
182,14,92.92241063973839
182,17,79.28454644202193
182,18,241.36557365831447
182,21,79.27518777365988
182,22,1.0059039571230084
182,23,79.26359976117091
182,24,1.0029005265946038
182,27,88.39064884777007
182,29,205.90922666968154
182,2,1.0067196774332627
182,6,6.0214793808612175
182,7,205.90638852659873
182,8,1.0052584906470816
183,10,2.747130275376726
183,12,1.0087505049849428
183,14,92.92218690640874
183,17,67.13031154651155
183,18,241.3658576821991
183,21,205.91189861746972
183,22,6.013119010404851
183,23,130.64908231934652
183,24,6.013937933799125
183,27,241.36695069036352
183,29,205.909439755225
183,2,1.0068631677541733
183,6,6.0214906440541585
183,7,205.9063308030313
183,8,92.92681636639263
184,10,2.363447151139021
184,12,1.008613683440326
184,14,241.36457858402713
184,17,79.2846295038884
184,18,241.36564650562184
184,21,205.91210716903504
184,22,65.66761620221835
184,23,205.90734848117754
184,24,135.64167105581774
184,27,92.92541264537832
184,29,205.90926908138601
184,2,1.006717283915159
184,6,6.021550174916664
184,7,205.90619407803555
184,8,241.3660350189167
185,10,2.7596877682912053
185,12,1.008732591683465
185,14,241.36474346113854
185,17,6.0133154355676615
185,18,241.3656360627044
185,21,205.9119989502324
185,22,6.013599420151546
185,23,205.90713973308348
185,24,135.6418531967157
185,27,6.003382943402848
185,29,205.90937700644128
185,2,1.0068627550548115
185,6,6.021652309778342
185,7,205.90631627004925
185,8,204.2951945136414
186,10,1.0030419000610582
186,12,1.008521811234253
186,14,241.36467684775968
186,17,6.013769970143422
186,18,241.36520823691274
186,21,130.63474681637692
186,22,1.007792291900648
186,23,205.90720751031245
186,24,135.64155959531305
186,27,6.003510134150294
186,29,205.90933351524194
186,2,1.006678162378626
186,6,6.021568454504322
186,7,205.90640625946568
186,8,241.36591642092557
187,10,1.0030154994417577
187,12,1.0087516640937775
187,14,241.36474917439475
187,17,1.0016982457042705
187,18,128.04158434118858
187,21,205.9161726999924
187,22,1.0076631656529669
187,23,205.90697555153548
187,24,6.0137720081225545
187,27,92.92619799265245
187,29,205.90951582556835
187,2,79.27383104968753
187,6,5.116499048626543
187,7,205.90637843318245
187,8,241.36572413037288
188,10,1.0030545718085042
188,12,1.008638520674821
188,14,241.3645718720636
188,17,1.0017416858146273
188,18,5.998117187658101
188,21,1.0044140507349306
188,22,1.007790376583384
188,23,205.90709149021336
188,24,6.013154166860515
188,27,170.5377586935776
188,29,79.26871926439934
188,2,130.65332187663608
188,6,0.9956942389927237
188,7,205.9062183538514
188,8,241.3659303720216
189,10,241.36648688201493
189,12,1.0087838531177837
189,14,241.36469400534966
189,17,6.013458491438293
189,18,92.91998064747993
189,21,1.0044312598135754
189,22,1.0076693272058312
189,23,205.90703828335634
189,24,6.013957240468084
189,27,170.53801140796554
189,29,79.26886681122133
189,2,130.65363440795687
189,6,6.019214233050047
189,7,205.90635480433247
189,8,241.36583908131644
190,10,241.36653557589926
190,12,15.675461236189383
190,14,241.3646754781462
190,17,205.91033470252498
190,18,241.36659668207778
190,21,79.28134674794046
190,22,1.0077839096877153
190,23,205.90719223942355
190,24,6.012892406290173
190,27,144.34587443692075
190,29,79.26889917328435
190,2,110.5892022029466
190,6,15.697756843658201
190,7,15.024517508431316
190,8,241.36584602097315
191,10,241.36642113766632
191,12,15.67543867428588
191,14,170.53760556943897
191,17,205.91032516382302
191,18,241.36664994642481
191,21,79.2813142603154
191,22,1.0076327993308958
191,23,174.27876143920048
191,24,1.006067460454946
191,27,241.3654913191575
191,29,205.9095963991307
191,2,110.58978365000925
191,6,15.696956233924816
191,7,15.024230685479083
191,8,241.36563506004939
192,10,241.36649794656378
192,12,6.012497396211293
192,14,6.006550441969267
192,17,205.91031144504447
192,18,241.36658775668346
192,21,79.28117398436525
192,22,65.65600775766966
192,23,174.27920582663845
192,24,1.005923423988972
192,27,241.3652690560876
192,29,205.90943739414936
192,2,205.91303331614793
192,6,6.021090031879308
192,7,15.024031203618957
192,8,241.3658804415034
193,10,241.36667309679785
193,12,6.012680911567693
193,14,6.163990642732827
193,17,79.27472834824644
193,18,241.36672492033182
193,21,1.0061041136168605
193,22,170.54087269309022
193,23,174.27869830620872
193,24,1.0060677037495687
193,27,241.36547352886143
193,29,205.909625176299
193,2,79.27354114165233
193,6,6.021096537286524
193,7,15.024908311526016
193,8,241.36586377747267
194,10,241.36659199438085
194,12,6.012565698552842
194,14,6.0064583847727775
194,17,5.999326911401807
194,18,241.36646086800934
194,21,1.0059515651987176
194,22,144.35716947719797
194,23,205.90715821727312
194,24,1.0059069617053353
194,27,241.36540540082868
194,29,174.28492419451914
194,2,1.0006748592734551
194,6,7.123688692906826
194,7,5.998516631801855
194,8,241.36599181641088
195,10,241.36646083785124
195,12,15.672757919788408
195,14,6.006591357186316
195,17,79.28189497040673
195,18,241.36655311452571
195,21,1.0061059043076552
195,22,144.35734883684302
195,23,205.90695129936276
195,24,6.013338159306043
195,27,204.29429726870987
195,29,205.90966360492516
195,2,1.0008393486977436
195,6,6.018709047181906
195,7,15.036729289395726
195,8,92.92669835150008
196,10,92.92422257132996
196,12,15.67236016746391
196,14,0.948408397571189
196,17,79.2818156782377
196,18,170.53757167540223
196,21,1.005998617415381
196,22,144.35730775451384
196,23,205.90714252822028
196,24,6.012894697460351
196,27,241.36539436832314
196,29,205.90945023912664
196,2,79.2728991751789
196,6,1.004585715419509
196,7,15.036419306816864
196,8,6.013955891024254
197,10,5.998638024792374
197,12,15.672518313604444
197,14,5.969194373453588
197,17,6.0102985967349065
197,18,6.01369511004022
197,21,6.013731050968383
197,22,170.5409581568467
197,23,130.64891044133003
197,24,210.34038674412818
197,27,241.36546882512428
197,29,205.90944127041547
197,2,205.90742545010704
197,6,1.0044599527123603
197,7,15.036795926849777
197,8,1.0033274181860499
198,10,92.92413671121292
198,12,6.014059052775584
198,14,48.02691711123839
198,17,6.010331972557558
198,18,1.0004419408028582
198,21,205.91069359494378
198,22,170.54102202934467
198,23,79.2739549684971
198,24,210.34068324328032
198,27,241.36548316830218
198,29,205.9095400888065
198,2,205.90731106854153
198,6,1.0045906406145857
198,7,39.0828252094842
198,8,1.0034447518895675
199,10,92.92393680467816
199,12,6.014197046471266
199,14,5.969430726751766
199,17,6.010382872812398
199,18,1.000312231267686
199,21,205.91062375860216
199,22,65.647016803257
199,23,6.00718051837542
199,24,210.34065733491167
199,27,6.007260517058338
199,29,6.013874883315406
199,2,205.90735372313614
199,6,6.019208248699296
199,7,39.082728337022075
199,8,1.0032922725758384
200,10,241.36732365342112
200,12,6.0141737683899
200,14,0.9958557524791214
200,17,6.010093051961027
200,18,92.93323836861335
200,21,205.910504952674
200,22,65.64697474124424
200,23,6.007330981318466
200,24,210.3406548025109
200,27,6.007361536578841
200,29,1.0065459643903383
200,2,205.90719182939648
200,6,130.65084966744413
200,7,39.08267988678778
200,8,92.92712009732921
201,10,241.36723678261447
201,12,6.014174591557397
201,14,6.0069226725308
201,17,6.009883819693817
201,18,78.67747618580374
201,21,205.91066992079433
201,22,77.54610095381103
201,23,6.0074126374883035
201,24,210.34031451025075
201,27,6.007138712854802
201,29,1.0067237326106957
201,2,205.90736126162412
201,6,130.65091452612523
201,7,6.001857255468694
201,8,241.36602596505833
202,10,241.36740454073347
202,12,7.1037505746345895
202,14,6.006553149631132
202,17,6.01004902224297
202,18,92.92675789565739
202,21,205.91065638767265
202,22,77.54636572949065
202,23,6.00732459776417
202,24,210.3406678110165
202,27,241.36530795337683
202,29,1.006603307042906
202,2,205.90713473767454
202,6,50.30127981950924
202,7,0.9958646073395823
202,8,241.36605786530976
203,10,204.29672644551283
203,12,6.014137029036353
203,14,92.94112001508476
203,17,79.27413898185019
203,18,241.3699258581357
203,21,6.001329683427188
203,22,65.6465676779573
203,23,79.2737445245336
203,24,210.34075130526912
203,27,241.3653933209455
203,29,1.0067244666920443
203,2,205.90725098687852
203,6,1.0107221604443435
203,7,2.3089805497976137
203,8,204.29627288746173
204,10,241.36732283543802
204,12,15.671526401040266
204,14,92.94117366699768
204,17,130.6491097016613
204,18,241.36996977329255
204,21,6.001046952663336
204,22,170.53970981820726
204,23,79.27273970411261
204,24,6.004478762184715
204,27,241.36539961900485
204,29,1.0065809721094547
204,2,1.0082433333692462
204,6,1.0105886179724823
204,7,6.014255554505628
204,8,204.29679072590434
205,10,92.91920414569522
205,12,15.671681311925333
205,14,78.69209660089204
205,17,205.90870331361938
205,18,1.0057751386509368
205,21,79.27469845077083
205,22,170.53964738961108
205,23,130.65764914984152
205,24,6.004308030316736
205,27,241.3655376347762
205,29,6.017683349124201
205,2,1.008277080687801
205,6,1.2073496845447638
205,7,6.0142679719454595
205,8,241.36605427448845
206,10,92.91963966095791
206,12,15.671196399191091
206,14,5.998818841922831
206,17,205.90877218417674
206,18,1.0056571882320338
206,21,130.64928704834298
206,22,6.0043388375885405
206,23,130.65730617249753
206,24,6.004149754336377
206,27,204.29387196755434
206,29,6.017497491161997
206,2,1.0081734097544501
206,6,1.0105938595446498
206,7,2.320196948037741
206,8,241.36619124816264
207,10,92.91933951562117
207,12,15.671379344039174
207,14,241.36462837608258
207,17,205.90878523589794
207,18,1.0057710740837242
207,21,205.90974215261855
207,22,6.004479291031593
207,23,79.27634857404958
207,24,1.0072144960363953
207,27,241.36560840089143
207,29,6.0176917959846
207,2,1.0082739456961525
207,6,50.30111189121377
207,7,2.7552721102032125
207,8,241.3661683654192
208,10,241.36621989170092
208,12,6.015958865862275
208,14,241.36441544479706
208,17,205.90889160799404
208,18,1.0056639090884296
208,21,205.9098449499146
208,22,170.53743568057502
208,23,93.66595743903792
208,24,1.0070843094805682
208,27,241.36547182748768
208,29,5.112484750489474
208,2,1.0081877245008126
208,6,50.30043705219907
208,7,2.3205836175419314
208,8,204.29721609226073
209,10,241.36598544308328
209,12,1.0100667208033114
209,14,241.36453023269368
209,17,205.90878378982728
209,18,92.92714735013257
209,21,205.90962975286274
209,22,241.36802856817016
209,23,93.66665162239441
209,24,1.0071917035324995
209,27,241.36545403455335
209,29,77.37126562147034
209,2,1.0082731459616188
209,6,130.6505670743764
209,7,2.3203226213915125
209,8,241.3662368787491
210,10,241.36594476387893
210,12,1.0099492898729165
210,14,241.36464107297587
210,17,205.9086903289726
210,18,241.36615002503797
210,21,205.90969474698173
210,22,241.36779428288165
210,23,1.0083525766173356
210,24,1.0071565826221853
210,27,241.36538115340417
210,29,79.2754304886891
210,2,1.0081173591146957
210,6,130.6504140917024
210,7,2.3203537281068476
210,8,241.3662388363758
211,10,241.36595266066337
211,12,1.0100559760972558
211,14,241.3645606467588
211,17,205.90861021260412
211,18,241.36595221043217
211,21,205.90970804292303
211,22,241.36979144995323
211,23,1.0082417333760407
211,24,1.0071913156844756
211,27,92.92649200177559
211,29,191.78674943046363
211,2,6.017649371984529
211,6,130.65061207851937
211,7,2.736434933896521
211,8,241.36596526871452
212,10,241.36602371058257
212,12,1.0099017168157607
212,14,241.36454239482566
212,17,79.27426831971455
212,18,241.36609288206435
212,21,205.9096538349605
212,22,124.99099236215332
212,23,1.0083334832093405
212,24,6.006716991108907
212,27,0.9959481156698828
212,29,205.91280359293472
212,2,6.017884383716798
212,6,110.58755056692388
212,7,2.3183149113490042
212,8,241.36605099329293
213,10,241.36596218943885
213,12,1.0100520441109024
213,14,241.36478278354798
213,17,79.27485817059015
213,18,241.36604787831465
213,21,205.90960285857554
213,22,92.91112810947283
213,23,1.0083547211020756
213,24,6.006525236371398
213,27,92.9352720251413
213,29,205.91302884035179
213,2,6.017694403717018
213,6,110.58783166149549
213,7,1.0102769812755694
213,8,241.36598492837268
214,10,241.36617415095768
214,12,1.0098936883156568
214,14,6.003542900898337
214,17,1.0054548338110436
214,18,241.36614301340796
214,21,205.9098565741854
214,22,170.53920829640785
214,23,1.0082394709490066
214,24,6.006408254211149
214,27,0.9961496088258075
214,29,79.27645824886925
214,2,6.017588672487008
214,6,130.65066049098942
214,7,1.0101590476526239
214,8,241.3663273167979
215,10,241.36615506784145
215,12,1.0100559403293063
215,14,6.0036056721440225
215,17,1.0053291217727756
215,18,241.36596660582867
215,21,205.90973500253247
215,22,144.34522535647886
215,23,6.02880079124187
215,24,6.006734138469645
215,27,6.0116819070378416
215,29,79.27622193516086
215,2,1.0024161994268068
215,6,130.65072918615792
215,7,1.0102942197955755
215,8,241.36626255188938
216,10,241.36613343484422
216,12,1.0174458576396725
216,14,92.92598096741808
216,17,1.0054494040510944
216,18,241.3660792472407
216,21,205.90984856171153
216,22,170.5391543728323
216,23,1.0083385731106649
216,24,5.100147298586978
216,27,6.011511854784326
216,29,93.66378513042369
216,2,1.0023982337981208
216,6,50.3011792354014
216,7,1.0101385938044007
216,8,204.2969952712057
217,10,241.36602755257988
217,12,6.0223640624039305
217,14,241.36434150065236
217,17,1.0052935975096435
217,18,241.3660611726627
217,21,130.64870802216086
217,22,144.34558148195106
217,23,1.0082493083013668
217,24,6.006419469291399
217,27,92.93471974717957
217,29,6.002698355798372
217,2,14.077870949541078
217,6,42.59119106900852
217,7,1.2066454820224806
217,8,241.36605323390376
218,10,204.29469982696259
218,12,1.0060032014587996
218,14,241.3642387199707
218,17,6.013332060740564
218,18,92.92672420938833
218,21,79.27288722564546
218,22,144.34602374414595
218,23,1.0083605011887204
218,24,6.006609026243744
218,27,5.998573315963061
218,29,6.0026125456414565
218,2,36.56251594417683
218,6,50.30292114102124
218,7,1.010279727689504
218,8,241.36624749993214
219,10,204.29452477385541
219,12,1.0061591767469942
219,14,241.36402819000415
219,17,205.90887623886118
219,18,1.002341659650253
219,21,79.2728194434048
219,22,170.53906176139213
219,23,1.0082517061453595
219,24,1.007337323817267
219,27,88.51572617393165
219,29,205.91038022149098
219,2,36.56258257647093
219,6,50.30273461587841
219,7,1.0101907729796409
219,8,92.92676966181112
220,10,241.3661510710939
220,12,1.0059873785247868
220,14,241.36418381053173
220,17,205.90875542769638
220,18,1.0024145397513475
220,21,79.27289653811994
220,22,170.5391547389381
220,23,1.0083456571825016
220,24,1.0072536288839835
220,27,241.36575119545046
220,29,205.91017356589845
220,2,36.56250108652248
220,6,50.30260396731316
220,7,1.010300985647719
220,8,78.6867788363072
221,10,241.3659087198444
221,12,1.0060953855251862
221,14,241.36418943160555
221,17,205.90868871951537
221,18,6.028520122582994
221,21,79.27265870645276
221,22,170.5391486886443
221,23,1.0083499202466264
221,24,1.0073190325362518
221,27,241.36580711536394
221,29,205.91036209607182
221,2,14.077730245987231
221,6,50.30269376301725
221,7,1.0101607295916235
221,8,92.938459291822
222,10,241.36603375256533
222,12,6.0156388715314755
222,14,204.29308128979525
222,17,205.90877066343035
222,18,1.002402221548783
222,21,93.65675049136202
222,22,92.92003044626101
222,23,1.0082988023662427
222,24,1.0072520170367643
222,27,241.36579739021914
222,29,174.28669997548138
222,2,1.0062105602579878
222,6,50.30251248498699
222,7,2.3164891776516408
222,8,92.93819430683742
223,10,241.36587151826959
223,12,241.36485149112755
223,14,204.29255143345958
223,17,205.90866278721225
223,18,1.0023087729242715
223,21,93.65630123900006
223,22,92.91992467835686
223,23,1.0083520908148422
223,24,1.007330854915926
223,27,241.3658586484924
223,29,205.9101943449979
223,2,1.0061606787874995
223,6,50.302772975623824
223,7,1.9647315976614257
223,8,1.0070095300625281
224,10,241.3661038730111
224,12,204.29294831192414
224,14,241.36433456758132
224,17,205.9090387518945
224,18,92.93508324280452
224,21,79.27307310943449
224,22,92.91992875997592
224,23,1.0082305665168292
224,24,6.004503373367144
224,27,241.3658577830367
224,29,205.910257364805
224,2,1.0060356367449508
224,6,50.302668220750526
224,7,2.3163901268399494
224,8,1.006880303823431
225,10,241.36626530439966
225,12,241.3648472664581
225,14,241.36409006021594
225,17,79.27454965628644
225,18,92.93490158032567
225,21,109.88831171320139
225,22,170.5370808791064
225,23,205.90824172381392
225,24,6.004539783169099
225,27,5.999825433315577
225,29,79.27139095264772
225,2,14.083224919463547
225,6,50.3029443066266
225,7,0.9958394060837881
225,8,1.006996274961903
226,10,5.998425208857636
226,12,241.3648053526212
226,14,241.36411511446565
226,17,79.27499610791291
226,18,5.999101027012785
226,21,93.01343867912506
226,22,241.3672090787562
226,23,205.90817324672255
226,24,6.004157182960883
226,27,6.000036819933659
226,29,79.27110185141298
226,2,14.082753464340115
226,6,6.0061338429752205
226,7,2.318215785301513
226,8,1.0068656134511036
227,10,92.92339309570727
227,12,241.3647601070618
227,14,241.3640534227021
227,17,79.27469092219528
227,18,92.92674118124513
227,21,205.91139718531372
227,22,241.36707554117575
227,23,205.90828111750068
227,24,15.60765303604644
227,27,92.92602531545579
227,29,79.27125239472049
227,2,6.015122156270291
227,6,6.006264373516677
227,7,6.010037968573553
227,8,1.0070067397784985
228,10,92.923274150347
228,12,241.36465308283658
228,14,241.36418318463197
228,17,1.0060368199094523
228,18,170.54287950174404
228,21,205.91057331894837
228,22,241.36723423141424
228,23,205.9081285729812
228,24,15.606870757364264
228,27,241.3649843037194
228,29,79.27109450559865
228,2,6.014773826388172
228,6,6.005876102751322
228,7,205.91261397457683
228,8,6.013673642554845
229,10,92.92295414515019
229,12,241.3647171373064
229,14,241.36419477426227
229,17,1.0058444804270916
229,18,170.5427985415134
229,21,205.91028199049288
229,22,92.92560156057465
229,23,205.90828413724546
229,24,5.999571721915842
229,27,241.3649234721613
229,29,205.91104663929838
229,2,7.120803247137372
229,6,50.31549413203018
229,7,130.65249278973013
229,8,92.92743333101039
230,10,241.36611931381623
230,12,241.36467515106426
230,14,241.36439086212627
230,17,1.0060348915984099
230,18,170.54288297505138
230,21,205.91032783618667
230,22,6.007202369342046
230,23,205.9083180752354
230,24,5.999328932508588
230,27,241.36514313087378
230,29,205.91072913363368
230,2,6.015527692370333
230,6,50.31533125555223
230,7,2.3178858154059494
230,8,170.53717273620163
231,10,241.3659163753346
231,12,241.3648636422046
231,14,241.36428062785828
231,17,1.0059018167934806
231,18,1.0069577195851993
231,21,205.9101772285032
231,22,6.0070969935989735
231,23,130.64971383355982
231,24,15.608935988966515
231,27,241.3649417608168
231,29,205.9109198843577
231,2,14.073534524470817
231,6,42.612657485895
231,7,1.0034639408883503
231,8,241.36617800173983
232,10,241.36601046811754
232,12,241.36488696873764
232,14,170.53793872542786
232,17,205.90850102826656
232,18,1.0070627424311152
232,21,205.91045567182923
232,22,6.0071268269953375
232,23,79.26424820047717
232,24,6.00450816088264
232,27,241.36504823664208
232,29,79.23779031106406
232,2,130.64592254840525
232,6,5.9981074745483545
232,7,1.0033424698451423
232,8,241.3660975560216
233,10,241.36593801414534
233,12,241.3647775716911
233,14,92.92519283913089
233,17,205.9082418632113
233,18,1.0069522511176734
233,21,79.27502203699927
233,22,92.9254955623367
233,23,79.26434105837747
233,24,6.004287196809673
233,27,241.36484474438592
233,29,5.998980524483238
233,2,130.64578636355736
233,6,74.20173178050611
233,7,2.3185219790501543
233,8,241.36615574312236
234,10,241.36610104641724
234,12,92.92508705038887
234,14,6.013603418933215
234,17,205.90832990745275
234,18,1.007059511252324
234,21,1.0047336299402012
234,22,92.9262670593617
234,23,205.909143913209
234,24,6.004396063631807
234,27,241.36490128285143
234,29,79.24818852877215
234,2,36.48467753156028
234,6,205.90911410270454
234,7,6.01318196920356
234,8,241.36604272291382
235,10,241.36606940143744
235,12,92.92593075537717
235,14,1.00567542603293
235,17,205.9082206955208
235,18,1.0069724281239445
235,21,1.0045846604276827
235,22,201.48350461507798
235,23,205.9091163293145
235,24,6.0044364364640055
235,27,241.36484499824329
235,29,205.91264876178727
235,2,6.0172672871932855
235,6,205.90878172525186
235,7,6.012855273357931
235,8,241.36605756346148
236,10,241.36625809038813
236,12,14.997859122179587
236,14,1.0058283524713572
236,17,205.9082768370633
236,18,6.0137547205446245
236,21,1.004741486287208
236,22,170.53681971821604
236,23,205.90907594858055
236,24,6.00420454954515
236,27,241.36495281048548
236,29,205.91246534463735
236,2,13.780072577263768
236,6,205.90899494416183
236,7,6.01316954467456
236,8,241.36597264527194
237,10,241.36608516450758
237,12,78.68219430229931
237,14,1.0056659550960152
237,17,205.90827881745673
237,18,6.0131813444435265
237,21,79.27484681580894
237,22,170.53670630189214
237,23,205.9091573995219
237,24,6.004461972558925
237,27,241.3649825371327
237,29,79.27598461144015
237,2,16.164689723746505
237,6,205.90898387060133
237,7,2.3173455509010186
237,8,241.36614195762002
238,10,241.36602601059712
238,12,92.93554560424961
238,14,1.0058293898228676
238,17,205.9083745518929
238,18,241.3672364237725
238,21,205.91037478829432
238,22,241.36617994151487
238,23,130.6415215545245
238,24,6.004495621065011
238,27,241.3650155558722
238,29,67.13948514788525
238,2,13.984920159489821
238,6,205.90903616906292
238,7,1.006192071525235
238,8,92.92163199195207
239,10,241.36596092946922
239,12,92.93566753217922
239,14,6.025016203086608
239,17,205.90845909501772
239,18,241.36696757518556
239,21,205.9100865115715
239,22,92.92644649240901
239,23,130.64177036725644
239,24,6.004487981527128
239,27,241.3650296024513
239,29,67.14023002008577
239,2,16.466033286225567
239,6,205.90899336141194
239,7,1.006103341554935
239,8,92.92199038577644
240,10,241.36618592295247
240,12,0.9998153884158354
240,14,6.025236246126334
240,17,205.90857168034955
240,18,241.3670963586242
240,21,205.91016183614857
240,22,92.92634510735411
240,23,130.6414031571611
240,24,6.004647291667193
240,27,170.53366936748174
240,29,79.29101496383059
240,2,16.45463566898187
240,6,205.9091217616575
240,7,1.0061857310439803
240,8,109.77959359372117
241,10,170.52926679590155
241,12,0.9999161161938277
241,14,0.9957209544904222
241,17,15.07194379807208
241,18,241.36718529922692
241,21,205.91010128896332
241,22,1.0016113539388831
241,23,205.90809028248654
241,24,5.998212201625916
241,27,241.37148531310893
241,29,79.2912615914817
241,2,14.099252400552901
241,6,79.2695415566583
241,7,1.0060291006824817
241,8,241.37212062781785
242,10,170.5294291027946
242,12,0.999951802578412
242,14,5.122579497560666
242,17,15.070844791911028
242,18,92.91623694444573
242,21,205.9102635356243
242,22,1.0016862558475212
242,23,205.9080696805292
242,24,6.004251947015302
242,27,92.92522374855253
242,29,6.001645521265046
242,2,16.454948250075123
242,6,79.26952613533666
242,7,2.3220951607391482
242,8,6.013538839943399
243,10,170.5290671340833
243,12,6.013409970404834
243,14,6.013119915164977
243,17,15.070763317639742
243,18,92.91593202326492
243,21,205.9102455882344
243,22,6.012801020673137
243,23,205.90824948900112
243,24,210.33928177170066
243,27,1.0062027183278275
243,29,6.001824520053183
243,2,14.068069901042772
243,6,79.26949973585198
243,7,2.321884664184677
243,8,1.0062669928935417
244,10,241.36801633224428
244,12,92.9260013409589
244,14,92.92772702792895
244,17,5.9987656262096545
244,18,170.53744570345677
244,21,79.27504444377328
244,22,92.92595215402787
244,23,205.90821176299966
244,24,210.33907140561595
244,27,1.006047992034424
244,29,205.90978783350104
244,2,14.06536072617018
244,6,79.26956012455193
244,7,2.322006854215987
244,8,1.006339832872122
245,10,241.36777097304144
245,12,241.36597337791918
245,14,170.5518062363367
245,17,15.107895382638418
245,18,241.36595231282476
245,21,67.12431526192665
245,22,241.36514271079727
245,23,205.90808077170811
245,24,6.004345648655782
245,27,1.0061744127059074
245,29,205.90967322180816
245,2,16.17248348191947
245,6,205.90924066822768
245,7,2.322122124370976
245,8,1.0062229067612734
246,10,241.36803003714053
246,12,241.36585593399727
246,14,92.92735694607543
246,17,39.38942138307177
246,18,241.36619612599662
246,21,79.2836850891087
246,22,241.3651593291583
246,23,205.90802548901007
246,24,6.004604844600288
246,27,1.0061946787017453
246,29,205.90953497013032
246,2,11.945013399821208
246,6,205.90914522869446
246,7,1.0057912160113922
246,8,1.006320475052993
247,10,92.92729450802044
247,12,241.36584140570594
247,14,6.012833256125135
247,17,39.38932476383496
247,18,241.3660007468642
247,21,1.0020353846219132
247,22,241.36502734478628
247,23,2.30522354845826
247,24,6.0043773424606535
247,27,1.0060712440312134
247,29,205.90974150173477
247,2,11.945746368297865
247,6,205.90905370584318
247,7,1.0056355702013668
247,8,6.0130293659443295
248,10,6.013344010717033
248,12,241.36595143711014
248,14,6.013698075163748
248,17,15.163088558211749
248,18,241.36597027841987
248,21,1.0019225555739126
248,22,241.3651761418168
248,23,1.006795299712362
248,24,1.0091986047108312
248,27,6.013958155211487
248,29,205.90958862321588
248,2,14.08921499157871
248,6,205.90907839469432
248,7,1.0057248257048936
248,8,92.93925668306599
249,10,1.0008185447121463
249,12,170.5369228621719
249,14,1.0077400616938998
249,17,1.003282767533257
249,18,241.3659812549278
249,21,1.0020526634852702
249,22,241.36515079158968
249,23,1.0068245732926489
249,24,1.0092990960805226
249,27,6.013937005468145
249,29,205.9098644747482
249,2,6.024264117066322
249,6,205.90907576047255
249,7,1.0057900963553719
249,8,6.005240853015165
250,10,1.0009185715290139
250,12,6.006042172242423
250,14,1.0078649330900644
250,17,1.0031912624012618
250,18,241.36611252991216
250,21,7.130702143756635
250,22,241.3652831356074
250,23,1.0066790645062476
250,24,1.009192218986696
250,27,92.93757123841637
250,29,79.2719834089952
250,2,0.9958847188163436
250,6,205.90936865447162
250,7,1.1963411315996249
250,8,6.00566990710491
251,10,1.000927204694233
251,12,6.00602177299657
251,14,1.0077857665388779
251,17,1.003285447859314
251,18,241.3659495338213
251,21,6.019616387686745
251,22,241.3651746708108
251,23,1.0068144507496166
251,24,1.0093077310375742
251,27,92.93765618222194
251,29,79.27245625381039
251,2,7.143030662781326
251,6,1.0070192841742056
251,7,2.33249767088446
251,8,6.005616375629368
252,10,92.92676902227781
252,12,6.279587553250752
252,14,1.007872592287847
252,17,6.008559071363945
252,18,241.36613556742842
252,21,6.019511323987099
252,22,241.36529916828692
252,23,1.0068239455540429
252,24,1.2023166698999326
252,27,1.0122075467969687
252,29,79.2722348511981
252,2,6.024394882748385
252,6,1.0069106472846352
252,7,1.005777517278064
252,8,170.53795056577732
253,10,170.55148189276693
253,12,6.005952165827609
253,14,1.0078169436897841
253,17,15.074109731878206
253,18,170.53432817470082
253,21,205.91030431202105
253,22,241.3651301398463
253,23,1.0066935445431051
253,24,1.0093037505158602
253,27,1.0121616140130172
253,29,79.27243031851984
253,2,0.9962690378078438
253,6,1.0070164902385512
253,7,1.005680575719687
253,8,241.36750446731997
254,10,6.007680017014751
254,12,92.92552368681885
254,14,1.0078555288684408
254,17,15.076062734396576
254,18,170.54223483425287
254,21,205.91010540760385
254,22,241.3652448984978
254,23,6.002941167045559
254,24,1.0091806821752867
254,27,1.211448140578323
254,29,93.65585224425197
254,2,6.024079843832438
254,6,1.0068996224963085
254,7,1.0057913751327137
254,8,241.36755704184708
255,10,6.007957652609101
255,12,170.5370156562458
255,14,92.92424765062975
255,17,15.074108460913845
255,18,241.3680416157383
255,21,205.91022901908912
255,22,241.36523665750988
255,23,6.002611428541758
255,24,1.0092938263789053
255,27,1.2110100146512384
255,29,79.2723157498977
255,2,24.238744085287312
255,6,1.0070157181267367
255,7,2.317587205915899
255,8,241.36767876920774
256,10,6.00793611908822
256,12,241.36472997232926
256,14,241.36505818501263
256,17,1.003654467731808
256,18,241.36823468105382
256,21,205.91008945919924
256,22,204.2937669331703
256,23,2.3053349544146977
256,24,15.610271982026305
256,27,1.0122128284037757
256,29,205.90932716110996
256,2,24.239703937994225
256,6,6.012886137989941
256,7,6.000874739721297
256,8,204.30066123196912
257,10,6.008212598311475
257,12,241.36472895708903
257,14,241.3651273395912
257,17,1.0037154739382164
257,18,241.36810399199166
257,21,205.91026745389556
257,22,241.3651943950795
257,23,0.9998233428392682
257,24,6.006883427547551
257,27,1.0121165390395346
257,29,205.90945552171203
257,2,14.058737783348551
257,6,79.27453914835047
257,7,6.001379319902922
257,8,204.30020966920975
258,10,6.007952736129412
258,12,241.36471931299698
258,14,241.36506166647868
258,17,1.0035885170139496
258,18,170.52718332390492
258,21,205.91014713882714
258,22,241.36526087248404
258,23,0.999944456707702
258,24,6.005455426974171
258,27,92.92534743174637
258,29,205.90923921631122
258,2,86.02807771946361
258,6,93.65775768581827
258,7,6.000946405557165
258,8,241.3676825978791
259,10,92.92578139197866
259,12,241.36469914088593
259,14,241.36520829407965
259,17,6.02097174961893
259,18,170.52681604277404
259,21,205.91029389173764
259,22,241.36517489187506
259,23,2.312232080678764
259,24,1.0008890582943497
259,27,241.36807343762862
259,29,205.90932229396645
259,2,86.02780379231065
259,6,79.27368489811187
259,7,130.647201719148
259,8,241.36743098255374
260,10,241.3666376424134
260,12,241.36473356820218
260,14,241.3636498507965
260,17,5.116552283242071
260,18,241.36582907363285
260,21,6.010627611698401
260,22,92.92615216812851
260,23,2.3123080580169244
260,24,1.0007738414783933
260,27,241.36823095327128
260,29,205.9094225321505
260,2,86.02803758089082
260,6,205.90969942912693
260,7,130.6470861785899
260,8,92.92685921664885
261,10,241.3665456078804
261,12,241.36476239139233
261,14,241.36528936876215
261,17,15.077456137969557
261,18,241.3656586504761
261,21,0.9961429346817381
261,22,6.013279031163301
261,23,2.312416861838833
261,24,6.004819200772279
261,27,6.020057497072963
261,29,174.28541692006473
261,2,33.09550947793467
261,6,205.90968035688786
261,7,110.58192505762925
261,8,1.005655572068643
262,10,241.36682962813768
262,12,241.3648353312014
262,14,241.36517293656937
262,17,15.079505977185798
262,18,241.36578560537706
262,21,79.27912413271946
262,22,6.011962917883404
262,23,2.312314426350346
262,24,135.6351179951204
262,27,6.019992049893301
262,29,205.90941151572372
262,2,5.989557985824157
262,6,205.90964147571182
262,7,130.64727669361693
262,8,1.0058178038166172
263,10,241.36668380302976
263,12,241.36472510730357
263,14,241.36514473602935
263,17,15.080600323376398
263,18,241.3657964225577
263,21,79.2787429318349
263,22,1.0032851254994721
263,23,1.9691309699568738
263,24,210.3422328210966
263,27,7.131766550344749
263,29,205.90949083617417
263,2,6.002235681169074
263,6,205.90980760161912
263,7,130.64716021269703
263,8,1.005683818188846
264,10,241.36664381402835
264,12,241.36476677926677
264,14,92.92517872186482
264,17,10.986396172482541
264,18,241.36584419474113
264,21,79.27895175435846
264,22,1.0033998136315416
264,23,1.9687583258290395
264,24,210.34231211750503
264,27,5.116400515474913
264,29,205.90930605010593
264,2,6.001950667240685
264,6,79.26633961937796
264,7,130.6470538705203
264,8,1.0058357263470867
265,10,241.366710924796
265,12,241.36468092017796
265,14,1.0133806912734942
265,17,10.986146945407743
265,18,241.36579558972386
265,21,5.9983359912138905
265,22,1.0032396057214221
265,23,2.3121078195532077
265,24,193.03735515908622
265,27,5.116485410972738
265,29,205.90947156557067
265,2,33.1196854695245
265,6,79.26663764239613
265,7,130.6473132314585
265,8,6.013566007171281
266,10,92.92721802131521
266,12,241.36494308318194
266,14,1.0135339386325493
266,17,10.98565943961087
266,18,204.29428124303024
266,21,79.2791829240614
266,22,92.9310306055842
266,23,1.0090562121946682
266,24,210.34225106608787
266,27,6.020831574675004
266,29,205.90928780079236
266,2,174.33516287352742
266,6,79.26650306491057
266,7,1.011825489594468
266,8,92.92711514101308
267,10,6.009987160042905
267,12,170.5222217717057
267,14,1.0134054107601376
267,17,39.34005329544186
267,18,241.3656829191414
267,21,205.91623241031797
267,22,92.93100796289148
267,23,1.0089158070296769
267,24,210.34216496882198
267,27,6.020811471480583
267,29,79.27397987233829
267,2,130.63441273462163
267,6,130.65353514080144
267,7,1.011919397552556
267,8,92.9265371963146
268,10,6.010186135780949
268,12,204.29328496210454
268,14,1.2134418423211404
268,17,5.9505135803735785
268,18,241.36571551813444
268,21,1.000911634331664
268,22,92.93137312585154
268,23,1.009057996161503
268,24,210.3422595606269
268,27,6.020850428202166
268,29,93.6577686862668
268,2,174.32606422315723
268,6,130.65328547491794
268,7,1.01175420503413
268,8,241.36627651277115
269,10,6.01009807645297
269,12,241.36485126591185
269,14,1.2135778012406293
269,17,0.9419138687817377
269,18,241.3655346768502
269,21,1.000823980628951
269,22,5.106116782540643
269,23,1.0089066377204325
269,24,210.342121375827
269,27,1.0045449910330975
269,29,79.27588529067347
269,2,205.92267110627998
269,6,130.65358506150702
269,7,1.2106743423423776
269,8,241.36619490436408
270,10,6.010311066112867
270,12,241.36484974498046
270,14,1.0135426568328176
270,17,15.069417338776528
270,18,241.3656508269285
270,21,79.28437456166269
270,22,6.015767329579876
270,23,1.0090473622685714
270,24,210.34219083135682
270,27,1.0043977799807493
270,29,79.27535181151795
270,2,174.316210806574
270,6,130.6533508821574
270,7,1.0117431317103218
270,8,204.2960408590984
271,10,6.010160253462032
271,12,241.36463588019862
271,14,1.0134387981956516
271,17,15.069385094928847
271,18,241.3656260840459
271,21,67.1273821295018
271,22,6.015823947675638
271,23,1.009026593943502
271,24,210.34211090491837
271,27,1.0045463771193868
271,29,79.27554957140157
271,2,174.31664648520533
271,6,103.52634462528312
271,7,1.01191541915896
271,8,241.36609191793974
272,10,6.010137478634593
272,12,241.36478234092914
272,14,6.013871300188904
272,17,1.005791222617396
272,18,241.3658463233151
272,21,79.27589671642467
272,22,1.0058300849496442
272,23,1.008919725887659
272,24,210.34223927568368
272,27,6.015149426521502
272,29,79.27537372285998
272,2,174.31694010047764
272,6,103.52584649933283
272,7,1.01176457083859
272,8,241.3661257913927
273,10,170.53715566420396
273,12,241.3647621527758
273,14,92.92507940536944
273,17,1.0058657889862594
273,18,92.92552313338177
273,21,79.27493175001457
273,22,1.0056630886653624
273,23,1.0090541676619305
273,24,210.34212953966843
273,27,241.36486473349987
273,29,1.0084202653563672
273,2,174.3169140009788
273,6,103.52619676800984
273,7,1.011919118393747
273,8,241.36621451075825
274,10,241.36786448513152
274,12,204.29362132490598
274,14,241.3673057379259
274,17,1.005722882897567
274,18,1.0059058116516058
274,21,205.9107886533866
274,22,1.005814412819893
274,23,1.0089463089525132
274,24,210.3422874685764
274,27,241.36484630742535
274,29,1.0082420826420702
274,2,205.92150030702237
274,6,205.90954360917624
274,7,50.305479218303624
274,8,204.29604317286393
275,10,241.36770307293938
275,12,204.29276868325127
275,14,241.36725066866842
275,17,1.0058684957202697
275,18,1.0057153760889772
275,21,205.91071536843165
275,22,1.0056688588030713
275,23,1.0090627885234156
275,24,210.34210743312622
275,27,241.3647394784796
275,29,1.0084194691454087
275,2,174.31581686825484
275,6,205.90954698577363
275,7,50.30544959111571
275,8,241.36608821953263
276,10,241.36796765927213
276,12,241.36485968424984
276,14,92.92428834654119
276,17,6.013516671788808
276,18,1.0058221195042014
276,21,205.91078668757132
276,22,92.92605833450683
276,23,2.305404423161706
276,24,210.34230684822106
276,27,241.36461775358433
276,29,1.0083016071945012
276,2,174.3158739902092
276,6,205.9095238114058
276,7,50.30541719906968
276,8,241.36607838387673
277,10,92.92166920655579
277,12,6.005774036267781
277,14,109.78543314169215
277,17,154.55816865076983
277,18,1.0059183134683058
277,21,205.91089052936482
277,22,92.9254790986534
277,23,6.001823203253544
277,24,178.03510162285997
277,27,241.36481204244402
277,29,1.0084259086481504
277,2,205.92131648137973
277,6,205.9097781703905
277,7,1.0009609569023867
277,8,241.36608785954047
278,10,92.92201242662203
278,12,6.00621312418347
278,14,1.0066963418919803
278,17,205.90668076380035
278,18,1.0057516746127062
278,21,1.00421753307916
278,22,241.3672329934513
278,23,6.001689271952119
278,24,178.03582071155842
278,27,241.36469512527694
278,29,1.0082983368821603
278,2,174.31588008373754
278,6,136.67583994878106
278,7,1.0008673418060843
278,8,241.36625880178195
279,10,92.92171993453934
279,12,6.005875800571084
279,14,1.006595344090683
279,17,205.90698813879825
279,18,6.013731490662895
279,21,1.004146837573228
279,22,241.36712891469998
279,23,6.001826069237106
279,24,210.34219396073547
279,27,241.36468043158322
279,29,1.0084188772889968
279,2,174.3158371391068
279,6,161.48010644068646
279,7,6.028213440054484
279,8,241.36613137101028
280,10,92.92167706949947
280,12,92.92557857853967
280,14,1.0066948351612037
280,17,59.505522288572315
280,18,241.36724646888229
280,21,1.004213408119547
280,22,241.36722443551537
280,23,1.011709724782122
280,24,210.3423643782842
280,27,241.36462799603783
280,29,6.013225866499115
280,2,174.3157843664914
280,6,79.26093504943623
280,7,1.0008845459080282
280,8,53.98982138425259
281,10,241.36722803518447
281,12,241.3651753470505
281,14,1.0065776790155923
281,17,6.001989590627899
281,18,241.3672630571694
281,21,205.91099134465583
281,22,92.9266154224295
281,23,1.0118283086462707
281,24,210.34231710346393
281,27,241.3647494041258
281,29,6.013142726094765
281,2,205.92121093483235
281,6,130.65379226413378
281,7,1.0009642894765935
281,8,5.998763924487635
282,10,241.36716451897354
282,12,241.3650038339747
282,14,1.0066760865976354
282,17,6.00178316120184
282,18,241.3670198139526
282,21,205.91103972963526
282,22,0.9962913887905192
282,23,1.0117074650248288
282,24,210.34228172092674
282,27,241.36468351053307
282,29,6.013742393843871
282,2,174.326031035922
282,6,130.65376095552136
282,7,50.29858657930662
282,8,92.92662379789499
283,10,241.3670042789791
283,12,241.3651658530749
283,14,92.92516235755383
283,17,59.510190084178696
283,18,241.36732402235415
283,21,205.91109864645713
283,22,6.007519227686643
283,23,1.2115003826964355
283,24,80.96776153919501
283,27,241.36468455994967
283,29,6.013862264816933
283,2,0.9981281408644449
283,6,67.13276077339218
283,7,130.64816519764275
283,8,170.55194863600894
284,10,241.36704844525565
284,12,204.2944051506413
284,14,241.3640001629615
284,17,59.5102094879464
284,18,92.92670496723498
284,21,79.26040262285862
284,22,92.92632487970656
284,23,1.011707158897086
284,24,178.03564725741404
284,27,241.36456558008322
284,29,205.90877453699244
284,2,0.9980197974133063
284,6,65.87508489877493
284,7,130.6482592008567
284,8,92.91671697283543
285,10,241.3669858100555
285,12,241.36510413592558
285,14,204.2923907000798
285,17,5.998024023925504
285,18,1.0067389536483322
285,21,205.9110403107222
285,22,92.92533752824588
285,23,1.0118294032048611
285,24,210.34222407650165
285,27,241.36467987050588
285,29,205.90856377530073
285,2,6.025549768197614
285,6,79.28614567529462
285,7,50.28333955390722
285,8,92.91646423136235
286,10,92.92473087211924
286,12,241.36515456441634
286,14,241.36391383122555
286,17,59.505897232960294
286,18,1.006617355843714
286,21,205.910942904196
286,22,241.36568344259157
286,23,6.00025885482631
286,24,68.57036687304885
286,27,241.36459170431138
286,29,205.90881347244624
286,2,6.025351595742586
286,6,79.2858899326231
286,7,110.58510470516947
286,8,241.36601220816306
287,10,5.998246055135337
287,12,241.36515887994057
287,14,241.36394691131653
287,17,154.54622006499434
287,18,1.0067336765722361
287,21,205.91090355814572
287,22,241.36566942910082
287,23,7.100584835547883
287,24,80.99075769219088
287,27,241.3646307805053
287,29,205.90859451312457
287,2,6.025654279113849
287,6,79.28599014160882
287,7,130.64836633492305
287,8,241.36587939785954
288,10,92.92463105156227
288,12,241.36530854477917
288,14,241.36387327732587
288,17,154.54588629384818
288,18,1.0065885786699935
288,21,205.91093079739017
288,22,241.36574719709802
288,23,7.100653691847117
288,24,6.004025450992102
288,27,241.3645787255229
288,29,205.90857441487535
288,2,0.9987036842620345
288,6,6.013758052609318
288,7,130.64834106573252
288,8,204.29201022449558
289,10,92.9244008411739
289,12,241.36517483427443
289,14,241.36392999787446
289,17,130.83265251080175
289,18,1.308190620942197
289,21,79.27514474786936
289,22,204.29418884647288
289,23,6.004662155372667
289,24,6.003954242613017
289,27,241.36487850159062
289,29,205.90848396088802
289,2,0.9988268348869367
289,6,1.0049182884786312
289,7,130.64824515308877
289,8,204.29163881061442
290,10,241.36628027176204
290,12,0.9982408675587875
290,14,241.3638944996285
290,17,154.54605846606475
290,18,1.1035468288277723
290,21,5.998467985542932
290,22,204.29477141899488
290,23,6.004737936670146
290,24,80.98270064601817
290,27,241.36479487560666
290,29,205.90860314304877
290,2,6.027492546624659
290,6,1.0047788282468826
290,7,130.64856370537754
290,8,204.29180498532853
291,10,241.3661523741726
291,12,0.9981316000989251
291,14,241.36392252311373
291,17,130.83527243332176
291,18,241.36794035741156
291,21,79.27874464187971
291,22,204.29431955040366
291,23,6.005007890025016
291,24,80.98203539325365
291,27,6.006967377450819
291,29,205.90853701346194
291,2,6.027589785076464
291,6,1.0048841061504783
291,7,49.08560498329658
291,8,241.36586272835973
292,10,241.36619844117445
292,12,0.9982396384434002
292,14,241.3638441642942
292,17,154.5461484234148
292,18,241.36772576486555
292,21,79.27918148749416
292,22,241.36571406230044
292,23,6.004686734949937
292,24,135.64406271062782
292,27,6.007071524219068
292,29,205.9085559478024
292,2,0.996043810718958
292,6,1.0049034960946788
292,7,49.08613039463512
292,8,241.36588492870428
293,10,241.36614763973097
293,12,0.9716868737334412
293,14,241.36389733624767
293,17,154.5461731961561
293,18,241.3678101322089
293,21,5.998531366582107
293,22,241.3654031165167
293,23,7.1007867478400035
293,24,135.64410760606336
293,27,6.006791572251283
293,29,205.90851607425057
293,2,6.027547438547549
293,6,79.27414364414543
293,7,130.65019821493496
293,8,92.92614823966521
294,10,241.36609167086078
294,12,0.9718293842609249
294,14,241.36384504254858
294,17,59.50520597843617
294,18,170.53621701526146
294,21,79.27901563971459
294,22,241.3655175075963
294,23,7.100871456521874
294,24,0.9962297738186736
294,27,241.36807569999723
294,29,205.90866914141955
294,2,6.027314943789546
294,6,205.90831790395146
294,7,130.65005147406663
294,8,1.0062168871785042
295,10,241.36605164241615
295,12,91.709760854746
295,14,241.36404402103597
295,17,50.4145543453545
295,18,5.998890927781494
295,21,79.27910689885728
295,22,241.36545746173783
295,23,7.1006848538332115
295,24,80.97426032909335
295,27,241.3681226185186
295,29,205.90873723821989
295,2,1.006995655569865
295,6,205.9081702832668
295,7,50.298649859397344
295,8,1.006099918009249
296,10,241.36634478520338
296,12,0.9717498233493194
296,14,241.36390016998232
296,17,50.41433138445326
296,18,241.36760592632112
296,21,79.27905331194745
296,22,241.36555514738967
296,23,7.100798392888402
296,24,210.34843378287394
296,27,92.91447951986441
296,29,205.9087226398085
296,2,1.0068769683805554
296,6,205.90828349534735
296,7,5.998821920936221
296,8,1.0062158693125287
297,10,233.97385722012845
297,12,0.9718247801065791
297,14,241.36388403297596
297,17,59.524322813087515
297,18,241.36752768996453
297,21,79.27884046823948
297,22,241.3656275364359
297,23,7.100754362966545
297,24,95.65936419477161
297,27,92.9143775514847
297,29,205.9085442234534
297,2,1.007000748182028
297,6,205.90817414192063
297,7,130.64907845322003
297,8,1.006123921260424
298,10,241.36640241583714
298,12,0.9717012596771895
298,14,241.3637583303146
298,17,0.9961003711691676
298,18,241.36764876102603
298,21,5.122547203986496
298,22,92.92366883871559
298,23,6.004618668642657
298,24,1.0037397730727768
298,27,241.3650153268448
298,29,205.90860040635104
298,2,1.006849598836224
298,6,205.90812464674548
298,7,130.64915944846464
298,8,92.92669619078113
299,10,241.36616093297022
299,12,0.9982513923093475
299,14,241.36410822566592
299,17,6.006923384884227
299,18,241.36761864254558
299,21,6.024925848478396
299,22,109.78458105602923
299,23,6.004351738265566
299,24,1.0036102901851107
299,27,241.36520438846298
299,29,205.9084542309172
299,2,1.006998149405952
299,6,205.90811268479166
299,7,130.6493271139862
299,8,241.36540559197334
300,10,241.3661837876781
300,12,0.9981302791759621
300,14,241.3641283936595
300,17,59.50526231088975
300,18,241.37507281253082
300,21,4.429481831680333
300,22,92.9234036386214
300,23,6.004691501224855
300,24,1.0037337324369995
300,27,241.365237818821
300,29,205.90854713253438
300,2,6.02615859452627
300,6,205.9081458665974
300,7,1.0045344594724153
300,8,241.36534825458324
301,10,170.53698934661352
301,12,0.9982385622487415
301,14,204.29265656513368
301,17,205.90905483466727
301,18,123.27478225462026
301,21,1.0039402660885761
301,22,92.92358999460124
301,23,6.004657921100396
301,24,80.9822647998487
301,27,241.3652724172795
301,29,205.90859317475363
301,2,6.0259986298677815
301,6,205.9083095388763
301,7,1.0043618379153791
301,8,241.36515708133075
302,10,92.91626563901448
302,12,0.9981118961419391
302,14,241.3639490147736
302,17,205.9088156488042
302,18,123.25079367602068
302,21,1.004063746933582
302,22,92.92361577790206
302,23,7.100720472525344
302,24,160.2613428831837
302,27,241.3650841511366
302,29,205.90886182380146
302,2,0.9959989445123272
302,6,205.90837404106543
302,7,1.004535700385805
302,8,241.36523088971208
303,10,92.91627492443082
303,12,109.79307520488358
303,14,241.36402785228702
303,17,205.90887294962238
303,18,241.3658910682235
303,21,1.0039193289520192
303,22,92.9238455924545
303,23,15.003918320591133
303,24,135.63958079278146
303,27,241.36506154806338
303,29,205.9087261326887
303,2,6.023152794152539
303,6,205.9080897225754
303,7,6.01323504539991
303,8,241.36517968330975
304,10,241.36736186218178
304,12,92.92709407178916
304,14,170.53759266633912
304,17,205.90879210592453
304,18,241.36570963303697
304,21,79.28139143072728
304,22,92.92372826251574
304,23,7.100796057150598
304,24,210.34219649885378
304,27,241.3650128769292
304,29,205.90863800239788
304,2,15.726298843476
304,6,205.90809208639553
304,7,6.013556507093189
304,8,241.36531015425382
305,10,241.36735240017308
305,12,92.92726711718377
305,14,92.91758288013666
305,17,205.908904648398
305,18,241.3658805262992
305,21,67.12306243451712
305,22,241.37166903494526
305,23,2.7364032359903927
305,24,210.34197183868517
305,27,241.36504027248478
305,29,205.90857547270076
305,2,15.726481906747237
305,6,205.90809627909482
305,7,130.64910079040425
305,8,241.36525300703426
306,10,241.3674254099814
306,12,170.5421915651109
306,14,92.9176328570896
306,17,205.90878810768808
306,18,241.36580837685685
306,21,130.649082576624
306,22,170.5421055543535
306,23,1.0012783578298237
306,24,210.34207517307175
306,27,241.3650124227633
306,29,205.90863746765294
306,2,6.0231289334118285
306,6,205.908263938241
306,7,110.58762970443372
306,8,241.36524642363457
307,10,241.3674089787211
307,12,144.35109975329115
307,14,92.91790074402161
307,17,205.90895127384698
307,18,241.36604135500642
307,21,205.9115040195712
307,22,6.007704566081778
307,23,1.001164953121683
307,24,210.3420021271517
307,27,241.36529877296098
307,29,79.27041250043706
307,2,1.0081597763950763
307,6,205.90813470729765
307,7,130.64910799576705
307,8,241.36524809810575
308,10,92.91217657763983
308,12,170.5421802092173
308,14,170.53692339357585
308,17,205.90881688532482
308,18,241.3658286164927
308,21,205.91153646957673
308,22,6.008063941337563
308,23,2.7364325145020807
308,24,210.34208610760817
308,27,174.6179456035232
308,29,79.27084118717731
308,2,1.008237783268906
308,6,205.90813038217254
308,7,130.6491134228201
308,8,241.3652898746663
309,10,170.54308238622815
309,12,170.5424633766728
309,14,241.36746234002737
309,17,205.90905703422098
309,18,241.36589337562225
309,21,205.91156816963468
309,22,6.007848857468126
309,23,2.735694509728499
309,24,210.34197582498666
309,27,75.90772324525122
309,29,79.27066149913114
309,2,1.2005606590605948
309,6,6.0134873543202305
309,7,50.29843108546805
309,8,241.36521902281225
310,10,170.54296236429184
310,12,92.9174406068501
310,14,204.3005461262966
310,17,130.63872768685152
310,18,204.2939458777359
310,21,79.30121843035666
310,22,6.007726646444885
310,23,6.006456887666333
310,24,210.34198003274307
310,27,78.68840677836478
310,29,79.27089485647454
310,2,6.030169629240127
310,6,0.9998861865334323
310,7,42.5937667304312
310,8,241.36523233645948
311,10,170.54301131778283
311,12,92.91784230018338
311,14,204.3006807297565
311,17,130.6388707894353
311,18,204.29434235578685
311,21,5.998337044288786
311,22,92.92550710291898
311,23,7.117603784062148
311,24,210.34192731470307
311,27,92.9396985964109
311,29,79.27081808648424
311,2,1.008243749769166
311,6,0.9999689565907426
311,7,50.30359724917906
311,8,241.3652212686805
312,10,92.92576069289521
312,12,241.36663136411755
312,14,241.36760362023077
312,17,205.90983497260547
312,18,241.36595398051395
312,21,93.72592006719516
312,22,241.36557424984358
312,23,6.006129060968287
312,24,210.34223104141984
312,27,6.013027973763507
312,29,130.65052432582868
312,2,1.0081080210937774
312,6,5.957923924409224
312,7,50.30398357782807
312,8,241.36540104792215
313,10,92.92557073957086
313,12,241.36644403520887
313,14,92.92591206268484
313,17,205.9097596253162
313,18,241.36601602894933
313,21,93.72533121446615
313,22,241.36544708009765
313,23,2.726586164829185
313,24,210.34206238880182
313,27,1.0062577401710708
313,29,110.58492108814663
313,2,1.0082416202042586
313,6,22.296815731987955
313,7,6.008234380129796
313,8,241.36537059207367
314,10,5.998623853160452
314,12,241.366416292176
314,14,92.92546414766001
314,17,205.90975620167276
314,18,241.3659274029853
314,21,67.12625334317586
314,22,241.36560826420342
314,23,2.7262311884488053
314,24,210.34222431300574
314,27,1.006148064017446
314,29,110.58527737162491
314,2,1.0081030743194592
314,6,18.865588596927257
314,7,6.008318887456601
314,8,241.3654054347561
315,10,92.92560936946988
315,12,241.3664749003048
315,14,109.79001178408734
315,17,205.90997230550764
315,18,1.0026412554397703
315,21,79.28295562631331
315,22,241.36549103644873
315,23,7.117859084234224
315,24,1.0041463125157222
315,27,1.0062696102764068
315,29,205.90934825649998
315,2,1.0082502749260902
315,6,205.90959553459015
315,7,6.008041302067132
315,8,241.365272517514
316,10,241.36602289559355
316,12,92.92567770630032
316,14,92.92501140929936
316,17,205.90981527158138
316,18,1.0026792363247852
316,21,79.2827218562477
316,22,241.36555859750865
316,23,6.001803497725811
316,24,1.0042363477146052
316,27,1.0061107893087806
316,29,205.90939281400415
316,2,1.0081081449103237
316,6,205.9095510451352
316,7,6.00814991222575
316,8,241.36541305523403
317,10,241.36576437870224
317,12,6.0083054697158635
317,14,6.011782491542705
317,17,79.26782583138592
317,18,1.0025719940237101
317,21,79.28256258596424
317,22,241.3654459073581
317,23,2.7337458013238907
317,24,6.028277875505164
317,27,92.92655185170497
317,29,205.9093358682361
317,2,6.023312263584587
317,6,174.28563204179503
317,7,59.42345046368604
317,8,241.3652531222676
318,10,241.36591544193556
318,12,6.008235722832554
318,14,0.9960074936803256
318,17,79.26785698709938
318,18,6.013573583258373
318,21,6.013476535545398
318,22,241.36558049955312
318,23,2.733693939415529
318,24,1.0041175445137966
318,27,241.36501891974655
318,29,205.90939423794754
318,2,205.90912449184134
318,6,205.9094262708804
318,7,50.29835816333653
318,8,241.36537204645697
319,10,241.3658455264007
319,12,6.008256079720155
319,14,6.011645428314958
319,17,79.268093159107
319,18,92.94757997903908
319,21,1.0077096938993977
319,22,241.3655278051486
319,23,2.7334576555818355
319,24,1.0042530456611933
319,27,241.36485735636555
319,29,205.90920772767572
319,2,205.90904958277395
319,6,205.90943259863695
319,7,50.29821407879454
319,8,241.36524582896743
320,10,241.36590669660146
320,12,6.0082271049995
320,14,6.011589911621239
320,17,205.90905314226805
320,18,78.7014850745515
320,21,1.0078340049515022
320,22,92.92644970000978
320,23,3.228427856774865
320,24,6.01318140065568
320,27,241.364986453671
320,29,205.9092599850407
320,2,205.9091160632869
320,6,205.90952523706656
320,7,50.29823702387251
320,8,170.53082316140532
321,10,241.3657949027291
321,12,92.91887445190196
321,14,92.92518405343722
321,17,205.90901116878942
321,18,78.701178001636
321,21,1.0077401405956623
321,22,6.012233089369821
321,23,2.7338908254579914
321,24,135.6392539575252
321,27,241.36488525667065
321,29,205.90915994457404
321,2,205.90911951036028
321,6,6.0081593911717235
321,7,50.298086655931044
321,8,170.53076118286558
322,10,241.36583338681703
322,12,236.2256091811375
322,14,241.36408714281822
322,17,205.90893142802477
322,18,241.3685491878059
322,21,1.007833103539995
322,22,6.012011636525551
322,23,2.7335396993668244
322,24,210.34816203495558
322,27,241.3649893290073
322,29,205.90935493368536
322,2,205.90915079970551
322,6,6.008159410297782
322,7,205.90981380579427
322,8,170.53083695367627
323,10,241.36576980827834
323,12,241.37095383576212
323,14,241.36422403494709
323,17,205.9089758849412
323,18,241.3682729363737
323,21,1.0077226953771374
323,22,6.012244584456674
323,23,6.002436624138371
323,24,80.98065775016327
323,27,241.365014635906
323,29,6.021215910873564
323,2,205.90925016795586
323,6,6.008121107064011
323,7,205.90955566421457
323,8,241.3660841665469
324,10,241.3659565730433
324,12,170.53760874001858
324,14,241.3641200228466
324,17,205.90897427052525
324,18,241.3683654260923
324,21,1.0078298071610394
324,22,6.011999366781144
324,23,5.082631183141727
324,24,80.98089376664632
324,27,92.91138059345549
324,29,1.0058537321036392
324,2,205.90919652294767
324,6,6.008239604866682
324,7,205.90960379892434
324,8,241.36612815682258
325,10,241.36596785000728
325,12,5.999012861581025
325,14,241.36415948707645
325,17,205.90881466956233
325,18,92.9266743974872
325,21,79.27508944966453
325,22,6.011952373901497
325,23,5.08278858092607
325,24,95.67568811823917
325,27,241.36511897108926
325,29,1.0057444244924065
325,2,205.90903406607035
325,6,79.27463642920068
325,7,205.90959975146907
325,8,241.36599108883695
326,10,241.36608096922487
326,12,15.009685092780481
326,14,241.36417356332805
326,17,205.9086685429383
326,18,92.92688780677716
326,21,205.90937157553782
326,22,6.012147625244319
326,23,6.000275766567543
326,24,5.998152873516019
326,27,241.3649118412652
326,29,1.0058404773519385
326,2,205.90892296599446
326,6,205.9089982345659
326,7,205.90970389436347
326,8,241.36611674954568
327,10,241.36586729069688
327,12,5.998334843327504
327,14,241.3641923811219
327,17,205.90888428055544
327,18,6.0137979257602785
327,21,205.90923560463116
327,22,0.9959233231611657
327,23,7.107753842022994
327,24,80.98076433156346
327,27,241.36482804194918
327,29,1.005673807477545
327,2,205.90909047897762
327,6,205.90897569450493
327,7,205.90977617613038
327,8,241.36631902949642
328,10,241.3659459926672
328,12,92.92631550996143
328,14,241.36430959308285
328,17,205.90881362185954
328,18,1.0038296399708564
328,21,205.9091645958744
328,22,6.012278185017845
328,23,7.107558684130124
328,24,210.3440366955227
328,27,241.3648671186688
328,29,6.021636963891405
328,2,205.90894399386428
328,6,205.90883147683496
328,7,79.26848373081658
328,8,241.36616004021246
329,10,241.36581082410922
329,12,241.36552672682228
329,14,241.36417934325425
329,17,205.90884865040817
329,18,1.0039211259086471
329,21,205.90902228518354
329,22,6.012334381113311
329,23,7.107866783555966
329,24,210.34407332015894
329,27,241.36485989382396
329,29,6.02126173235703
329,2,205.90913659278425
329,6,205.90898013507342
329,7,79.2689027617464
329,8,241.36612530716238
330,10,6.002287552315402
330,12,241.3655997174733
330,14,241.36402573769718
330,17,205.90867793890644
330,18,1.0038037312140808
330,21,205.90907540535014
330,22,92.9263958542844
330,23,6.001298107166679
330,24,210.3441074538089
330,27,241.36508111859905
330,29,6.02110772688423
330,2,205.90912920862502
330,6,205.90889857886768
330,7,79.2685614771593
330,8,92.91503547700997
331,10,6.002347366156471
331,12,241.3655807195463
331,14,241.3641701058583
331,17,79.27473354687187
331,18,6.0135234637576565
331,21,205.90902038549734
331,22,241.3662655485154
331,23,2.729507401371012
331,24,80.9676747736327
331,27,241.36498859261673
331,29,15.709275053638217
331,2,79.27360382458147
331,6,205.9087692990254
331,7,205.91244481754185
331,8,92.91485862135035
332,10,92.9273168924822
332,12,241.36555907023015
332,14,241.36402954118498
332,17,1.0046387423499326
332,18,6.012824042736502
332,21,205.90914746611102
332,22,241.3662083367294
332,23,2.7297970345206526
332,24,135.6301834328947
332,27,241.36508622701328
332,29,6.021345790458114
332,2,79.27356189520893
332,6,205.90868233229375
332,7,205.91232778543105
332,8,241.36767247604632
333,10,92.92642796934645
333,12,241.36551075607477
333,14,92.92511313524832
333,17,1.0047377846845444
333,18,241.36898518969346
333,21,205.90903108431934
333,22,241.36608988993444
333,23,2.7296450005485937
333,24,210.34203517205012
333,27,241.36497005492436
333,29,1.004586075441086
333,2,79.27387444460932
333,6,205.90887162520877
333,7,79.26738555198114
333,8,204.30065007203035
334,10,241.3674744938968
334,12,241.3655907871978
334,14,6.003119415071616
334,17,1.0046629487796244
334,18,241.3690078968328
334,21,205.90907111321215
334,22,241.36632285411955
334,23,6.000902469792505
334,24,210.3419161493803
334,27,241.36501931854016
334,29,1.0044790733562206
334,2,5.998440646652717
334,6,205.90884004712754
334,7,79.26767603288906
334,8,204.3009700469941
335,10,241.36729046347634
335,12,92.92284669990862
335,14,6.003080619004756
335,17,1.0047117853508238
335,18,92.9199805313241
335,21,205.9090348675937
335,22,241.36637568664673
335,23,7.106091847496652
335,24,178.034148723749
335,27,241.3649906550614
335,29,1.0045849315552706
335,2,79.27389798140955
335,6,174.28432773241195
335,7,79.26760205903041
335,8,241.36752928888174
336,10,241.36732674556
336,12,5.998313063543924
336,14,170.53666069982737
336,17,6.013319811094973
336,18,92.91982998446744
336,21,205.90919928879197
336,22,92.91957135955325
336,23,7.106027223322505
336,24,210.34182898003533
336,27,241.36509587046228
336,29,1.004555593167571
336,2,205.91258418087114
336,6,130.63378039166906
336,7,154.35740158379954
336,8,241.36773697243723
337,10,241.3672942174007
337,12,92.92258890438222
337,14,241.3642511470654
337,17,6.013276147189534
337,18,92.92005044679199
337,21,205.90911630413075
337,22,92.91933257280421
337,23,6.009013816518584
337,24,210.34184670747763
337,27,241.3649465094269
337,29,15.702402302624261
337,2,205.91267639768174
337,6,205.90891515205976
337,7,130.6483147554532
337,8,241.36782206354977
338,10,92.92677805176189
338,12,241.3652871502637
338,14,241.36428037735354
338,17,6.0136274801908804
338,18,241.3654629622364
338,21,205.90924896792384
338,22,92.91948315671594
338,23,7.105855128399093
338,24,210.33066327930948
338,27,241.3650102756773
338,29,15.702460231693095
338,2,130.64901297650636
338,6,205.90876642014683
338,7,154.35742333267788
338,8,92.91353011652866
339,10,6.002963815417045
339,12,241.36527375997153
339,14,241.3645464720561
339,17,79.27977679889652
339,18,241.36540639687
339,21,205.90910909992212
339,22,241.36596136605505
339,23,6.001143814801039
339,24,78.23131148044794
339,27,241.36495763013912
339,29,15.702637496885558
339,2,67.14452912444646
339,6,130.6427611191414
339,7,130.64833940460667
339,8,92.91345773127547
340,10,6.0029474958567945
340,12,241.36523861472475
340,14,241.36447024601736
340,17,79.27978252158184
340,18,241.36535653179007
340,21,205.90919231482277
340,22,241.36597936763476
340,23,2.731691047823551
340,24,78.2718602132833
340,27,204.29352848601684
340,29,6.021129221460353
340,2,67.14381455078991
340,6,79.25932144473506
340,7,130.64874378644106
340,8,109.75801643514833
341,10,92.9358932870608
341,12,241.36553393244677
341,14,241.36443545957934
341,17,79.27925932978236
341,18,241.36546452425276
341,21,205.90906052194507
341,22,241.36576857246743
341,23,2.7319182058036517
341,24,95.69493405393243
341,27,241.36487370531896
341,29,1.0072298095859695
341,2,79.29628268308595
341,6,205.90872823930954
341,7,205.9091432059465
341,8,170.5517959772211
342,10,92.9361022137362
342,12,241.3652229262658
342,14,241.36441215404835
342,17,79.27967348831801
342,18,241.36558612282383
342,21,205.90919849985195
342,22,241.3659416625873
342,23,2.7315868603993048
342,24,95.69468503924581
342,27,241.36492332305
342,29,1.201466012337181
342,2,0.9993723558954803
342,6,205.9085605379822
342,7,205.90898806497893
342,8,109.75807772241791
343,10,1.0060213941951428
343,12,241.36549241432832
343,14,241.36456355929926
343,17,1.0060941671957986
343,18,241.3654693113936
343,21,205.90906048656694
343,22,241.36592114770022
343,23,2.7318219012750857
343,24,80.98871461037615
343,27,241.3648575752389
343,29,1.0072227277394274
343,2,0.9992831162976472
343,6,205.90874166313006
343,7,205.90888110412533
343,8,6.005195466866493
344,10,1.0060956719085485
344,12,1.0056470148025483
344,14,241.36439125788587
344,17,1.0061908423018338
344,18,241.36523536792313
344,21,205.9092476000902
344,22,241.36606573757538
344,23,2.731549598613597
344,24,95.69573613945262
344,27,241.3650720841709
344,29,1.0073334542475871
344,2,6.0221064255382695
344,6,205.90877906543508
344,7,205.90897324836286
344,8,6.005333421697156
345,10,1.0060610653222861
345,12,1.0058123374583934
345,14,241.36438127614417
345,17,1.006058043731131
345,18,241.3653289872709
345,21,205.90918710938521
345,22,170.52694331304275
345,23,6.006190350380906
345,24,80.98824635424764
345,27,241.36501126091724
345,29,6.0283811812513886
345,2,5.117533075008728
345,6,174.2819455717052
345,7,205.90894969742774
345,8,6.005181088337667
346,10,1.0061256309033277
346,12,1.0056543132708242
346,14,170.53695629592454
346,17,1.0061890706541368
346,18,241.3652730065258
346,21,205.90919986949845
346,22,170.52690354586895
346,23,6.00636097123962
346,24,210.34227047405994
346,27,92.92510530975984
346,29,1.0073284646804845
346,2,79.27547380865633
346,6,174.28180823909724
346,7,205.90896942237816
346,8,241.365529344995
347,10,111.32024633130018
347,12,1.0058144869497792
347,14,6.0130329097803035
347,17,93.66033253163894
347,18,241.3653476283895
347,21,205.90909149552857
347,22,241.37121702215978
347,23,6.006435619157965
347,24,210.3422553551289
347,27,109.78734350959016
347,29,6.021950857681012
347,2,205.91223079795148
347,6,205.90864811826498
347,7,205.90894691368942
347,8,241.3653559596857
348,10,241.37238533034207
348,12,92.92497492495242
348,14,6.013131411186972
348,17,79.2745846455801
348,18,241.3653626358504
348,21,205.9090964813185
348,22,81.54610811610878
348,23,1.007001022351095
348,24,210.34220809681062
348,27,92.92584435751343
348,29,6.021881464899372
348,2,205.9122443699054
348,6,205.90863318767464
348,7,205.909233034697
348,8,241.36548369577275
349,10,170.53710635754996
349,12,241.36817535639818
349,14,6.013105320492287
349,17,205.90964786805313
349,18,241.36539045673126
349,21,205.9090894217958
349,22,1.0067979883442257
349,23,1.006929767023931
349,24,210.34228389709
349,27,92.92552797580709
349,29,6.021983927583468
349,2,79.27416591584293
349,6,50.29862072198293
349,7,205.90900608299847
349,8,241.36546451127236
350,10,92.91223331076016
350,12,241.36819599726908
350,14,6.012833335984748
350,17,205.90961469254
350,18,241.3651690343918
350,21,130.6493943073222
350,22,1.0069009818526666
350,23,1.0070047585262145
350,24,210.3420201796308
350,27,92.92661408776367
350,29,6.021964486438949
350,2,79.27420288607112
350,6,1.0033515345345503
350,7,205.90908891791474
350,8,241.36557411655392
351,10,170.5371062532439
351,12,170.53757838244397
351,14,7.116535551699405
351,17,205.90957094570498
351,18,241.36518120496677
351,21,130.64938332164127
351,22,1.0067677548057583
351,23,1.0068501581677758
351,24,210.3420506937999
351,27,0.9993691581405173
351,29,6.02172108957701
351,2,93.65801480590659
351,6,1.003449669833297
351,7,205.9089598062798
351,8,241.3654419241525
352,10,144.34407720663953
352,12,1.00398621007057
352,14,6.013199648578594
352,17,205.90970919722514
352,18,241.36511258380594
352,21,130.6493771946449
352,22,1.0068879904354038
352,23,1.0069786447859022
352,24,210.34208589013778
352,27,0.9992377714191667
352,29,6.021567999758636
352,2,79.27508588302992
352,6,1.0033308298458756
352,7,205.90916197054588
352,8,241.36554995089287
353,10,241.3675206724475
353,12,1.004098053387679
353,14,6.013097502266972
353,17,205.9094824709095
353,18,241.36525949127468
353,21,154.35862594720948
353,22,1.0067765435786082
353,23,2.7357829267032603
353,24,210.3422161746684
353,27,6.013971892273072
353,29,6.021708977736983
353,2,1.0058968754197766
353,6,6.013739885462544
353,7,6.00589016089589
353,8,241.36549669284562
354,10,241.36753805136624
354,12,1.0039685341678162
354,14,6.01317282263785
354,17,205.90964784627533
354,18,241.3651903164522
354,21,67.13042682411361
354,22,6.013418535646252
354,23,2.735817489206208
354,24,178.0351907049859
354,27,92.9341370613976
354,29,5.1096968312987725
354,2,1.0059954090258492
354,6,130.6499946797466
354,7,6.0061412218551515
354,8,241.36556603744185
355,10,241.36742443921864
355,12,92.93394653132016
355,14,6.013228479293274
355,17,79.27167970190999
355,18,241.36537638898608
355,21,79.28645801698973
355,22,92.92585831690893
355,23,2.73611630419944
355,24,178.03549899912562
355,27,92.93412926090954
355,29,6.021331139954707
355,2,1.0058840680630938
355,6,130.64982975881557
355,7,6.0059227901734795
355,8,241.36538791863518
356,10,241.36756724333577
356,12,92.93405530981912
356,14,65.66574995227013
356,17,79.27163941421233
356,18,241.36541886833425
356,21,79.28642375766
356,22,241.36593419196979
356,23,130.64981770295785
356,24,210.3421903721328
356,27,78.68016915557126
356,29,15.696752967273255
356,2,1.0059897579578205
356,6,130.65013451168187
356,7,79.2754896129976
356,8,241.36559808293967
357,10,170.53690566495845
357,12,5.12314322272005
357,14,65.66588115041071
357,17,93.6556532429127
357,18,204.29315507725318
357,21,1.0053045166499643
357,22,241.36585782087423
357,23,130.650143757554
357,24,210.34204837204655
357,27,92.92505700469117
357,29,130.63529706066132
357,2,6.012575131384299
357,6,16.858639542401367
357,7,205.91066169506644
357,8,241.36561938352483
358,10,92.92405999588742
358,12,6.025464041798961
358,14,6.014703645236075
358,17,79.27153133735507
358,18,241.365245114768
358,21,1.005203606452918
358,22,241.3659887737906
358,23,110.58499829389376
358,24,210.3420078169463
358,27,109.78491543700117
358,29,130.63546907890165
358,2,130.6489541150524
358,6,16.847809689008503
358,7,205.91053766175236
358,8,241.36566116092968
359,10,92.92406972173578
359,12,1.0043973289452603
359,14,6.014130626107674
359,17,79.27144530854869
359,18,241.36525700992468
359,21,1.0052960273348148
359,22,241.36579638925775
359,23,205.91204552447616
359,24,135.635257174817
359,27,92.92386167208925
359,29,110.55709929106344
359,2,205.90923977175206
359,6,43.807234883490864
359,7,205.910647333167
359,8,241.3654765351872
360,10,92.92425364993423
360,12,1.0042788528373778
360,14,7.121365692060627
360,17,205.91236428651294
360,18,241.3652132158383
360,21,1.0051308688979468
360,22,241.36573851422355
360,23,205.91193240792848
360,24,80.97972813659266
360,27,109.78506870192348
360,29,205.91282245144333
360,2,205.9092435066141
360,6,5.9798952831566625
360,7,79.26060435326912
360,8,204.29398905891975
361,10,109.78552398806849
361,12,1.0043969652559257
361,14,6.0142295605555125
361,17,205.91215692394724
361,18,241.3653655294357
361,21,79.27512577463494
361,22,241.36566482069196
361,23,174.28972129422317
361,24,80.97980634104854
361,27,109.78485702171326
361,29,130.63550699598025
361,2,205.90906436083924
361,6,5.0731121677194855
361,7,174.28681221995774
361,8,241.36550091773125
362,10,92.92424403136934
362,12,6.013667642377743
362,14,6.014503065723706
362,17,130.6490478815967
362,18,241.36538490207357
362,21,205.9159443054272
362,22,241.3659165924865
362,23,205.9120257063156
362,24,5.997933132976716
362,27,92.9242321356472
362,29,5.115474105880025
362,2,205.90925341785476
362,6,5.999352564927366
362,7,205.9106173123062
362,8,241.3656457649385
363,10,92.92413876954133
363,12,6.013149751024586
363,14,6.014080737414093
363,17,5.998062811740661
363,18,241.3654510234123
363,21,130.65355930822753
363,22,6.013272665195333
363,23,205.91208302826232
363,24,210.34405250183198
363,27,92.92405508201571
363,29,6.022673052787448
363,2,205.90904940255538
363,6,1.0040510354658974
363,7,205.91062481356894
363,8,6.00605628653583
364,10,170.53767345732007
364,12,92.93413986173627
364,14,65.65638430386821
364,17,79.26877431346786
364,18,241.36525100254488
364,21,6.01287520134894
364,22,1.013216277905042
364,23,0.9980904211919084
364,24,210.34385113861725
364,27,92.92426447127622
364,29,6.022668099113646
364,2,205.90930077645484
364,6,1.0041402752475959
364,7,205.91069423183802
364,8,6.006112365823223
365,10,241.36655357701537
365,12,92.9345499135703
365,14,65.65726903602486
365,17,205.9085179743235
365,18,241.3654608088781
365,21,1.001275403695832
365,22,1.0133013575237175
365,23,0.9979559876203172
365,24,210.34398592203817
365,27,241.36592679528778
365,29,6.022530158271894
365,2,174.28296586876186
365,6,1.004027508971026
365,7,130.6483206322547
365,8,6.005943974466923
366,10,241.36659730824857
366,12,0.9958783831464926
366,14,65.65671669622395
366,17,205.90862594525154
366,18,241.36547890667256
366,21,1.0011520958104514
366,22,1.2128012664048926
366,23,79.27620487705468
366,24,135.6342967403335
366,27,204.2956695278278
366,29,6.022567066568034
366,2,174.28319443976497
366,6,6.007006549544358
366,7,79.27524999676831
366,8,92.92694082295431
367,10,241.36657640294825
367,12,6.009089778500994
367,14,170.53621707088286
367,17,205.9085620857742
367,18,92.91693068534464
367,21,79.28377250857962
367,22,1.2129116847205514
367,23,130.64920542925523
367,24,80.982994778875
367,27,241.3657751307829
367,29,6.022486461776949
367,2,205.90923903924562
367,6,5.090161239796514
367,7,67.13015243102664
367,8,241.36696758176927
368,10,241.3665778978855
368,12,6.008961338673395
368,14,170.5362731302391
368,17,174.2827535760143
368,18,92.91653783488636
368,21,67.1251509636193
368,22,1.0132172910079689
368,23,130.64936615115306
368,24,80.9828144244695
368,27,241.36578521798657
368,29,6.022579551475459
368,2,205.90919889541033
368,6,6.007071278734934
368,7,79.2859508879855
368,8,241.36690486246692
369,10,241.36657933512438
369,12,143.6737410980169
369,14,170.53638687258353
369,17,205.9086666534288
369,18,241.3692176975415
369,21,79.27585352176511
369,22,1.0133207829893962
369,23,130.64944032497982
369,24,80.98310504597268
369,27,241.36565149695778
369,29,0.996717481303488
369,2,205.90922498046928
369,6,5.090490984313778
369,7,79.28570661716243
369,8,241.36679555136308
370,10,241.36660522355416
370,12,241.36927135590238
370,14,170.53622019024692
370,17,205.90875615123937
370,18,241.36928601362658
370,21,205.9092868231733
370,22,241.37196504401348
370,23,130.6491833959521
370,24,95.6798483952749
370,27,241.3658448662628
370,29,6.022415402965657
370,2,79.26433322998355
370,6,5.090495784387182
370,7,5.998856391853562
370,8,241.36708148341714
371,10,241.36644040615215
371,12,143.67372429798803
371,14,170.5362231258956
371,17,205.90844932985894
371,18,6.00275384175289
371,21,205.90917932346693
371,22,92.92099148387932
371,23,110.5825042172832
371,24,80.98281969360978
371,27,241.36580321329447
371,29,15.712221450614617
371,2,79.26402044331351
371,6,6.007035190904762
371,7,67.13056163549777
371,8,92.9208934736342
372,10,92.9215510215189
372,12,6.001992678800613
372,14,65.6526191822581
372,17,205.90844180752356
372,18,6.002670013625842
372,21,205.90898930991335
372,22,92.92086817114995
372,23,110.5819128659364
372,24,80.98194271318837
372,27,92.9156839312168
372,29,6.022623501410275
372,2,205.91094586519048
372,6,6.007073764832004
372,7,79.28564690099928
372,8,92.92074268928513
373,10,92.92118970689937
373,12,6.002040167846879
373,14,65.65257098393732
373,17,205.90839365803294
373,18,92.92649438703647
373,21,205.909046195619
373,22,92.92088487098131
373,23,205.90968376410225
373,24,80.9823800020403
373,27,92.91551773242657
373,29,0.9962934402836234
373,2,205.91083684685358
373,6,1.001313381771391
373,7,6.014705284176477
373,8,92.9207763004454
374,10,92.9215993255762
374,12,170.53745693450702
374,14,65.65278372263465
374,17,205.9085074064035
374,18,241.36564212011191
374,21,205.90900316887684
374,22,170.5370833148658
374,23,205.90951248504166
374,24,80.98253146260929
374,27,123.31815798546148
374,29,5.115198230300194
374,2,205.91105382110018
374,6,1.001206556694437
374,7,6.014711399498899
374,8,92.92092942652317
375,10,92.92152893429108
375,12,241.36543627679887
375,14,65.65300315644615
375,17,205.90838694326897
375,18,241.3658065123469
375,21,205.90907890271612
375,22,241.36514635554877
375,23,205.9095300826962
375,24,6.004007505134229
375,27,241.3648261681862
375,29,6.021419594367836
375,2,6.002944345016416
375,6,1.001308211674277
375,7,6.015012909747399
375,8,241.36754189218925
376,10,170.53765247686644
376,12,241.36527853485435
376,14,65.65284638537393
376,17,205.9085049683725
376,18,241.3656861522652
376,21,205.90905484991245
376,22,241.36504927239363
376,23,205.90962500654865
376,24,6.003614082961841
376,27,241.3649120278831
376,29,6.021312941177519
376,2,6.003007120634609
376,6,6.001378243956126
376,7,6.014854177523693
376,8,241.36746040215837
377,10,241.37244140498146
377,12,241.36529875392748
377,14,170.53665132912585
377,17,205.90840742379882
377,18,241.36578819937586
377,21,205.9091143134375
377,22,241.36527248436875
377,23,205.90964366444058
377,24,95.67864134146045
377,27,241.36464119030188
377,29,6.021480562292908
377,2,205.91070988048565
377,6,13.222574408904158
377,7,7.120607434559534
377,8,241.36747966887404
378,10,150.3414730602586
378,12,241.36511351564948
378,14,170.53663575890795
378,17,205.90850202816435
378,18,241.36572038525128
378,21,205.90903242916758
378,22,241.36501335091182
378,23,205.90960292585797
378,24,80.98242990668575
378,27,241.36479001005895
378,29,6.02114296561695
378,2,205.91069287124816
378,6,11.196183391345166
378,7,6.015033785466498
378,8,241.3674868831625
379,10,150.3412349484202
379,12,241.36520711004616
379,14,170.53671318648367
379,17,205.90851399079477
379,18,241.36576853463419
379,21,205.90906255803225
379,22,241.36504664326569
379,23,205.90959623396685
379,24,80.98222594220887
379,27,241.36469450577502
379,29,15.6978915746583
379,2,205.91072836305503
379,6,130.64525505260497
379,7,0.9957949322013926
379,8,92.92677265608964
380,10,241.36627315288288
380,12,241.3653151451289
380,14,170.53653887135968
380,17,205.90864819594853
380,18,241.36570953234292
380,21,205.90903752398694
380,22,241.36501657867444
380,23,205.90958434260608
380,24,80.98225128297501
380,27,241.36477519721151
380,29,205.91296267308476
380,2,205.91070213142194
380,6,130.645464974084
380,7,79.28909270907903
380,8,6.0064496800702205
381,10,241.366109284002
381,12,92.91901074054309
381,14,144.34926957208268
381,17,205.90859370588598
381,18,241.36571211939045
381,21,205.9092829691698
381,22,241.36506528362233
381,23,205.90964997209693
381,24,80.98243494573816
381,27,241.36474888758983
381,29,15.69789557959081
381,2,79.27489231166096
381,6,5.090342949205312
381,7,6.0129474679094566
381,8,6.006207345919484
382,10,241.36609934698566
382,12,92.91926105756413
382,14,65.64262555889542
382,17,205.90872424837477
382,18,241.3657233601049
382,21,205.90926691685922
382,22,241.364961685958
382,23,205.90957819748644
382,24,80.98260386445278
382,27,241.3648156737102
382,29,6.021042991065101
382,2,79.27545640691348
382,6,1.0079321295790002
382,7,6.013371749004496
382,8,6.006577083663117
383,10,241.36622509981459
383,12,92.91894254370955
383,14,170.53678557225234
383,17,205.90856438862306
383,18,241.3659060821483
383,21,174.28168246033442
383,22,241.3650880879348
383,23,205.90962603370562
383,24,80.98252875306267
383,27,241.36461285913518
383,29,6.021424653040416
383,2,54.49217960364809
383,6,1.2012922728101207
383,7,0.9958518673300745
383,8,92.92711091188197
384,10,241.36627453412603
384,12,241.3661666070744
384,14,170.53668137886842
384,17,6.007341412683817
384,18,241.36592870782684
384,21,205.9092807794961
384,22,241.36500171287548
384,23,205.90951939638103
384,24,95.6784802496479
384,27,241.36474989794897
384,29,5.151920277354672
384,2,54.49251052903252
384,6,1.0079293549179527
384,7,0.9962306077542591
384,8,92.92686404857845
385,10,241.36616226680036
385,12,204.2975659387958
385,14,170.53667744449842
385,17,6.007396215457565
385,18,92.9297372143083
385,21,174.2818849482347
385,22,241.365054070329
385,23,205.90961453446818
385,24,95.67880992411756
385,27,241.3647254238199
385,29,6.020947943514456
385,2,79.28379223902344
385,6,1.0078006541288964
385,7,6.019458065580401
385,8,92.92736886709848
386,10,241.366067908502
386,12,241.3661536194526
386,14,170.53675143789704
386,17,6.007268853351272
386,18,5.997924474468399
386,21,205.90929171143495
386,22,241.3649468368775
386,23,205.90947874992705
386,24,80.98273276086199
386,27,241.3648290591581
386,29,6.020819733537164
386,2,79.28403478618885
386,6,7.095904537371916
386,7,205.91548794554916
386,8,92.92687336726597
387,10,241.3659391594822
387,12,241.36609693819628
387,14,170.53677109767608
387,17,205.90890650181765
387,18,109.79746495162756
387,21,205.90918964773616
387,22,241.3651698733094
387,23,205.90952312156205
387,24,80.982623865715
387,27,241.36460897225257
387,29,6.020753741910123
387,2,6.010017392007267
387,6,6.0032916036129205
387,7,6.01965299514543
387,8,92.9269394185766
388,10,241.3660688307149
388,12,241.3659041072559
388,14,6.010558155122748
388,17,205.90901289065505
388,18,92.92967464365512
388,21,205.9089426718519
388,22,92.91070604898815
388,23,205.909502966432
388,24,95.6784456689598
388,27,241.36471759960793
388,29,6.02075450157629
388,2,6.010114400961405
388,6,7.095956731127821
388,7,1.0024039486221739
388,8,92.9264002325334
389,10,241.36603337562593
389,12,241.3660511444081
389,14,0.9958348235269616
389,17,174.28263407026563
389,18,0.9962962416438117
389,21,205.90899311583826
389,22,170.52880241443583
389,23,205.90968252274047
389,24,80.982680624678
389,27,241.36460576417335
389,29,6.050954318957026
389,2,6.009963596613806
389,6,6.003173894147033
389,7,1.0022815177000224
389,8,170.5417720929768
390,10,170.53102645211507
390,12,170.53608545691287
390,14,6.01205927258174
390,17,205.90902636404758
390,18,170.53715293947474
390,21,205.9089382685772
390,22,241.36550032168483
390,23,205.90953010310446
390,24,80.98276793134336
390,27,241.36472583557943
390,29,6.051271081828938
390,2,6.009895298953335
390,6,6.003393725134144
390,7,1.0023869844655353
390,8,170.54152851580304
391,10,170.53109504716392
391,12,170.53614451661628
391,14,6.0119882925930455
391,17,205.9088904039885
391,18,241.36781866748194
391,21,205.9091031362919
391,22,241.36578266311935
391,23,174.28290527085318
391,24,80.98237803105644
391,27,241.36461634349826
391,29,1.007889479603774
391,2,6.010109789341626
391,6,13.224184720764889
391,7,79.27497888716829
391,8,170.5416934437673
392,10,170.53089966514867
392,12,201.4822557349003
392,14,6.011974002665138
392,17,205.90888983812548
392,18,241.36778777680937
392,21,205.908982949245
392,22,241.36567158850738
392,23,174.282265475264
392,24,210.34547948086262
392,27,241.3647129458441
392,29,1.0077323697511993
392,2,6.010156491566224
392,6,13.224034477744873
392,7,205.91048634849
392,8,170.54174910247548
393,10,241.36647136995208
393,12,92.92577821806135
393,14,1.0116876732857927
393,17,205.9089518083577
393,18,241.36764911513296
393,21,205.90907644370205
393,22,241.3656196386596
393,23,205.90970074041732
393,24,210.345609486838
393,27,92.92613130976827
393,29,1.0078932991693232
393,2,154.36048652622114
393,6,13.223903538926756
393,7,205.91053586855367
393,8,92.92542553931887
394,10,241.36643550022626
394,12,1.0002273110825524
394,14,1.0118136348341977
394,17,205.90900042706525
394,18,92.92579131856604
394,21,205.90908644627848
394,22,241.36551743422672
394,23,79.28880281242795
394,24,135.63453587384964
394,27,92.92619347138336
394,29,1.0077478836086637
394,2,154.3606496267228
394,6,13.224285542303214
394,7,205.9103138141082
394,8,92.9253039488997
395,10,241.36635786535535
395,12,1.0003888265277876
395,14,1.0116742538344345
395,17,205.9089638605908
395,18,6.013564407630691
395,21,205.90916487213877
395,22,241.36573101593802
395,23,93.69677693867627
395,24,135.6352367445003
395,27,92.92576769164114
395,29,1.007888495083983
395,2,130.64976107706647
395,6,6.001355031664402
395,7,205.91061457934808
395,8,92.92529311262314
396,10,241.3664249304486
396,12,92.9251276451612
396,14,1.2109252514056879
396,17,205.90895299621292
396,18,6.013255101101761
396,21,205.90906107400144
396,22,241.36555043800917
396,23,0.9959573140733031
396,24,80.98186550071013
396,27,6.013592712385772
396,29,1.0077039283810318
396,2,130.64975790904606
396,6,7.090888025135774
396,7,79.27613651357608
396,8,109.78595883168231
397,10,241.36639297781048
397,12,241.3649100231974
397,14,1.210150876109827
397,17,79.27502623101051
397,18,6.013087862814532
397,21,205.9090807256235
397,22,241.36560874002186
397,23,6.007623694957364
397,24,12.736882302578142
397,27,1.008174230680586
397,29,16.20098469821442
397,2,130.64961630892103
397,6,1.020209142702547
397,7,93.66434872033074
397,8,1.0008745992828354
398,10,241.36652682424418
398,12,241.36478199698826
398,14,1.0117308404207277
398,17,79.2753512889792
398,18,1.0020663696114323
398,21,205.90900206881594
398,22,170.5265504729453
398,23,79.27550325261016
398,24,80.98209931242593
398,27,1.0082753396376134
398,29,16.200328898458817
398,2,205.90872226080734
398,6,1.0201059146173668
398,7,1.0066908738054847
398,8,1.00088680648377
399,10,241.3664430397028
399,12,241.36494604384131
399,14,1.0118064650773073
399,17,6.005596170172609
399,18,1.0019973609735127
399,21,205.90919444947602
399,22,170.52666298283188
399,23,93.66439443625143
399,24,80.98208858830668
399,27,1.0081546266851449
399,29,130.64530982189328
399,2,205.90873821134585
399,6,1.020210323323976
399,7,1.0066129321278696
399,8,1.0007562195448587
400,10,92.9266747350935
400,12,241.36485681029924
400,14,1.0108308003465964
400,17,6.005562709451982
400,18,6.013580921041287
400,21,79.27365021847098
400,22,241.36597872071485
400,23,79.27648830414205
400,24,210.345261315033
400,27,1.0082723289764202
400,29,130.64516973164447
400,2,174.2821007303473
400,6,1.0200946951232241
400,7,1.0067120335944342
400,8,170.54629292002008
401,10,92.92618470250788
401,12,241.36482632207753
401,14,7.148460024524939
401,17,6.005513114072312
401,18,6.01257048858358
401,21,79.27382364786844
401,22,241.36606878161393
401,23,79.27677554993393
401,24,210.34514914259114
401,27,1.008145849111842
401,29,6.238631425884387
401,2,205.9087311526252
401,6,1.0202094158883082
401,7,1.0065900811721313
401,8,170.54627397279745
402,10,92.92664655935897
402,12,241.36464309355023
402,14,6.023313411790602
402,17,79.2748293808374
402,18,92.92648798035684
402,21,79.27333029877282
402,22,241.36593841152052
402,23,205.9094881648123
402,24,80.9742577084395
402,27,1.008268538697405
402,29,6.0053147123623445
402,2,205.90873474613375
402,6,1.162417188127428
402,7,1.0067031586703337
402,8,92.92569107597643
403,10,92.92617980931632
403,12,241.3647934738554
403,14,7.148682762337658
403,17,205.90977544191003
403,18,241.36768977083452
403,21,79.27368642864975
403,22,241.36599524692593
403,23,205.90948926768007
403,24,80.9746769330104
403,27,1.0081425271669033
403,29,6.0057331130098985
403,2,205.90860992032
403,6,1.0202105853706112
403,7,169.2568636062379
403,8,92.9256014908095
404,10,92.92669683788218
404,12,241.36483310079714
404,14,7.147827433898905
404,17,205.90980432710055
404,18,241.36773004136256
404,21,1.7300922367981313
404,22,241.3660575974912
404,23,205.90947827346838
404,24,80.97434893587172
404,27,92.92661840929983
404,29,6.005271482063543
404,2,205.9087785999907
404,6,1.0200445082649274
404,7,205.91018164547236
404,8,92.92575118727848
405,10,6.006108163078216
405,12,241.36488690312922
405,14,6.01034484959849
405,17,205.90965185282627
405,18,241.36798215898884
405,21,79.27372606903324
405,22,241.3661254970759
405,23,205.9095319492892
405,24,210.3427738389179
405,27,241.3657936999629
405,29,88.29893253618671
405,2,205.90871081500273
405,6,1.202153075119333
405,7,205.91004502907546
405,8,109.78793589751417
406,10,6.0061123463038015
406,12,241.3647295052739
406,14,0.9958155383545453
406,17,205.90972501994557
406,18,92.92674487323116
406,21,205.90979235647083
406,22,92.92610533137744
406,23,205.90951218852155
406,24,210.3425911144679
406,27,241.36570306483813
406,29,205.90804564309755
406,2,205.90880416396823
406,6,1.0606708341844842
406,7,205.91027545814168
406,8,6.0130966723584045
407,10,6.006167208055697
407,12,92.92059326915619
407,14,6.009043456371772
407,17,205.90987399869223
407,18,6.010077676621451
407,21,205.90982957070187
407,22,6.003417530005546
407,23,205.90946407084667
407,24,210.3426486292984
407,27,241.36557346711135
407,29,205.90341344618517
407,2,205.90878277606538
407,6,3.0549689356851477
407,7,205.91038803147705
407,8,1.0030735165305513
408,10,92.93977658636231
408,12,92.92085761258235
408,14,6.00901244101533
408,17,6.01681505899631
408,18,6.010265231678856
408,21,205.909731990322
408,22,6.003420597639116
408,23,205.90936078648252
408,24,210.34254293248267
408,27,241.36563112210646
408,29,205.90321754697302
408,2,205.9088491079294
408,6,1.1812852415465107
408,7,79.26065453243318
408,8,1.0032050319792125
409,10,0.9957921913655916
409,12,92.9206493073919
409,14,6.009152555763868
409,17,6.016632829295184
409,18,6.010049770822516
409,21,205.90967785473129
409,22,241.36842365821104
409,23,205.90946449187294
409,24,210.34269106680776
409,27,241.36559106787988
409,29,205.90355445470675
409,2,205.90867109785327
409,6,1.406174473127825
409,7,205.91029504727715
409,8,1.0031076269072363
410,10,0.9962742208160957
410,12,92.92068163665968
410,14,5.090814582812081
410,17,7.125153738511408
410,18,6.010075035745922
410,21,205.90960002366296
410,22,241.3683890541438
410,23,205.90935247774584
410,24,210.3426177095581
410,27,241.36578785216813
410,29,16.20049810113081
410,2,205.90882733894017
410,6,1.4056875657089734
410,7,205.91030166742394
410,8,6.051300172756031
411,10,5.122211827596642
411,12,170.53780078035507
411,14,5.09122173186367
411,17,7.124971772827861
411,18,6.010122906562582
411,21,174.28341397930356
411,22,144.3414883664889
411,23,205.90946435877044
411,24,135.63541909914696
411,27,170.53293281368784
411,29,6.238650407323076
411,2,79.25951641601978
411,6,0.9973480981712175
411,7,205.9101352987241
411,8,92.92645209298314
412,10,6.025429357480604
412,12,241.36715415848403
412,14,5.090830568870676
412,17,6.0170203066885275
412,18,6.01010407493989
412,21,174.28312058306514
412,22,144.34075313284606
412,23,205.90944518130743
412,24,80.97263367087879
412,27,170.53315558184877
412,29,6.010586437378242
412,2,174.28200986615016
412,6,0.9973775489265888
412,7,205.91023515155064
412,8,201.4898355603525
413,10,5.122476614837253
413,12,241.36738360468118
413,14,6.010190347903806
413,17,6.016732897258241
413,18,92.92636370358437
413,21,205.90980961431563
413,22,170.53627419071358
413,23,205.909484831999
413,24,80.97285163316081
413,27,241.37129122742684
413,29,6.238584383915882
413,2,205.90863311685936
413,6,0.9972338433160752
413,7,205.91018295044563
413,8,201.49043276554764
414,10,6.012746320409245
414,12,204.29983932055293
414,14,15.648378638940759
414,17,130.66215836929274
414,18,92.92649978306754
414,21,205.90967517822548
414,22,1.0088428215492504
414,23,205.90941763778196
414,24,210.34197202108152
414,27,170.53725308951755
414,29,6.01057614380673
414,2,205.90867321067216
414,6,1.1691135765559544
414,7,79.27543510627147
414,8,170.53883553868476
415,10,241.3661691219266
415,12,241.36735481274135
415,14,15.648437613315885
415,17,79.27410117033611
415,18,241.36695191374363
415,21,205.90963829701536
415,22,1.0089013569796084
415,23,205.90948797276718
415,24,210.3419474190624
415,27,1.003733015923192
415,29,6.238454959681884
415,2,205.90858253244545
415,6,3.055581310045132
415,7,93.66212516479348
415,8,170.53897914397112
416,10,241.3660514516785
416,12,6.010064953727537
416,14,6.015677853260467
416,17,79.27432560268561
416,18,241.36711416341606
416,21,205.90946195462558
416,22,1.2036574570094496
416,23,205.90943843113664
416,24,210.3418194576812
416,27,1.0036043768482275
416,29,6.238423173560744
416,2,205.9088335524097
416,6,1.1688822313739688
416,7,1.006089537729764
416,8,170.53870727872092
417,10,204.29403930872292
417,12,6.010440821771286
417,14,0.9958136453093411
417,17,79.27408229024877
417,18,241.36694629499468
417,21,205.90970082506385
417,22,1.0088867112919981
417,23,205.90944229699736
417,24,210.34188008459452
417,27,1.003744612579438
417,29,6.010936347339884
417,2,205.90902522038846
417,6,1.168983629940331
417,7,1.0059598757359964
417,8,170.5390235742105
418,10,204.2939447903985
418,12,6.010197789301444
418,14,6.015790278905339
418,17,5.998440943509533
418,18,241.36702128850337
418,21,6.0025867160030675
418,22,1.0087296656054523
418,23,205.90935543394542
418,24,210.34173811964908
418,27,6.0180863415852155
418,29,0.9958176076215821
418,2,205.90896243943865
418,6,1.0089424914242127
418,7,1.0060747002218866
418,8,170.53854165927973
419,10,241.36616464577557
419,12,6.0101217081026705
419,14,7.129527392729524
419,17,79.27434307389629
419,18,92.92455388251912
419,21,6.0027272223405355
419,22,6.01377073927745
419,23,205.90937830188403
419,24,210.34188173352234
419,27,6.01807635438149
419,29,6.011016206848565
419,2,205.90890863019817
419,6,1.0089869932038233
419,7,1.0059377289675808
419,8,241.3678807383136
420,10,241.365984360711
420,12,6.010264443178284
420,14,6.015614617880145
420,17,205.9103020237329
420,18,5.99900471748324
420,21,79.27501612652684
420,22,92.9259734349121
420,23,205.90936428586983
420,24,210.34173366555697
420,27,6.017986777311256
420,29,6.238733554188759
420,2,205.90881674418617
420,6,1.0088761918021145
420,7,79.27545745642422
420,8,241.36776411632735
421,10,241.36601643086757
421,12,6.010272609295245
421,14,6.0158155993698506
421,17,205.9100600832841
421,18,92.92479782453732
421,21,205.91029252190953
421,22,170.5400580721345
421,23,205.90943732069903
421,24,210.3418857758033
421,27,6.018174414048222
421,29,6.238720477377506
421,2,205.90864335401594
421,6,1.1614927099410366
421,7,205.90891190503731
421,8,241.3679294267339
422,10,241.36592789711497
422,12,6.009996938213566
422,14,7.129663910013268
422,17,205.9101441023172
422,18,241.36536819523346
422,21,205.91008538571882
422,22,241.37184610015763
422,23,205.90938631707832
422,24,210.34187619371505
422,27,1.0003236835998637
422,29,6.238395805467504
422,2,205.90882488276046
422,6,1.1614170127155825
422,7,205.90902749685813
422,8,6.005249895477952
423,10,241.36604586535816
423,12,241.365269051853
423,14,6.009939732269303
423,17,205.9101718370707
423,18,241.3651402615079
423,21,205.91018396555077
423,22,170.54004384161976
423,23,205.90949009589025
423,24,210.3420389982196
423,27,1.0004434034635485
423,29,6.238580749699335
423,2,205.9088534678683
423,6,1.16126321308686
423,7,205.9089453487255
423,8,6.005580040236565
424,10,241.3660477470709
424,12,241.36535993008266
424,14,6.01016300234364
424,17,130.64553772214728
424,18,241.36516562766997
424,21,205.91028649859035
424,22,14.998067286121888
424,23,205.9096611540112
424,24,210.34195223542406
424,27,92.92600670730727
424,29,6.237794814157908
424,2,174.28236413822353
424,6,1.022485448514959
424,7,205.90912377459762
424,8,6.005527702364151
425,10,241.36618960383822
425,12,241.36515358646935
425,14,1.000775058444919
425,17,79.26037071351807
425,18,241.3652592663703
425,21,205.91038561348807
425,22,92.91821278520986
425,23,205.9094830421703
425,24,210.34200117994502
425,27,109.78865439206743
425,29,16.190094965659917
425,2,205.90876617413733
425,6,1.022557761814551
425,7,205.90900462720506
425,8,241.3660067432342
426,10,241.3660203235545
426,12,241.3652615838792
426,14,1.000887923492976
426,17,130.64556744895503
426,18,241.3655137792943
426,21,205.91020203600968
426,22,241.3677974854528
426,23,205.90938220548026
426,24,210.34183591874051
426,27,92.92554470919461
426,29,16.190069185851254
426,2,205.90879574205704
426,6,1.022425362133239
426,7,205.90908654174072
426,8,241.36589936539983
427,10,241.36612282472404
427,12,241.36515440853137
427,14,6.0140783501094255
427,17,205.9086660701712
427,18,241.3652948123781
427,21,79.27279867718148
427,22,241.3678899629427
427,23,205.90947669193014
427,24,210.34191670268615
427,27,92.9250644246867
427,29,13.675275478777248
427,2,205.90866014151868
427,6,1.0225356288901475
427,7,205.90892281089123
427,8,241.3657624556933
428,10,241.3660516638537
428,12,241.3654149202543
428,14,6.013868202132548
428,17,205.9086259120843
428,18,241.3652871721686
428,21,79.27308605979981
428,22,241.36800499947861
428,23,205.9094023092409
428,24,135.6249375766282
428,27,241.3657978620131
428,29,16.178040806520297
428,2,205.90870691739298
428,6,1.0225429578544594
428,7,205.90892441244475
428,8,241.36584443341934
429,10,5.994693808867892
429,12,6.018839981749395
429,14,0.9959649513407802
429,17,205.9084556373341
429,18,241.3651589033335
429,21,79.2728590844904
429,22,92.92712356675007
429,23,205.90955062315243
429,24,135.62528702493933
429,27,241.36577709765442
429,29,16.177973802408033
429,2,205.90867282863962
429,6,1.1715388877246742
429,7,205.90898632314713
429,8,241.36569997221622
430,10,5.994942858434448
430,12,6.018915490649722
430,14,5.113968500622054
430,17,205.90853750100484
430,18,241.3652850125311
430,21,79.27268848658083
430,22,92.92738463148854
430,23,205.9095387330609
430,24,210.342800112846
430,27,241.36559924069903
430,29,16.177674473289475
430,2,205.90877201553366
430,6,3.040982608371878
430,7,205.90915731940655
430,8,241.36587776325678
431,10,5.994807802655262
431,12,7.129223405649747
431,14,7.0970715839594325
431,17,205.90850558953798
431,18,204.29155714997992
431,21,79.27297385963693
431,22,5.998729601383031
431,23,205.9095910317261
431,24,210.34280191530527
431,27,241.36573275655812
431,29,13.675374009114696
431,2,205.90889619379556
431,6,130.64560340305127
431,7,205.90901283889647
431,8,241.36604882396182
432,10,15.54952662293408
432,12,1.0032643938971733
432,14,6.009582520180832
432,17,205.9085895883974
432,18,241.36541811992976
432,21,79.2728557428877
432,22,92.9269708153944
432,23,205.909411643091
432,24,210.34262354835306
432,27,241.36576045729612
432,29,16.190223741984457
432,2,174.28233920255914
432,6,130.64581741653257
432,7,174.28368109062887
432,8,241.3659606079441
433,10,0.9999086359182483
433,12,1.0031201130624607
433,14,6.009740703597236
433,17,205.9085404375468
433,18,241.36518375484675
433,21,79.27281227637438
433,22,109.7925428518809
433,23,205.90941275228803
433,24,210.342739628151
433,27,241.3658391166051
433,29,16.190117161449844
433,2,205.9087435729149
433,6,3.0406924267154514
433,7,205.9090750602166
433,8,92.92247759651958
434,10,0.9997737998970351
434,12,1.0032547762212385
434,14,6.009453027848577
434,17,174.28208435041915
434,18,241.3652432398223
434,21,79.27250777001623
434,22,5.998451573896662
434,23,205.9095777918796
434,24,210.34266389308164
434,27,170.5376938750733
434,29,1.0059342026987723
434,2,205.90871276579222
434,6,3.0411250848374527
434,7,205.90904144142164
434,8,92.92230932815528
435,10,6.000414079518338
435,12,92.92578381735407
435,14,6.009221276569364
435,17,174.281668391617
435,18,241.36514795512986
435,21,159.54840468174146
435,22,92.9274265776364
435,23,174.28252218338645
435,24,210.3428772802709
435,27,92.92221998373765
435,29,1.006004377769715
435,2,205.9086955242477
435,6,1.1712514547655903
435,7,205.90912470663739
435,8,92.9223154529559
436,10,6.000531979690073
436,12,241.36804379034314
436,14,6.009437664528117
436,17,174.28215346273186
436,18,241.3652987767756
436,21,205.9099236039764
436,22,241.36492113686646
436,23,205.9095443626453
436,24,80.96702688656981
436,27,92.92209131444088
436,29,1.0058625941079278
436,2,79.26474289830604
436,6,1.1717554812765503
436,7,205.9090980861291
436,8,92.92258656871796
437,10,6.000680786314411
437,12,241.36809090290149
437,14,241.3661024886338
437,17,205.90878372298548
437,18,241.36528770362776
437,21,205.9099150880944
437,22,241.36478234082114
437,23,130.64914670370842
437,24,135.638733014673
437,27,92.92215274392433
437,29,1.006002124257436
437,2,79.2647701493292
437,6,0.9750801358891561
437,7,1.0065375106520893
437,8,92.92223322309701
438,10,1.0064278094300958
438,12,92.9101328900943
438,14,241.36616447779903
438,17,205.90863603851702
438,18,204.29277600050122
438,21,130.63454212779868
438,22,241.36492277804837
438,23,79.2720936228371
438,24,135.6387870819234
438,27,92.92229496641866
438,29,6.0234611142727985
438,2,130.65711665744976
438,6,0.9751247925277164
438,7,1.006637633715398
438,8,201.49058568018816
439,10,1.0065491227183987
439,12,170.53559389152986
439,14,241.36619876370284
439,17,205.90850993342437
439,18,241.36538230326835
439,21,205.9098832987388
439,22,241.36477014472533
439,23,79.27209952321235
439,24,80.97179670740327
439,27,92.92216786261609
439,29,6.023589249920743
439,2,130.65689500782483
439,6,1.1891447765364855
439,7,1.0065589794026595
439,8,170.53896988975285
440,10,6.004999042972002
440,12,241.37086109036585
440,14,241.36617245890596
440,17,205.90868937338064
440,18,241.36541213238857
440,21,205.90970381511698
440,22,241.36491996361863
440,23,93.65558047252179
440,24,80.9714523880469
440,27,241.36527319369023
440,29,5.120172126500721
440,2,79.27523879777891
440,6,1.1891425858094333
440,7,1.0066334207051106
440,8,170.53905043701764
441,10,1.0065024264571578
441,12,170.53562119714388
441,14,241.36615889743774
441,17,205.90868928473222
441,18,204.292601338188
441,21,205.9098279040942
441,22,241.36488157753718
441,23,79.27209155302224
441,24,210.3440564395492
441,27,241.36521717302992
441,29,5.120292292229023
441,2,6.013051451053605
441,6,1.1891375033421214
441,7,1.0065200622289234
441,8,241.36637527777225
442,10,1.0065490461492619
442,12,201.480823708313
442,14,241.36612974045997
442,17,205.90874248870463
442,18,204.29262403225172
442,21,205.9098169092689
442,22,241.3649029157843
442,23,79.27161520413483
442,24,210.3439292828838
442,27,241.36499062611227
442,29,6.238732812652461
442,2,6.0132372403598415
442,6,1.189024319162212
442,7,6.013648926176997
442,8,241.36620669015505
443,10,1.006435139350982
443,12,6.018634066212599
443,14,241.36602826293353
443,17,35.3998474306577
443,18,241.36519629568858
443,21,205.90990538109156
443,22,241.364855917427
443,23,205.9124237428356
443,24,210.34409374746636
443,27,241.36518537466887
443,29,6.239176040459329
443,2,6.013806438362602
443,6,1.0035396289211755
443,7,6.012835701662721
443,8,241.3662342387039
444,10,1.0065463666235477
444,12,7.13077921679961
444,14,241.3661974046023
444,17,5.998438898258795
444,18,241.3653138319363
444,21,205.9097801455891
444,22,241.36514094754196
444,23,205.91228904169836
444,24,6.008865182382653
444,27,241.36514210607646
444,29,16.205380134780167
444,2,0.9993570180514757
444,6,1.003630836047197
444,7,7.145522132585149
444,8,241.36627635358346
445,10,1.0064228615951034
445,12,6.018446478661771
445,14,241.3660922212897
445,17,79.28296458301293
445,18,204.29229593153985
445,21,174.28363085675852
445,22,241.36499384012012
445,23,205.91242811171898
445,24,0.9963088906511208
445,27,241.36527558372774
445,29,16.20521082177304
445,2,0.9991865720774564
445,6,1.003480308409121
445,7,6.0252815042167605
445,8,241.36629761383128
446,10,5.997619605321377
446,12,0.9959671212017547
446,14,241.3661194373241
446,17,79.28321565492202
446,18,241.36538672102841
446,21,205.9099347161436
446,22,241.36515536522805
446,23,130.64289810419962
446,24,80.98200315958573
446,27,241.36514733619222
446,29,16.2050524775807
446,2,7.142211190319102
446,6,1.1793370795323561
446,7,6.025413700745727
446,8,241.36619841234923
447,10,5.997647844742491
447,12,0.9962821393370556
447,14,241.3661958635749
447,17,79.28319700308873
447,18,241.36530601068583
447,21,205.90993796387895
447,22,241.36495936864836
447,23,5.9981241590568395
447,24,210.34347465027133
447,27,241.36515665003463
447,29,16.20547853640216
447,2,6.023611097649255
447,6,1.0035229473569522
447,7,79.2789248632869
447,8,92.92654438103526
448,10,5.99748821192452
448,12,6.018538685151457
448,14,204.29558156258975
448,17,67.1261022745107
448,18,241.36523549024258
448,21,205.90974649354638
448,22,241.36490692302982
448,23,79.26124504748483
448,24,210.34321815205203
448,27,241.36494995459128
448,29,5.3292047059346315
448,2,6.023924469184377
448,6,1.0036318072456316
448,7,79.27907533857363
448,8,5.999200999842116
449,10,5.997277141179552
449,12,241.3641978418518
449,14,241.36621214205044
449,17,79.27520370583014
449,18,241.3653145185394
449,21,205.90984915367773
449,22,241.36479984007363
449,23,205.90997289909794
449,24,210.34328349072348
449,27,241.36505670144044
449,29,6.013636844455694
449,2,6.023858645709293
449,6,3.055470319065308
449,7,130.66363673245056
449,8,0.9963139908694343
450,10,5.997332967143114
450,12,241.36458605616826
450,14,204.29511519377115
450,17,205.90966641878939
450,18,241.36540164136423
450,21,79.27499481561046
450,22,241.36492963148604
450,23,205.9098417001923
450,24,210.34334158792547
450,27,241.3650646898432
450,29,6.2570612329218545
450,2,205.90880984640648
450,6,6.0047191817359105
450,7,79.2789458886716
450,8,92.92661035812252
451,10,5.997483575666258
451,12,241.36446265508332
451,14,241.3660360530459
451,17,205.90952571979926
451,18,241.36532911211071
451,21,5.999503281138527
451,22,241.36491709278025
451,23,205.90982780362708
451,24,171.2665378550005
451,27,92.92585562488375
451,29,6.013431963711282
451,2,205.90854621703514
451,6,1.1716184747688168
451,7,1.008346602307686
451,8,241.3667171045797
452,10,5.9975152650623595
452,12,241.36454307618166
452,14,92.92506739377951
452,17,205.90956150070946
452,18,11.248101051087499
452,21,205.9097201298237
452,22,241.36495311127712
452,23,205.90974830910298
452,24,171.26586568781318
452,27,78.67633323496202
452,29,1.0061168263858544
452,2,205.90856788789284
452,6,1.0016267247324917
452,7,1.0081999028356776
452,8,241.36690912144667
453,10,5.078196221428458
453,12,241.36448271287944
453,14,5.9983436552683145
453,17,205.90939599576268
453,18,0.9962714205958392
453,21,205.9098946345666
453,22,241.36491376220263
453,23,205.90986765462412
453,24,171.26641410075703
453,27,92.9327421350925
453,29,1.0062195751780605
453,2,205.9085302236053
453,6,1.0017107091421744
453,7,1.0083472226442893
453,8,241.366934431284
454,10,5.0787250655912315
454,12,241.36448567606814
454,14,92.92512190078112
454,17,205.90951246706285
454,18,5.9985438143233605
454,21,205.90971787375858
454,22,241.36509756089288
454,23,205.90984464879193
454,24,210.34306084668222
454,27,0.9959093102229915
454,29,1.0061003843671683
454,2,205.908641741841
454,6,1.0017051170522606
454,7,1.008229293285626
454,8,241.3669293256579
455,10,5.997849283547909
455,12,241.36446252869774
455,14,92.92492627632225
455,17,205.90961197871388
455,18,11.257302933303702
455,21,205.90975964221545
455,22,6.001030932193136
455,23,174.28395855501765
455,24,210.34314356385684
455,27,2.363623427643538
455,29,1.0062179144529013
455,2,174.28121405869598
455,6,1.1711842996576385
455,7,1.2004167157321737
455,8,241.3669288650275
456,10,7.064761316657478
456,12,241.36470696366703
456,14,92.92513360252086
456,17,6.0138457086187245
456,18,11.257457210748907
456,21,205.9096589167659
456,22,6.001091882053768
456,23,130.63396373388542
456,24,210.3429527287936
456,27,2.7890602350332054
456,29,6.238614035698169
456,2,205.90877471128746
456,6,5.998104039983163
456,7,1.0083534732047497
456,8,92.91573120072827
457,10,5.996072509124277
457,12,241.364609443266
457,14,241.36626143828522
457,17,1.0053650516673729
457,18,1.0013076161986953
457,21,205.90965190225143
457,22,7.088701890382347
457,23,205.91002086780387
457,24,210.3429762272709
457,27,2.363467351095946
457,29,16.19788143942693
457,2,205.90855321110567
457,6,5.997707919853157
457,7,1.0082061866544691
457,8,241.3721455341146
458,10,5.995855717359002
458,12,241.36480148577374
458,14,241.36625219721543
458,17,1.0052652033243898
458,18,1.0013339842744777
458,21,205.9095502767522
458,22,5.086725890344457
458,23,205.90979100674346
458,24,210.34303158128634
458,27,92.94029148371575
458,29,16.187492048540186
458,2,205.90853282769933
458,6,5.9977196065775145
458,7,1.0083359239443759
458,8,6.01371314344978
459,10,5.995955605430089
459,12,241.3646396465092
459,14,204.2955198237837
459,17,1.0053577597653387
459,18,1.0011926127084685
459,21,205.909661654135
459,22,6.0039398481424415
459,23,205.909877694289
459,24,80.97973791624761
459,27,170.55241563531874
459,29,13.69276222137867
459,2,205.90845674234876
459,6,1.171627513882453
459,7,79.27657395589873
459,8,1.006732910828278
460,10,5.996014225118614
460,12,241.36469639421844
460,14,204.29602535429305
460,17,1.0052347803068615
460,18,11.247915411568318
460,21,205.9096268880564
460,22,6.003869238631146
460,23,205.9098932738698
460,24,5.998549415703812
460,27,1.0040835967052457
460,29,16.187374699559058
460,2,205.90858743729672
460,6,1.1969515115545883
460,7,79.2763866741048
460,8,1.0068469395716413
461,10,5.996158621552451
461,12,241.36467671732123
461,14,241.36637331957775
461,17,79.27516207085472
461,18,11.145977003335378
461,21,205.90985051303463
461,22,6.003766899652578
461,23,205.90986822191934
461,24,80.97966617898642
461,27,1.0039543424142883
461,29,16.197906142231428
461,2,205.90850506571905
461,6,1.1761636904358665
461,7,79.27660394020333
461,8,1.0067392130737964
462,10,5.996146656852306
462,12,92.91954522286592
462,14,241.36644144166567
462,17,205.90866704425224
462,18,29.12315590486851
462,21,79.2642614556875
462,22,2.30244742892845
462,23,205.90976698535886
462,24,80.97929284906226
462,27,1.0040855964566235
462,29,16.197533831665595
462,2,205.90861058924693
462,6,1.0045376975128697
462,7,79.27638458420937
462,8,1.0068354610819057
463,10,5.996018784347513
463,12,92.91952097051626
463,14,241.36643605027137
463,17,205.9086559671519
463,18,6.04787665249378
463,21,79.26425856739371
463,22,0.9957539321630904
463,23,205.90991459329098
463,24,135.6351892558968
463,27,5.898477824908768
463,29,6.013611558802695
463,2,205.9085269366801
463,6,1.0046099032799898
463,7,79.2766697198135
463,8,1.0067079682196791
464,10,241.36773243181094
464,12,92.91974077846439
464,14,241.36643975070132
464,17,205.90864821458734
464,18,6.041957999589839
464,21,205.91574744948568
464,22,2.3022319255893064
464,23,205.9098958124124
464,24,210.341926331674
464,27,28.242079742112573
464,29,6.013055439116293
464,2,205.90866795331743
464,6,1.0044690294753886
464,7,79.27666484436277
464,8,6.013219499492411
465,10,170.5334153509396
465,12,241.36433927972155
465,14,241.3661540105646
465,17,205.90868272901187
465,18,6.017859941073223
465,21,79.26807999445238
465,22,6.006847358705388
465,23,205.91014857041847
465,24,210.34205811827132
465,27,0.9517181073152834
465,29,6.238806856072993
465,2,205.90858550666033
465,6,1.0045834522010377
465,7,79.27672803796402
465,8,6.012973725096957
466,10,170.53357126557995
466,12,241.3644032948425
466,14,241.36626120951544
466,17,205.90856330689428
466,18,29.398634876030126
466,21,79.26819447451815
466,22,6.006257896905881
466,23,205.91010984039
466,24,210.34203877813593
466,27,0.9892013442017298
466,29,5.121377447606492
466,2,205.90876059414055
466,6,3.055890114878866
466,7,5.997899383730324
466,8,92.92728060563168
467,10,0.9980880033141597
467,12,241.36428262173698
467,14,204.295424235584
467,17,205.90861603266802
467,18,5.984636733460591
467,21,79.26836132716248
467,22,2.305579235755755
467,23,174.28352144197027
467,24,210.34201961187648
467,27,0.9890541599713876
467,29,0.9959396968573362
467,2,205.9086741353024
467,6,1.166229394148698
467,7,79.27553827933534
467,8,170.53754958473846
468,10,0.9979139829543184
468,12,241.36449881086762
468,14,204.2957038502294
468,17,205.90866825412246
468,18,6.008845974670958
468,21,205.9121793732268
468,22,2.3061490289160345
468,23,174.43766137865998
468,24,210.34182227354094
468,27,0.9891650317323624
468,29,6.02372080125603
468,2,205.90881242168092
468,6,1.1657790840401425
468,7,205.90904013720274
468,8,241.36637966144258
469,10,6.013717771242589
469,12,241.3643613820998
469,14,241.3662582829909
469,17,205.90887219083876
469,18,0.9961379683894167
469,21,205.91211154972962
469,22,1.007591936970508
469,23,205.9100367097435
469,24,210.34186241521084
469,27,170.53712889989498
469,29,6.02374561871651
469,2,205.9086367015789
469,6,1.1658665133211317
469,7,205.90911992547774
469,8,241.36654940631558
470,10,65.66505184802364
470,12,241.3645560141526
470,14,241.36637242847252
470,17,174.28246487741484
470,18,6.008624040731844
470,21,205.91188625951125
470,22,1.0076764291006377
470,23,205.90986931910845
470,24,210.3418161143464
470,27,241.37028096759366
470,29,5.121403648665292
470,2,205.9087782630661
470,6,1.1659858022687697
470,7,205.9089001341693
470,8,241.36643294919847
471,10,65.66508647392195
471,12,237.9725487356867
471,14,241.36616830218628
471,17,174.28300035857376
471,18,6.008549739891957
471,21,130.64938239670724
471,22,1.007709783756109
471,23,130.64893408912906
471,24,210.3419218146722
471,27,6.002573866694458
471,29,6.01318065486351
471,2,205.9085924739043
471,6,3.0535937916103837
471,7,205.90903457652502
471,8,241.36666733189168
472,10,6.008167844254569
472,12,241.36443166301635
472,14,241.36615046435483
472,17,205.90878904545426
472,18,6.0085156891232945
472,21,154.3597759163085
472,22,1.0075572339005223
472,23,110.58089346027087
472,24,210.34189651294432
472,27,6.002715160548718
472,29,6.238356143598604
472,2,205.90867817805886
472,6,6.004026703552028
472,7,205.9088562056715
472,8,204.2971197458816
473,10,65.65564418749301
473,12,241.36420327438847
473,14,241.36611648811785
473,17,205.90877837240862
473,18,6.008263078941986
473,21,5.128202015039412
473,22,1.007712535678908
473,23,130.64853254914027
473,24,210.34215941802307
473,27,92.92549853482892
473,29,6.238369290525282
473,2,205.90857788751546
473,6,1.1718545048433855
473,7,205.90891608717615
473,8,204.29728145635883
474,10,77.57287789827825
474,12,241.36451946178096
474,14,241.36628162875894
474,17,205.90852636051184
474,18,7.090037049470755
474,21,0.9959374038337394
474,22,1.0075705740836973
474,23,1.0012509142501358
474,24,210.34214175442708
474,27,92.9262163639071
474,29,116.58484863490585
474,2,205.9087588692234
474,6,1.0032193685322532
474,7,205.90885937250715
474,8,241.36641480410378
475,10,77.57285557746643
475,12,241.3643928721869
475,14,241.36630971032707
475,17,205.90861952414247
475,18,6.00867181169121
475,21,6.028510360625679
475,22,1.0077173248120816
475,23,1.0013323678154968
475,24,210.34202092600566
475,27,92.9259248431751
475,29,205.91267395954068
475,2,130.64126801529548
475,6,1.0033838132547634
475,7,205.9091137254663
475,8,241.3664795445887
476,10,65.65628211406147
476,12,241.36436464097412
476,14,170.53761916449156
476,17,205.908486981988
476,18,6.008931792060562
476,21,5.12865313723119
476,22,2.3062720835275714
476,23,6.012644795375882
476,24,210.34202172328472
476,27,241.36566923564362
476,29,137.67207482080596
476,2,130.6415165073137
476,6,1.003227681046046
476,7,205.90913749220812
476,8,241.3664757182922
477,10,241.3633873836939
477,12,241.36416999896363
477,14,92.91992415186407
477,17,205.9086998530749
477,18,7.089768960990597
477,21,6.013372795580268
477,22,6.003911060802979
477,23,205.91045201410515
477,24,210.34205913889176
477,27,241.36535774377964
477,29,116.56122616430656
477,2,130.64121070647445
477,6,205.90812600664833
477,7,205.90914881899118
477,8,65.65730602266555
478,10,241.363437220785
478,12,241.36420238137217
478,14,92.92018117942916
478,17,205.9087834057789
478,18,6.008587409844109
478,21,6.012844372839744
478,22,6.003829809851564
478,23,205.91021953342585
478,24,210.3419339070574
478,27,204.29425818907933
478,29,137.65840745374874
478,2,205.90998163588526
478,6,205.9080482160158
478,7,205.90918971489862
478,8,6.01311786493164
479,10,241.363185401257
479,12,241.3641364701333
479,14,92.91977936690566
479,17,79.2702481098989
479,18,6.008617320603065
479,21,130.64903275307853
479,22,6.003747511819461
479,23,205.91009980385942
479,24,210.34209127787096
479,27,204.2939623269455
479,29,44.886696620018874
479,2,205.90989322103607
479,6,174.2839210254546
479,7,205.90922061411814
479,8,6.013167065290809
480,10,241.36323352689072
480,12,241.36421695415055
480,14,170.53756873680604
480,17,79.27010248721919
480,18,6.008739132812295
480,21,205.91000753301307
480,22,2.306593021443959
480,23,205.91024915511338
480,24,210.3418936061639
480,27,241.36529294600268
480,29,1.007781706782855
480,2,205.9100662796188
480,6,205.90795999856027
480,7,205.90911652353523
480,8,7.115752633108763
481,10,241.36313003499265
481,12,241.36415627966505
481,14,241.36814653994864
481,17,79.27005189318358
481,18,11.24738638587813
481,21,205.91005250182084
481,22,1.0009355050871998
481,23,205.9102772630702
481,24,210.34220227058998
481,27,241.3654410851559
481,29,1.007908622210671
481,2,205.90998925636964
481,6,205.90789191638902
481,7,205.90911766269792
481,8,6.013244967569669
482,10,241.3632708964672
482,12,241.3643086008775
482,14,241.36818214264372
482,17,79.27001534706437
482,18,29.25712237692949
482,21,205.91005406096235
482,22,1.0008447868304486
482,23,204.87756378391924
482,24,178.0352838771934
482,27,241.36550693088742
482,29,1.0077902288550584
482,2,205.91015541561478
482,6,205.90784022529033
482,7,110.57951346505558
482,8,6.013343151373495
483,10,241.3631872204116
483,12,241.36415807735628
483,14,241.36825801568588
483,17,130.65800884011668
483,18,170.54000585302802
483,21,205.91023928936386
483,22,2.3151340659067463
483,23,205.91040924645884
483,24,210.34218422553892
483,27,241.36542680640252
483,29,1.0079063001367068
483,2,79.25976925899424
483,6,205.90807839370555
483,7,110.57963326229672
483,8,6.013082235300443
484,10,204.2917377135313
484,12,241.3643911923073
484,14,92.92763285891536
484,17,130.65795234529503
484,18,29.25879935543402
484,21,205.91025717837584
484,22,2.3148571135225477
484,23,205.91031852199728
484,24,210.34209131313264
484,27,241.36555547266127
484,29,1.007847127165797
484,2,205.91012059234126
484,6,205.90800937396355
484,7,110.57908625324269
484,8,6.012862072936185
485,10,241.363187265735
485,12,204.29241788903903
485,14,1.0148753162545558
485,17,1.0062988252742224
485,18,29.259250873929012
485,21,174.28451881757027
485,22,1.0125586470396506
485,23,205.91005580814647
485,24,210.34212656719933
485,27,241.36480765359946
485,29,1.0079065085125283
485,2,205.91012708300346
485,6,205.90789160299025
485,7,130.64671925187815
485,8,6.013110215479304
486,10,241.3632021225932
486,12,241.36452303347465
486,14,1.0149787809301376
486,17,1.0061637052351902
486,18,29.260989875322586
486,21,130.63427672300276
486,22,1.0124246840173035
486,23,205.9102670095976
486,24,210.34206825431232
486,27,133.0414725282383
486,29,44.89507002298995
486,2,6.013531648197805
486,6,205.90739657814208
486,7,130.6465083243839
486,8,65.65691214099921
487,10,241.36307631839884
487,12,241.36427802826847
487,14,1.2173975049122152
487,17,1.0063043543088535
487,18,1.0093081938368593
487,21,205.91025335032688
487,22,1.0125588491920663
487,23,6.007931672856744
487,24,80.96796610748797
487,27,92.9106826528066
487,29,44.89494362643153
487,2,0.9998565966800337
487,6,90.51189886681092
487,7,110.57995605153029
487,8,170.53974173093394
488,10,241.36330969311015
488,12,241.3644596099616
488,14,1.0149798329656576
488,17,1.0061566238187458
488,18,1.0099678582698166
488,21,205.90997611549682
488,22,1.2128123811923697
488,23,6.007971030994876
488,24,210.34205149498743
488,27,133.04650432870378
488,29,1.0057390347737982
488,2,0.9999584381059199
488,6,79.27364140295106
488,7,130.64893835977244
488,8,170.53969439116628
489,10,92.92446995395102
489,12,92.92538229756985
489,14,1.0148788996860967
489,17,130.64952840517603
489,18,1.0100775488286828
489,21,205.91019326212535
489,22,1.2130450359742495
489,23,6.008194936800883
489,24,210.34197200917058
489,27,170.5381305796103
489,29,1.005812355885535
489,2,0.9999792155992822
489,6,6.008741536508537
489,7,205.91058438672567
489,8,170.53970993413597
490,10,1.006246182292153
490,12,6.007076186698405
490,14,1.217176008015933
490,17,205.90976200076028
490,18,1.0099595729805415
490,21,205.9101475622951
490,22,1.0124254919658542
490,23,6.008475027770172
490,24,80.97611104113895
490,27,241.3657916942728
490,29,1.0057540883501996
490,2,79.27501353850072
490,6,6.008479326529937
490,7,205.91049115683091
490,8,6.0133895373563
491,10,1.0061541708390687
491,12,6.007490748565692
491,14,1.0149278485520146
491,17,205.90970340144287
491,18,1.0100815392939593
491,21,205.91023253761676
491,22,1.0125618023051404
491,23,79.2763378813125
491,24,80.97620269727544
491,27,204.29477884888036
491,29,1.0058116224552274
491,2,205.91114583171415
491,6,79.28921510805999
491,7,205.9105850135551
491,8,1.0043417106453552
492,10,1.0062481403228558
492,12,6.007059855858014
492,14,92.92712254198527
492,17,205.9096383441087
492,18,6.02674367539789
492,21,205.91031345317026
492,22,2.3208096042451185
492,23,205.91206066516838
492,24,80.97636044784831
492,27,241.3658948965638
492,29,44.886421943164315
492,2,205.91095052800296
492,6,1.0121075260365515
492,7,205.91049247884675
492,8,1.004236170257987
493,10,1.0061386558486847
493,12,241.37001323734535
493,14,241.369409729488
493,17,205.9098429152025
493,18,6.026775835952005
493,21,0.9963211565847976
493,22,1.012558548823204
493,23,205.91191632828446
493,24,80.97598085494533
493,27,241.36554787316922
493,29,116.59046932355189
493,2,205.911201934913
493,6,1.0120662681679446
493,7,79.27028317352405
493,8,1.0043418518934812
494,10,6.013676341159685
494,12,241.37007469335566
494,14,241.3693588025923
494,17,205.90990457738303
494,18,1.006056336416095
494,21,6.002435468582877
494,22,1.0124603698939882
494,23,205.91194768257193
494,24,210.34297562236878
494,27,241.3655700872337
494,29,116.5901061596077
494,2,79.27068319171883
494,6,1.0121399587019244
494,7,79.27018215824691
494,8,6.028241611665775
495,10,92.92461689277413
495,12,6.013356838197562
495,14,6.0130498148535025
495,17,6.013728002394466
495,18,1.0059560456464336
495,21,50.306346237746034
495,22,2.3062476248561827
495,23,79.2744474939387
495,24,210.34279565470706
495,27,241.36556936142534
495,29,116.5904168190977
495,2,79.27077133388973
495,6,1.012005672669912
495,7,79.27013121242611
495,8,1.0043464778237343
496,10,92.92439095594116
496,12,1.00037116896224
496,14,1.0055584116161178
496,17,1.0087531504853624
496,18,1.0060431730177175
496,21,130.65527533662532
496,22,170.53239467840487
496,23,5.998764269027349
496,24,210.34286933191217
496,27,241.3656389944165
496,29,1.006756929901547
496,2,79.27053562845894
496,6,1.21232368280151
496,7,79.27002177477162
496,8,1.004223625528243
497,10,241.3652440069407
497,12,1.000471513448229
497,14,1.005459982914549
497,17,1.0088975038807853
497,18,1.0060457287086546
497,21,14.465834733259392
497,22,170.53249999951544
497,23,205.91350896284166
497,24,210.3427341867912
497,27,92.92606139942778
497,29,1.006622232284057
497,2,205.91193388440902
497,6,1.0120693168019042
497,7,130.6491946568891
497,8,1.0042844232661476
498,10,241.36520033554874
498,12,6.013257878391578
498,14,1.0055577783321796
498,17,1.0087378677370102
498,18,1.0060070847853275
498,21,14.465305273090678
498,22,241.3609942613114
498,23,205.91351371111213
498,24,210.34292340534242
498,27,1.0097603939942346
498,29,1.0067689497249592
498,2,205.91170869789917
498,6,1.0121342801882047
498,7,205.90930789892886
498,8,6.019593552953838
499,10,241.36538075899713
499,12,6.013309174040425
499,14,6.013807520786822
499,17,1.0088976204018136
499,18,11.247916223081873
499,21,50.308605004258865
499,22,241.36095867957002
499,23,166.4083531671227
499,24,80.97775984699723
499,27,1.0096366625204203
499,29,1.0066320017579757
499,2,6.001418569816565
499,6,1.0119862016691084
499,7,205.9094580878502
499,8,6.019687400820248
500,10,5.998686859550708
500,12,6.013385418949368
500,14,6.013525809958694
500,17,1.0087730889821254
500,18,241.36652017969777
500,21,0.9962905837143996
500,22,241.36087047145554
500,23,79.2714304687161
500,24,80.97800545102116
500,27,1.204851949622391
500,29,130.64950906405934
500,2,6.002250262103211
500,6,205.91046277884038
500,7,174.2843391926494
500,8,6.019865249237981
501,10,241.3654375680536
501,12,92.9257593143532
501,14,92.92722630378326
501,17,1.0088986072673025
501,18,241.36663670860017
501,21,5.997714959019512
501,22,170.53076043074955
501,23,5.997983128427697
501,24,95.67041311110275
501,27,1.0097564522138587
501,29,205.90753492087643
501,2,1.0104113905264578
501,6,205.91070443191532
501,7,205.90972318577124
501,8,1.0012490760243917
502,10,6.0039994917535635
502,12,92.92499280643604
502,14,92.92713660193566
502,17,1.0087504488640837
502,18,241.3666035790034
502,21,50.30841837234143
502,22,170.53087572029682
502,23,79.27168717588903
502,24,80.97792104065522
502,27,1.0096370294027261
502,29,205.9074780246664
502,2,1.010301539890449
502,6,67.12826470655804
502,7,205.90939690241024
502,8,1.0011915523698232
503,10,0.9962954214151054
503,12,241.36826910000534
503,14,241.36762625692506
503,17,1.008887918204616
503,18,92.92204725464093
503,21,6.005630855990046
503,22,170.5308020542586
503,23,130.64896132689302
503,24,210.3433840545614
503,27,1.0097468127667355
503,29,205.90752744584324
503,2,1.0104162194041422
503,6,5.9985288584499985
503,7,205.9094187582855
503,8,1.0013312288205025
504,10,92.92396475238044
504,12,241.36815481411395
504,14,241.36763455745296
504,17,1.008747577122989
504,18,5.9983966022181665
504,21,6.005492472907943
504,22,170.53068948422487
504,23,130.64947813502985
504,24,210.34329931829689
504,27,1.009614089945864
504,29,205.90740383953107
504,2,1.20713029121365
504,6,79.28301407458837
504,7,79.26934423085275
504,8,1.0013503278785238
505,10,170.53765659616298
505,12,92.92559405941411
505,14,241.36740504492298
505,17,6.013808695895765
505,18,92.9222812822614
505,21,6.005196793808101
505,22,170.5306539240497
505,23,154.35928776515124
505,24,210.3432330358215
505,27,1.0097427746606522
505,29,205.90752915513696
505,2,1.0104144833576205
505,6,79.28292934195586
505,7,79.26948227962735
505,8,170.53897140569896
506,10,241.36926106835045
506,12,1.0083323829538244
506,14,241.3674853734404
506,17,205.90972580456943
506,18,92.92174833925952
506,21,50.31204697893625
506,22,241.3588317841148
506,23,130.64954653106932
506,24,210.34333129723942
506,27,92.92589096813936
506,29,205.90764274935296
506,2,1.0103262501816639
506,6,205.9141767899605
506,7,79.26943767547655
506,8,170.53895084501065
507,10,1.0082632082160021
507,12,1.0084280260914582
507,14,92.92672821056559
507,17,205.90972286234572
507,18,241.36464268369022
507,21,6.008277893881337
507,22,241.35913492549537
507,23,205.9099806773541
507,24,80.98200777860082
507,27,160.53494284202995
507,29,174.28229786675303
507,2,1.0104156552262262
507,6,1.0038230990679375
507,7,205.91144295646953
507,8,170.5387018514853
508,10,1.0081422524524282
508,12,1.008289531561985
508,14,1.0004954920665856
508,17,205.9094793841302
508,18,241.3644815830899
508,21,0.9963020289146742
508,22,6.019325927676301
508,23,205.90987110531188
508,24,6.013797296705432
508,27,135.87664958350098
508,29,205.90754317339366
508,2,1.010298973911616
508,6,1.0037906323600811
508,7,205.9114704160646
508,8,170.53892225663378
509,10,1.0082679182498966
509,12,1.0084153243387695
509,14,1.0003806977351273
509,17,205.90953398785817
509,18,241.36453616824303
509,21,50.30056742948277
509,22,6.019427077898583
509,23,205.90975915365178
509,24,1.0003813930318408
509,27,135.87729113227627
509,29,205.90742372167168
509,2,1.0104043181622284
509,6,1.0038249506331152
509,7,205.91138073220625
509,8,144.35097567681225
510,10,1.008134974617458
510,12,1.0083930213495123
510,14,6.013656824675209
510,17,205.90968365009337
510,18,241.3644301314609
510,21,130.65155935605662
510,22,6.019345931392901
510,23,205.90983190924362
510,24,1.0004826185423967
510,27,241.3659371278979
510,29,205.90750112890163
510,2,6.0036410575189505
510,6,79.27464066947309
510,7,130.64282432166578
510,8,144.35145364845462
511,10,1.0082665832601192
511,12,1.0084258644852815
511,14,109.77702620079785
511,17,174.28517801499848
511,18,241.36463740735743
511,21,130.65152398432554
511,22,6.019556937963649
511,23,205.9097279669196
511,24,80.98254593406992
511,27,241.36577790986505
511,29,205.90743017987484
511,2,6.003690513961629
511,6,79.27431091392374
511,7,130.64269399623447
511,8,144.35100400100524
512,10,1.008152004329813
512,12,1.0083054903233117
512,14,109.77682075984148
512,17,205.90947129070207
512,18,241.36452033741475
512,21,1.0085532969813489
512,22,15.7147654450368
512,23,205.90986148933567
512,24,210.3421059429347
512,27,241.36591028193592
512,29,205.90759805611427
512,2,6.003679255398194
512,6,79.27434014007437
512,7,130.64289549778846
512,8,170.53879590299252
513,10,1.0082589267002229
513,12,1.0083617349345984
513,14,92.92123617583297
513,17,205.90955013228512
513,18,241.36466603314466
513,21,1.2022691231595077
513,22,1.0763797302769493
513,23,205.9097900936386
513,24,210.34199937799363
513,27,204.29546571136282
513,29,205.90743147626102
513,2,6.003893668090595
513,6,205.90771041289278
513,7,205.91103509020294
513,8,170.5390200239351
514,10,1.0082633794050562
514,12,241.3653019454166
514,14,241.36662401892744
514,17,79.2750997977927
514,18,241.364498274437
514,21,1.008548824313885
514,22,0.9991663748589641
514,23,205.90988056823022
514,24,210.3420825748224
514,27,241.36581754113251
514,29,205.90747139762854
514,2,1.0027556243508737
514,6,205.90745804060992
514,7,205.91096147739984
514,8,65.64324951316752
515,10,170.54102598390915
515,12,241.36512098328345
515,14,241.36629857000588
515,17,1.0233546812743226
515,18,241.36452726071195
515,21,1.0085340341589824
515,22,0.9992103262734782
515,23,205.90974248026896
515,24,210.3420793831866
515,27,241.36593774113214
515,29,205.90739870522992
515,2,1.0026997678836684
515,6,205.9074708407373
515,7,205.91099036566914
515,8,170.53889599138296
516,10,170.54091939966764
516,12,241.3651139108161
516,14,241.3661020309692
516,17,1.0233879846409213
516,18,241.3644938980837
516,21,1.0085516870790832
516,22,0.9990750697474775
516,23,205.90976824830048
516,24,178.0349448062965
516,27,1.0004876602976225
516,29,205.90754684762317
516,2,6.002187824638969
516,6,205.90748767014207
516,7,130.64944452113374
516,8,6.010636660578502
517,10,170.541090670362
517,12,241.3651428887894
517,14,241.36625862786184
517,17,1.0232322346880265
517,18,241.36466525677827
517,21,50.300756692222606
517,22,0.9992249963072384
517,23,205.90970049648342
517,24,210.3421271456682
517,27,65.6603495119878
517,29,205.90734330421668
517,2,6.006869666721561
517,6,205.90769302938185
517,7,79.27308149497775
517,8,6.0107720525751205
518,10,5.998919828011817
518,12,241.3652178476037
518,14,241.36617635304555
518,17,1.0233811004388
518,18,241.36453763128458
518,21,50.300914941643526
518,22,0.9991795737970461
518,23,205.90978138072148
518,24,210.34208112855356
518,27,65.66043772529216
518,29,205.90758784639257
518,2,6.0069750597064315
518,6,205.90756598841065
518,7,79.27326686202218
518,8,6.011111548461638
519,10,241.36492367811903
519,12,241.3651370067344
519,14,241.3662527754348
519,17,1.2581466840512503
519,18,241.3644239926775
519,21,130.64842554770468
519,22,0.9991974344122969
519,23,205.9098212939995
519,24,210.34185177744905
519,27,65.6604286356208
519,29,79.26901649136822
519,2,1.0066519312453943
519,6,205.90753453839605
519,7,130.66403997029528
519,8,6.01074525455156
520,10,241.36482504495368
520,12,241.3652680031311
520,14,241.36622111666537
520,17,1.0233882998555792
520,18,241.3644498851966
520,21,130.6482904924751
520,22,0.9990131607288966
520,23,130.64947669337474
520,24,210.34192701796204
520,27,65.66043458927727
520,29,79.26925941556928
520,2,1.0066765363327894
520,6,205.90741576402158
520,7,79.27324133908407
520,8,6.010843400800542
521,10,241.36474530099204
521,12,6.013847714611358
521,14,241.36640544923583
521,17,1.023345907439869
521,18,92.91037760770828
521,21,205.90627260485994
521,22,0.9992355205828751
521,23,6.003029870552881
521,24,210.34207084665346
521,27,65.66042525499375
521,29,79.26939957565872
521,2,1.0065939801933776
521,6,205.90752075979785
521,7,93.65803312083014
521,8,6.010960650800344
522,10,204.29471544726417
522,12,1.0004781406469752
522,14,241.36636157128527
522,17,1.0233858603961181
522,18,241.36446645638804
522,21,205.9063332158913
522,22,1.134747870151827
522,23,6.003269417822659
522,24,178.03492578782289
522,27,6.008723790814488
522,29,79.26952175882076
522,2,1.0066750467139514
522,6,205.9075065085261
522,7,6.000356861670639
522,8,6.0109971111890586
523,10,92.90930504129388
523,12,1.0005222286685944
523,14,6.0134069516948605
523,17,79.27512562187209
523,18,241.36434536558318
523,21,50.30023426377438
523,22,0.9992354051261829
523,23,79.27577687077184
523,24,210.34217710041378
523,27,6.008735491444997
523,29,205.90817625659363
523,2,6.009500050739803
523,6,205.90775969589433
523,7,6.00027871457958
523,8,6.010852320491917
524,10,241.36507778539885
524,12,6.013099960207834
524,14,0.9998503545945763
524,17,205.9100695904528
524,18,241.36478701205888
524,21,6.013934410621128
524,22,0.9990705810853875
524,23,130.65219547376222
524,24,178.03484036038236
524,27,65.66012198795323
524,29,205.90805703550777
524,2,6.009460005648096
524,6,205.9076686461581
524,7,205.91185289545555
524,8,65.65785185689151
525,10,241.36480075267315
525,12,92.93339627676647
525,14,0.9999701808784724
525,17,205.9100092360555
525,18,6.0089525620570345
525,21,6.01344862983079
525,22,0.9992348348751818
525,23,205.9163937406993
525,24,210.34231413311454
525,27,65.6597984719442
525,29,205.9079486880078
525,2,6.009327835491474
525,6,130.64939990290608
525,7,205.9116817927069
525,8,77.53913434940957
526,10,241.3647516585217
526,12,92.9328927548634
526,14,241.36821150265507
526,17,205.9099133435695
526,18,0.995902619865201
526,21,6.014016634158635
526,22,0.9991662322357406
526,23,130.65195630204744
526,24,178.03517208332283
526,27,65.66022151634773
526,29,205.90802099832567
526,2,0.9963112218211485
526,6,6.018400277896181
526,7,205.91190497448994
526,8,65.64779824927622
527,10,92.9168581152726
527,12,92.93310926104313
527,14,241.368063990956
527,17,205.9098132028454
527,18,6.008954592775727
527,21,6.013488683327536
527,22,0.9991567186091999
527,23,130.6519242983385
527,24,178.03512160321114
527,27,65.65993024209703
527,29,205.90789078596833
527,2,5.1199836681278175
527,6,6.01883438760006
527,7,5.998487029442297
527,8,65.6478299389004
528,10,92.91689316949092
528,12,1.003067305692534
528,14,241.36791158098768
528,17,205.91000369474156
528,18,241.36768839616394
528,21,0.9993680684960644
528,22,0.9991323170515809
528,23,79.26642293477828
528,24,210.34212145693732
528,27,65.65997085673258
528,29,205.90791453692268
528,2,6.0013338761715005
528,6,7.128622047299834
528,7,79.27109282634378
528,8,65.64799691125987
529,10,92.91725386264098
529,12,1.0030776451616692
529,14,92.92693810028679
529,17,1.0071678979523027
529,18,241.36753788825558
529,21,0.9994563665248064
529,22,0.9992330566687917
529,23,79.26614388234245
529,24,210.3419248072684
529,27,1.0067162681926494
529,29,205.90784163550086
529,2,7.191457229464312
529,6,6.013870237145741
529,7,79.27120947343809
529,8,241.35849970619088
530,10,241.36354074934422
530,12,1.0029499345065647
530,14,92.92726417679009
530,17,1.0071443722391713
530,18,92.92931276418119
530,21,6.0134013052795545
530,22,0.9991990325268576
530,23,205.91011330551302
530,24,210.34193718899343
530,27,1.0067342793377456
530,29,205.9079251607186
530,2,6.015516655140861
530,6,1.0070729469677504
530,7,205.90922758818928
530,8,241.35842873399
531,10,204.29238957237703
531,12,1.0030738814593345
531,14,1.008299373439387
531,17,1.0071614570356715
531,18,92.92956987280228
531,21,50.30423898941662
531,22,0.9992135579040369
531,23,205.90987434236865
531,24,6.00125863475252
531,27,1.0066795512906284
531,29,205.90778448028703
531,2,6.01572083157017
531,6,1.0069794848221605
531,7,205.9091754427172
531,8,241.35820102868414
532,10,241.363486663704
532,12,1.0030795161767374
532,14,1.2029787909550498
532,17,1.0070858580502122
532,18,5.997936620359799
532,21,50.304504941658315
532,22,0.9989738394866619
532,23,205.90985540897785
532,24,1.012166408667107
532,27,1.0067421763811408
532,29,205.9078913378817
532,2,6.015433542850177
532,6,1.0070743176224362
532,7,205.90902073375005
532,8,241.35840859968337
533,10,241.3635707618714
533,12,92.9406915065507
533,14,1.0081041162792994
533,17,1.007166006997295
533,18,92.92964403262243
533,21,14.99857034091507
533,22,1.134862534205486
533,23,205.90988737582413
533,24,1.011524015018673
533,27,1.0066203529786515
533,29,6.013459466590025
533,2,15.598744748711754
533,6,1.0069605479462354
533,7,205.90917251072085
533,8,241.35827119214744
534,10,241.3634057485766
534,12,6.028999829599965
534,14,1.0083064506391999
534,17,6.013680570441868
534,18,109.79958605554653
534,21,130.65146405110602
534,22,0.9991435646216607
534,23,205.9101439096106
534,24,1.0121608528317552
534,27,6.02480407399627
534,29,3.325976036063489
534,2,28.17563557917343
534,6,1.0070632685533765
534,7,174.28300301765825
534,8,170.53634751863692
535,10,241.36348735372775
535,12,1.0030684268518346
535,14,6.032856031503951
535,17,79.27567198380284
535,18,170.55278570874952
535,21,130.65127005336487
535,22,1.1348288763002348
535,23,205.91019921628853
535,24,1.210609993238954
535,27,6.024401350011141
535,29,1.0074122664975667
535,2,28.175363214175945
535,6,1.0070689437876341
535,7,205.90918656385284
535,8,65.65501503175724
536,10,241.3632888793011
536,12,1.0029446959871287
536,14,5.136574087184594
536,17,79.27493122086237
536,18,5.998322460680538
536,21,50.286407951083284
536,22,0.9990716696894344
536,23,174.28388660999624
536,24,1.2113387389724597
536,27,5.122983172704895
536,29,1.0072966029136445
536,2,28.177386102970974
536,6,6.017477153303702
536,7,205.90901578044605
536,8,65.65501175500069
537,10,241.3633787205972
537,12,6.013596591866346
537,14,92.92671036447358
537,17,130.65569028540526
537,18,92.92967871205997
537,21,130.65283692732694
537,22,0.9992270025316836
537,23,205.91002517115743
537,24,1.0121612905512931
537,27,65.65622549482356
537,29,1.0073919519591579
537,2,1.0079405161929902
537,6,6.017618301657921
537,7,205.9091652316334
537,8,65.65479865450422
538,10,241.36323158338087
538,12,92.93694083123752
538,14,241.36918626695805
538,17,79.25981183942133
538,18,109.80038400040283
538,21,130.65277557608405
538,22,15.60320585758853
538,23,205.9100366410797
538,24,1.0120522130831384
538,27,170.53892385608773
538,29,1.0074161634876244
538,2,1.007871397692698
538,6,5.1108719694385725
538,7,174.28327147207062
538,8,65.65504464280905
539,10,241.36335278382137
539,12,92.93672758703973
539,14,241.36921607174003
539,17,205.909382237234
539,18,5.1309496548992435
539,21,50.30106649182511
539,22,15.603476124754359
539,23,205.90990234768205
539,24,1.0121589161614395
539,27,170.53894784011558
539,29,6.021058542840332
539,2,1.0079292405430307
539,6,6.0177422481208
539,7,205.9092478857564
539,8,65.6551798247253
540,10,241.36327125307093
540,12,6.013813539021167
540,14,92.92532920070151
540,17,205.9093183624743
540,18,0.9963246456505788
540,21,1.00273565027591
540,22,287.40810294036555
540,23,205.91005649386173
540,24,1.0120719279501058
540,27,6.002390230512235
540,29,5.123075438868012
540,2,1.007933144835527
540,6,6.0172209253649225
540,7,205.90913675147223
540,8,65.65523446911989
541,10,241.36338974492185
541,12,7.117242430503579
541,14,109.78852644026722
541,17,205.90913563083424
541,18,6.029372767533316
541,21,1.0027561948434816
541,22,241.354709118459
541,23,205.9100529565028
541,24,1.0121547164636757
541,27,65.65670932171028
541,29,0.9960197838077596
541,2,1.0079044563203512
541,6,6.017617907895353
541,7,205.90913685567415
541,8,65.65493045062354
542,10,5.566708617697657
542,12,6.014013462160804
542,14,92.9252408263068
542,17,205.90929000181947
542,18,1.0072479620528298
542,21,1.0026737316419938
542,22,15.603991421157374
542,23,130.63935368179708
542,24,1.210914584118993
542,27,170.534794096056
542,29,6.02121918108486
542,2,1.007935879484104
542,6,1.0121654031171508
542,7,133.39416975255304
542,8,65.65512885814407
543,10,5.678417924645351
543,12,0.9961323640667885
543,14,92.9254104699939
543,17,205.90938727302276
543,18,1.007187437516972
543,21,6.013859486011635
543,22,6.003333781833574
543,23,130.6391484613509
543,24,1.0121078959253165
543,27,241.36306414221283
543,29,6.020915790026356
543,2,1.0078730053445888
543,6,1.012129542731091
543,7,5.990660945124734
543,8,170.54187710046946
544,10,5.937738241325816
544,12,6.0137090251209395
544,14,92.92512513902432
544,17,205.90915847856425
544,18,1.0072405984296173
544,21,130.64880075620474
544,22,6.003656668429454
544,23,205.91284284525747
544,24,1.012154157770345
544,27,241.36295618392944
544,29,1.0030090578140598
544,2,6.008572857668045
544,6,1.2127291827821534
544,7,1.0049818920903961
544,8,170.54189160588007
545,10,1.0070850654019852
545,12,241.3711949409179
545,14,92.92550077371283
545,17,6.001242568498914
545,18,1.0071699111061916
545,21,130.6486258705312
545,22,6.003454668376784
545,23,205.9129341980264
545,24,1.0121169010492377
545,27,170.53494755650084
545,29,1.0030279181024122
545,2,1.0079332670512615
545,6,1.012087565149801
545,7,1.0049911271844056
545,8,170.53735647107882
546,10,1.0070585037447684
546,12,144.36308494901573
546,14,241.36891559838486
546,17,0.9988957667250409
546,18,1.0072383595835692
546,21,205.91347843102633
546,22,6.003547288067706
546,23,6.006932811866215
546,24,1.0121565724548551
546,27,170.5348833980535
546,29,15.664284517693982
546,2,1.0078400226713633
546,6,1.0121624499345865
546,7,1.0086086374194982
546,8,6.013594392201584
547,10,1.0070869543748184
547,12,144.36329724853363
547,14,170.53063141839922
547,17,2.3120013169012763
547,18,92.93988468972515
547,21,110.5830655315165
547,22,6.003413584079833
547,23,6.007025059727497
547,24,2.2927740166272734
547,27,158.52621480424008
547,29,15.663958074237113
547,2,1.007931807312426
547,6,1.0119169665300198
547,7,1.008621696717749
547,8,1.0076338001664498
548,10,6.0350049667115755
548,12,170.54779811345463
548,14,241.3680609877595
548,17,1.97484867248492
548,18,1.0072443240860913
548,21,130.64859716024245
548,22,15.612575374661619
548,23,6.006999757183842
548,24,5.986594797765338
548,27,144.34323148320166
548,29,6.01340012694248
548,2,6.008433015875231
548,6,205.90723857710233
548,7,1.008597485903568
548,8,1.0076721659713197
549,10,5.739869325004283
549,12,92.92360867798479
549,14,241.3680104118371
549,17,2.3119894565028813
549,18,1.0071253796868858
549,21,130.6484502400534
549,22,15.612623865892324
549,23,205.9116118242008
549,24,5.986399222014038
549,27,65.64196100225065
549,29,1.0040493299618705
549,2,1.2017238476901548
549,6,205.90712721897904
549,7,1.008601791465713
549,8,1.0076369597737962
550,10,6.001523743364068
550,12,92.92379340100845
550,14,241.36831462940748
550,17,2.3117035062027442
550,18,1.0072423356546931
550,21,130.64856740354796
550,22,6.000491343859328
550,23,205.91139977887195
550,24,210.34503935040522
550,27,170.53593829927325
550,29,15.652356343393038
550,2,1.0079267768378584
550,6,205.90727103915847
550,7,1.008598194572099
550,8,1.007683226935522
551,10,5.5617449920176325
551,12,5.999265063051853
551,14,6.013605342618117
551,17,1.9746430038961913
551,18,1.0071212509733503
551,21,130.64872597411886
551,22,170.52946291783175
551,23,205.91153661932285
551,24,5.986304091356736
551,27,144.34270677808775
551,29,130.6489641068445
551,2,1.0079391195631615
551,6,205.907125025896
551,7,1.0085977276688691
551,8,1.0076405222069038
552,10,5.935964420620531
552,12,92.92365292231446
552,14,5.122734759894782
552,17,5.995555216817978
552,18,1.0072170818393866
552,21,6.020257151020047
552,22,170.529327454276
552,23,6.013915219514817
552,24,1.0118770996017306
552,27,170.53573908392423
552,29,6.013724376347191
552,2,1.0078754551800717
552,6,205.9072109177435
552,7,1.0086168657688601
552,8,1.0076699523602821
553,10,5.542688929286988
553,12,241.36510474579916
553,14,6.024076011258099
553,17,5.995213148392381
553,18,6.013693036688581
553,21,7.131774065777889
553,22,144.32723030925172
553,23,1.0072810268550487
553,24,1.0119440008498035
553,27,6.014326975145268
553,29,1.0009547909652232
553,2,6.0012355397182775
553,6,205.90719809604516
553,7,1.0085743966837857
553,8,6.022751250109187
554,10,14.529777885282227
554,12,241.3650266868473
554,14,1.0039700422186995
554,17,23.001371052903934
554,18,241.36650266964983
554,21,1.000972066088381
554,22,15.588821770025014
554,23,1.007152349087237
554,24,1.011984912655806
554,27,6.014621641920005
554,29,1.000911094246133
554,2,205.90137064842608
554,6,205.90726766978622
554,7,2.663074135130527
554,8,5.1185954773806275
555,10,5.560126070360641
555,12,241.36500378732055
555,14,1.0040047095872495
555,17,5.995380933906702
555,18,204.297326974025
555,21,1.0009653830532086
555,22,170.52943662366116
555,23,1.0072844028672616
555,24,1.2124506986813044
555,27,6.014453098714351
555,29,6.013728042776601
555,2,205.9013716489678
555,6,205.90714365921144
555,7,1.0086038992922806
555,8,170.53893167372345
556,10,6.014924885446878
556,12,241.36505933284465
556,14,1.0039199041520508
556,17,1.0042320041672506
556,18,241.36623016790287
556,21,1.000880626902343
556,22,6.004586150848055
556,23,1.0072638859875847
556,24,1.0119782964322006
556,27,7.111853339763177
556,29,15.652512505519217
556,2,205.90131035239702
556,6,205.9071791612968
556,7,1.008594263838411
556,8,65.64276730874342
557,10,4.630243685589916
557,12,241.36506336414155
557,14,92.92727890812611
557,17,2.3124385257962192
557,18,241.36621289674437
557,21,50.30058906675921
557,22,6.006422271758691
557,23,6.014045732324342
557,24,2.291253603547431
557,27,6.0128929773011075
557,29,205.90710315188562
557,2,205.90142120582487
557,6,205.90729787096203
557,7,1.0086382061322565
557,8,170.53884548380475
558,10,5.538419848809872
558,12,6.013231336770095
558,14,241.36668748658917
558,17,2.3123553541468107
558,18,92.9260343814319
558,21,130.6523067989425
558,22,6.004678568382161
558,23,6.013444131203547
558,24,2.2913203140962617
558,27,6.0132306858692
558,29,205.90707345826996
558,2,205.90136854871542
558,6,205.90722793872442
558,7,1.0085933412135164
558,8,170.53880994838525
559,10,0.996321189940157
559,12,1.0089886871080562
559,14,241.36670093932221
559,17,0.9615132231444479
559,18,1.0024447464131487
559,21,5.998535653599691
559,22,1.0058341280751568
559,23,79.2758894571622
559,24,2.2912116148966444
559,27,0.9982526327072856
559,29,6.009596572458128
559,2,205.90130488957857
559,6,205.9074532196089
559,7,1.0086335880954254
559,8,170.5387496598594
560,10,4.630961609680651
560,12,1.0089692230720244
560,14,241.36659986039675
560,17,5.977421914503367
560,18,92.92544128516593
560,21,5.999198162648845
560,22,1.0058681264982354
560,23,205.91399234792817
560,24,2.29157477784618
560,27,15.651605798067145
560,29,15.664059301402618
560,2,15.578687416964145
560,6,79.26943124322166
560,7,1.0086082433122412
560,8,170.5387995319727
561,10,6.013503688255998
561,12,1.0089890130245038
561,14,204.29670529142362
561,17,52.6106451543304
561,18,241.36633064848792
561,21,130.65225208778577
561,22,1.0058333221281153
561,23,5.9988971792760255
561,24,2.291144334232099
561,27,241.36957164718555
561,29,6.012992668729235
561,2,15.577999061381398
561,6,79.26975885368878
561,7,1.008640596489185
561,8,65.65785711141707
562,10,5.585940425532233
562,12,1.0089721547377675
562,14,241.3666367755156
562,17,5.97734454613388
562,18,241.36639485448794
562,21,110.59294816727024
562,22,1.0058681110805967
562,23,205.91421213325114
562,24,2.290854397863277
562,27,15.651372679190953
562,29,6.0130753864443145
562,2,15.577663330426208
562,6,79.26954147889431
562,7,1.008619283523739
562,8,5.1285296558888955
563,10,1.0005167369883212
563,12,1.008984710882209
563,14,241.3667514717962
563,17,0.9964049698638178
563,18,241.36633997589394
563,21,130.6522945961814
563,22,6.004220441804338
563,23,79.27628180310887
563,24,2.2910431500223867
563,27,6.01412238466431
563,29,6.013302068519366
563,2,6.002115868600564
563,6,130.66396268116057
563,7,1.008641714478741
563,8,6.029195091856812
564,10,1.0004838267663718
564,12,1.0089726913119934
564,14,241.36668539580106
564,17,1.0069662702809348
564,18,241.36672949827144
564,21,130.6520999974427
564,22,170.5270311053187
564,23,1.000497835320684
564,24,1.9305776994189356
564,27,7.110174928523554
564,29,6.0198620417449815
564,2,1.0054300817146737
564,6,79.26940770091228
564,7,1.008631704096424
564,8,1.0021203249013526
565,10,5.585754010291292
565,12,1.0089971669370374
565,14,241.36665431096733
565,17,1.006979374210367
565,18,1.0055596818174033
565,21,6.001937109851839
565,22,241.3699065677325
565,23,1.0005318621209014
565,24,0.9963121220320481
565,27,6.013245980840575
565,29,6.019655335114339
565,2,1.0054397000888935
565,6,79.26933316058303
565,7,2.6625357995777827
565,8,170.54336043259238
566,10,6.001258371759154
566,12,1.008934083971254
566,14,241.36641278842933
566,17,1.0069783098103082
566,18,1.0055287285878816
566,21,1.0014724424518047
566,22,6.004763976457094
566,23,79.27647102428081
566,24,6.002144473231757
566,27,1.003592845985219
566,29,39.47281181555948
566,2,1.0053567798626384
566,6,79.26942585947512
566,7,1.0061980753775392
566,8,1.0021103577882275
567,10,14.515914093835498
567,12,1.0090108384464385
567,14,241.3665510930819
567,17,1.006962310741872
567,18,1.0055644115818394
567,21,1.0014351844900666
567,22,1.0071205552274716
567,23,130.6493169781515
567,24,129.0442307731494
567,27,1.0035508240569326
567,29,6.023684606567421
567,2,6.002517050569043
567,6,205.90753071846615
567,7,1.0061861140863408
567,8,1.0021209180844561
568,10,1.0076855735937738
568,12,92.92607883744319
568,14,92.92715305813276
568,17,1.0069779246632278
568,18,1.0054221161332952
568,21,1.0014730791177167
568,22,1.0071917480427448
568,23,205.91158296758752
568,24,210.34353300703543
568,27,6.013141769702034
568,29,6.023980489978739
568,2,6.002321541899878
568,6,205.90744703883144
568,7,1.006203611617039
568,8,1.0020769366421636
569,10,1.0077411922519142
569,12,241.3646091270851
569,14,1.0049779528649951
569,17,1.0069770970499574
569,18,92.9261738941729
569,21,1.0014511831506292
569,22,1.0071259175136333
569,23,205.91167007197865
569,24,129.04438116455137
569,27,15.338437278012266
569,29,6.0137208686198775
569,2,6.002679370725463
569,6,205.9075916163341
569,7,2.650841923233626
569,8,1.0021121971836493
570,10,1.0077198487096162
570,12,241.3645329927825
570,14,1.0048256129364574
570,17,1.0069753406415094
570,18,241.36465194256078
570,21,1.001472163039792
570,22,1.0071879353139677
570,23,205.91151871304402
570,24,129.04510290843507
570,27,6.010023020458387
570,29,6.013966743751244
570,2,6.002547601165425
570,6,205.90760431904047
570,7,2.6510516868838225
570,8,6.0279961234410155
571,10,1.0077414678404404
571,12,241.36457540827942
571,14,1.0049539966147671
571,17,1.006974852600436
571,18,241.36458328679507
571,21,1.0013710003103027
571,22,1.0070702666566973
571,23,205.91137350165909
571,24,6.001411713385893
571,27,6.010339934928317
571,29,1.0065641776868048
571,2,6.002476177163792
571,6,79.27403939632089
571,7,1.0062588218885633
571,8,0.9982507818222093
572,10,1.0077306200784992
572,12,241.3644897299858
572,14,1.0049817391950047
572,17,1.006976300069839
572,18,241.36466635112725
572,21,1.0014669580891296
572,22,1.0071483394932343
572,23,79.27672629669192
572,24,49.68772292411512
572,27,6.010158586457068
572,29,1.0065743698137606
572,2,15.585088802902352
572,6,0.9975280664550485
572,7,1.0060850601513023
572,8,0.9982388735371472
573,10,1.0077412557655077
573,12,241.36450361698434
573,14,109.79695663851767
573,17,1.006926703012497
573,18,241.36458512547716
573,21,1.0013725330688938
573,22,6.004595724370107
573,23,0.9963224713275922
573,24,49.68774130808585
573,27,241.36984678400233
573,29,1.006465518144485
573,2,5.995376046160359
573,6,6.013492522269854
573,7,1.0060857000579109
573,8,6.014502413103647
574,10,5.5862448998494765
574,12,241.36463593028927
574,14,92.9288761064703
574,17,1.006988103136492
574,18,204.2931106547522
574,21,1.2550635475670084
574,22,6.004357022145502
574,23,6.016791252190317
574,24,6.002285237654609
574,27,6.013019143088385
574,29,6.017087990515854
574,2,15.585032355592649
574,6,205.91073401857807
574,7,6.003993020785126
574,8,6.013566054992083
575,10,6.003341078189494
575,12,92.92579507781205
575,14,241.36592980526606
575,17,1.0069896977122177
575,18,241.36457270810627
575,21,1.0014731670828967
575,22,15.618343622610755
575,23,1.0081751250573747
575,24,6.001836194338264
575,27,6.013485639600931
575,29,6.016894223179982
575,2,6.002552734455711
575,6,205.9103739245803
575,7,1.007590269087487
575,8,65.65805914513174
576,10,14.529846164186683
576,12,6.004308434190025
576,14,241.3659216613337
576,17,1.006970163001327
576,18,241.36462780410844
576,21,1.001418464046325
576,22,6.00519757482296
576,23,1.0081442185149552
576,24,135.63288615080725
576,27,1.0054224375755556
576,29,1.0036120461781177
576,2,6.002498057872897
576,6,205.9102661861741
576,7,1.0075346764153288
576,8,65.65756258910181
577,10,5.585573070681564
577,12,6.004140233886803
577,14,241.36580081662694
577,17,1.0069706689364306
577,18,241.36457961994677
577,21,1.2949573933499083
577,22,6.005567780237255
577,23,1.0081655506803369
577,24,114.80279221155412
577,27,1.0053309230697325
577,29,1.0035994351435749
577,2,1.003620120394456
577,6,205.91055018480756
577,7,1.007543814622502
577,8,170.54309309395185
578,10,1.0058113921273089
578,12,241.37113353120824
578,14,241.365863394082
578,17,1.0069802664178829
578,18,241.36446154684813
578,21,1.4012217892823315
578,22,7.097402210873908
578,23,79.2908921402689
578,24,135.6329478709698
578,27,1.0054239653958765
578,29,1.003610858870716
578,2,1.0036204652958176
578,6,6.013708279813936
578,7,1.0075409794999128
578,8,65.65763370841928
579,10,1.0058313862302324
579,12,6.00202436299007
579,14,241.36603044649692
579,17,1.0069785318773619
579,18,241.36468877563098
579,21,0.9959184122212559
579,22,6.00519070033436
579,23,1.0081751824018914
579,24,0.9975394292023223
579,27,1.0053192802518565
579,29,6.01780423026887
579,2,6.009404238012434
579,6,6.014521977425558
579,7,1.0075787713281112
579,8,1.000522725554422
580,10,14.511041673609093
580,12,1.0073358316723544
580,14,92.91231793230924
580,17,1.0069894033256777
580,18,92.92298184503616
580,21,0.9959277719469446
580,22,0.9963203035002195
580,23,1.0081507067741695
580,24,52.23246701479454
580,27,6.012918520207876
580,29,6.017745011292838
580,2,1.0035994597132305
580,6,1.008828342960304
580,7,1.007557173146921
580,8,1.0005333769072502
581,10,241.36995986382172
581,12,1.0073948106404034
581,14,241.3659846852986
581,17,1.0069750550752516
581,18,5.999128321104572
581,21,0.9959387140365745
581,22,5.10492880203088
581,23,1.0081698213408732
581,24,44.23534966352831
581,27,170.50919133044977
581,29,1.0009881154999496
581,2,1.0036223043314667
581,6,1.0088113652157622
581,7,1.0075827442182792
581,8,65.6572382521415
582,10,1.0066383809078125
582,12,1.0074078055478717
582,14,241.3656717713137
582,17,1.0069722908750576
582,18,92.92306840193686
582,21,0.995944261051747
582,22,6.007817185754953
582,23,1.0080598988746061
582,24,52.232432426281434
582,27,144.29576553365928
582,29,1.0010090783954482
582,2,1.00354384267062
582,6,1.008825717318433
582,7,1.007541895066356
582,8,493.5007318765891
583,10,1.006649097979743
583,12,1.0074008596852204
583,14,241.36576422252452
583,17,1.0069773157752282
583,18,92.92302935782911
583,21,0.9959215288456216
583,22,6.007958862808771
583,23,1.202263111858442
583,24,1.0057138659971603
583,27,241.3679267849594
583,29,6.014155325555809
583,2,6.00735201237136
583,6,1.008767055149825
583,7,1.3050254407812547
583,8,493.5006908816411
584,10,1.0066364033046664
584,12,1.0073046355670083
584,14,241.36575899511294
584,17,1.0069884903407074
584,18,92.92266802150785
584,21,0.9959236290203526
584,22,1.0042863010809597
584,23,1.0081732746502725
584,24,1.0056644521814277
584,27,241.3681304772153
584,29,6.0137962499553845
584,2,0.9982393916640868
584,6,1.008829126454546
584,7,1.3054834000055564
584,8,493.5008690674499
585,10,1.0066448663590073
585,12,1.179064942703742
585,14,241.3659482795672
585,17,1.0069624658759118
585,18,241.36445292841458
585,21,1.208734657171088
585,22,1.0042708050390745
585,23,1.0081501301118534
585,24,6.014918610312048
585,27,6.010847477221838
585,29,15.657460349294137
585,2,6.00806364034476
585,6,1.0087483130932666
585,7,1.0065733861675952
585,8,493.50064705149725
586,10,5.601435457406312
586,12,1.0073648069055023
586,14,204.295345652494
586,17,1.0069765964719206
586,18,241.36466742393253
586,21,0.9959318539608075
586,22,1.0042823238954606
586,23,1.0081721896494091
586,24,20.12281059511154
586,27,6.010918928151465
586,29,15.657355533197578
586,2,1.0040568390050488
586,6,205.91421172084176
586,7,1.0065771717984573
586,8,493.50084668926354
587,10,1.0066538415323008
587,12,1.0072836356603085
587,14,241.36529353912084
587,17,1.0069759437747585
587,18,241.3644340131085
587,21,3.4780445584147337
587,22,6.004740278965459
587,23,79.27635304980919
587,24,6.0088200362146935
587,27,6.01107557281704
587,29,6.012060285787327
587,2,1.0040476500869744
587,6,1.0088170424234084
587,7,2.6541273708231667
587,8,189.99544932341598
588,10,1.0065223802417185
588,12,1.1793902299242633
588,14,782.1452773075373
588,17,1.1929754785978206
588,18,241.3644196596804
588,21,2.9572655730493214
588,22,6.004504763516961
588,23,205.91079163563387
588,24,135.63711415726098
588,27,6.0108221111101185
588,29,6.012039093721365
588,2,6.002336404134726
588,6,1.0088328483040545
588,7,6.004500607888262
588,8,189.99541413034575
589,10,14.528341525957682
589,12,1.1791586523726503
589,14,92.91512006296075
589,17,1.0069703013690692
589,18,241.36444184694935
589,21,3.4780541520474397
589,22,7.025865621346751
589,23,205.91097440093523
589,24,210.34543297916156
589,27,15.653823216245463
589,29,6.0120355760351485
589,2,205.9022967347538
589,6,1.0088271142029228
589,7,2.654639393178713
589,8,5.99878773159565
590,10,5.588954760787463
590,12,1.1796005948262938
590,14,92.91558067341816
590,17,1.0069755566534484
590,18,241.36443492341147
590,21,3.4776559476423703
590,22,6.0047236103580035
590,23,205.91070635391173
590,24,135.637235765449
590,27,15.653937403043198
590,29,7.10135729733391
590,2,205.9022551524434
590,6,1.0088037420162461
590,7,1.006746790111622
590,8,189.99549633337713
591,10,4.757294625656545
591,12,1.0074258719679534
591,14,170.54168775329998
591,17,1.006969674234055
591,18,241.36464105896027
591,21,3.478292703300279
591,22,6.00562496537303
591,23,79.27284767977923
591,24,6.013543005347757
591,27,1.0009782556065057
591,29,6.011971312598422
591,2,205.90211767896992
591,6,1.0088252141936742
591,7,1.006777984831471
591,8,224.47286369452098
592,10,5.589153501080972
592,12,1.0072788690222678
592,14,92.92760028141731
592,17,255.93704527356496
592,18,92.92597981310145
592,21,1.3408056912404938
592,22,6.005887456161225
592,23,79.27328916193079
592,24,6.013629982603842
592,27,6.006765943073138
592,29,6.0123063615764725
592,2,205.90231150780684
592,6,6.014505552425387
592,7,2.662632239420228
592,8,189.99555743417272
593,10,0.9962844129536972
593,12,1.0073500605896015
593,14,92.92772093721676
593,17,205.90788912865537
593,18,1.002478559014654
593,21,0.9996105540401414
593,22,6.005412401596754
593,23,79.27306889299783
593,24,1.0027737248652553
593,27,241.37009696368347
593,29,15.653447427854605
593,2,5.982590326651187
593,6,6.01407872601633
593,7,1.0067447554194953
593,8,241.36631814521655
594,10,5.586273732169948
594,12,1.0073645047473363
594,14,1.0051762919147729
594,17,205.9080763416173
594,18,6.014157165286923
594,21,1.0129047050163518
594,22,241.36423308337442
594,23,205.91653837133143
594,24,6.013571699807286
594,27,6.006564133860007
594,29,130.63757885416123
594,2,1.003087561668008
594,6,205.90920511385465
594,7,1.0067413184486798
594,8,241.3664750790232
595,10,7.090343529116998
595,12,3.0410985992216855
595,14,1.0051517157223167
595,17,205.90822315992568
595,18,92.92577418562308
595,21,1.014361626566135
595,22,241.36392141282042
595,23,6.007505452148555
595,24,52.21806856296256
595,27,1.0085677260370138
595,29,205.90398724198374
595,2,1.0030575095587908
595,6,205.90897939656992
595,7,1.0067390552930942
595,8,241.36679311791616
596,10,6.000816420643486
596,12,3.0407657284931524
596,14,1.0051712326988511
596,17,6.013921821242642
596,18,241.36646433097346
596,21,1.012947430189171
596,22,285.14831837843667
596,23,0.996320672688694
596,24,210.34578354811117
596,27,1.0085649877598586
596,29,6.013892636957647
596,2,5.983850319189397
596,6,205.908821312795
596,7,6.004767373503977
596,8,627.6130771927151
597,10,15.563737022885501
597,12,1.17079720999722
597,14,170.53774457585158
597,17,1.0040673848515507
597,18,92.92613132561397
597,21,3.4834511983251195
597,22,241.36093533200582
597,23,6.007127960015832
597,24,135.63183488888438
597,27,1.0085653492609428
597,29,6.014070932300278
597,2,5.983602681075455
597,6,205.90906487330426
597,7,2.6816708594789187
597,8,241.4934750101784
598,10,15.563424758714959
598,12,1.0036940320226995
598,14,144.34398135452943
598,17,1.0040377556472553
598,18,0.996242955910235
598,21,1.3259877651307104
598,22,285.1483599916698
598,23,79.27631101256772
598,24,135.6322760255536
598,27,1.008564809797126
598,29,1.00905247255354
598,2,5.9837808421788505
598,6,79.26014713374288
598,7,3.208697555628566
598,8,627.6110120368119
599,10,241.36977218811165
599,12,1.1748255701669228
599,14,241.3727901322867
599,17,1.0040635767861934
599,18,70.47308505063822
599,21,1.0251256997361278
599,22,241.36093560091737
599,23,205.91287386856675
599,24,5.998536067944253
599,27,1.1959803851895066
599,29,1.0090128282792756
599,2,5.072195916494106
599,6,205.9090461422608
599,7,1.0087166230455438
599,8,8177.902856099555
600,10,5.9966865101630935
600,12,1.0036559878748461
600,14,6.011602930668806
600,17,205.9080381717328
600,18,92.92576269564101
600,21,1.2819052936755453
600,22,285.1482991019891
600,23,205.91283215453475
600,24,135.633992252103
600,27,1.0085653817068483
600,29,1.0090585485877348
600,2,5.072815986204699
600,6,130.63437810146203
600,7,1.1924235489616049
600,8,271.2193420150244
601,10,1.0097597826124698
601,12,1.0036158874762817
601,14,6.011923169417532
601,17,205.9076425863235
601,18,241.36517155757076
601,21,1.025125603560852
601,22,241.36410010525051
601,23,79.27669259064739
601,24,52.21953044523271
601,27,1.0085698915971752
601,29,1.009053254803141
601,2,5.982676718136822
601,6,205.90919864634898
601,7,1.0087129221943734
601,8,144.3441510190691
602,10,1.2082342565646877
602,12,1.0035801613161723
602,14,0.9963267902297526
602,17,205.9079204573168
602,18,241.3652436567821
602,21,130.64136513092612
602,22,6.013931113828937
602,23,1.0055960007656237
602,24,1.0040761908841391
602,27,1.0085666118411556
602,29,15.666328150056332
602,2,205.9119961326766
602,6,205.90908483326947
602,7,1.0087309200387722
602,8,170.53860166582973
603,10,1.009751164469857
603,12,6.002467922916016
603,14,6.0118713809724955
603,17,79.26114753688859
603,18,14.998832418477406
603,21,130.641143927043
603,22,1.0051730726726777
603,23,1.005566730691739
603,24,1.0040588146689622
603,27,1.0085706027520356
603,29,6.0121462429334125
603,2,15.456495616488223
603,6,205.90876360115894
603,7,1.0087120200813962
603,8,1.3053828776223177
604,10,6.004197996779766
604,12,6.001626232901174
604,14,6.011841568220619
604,17,93.63062245807207
604,18,92.93268500567406
604,21,2.313762041146645
604,22,1.0051515268307352
604,23,1.0055827250111697
604,24,1.0040797676490198
604,27,1.0085744670609351
604,29,6.012391460808575
604,2,5.979406880812163
604,6,205.9090866321033
604,7,1.008728386165199
604,8,1.0275715718384983
605,10,1.009791392531949
605,12,6.001937196571271
605,14,92.92728180315565
605,17,79.26127919738167
605,18,92.93270104188686
605,21,0.9963190110824076
605,22,1.0051625390732264
605,23,6.0141197953038
605,24,6.0138078418900465
605,27,1.1957130598117347
605,29,6.012542777455519
605,2,5.974476584778204
605,6,79.27464967578949
605,7,1.0087073087255876
605,8,1.0275885432636525
606,10,1.009792783127729
606,12,6.0016946168346115
606,14,241.3696482108517
606,17,205.91366485022863
606,18,6.013558193526846
606,21,2.3137831152225434
606,22,6.014466305660153
606,23,6.0142070550654
606,24,52.22221758879525
606,27,1.0085665510763722
606,29,6.012248039011165
606,2,5.979439053887973
606,6,6.010780919431223
606,7,1.0087125231073308
606,8,1.0276574212024814
607,10,170.53814786168286
607,12,241.36719929347117
607,14,92.91309662583261
607,17,79.2739685301447
607,18,6.014288561559316
607,21,2.3137188426251747
607,22,92.92486870063973
607,23,79.27624016889182
607,24,52.222832191364674
607,27,1.0085702941527295
607,29,6.012049183009138
607,2,15.455095455900658
607,6,0.9963214489723651
607,7,1.0087086684005566
607,8,1.027317602180971
608,10,241.3647453659092
608,12,92.92657408288675
608,14,241.36565798760523
608,17,5.116345704111058
608,18,6.014164384139053
608,21,2.743645850581629
608,22,170.5438546418545
608,23,205.9143467436788
608,24,1.0046645456715337
608,27,1.0085654686451955
608,29,130.64566921396778
608,2,5.979419339276451
608,6,6.010881915743015
608,7,1.0087026096221416
608,8,1.2644703781152646
609,10,241.3647386615272
609,12,109.78973733792277
609,14,241.36527953218038
609,17,0.9963229340513617
609,18,1.0087661403768227
609,21,2.3134255958946417
609,22,6.003955016649215
609,23,205.9144510592117
609,24,210.34243371682564
609,27,1.008568402600595
609,29,130.64552914128166
609,2,5.979692701159811
609,6,79.27575762009904
609,7,1.0087093416209196
609,8,1.2591693498469336
610,10,241.36456575681166
610,12,1.0038472947703436
610,14,20301.044108250422
610,17,6.0214493733902845
610,18,6.0296167042535735
610,21,2.3139957246512353
610,22,6.004244890099478
610,23,6.010205645024238
610,24,15.001708370838504
610,27,2.6600186910898573
610,29,6.013829265281867
610,2,5.9797433089712655
610,6,79.2757876166858
610,7,2.656933825986023
610,8,1.0277219422538355
611,10,241.36456105758717
611,12,1.0038225654211743
611,14,17182.802255704864
611,17,6.020792337607248
611,18,1.2039903807361112
611,21,0.9963225298682561
611,22,92.92476755659298
611,23,6.010425292284859
611,24,210.34258785475842
611,27,1.0068450958288224
611,29,6.0139724680651145
611,2,5.979488191406284
611,6,67.11250003528193
611,7,2.262003994572284
611,8,1.0276921436840665
612,10,241.3645521580127
612,12,1.0038467171774874
612,14,20301.044158613222
612,17,0.9963175731405913
612,18,1.00876553404939
612,21,5.998621613298038
612,22,241.37061309286042
612,23,6.0103869296943655
612,24,210.34226142978076
612,27,1.0068354183470793
612,29,1.0077342033460326
612,2,7.042660017564787
612,6,205.9092423571139
612,7,5.986119113452894
612,8,1.027054670911288
613,10,241.36457358115035
613,12,170.54156442285648
613,14,241.36549230479523
613,17,6.014192534728953
613,18,92.92616387936256
613,21,5.99813206695957
613,22,6.013608399056195
613,23,6.0104972065206965
613,24,210.34210610704667
613,27,1.0068372662032132
613,29,1.0077233453797279
613,2,0.9963232389321615
613,6,174.28637263361156
613,7,5.052597813972933
613,8,1.259244530858238
614,10,92.92567988693862
614,12,170.5412011472489
614,14,92.91760517759346
614,17,79.27495325369121
614,18,170.53783317390844
614,21,205.91206283288506
614,22,6.014684773104015
614,23,79.28474939426961
614,24,210.3422533068142
614,27,1.0068328288746544
614,29,1.0076715898068356
614,2,5.983275753705261
614,6,205.90915147571744
614,7,205.91201844448494
614,8,1.2590948133968478
615,10,92.92622997890922
615,12,144.3519080876038
615,14,92.91720097178762
615,17,79.27539192315339
615,18,241.36629791749962
615,21,5.99655352838945
615,22,5.1187173772162735
615,23,1.0014270416757833
615,24,210.3423054357532
615,27,2.6581244475733206
615,29,6.020336451883266
615,2,5.985094375451416
615,6,205.90901485890484
615,7,5.0537593623523165
615,8,1.0277378340093177
616,10,1.0136737227669874
616,12,144.35151676974374
616,14,241.3671860540589
616,17,130.6646510828146
616,18,241.36649050040444
616,21,1.0028014554591067
616,22,6.021766727351141
616,23,1.001413398859361
616,24,6.019778821775575
616,27,1.0084283857537288
616,29,6.02030427707152
616,2,1.0085865816568527
616,6,205.90915819883162
616,7,5.98655017803565
616,8,1.0274875957924596
617,10,1.0136408049691301
617,12,241.37184578034677
617,14,241.36679675000912
617,17,6.005178285560973
617,18,6.014388271925357
617,21,5.9983622858688594
617,22,0.996317444286575
617,23,6.0133886710056546
617,24,7.132807115109403
617,27,1.0084243269945343
617,29,1.0064000752313884
617,2,1.0085796572394985
617,6,79.26759153975635
617,7,1.0073955912013952
617,8,1.027018163922497
618,10,1.0136713381532472
618,12,92.92656169971238
618,14,241.36693573577844
618,17,6.004743955772797
618,18,0.9963250093713532
618,21,205.9128600368056
618,22,92.93707354559804
618,23,205.9093847291479
618,24,0.9963228186564059
618,27,1.0084275895248656
618,29,1.0064110285862853
618,2,1.0085495259678394
618,6,79.26748029459787
618,7,1.0074888466449394
618,8,1.027467852106204
619,10,1.2167186742487122
619,12,92.92696015081508
619,14,241.36716652490816
619,17,79.28922003367624
619,18,6.014988754552841
619,21,5.998268083882621
619,22,6.0052626319878115
619,23,205.90919093986471
619,24,6.020255664391051
619,27,1.0083703494888177
619,29,6.014632371056975
619,2,1.0085794678218445
619,6,205.91018842950427
619,7,2.6626039341749586
619,8,1.5810484114580543
620,10,1.0136689847462703
620,12,6.013725848864867
620,14,1.0148717740440585
620,17,6.0051791633454545
620,18,0.9963338082342403
620,21,1.0127338683650757
620,22,92.92544782611338
620,23,1127.1274307042825
620,24,80.98264452354663
620,27,1.0083664232557945
620,29,6.013611032974598
620,2,5.990094783060245
620,6,79.27396030768274
620,7,1.0078522302884005
620,8,1.312729471699682
621,10,92.92661991600528
621,12,1.00631935239796
621,14,1.0148651000579996
621,17,0.9963223389274658
621,18,92.92616687504577
621,21,1.0127299802814047
621,22,241.3670829065423
621,23,205.90920234052703
621,24,210.34416944432584
621,27,1.0083631878017947
621,29,7.116282381872258
621,2,1.0172374252332306
621,6,93.65907995137677
621,7,1.007258761153941
621,8,1.5811237507857427
622,10,170.54096257976025
622,12,241.3690149298833
622,14,1.2275918677754305
622,17,205.90879129801638
622,18,92.92576121400583
622,21,1.0127273546870796
622,22,241.36716252663362
622,23,205.9093170582907
622,24,1.0021836741955212
622,27,1.0084331976773129
622,29,6.015698623002407
622,2,1.2235490275094474
622,6,0.9963231649924964
622,7,1.0072342650486563
622,8,1.313211926675141
623,10,0.9963207128958391
623,12,241.36872796811988
623,14,1.0191265874894508
623,17,205.9084513848155
623,18,241.36825878133303
623,21,1.0127292556857732
623,22,241.36710113406247
623,23,79.27608850101427
623,24,1.0021739433869845
623,27,1.0084274576798489
623,29,6.015861898761871
623,2,1.0172360431008345
623,6,6.021896262650925
623,7,1.007241144223312
623,8,1.5805907445438496
624,10,6.0087858490628525
624,12,241.36885790909065
624,14,241.36854394143032
624,17,205.90849038080123
624,18,241.36824879112774
624,21,1.200505885797976
624,22,92.92496748612636
624,23,79.2763760152955
624,24,6.014296869162216
624,27,1.008413496383751
624,29,6.015537083909268
624,2,1.2235420994961501
624,6,6.021641626626872
624,7,1.0085860679972445
624,8,0.994330237064891
625,10,92.92626283163676
625,12,92.91973040542592
625,14,5.998814822152824
625,17,205.90841439627928
625,18,6.009108677151751
625,21,1.0127332080487204
625,22,6.00656023145083
625,23,1.0071229109049797
625,24,95.66115996082101
625,27,1.0084145320440836
625,29,370.8188308170395
625,2,1.0172362549491671
625,6,6.021896325574835
625,7,2.65293054996011
625,8,0.9950063031722358
626,10,241.36713228622273
626,12,5.999234018655495
626,14,5.999486531512201
626,17,79.27409011865093
626,18,92.92638312217892
626,21,1.012741628825287
626,22,0.9963237837664067
626,23,1.0071173013013022
626,24,210.34791085324784
626,27,1.0084319835923257
626,29,313.8591447153672
626,2,1.0172114234354517
626,6,5.11873777597991
626,7,130.65261773771755
626,8,0.9950088728620345
627,10,241.36667893468513
627,12,92.91947489221697
627,14,1.0092441169721287
627,17,1.0053269733742738
627,18,241.36487632370358
627,21,1.012736016967808
627,22,6.006624163118367
627,23,1.0071197307060942
627,24,95.66151562521895
627,27,1.008417508957188
627,29,9246.924698902874
627,2,1.017236331814626
627,6,6.014894139789055
627,7,2.6530526944192445
627,8,0.9949155183971206
628,10,5252.951435908511
628,12,241.37180723134398
628,14,1.0092706042602249
628,17,1.0052876310189376
628,18,241.3647781331112
628,21,1.2002297995624094
628,22,74.82876223425752
628,23,6.014589881387456
628,24,80.97559418149717
628,27,1.0084149919994632
628,29,205.91316694614687
628,2,5.987535230715024
628,6,6.013952078230394
628,7,1.0077458396697114
628,8,0.995008783810249
629,10,2022.369252086019
629,12,92.91671653281469
629,14,1.0092405409519536
629,17,205.91390881287862
629,18,241.3648915505991
629,21,1.2011702694016364
629,22,92.93983665938902
629,23,6.01398076602884
629,24,80.95291951162706
629,27,1.0084219863459865
629,29,205.9133959047958
629,2,5.980801074873128
629,6,205.91455390758537
629,7,1.0078143470331327
629,8,6.00200316552894
630,10,5252.951370207506
630,12,92.91635191099721
630,14,1.009274303107528
630,17,6.014889193421462
630,18,241.36517363976236
630,21,1.0127362427431823
630,22,5.999732407721769
630,23,79.27705145774927
630,24,287.98292689742766
630,27,1.0084254843918936
630,29,79.27429338344804
630,2,5.087133923606855
630,6,79.27461459558496
630,7,1.0078161898416695
630,8,241.3646682622793
631,10,241.36354224283622
631,12,254.91301583168956
631,14,1.009249537435541
631,17,6.01554761166946
631,18,241.36497484366257
631,21,1.0127284345722423
631,22,63.33527399164686
631,23,79.27639179040489
631,24,210.34553010710349
631,27,1.00842490020554
631,29,205.91717873141067
631,2,130.65019272760486
631,6,0.997608370107252
631,7,1.0077909136337198
631,8,241.36452092795892
632,10,2022.382746365936
632,12,254.91328046348863
632,14,1.0092454457509827
632,17,0.9963235807401771
632,18,241.3649874545426
632,21,1.0127349033053008
632,22,241.3675084217736
632,23,205.9112915737155
632,24,248.52941745834278
632,27,1.0084263300578158
632,29,205.91723240355316
632,2,130.65002919997514
632,6,6.028798355847579
632,7,1.007627475827304
632,8,241.36488421161866
633,10,2022.3824375248985
633,12,254.91329179862362
633,14,1.0092862176832798
633,17,6.015540422468611
633,18,241.36504081878604
633,21,1.0127279361831567
633,22,150.22445033558517
633,23,205.91143371220414
633,24,135.60541414599908
633,27,1.0084278608125548
633,29,0.9963242685211062
633,2,130.65006131138122
633,6,0.9976042515614241
633,7,1.007797022458548
633,8,1.0064031889221123
634,10,5252.943406133445
634,12,215.75834458507032
634,14,1.0092775209278226
634,17,6.015135101000824
634,18,241.3649532291886
634,21,2.678247930579211
634,22,241.35905190765604
634,23,6.014560675051426
634,24,210.34270281243423
634,27,1.0084193539045874
634,29,6.000487245490106
634,2,6.010715487156576
634,6,205.9082228758857
634,7,2.6569152471368724
634,8,92.93804276401123
635,10,5252.943145557417
635,12,241.36724911197228
635,14,1.009236309838827
635,17,6.015551949916455
635,18,92.92536970904358
635,21,2.677728167605691
635,22,241.36841011980738
635,23,1.0040724141043285
635,24,210.34223036161956
635,27,1.0084273478545835
635,29,93.6730888040027
635,2,0.9963222407541448
635,6,205.90798287400628
635,7,2.6572786994408677
635,8,92.93802828322197
636,10,4254.054024038091
636,12,254.91994404239784
636,14,1.0092705299761189
636,17,0.9963226392034272
636,18,6.014295155364227
636,21,2.6778438499893085
636,22,241.36329503484407
636,23,1.004073961057693
636,24,135.6354828791685
636,27,1.0084201757562656
636,29,93.67187736175161
636,2,6.010912643727982
636,6,205.90780456144452
636,7,1.0029925689093249
636,8,78.69110501003094
637,10,5252.938507017318
637,12,98.14172226967273
637,14,1.0092826561973993
637,17,6.014546888535058
637,18,1.0257679448586154
637,21,1.0121629681761402
637,22,241.36342202042795
637,23,79.27655337305731
637,24,80.96852907580423
637,27,1.00842878231101
637,29,79.28132814303231
637,2,6.010600064833387
637,6,205.90771209222282
637,7,1.0039924618817189
637,8,92.93833787177053
638,10,4446.086338719485
638,12,241.36753868302236
638,14,1.009274498205369
638,17,1933.244748107595
638,18,1.2426288501234133
638,21,1.0121599645850354
638,22,241.3634238388484
638,23,205.90940966201092
638,24,100.47888868223001
638,27,1.008418120406624
638,29,79.28135367918463
638,2,205.91055071616933
638,6,205.90795930127
638,7,6.001288406265371
638,8,78.69180332597357
639,10,5252.938548539634
639,12,215.75864395950228
639,14,1.009247486364802
639,17,744.269532945441
639,18,1.0257558002145695
639,21,1.0121586292751195
639,22,241.36339019981776
639,23,7445.737522360864
639,24,210.3425418039843
639,27,1.0084141279727357
639,29,205.91631085467324
639,2,205.91053997735017
639,6,205.90796955374293
639,7,2.6474806801932047
639,8,92.93815322144377
640,10,4446.086593543332
640,12,254.9133777234646
640,14,1.0092559304480524
640,17,879.2956745583743
640,18,1.242614719479059
640,21,1.0121656969468953
640,22,241.36333146208776
640,23,205.90922251999737
640,24,210.34265080714312
640,27,1.0083672741765728
640,29,205.91616451181144
640,2,174.2872277103661
640,6,5.962614076872609
640,7,1.0023331185543665
640,8,78.69143129313181
641,10,5252.940901486422
641,12,241.36636431930398
641,14,1.0092820418430728
641,17,744.2693762821731
641,18,1.0257563002291015
641,21,2.6861834394323374
641,22,241.36888833568267
641,23,205.90961969015004
641,24,210.34260244178827
641,27,1.008406991607285
641,29,79.26821300746315
641,2,205.91047283356315
641,6,5.963120735957736
641,7,1.0002295628818345
641,8,241.36448875966863
642,10,5252.9405870717765
642,12,241.3668129294645
642,14,1.009246063353034
642,17,2284.0486184136967
642,18,1.2424501198950209
642,21,1.0121595946370405
642,22,241.3645949014386
642,23,0.9963390752060528
642,24,210.3425196304311
642,27,1.008373186058038
642,29,5.99919141042241
642,2,79.26436502545224
642,6,0.9963255667139368
642,7,2.647479114737493
642,8,241.36415733551644
643,10,6984.815683549169
643,12,98.13280495275546
643,14,1.1955517443223975
643,17,1933.2312545251407
643,18,1.0257475309742947
643,21,1.0121473385919293
643,22,241.36343586823983
643,23,6.009750463671423
643,24,210.34269908414956
643,27,1.0084129789401892
643,29,130.6627800520632
643,2,205.90863298733603
643,6,6.947438653283753
643,7,5.990013878436144
643,8,241.36406583921755
644,10,5252.94065145423
644,12,98.13302888620314
644,14,1.0092533819646432
644,17,7382.864647783251
644,18,1.2425355020069482
644,21,1.0121558241129058
644,22,241.36342572077731
644,23,6.009770112885958
644,24,80.9679744299192
644,27,2.6560301952583494
644,29,6.005306650485151
644,2,205.9084850335272
644,6,5.949096172843761
644,7,205.91276432536026
644,8,241.36413906482093
645,10,5023.087469674828
645,12,98.13295329149577
645,14,1.0092775267468284
645,17,3666.3373883623112
645,18,1.241950766989591
645,21,1.0121470426930532
645,22,241.36353164847537
645,23,6.009754830906264
645,24,135.63578134000122
645,27,1.0015695606044348
645,29,130.65023297039207
645,2,2765.1246403920077
645,6,6.8851002666515555
645,7,2.6480378757171676
645,8,241.36412305847
646,10,5.99935165751193
646,12,254.92340136695574
646,14,1.009280819898751
646,17,7382.864953913071
646,18,1.2425983262423852
646,21,1.0121554242029482
646,22,170.5232481745755
646,23,130.65291260556364
646,24,210.34813669548913
646,27,2.656080148437338
646,29,205.9158694147274
646,2,205.90840112945676
646,6,5.9458590883485645
646,7,1.0085921493928893
646,8,241.36424573786576
647,10,241.37213849491783
647,12,254.20342806808634
647,14,2.670423490198269
647,17,1933.2253224704025
647,18,1.0257680087979724
647,21,1.0121473978610283
647,22,241.36359836164294
647,23,297.8040389817328
647,24,6.014616004991421
647,27,2.6557882433291944
647,29,205.91573125177413
647,2,205.90884328054923
647,6,7.36930122074037
647,7,1.0093023231978666
647,8,241.36435241626705
648,10,6.009382384065384
648,12,6.012435254201488
648,14,1.0092847251753785
648,17,7382.864652724872
648,18,92.92628023958174
648,21,1.0121561774757843
648,22,241.3632924496106
648,23,127.67658953959706
648,24,1.0069565147823862
648,27,1.0077567928810005
648,29,205.91583950536008
648,2,174.2891211053716
648,6,6.210965583646686
648,7,1.0086474385824848
648,8,241.36450358371607
649,10,6.009657338943658
649,12,6.0144605699329095
649,14,1.009245675453677
649,17,1933.2399128928528
649,18,92.92576631861058
649,21,1.0121482187839064
649,22,241.36343809827162
649,23,6.005061150586896
649,24,1.0069535788638486
649,27,1.0077500035048539
649,29,6.003468810935754
649,2,205.91022667776022
649,6,7.368927908568979
649,7,1.0086411867795215
649,8,241.36438209892032
650,10,6.009435433601934
650,12,1.0107538436361256
650,14,1.0092778100013273
650,17,1933.2402188541607
650,18,241.36718510293485
650,21,1.012154172340706
650,22,241.36328007059797
650,23,205.91413275827213
650,24,210.34269063578068
650,27,1.0077516917705829
650,29,0.9963258824088985
650,2,79.27546194535945
650,6,7.36888896840967
650,7,1.0093289416771984
650,8,241.36435706880232
651,10,241.3762459157801
651,12,1.2094670887247219
651,14,1.0092458487971907
651,17,205.90802807902799
651,18,170.53882086204155
651,21,1.0121505453177644
651,22,241.36890427818443
651,23,130.65037392247206
651,24,210.34235314535042
651,27,1.0077516971161948
651,29,79.2803010206053
651,2,6.008373294316811
651,6,6.0144983763330195
651,7,1.0086408891318683
651,8,241.3643136820976
652,10,1.009865691207441
652,12,1.0107425404998622
652,14,1.0092760816329136
652,17,205.90785893630317
652,18,5.1300494147704825
652,21,1.0121599587430472
652,22,241.36354924049533
652,23,79.27732578309752
652,24,210.34257211974383
652,27,1.007773482995579
652,29,205.91525738471634
652,2,6.008582399581004
652,6,0.9963233805547027
652,7,1.009281913139386
652,8,241.36453067696453
653,10,1.0054296235327653
653,12,1.010645560835787
653,14,1.0092573090818213
653,17,6.006646203608785
653,18,6.02956599005252
653,21,1.01216726667053
653,22,92.88416845296314
653,23,6.013984398271149
653,24,80.96775466110793
653,27,1.0077526507025878
653,29,205.91502609727556
653,2,6.008131255999891
653,6,6.028436300244371
653,7,1.008600143069983
653,8,6.009352775409698
654,10,1.0054223940653957
654,12,1.0107372741047156
654,14,6.00517946700152
654,17,0.9963240624005136
654,18,0.9963302752884005
654,21,6.007662685473658
654,22,92.88392841937848
654,23,6.014497730310522
654,24,210.34114196524214
654,27,1.0077717948407772
654,29,205.91512370820547
654,2,79.27630338635046
654,6,1.0058790789530914
654,7,1.0092740147868415
654,8,6.009508148639155
655,10,1.0054265477341842
655,12,1.0106920057436852
655,14,1.009246508759147
655,17,250.848197807557
655,18,6.029573013377711
655,21,2.299438260132966
655,22,109.65564730682101
655,23,1.0083792924595096
655,24,210.34102003363168
655,27,1.0077548227842055
655,29,205.91505051060983
655,2,205.91134466175336
655,6,1.0058799636675388
655,7,1.0085898842592655
655,8,6.00966795617148
656,10,1.005419668883449
656,12,1.0107313977335872
656,14,1.0092488266091664
656,17,212.3177515197087
656,18,5.130436765666042
656,21,205.91084923190078
656,22,1.0067823433906362
656,23,1.0083850561680867
656,24,219.98556121504586
656,27,1.007748529662016
656,29,67.47734102182311
656,2,6.0120837968967376
656,6,6.035890242436359
656,7,1.0092796035751794
656,8,6.009448399195685
657,10,6.013442351893697
657,12,1.0107503881103002
657,14,1.009253551961593
657,17,534.8172002279083
657,18,6.01448684082548
657,21,205.91061723789142
657,22,1.0068242578346789
657,23,205.9113684438835
657,24,194.91563038810767
657,27,6.007272104086084
657,29,79.48334323630165
657,2,6.012446333086393
657,6,5.140478082818318
657,7,1.0085910563513396
657,8,6.0095465056514605
658,10,170.5463305064034
658,12,1.0107629805753735
658,14,1.0092387642054383
658,17,534.8168920157945
658,18,241.36499531718377
658,21,205.91040679404284
658,22,1.0068324828003385
658,23,6.004186704914796
658,24,1.0059817506631585
658,27,2.2988260219217818
658,29,6.011215728065521
658,2,6.0120306258556715
658,6,7.348351060863251
658,7,2.6550443912558386
658,8,6.009294937587303
659,10,5.998816267978222
659,12,1.0107001892588334
659,14,2.6552548039928414
659,17,205.9104492556612
659,18,241.3646318947638
659,21,205.91032101114453
659,22,1.0067774851583646
659,23,205.90994875461826
659,24,1.0059958905843072
659,27,6.007206953483696
659,29,6.011386757704242
659,2,79.29083063029513
659,6,6.048246412846401
659,7,2.6545250250240118
659,8,6.009565715399587
660,10,241.3763659522761
660,12,1.0107562766588076
660,14,241.37028235032923
660,17,205.9104303376881
660,18,241.36464462273838
660,21,205.91053877605776
660,22,92.93642021245662
660,23,205.90964305873527
660,24,1.0059874908942144
660,27,2.299214583870363
660,29,6.0112048754257925
660,2,6.012264455265626
660,6,7.380221724453295
660,7,2.6549510921348496
660,8,6.009389445230809
661,10,1.0097062549525573
661,12,1.0107044219679375
661,14,1.008557721379609
661,17,243.2883680132432
661,18,241.36480175647438
661,21,6.007679165671918
661,22,92.9363274770024
661,23,4219.146835002688
661,24,6.023600500575041
661,27,6.002272578380465
661,29,6.011111482250588
661,2,0.9963159758097353
661,6,19.1715747116152
661,7,0.9985094889859996
661,8,241.36808210369128
662,10,1.009695147959059
662,12,1.0107469305983168
662,14,1.0085361045151906
662,17,6.013250912871013
662,18,241.36492431158896
662,21,6.008074683960062
662,22,6.014597917946126
662,23,205.90953678331255
662,24,2.903235681872528
662,27,3148.865027603105
662,29,6.011424047136771
662,2,6.01259404726143
662,6,19.171538540897025
662,7,2.6547924314266123
662,8,6.009658023703816
663,10,1.0096964367244174
663,12,98.14222174903537
663,14,1.0085196210796683
663,17,6.0143242628351405
663,18,5.132131872728678
663,21,117.27805764079831
663,22,1.0125440879966838
663,23,5.999413403859952
663,24,67.20221525687835
663,27,3148.864916944926
663,29,6.000720212461588
663,2,6.01223088812594
663,6,1.005338153250075
663,7,1.0092144674462338
663,8,6.010047070574144
664,10,1.0096840018383935
664,12,170.55234013021717
664,14,6.0028381317833475
664,17,1.0093234460038003
664,18,6.029582011987001
664,21,205.9113974598589
664,22,1.2157370824416383
664,23,130.6526245663474
664,24,6.013726876215611
664,27,3148.8650604616723
664,29,79.29341281320758
664,2,205.90991412944126
664,6,1.0053250126315252
664,7,1.0084812178164988
664,8,1.010214251695829
665,10,1.0096922615160926
665,12,98.14222575438309
665,14,241.3671120677185
665,17,1.0093101567366025
665,18,1.0057548373162541
665,21,79.27588167270505
665,22,1.0125482770952399
665,23,205.91655805802176
665,24,1.0071878412010564
665,27,3148.8650137874342
665,29,1.0028027370731003
665,2,6.013241469151148
665,6,1.0053340997889224
665,7,1.008515633867031
665,8,1.0102185411222173
666,10,1.009698305781857
666,12,1.003100198441012
666,14,144.33740341793887
666,17,1.0093189433717953
666,18,1.0057556328640365
666,21,2.0792879486544447
666,22,6.026400613653963
666,23,79.27650718583844
666,24,1.007198785098982
666,27,1212.3138137687515
666,29,79.27915767211675
666,2,1.0010047250015637
666,6,130.64785671679226
666,7,1.0084996482018642
666,8,1.010211158057798
667,10,1.0097022187609248
667,12,1.0030813643695033
667,14,170.53083469531805
667,17,1.0093091442211257
667,18,6.014024444192116
667,21,1.0042775426964763
667,22,1.0053323234912392
667,23,6.007932955237631
667,24,6.026739349946951
667,27,241.37814808244474
667,29,205.91418072248155
667,2,6.029650191921649
667,6,110.5835182215333
667,7,1.0084649095135028
667,8,1.0102214072133062
668,10,1.0097033735558139
668,12,6.013513343796253
668,14,6.035503438880513
668,17,1.009318014444423
668,18,241.3690805636767
668,21,1.004273088502452
668,22,1.0053191390967608
668,23,79.28484914035495
668,24,1.0010089121132042
668,27,6.013619128438197
668,29,205.91420528395648
668,2,6.028932055517087
668,6,130.64800638901892
668,7,1.0084560173216337
668,8,1.0101867120491033
669,10,6.0131130797642705
669,12,241.36670410197064
669,14,7.1704095104943475
669,17,205.90891386595123
669,18,170.53473093390792
669,21,205.91088208455702
669,22,1.00532718837992
669,23,6.007898205391743
669,24,1.0013019270257484
669,27,1.00969576893407
669,29,79.27615563658662
669,2,5.131095574067053
669,6,130.64792167395126
669,7,1.0084408433015337
669,8,1.0102153364014281
670,10,241.37070159200235
670,12,263.4610791861587
670,14,1.0028048668977805
670,17,205.90898466176418
670,18,6.014072279375718
670,21,79.2757055411328
670,22,92.93588335801785
670,23,79.27642947731763
670,24,970.2382572745246
670,27,1.0096985509339431
670,29,79.27614718089605
670,2,79.28893791297233
670,6,6.014151773212383
670,7,1.0084757148176005
670,8,6.016811434830843
671,10,204.30438517127493
671,12,101.43013011403767
671,14,1.0028191758863558
671,17,205.90873430038283
671,18,0.9995313039540417
671,21,5.9982179051161175
671,22,6.0006972535595215
671,23,130.6644711177457
671,24,210.35427706536134
671,27,1.0097054703200765
671,29,130.64955489093802
671,2,6.002056736022496
671,6,1.0068129822438836
671,7,1.008421573910546
671,8,1.2077365444381067
672,10,241.37088428790133
672,12,6.0074823961469335
672,14,65.65624437881033
672,17,6.010741156979944
672,18,92.93295954165981
672,21,93.66046655300349
672,22,241.3655442714421
672,23,79.27638391032184
672,24,6.002329649029629
672,27,1.0096891209330119
672,29,205.91480354640294
672,2,205.91043545356723
672,6,1.0068162129119322
672,7,2.660879335938965
672,8,1.0102123496174356
