δ,Ψ,objective,PV,Wind_Onshore,Wind_Offshore,Gas,Nuclear,BESS_P,BESS_E,Duration,LDES_PHS_P,LDES_PHS_E,Duration_PHS
0.6,0.5,5.29E+08,178.8675532,40.69156989,118.0802311,25,4,0.00012567,0.000502592,3.999297498,12.36312917,242.0700985,19.58000237
0.4,0.5,5.27E+08,176.7088657,41.39570595,116.4989785,25,4,0.000195474,0.000781777,3.999393373,12.03602812,234.2088367,19.45898052
