Time,Scenario,price_model
1,10,201.64751245993352
1,12,0.9986644261902073
1,14,5.9981316039811885
1,17,5.998408815102993
1,18,1.002805851955908
1,21,5.997605580536704
1,22,0.9962592595644093
1,23,202.30744411183258
1,24,1.0043221151007957
1,27,127.16585161962979
1,29,2.5911297511969344
1,2,0.9973696719346963
1,6,0.9891816313829995
1,7,1.0004631884746225
1,8,2.574336018725254
2,10,15.625146928050434
2,12,0.9986427567267402
2,14,5.075104372973513
2,17,202.80608389236133
2,18,202.29389560016097
2,21,5.997750881625086
2,22,0.9962462986060601
2,23,202.30713055988846
2,24,5.999525192658093
2,27,202.80909525516225
2,29,1.000169408738648
2,2,0.9974124524251362
2,6,0.9892299672022498
2,7,1.0004996279394112
2,8,0.99687825468797
3,10,6.007780871428025
3,12,0.998642308322915
3,14,5.998028971210784
3,17,5.997816743057599
3,18,202.2937646210446
3,21,5.997631373905893
3,22,0.996278460326586
3,23,202.30748311036942
3,24,202.80978775134943
3,27,202.8090554050176
3,29,1.0001612391109553
3,2,0.9974148289948817
3,6,202.30050397151547
3,7,1.000498808605795
3,8,0.9968067223569816
4,10,1.0057433362890311
4,12,0.9986129279403944
4,14,1.0002253316751384
4,17,5.997865523509466
4,18,202.29385587028332
4,21,1.0057164504376397
4,22,0.9962204508888757
4,23,5.999177670155935
4,24,5.999428363984595
4,27,127.16957108802222
4,29,2.58725726276357
4,2,0.9974010312097015
4,6,202.30046170000392
4,7,1.0004825456742799
4,8,0.996787055494166
5,10,6.007941466107377
5,12,0.998659441934489
5,14,1.0001677097102215
5,17,1.003714907075718
5,18,5.999945678191998
5,21,5.997702978091091
5,22,0.9962577957650227
5,23,1.0028120067394122
5,24,2.316393620524181
5,27,202.80909411664544
5,29,0.9994265468127601
5,2,0.9974326810286396
5,6,126.58843481128245
5,7,2.5984056670337026
5,8,2.5804915803746837
6,10,6.007962367736836
6,12,0.9986169304240899
6,14,1.0002637554116518
6,17,2.307351362568978
6,18,1.001847775657592
6,21,5.997662057746904
6,22,202.80901371314107
6,23,6.000303780934653
6,24,5.9990020484508335
6,27,78.08770381596887
6,29,0.9995157664196874
6,2,0.9973362229991762
6,6,6.004642316014445
6,7,3.0721385728947945
6,8,127.15774709733657
7,10,6.007817161008926
7,12,0.9986587499695965
7,14,5.994922885892985
7,17,1.9513574702790724
7,18,202.30058145397524
7,21,1.0017042509998442
7,22,202.8089656731534
7,23,202.30800221619515
7,24,5.99904021803301
7,27,171.6566799582059
7,29,0.9994746095468034
7,2,0.9974440313278832
7,6,6.004695138273825
7,7,2.598815261725427
7,8,0.9965453993548552
8,10,6.007780577585449
8,12,0.9986081589816305
8,14,1.0010134925552885
8,17,2.307355072183517
8,18,330.0527011289917
8,21,1.0017002843326201
8,22,78.08347735327084
8,23,171.23897857370795
8,24,5.9990190312451634
8,27,202.80917834098707
8,29,0.9994994153941521
8,2,1.1800806121536969
8,6,202.30073029886708
8,7,2.598770977036776
8,8,0.9963766532886851
9,10,202.29511798086418
9,12,0.9986596339100204
9,14,1.000914894135473
9,17,2.3073821825737735
9,18,202.30074465061014
9,21,2.3103313647743695
9,22,78.08338958686447
9,23,202.30803867583086
9,24,2.316481024933746
9,27,202.80903751228973
9,29,5.9945390727328824
9,2,0.9974378700851441
9,6,202.3007165617062
9,7,5.994564009354271
9,8,0.9965982584906952
10,10,15.624052539033869
10,12,0.99861591597403
10,14,2.592853097612978
10,17,2.3073854360045445
10,18,202.3007044441641
10,21,5.995578345645313
10,22,6.006415204171798
10,23,202.3079937476577
10,24,5.999046115278967
10,27,202.80912853771457
10,29,0.9991613647172555
10,2,0.9974240579781029
10,6,202.3008214545079
10,7,2.598533605446689
10,8,0.9965340719468836
11,10,15.624017570742582
11,12,0.9986560859965721
11,14,5.994729056337031
11,17,1.005816405149237
11,18,202.30070519259144
11,21,2.3108629228032456
11,22,78.08346645932643
11,23,202.30795238177242
11,24,2.3164493963439563
11,27,202.80905822152206
11,29,0.9994887244160688
11,2,6.000431044204027
11,6,202.30072540216167
11,7,1.001784222467669
11,8,0.996515046505408
12,10,6.010409430421284
12,12,0.9985513845621599
12,14,2.5928326310535157
12,17,2.308827314471035
12,18,126.95310079776417
12,21,2.3106986119599053
12,22,78.08354849115804
12,23,202.30799576066846
12,24,5.999472935107308
12,27,202.80916621252103
12,29,0.9994974213584156
12,2,78.03533019680673
12,6,202.30072599163628
12,7,2.598238164145682
12,8,6.000449096642082
13,10,15.620859396706388
13,12,1.181037253912197
13,14,1.001234799939084
13,17,5.997873790883403
13,18,6.00309709795557
13,21,1.0058101637058483
13,22,202.81070132252293
13,23,202.30805298220406
13,24,202.8086461470004
13,27,202.80909808988173
13,29,0.9994872862490922
13,2,6.000447990477303
13,6,202.3007458024027
13,7,5.994714054462516
13,8,202.8093518289543
14,10,6.010446065988115
14,12,2.584108068172121
14,14,1.0013295704899816
14,17,202.8078136954939
14,18,126.95302316463892
14,21,2.3107478691676793
14,22,202.8106879279709
14,23,6.0073040997317495
14,24,5.999522589989401
14,27,202.80918489533605
14,29,0.9992257482236298
14,2,6.000464246324221
14,6,202.30077339394623
14,7,1.0003936721667595
14,8,6.00378749493067
15,10,15.620784566925108
15,12,0.9986249443714978
15,14,2.587471617826303
15,17,2.3088173394709255
15,18,126.95309863704126
15,21,2.3108434795925668
15,22,5263.009820743013
15,23,45.349261012497344
15,24,2.3100273769893267
15,27,202.80917452600133
15,29,0.9995055061357947
15,2,1.0057799579572642
15,6,6.006169103003162
15,7,1.000350065515212
15,8,6.003943878332743
16,10,15.620844753649322
16,12,0.9985795736552259
16,14,0.9990587414487733
16,17,1.001724181213783
16,18,202.30047371250274
16,21,202.29504271371917
16,22,78.08274369439482
16,23,6.012628262100859
16,24,1.0058014061863974
16,27,6.000336243692631
16,29,0.9990904055979115
16,2,6.000356594350675
16,6,202.3001998949526
16,7,1.000379959862256
16,8,6.003981372195383
17,10,6.007384648785198
17,12,0.9985841497375976
17,14,0.9990688749174916
17,17,2.307719020975725
17,18,202.30057095470775
17,21,6.000406676824736
17,22,6.000266491429041
17,23,6.012698979363758
17,24,2.3079984709527377
17,27,1.0022510296890612
17,29,2.5908885187858344
17,2,1.0058132119156111
17,6,202.30016634247494
17,7,1.0003597381204319
17,8,78.079647637498
18,10,6.007572019990593
18,12,0.9986742072447239
18,14,0.999088530454717
18,17,1.9520621240803502
18,18,330.0479887580634
18,21,6.0004630615478565
18,22,1.0033495254039577
18,23,6.012677636270582
18,24,1.0058341118083742
18,27,1.00225532184401
18,29,2.5908803497946655
18,2,2.313900273743897
18,6,77.88995416311715
18,7,1.0003895046266535
18,8,78.07970588193196
19,10,6.007608872218867
19,12,0.9985576859036573
19,14,0.999074231049117
19,17,6.000697551047489
19,18,202.30063550038517
19,21,6.000492360998125
19,22,6.000182003034558
19,23,15.633668013039614
19,24,2.307967879494342
19,27,1.0019840623334684
19,29,1.000237867045545
19,2,2.313969740618953
19,6,202.30015503808778
19,7,1.0003279097628734
19,8,78.07962875372803
20,10,1.0057575520921382
20,12,0.9986725532570526
20,14,0.998797253340955
20,17,15.554747459470114
20,18,202.30049149545704
20,21,1.0050439285565282
20,22,127.16232068640917
20,23,14.44530523601032
20,24,1.0058343672462247
20,27,68.758826024164
20,29,1.0001143731854096
20,2,5.998345679775813
20,6,202.30006027185934
20,7,81.02537346338647
20,8,6.00019030334597
21,10,6.008257629950936
21,12,0.998612561733978
21,14,0.9990896408859617
21,17,257.00024490328195
21,18,126.95411443188755
21,21,6.000458883434044
21,22,107.63049347510766
21,23,2.3120187840576643
21,24,2.3079528769355075
21,27,6.001420434138071
21,29,1.000215425211624
21,2,5.9985254433958115
21,6,202.30013533961784
21,7,202.52537018112795
21,8,6.000337337493981
22,10,6.008097884643462
22,12,0.9986715455399615
22,14,0.9987891841501426
22,17,202.81828128263044
22,18,126.9543611493775
22,21,202.30432621987032
22,22,127.1619089685693
22,23,5.996496215362416
22,24,1.0058174833976627
22,27,1.0057576914011417
22,29,1.0002376191438165
22,2,1.0016556384411128
22,6,202.30015662863946
22,7,202.52559706323677
22,8,1.0013248838596072
23,10,6.008295400119497
23,12,0.9986328270977687
23,14,0.9990900732795929
23,17,256.9193351250496
23,18,699.5790554964824
23,21,77.89361922011211
23,22,107.63062917568034
23,23,0.9941219250981419
23,24,2.307732160001393
23,27,6.001492628481001
23,29,1.0046488825270385
23,2,1.0014086676222407
23,6,1.005776076858175
23,7,6.000922068725501
23,8,1.0012356556196096
24,10,5.088031124093072
24,12,15.583644512649496
24,14,0.9988167343712426
24,17,127.23379406827377
24,18,592.1168301562234
24,21,77.89352977786028
24,22,202.81169630467508
24,23,0.9940304305282979
24,24,1.0058051334650324
24,27,6.00145057386917
24,29,752.0546980942668
24,2,1.001691713661173
24,6,6.000412045233711
24,7,1.0003623098152223
24,8,1.0013161405943247
25,10,6.008227432856474
25,12,202.80629698791307
25,14,0.9990896126051032
25,17,150.57835187010429
25,18,699.5789903072657
25,21,77.89360652771717
25,22,202.81186465268763
25,23,0.9941539943135309
25,24,2.3103967336629445
25,27,127.15758929301029
25,29,6.013499124263806
25,2,2.311070199807725
25,6,6.002027993175458
25,7,1.1831328943131956
25,8,1.0012609356070294
26,10,1.0057709432627808
26,12,127.16330285522801
26,14,0.9987369785689069
26,17,15.554711955855254
26,18,699.5791169228588
26,21,202.30601253940273
26,22,239.75780532881674
26,23,0.9940386401206744
26,24,2.310152733223914
26,27,6.003393770462692
26,29,0.999852516318029
26,2,1.956373521096208
26,6,6.0002167294144115
26,7,1.0003821516911762
26,8,127.165827707364
27,10,6.007549836549588
27,12,150.24114503490566
27,14,0.9990880221639467
27,17,5.994853945021685
27,18,269.3444748820967
27,21,202.30608059345488
27,22,3331.5963954300946
27,23,0.9941543642544879
27,24,5.996624075996588
27,27,6.003376690864247
27,29,0.9999388525167712
27,2,2.3116363959859356
27,6,6.000427058322102
27,7,1.0003640416404682
27,8,107.63910387648717
28,10,6.00760005642248
28,12,6.001052589150559
28,14,0.9988009526992538
28,17,5.0733202015681185
28,18,269.3446822619731
28,21,202.3060182559058
28,22,3331.5963236790544
28,23,0.9940708079246168
28,24,2.311432764900739
28,27,6.003396606997952
28,29,0.9998529402303387
28,2,5.9979467573193395
28,6,126.58197295068894
28,7,1.0003150860342762
28,8,256.3383695738557
29,10,6.007530215652604
29,12,6.00075704108479
29,14,0.9990895930536219
29,17,5.9944801612833665
29,18,699.580624277684
29,21,126.59450103871629
29,22,6.001700855143426
29,23,0.9941343453039719
29,24,2.311375725120925
29,27,78.08142867439177
29,29,0.9999503382935329
29,2,2.315332017588327
29,6,77.88864000584056
29,7,1.0003574801569135
29,8,202.81300460496968
30,10,6.007497806521723
30,12,6.001153001436495
30,14,0.9990525433858295
30,17,5.073385862492193
30,18,269.3464443043474
30,21,200.5898095913599
30,22,7.091449515109419
30,23,0.994065220167557
30,24,2.311404215112397
30,27,78.08140239622003
30,29,2.58720433340903
30,2,15.654874476626741
30,6,77.88848633369571
30,7,1.000332281714587
30,8,202.81294067792285
31,10,126.58221800919767
31,12,6.001007735524322
31,14,0.9990288152041966
31,17,5.994374941068752
31,18,699.5824942711225
31,21,77.89475079833292
31,22,6.001366249269742
31,23,0.9939807434394883
31,24,2.311440470089445
31,27,202.8068669528973
31,29,0.9995629511359656
31,2,15.65481173627666
31,6,202.29966159581625
31,7,1.0003020638816045
31,8,202.81300379721756
32,10,15.62379692341649
32,12,6.001068977451115
32,14,0.9990883679271656
32,17,5.072619700919857
32,18,894.1947833143764
32,21,202.3060072568125
32,22,6.001421857358245
32,23,5.99461692705394
32,24,5.998640155565486
32,27,78.08142114885904
32,29,0.9994040988700696
32,2,202.29480498689153
32,6,171.22371672444515
32,7,1.0003658467151864
32,8,202.8129535325954
33,10,15.623829287883831
33,12,7.093345320689142
33,14,1.181812015866262
33,17,5.994521634715861
33,18,126.85004277111804
33,21,202.30601795871561
33,22,6.00142610914816
33,23,2.569774562493498
33,24,5.998617591761723
33,27,78.0814036123438
33,29,1.1836423898417294
33,2,6.01394018369106
33,6,202.299659440239
33,7,6.000658214444153
33,8,127.16987194475388
34,10,6.00920694046091
34,12,6.001139677129669
34,14,0.999090991491447
34,17,1.0057726164351886
34,18,202.29682202592033
34,21,171.2269578245138
34,22,6.001405325258311
34,23,0.9941592892674329
34,24,5.998642428251014
34,27,5.1432749801999895
34,29,0.9994275218406381
34,2,6.013980718716962
34,6,202.29974401861145
34,7,5.08027095778956
34,8,389.9277914385579
35,10,6.009210148882136
35,12,7.093581445365309
35,14,2.58690088516766
35,17,5.994528698979856
35,18,202.2969516769889
35,21,202.30596124885997
35,22,1.0057577905580652
35,23,0.9941647708849386
35,24,2.316407584517955
35,27,6.028539911205334
35,29,0.9994090829506277
35,2,6.013936124729223
35,6,202.29971267540705
35,7,126.58289295290284
35,8,389.92781694418585
36,10,6.009127764803937
36,12,15.577375164542515
36,14,0.9990669983845422
36,17,1.0057736378826805
36,18,77.88474552841679
36,21,77.89054912527519
36,22,6.0013192364397785
36,23,0.9941588999280668
36,24,5.998402144971735
36,27,1.0061024535841518
36,29,2.586450474080433
36,2,202.29794108500357
36,6,6.005362854157415
36,7,2.5984075763665357
36,8,389.92777170840907
37,10,15.621735820205288
37,12,6.001119016864027
37,14,0.9987673769575665
37,17,5.994546645336435
37,18,6.006165269306278
37,21,1.0057589600946182
37,22,6.001444666945188
37,23,126.58258437868142
37,24,5.9985864279906735
37,27,526.74906038403
37,29,0.999623459996168
37,2,77.88959372092944
37,6,6.005386253267639
37,7,1.000281593382514
37,8,202.81810214059402
38,10,202.29456135531697
38,12,6.001129768141979
38,14,0.9990880784605425
38,17,1.001439447308499
38,18,6.006215334988767
38,21,6.002240020065626
38,22,6.001410582421102
38,23,0.9940651985118798
38,24,5.998650858673993
38,27,445.83910890884323
38,29,0.9995796535299339
38,2,77.88960803207907
38,6,92.00279908094559
38,7,1.0003444197802116
38,8,389.92775237965304
39,10,15.621731023405724
39,12,6.001088410253812
39,14,0.9990637034330856
39,17,1.0015191233697216
39,18,77.88519047353306
39,21,6.002376671233801
39,22,6.00136640959208
39,23,0.9940690499436711
39,24,5.998642412263054
39,27,526.7491105089473
39,29,0.9995824744599817
39,2,77.8895901659586
39,6,77.87914596937556
39,7,1.0002810842163008
39,8,389.927842009429
40,10,6.0081695201477645
40,12,15.354463680242924
40,14,0.998748643271143
40,17,1.0011334924928352
40,18,202.29741703669615
40,21,202.306929493635
40,22,92.30666233682798
40,23,0.9941479764813161
40,24,1.0037168569355135
40,27,202.8044727552778
40,29,0.9992810039285764
40,2,218.7203496915047
40,6,92.00282858306176
40,7,1.0002660321334211
40,8,389.9278230550693
41,10,6.0081321822674525
41,12,6.001101037557952
41,14,0.9990564234777537
41,17,1.0015439276755078
41,18,202.29739214779616
41,21,202.30697435952342
41,22,239.7466853820638
41,23,0.9940582011017653
41,24,2.308392075849638
41,27,239.59682268976078
41,29,0.9996226388182148
41,2,202.3008886548355
41,6,6.000424295156241
41,7,6.000483780637927
41,8,330.0200151194418
42,10,6.008107198663631
42,12,6.0034974355671435
42,14,0.9988319398683032
42,17,5.993351493536034
42,18,2.3149225879632587
42,21,7629.213192511507
42,22,239.747117268025
42,23,0.9939791579966757
42,24,2.308303482293632
42,27,202.80446988825452
42,29,0.9984445428300806
42,2,202.30084772550222
42,6,1.0013392042410407
42,7,6.000341100224312
42,8,389.92772319940127
43,10,15.61801649253193
43,12,144.46494681982892
43,14,0.9990886198277735
43,17,5.0666296810543
43,18,2.314894033542089
43,21,202.30705073137509
43,22,202.86254673363445
43,23,0.9941244526318762
43,24,2.3084384705751084
43,27,526.7494139401199
43,29,5.998414798818331
43,2,6.006320530470479
43,6,1.001237599917613
43,7,6.00049178566235
43,8,389.9278220516914
44,10,6.008542664627317
44,12,6296.085963394952
44,14,0.999051188950558
44,17,5.9933109367529305
44,18,2.31495110817339
44,21,202.30702736183034
44,22,239.74710485504085
44,23,0.9940914523534108
44,24,1.0058171482026106
44,27,202.80445424299475
44,29,0.9991417312413944
44,2,77.88610627212498
44,6,1.0013837378429225
44,7,202.53161121920286
44,8,389.927690612924
45,10,6.0085064648748805
45,12,6296.086025258824
45,14,202.8109378204037
45,17,1.0057731051312544
45,18,6.000778578789254
45,21,6.000401809489294
45,22,202.86254621711538
45,23,0.9941431418692259
45,24,2.3084108960234424
45,27,202.80446676159482
45,29,1.1827689501225205
45,2,6.00635982133418
45,6,5.999677778113959
45,7,202.5314629597328
45,8,202.81354164440947
46,10,1.0057676091039847
46,12,2423.9975537506507
46,14,202.8108491336253
46,17,5.994796367482962
46,18,6.000801975284956
46,21,6.000311604345981
46,22,239.74721089288556
46,23,0.9940934715386174
46,24,1.0058177224974152
46,27,202.80439930275944
46,29,1.1835434198952868
46,2,202.30053230889786
46,6,202.30064765085686
46,7,202.53153076050515
46,8,202.81306100741872
47,10,15.618352115376968
47,12,6296.085205010446
47,14,78.08918080958294
47,17,5.994865917746105
47,18,6.0007673947334785
47,21,1.0058225792312445
47,22,239.74755545674432
47,23,0.9941448004024549
47,24,2.308347992793543
47,27,202.80450902575595
47,29,0.9993459701604781
47,2,202.30057555142827
47,6,202.3005700049488
47,7,1797.7789063513646
47,8,202.81346592120917
48,10,6.008556131162317
48,12,6296.085292442425
48,14,202.81092510128468
48,17,202.8112748145839
48,18,1.9649279832837134
48,21,2.3017816341349366
48,22,239.7471355017569
48,23,0.993923785789022
48,24,1.0058080501447009
48,27,202.8044124024995
48,29,0.9989527121237014
48,2,171.22603175421708
48,6,202.3005731042083
48,7,202.53152768923474
48,8,288.8704534818548
49,10,6.008508916382748
49,12,6296.085169985451
49,14,202.81085692618595
49,17,171.65836798889868
49,18,2.3179911453636546
49,21,1.0058220938483542
49,22,202.81183751401016
49,23,0.9940713132591839
49,24,2.3083617932059486
49,27,202.8044966745211
49,29,0.9994111258700586
49,2,202.30052430427372
49,6,202.30049871421667
49,7,202.53123988413813
49,8,389.9280182719116
50,10,6.008607993725677
50,12,6296.085523095059
50,14,202.81089566623504
50,17,202.81120158764887
50,18,1.9650137099543654
50,21,2.3017527286551864
50,22,202.81202339571288
50,23,0.9940203357885
50,24,1.0058179933675033
50,27,202.8043495479891
50,29,0.9989865821392172
50,2,202.3005101363444
50,6,202.3005226957074
50,7,202.5315411144645
50,8,389.9273438658953
51,10,6.008495105512427
51,12,6296.085092928986
51,14,202.81088292437187
51,17,202.8113352481243
51,18,2.314250293515851
51,21,2.301767856243786
51,22,202.8119034859589
51,23,0.9941605455368627
51,24,2.3082897190574645
51,27,202.8045035966665
51,29,0.9991860973933928
51,2,202.30054662245917
51,6,202.30050633961616
51,7,5.999365335865971
51,8,389.9280206046
52,10,126.58698944678663
52,12,2424.0007395762523
52,14,202.81085765357324
52,17,202.81118066916736
52,18,1.9650133847553803
52,21,2.301762710123251
52,22,6.006425315153399
52,23,0.994090536997442
52,24,127.15754432177752
52,27,202.80408318076536
52,29,0.9990791858170134
52,2,202.3005114785518
52,6,77.8868430828158
52,7,6.000669909259105
52,8,202.81556838365557
53,10,6.00746423331527
53,12,6296.085102076131
53,14,202.81078494390803
53,17,202.8113463397506
53,18,2.315130714386756
53,21,1.0058075739696646
53,22,92.30378448706405
53,23,0.9941519425092329
53,24,2.308352592486629
53,27,202.80441992673713
53,29,0.9992786139863572
53,2,202.30052519317584
53,6,6.000269265139215
53,7,6.00018132568912
53,8,150.12946886155984
54,10,5.083992972439545
54,12,6296.085299071853
54,14,78.08908714574392
54,17,202.81122491807142
54,18,5.999174463100429
54,21,2.301735849723256
54,22,6.003148551516824
54,23,0.9939598057025023
54,24,1.0026466140600183
54,27,9916.385418695001
54,29,0.9993812166801872
54,2,1.0013085659052514
54,6,1.0058729874526176
54,7,6.00074208840705
54,8,239.63142757752516
55,10,6.007890252576695
55,12,6296.085090933263
55,14,141.4078157773206
55,17,202.81130398478368
55,18,1.965027779635185
55,21,1.0046621677767522
55,22,6.002957864961756
55,23,0.9940730574662284
55,24,2.3057774775089257
55,27,9916.386597973744
55,29,0.9983739931797952
55,2,1.0013525163717398
55,6,3.2066576259030812
55,7,6.000669629221979
55,8,202.81582805541078
56,10,1.0057868516855066
56,12,202.81411206393534
56,14,78.08917955801849
56,17,202.81113913218942
56,18,2.314334220091588
56,21,2.301449898966239
56,22,92.30664942034647
56,23,0.994031982230549
56,24,1.0058174478079742
56,27,20300.258004157826
56,29,15.569023690980833
56,2,1.0012237016502281
56,6,3.205627737131186
56,7,7.091252543143071
56,8,389.9268533966396
57,10,6.007834306625268
57,12,202.81361241990194
57,14,141.40788878216898
57,17,78.08325594892338
57,18,1.9649436235938467
57,21,1.945874470088195
57,22,202.81038120287508
57,23,0.9941122362621213
57,24,2.305657642019659
57,27,17182.132529327777
57,29,5.998918951758585
57,2,1.0013630738784451
57,6,3.788569486695044
57,7,6.00021648566115
57,8,389.9269206447709
58,10,1.005784180523018
58,12,202.81411590499476
58,14,78.08899178961853
58,17,6.002577207140487
58,18,2.3113352658781174
58,21,2.3035991185628877
58,22,239.75096665053334
58,23,1.1801769680931748
58,24,1.9459681009322791
58,27,20300.258012592432
58,29,5.998851092880676
58,2,5.999425815485489
58,6,3.2045998659119466
58,7,1.0009956535951865
58,8,202.81173103507103
59,10,6.007640714276569
59,12,278.3872004613842
59,14,202.81093139026103
59,17,1.0057678064348536
59,18,2.3114047144494565
59,21,5.987631808232708
59,22,92.30684971453317
59,23,0.9940137515369205
59,24,202.80570852045008
59,27,9916.318137580109
59,29,5.998917407284378
59,2,5.9994944758408675
59,6,3.2070220222590766
59,7,1.0016878955938004
59,8,1.0023166294403465
60,10,5.085744191084148
60,12,127.20863612767799
60,14,127.16953826705164
60,17,6.002549934308282
60,18,7.099243983129746
60,21,1.005806694334808
60,22,6.001566709981001
60,23,0.9941568970191748
60,24,127.1663407141724
60,27,11715.776761742678
60,29,5.998742150388404
60,2,5.999461477648307
60,6,5.99805304241484
60,7,1.0017774839221447
60,8,1.0023481955294775
61,10,5.085020188027087
61,12,127.20239011473599
61,14,202.81093845327658
61,17,202.81105032478192
61,18,6.003221100423227
61,21,2.3024837367069555
61,22,1.0057723183116982
61,23,0.9940868365376314
61,24,127.16637972059307
61,27,9916.38684900671
61,29,5.998862384387506
61,2,5.076923832561595
61,6,77.88448907217136
61,7,77.9752267922985
61,8,5.9998218058106545
62,10,6.007557495712968
62,12,127.20295018710382
62,14,78.08910057001626
62,17,202.81104763535612
62,18,6.002822409671335
62,21,1.9486315799926208
62,22,6.001517133012891
62,23,0.9940925652651487
62,24,127.16638617870281
62,27,9916.386695050403
62,29,202.30517815942747
62,2,5.999732025736019
62,6,77.88444186312408
62,7,202.5315580864863
62,8,6.000341866873624
63,10,15.619288973904219
63,12,5.999956893315844
63,14,202.8109786665861
63,17,202.810995737311
63,18,7.099623463013507
63,21,2.3024222945353987
63,22,6.0015417594731515
63,23,0.9938622016568956
63,24,197.53663727166347
63,27,127.16371824601308
63,29,202.30534526227808
63,2,5.076885866839474
63,6,77.88388854239935
63,7,13909.883094750314
63,8,6.57789037133218
64,10,6.009136715983935
64,12,1.0057627215028466
64,14,202.81096068461244
64,17,202.81103709453882
64,18,0.9891569134921925
64,21,2.302460200552579
64,22,200.5809195366236
64,23,5.999943734836933
64,24,6.002612777246767
64,27,78.07798976619497
64,29,239.0086839893847
64,2,5.076836978862135
64,6,77.88442237247551
64,7,443.4978665794434
64,8,390.5012972747574
65,10,6.0090390161605445
65,12,5.999961207633618
65,14,202.81094881994645
65,17,1.0032317961421517
65,18,0.9893087812927828
65,21,2.3025270430047042
65,22,169.84085397758378
65,23,5.999851542977504
65,24,6.002507013611388
65,27,1.006935988445874
65,29,202.30298267444508
65,2,6.000112156071828
65,6,6.0019876307958295
65,7,523.9802109945927
65,8,178.056745573144
66,10,15.624124016286935
66,12,1.0057789650719755
66,14,202.81104255240257
66,17,5.997329294476815
66,18,0.9893688467502981
66,21,1.9486720567500315
66,22,239.76628028911247
66,23,5.999444228772668
66,24,202.8097984232626
66,27,1.1993830261492722
66,29,202.30263642666134
66,2,202.29796960205312
66,6,6.002688605638413
66,7,202.53151923657475
66,8,6.006466758277381
67,10,202.29478200624854
67,12,6.0000269486096816
67,14,202.8109884894036
67,17,1.0057678811533455
67,18,0.9893123192653874
67,21,2.3025272003129116
67,22,239.73477564187948
67,23,5.0780740931019706
67,24,127.16761427832171
67,27,1.0069833505064745
67,29,202.3029687653226
67,2,126.58804714101825
67,6,1.0056084287167053
67,7,77.97940724405414
67,8,150.23545303279025
68,10,15.623966105456688
68,12,127.20297600441332
68,14,202.81101872135903
68,17,5.997259761327511
68,18,0.9893382613131934
68,21,1.0011220993298755
68,22,239.73408603698795
68,23,19.205026783281056
68,24,127.1682461062601
68,27,6.000021998895415
68,29,202.30248815850743
68,2,6.004225164888107
68,6,6.001848596658922
68,7,77.97897367042651
68,8,202.80579004447407
69,10,6.000367266442179
69,12,202.8095836814146
69,14,202.8109488426151
69,17,1.0057709116007691
69,18,0.9894474249625063
69,21,1.0010200492504833
69,22,202.85200784471712
69,23,19.206040701664172
69,24,8465.945705423876
69,27,5.999323793738807
69,29,239.00979732820178
69,2,202.30044212735348
69,6,202.2992249737932
69,7,77.97943359101538
69,8,150.10754140124044
70,10,2.306077933608419
70,12,127.2045621791752
70,14,202.8109994520968
70,17,5.9972676406007075
70,18,0.9893614004707505
70,21,2.2917680670942584
70,22,239.73459114445035
70,23,202.29814617552685
70,24,7165.576974600952
70,27,127.16375333187383
70,29,239.00840201795114
70,2,202.30034872947886
70,6,202.29878595375504
70,7,202.53018827127727
70,8,0.9894572747016648
71,10,2.3062596147278693
71,12,127.2044336521636
71,14,202.81096147460033
71,17,1.005777745702181
71,18,0.9891484449817183
71,21,1.947025403984445
71,22,202.85197210297957
71,23,202.29855376668738
71,24,14307.532934054887
71,27,202.8100359961622
71,29,202.3053974698925
71,2,77.89271679885175
71,6,126.58837406684523
71,7,202.529783852183
71,8,6.00558809275017
72,10,2.72460388903872
72,12,127.20482547795824
72,14,202.81099564533386
72,17,5.999949121519807
72,18,0.9893522608047363
72,21,2.291561494125453
72,22,202.85139827756262
72,23,202.29831493650013
72,24,202.81236505201593
72,27,202.8098105095517
72,29,202.30496998994147
72,2,202.30039805811484
72,6,107.14292329064763
72,7,202.5302077909513
72,8,6.005847708072416
73,10,5.9908135657254125
73,12,330.5215930102707
73,14,6.006296803877965
73,17,78.08254335400811
73,18,0.9892723345710337
73,21,1.0058071258599321
73,22,202.85202397046032
73,23,107.14463120021392
73,24,202.81186372463387
73,27,202.80999142040122
73,29,202.30540338450993
73,2,202.3004285257717
73,6,126.58748043842722
73,7,126.58730682303792
73,8,150.12347212082827
74,10,2.306629994839623
74,12,330.52111404425904
74,14,202.81096974795727
74,17,202.80834657162166
74,18,0.9893562874564976
74,21,2.2885775914648345
74,22,239.73418607492437
74,23,126.5877337937354
74,24,202.81235238561032
74,27,202.80997986028197
74,29,202.30475275334513
74,2,202.30001478655623
74,6,77.8888875835548
74,7,1.0002348531206628
74,8,389.92909899173657
75,10,2.3068385441063715
75,12,202.81189039398006
75,14,202.81101653192965
75,17,202.80889331638127
75,18,0.9890708458782065
75,21,1.9047361395988194
75,22,239.73476078071963
75,23,6.000133861967006
75,24,202.8116733591699
75,27,78.08421124670092
75,29,171.2362293694355
75,2,202.30041176542193
75,6,77.88941239367841
75,7,0.9994583541847515
75,8,389.9289964243343
76,10,1.0013272854980908
76,12,202.81070739262174
76,14,78.0809127562964
76,17,78.081936702202
76,18,0.9894005258828829
76,21,5.986790251486868
76,22,239.73414832341004
76,23,5.999851309829536
76,24,202.81240333920655
76,27,202.8100491583459
76,29,202.30539896747288
76,2,202.3003951471568
76,6,77.88950292414803
76,7,1.000227014950691
76,8,389.9292007782091
77,10,1.0010195688131223
77,12,202.81204713157183
77,14,5.998283503238618
77,17,1.1801431200721844
77,18,0.9893790809012106
77,21,97.86261838886536
77,22,202.85200756732914
77,23,5.0796818681497555
77,24,202.8116614197309
77,27,202.80998512678798
77,29,202.30579293244742
77,2,202.30000335005175
77,6,202.30036725685113
77,7,0.9994865139569624
77,8,389.9286776361167
78,10,1.0012341742952913
78,12,6.006245760478588
78,14,1.0037957495157617
78,17,1.0020041640095494
78,18,0.989058569987769
78,21,2.299275185967506
78,22,239.73469925434713
78,23,6.0004135003312165
78,24,78.08769699340749
78,27,6.000061223579109
78,29,202.3053252419337
78,2,202.30035673356642
78,6,202.30005439741794
78,7,1.0002297424820128
78,8,202.8106937302768
79,10,1.0013181542655163
79,12,202.8119922558615
79,14,5.069942740178041
79,17,5.992704923084272
79,18,0.9893860976695965
79,21,2.2992090062759507
79,22,202.85200741801427
79,23,6.000697048289149
79,24,78.0870891171546
79,27,1.0026422991924386
79,29,202.30574853020428
79,2,202.3004033587155
79,6,202.30026642621684
79,7,0.9996530887267943
79,8,202.81014903561945
80,10,2.3042539436556044
80,12,202.81061977687853
80,14,5.996569431187286
80,17,1.002588205778002
80,18,0.9891499428934241
80,21,0.9981381602965547
80,22,239.7340164656775
80,23,1.003730244899037
80,24,127.15945672806606
80,27,1.0025818455780895
80,29,202.30535408960603
80,2,202.30006305361806
80,6,202.30014928991196
80,7,1.0002359258221016
80,8,202.81080039471783
81,10,577.2846501122389
81,12,330.52253537700295
81,14,5.996509621398856
81,17,1.1880939663820769
81,18,0.9893878010211301
81,21,2.7150889102494187
81,22,78.08196286982835
81,23,1.0035069959170553
81,24,127.15864243159336
81,27,6.00007042119679
81,29,202.30580229411544
81,2,202.30042134136934
81,6,6.0036272352168
81,7,0.999629562666807
81,8,239.61416601969148
82,10,2.30471937013517
82,12,330.522013974954
82,14,1.002190364844445
82,17,1.0025869688054563
82,18,0.9893208163172504
82,21,5.987282259764319
82,22,6.000897580070157
82,23,1.0036215853012846
82,24,78.08363777193033
82,27,6.000170057018207
82,29,202.30535346870786
82,2,126.5890225168554
82,6,6.003402577305833
82,7,1.0002366439506583
82,8,194.22562616731287
83,10,2.3042607384057447
83,12,330.52250444006455
83,14,1.0023224055359057
83,17,1.1878323496990753
83,18,0.9891803880070604
83,21,2.301708082672186
83,22,1.005721066245468
83,23,5.994072053349039
83,24,6.0013259153630845
83,27,202.8098388520134
83,29,202.3057597541306
83,2,126.58960070879581
83,6,77.88676594796802
83,7,77.97376687968747
83,8,171.6590551941108
84,10,1.0026891088097374
84,12,330.5219957314676
84,14,1.0017995425519537
84,17,1.0025888078191691
84,18,0.9890698380159861
84,21,2.3017415358351663
84,22,6.000856054105395
84,23,5.993679456142173
84,24,6.002145784668654
84,27,202.8098828750782
84,29,202.30587729710342
84,2,126.58911754260814
84,6,202.30047400932062
84,7,202.53023025072628
84,8,202.81037984477442
85,10,1.0026507696661264
85,12,202.81180643964075
85,14,1.0020076912967264
85,17,1.0013320259400675
85,18,6.000455998997538
85,21,5.989861317293917
85,22,6.001097275474568
85,23,1.0034181411373444
85,24,6.0015097520665
85,27,202.8097201737835
85,29,5.216303886422677
85,2,126.58959445696263
85,6,202.30048143693912
85,7,202.53006026731686
85,8,202.81102301879275
86,10,2.3063544859411156
86,12,127.20174689021161
86,14,1.002380188878207
86,17,6.000366647199769
86,18,202.29832975771566
86,21,126.58483432998914
86,22,202.80689175052183
86,23,1.1892368517270615
86,24,6.002159242251485
86,27,6.0002804650545025
86,29,5.216181616216997
86,2,202.29936803641255
86,6,202.30018147373406
86,7,6.000196884314422
86,8,202.8105069643823
87,10,2.30602861149095
87,12,127.20190748165744
87,14,202.81085764936876
87,17,5.078898729520316
87,18,202.29850153938182
87,21,126.58434097037268
87,22,127.16608539771282
87,23,1.0034428894687313
87,24,6.002102503607497
87,27,1.0005687719769671
87,29,6.031806868749096
87,2,202.2994953503639
87,6,202.30048683251363
87,7,1.001732077106559
87,8,202.81093285802115
88,10,1.9516855207858335
88,12,127.20186598776198
88,14,202.81075806228412
88,17,202.81054068345017
88,18,77.89146067344767
88,21,5.992376612899295
88,22,127.1655565134365
88,23,5.999768280526689
88,24,202.8113803969987
88,27,1.00104890970833
88,29,5.216286041767772
88,2,202.29930599094916
88,6,77.89109912966094
88,7,6.000304835592583
88,8,127.16597564844947
89,10,5.992298873552832
89,12,150.2834178091895
89,14,202.81054332732188
89,17,202.81061399413088
89,18,202.29851819846732
89,21,5.991950278426419
89,22,202.80848592222426
89,23,5.077831597447794
89,24,202.8114904436169
89,27,48.957622654290915
89,29,6.021759140081763
89,2,6.003670003571159
89,6,202.29993147691576
89,7,5.999669718609594
89,8,127.16672319853721
90,10,5.992312041523978
90,12,5.506046071957329
90,14,202.81075048415917
90,17,78.0828726628357
90,18,77.89207115658142
90,21,202.29584425176415
90,22,78.08261555426127
90,23,57.77756999940711
90,24,202.8113100341355
90,27,127.1602244028564
90,29,6.027441635660136
90,2,77.88648970027701
90,6,6.0044558723152335
90,7,126.58835312698409
90,8,127.16607621904056
91,10,5.99206653286935
91,12,6.244037662966525
91,14,202.81064543817902
91,17,6.003095037123721
91,18,93.97998557741715
91,21,109.34546695505959
91,22,6.00622273241395
91,23,6.000400412194837
91,24,202.8114852737853
91,27,127.16019861957858
91,29,1.0012537942266464
91,2,202.2998980490819
91,6,77.88577157559114
91,7,202.52982741875434
91,8,202.81202403778948
92,10,5.992345024748145
92,12,5.505941043123191
92,14,78.08495670769923
92,17,6.002760316840616
92,18,93.97879117088053
92,21,5.987135495636647
92,22,78.08230457198987
92,23,1.0012848500040032
92,24,6.003594524088185
92,27,6.000221070876025
92,29,1.002028458933502
92,2,202.2995330170093
92,6,126.58836859670708
92,7,202.52998593827
92,8,202.81094268427043
93,10,1.0024773159009657
93,12,1.0057511578426475
93,14,78.08488374953262
93,17,6.003086392031011
93,18,6.003840911955982
93,21,2.3022126711718993
93,22,6.006373272210134
93,23,1.0011367342583704
93,24,6.00430182433243
93,27,1.0015626104398887
93,29,1.001553792459644
93,2,202.2998848386137
93,6,202.29988266401125
93,7,77.97932902844099
93,8,225.9675294848679
94,10,2.305733754363084
94,12,7.151186783247574
94,14,78.08495982342582
94,17,202.81114418334113
94,18,6.00371542986218
94,21,5.986472673911582
94,22,127.16207900685833
94,23,1.001273606784138
94,24,78.08308382430911
94,27,1.0024143913520671
94,29,1.0020391643907578
94,2,202.29957117001786
94,6,202.30023648871418
94,7,77.97989628356854
94,8,127.16076404000479
95,10,2.3062933617716856
95,12,202.80713983767038
95,14,93.38813087221254
95,17,202.8112104209803
95,18,202.29956050536097
95,21,2.3098090882778815
95,22,107.62990352313317
95,23,5.999335486071415
95,24,202.8100448263762
95,27,1.0015570409652188
95,29,1.0017200970209013
95,2,77.88702176872404
95,6,77.89123060844098
95,7,77.97992793546244
95,8,66.08738604825173
96,10,2.305453641887757
96,12,202.80678158962206
96,14,1.0001751858877448
96,17,202.8108516074545
96,18,202.29915284277422
96,21,5.065964149367861
96,22,202.8094206026882
96,23,19.20301668530376
96,24,202.809828947281
96,27,1.190962365851652
96,29,5.992812472146818
96,2,6.001492399508104
96,6,77.89287739351582
96,7,202.53073862580004
96,8,78.08170594461834
97,10,1.9524528935511514
97,12,127.20483354160947
97,14,0.9997731851563385
97,17,202.81118043247207
97,18,202.29952310597224
97,21,5.988574383903225
97,22,202.80971632287395
97,23,16.253931162304546
97,24,78.0860792412561
97,27,1.0026570388849834
97,29,126.58515736796633
97,2,6.0021516228852985
97,6,202.3003253858091
97,7,202.53075565574625
97,8,6.00586429906058
98,10,5.991229085547204
98,12,127.20501866902394
98,14,1.1799585151252368
98,17,202.81074649177728
98,18,202.29928730019452
98,21,5.988242694365093
98,22,202.80936113671228
98,23,19.202918456085545
98,24,127.16143044659738
98,27,5.999004359357015
98,29,107.13894726059851
98,2,6.001667482542574
98,6,202.29988959966352
98,7,202.53050784577218
98,8,1.005770284277145
99,10,2.3128994487446706
99,12,330.4926756857677
99,14,1.1793657198058316
99,17,202.81115420719934
99,18,202.29948825977283
99,21,5.988646636135645
99,22,202.80975868129505
99,23,19.203022777819903
99,24,6.006317608956064
99,27,48.95443054524667
99,29,126.58518326974101
99,2,6.002189648084364
99,6,202.30022906228416
99,7,126.58825938697252
99,8,78.08252377521498
100,10,2.311592008911548
100,12,279.70500928410434
100,14,0.9999312623407803
100,17,202.8106818890022
100,18,202.29905164342887
100,21,1.0058049608813322
100,22,202.80941292729833
100,23,19.202906103515033
100,24,78.08373102205286
100,27,1.00240166245415
100,29,5.981420036469475
100,2,6.0019079529100186
100,6,202.2999360542952
100,7,77.97389813787184
100,8,78.08257700695012
101,10,5.991287563634204
101,12,330.49255019865404
101,14,0.9990441041612463
101,17,202.8111992557482
101,18,202.2994577914062
101,21,2.3006088793092214
101,22,202.80975377762226
101,23,19.192339172916533
101,24,127.16217413982724
101,27,5.9993224682793
101,29,1.0023901964928283
101,2,77.88163795349648
101,6,171.2253280973056
101,7,77.97463381240611
101,8,78.0816533106792
102,10,1.000992613091567
102,12,18702.75445152953
102,14,78.0831101125573
102,17,202.8108731852393
102,18,202.29905039082124
102,21,1.0021734623072387
102,22,202.8092578768506
102,23,7.374860296800283
102,24,107.62878734932393
102,27,127.16195627820284
102,29,1.0017242990606556
102,2,6.001809053126568
102,6,202.30013785924507
102,7,92.12253499355421
102,8,202.80743194464404
103,10,1.0013957330934966
103,12,330.49261154038027
103,14,93.3387659094236
103,17,171.6573043973746
103,18,202.29953500537403
103,21,1.1862171257019156
103,22,202.8097193694568
103,23,19.203000880952914
103,24,202.8105522076073
103,27,202.8094649652467
103,29,1.1879393440059491
103,2,6.001778867209871
103,6,202.3002813419162
103,7,92.12404412695827
103,8,127.15902728061108
104,10,1.0012648299891538
104,12,78.0825050337878
104,14,79.01010688695492
104,17,202.81112226147064
104,18,77.88414048825265
104,21,1.0024087483161468
104,22,202.80934067739068
104,23,5.9987199518431185
104,24,6.002973272362778
104,27,202.80968458652077
104,29,1.0024354146730232
104,2,6.001866806227687
104,6,171.22416430949744
104,7,6.001768486773005
104,8,6.000103858082808
105,10,1.0009479318658263
105,12,66.08315931869936
105,14,202.81288120398514
105,17,78.08943926917237
105,18,92.01634883248038
105,21,1.001958311815244
105,22,78.08205725190211
105,23,6.000334936604899
105,24,78.08143953354461
105,27,202.80940041519784
105,29,1.0020036888717572
105,2,6.001356033460335
105,6,171.22538154905064
105,7,77.97498934952296
105,8,1.005037255278613
106,10,2.306640538938228
106,12,6.005910770300894
106,14,202.81094558672535
106,17,202.8111431900642
106,18,6.000942544118656
106,21,2.3014843333901593
106,22,6.003711387830533
106,23,1.0017657721354842
106,24,78.08150801997364
106,27,127.16195724418351
106,29,5.972382061791768
106,2,126.58852925498508
106,6,171.22350746143405
106,7,202.52991546500138
106,8,1.0044649378706065
107,10,5.9920190889721425
107,12,78.0787058857429
107,14,78.08909129418295
107,17,202.81089846523625
107,18,6.001128921161233
107,21,1.9463458166767058
107,22,6.004454068853773
107,23,1.0011541062086646
107,24,78.08086931377115
107,27,127.16172238069548
107,29,1.002265272915019
107,2,202.3000090810561
107,6,202.3002240098745
107,7,202.52936589197532
107,8,6.00045396854442
108,10,2.312591721669504
108,12,6.004686754761482
108,14,202.81090016482756
108,17,202.8112215723079
108,18,6.000491379132347
108,21,2.3011689275057776
108,22,6.004413368621329
108,23,7.388749493614686
108,24,78.08156050727997
108,27,6.006429936431481
108,29,5.995619957578875
108,2,202.29986839810948
108,6,202.29985226547632
108,7,77.98170198816521
108,8,6.000189622046848
109,10,5.993619265469201
109,12,202.8096285090573
109,14,202.81098773869982
109,17,202.81080434666217
109,18,6.001113147095764
109,21,1.9464538024489446
109,22,78.0815345778933
109,23,6.002177548404258
109,24,1.0001704722627442
109,27,48.96261334896367
109,29,1.0042518100612723
109,2,202.30005450874475
109,6,202.30020414614913
109,7,202.52983468687015
109,8,78.07907534303297
110,10,202.2973755259436
110,12,202.8097950579653
110,14,202.81059253810847
110,17,202.81117279517002
110,18,6.000667235440787
110,21,2.3023350955280577
110,22,78.08178006869016
110,23,7.388094473856064
110,24,1.0003896857196892
110,27,127.16087561711366
110,29,5.9954014149554835
110,2,6.006435196564146
110,6,77.88747087698331
110,7,160.2850979220726
110,8,66.08425393753305
111,10,202.2971376606999
111,12,78.08463944335233
111,14,202.810914581606
111,17,202.8107475366664
111,18,7.090910750834935
111,21,5.988271646971632
111,22,78.08092755472599
111,23,6.002091836567393
111,24,1.0003877251460507
111,27,127.1604534449544
111,29,5.993047384508319
111,2,77.88324382308967
111,6,15.005396373338403
111,7,189.37679383365685
111,8,202.80918331061716
112,10,5.993563576829536
112,12,202.81009803510014
112,14,202.8105971371727
112,17,202.81122218222313
112,18,6.000771890800598
112,21,2.3031733786317883
112,22,78.08209821996334
112,23,6.002260441925471
112,24,1.0002676210942294
112,27,127.16085652223907
112,29,5.065651003344304
112,2,1.0050818013244278
112,6,77.88739608964534
112,7,1.0038296825510633
112,8,202.80929194363276
113,10,5.993508126694671
113,12,202.80980146896655
113,14,202.81096878773047
113,17,1.0011091095322868
113,18,6.0011210270555875
113,21,1.0005870278233653
113,22,78.08184545288714
113,23,6.002151870011044
113,24,1.0004777938720135
113,27,48.96367634480108
113,29,5.983962622976174
113,2,1.0050020396066035
113,6,77.88705155771511
113,7,1.002804408423346
113,8,202.80929480454407
114,10,5.9936855913061455
114,12,202.81009033494996
114,14,202.8106184565204
114,17,1.0017639850492595
114,18,126.84240430758477
114,21,1.0003704822153212
114,22,78.08204977910103
114,23,6.002528265530142
114,24,5.9988898387920955
114,27,127.1609546818025
114,29,1.0056663395295633
114,2,1.0048216156537162
114,6,202.30046039762325
114,7,1.0030679052885647
114,8,6.0026611407522825
115,10,2.3077100141379976
115,12,202.80977698811148
115,14,202.81098693527903
115,17,1.0011528800719613
115,18,202.29685714518106
115,21,1.000497478211022
115,22,202.807111337961
115,23,6.0018644889301775
115,24,127.16356159563308
115,27,127.16075809615968
115,29,5.064302173979373
115,2,1.00497146557582
115,6,202.30001796572523
115,7,5.993786400560721
115,8,6.002508941330383
116,10,1.0057903562028407
116,12,202.81007632409654
116,14,171.65649823157938
116,17,1.0015887101598375
116,18,77.88624233559568
116,21,1.000459381237734
116,22,78.08586191730697
116,23,7.394690053899815
116,24,202.81022933756282
116,27,5.986629388740799
116,29,5.98372745435264
116,2,77.8802285312068
116,6,202.30046293834042
116,7,1.000908104402754
116,8,1.0057546030637088
117,10,2.307656276601966
117,12,202.80980037441262
117,14,202.8109777843691
117,17,78.08208397608396
117,18,1.0018391905312516
117,21,1.0001727682841812
117,22,127.16260922930363
117,23,126.58594853177307
117,24,202.8106992321389
117,27,5.986633535427472
117,29,5.983819585256281
117,2,1.0087393414947794
117,6,202.29994471274
117,7,1.000737320817076
117,8,6.002532832269199
118,10,2.307833087877177
118,12,202.81008468821
118,14,202.81094377699804
118,17,127.16040260041447
118,18,1.0023625546833657
118,21,5.9881078421786444
118,22,150.23824386814007
118,23,202.29345790380418
118,24,78.08484532582574
118,27,5.986504709677037
118,29,5.065536653894171
118,2,1.008668114210301
118,6,202.30044328718878
118,7,1.1837840281563778
118,8,6.0025214225192185
119,10,5.991591545276447
119,12,78.08501566231814
119,14,202.81076313739365
119,17,107.62540799024863
119,18,1.001703137620109
119,21,2.3058960389821674
119,22,127.1613324293542
119,23,126.58599248468865
119,24,78.08573103383705
119,27,5.986640960835594
119,29,5.995980562972852
119,2,1.0083158126084477
119,6,202.3000690549439
119,7,1.0007329319109433
119,8,68.80618715567816
120,10,5.991983470816809
120,12,78.08484639728964
120,14,202.8109690017419
120,17,127.16037896733867
120,18,77.88657055189846
120,21,1.0058035824113407
120,22,127.16210609950186
120,23,7.394786598518819
120,24,78.08484293500811
120,27,5.986624569953207
120,29,1.0010490264946466
120,2,6.000118432255508
120,6,202.30043067000506
120,7,1.0008130012652954
120,8,7.096855616902105
121,10,2.3069013493000394
121,12,202.80924654657437
121,14,202.81079860581087
121,17,1.0008012688417063
121,18,202.29882335595087
121,21,2.305436398230075
121,22,202.80897598696842
121,23,1.0004102464539937
121,24,78.08568792138736
121,27,5.986623105918708
121,29,1.0008964016922235
121,2,77.88663698322789
121,6,77.88537148785284
121,7,1.0003406226341385
121,8,6.002040905904141
122,10,1.0057945996200557
122,12,6.0029033411707395
122,14,171.65830951066692
122,17,1.000921382829282
122,18,77.89070067723353
122,21,202.29890886865059
122,22,202.8091873562818
122,23,1.001089606864153
122,24,202.81205915336432
122,27,15.506504599850384
122,29,1.0010676694718983
122,2,202.30001422561313
122,6,1.0040440119709304
122,7,5.996626671716224
122,8,6.00264099012965
123,10,2.3069691396262666
123,12,6.003291188334145
123,14,202.8106921744075
123,17,1.0002853080499365
123,18,202.2988299067923
123,21,202.2986086499431
123,22,202.8093082751443
123,23,1.0003702384910342
123,24,202.81151526411236
123,27,5.986364722681292
123,29,1.0006366535667617
123,2,202.30036625332875
123,6,1.0034580274591791
123,7,5.996207778077953
123,8,6.0017804014750284
124,10,1.0058546946364997
124,12,6.003025494832208
124,14,127.16348971664021
124,17,1.0005154594185894
124,18,202.298379646878
124,21,202.29888196263445
124,22,5.999898126029128
124,23,1.001089913682648
124,24,202.81206026143494
124,27,5.986736244896364
124,29,1.001047217914996
124,2,202.3003737981656
124,6,5.999901173746777
124,7,1.0017478124157275
124,8,78.08254334755746
125,10,5.992844950766183
125,12,6.003282962066193
125,14,66.08286340666874
125,17,5.999785504540246
125,18,202.29876029887765
125,21,6.001384251195194
125,22,1.0056861446415812
125,23,1.0008408158447555
125,24,202.81153003389014
125,27,5.986610863431965
125,29,1.0004434989010065
125,2,202.30000969845247
125,6,202.30053921568015
125,7,1.0013521279834592
125,8,78.08037588601096
126,10,5.992923084258154
126,12,78.07574515429215
126,14,66.08422353970776
126,17,202.81123558267828
126,18,6.0014263804074535
126,21,1.0046615331433255
126,22,5.99997724898823
126,23,6.00023998326268
126,24,202.8120674979568
126,27,5.986777091515497
126,29,1.1847819733424867
126,2,202.30041326123956
126,6,202.30046306875184
126,7,1.185424069714541
126,8,202.8097607397449
127,10,5.992560279635359
127,12,6.003259929420436
127,14,6.004633463817275
127,17,202.81087180397108
127,18,1.005699733959708
127,21,6.001423082526898
127,22,78.08214959431062
127,23,7.394660980600538
127,24,202.81144894898418
127,27,5.986390615435987
127,29,1.0010712132600394
127,2,77.8853245288449
127,6,202.30021938412065
127,7,1.0016046005625991
127,8,202.80922054300106
128,10,5.992914841049139
128,12,78.08042397086928
128,14,78.07982132940343
128,17,202.8111797960055
128,18,77.88501484175839
128,21,6.001328500814292
128,22,78.08101869549829
128,23,19.20254572246443
128,24,202.81206242762306
128,27,5.986785530381028
128,29,5.981961666535386
128,2,77.88597878817767
128,6,202.30050148987235
128,7,1.0019601329817016
128,8,202.8096742544927
129,10,1.0012393942796995
129,12,202.80991161164349
129,14,5.99862323922509
129,17,202.8112339140435
129,18,202.29857724244488
129,21,6.000756497109403
129,22,78.0821378002245
129,23,19.202684142155213
129,24,202.81152718738826
129,27,5.98634185604662
129,29,5.983725437780442
129,2,77.88536984373533
129,6,202.30023779668892
129,7,1.0017659632938392
129,8,202.80978164558277
130,10,1.000725835683479
130,12,202.80971596838492
130,14,6.000247217486079
130,17,202.81089657413582
130,18,171.22210179337287
130,21,6.001100521059571
130,22,202.8079673273696
130,23,7.396612353091249
130,24,202.81205900439411
130,27,15.508049118700864
130,29,202.29755551351658
130,2,92.01937870672353
130,6,5.981269418972794
130,7,77.97508970474652
130,8,202.809554379362
131,10,1.0009230473100859
131,12,202.8099119823411
131,14,6.000250118782569
131,17,202.81123813445362
131,18,202.29864422808868
131,21,202.29917138887745
131,22,202.80840378215703
131,23,7.397183848815632
131,24,202.8117428809447
131,27,15.507219001452738
131,29,202.29794297587134
131,2,6.000108774150647
131,6,5.980685673721363
131,7,202.52927454998155
131,8,6.002858318714581
132,10,1.0011781839090172
132,12,202.80941654078032
132,14,1.001825663454536
132,17,202.81097437885555
132,18,126.84669520667151
132,21,171.22356887881264
132,22,1.4458919013262008
132,23,126.58546888943256
132,24,202.8120739422219
132,27,15.508011747130794
132,29,5.9805920257060645
132,2,5.093152856116911
132,6,5.981317811549716
132,7,77.97509649841828
132,8,6.002443288785561
133,10,1.0000243013015213
133,12,202.80989744619356
133,14,1.0013953321133915
133,17,78.08700361307385
133,18,77.88638101343275
133,21,171.22171537921855
133,22,1.4472530242629844
133,23,126.58515046883413
133,24,202.81179591599607
133,27,5.987286145310277
133,29,5.983322087009195
133,2,5.094161356401691
133,6,5.980750188551624
133,7,6.006355280738701
133,8,6.002895923872176
134,10,202.29723375912306
134,12,202.8093644288831
134,14,1.001807482643014
134,17,127.16336237491079
134,18,1.0010562057045016
134,21,202.29926915890087
134,22,5.999830134256042
134,23,126.5855066530627
134,24,202.8121035110877
134,27,5.987603285009565
134,29,5.983458924877689
134,2,5.093234973876209
134,6,5.981337294195195
134,7,77.97491065479586
134,8,78.07576798245206
135,10,202.29695347690378
135,12,202.8099223633579
135,14,1.0013715442827271
135,17,202.81054298078314
135,18,1.0012544035542605
135,21,202.2987359872032
135,22,78.08191336468371
135,23,126.58530771796362
135,24,202.81162186856278
135,27,5.987216994671521
135,29,5.983426856041884
135,2,6.008001754754577
135,6,1.0008282518160803
135,7,202.53101410806957
135,8,1.0016696266128795
136,10,5.071854447083414
136,12,1.0013798442903123
136,14,6.000251950726153
136,17,202.81088494520873
136,18,1.0014672037247534
136,21,202.29925758449235
136,22,202.80933957992178
136,23,6.004944717600387
136,24,202.81207290940438
136,27,15.507987633096821
136,29,5.991527591803743
136,2,6.007471367414672
136,6,1.000701719665133
136,7,202.53061916030023
136,8,1.0013289876862075
137,10,5.993079066437744
137,12,1.0023696806477647
137,14,5.998601571705198
137,17,202.81074478102985
137,18,1.1852818816539665
137,21,202.29896108588628
137,22,202.80919750904127
137,23,6.004441371440733
137,24,202.81149740243092
137,27,15.507265150444496
137,29,5.994664800387999
137,2,6.007981768170743
137,6,1.000852042256125
137,7,202.53101232298434
137,8,1.0018551781357168
138,10,202.29488968103198
138,12,1.0018294164394117
138,14,7.084618551445544
138,17,202.81093014635672
138,18,1.0012634608037168
138,21,202.29925406364453
138,22,48.94885802847888
138,23,48.73596502767888
138,24,202.81207795750868
138,27,15.50801149255949
138,29,5.991647664854175
138,2,5.093890199274266
138,6,1.0001687555766186
138,7,202.53067490094364
138,8,1.0012888745819657
139,10,5.993598286198356
139,12,78.08229320245857
139,14,7.084431337014965
139,17,202.81063377227977
139,18,1.0013837193728188
139,21,202.29888481119804
139,22,48.94825495588969
139,23,202.30113174538505
139,24,202.8116223229711
139,27,5.985457832729955
139,29,5.983581669522144
139,2,5.092451654507986
139,6,1.0006510681487102
139,7,202.53104744016184
139,8,127.15746204255603
140,10,2.303122715054192
140,12,202.80937856854797
140,14,5.997915730679284
140,17,78.08409923786817
140,18,1.0006745801154144
140,21,202.2992509084927
140,22,57.82913273325712
140,23,202.30145010975988
140,24,202.8120717626977
140,27,5.068082220179883
140,29,5.992595537730551
140,2,202.29806442508038
140,6,1.0009007830925238
140,7,171.4192265829952
140,8,78.08211401279495
141,10,2.3031484497443317
141,12,202.80985284489788
141,14,5.998530107139502
141,17,78.08374988252234
141,18,6.000245581241109
141,21,202.2988487557485
141,22,48.94994099132908
141,23,202.30132927877602
141,24,202.81168952376035
141,27,5.986387792932508
141,29,15.439979216076349
141,2,1.0031135304600616
141,6,1.0007504531315297
141,7,202.5310438088773
141,8,6.006378449479679
142,10,2.3030311699007324
142,12,171.6554309224141
142,14,78.07838223535035
142,17,78.08408643436901
142,18,5.998084545811903
142,21,202.2992791355263
142,22,6.000566123375721
142,23,202.30143946785262
142,24,202.81206770720894
142,27,5.986689524838003
142,29,5.992198880508677
142,2,5.999123330918402
142,6,1.0008438779107784
142,7,202.53062598985724
142,8,78.08205567764229
143,10,1.0058070224501332
143,12,202.80983718905196
143,14,78.07891464791108
143,17,6.005377663065637
143,18,202.2989163738401
143,21,77.90812112644957
143,22,1.0051581611595592
143,23,202.30103020611008
143,24,202.81167134812063
143,27,5.986523046896446
143,29,5.9820106499259795
143,2,5.0766557299846555
143,6,0.9998999782582301
143,7,202.53107004975817
143,8,202.8095832468698
144,10,2.717177398435573
144,12,202.8093681366133
144,14,1.0018850485263862
144,17,78.08415344539418
144,18,202.29843279133325
144,21,77.90704041654104
144,22,6.00056776393983
144,23,202.30140932339125
144,24,202.81208474756585
144,27,1.0010844727715673
144,29,1.0012534770216757
144,2,5.999414558556126
144,6,5.978408249986068
144,7,77.97441358750527
144,8,202.80914793231096
145,10,1.0014909027777383
145,12,202.80981708488005
145,14,1.0025184926599442
145,17,78.0840755505624
145,18,202.29888551541242
145,21,126.58781749631248
145,22,127.15147449140052
145,23,202.30143025146282
145,24,202.81172764953544
145,27,1.0006579354852203
145,29,1.0006295625869237
145,2,5.999312613875014
145,6,1.000608247840006
145,7,1.0003157489183696
145,8,202.8095649770705
146,10,1.001008100753829
146,12,202.80943349963056
146,14,1.0020449860256058
146,17,202.80849996897558
146,18,77.89025995921025
146,21,202.29903114783465
146,22,127.15153142252295
146,23,202.30093357938514
146,24,202.8120922764896
146,27,1.000936308780675
146,29,1.0012623663616376
146,2,5.075300965345706
146,6,1.000096499944525
146,7,0.9994904495419794
146,8,171.65622548487758
147,10,5.990720983417804
147,12,202.80982089440445
147,14,6.0001122539486715
147,17,202.80892553976466
147,18,126.84932399541879
147,21,202.29874120438663
147,22,127.15123172356385
147,23,202.3014344992613
147,24,202.81172234957876
147,27,5.984359469726909
147,29,1.0007204696059668
147,2,77.88079430053642
147,6,1.0002322107977237
147,7,1.000164423182766
147,8,202.8096222326646
148,10,1.0014769633498934
148,12,127.16260224199583
148,14,78.08182254301036
148,17,6.0062213052622315
148,18,126.84861323626713
148,21,202.29903824053073
148,22,48.9488073474235
148,23,126.58996164503073
148,24,202.81204147604254
148,27,5.983853566786604
148,29,5.978743018945786
148,2,6.002551697855564
148,6,5.977746088757554
148,7,0.9995403726725653
148,8,202.80948999917143
149,10,1.0012970344146943
149,12,5.980195524498974
149,14,202.8104514944945
149,17,1.004043882491735
149,18,202.29798982577896
149,21,202.29861152643653
149,22,57.82778648337003
149,23,126.5907226227974
149,24,202.81158470567576
149,27,5.984210315163347
149,29,5.990223954893295
149,2,6.003155271255996
149,6,5.05012534191184
149,7,1.0001629257045979
149,8,92.9402234712206
150,10,1.0015037706220786
150,12,1.0012299025460836
150,14,202.80987335726826
150,17,127.16249837337358
150,18,202.29763895115804
150,21,202.29905214531024
150,22,48.951702350158754
150,23,126.58984715075508
150,24,202.81205132820537
150,27,1.0026511498501254
150,29,5.989535632944026
150,2,6.002633542847503
150,6,5.980616546345774
150,7,0.9994748962040516
150,8,1.000418121117793
151,10,1.0010460966876735
151,12,1.0008932985673926
151,14,202.8104105265996
151,17,107.6294575971952
151,18,6.000091669377885
151,21,5.998830925373673
151,22,1.0055967978669225
151,23,202.30086888352193
151,24,127.16742215687925
151,27,1.0022088585172009
151,29,5.975435087551587
151,2,202.30063648215395
151,6,15.482278074523869
151,7,1.0000977166371436
151,8,1.1850171544322006
152,10,1.185960141302374
152,12,1.1844910317658384
152,14,202.809862832263
152,17,202.81134594752552
152,18,1.0038165455121861
152,21,6.000257340576778
152,22,1.0040654009759642
152,23,202.30034061374874
152,24,202.81205683386133
152,27,1.002626174008852
152,29,1.0032027636395089
152,2,171.22587579851432
152,6,15.481812899077102
152,7,0.9994281116029899
152,8,1.0010192080211162
153,10,1.0014950100700473
153,12,1.1832728823750385
153,14,127.16321646215553
153,17,202.81083374675757
153,18,1.004394031057723
153,21,1.0016861530154548
153,22,48.951431377677636
153,23,202.30085319741576
153,24,202.81149663626158
153,27,1.0019278558784768
153,29,1.0038055986351004
153,2,202.30062338178197
153,6,15.48231188830699
153,7,1.0002487912499713
153,8,1.0011516370366804
154,10,5.998877533006764
154,12,1.184467595194203
154,14,127.16196960904561
154,17,202.81130445684843
154,18,77.87993461916855
154,21,1.0023219371566752
154,22,127.14962469178752
154,23,202.30035549903835
154,24,78.08325017389967
154,27,1.1862297846362342
154,29,5.981245303678569
154,2,202.30024365017553
154,6,1.0048993142666234
154,7,1.0002947982151582
154,8,1.0007779671582568
155,10,15.565821631194801
155,12,1.0012687922778003
155,14,5.999858877206942
155,17,202.81088132222237
155,18,77.87865854048101
155,21,1.0016641257198664
155,22,48.951391615604834
155,23,126.58830978004242
155,24,1.0017041918615854
155,27,1.0015753335618154
155,29,202.29998145756525
155,2,202.30063631425668
155,6,5.981955780101603
155,7,77.97410705944957
155,8,1.001126169444638
156,10,5.998174048807007
156,12,1.0011603527491113
156,14,1.0022960603944107
156,17,202.81128725893385
156,18,5.994245913679629
156,21,6.000050815532884
156,22,6.001555231055103
156,23,77.88990799585379
156,24,1.0014570925056292
156,27,1.2645087914229345
156,29,202.29954823942055
156,2,171.22530414009478
156,6,5.98163845394314
156,7,202.53090700434504
156,8,1.0004609785194685
157,10,5.997712507667574
157,12,1.001437963409722
157,14,1.002040062100252
157,17,202.81086342066948
157,18,1.0032263262430394
157,21,202.29881986599605
157,22,6.001025234635063
157,23,77.89031403902575
157,24,1.001662737626722
157,27,1.0679000537974668
157,29,202.30004043060447
157,2,202.3005939717698
157,6,5.981931249834832
157,7,202.53049442932507
157,8,45.04811404254613
158,10,5.998131357951643
158,12,1.000876804409864
158,14,6.000190880700087
158,17,202.81130880697395
158,18,1.0031826150914664
158,21,202.29916382133632
158,22,48.945390990317925
158,23,77.88988664460436
158,24,1.000982716819852
158,27,5.985595774337309
158,29,1.0011124453064175
158,2,202.30027437727014
158,6,15.483013108417573
158,7,202.53085260958994
158,8,92.25320286644863
159,10,15.568548800635302
159,12,1.0013564663790104
159,14,127.15865396848525
159,17,202.8108369072836
159,18,1.0026466670052523
159,21,202.2990766346753
159,22,1.0015722734205799
159,23,202.29926982499327
159,24,6.000218326687502
159,27,5.985263519054269
159,29,1.0006741989415717
159,2,202.3006030746785
159,6,202.29690262342984
159,7,202.5305848679022
159,8,202.80740228216834
160,10,15.568964449193194
160,12,5.977292304705099
160,14,78.0877343219589
160,17,202.8113021309245
160,18,1.0027115667095927
160,21,202.2992919989022
160,22,1.0012012007906117
160,23,77.88610123172421
160,24,78.08223558654616
160,27,5.985679729931147
160,29,1.0010432722537432
160,2,202.30017177173383
160,6,202.29618952241836
160,7,202.53089487736202
160,8,78.08288739195848
161,10,5.999670858337452
161,12,1.0013486077915035
161,14,202.81069183353242
161,17,202.81071777037656
161,18,182.77756432656807
161,21,202.2991805984381
161,22,1.1848503885563026
161,23,6.006405013021787
161,24,202.81204312562357
161,27,5.985108485096562
161,29,1.001107945336746
161,2,202.3005808854033
161,6,126.58734694227958
161,7,77.97467942823495
161,8,78.08262908010279
162,10,15.568869187412016
162,12,1.000864496046244
162,14,202.8102714495585
162,17,202.81132131819146
162,18,202.29915934242294
162,21,1.001504374694349
162,22,1.0016713589022892
162,23,77.88609757270673
162,24,202.81165291051227
162,27,5.9855156135657355
162,29,77.88496905730784
162,2,202.3000693107016
162,6,5.981301233609051
162,7,6.001040212144784
162,8,78.08283912694164
163,10,5.998798587565342
163,12,1.001410857483104
163,14,202.81068676248702
163,17,78.08404755582893
163,18,202.299450269643
163,21,1.1845501890934376
163,22,1.0012671455640039
163,23,202.29993796177615
163,24,202.81206878180691
163,27,5.985083888521185
163,29,202.2989810895909
163,2,202.3006135350619
163,6,1.0002105287339882
163,7,1.0048237155054256
163,8,202.8082027304731
164,10,5.998546793512888
164,12,1.0007550289375677
164,14,202.81024002293594
164,17,78.08485589819156
164,18,202.2990910121112
164,21,1.0014700171293116
164,22,1.0017479195535026
164,23,202.29938968724804
164,24,202.81166559137665
164,27,5.985650446679629
164,29,202.2984307523893
164,2,202.30009784488493
164,6,1.0004930680595558
164,7,6.0009263085162114
164,8,202.80785089762833
165,10,124.56917787233728
165,12,5.980051207418407
165,14,202.81066659606898
165,17,78.0839389360462
165,18,202.2994494850284
165,21,1.0008018401344998
165,22,5.999018566523391
165,23,77.88712243848333
165,24,202.81204056729518
165,27,1.0040746398787634
165,29,77.88656770513764
165,2,202.30062567108882
165,6,0.9998471268694207
165,7,6.000402128074886
165,8,6.000134047567151
166,10,202.293590278616
166,12,5.979901771324834
166,14,6.0037721235524035
166,17,78.08481742535473
166,18,202.2990132498693
166,21,1.0014554438478145
166,22,6.0000268753081745
166,23,1.0009267357435947
166,24,171.65803064945004
166,27,5.985622935126118
166,29,1.0030351414530951
166,2,202.30020067649818
166,6,1.0004716661779227
166,7,6.000913949898233
166,8,1.001553173651212
167,10,42.29798902614673
167,12,5.980258081004375
167,14,6.003788064667959
167,17,202.81070333802936
167,18,202.2994008804467
167,21,5.998142857637734
167,22,127.15105058581048
167,23,1.001824093562167
167,24,202.81205878261684
167,27,5.985370059074226
167,29,1.0024595097319553
167,2,202.30063591350785
167,6,1.0000362339629802
167,7,77.9742412681204
167,8,1.0019875364896942
168,10,5.975988971947807
168,12,5.980331555926416
168,14,78.07513598518229
168,17,202.81117813971932
168,18,202.29884057799293
168,21,202.29924270598957
168,22,127.15134994051222
168,23,1.0008192903307878
168,24,202.81153252254353
168,27,1.003770318666569
168,29,1.0030457893253661
168,2,175.56739952387915
168,6,1.0004338866215052
168,7,202.53073019260765
168,8,1.001804556638132
169,10,0.9664653425461367
169,12,5.980089100122671
169,14,78.07676926614396
169,17,202.81080840926808
169,18,202.29940651655582
169,21,202.29862110383252
169,22,48.950241773630026
169,23,1.001477966170146
169,24,202.81202569637156
169,27,1.0031094600283676
169,29,5.999946256554395
169,2,202.30059614105576
169,6,0.9998038508573384
169,7,202.5302652017844
169,8,6.0000185730128575
170,10,1.0994898906351462
170,12,5.9803124281301
170,14,1.001723017810793
170,17,202.81123263855505
170,18,202.2988317531567
170,21,202.2992397146218
170,22,1.0018211135880035
170,23,77.88711307586061
170,24,202.81149905534525
170,27,5.986215484883936
170,29,77.88507382714232
170,2,202.30016730402966
170,6,1.0004258977972347
170,7,202.53070887152234
170,8,202.80825912251103
171,10,0.9873651309422469
171,12,5.061615114993103
171,14,1.0012174300072214
171,17,171.65757678277242
171,18,77.88942105583772
171,21,202.29881712823268
171,22,1.0011304570858561
171,23,202.30031716011376
171,24,202.81203231307174
171,27,15.507321119155161
171,29,202.29971390563202
171,2,202.30059588753045
171,6,5.981432700069538
171,7,202.53033025319553
171,8,202.80861772676602
172,10,0.9866552315066057
172,12,5.9801635499292685
172,14,1.0016628723755288
172,17,202.8112831408199
172,18,1.0035996252506356
172,21,202.2992414956564
172,22,1.0017847531277253
172,23,202.3009523121189
172,24,202.81145650589337
172,27,15.507891312785624
172,29,202.29936665819358
172,2,202.3001601024568
172,6,15.477595623614128
172,7,202.53072646810904
172,8,107.62876249086051
173,10,0.9873400885108756
173,12,15.47623460795609
173,14,1.0009187978152205
173,17,202.81091603150028
173,18,126.84700659021863
173,21,202.2988324448359
173,22,48.94938587148473
173,23,202.3004530710743
173,24,202.81202996138367
173,27,15.507118615089338
173,29,202.29970377164233
173,2,202.30057375506536
173,6,5.982643211044885
173,7,6.005168473286327
173,8,127.16217831205806
174,10,0.9867003373282355
174,12,15.47564533161812
174,14,6.000101347765396
174,17,202.81118860710157
174,18,126.84498420156541
174,21,202.29927697942625
174,22,127.15218010847057
174,23,202.300937224468
174,24,202.81153464327167
174,27,15.507964784114591
174,29,77.88539381185404
174,2,202.30009322523614
174,6,5.982348338967998
174,7,1.004200213311524
174,8,66.08786659738789
175,10,0.9873011569320544
175,12,15.476179596406443
175,14,202.81010377823966
175,17,202.81085663938595
175,18,202.29950702406893
175,21,6.004335181377284
175,22,127.15179337982886
175,23,202.30052835703938
175,24,202.8119783477064
175,27,1.001527740862275
175,29,77.8865982335395
175,2,202.30059967009004
175,6,25.391371794655
175,7,77.96967616183807
175,8,78.08195251912082
176,10,0.9870824312763933
176,12,5.978876255188219
176,14,202.80976410529686
176,17,78.0831559526518
176,18,202.29906708175966
176,21,77.88838653654666
176,22,127.15222523240699
176,23,77.88956279553533
176,24,202.81141640633965
176,27,1.0011192899774501
176,29,6.0023604795521495
176,2,126.58880867398757
176,6,202.29580723040525
176,7,6.00239388404743
176,8,78.0814049224688
177,10,15.569584039565065
177,12,5.979456435601396
177,14,202.81009039260235
177,17,1.0022474100633652
177,18,202.2995276131491
177,21,202.29795263258956
177,22,127.15181899169289
177,23,77.88880765501143
177,24,202.81199842064981
177,27,1.0012059294402853
177,29,6.002946525387166
177,2,6.006367762938172
177,6,202.29664349066786
177,7,6.002940654938812
177,8,78.08200278192643
178,10,5.998516114017768
178,12,5.978786950202186
178,14,78.08498427847749
178,17,1.0023240417309314
178,18,202.2990992705818
178,21,202.29837777342559
178,22,127.15220913361055
178,23,77.88949096300327
178,24,202.81148247330623
178,27,1.1853050319796488
178,29,6.002430436919761
178,2,202.29937441011538
178,6,15.482873999561939
178,7,6.002427924227079
178,8,78.08130040545798
179,10,5.998757296841783
179,12,7.061908041323552
179,14,78.08503227686839
179,17,78.08089519209358
179,18,202.29955477234535
179,21,6.002853239689908
179,22,5.9997491394806595
179,23,126.58333863807088
179,24,202.81203067853158
179,27,1.0014707708334507
179,29,77.88657513224504
179,2,202.299657610775
179,6,5.982033766550494
179,7,202.53122870981588
179,8,1.0019018075037103
180,10,5.998286177288211
180,12,7.059810028953615
180,14,202.80769234094512
180,17,78.08155821288062
180,18,202.2989578614924
180,21,6.002891506521967
180,22,1.001249559041506
180,23,126.58402082763739
180,24,1.0023290033980166
180,27,1.0008521750579105
180,29,202.30007527340527
180,2,202.29926850937406
180,6,1.003121023027858
180,7,202.53090045269323
180,8,1.00187220725498
181,10,15.566190142750106
181,12,5.980124355328692
181,14,127.16097470737735
181,17,78.08166190609613
181,18,202.2995231968161
181,21,30.655705149792734
181,22,1.0005723896143586
181,23,77.88897239083254
181,24,1.0029826744196395
181,27,5.986229939177023
181,29,202.30031383153738
181,2,77.8866559309399
181,6,1.0038856582452977
181,7,202.5311620744605
181,8,1.0011824642334926
182,10,5.996844832127382
182,12,0.9996572195258961
182,14,6.004872559939173
182,17,78.08133557080942
182,18,202.2990694200434
182,21,91.25529197039855
182,22,1.0009984398496057
182,23,77.8898269158655
182,24,1.0023498170213871
182,27,5.9852864504181715
182,29,202.29995213093136
182,2,1.0000226127266227
182,6,5.980454654781483
182,7,202.53075877832168
182,8,1.0018337667237835
183,10,5.997471417244894
183,12,1.0006343083497455
183,14,78.08728860723942
183,17,66.08697002423264
183,18,202.29955180612944
183,21,202.29807255989707
183,22,1.000383113349268
183,23,77.88892805241834
183,24,6.00010069838427
183,27,202.8100674510581
183,29,202.3003036888412
183,2,1.0007835879909406
183,6,5.980833974769981
183,7,202.53113778236602
183,8,78.0803979068976
184,10,5.0737672582348665
184,12,0.9998963389888624
184,14,202.8104449658224
184,17,78.0815840444133
184,18,202.29904146278804
184,21,202.29853219943027
184,22,48.946309333330056
184,23,202.3012612204645
184,24,127.15920035122433
184,27,78.08091076765481
184,29,202.29988094040473
184,2,1.0000066127723128
184,6,5.980425846931513
184,7,202.5306573790822
184,8,202.80987617683815
185,10,5.9969682984336545
185,12,1.1830033378066975
185,14,202.81073489356058
185,17,5.998699678155069
185,18,202.29952124019673
185,21,202.2983009157684
185,22,5.998937728879893
185,23,202.30089352569712
185,24,127.15998861411948
185,27,6.0037566047057185
185,29,202.30029705802977
185,2,1.0007852965973694
185,6,5.980858305771465
185,7,202.53112641526957
185,8,171.65694992642608
186,10,1.0028289396111827
186,12,0.9999314618966348
186,14,202.81034335976742
186,17,6.000149856353842
186,18,202.29911988157133
186,21,126.59447395294472
186,22,1.0008207985000643
186,23,202.30123739699403
186,24,127.15910818177613
186,27,6.003032613582161
186,29,202.29993975326403
186,2,0.9998032670987334
186,6,5.980317816541376
186,7,202.53065263876516
186,8,202.8098507338002
187,10,1.00267102649204
187,12,1.000639814175667
187,14,202.81074387426776
187,17,1.0032301411351607
187,18,126.84701093446527
187,21,202.29638394837832
187,22,1.0001911872219802
187,23,202.30063886215817
187,24,5.999947340489862
187,27,78.0828294996822
187,29,202.30032806321947
187,2,77.88644947371084
187,6,5.980897833983273
187,7,202.5311613221031
187,8,202.80943655586796
188,10,1.0028776211624049
188,12,1.0000532095739585
188,14,202.81015850751552
188,17,1.0033986619109525
188,18,1.0036022030135623
188,21,1.003029180238462
188,22,1.0008700557857289
188,23,202.30120483837766
188,24,5.997902173334364
188,27,127.16156625881486
188,29,77.88897782048488
188,2,126.58542512749224
188,6,1.003405195837078
188,7,202.53065372783374
188,8,202.80985990115246
189,10,202.29920293427972
189,12,5.980235089082794
189,14,202.81071457481002
189,17,6.0011680364931035
189,18,77.8891236303802
189,21,6.0001134278603185
189,22,1.0002264964026848
189,23,202.30061282786784
189,24,6.000069282041235
189,27,127.1622152332676
189,29,77.88944497299124
189,2,126.58636408444868
189,6,5.981227643374846
189,7,202.53117626020284
189,8,171.65608004006756
190,10,202.2996122687461
190,12,15.47451036256681
190,14,202.81027008903106
190,17,202.81057915504596
190,18,202.29849796083496
190,21,77.88127569048277
190,22,1.0005643286158667
190,23,202.3012403075419
190,24,5.998005990026828
190,27,107.62934885904323
190,29,77.88892045011578
190,2,107.14039748310297
190,6,15.478088830429874
190,7,14.999878084059542
190,8,202.80983299403766
191,10,202.2992408215867
191,12,15.475076914727833
191,14,127.16325484435195
191,17,202.81027139816294
191,18,202.2990912948328
191,21,77.88177858288968
191,22,1.0000048160702235
191,23,126.59032071161096
191,24,1.001326449646685
191,27,202.8105543131152
191,29,202.30006645722122
191,2,126.58634750008746
191,6,15.475947249154032
191,7,15.000169824098638
191,8,202.8092748918009
192,10,202.29964206570617
192,12,5.981072527117057
192,14,6.000204562433091
192,17,202.81056508317081
192,18,202.29856200953506
192,21,77.88106281681576
192,22,48.95148847816114
192,23,126.5909232010395
192,24,1.0007893519914237
192,27,202.81012906072527
192,29,202.2997011105249
192,2,202.29696639324158
192,6,5.981694381244047
192,7,14.999729119665261
192,8,202.80983288133436
193,10,202.2993615835811
193,12,5.981502985951922
193,14,7.0902033670526805
193,17,78.08273746979367
193,18,202.29911480336585
193,21,1.0013130975561282
193,22,127.15014496043396
193,23,126.59034826686637
193,24,1.001582064110309
193,27,202.81057518285513
193,29,202.30003948858916
193,2,77.88636662983671
193,6,5.981145671322711
193,7,15.000226983614688
193,8,202.80923571281704
194,10,202.29962281006488
194,12,5.981002196859321
194,14,6.000096202029621
194,17,6.006378537666672
194,18,202.29858649254842
194,21,1.0005167035671763
194,22,107.61557844104689
194,23,202.300721535415
194,24,1.0007025717521802
194,27,202.81023472433188
194,29,126.59252584081938
194,2,1.004529192883175
194,6,7.068707777860994
194,7,6.005079643667259
194,8,202.80984895823494
195,10,202.29910690401778
195,12,15.476538531218683
195,14,7.0903155306703125
195,17,78.08273952288195
195,18,202.2990692911756
195,21,1.0013281085137553
195,22,107.61485377480868
195,23,202.30014942498022
195,24,7.0794785995867295
195,27,171.65706754900918
195,29,202.3000347975112
195,2,1.0100988178801886
195,6,5.980562371118713
195,7,15.000395084151869
195,8,78.08119695032444
196,10,77.88761318558925
196,12,15.475872424042468
196,14,1.0049836008841782
196,17,127.15718302930117
196,18,126.84691528112923
196,21,1.000777643049382
196,22,107.61567495681045
196,23,202.30069858560938
196,24,5.995676156666657
196,27,202.81021005671167
196,29,202.29959829015473
196,2,42.956037268099564
196,6,1.0020700481270959
196,7,14.999385134477187
196,8,6.000122204207762
197,10,6.004634339013935
197,12,15.476501032831877
197,14,6.0008065827095995
197,17,6.001113213178315
197,18,5.998816826217326
197,21,6.00007633505604
197,22,127.15012198376799
197,23,77.88581611282005
197,24,202.81181141467135
197,27,202.81058851390657
197,29,202.30001682274775
197,2,202.30012401350655
197,6,1.0014053230752822
197,7,15.000401455337176
197,8,1.0016212820566368
198,10,77.88761182621926
198,12,5.980137452042333
198,14,78.07640648078639
198,17,6.00151123410648
198,18,1.003700915168503
198,21,202.2986295698047
198,22,127.15057654635153
198,23,77.88711012874865
198,24,202.81122883619352
198,27,202.81030238592874
198,29,202.29948246394238
198,2,171.22330034912508
198,6,1.0021123030199783
198,7,38.95798776512997
198,8,1.0022454277090809
199,10,77.88703810552927
199,12,5.980613343430603
199,14,6.000776174040072
199,17,6.000916203883275
199,18,1.0029975296692832
199,21,202.2989989765337
199,22,15.004980191541659
199,23,6.002036781328642
199,24,202.81174887757638
199,27,6.003499957623793
199,29,6.000049862171982
199,2,202.30010632090682
199,6,5.980965977183679
199,7,38.95862332532573
199,8,1.001420594296011
200,10,202.29926954890377
200,12,5.9801416682518
200,14,1.0039945603660678
200,17,6.001465687056974
200,18,77.88049347851468
200,21,202.29857212308002
200,22,48.950539699647436
200,23,6.002565218778171
200,24,202.81118643123477
200,27,6.003002316052261
200,29,0.9999606290153054
200,2,202.29974084815007
200,6,139.83294942274517
200,7,38.958154100018795
200,8,78.08230828618245
201,10,202.29871419336072
201,12,5.9805965097887475
201,14,6.000751107248845
201,17,6.000783101794979
201,18,65.90968390613905
201,21,202.29899441101486
201,22,48.94995260637951
201,23,6.002029227985358
201,24,202.81182995442146
201,27,32.82127843660711
201,29,1.0009026361216584
201,2,202.30009212833792
201,6,139.8064010926946
201,7,6.0003321420667906
201,8,202.8092456999089
202,10,202.29930101596167
202,12,5.979956579211226
202,14,6.000019040051713
202,17,6.00118455332222
202,18,77.88592204297196
202,21,202.29870775203307
202,22,57.833515802739555
202,23,6.002540611183359
202,24,202.8115189166847
202,27,127.16132047069158
202,29,1.000285957929668
202,2,202.29958008959034
202,6,53.851584505113664
202,7,1.0040936595859202
202,8,202.80978115732617
203,10,171.22262158148013
203,12,5.980560560450208
203,14,78.08087690563448
203,17,78.08125418521277
203,18,202.29773498563492
203,21,6.005100584399666
203,22,48.94984509571852
203,23,77.88709542586908
203,24,202.8118048550105
203,27,202.81044904148777
203,29,1.0009071378118435
203,2,202.3001015589258
203,6,1.00243544059275
203,7,2.301525113059407
203,8,171.6559112112492
204,10,202.29927487211978
204,12,5.9799129214698805
204,14,78.08035085244023
204,17,127.16315592311454
204,18,202.29743382049045
204,21,6.004595645217728
204,22,127.15124459419894
204,23,77.88519296595467
204,24,5.985178623583856
204,27,202.8100168541197
204,29,1.00017496756836
204,2,1.0002847275995919
204,6,1.00170726058521
204,7,5.980184894295062
204,8,171.6574294532249
205,10,77.88827167585427
205,12,15.476374160213421
205,14,78.0809698525396
205,17,127.1612073231208
205,18,1.001518627813211
205,21,77.88435126492105
205,22,127.15095549156666
205,23,126.58399994865692
205,24,5.985363250113971
205,27,202.8104663677188
205,29,6.0004124029919
205,2,1.0004966354221398
205,6,1.1874016672315362
205,7,5.980467303212582
205,8,202.80928720038827
206,10,77.88905222507297
206,12,15.475586413512794
206,14,6.0056376853455165
206,17,202.811057711748
206,18,1.0008899636548003
206,21,202.29941972714863
206,22,6.003662351211586
206,23,126.58313844369238
206,24,5.984795691730552
206,27,171.6557498866517
206,29,5.999966213745823
206,2,0.9999250791425416
206,6,1.0017240376771266
206,7,2.29660281193424
206,8,202.8097843290482
207,10,77.88824855891687
207,12,15.476404873690036
207,14,202.81078224705442
207,17,202.81053965438525
207,18,1.0014965127552058
207,21,202.2988794657764
207,22,6.003221752035458
207,23,77.88837567446421
207,24,1.0022536896922425
207,27,202.81047733662365
207,29,6.000439561951269
207,2,1.0004589172096203
207,6,53.85182699859448
207,7,2.714900926941679
207,8,202.80928765514525
208,10,202.29982480899545
208,12,5.979859329768976
208,14,202.8102889569458
208,17,202.81109842860462
208,18,1.0009169752710543
208,21,202.29938407840336
208,22,127.16331193646391
208,23,77.88750504017626
208,24,1.0015524562451361
208,27,202.80988665225925
208,29,5.078590685427003
208,2,1.0000051118245379
208,6,53.85009681741427
208,7,2.296971206502622
208,8,171.65758465895425
209,10,202.29939911810465
209,12,1.0007492877122806
209,14,202.81075496997732
209,17,202.81074779616327
209,18,77.88614465306587
209,21,202.2990009377768
209,22,193.99144986658573
209,23,126.58189401754993
209,24,1.186706008989109
209,27,202.81046543134698
209,29,77.88520038689241
209,2,1.0004474307000146
209,6,139.87293590407808
209,7,2.2974003227860784
209,8,202.80934369188566
210,10,202.2998019352999
210,12,1.000124984417388
210,14,202.8106949387173
210,17,202.81108293376207
210,18,202.29927659918027
210,21,202.29936605745291
210,22,202.8061304599932
210,23,1.0005611299398574
210,24,1.0019614376570916
210,27,202.81006151044411
210,29,65.91915518215829
210,2,0.999611321909156
210,6,139.87222050575565
210,7,2.2967790168420903
210,8,202.80980803530633
211,10,202.29951182224926
211,12,1.0006927733628537
211,14,202.8104489089426
211,17,202.81087012427957
211,18,202.2987901017557
211,21,202.2989715635522
211,22,193.9886382356976
211,23,0.9999640170108091
211,24,5.9858146916385095
211,27,78.08296449754589
211,29,202.29968432059385
211,2,5.99806617040294
211,6,139.87301742281554
211,7,5.97985678563514
211,8,202.80922022584218
212,10,202.29981395556885
212,12,0.9998653538808471
212,14,202.81075614617833
212,17,78.08304319086237
212,18,202.29922300165845
212,21,202.2993579564202
212,22,84.20665110771444
212,23,1.0005235025323485
212,24,5.0666982243728595
212,27,1.0041902369868243
212,29,202.29922120998154
212,2,5.997813446820427
212,6,118.31285345367182
212,7,2.2973163694896686
212,8,202.8097623407016
213,10,202.29953448973617
213,12,1.0006723160701796
213,14,127.16186389035259
213,17,78.08269115699646
213,18,171.22340912945546
213,21,202.29888084610025
213,22,74.69182407215027
213,23,1.0005859970054631
213,24,5.9856913703155605
213,27,78.07892793502175
213,29,202.29968941702865
213,2,5.998138561960566
213,6,118.45774568252068
213,7,1.000737992460353
213,8,202.8091647301989
214,10,202.29981593600635
214,12,0.9998269579641477
214,14,6.003482242097141
214,17,1.001466024936028
214,18,202.29924497896877
214,21,202.29940800822553
214,22,127.15980954650082
214,23,0.9994585512826468
214,24,5.987416199046403
214,27,1.0050651832079671
214,29,77.88564425950463
214,2,5.997814771786085
214,6,139.91542189542784
214,7,1.00006478064304
214,8,202.80979409608634
215,10,202.29950443424661
215,12,1.0003698858794294
215,14,1.0033446559671022
215,17,1.0010903053193827
215,18,202.29872538930235
215,21,202.29888622160206
215,22,107.62453027604447
215,23,5.993640552175623
215,24,5.98568093120699
215,27,6.000062703700897
215,29,77.8860865973536
215,2,1.003785652715762
215,6,139.87300357122425
215,7,1.000755945114225
215,8,171.65519460750724
216,10,202.2998369352774
216,12,0.999713510020305
216,14,78.08286362511522
216,17,1.0017355381499273
216,18,202.2992505614504
216,21,202.29938411149237
216,22,127.15979487589738
216,23,1.0005913101096473
216,24,5.068932953028496
216,27,5.999225504263062
216,29,92.01953681682971
216,2,1.0032718439908273
216,6,45.51673793302783
216,7,0.9999580710965201
216,8,171.65741129124794
217,10,126.59001019922312
217,12,5.977598177163187
217,14,202.809877715821
217,17,1.0008932822243466
217,18,202.29895649863727
217,21,77.88560751453848
217,22,107.62477516125011
217,23,1.0000512276503208
217,24,5.989517419787448
217,27,78.07907034425668
217,29,6.004628364800347
217,2,27.203856204539626
217,6,45.51873069684526
217,7,1.1838030074891037
217,8,202.80937560930357
218,10,126.59073566014072
218,12,1.0012451795340382
218,14,202.8104460395514
218,17,5.9999289975078804
218,18,77.88610607014591
218,21,77.88653286870866
218,22,107.62623199978529
218,23,1.0007060501612557
218,24,5.985481583929919
218,27,6.004859419197476
218,29,6.0039584884613015
218,2,70.65463960644473
218,6,53.83535709219272
218,7,1.0007452132240662
218,8,202.80979909569152
219,10,126.5901360594789
219,12,1.0020883850942814
219,14,202.80992974816326
219,17,127.16127600417241
219,18,1.0026996862404411
219,21,77.8859959999965
219,22,107.62421207717954
219,23,1.0000857540250472
219,24,1.0006563426619817
219,27,78.08283166653473
219,29,202.29991606284247
219,2,70.65546289226384
219,6,53.83523290471919
219,7,1.0002263321127298
219,8,78.08090402584227
220,10,202.29966050062183
220,12,1.0011438795229077
220,14,202.81042732282566
220,17,202.81092055513577
220,18,1.0031000990434569
220,21,77.88652429574415
220,22,127.15984863365422
220,23,1.0005808774260263
220,24,1.0002278093928538
220,27,202.80971907229122
220,29,202.29952187194493
220,2,70.65479171793933
220,6,53.83619742034899
220,7,1.0007963345240514
220,8,66.0857838655197
221,10,202.29911914771012
221,12,5.980116815625264
221,14,202.8099661957128
221,17,202.81051386359658
221,18,5.992837971419547
221,21,77.88569762164197
221,22,74.68783491032407
221,23,1.1842718098697214
221,24,1.0006280457068
221,27,202.81036323636417
221,29,202.29993822877614
221,2,27.203828090103272
221,6,53.83590862391715
221,7,1.0000477235306722
221,8,78.08084982745953
222,10,202.2996246291532
222,12,5.979276574802989
222,14,127.16722229077875
222,17,202.81091001566494
222,18,1.0029674043786994
222,21,92.02221948818557
222,22,74.68871434612348
222,23,1.0003863323321136
222,24,1.0002023325421083
222,27,202.80998416941614
222,29,171.22365833901983
222,2,1.002114675219902
222,6,53.83613760485702
222,7,2.2916326100895343
222,8,78.08080605068234
223,10,202.29921371868375
223,12,202.80963056572415
223,14,127.16662333685842
223,17,202.81034202255873
223,18,1.002549384324607
223,21,77.8855873894253
223,22,74.6878671421384
223,23,1.0006552229156895
223,24,1.00064254457049
223,27,202.81039598640038
223,29,202.29990276677393
223,2,1.00205832016277
223,6,53.8358668264763
223,7,1.93183207777661
223,8,1.00068144001252
224,10,202.2996479420341
224,12,127.16768650948538
224,14,202.8108088721487
224,17,202.8109418801139
224,18,77.88226865203299
224,21,77.88654277411622
224,22,74.6887448863076
224,23,1.0000058618577663
224,24,0.9999301315225271
224,27,202.81022370867038
224,29,202.29952493035555
224,2,1.0015854956128276
224,6,53.83494848332248
224,7,2.2916165120736585
224,8,0.9999904334952685
225,10,202.29951219701803
225,12,202.80966148486934
225,14,202.81028119431696
225,17,78.08097606472299
225,18,77.88176241124619
225,21,77.88574904428788
225,22,74.68774720407266
225,23,202.30111377692222
225,24,5.98535162496351
225,27,6.005732283638521
225,29,77.88859170784495
225,2,27.203499579546175
225,6,53.83585225749736
225,7,1.0039947593532714
225,8,1.0006159619342485
226,10,6.006217861381422
226,12,202.8089894354843
226,14,202.81075649003583
226,17,78.08297934462266
226,18,6.006306148668794
226,21,126.58814849067694
226,22,193.9901743228874
226,23,202.30064103945767
226,24,5.984357838617616
226,27,6.004943113938652
226,29,77.88812301032897
226,2,27.212829592208
226,6,1.0034549227651501
226,7,2.2973222083820426
226,8,0.9998871827726941
227,10,77.88679684376767
227,12,202.80958329738462
227,14,202.8102480175166
227,17,5.997745821619078
227,18,77.88503993241382
227,21,126.58622783659993
227,22,193.98923097321483
227,23,202.30109104938526
227,24,15.506832226338194
227,27,78.08257094735787
227,29,77.888588798676
227,2,6.025243488575781
227,6,6.002030890179705
227,7,5.981995433179938
227,8,1.0006531440453816
228,10,77.88729796470486
228,12,202.80903412417138
228,14,202.81079516960452
228,17,1.0011027083761554
228,18,131.68641054848348
228,21,202.29902711441542
228,22,193.9902257946385
228,23,202.30063074729424
228,24,15.50629100925158
228,27,202.81073955301272
228,29,77.88788553508248
228,2,6.024391733894036
228,6,6.001347978544955
228,7,202.52254067848898
228,8,0.9998788365479347
229,10,77.88665785129345
229,12,202.8095878170603
229,14,202.81036182344164
229,17,1.0000855106599849
229,18,126.84547939716057
229,21,202.2983994277055
229,22,6.000674244051629
229,23,202.3011185197441
229,24,5.987432081973154
229,27,202.81020010837386
229,29,202.29975420456384
229,2,21.17046965273419
229,6,53.821870310927395
229,7,126.5821116780211
229,8,78.08238711590792
230,10,202.29981345681838
230,12,202.8091435036089
230,14,202.81084516881137
230,17,1.0011075031921397
230,18,131.68648959212598
230,21,202.29899947710024
230,22,6.001573558514659
230,23,202.30055706093842
230,24,5.9869706253881
230,27,202.81075141774244
230,29,202.29929262586725
230,2,6.027036930097599
230,6,53.82141662494575
230,7,2.2974667475034316
230,8,78.08025179979674
231,10,202.2992447434337
231,12,202.8096557502163
231,14,202.81044438260153
231,17,1.000391132296019
231,18,1.0002906018475795
231,21,202.29848109050323
231,22,6.000717036484546
231,23,126.58815089129008
231,24,15.504505700438244
231,27,202.81013973799259
231,29,202.29971973367626
231,2,27.225016842536565
231,6,45.514199975502365
231,7,1.0022671755346133
231,8,202.80970565958063
232,10,202.2997753831768
232,12,171.66304005063142
232,14,127.16338881787297
232,17,202.8111971470966
232,18,1.0008708689036476
232,21,202.2990122111122
232,22,6.001566757358238
232,23,6.004004522808219
232,24,5.985160428867253
232,27,202.81073683538162
232,29,6.004130722424508
232,2,126.58418594844952
232,6,6.004624909932829
232,7,1.0016706728636864
232,8,202.8091081552422
233,10,202.29925435307203
233,12,202.80961309819403
233,14,78.08108558342528
233,17,202.8106130812491
233,18,1.0002814336806622
233,21,5.997970219137076
233,22,74.68516155270417
233,23,77.8903604700227
233,24,5.985579253319654
233,27,202.8101953969575
233,29,6.0047994978500645
233,2,126.5845531125048
233,6,126.58814423885437
233,7,2.2975829443834312
233,8,202.80969133253583
234,10,202.29979151276183
234,12,78.08365651543586
234,14,58.79190989122599
234,17,202.81115028390215
234,18,1.0008653109988073
234,21,1.0021504277525537
234,22,74.6873127175324
234,23,202.30032947841966
234,24,5.985249865677964
234,27,202.81070071242522
234,29,77.8858240424649
234,2,70.65738638490319
234,6,202.30079725940575
234,7,5.980872661917183
234,8,202.80910246500554
235,10,202.29925659701485
235,12,78.0850986897536
235,14,1.0004251943068132
235,17,202.81066199397267
235,18,1.0003939789303669
235,21,1.0013680214656393
235,22,127.16094104931692
235,23,202.30082004480116
235,24,5.985640234049857
235,27,202.8102404481494
235,29,202.29899493988125
235,2,6.006231512320702
235,6,202.30023504041208
235,7,5.980269294261714
235,8,202.8096757857825
236,10,202.29979746477974
236,12,6.004884097716016
236,14,1.0012405513485314
236,17,202.81114413807867
236,18,6.000085833636596
236,21,1.0020402780784865
236,22,127.16187965358405
236,23,202.30049729226792
236,24,5.9851928932719005
236,27,202.81073488088785
236,29,202.29850998135714
236,2,27.21904300273347
236,6,202.3007797255128
236,7,5.9808251812141595
236,8,202.80910119366254
237,10,202.29922400901074
237,12,78.08344798046488
237,14,1.0003784028014193
237,17,202.81053807154328
237,18,5.998333292980255
237,21,77.88296422531293
237,22,107.6282503487298
237,23,202.300859269662
237,24,5.9856689860809835
237,27,202.81038664623685
237,29,77.88654003416946
237,2,32.1860044470157
237,6,202.3003458131856
237,7,2.296324019753694
237,8,202.8096960967478
238,10,202.29977252367593
238,12,78.08253209270305
238,14,1.0012486438245878
238,17,202.81113633552167
238,18,202.29892327813874
238,21,202.29905441155623
238,22,202.81072256031342
238,23,126.59021593738714
238,24,5.985263666786425
238,27,202.8107646368972
238,29,15.003755534248551
238,2,27.21847653461155
238,6,202.30081633639492
238,7,1.001246131802338
238,8,78.08230462495098
239,10,202.29916279537045
239,12,78.0832878464513
239,14,5.996604968591493
239,17,202.81056195021554
239,18,202.2983679312588
239,21,202.29848515325506
239,22,78.08214391631059
239,23,126.59091305255674
239,24,5.985632688456342
239,27,202.8105475054466
239,29,15.7742363851155
239,2,32.18589370570347
239,6,202.30050165948623
239,7,1.0007588680191102
239,8,78.08313795400514
240,10,202.29979966799144
240,12,1.0030400442627867
240,14,5.997309649121736
240,17,202.81120552238426
240,18,202.29894647925155
240,21,202.2990364177922
240,22,78.08314476678335
240,23,126.59031528510214
240,24,5.985260066071646
240,27,132.40942804199625
240,29,18.63461039546346
240,2,32.18418170204019
240,6,202.30085641256716
240,7,1.0012067619725133
240,8,78.0822621256754
241,10,126.59018704162571
241,12,1.0037049997145333
241,14,1.0034958134265093
241,17,48.919920543734115
241,18,202.29844702398339
241,21,202.2985401737365
241,22,1.0026976817858921
241,23,202.301144671171
241,24,5.985671157993458
241,27,156.43693467136904
241,29,18.66455863491291
241,2,32.1860156843932
241,6,77.88842823533568
241,7,1.0004115608002886
241,8,202.8073873819786
242,10,126.59094725534165
242,12,1.0039016479451526
242,14,5.073136474543441
242,17,48.92067295674731
242,18,77.89004471554954
242,21,202.29907367785452
242,22,1.0031043678263192
242,23,202.30081713395603
242,24,5.9850875321235835
242,27,78.08234601451348
242,29,6.021117035433018
242,2,32.18459925974053
242,6,77.88886762373019
242,7,2.295313040896187
242,8,6.000084607956178
243,10,126.5900898960207
243,12,5.998975744633177
243,14,5.997965371576383
243,17,48.92008484592982
243,18,77.88943337371356
243,21,202.2985772456075
243,22,5.9979841474192
243,23,202.30113543484615
243,24,202.8077120341341
243,27,1.0012503623771565
243,29,6.0095807063820805
243,2,27.21941201940735
243,6,77.88822104627522
243,7,2.294546283879609
243,8,1.0012801200518204
244,10,202.29905392858674
244,12,78.085162582825
244,14,78.0803795300601
244,17,6.006155370181292
244,18,126.84688346636123
244,21,77.88466335101067
244,22,91.85947554898021
244,23,202.3005813543317
244,24,202.80683550878865
244,27,1.0004345001058308
244,29,202.29974931598625
244,2,27.21870936529423
244,6,77.8888966194564
244,7,2.2952920340693863
244,8,1.0016594984167186
245,10,202.29850068544508
245,12,202.80863180695036
245,14,78.0795329468492
245,17,48.92006580822758
245,18,202.29912503717696
245,21,65.91729271339713
245,22,202.8105670294388
245,23,202.3011169244828
245,24,5.985306355628081
245,27,1.0011293314205059
245,29,202.30010767431713
245,2,32.186043381216194
245,6,202.30036868075877
245,7,2.2949897950463214
245,8,1.0010324766670475
246,10,202.29906386240742
246,12,202.80890889849317
246,14,78.08035321984312
246,17,127.11441626740518
246,18,202.2994709718567
246,21,77.88372222243473
246,22,202.81088888814892
246,23,202.30070011043497
246,24,5.985124000983067
246,27,1.0012199803546178
246,29,202.29978845136876
246,2,17.79659423939785
246,6,202.30068808157534
246,7,1.003183038879845
246,8,1.0013252005944038
247,10,77.88583125370548
247,12,202.808629097459
247,14,5.998623764302821
247,17,127.11405302620453
247,18,202.2991429672936
247,21,1.0029900378055805
247,22,202.81034358067893
247,23,2.29407787117763
247,24,5.985356042916489
247,27,1.0005506677078158
247,29,202.30013646424217
247,2,17.749721079622947
247,6,202.3003056133912
247,7,1.0023775855657666
247,8,5.998231963428308
248,10,6.0000506659337365
248,12,202.8088928442711
248,14,6.0000279639387655
248,17,48.92121461441261
248,18,202.29942005277192
248,21,1.00232721676191
248,22,202.81089330235417
248,23,1.0010371935486475
248,24,1.0009625093631316
248,27,6.000125101135695
248,29,202.29956747186358
248,2,20.978709533176897
248,6,202.30066211992036
248,7,1.0041912068983727
248,8,78.07707259995674
249,10,1.003237545610296
249,12,127.16196187294271
249,14,0.9999830718659748
249,17,1.0017777486236206
249,18,202.29909949574375
249,21,1.0030252938396664
249,22,202.81035901576075
249,23,1.0012117220645687
249,24,1.0014915644730058
249,27,5.9990877999180015
249,29,202.30012874575064
249,2,17.75035271809113
249,6,202.3002890155144
249,7,1.0031886521733107
249,8,6.002050788513818
250,10,1.0037224760150538
250,12,6.001836315962929
250,14,1.0006497059445207
250,17,1.0012796652597462
250,18,202.29944407531147
250,21,7.08591738858193
250,22,202.81089383543903
250,23,1.0004184419648636
250,24,1.0009185164109464
250,27,127.15781118613668
250,29,77.8864521498339
250,2,0.9570985684722881
250,6,202.30067167941036
250,7,1.001953561873238
250,8,6.002748347373291
251,10,1.0036126766659441
251,12,6.001174518099101
251,14,1.0002373563112243
251,17,1.0017541272061985
251,18,202.29914420158906
251,21,5.999265687121003
251,22,202.8102623032119
251,23,1.0012050187077062
251,24,1.0015393657852236
251,27,127.15722990794757
251,29,77.88734280743763
251,2,21.026997234533347
251,6,1.0009934958642157
251,7,2.2912549790332033
251,8,6.001987372011017
252,10,77.8845975009149
252,12,7.092718810280035
252,14,1.0006924179989358
252,17,1.0009648000139109
252,18,202.2994044201098
252,21,5.998511901263781
252,22,202.81089466796598
252,23,1.0008805260561573
252,24,5.981947772398379
252,27,1.0012229286439283
252,29,6.003725191529808
252,2,1.006125126220283
252,6,1.0004574432488766
252,7,1.0031866271102476
252,8,127.16331905561124
253,10,170.8288905124697
253,12,6.00104905602414
253,14,1.0004360612572754
253,17,48.9185804919665
253,18,77.89044856759377
253,21,202.2991347410644
253,22,202.81032147067876
253,23,1.0005030078418509
253,24,1.0015262352575016
253,27,1.0015475782522856
253,29,77.88732749800101
253,2,1.0067966121130665
253,6,1.001036490373811
253,7,1.0025803116389964
253,8,202.80894472659864
254,10,6.001047063451777
254,12,78.0849256562407
254,14,1.0006152491722187
254,17,48.91788836597028
254,18,152.26811936837967
254,21,202.29869992177208
254,22,202.81090088534668
254,23,5.974353376379136
254,24,1.0008654710924816
254,27,1.187310021760311
254,29,77.88640760317058
254,2,5.999779902465343
254,6,1.0004024065953638
254,7,1.0032374905793713
254,8,202.80940391080514
255,10,6.001857471798602
255,12,78.08313485419545
255,14,78.08061463909658
255,17,48.91861644356206
255,18,202.29758319535995
255,21,202.2991398825753
255,22,171.65538587425874
255,23,5.973885045666791
255,24,1.0012466988974627
255,27,1.1856972047504373
255,29,77.88778734464522
255,2,32.23081060927329
255,6,1.0010311757867134
255,7,2.2974461417803793
255,8,202.809158501777
256,10,6.00113330412037
256,12,202.80932651896188
256,14,202.81046425106797
256,17,1.001938963164668
256,18,202.29806845302653
256,21,202.29873757516452
256,22,171.65766499296356
256,23,2.2940683995032005
256,24,15.503492099014327
256,27,1.0016910216020536
256,29,202.300047390573
256,2,32.23261950589649
256,6,5.998330511402908
256,7,5.998763996675314
256,8,171.65656965154002
257,10,6.001825681654432
257,12,202.80888932771384
257,14,202.80998984021323
257,17,1.0022321738681752
257,18,126.84838811352193
257,21,202.29914704315104
257,22,202.81048898937476
257,23,1.0032974072469676
257,24,5.979879270842654
257,27,1.0011673428095964
257,29,202.30024520147148
257,2,27.237478543800574
257,6,77.88692294871734
257,7,6.000200659503274
257,8,171.65471659242883
258,10,6.001888209551572
258,12,202.80928938358028
258,14,202.81045528634502
258,17,1.0015673293257015
258,18,126.84937053512073
258,21,202.2986003486049
258,22,202.8109286829073
258,23,1.0039358991359295
258,24,6.000562493461757
258,27,78.08272676487539
258,29,202.29990556598835
258,2,126.5937274698959
258,6,92.0198314145536
258,7,5.998430882645719
258,8,202.809390677128
259,10,77.8843584130062
259,12,202.80885097996008
259,14,171.65550548976995
259,17,5.943981041594079
259,18,126.84838368831684
259,21,202.29909826055413
259,22,202.81049044393362
259,23,2.2870518217080695
259,24,1.0034840873254298
259,27,202.80894472417714
259,29,202.30023432845525
259,2,126.59332520761565
259,6,77.8863992341706
259,7,126.58561588065736
259,8,202.8088084861129
260,10,202.29952883930596
260,12,202.8093267377058
260,14,202.81048352947428
260,17,4.913831804534838
260,18,202.2993498998455
260,21,6.001333186652582
260,22,78.08311009628129
260,23,2.287470266235502
260,24,1.0028653235577396
260,27,202.8094570034576
260,29,202.2998811338847
260,2,126.59373500031055
260,6,126.58586335918505
260,7,126.58521340035455
260,8,78.0821657210754
261,10,202.29907609154495
261,12,202.8089435676053
261,14,171.65550457254236
261,17,48.91865058970134
261,18,202.29888265110256
261,21,1.0050629218314366
261,22,5.998881283788739
261,23,2.287335327352074
261,24,5.985389907849661
261,27,5.998677630161346
261,29,171.22547399194835
261,2,48.74088161631757
261,6,202.30024063153002
261,7,107.14097026363122
261,8,1.0003019991511444
262,10,202.2995977229284
262,12,202.80934338645105
262,14,202.81048756577252
262,17,48.91788584501631
262,18,202.2993690728707
262,21,77.88288813268929
262,22,6.000050546641046
262,23,2.28751455421122
262,24,127.16330497199549
262,27,5.999128275917902
262,29,202.29960018088784
262,2,6.001731783085801
262,6,202.29968114389868
262,7,126.58551093454481
262,8,1.0011865493963734
263,10,202.2992206402354
263,12,202.80897242521166
263,14,202.81001006388027
263,17,48.91858032232882
263,18,171.2232511356293
263,21,77.88225300229374
263,22,1.0014690143195972
263,23,1.9300011638351373
263,24,202.81009848689126
263,27,7.08526938658052
263,29,202.30020021307547
263,2,1.0038824566197517
263,6,202.3002775406129
263,7,126.58562879698187
263,8,1.0004643566327118
264,10,202.29955924914526
264,12,202.80933172608994
264,14,78.08271811321715
264,17,6.002502535547523
264,18,202.29938002011116
264,21,77.88281564569273
264,22,1.002083754499485
264,23,1.930673767572495
264,24,202.81054476256836
264,27,5.075877835462277
264,29,202.29960782831964
264,2,6.00177891425881
264,6,77.88848547449565
264,7,126.58518394389813
264,8,1.001289499304594
265,10,202.29914701244363
265,12,202.80884369298164
265,14,1.0016373441166806
265,17,6.002954545232583
265,18,202.29887539580687
265,21,6.004785388222654
265,22,1.0012089734666212
265,23,2.2868546671027223
265,24,171.6553039512324
265,27,5.076634485090259
265,29,202.30022940262305
265,2,48.74128259299465
265,6,77.88945160167752
265,7,126.58563639218706
265,8,5.998766587270958
266,10,77.8862233397882
266,12,202.8093393630556
266,14,1.0024403318253263
266,17,6.002177729262188
266,18,171.2252140698842
266,21,77.88290659882612
266,22,78.08036340901836
266,23,1.0002467411546903
266,24,202.81052909184004
266,27,5.998803092465503
266,29,202.29969839469527
266,2,126.59313751984465
266,6,77.88859581363894
266,7,1.0001016553275974
266,8,78.0824294836158
267,10,6.000122528855541
267,12,78.08930196554049
267,14,1.0017691630290617
267,17,127.11341916004
267,18,202.2988147828823
267,21,202.29652959799645
267,22,78.07968192376569
267,23,0.999489647825528
267,24,202.81009326974194
267,27,5.999191617287833
267,29,77.88567238981747
267,2,48.74745509925536
267,6,126.58568574381678
267,7,1.0005973603423834
267,8,78.08078184195428
268,10,6.000989955706362
268,12,202.809387823192
268,14,5.993879088043412
268,17,6.003666070348544
268,18,202.2993777557221
268,21,1.0035806615231522
268,22,78.08064041683822
268,23,1.0002590957062951
268,24,202.8105458664716
268,27,5.998497495107219
268,29,92.01813282738463
268,2,126.59484578496077
268,6,126.58469323032595
268,7,0.9997183184896601
268,8,202.8096275025699
269,10,6.000128374175841
269,12,202.8087974029407
269,14,1.1864153830189847
269,17,1.005717990119872
269,18,202.29879766522552
269,21,1.003104475480705
269,22,5.076977878261092
269,23,0.9994432305967029
269,24,202.81022064502764
269,27,1.0019373729451813
269,29,77.88651594802444
269,2,126.59408487628914
269,6,126.58568169521884
269,7,1.1837931974567715
269,8,202.80905116369684
270,10,6.001023642744528
270,12,202.80932417752075
270,14,1.002474167625266
270,17,48.91698900902611
270,18,202.29934875215764
270,21,77.88376294319878
270,22,5.999840159198267
270,23,1.0002163929783707
270,24,202.81051983536352
270,27,1.001117521478406
270,29,77.8850476908458
270,2,126.5947697967171
270,6,126.58470781777706
270,7,0.9996512405594675
270,8,171.65641204924484
271,10,6.0001958868698395
271,12,202.80866779577008
271,14,1.0019200688805059
271,17,48.9174076388854
271,18,202.29875970752158
271,21,65.91756749149752
271,22,5.999546367705672
271,23,1.0001543863876412
271,24,202.81012509848412
271,27,1.0019356811089581
271,29,77.88643201900783
271,2,126.59420607065508
271,6,77.88934370810185
271,7,1.000565913223162
271,8,202.80905729267937
272,10,6.0009930852774
272,12,202.8092948123585
272,14,6.000056975060048
272,17,1.0009951266178714
272,18,202.29937926517718
272,21,77.88488297511404
272,22,1.001276852005474
272,23,0.9995270823678384
272,24,202.81052277532822
272,27,5.997884746378126
272,29,77.88493564984923
272,2,126.59487124089037
272,6,77.88846483609244
272,7,0.9997623571935632
272,8,202.8095937422707
273,10,77.88461790127151
273,12,202.80875395828062
273,14,78.08151969125902
273,17,1.0013867898986906
273,18,77.88389606530203
273,21,77.88296652197711
273,22,1.0003614558015004
273,23,1.0002387231913872
273,24,202.81012067183875
273,27,202.8108303530789
273,29,1.0003032146842283
273,2,126.59415500126143
273,6,77.88939276608191
273,7,1.0002832579461067
273,8,202.8092150878315
274,10,202.29912149765994
274,12,127.16751674085086
274,14,202.80975378825963
274,17,1.0006013414859884
274,18,1.0012095860675494
274,21,202.29882415240928
274,22,1.0011903966413689
274,23,0.9996710643843008
274,24,202.810526354753
274,27,202.8105048350517
274,29,0.9993548890026647
274,2,149.56593970494384
274,6,202.3000678351942
274,7,48.731676796261695
274,8,171.65645725206244
275,10,202.2987341196542
275,12,127.16650062766452
275,14,202.80947234632126
275,17,1.001407065538693
275,18,1.0004672787165214
275,21,202.2984485901203
275,22,1.0004611761753672
275,23,1.0000093710836087
275,24,202.81000740201367
275,27,202.81079866574336
275,29,1.00030247358836
275,2,126.5937078996092
275,6,202.30049782534778
275,7,48.73235825805201
275,8,202.8090317063189
276,10,202.29914436617327
276,12,202.80716412624483
276,14,78.08185870801557
276,17,5.998592369450359
276,18,1.001069147592112
276,21,202.29884150038583
276,22,78.08294029824353
276,23,2.2929811266118794
276,24,202.81049403113437
276,27,202.81021217314162
276,29,0.9996664114031777
276,2,126.59408750555161
276,6,202.30013825183573
276,7,48.73158160870916
276,8,202.80957893050197
277,10,15.0016564964431
277,12,6.002119132017556
277,14,92.24946187994729
277,17,148.19030724087017
277,18,1.0015816768675192
277,21,202.29853511307766
277,22,78.08125499320606
277,23,5.974853337825557
277,24,171.65525678144328
277,27,202.8108047651398
277,29,1.0003302057199415
277,2,202.29321274290024
277,6,202.30053506935423
277,7,6.002319812396571
277,8,202.80922240103894
278,10,15.002541538752528
278,12,6.002590753208549
278,14,1.0011046081904267
278,17,202.80711258502419
278,18,1.0006640327177116
278,21,1.0023062085492809
278,22,202.8103624113485
278,23,5.974382635269364
278,24,171.65713392490375
278,27,202.81026758107225
278,29,0.9996486367922452
278,2,126.59402325112075
278,6,126.53122972427249
278,7,1.00429697655834
278,8,202.8096583781382
279,10,15.001470334970932
279,12,6.001929940413617
279,14,1.0005684354395425
279,17,202.80789527854256
279,18,5.999962668245567
279,21,1.0019093932382663
279,22,202.80990978115088
279,23,5.974849984390581
279,24,171.65579822234614
279,27,202.81081531945065
279,29,1.0002966329450658
279,2,126.59373379265911
279,6,149.4078604769129
279,7,15.48202293341171
279,8,202.80822508350585
280,10,77.88578142441726
280,12,78.085024628443
280,14,1.0011076205359632
280,17,57.05238228627956
280,18,126.84490797868504
280,21,1.002300142221757
280,22,202.81035505431407
280,23,1.00047967010158
280,24,202.81053131379377
280,27,202.81042901333626
280,29,0.9992276270305513
280,2,126.59400869712772
280,6,77.87627541371774
280,7,1.0044832827782466
280,8,56.92631791482308
281,10,194.76855966907178
281,12,202.8087737110133
281,14,1.0004788354184457
281,17,6.002499998559602
281,18,202.29866133887822
281,21,202.2984625501437
281,22,78.08230326920386
281,23,1.0010970026886206
281,24,171.65534137793273
281,27,202.81081171424663
281,29,7.087656520213146
281,2,149.5637626642523
281,6,133.02825895828832
281,7,6.002401206305679
281,8,6.004961768422372
282,10,202.29922462799476
282,12,202.80922625235974
282,14,1.0010526417343195
282,17,6.002855102928511
282,18,202.2980210824559
282,21,202.29882246020313
282,22,1.005617224060444
282,23,1.000451643631881
282,24,202.81050645521097
282,27,202.81041334209556
282,29,5.999222835132601
282,2,126.594774869168
282,6,126.58634792855328
282,7,48.73555642510004
282,8,78.08225900184412
283,10,202.29872787557636
283,12,202.80882771675053
283,14,78.08285625823139
283,17,6.001907083802972
283,18,202.29869591614622
283,21,202.2984715272791
283,22,6.001200173141278
283,23,1.184965795613488
283,24,78.08827993954964
283,27,202.8108389585221
283,29,5.999617982492834
283,2,1.0046153516651035
283,6,77.88714335499097
283,7,126.58448289487015
283,8,127.1556106699536
284,10,202.2992131584133
284,12,202.80930694809294
284,14,202.810772910011
284,17,57.050226446913015
284,18,77.88481856850308
284,21,77.89097973062697
284,22,78.08311938600154
284,23,1.0004446489596805
284,24,171.65724617918684
284,27,202.81025998947496
284,29,202.30054734273205
284,2,1.0040124608806726
284,6,6.004635279430956
284,7,126.58506241261126
284,8,78.08609879422427
285,10,202.29870883392118
285,12,202.80881121699557
285,14,171.6580099361562
285,17,6.004544268992179
285,18,1.0012999580233384
285,21,202.29846921398618
285,22,78.08107320358697
285,23,1.0008056997117505
285,24,202.81028777278624
285,27,202.8107846017962
285,29,202.30011056940828
285,2,5.970054226707028
285,6,77.88548700517083
285,7,48.74053547161163
285,8,78.08526155077706
286,10,77.88688729460863
286,12,202.80926273683372
286,14,202.8107938075877
286,17,57.05331705632507
286,18,1.000637671010221
286,21,202.29881019381122
286,22,202.81068741786413
286,23,5.998010148450554
286,24,66.08720831452183
286,27,202.81027537433047
286,29,202.30053559930911
286,2,5.969495421465837
286,6,77.88458306373438
286,7,107.13962451923965
286,8,202.80940733692546
287,10,1.0035927861458243
287,12,202.8088136594636
287,14,202.8109563130916
287,17,148.18802683818728
287,18,1.0012719816830176
287,21,202.29843840492785
287,22,202.81028629786687
287,23,7.0684862044646986
287,24,78.08069481667913
287,27,202.81077909908316
287,29,202.30019150323432
287,2,5.970000265810571
287,6,77.88548418859867
287,7,126.58467966470872
287,8,202.8091724023996
288,10,77.88686300841384
288,12,202.80926292296638
288,14,202.81051301837834
288,17,148.18715895152474
288,18,1.0005518769783928
288,21,202.29877587270678
288,22,202.81070335915982
288,23,7.067762593221466
288,24,6.00367505257261
288,27,202.81026014732876
288,29,202.30053207781793
288,2,1.0038196891500801
288,6,5.999193873911352
288,7,126.58507050743492
288,8,171.6568572175804
289,10,77.88618412483316
289,12,202.80890223881434
289,14,202.8109596126851
289,17,125.42646813506829
289,18,6.010430907346344
289,21,77.88330941042254
289,22,171.65503780624118
289,23,5.993324920100822
289,24,6.00316995579094
289,27,202.8108438746326
289,29,202.29996038535793
289,2,1.0044327156610775
289,6,1.0018900046219068
289,7,126.58456112477238
289,8,171.65575448736422
290,10,202.29978157977507
290,12,1.0002841374233693
290,14,202.81061207906663
290,17,148.18721503940898
290,18,5.10028395080435
290,21,6.00598509395175
290,22,171.65714471670768
290,23,5.992826759194627
290,24,78.08289376092492
290,27,202.81026051273702
290,29,202.30048158458308
290,2,5.968960319217652
290,6,1.0011336759475835
290,7,126.58513116706011
290,8,171.65676873094083
291,10,202.29937597550114
291,12,0.9996880171175802
291,14,202.81095049075466
291,17,127.16306685189508
291,18,202.29875773866175
291,21,77.88215843146746
291,22,171.6556432516993
291,23,5.993285247541445
291,24,78.08110703967237
291,27,6.003199778260473
291,29,202.3002107796748
291,2,5.969383499914096
291,6,1.0017564413646092
291,7,6.003032147410099
291,8,202.80893610377308
292,10,202.29976505580584
292,12,1.0002750325705332
292,14,202.81043169724296
292,17,148.1870678259946
292,18,202.29821306029888
292,21,77.88304306008745
292,22,202.81071523176857
292,23,5.993362116120005
292,24,127.15905632794289
292,27,1.0067095963069974
292,29,202.30049975592044
292,2,1.0046939468394047
292,6,1.0018129811113257
292,7,6.003862827675227
292,8,202.80938305244885
293,10,202.29942058913542
293,12,0.9996266078133242
293,14,202.81095379749186
293,17,148.1879680521342
293,18,202.29870453253068
293,21,6.004789467644139
293,22,202.81029965287178
293,23,7.068018948302027
293,24,127.15848986131965
293,27,22.99311450783955
293,29,202.30003267340635
293,2,5.969332933231652
293,6,77.88511771754504
293,7,126.5839088472777
293,8,78.0809746581529
294,10,202.29971697768892
294,12,1.0003646341450425
294,14,202.81044793391936
294,17,57.0518632689443
294,18,77.88507993874022
294,21,126.58572332692303
294,22,202.81068255028626
294,23,7.06853925892326
294,24,1.005377769754289
294,27,202.80902815342864
294,29,202.3005059841788
294,2,5.96904317420587
294,6,202.30102302661598
294,7,126.58434429790044
294,8,1.0012855765904227
295,10,202.29918629293388
295,12,78.07862437655083
295,14,202.81098125501808
295,17,48.28950959773809
295,18,6.006136075927279
295,21,126.58529808151663
295,22,202.81023020205896
295,23,7.067797179517942
295,24,78.08569083138968
295,27,202.80948527720548
295,29,202.30024842670815
295,2,1.0009234791222505
295,6,171.22508744860832
295,7,48.73431707749356
295,8,1.0006551013348233
296,10,202.29977668993658
296,12,0.9999778962371533
296,14,202.81051499754568
296,17,48.28809794508485
296,18,172.62698950209395
296,21,126.5857625457126
296,22,202.81070514338106
296,23,7.068516770883325
296,24,202.80759742503596
296,27,78.08631495101258
296,29,202.3005054227949
296,2,1.000298539603726
296,6,202.30099502581982
296,7,6.005883555398626
296,8,1.0012869112142724
297,10,171.2243279340329
297,12,1.0003631591048352
297,14,202.81097057641938
297,17,57.052672340433375
297,18,202.29883335191917
297,21,77.88263484210981
297,22,202.81039246872663
297,23,5.992704915063197
297,24,92.26003844513555
297,27,78.0870424088155
297,29,202.29994585185037
297,2,1.0009464953172804
297,6,202.30047116094835
297,7,126.58422874363035
297,8,1.0007910282545573
298,10,202.29977855106554
298,12,0.9997224767477508
298,14,202.81039756118753
298,17,1.0049038138974344
298,18,202.29860517193077
298,21,5.07806816750049
298,22,78.08321973905274
298,23,5.993262205556929
298,24,1.0044327587147004
298,27,202.81015772349588
298,29,202.30051124862098
298,2,1.0001320409467906
298,6,202.30098347631318
298,7,126.58474157758852
298,8,78.082238690976
299,10,202.2994306127767
299,12,1.0003514575256949
299,14,202.81096033128912
299,17,6.002941819501833
299,18,202.29885113885624
299,21,5.999607474582524
299,22,92.25306026519588
299,23,5.992506637027318
299,24,1.003775519477478
299,27,202.81057713519053
299,29,202.30002302289483
299,2,1.0009343749677004
299,6,202.30038094359585
299,7,126.58427972708553
299,8,202.80965861570266
300,10,202.29977161336632
300,12,0.9997181302187617
300,14,202.8106139460341
300,17,57.051290380079735
300,18,126.84567270581175
300,21,6.0010919825312685
300,22,78.08319578038989
300,23,5.9932293685654585
300,24,2.365775013699297
300,27,171.65632595902517
300,29,202.30049819552968
300,2,5.969571336960481
300,6,202.3009755278191
300,7,1.0018790601560665
300,8,202.80999816317637
301,10,77.88799302883979
301,12,1.0002811963905325
301,14,171.65803903253072
301,17,202.8107433203508
301,18,77.89005681155342
301,21,1.0011478466787844
301,22,78.08272967063978
301,23,5.992685393832193
301,24,7.0173719804539605
301,27,202.8105838591735
301,29,202.30015914750146
301,2,5.96995154307347
301,6,202.30076440881754
301,7,1.0009621117448955
301,8,202.80952336077897
302,10,77.88869154452019
302,12,0.9995928070061479
302,14,202.81066339110194
302,17,202.81007922133645
302,18,77.88925539274086
302,21,1.0018119616519083
302,22,78.08320558399717
302,23,7.0685090555620045
302,24,127.16164562799297
302,27,202.81007144765164
302,29,202.3005703977696
302,2,1.0045349989084427
302,6,202.30106032641774
302,7,1.0018896253565508
302,8,202.80998236519045
303,10,77.88793779586851
303,12,92.25322864208502
303,14,202.8109822700115
303,17,202.81065974930092
303,18,202.2994110388335
303,21,1.0010237981865835
303,22,15.00427403915378
303,23,14.993151659257979
303,24,107.62766456590751
303,27,202.8105635430201
303,29,202.30010007755382
303,2,5.97113755776916
303,6,202.3005433917905
303,7,5.998232847971949
303,8,202.80951993770657
304,10,202.29923838616727
304,12,78.0814741759547
304,14,127.16264963725747
304,17,202.8100821536085
304,18,202.2989188148259
304,21,77.88446750348713
304,22,78.08320001266878
304,23,7.068538065090013
304,24,202.81085328964528
304,27,202.81021262920055
304,29,202.30049299260764
304,2,15.425095521402564
304,6,202.30098357007054
304,7,5.999917946527743
304,8,202.80999418288204
305,10,202.29883285667617
305,12,78.0819599012871
305,14,78.08474759167646
305,17,202.81066278643928
305,18,202.29945234468622
305,21,65.91882479958463
305,22,202.80792102464105
305,23,2.7191433131541434
305,24,202.81031459145223
305,27,202.81058938632748
305,29,202.29996950887414
305,2,15.42567837418964
305,6,202.3006282066312
305,7,126.58479251659456
305,8,202.80960848211282
306,10,202.2992717135952
306,12,127.1602270579495
306,14,78.0841912704263
306,17,202.81008459149243
306,18,202.29896204325667
306,21,126.58804413603082
306,22,165.41975463431535
306,23,1.0032588458499676
306,24,202.81082474291492
306,27,202.81017219973026
306,29,202.30050482335946
306,2,5.971183276658742
306,6,202.30101232747106
306,7,126.58528937126212
306,8,202.81000831567826
307,10,202.29888574649263
307,12,127.16100163815624
307,14,78.08479255994773
307,17,202.81068146182665
307,18,202.29946589388058
307,21,202.2979810281421
307,22,6.002890204863103
307,23,1.0026377620694351
307,24,202.81032520503356
307,27,202.8106075664687
307,29,77.88692553648973
307,2,1.0002263732880037
307,6,202.30042698291206
307,7,126.58480165919752
307,8,202.80957072877305
308,10,77.8923589955309
308,12,127.16013972694958
308,14,78.08383887994539
308,17,202.81016655440013
308,18,202.2990178119111
308,21,202.29839271767275
308,22,6.002210731655743
308,23,2.7200865998783996
308,24,202.81081904294064
308,27,127.16266719975316
308,29,77.88764551530677
308,2,1.0010785623035305
308,6,202.30078065960896
308,7,126.58520756445688
308,8,202.81000766853006
309,10,107.14148979148814
309,12,127.16090928137648
309,14,202.80940201668193
309,17,202.81072351563174
309,18,202.29945876135088
309,21,202.29792465691438
309,22,6.00147029877202
309,23,2.718144561199222
309,24,202.81031331387334
309,27,15.00617249948726
309,29,77.88690633266486
309,2,1.1846265345836908
309,6,6.000011275859062
309,7,41.24795795254915
309,8,202.80951523194247
310,10,202.29738534201806
310,12,78.0882382456647
310,14,171.65382549904982
310,17,127.16627326653807
310,18,171.22464675663252
310,21,77.87239615182791
310,22,6.002166730866834
310,23,5.9975210540712105
310,24,202.81078716332246
310,27,66.08180144721213
310,29,77.88767241969317
310,2,5.968075258846484
310,6,1.0135541824832366
310,7,48.73507108844742
310,8,202.80998316409656
311,10,126.58607165525811
311,12,78.08877592259404
311,14,171.65504791617906
311,17,127.1671007203008
311,18,202.29951148995912
311,21,6.004505922822774
311,22,78.08135373054165
311,23,7.05740678097289
311,24,202.81021740863622
311,27,78.07889796812641
311,29,77.88688026094056
311,2,1.0011351446881926
311,6,1.0236938837828342
311,7,48.7340886464806
311,8,202.8096598962922
312,10,77.88623508274326
312,12,202.808039393324
312,14,202.80907759678027
312,17,202.80988542434937
312,18,202.2992225245284
312,21,91.98711799119758
312,22,202.81093033586077
312,23,5.996932320669813
312,24,202.81083253748452
312,27,5.998306854835628
312,29,126.5834679661326
312,2,1.0004035254932884
312,6,6.025650745029101
312,7,48.73493766977854
312,8,202.81003594409094
313,10,77.88558495520321
313,12,202.8084657096365
313,14,78.08229716096258
313,17,202.81028351289532
313,18,202.29946999320694
313,21,91.98529077646323
313,22,202.81039251083763
313,23,2.723537688120106
313,24,202.81048749888413
313,27,1.0010188507473758
313,29,77.89086876826602
313,2,1.0011054366804055
313,6,42.04923721858317
313,7,6.001421274407061
313,8,202.80958513936923
314,10,6.006089955764489
314,12,202.80787250690642
314,14,78.08166733497036
314,17,202.80983183299992
314,18,126.84561029720346
314,21,65.92082061766932
314,22,202.81091414433973
314,23,2.722918012065626
314,24,202.81082701372387
314,27,1.0004266185824866
314,29,107.13682125492892
314,2,1.0003751283467892
314,6,35.566692935307984
314,7,6.002216371311252
314,8,202.81002765905438
315,10,77.88554652015708
315,12,202.80839570161365
315,14,92.25158618892334
315,17,202.81027535548597
315,18,1.0024886821263514
315,21,77.88403194739575
315,22,202.81053822406437
315,23,7.057599022740007
315,24,1.0016884774322738
315,27,1.0010854669350469
315,29,202.29973756136937
315,2,1.0011660540394027
315,6,202.300376345833
315,7,6.001374023578141
315,8,202.80960067094455
316,10,202.29982788398078
316,12,78.08495762160757
316,14,78.0811299496928
316,17,155.81437896329675
316,18,1.00270127239372
316,21,77.88483554418747
316,22,202.81091016990342
316,23,5.999432662312089
316,24,1.1861509840406121
316,27,1.0002232045048913
316,29,202.30022609747752
316,2,1.0003941105586653
316,6,171.22383784252972
316,7,6.001955742407848
316,8,202.81002828985484
317,10,202.29923482434657
317,12,6.0013795149260165
317,14,6.000580154780608
317,17,78.08505721079086
317,18,1.002125991696083
317,21,77.88435209788209
317,22,202.81036508630123
317,23,2.7204449133386923
317,24,5.992481332941598
317,27,78.08260247757117
317,29,202.29977923391496
317,2,5.971158222902533
317,6,171.22534155865824
317,7,57.57532873275682
317,8,202.8095842592899
318,10,202.2998159169938
318,12,6.00194712572299
318,14,1.0045480399209783
318,17,78.08426620606251
318,18,5.999980873460916
318,21,6.000018547925368
318,22,202.81092566303462
318,23,2.7200275168789636
318,24,1.0015194913814316
318,27,202.81078482789857
318,29,202.3002087596726
318,2,202.29986861556898
318,6,202.29995011216678
318,7,48.734271668816824
318,8,202.8100265575615
319,10,202.29934073791048
319,12,6.0012772262580985
319,14,6.000582926411667
319,17,78.08516069748373
319,18,77.88252355028642
319,21,0.9999015089618846
319,22,202.81046520968945
319,23,2.72051151377205
319,24,1.0022422785140828
319,27,202.8102565016412
319,29,202.2996281841382
319,2,202.30011886430165
319,6,202.30033766055237
319,7,48.73346981363313
319,8,202.8095653876325
320,10,202.29982862287923
320,12,6.001943703980799
320,14,5.9999075368783545
320,17,127.16181107583034
320,18,65.91829019543457
320,21,1.0005897504095884
320,22,78.08309986785922
320,23,3.2141172515893466
320,24,5.998270052327331
320,27,202.81075171958838
320,29,202.30019019731122
320,2,202.29993676314444
320,6,202.2999795621132
320,7,48.734223951390426
320,8,127.16601139470036
321,10,202.29939696174705
321,12,78.08383407926149
321,14,78.08267379267483
321,17,202.8108070237017
321,18,65.91665902640328
321,21,1.000079816332068
321,22,5.996118672407334
321,23,2.7206603084323824
321,24,127.1612260461527
321,27,202.8103537125392
321,29,202.29969681655916
321,2,202.30013950289992
321,6,6.0016769922497035
321,7,48.73337824833636
321,8,127.16532001215572
322,10,202.29979182539466
322,12,202.80784355555693
322,14,127.16117538584042
322,17,202.8103315050614
322,18,202.29845273981678
322,21,1.0005878029594575
322,22,5.997164476749843
322,23,2.719676585789327
322,24,202.80778194454336
322,27,202.81076346993058
322,29,202.30021597210668
322,2,202.2997856850074
322,6,6.001141955167326
322,7,202.52968322542523
322,8,127.16594380640358
323,10,202.2992440101929
323,12,202.80743934682732
323,14,202.8108780652749
323,17,202.8107978963214
323,18,202.29798193689476
323,21,1.000009650791915
323,22,5.996158305931659
323,23,5.997744149667404
323,24,78.0836144675303
323,27,202.8103507214575
323,29,5.9986723173958305
323,2,202.30011676627277
323,6,6.001874652226532
323,7,202.52910770877483
323,8,202.80917116771494
324,10,202.299804398743
324,12,127.16315896469723
324,14,202.81039761255198
324,17,202.8103465031635
324,18,202.29838620314393
324,21,1.0005645441545754
324,22,5.997233464475801
324,23,2.7238835900141654
324,24,78.08321959797915
324,27,78.08893294413839
324,29,1.0013598199155052
324,2,171.22444397488135
324,6,6.00126701835565
324,7,202.52964712733373
324,8,202.8096690515883
325,10,202.2992827744828
325,12,6.005144652898638
325,14,202.81084739248965
325,17,202.81073594800768
325,18,77.88614035963627
325,21,77.88327879147849
325,22,5.996213662421783
325,23,5.074750737417339
325,24,92.25500102550026
325,27,202.81047161500297
325,29,1.0007867354699238
325,2,202.3000775019502
325,6,77.88699958890554
325,7,202.52921090069745
325,8,202.8092277573405
326,10,202.29985588067393
326,12,77.93184354300632
326,14,202.81041586457562
326,17,202.81017268137387
326,18,62.57868148270374
326,21,202.29949805915572
326,22,5.997205634463487
326,23,5.9979235338163335
326,24,6.004068265650327
326,27,202.81076844455953
326,29,1.0012801848335862
326,2,202.299505531287
326,6,126.58642197136648
326,7,202.52967232543685
326,8,202.80969833948947
327,10,202.29923606999128
327,12,6.004310813234663
327,14,202.81086432236552
327,17,202.81076304922334
327,18,6.000141653495747
327,21,202.29897466639784
327,22,1.0042440362833727
327,23,7.061049742587841
327,24,78.08361061326141
327,27,202.81041482145324
327,29,1.0004016606765527
327,2,202.30006481815562
327,6,202.30077635869128
327,7,202.52922408243742
327,8,202.80935088952774
328,10,202.29980597070204
328,12,77.9806695476842
328,14,202.81045916510516
328,17,202.810354039667
328,18,1.0016235221057466
328,21,202.29949550815695
328,22,5.997578965513887
328,23,7.060309128928588
328,24,202.80940534369114
328,27,202.81075321867542
328,29,6.000035335401079
328,2,202.29965354665757
328,6,202.3003397842241
328,7,77.97596894151195
328,8,202.80968666058044
329,10,202.29925618863751
329,12,202.8090038020276
329,14,202.81084772182078
329,17,202.81076727990322
329,18,1.002114176836698
329,21,202.2990232618537
329,22,5.996805779345981
329,23,7.061055424035242
329,24,202.80988559048666
329,27,202.81027611478498
329,29,6.183277028212911
329,2,202.3001139459505
329,6,202.30075711567272
329,7,6.004973976214485
329,8,202.80938675454553
330,10,6.003963955379232
330,12,202.8085323689574
330,14,202.81027611332556
330,17,202.81036891684843
330,18,1.001470713665511
330,21,202.29948408408976
330,22,78.08312190968428
330,23,5.998783285841885
330,24,202.8094297859285
330,27,202.81074213240558
330,29,6.181307674731962
330,2,202.29972652471176
330,6,202.30025492585264
330,7,77.97598162599799
330,8,78.08682469522837
331,10,6.003177242416359
331,12,202.80902983299694
331,14,202.81086049586904
331,17,78.08260398450764
331,18,5.999914984019805
331,21,202.2990226532638
331,22,202.81014019283353
331,23,2.7216245064937175
331,24,78.08908038352901
331,27,202.81025179680424
331,29,16.05484865035951
331,2,126.58813294580861
331,6,202.30071316466086
331,7,126.58701851442267
331,8,78.08587397531137
332,10,77.88611178421893
332,12,202.8085213143087
332,14,202.81043031220753
332,17,1.001755693230744
332,18,5.998659799399121
332,21,202.29950623207935
332,22,202.8105208343017
332,23,1.003982027746802
332,24,127.16386308228398
332,27,202.81078730422107
332,29,6.182626004744803
332,2,77.8863061846258
332,6,202.30025475453516
332,7,202.5277594395528
332,8,202.80751478133345
333,10,77.88396463879673
333,12,202.80898635040722
333,14,78.08271430889444
333,17,1.0022623929829368
333,18,202.298236585937
333,21,202.29910428327582
333,22,202.81000379839702
333,23,2.721676955658608
333,24,202.81058723604366
333,27,202.81041144840458
333,29,1.0020875357288288
333,2,77.88705769152445
333,6,202.30077441723154
333,7,77.97641944243502
333,8,127.16712260048234
334,10,202.29920047769264
334,12,202.8085759522882
334,14,6.002900177434435
334,17,1.0018748678440605
334,18,202.297894809167
334,21,202.29950490154303
334,22,202.8105310236825
334,23,5.998513132663493
334,24,202.81029584987988
334,27,202.8107396576881
334,29,1.0014936941687154
334,2,6.004496333519916
334,6,202.30035982093776
334,7,77.97715463700793
334,8,127.16759933009372
335,10,202.2986715211045
335,12,78.08649362941316
335,14,6.003574983261617
335,17,6.000141799031887
335,18,77.88729170935424
335,21,202.29911615779156
335,22,127.1619469906849
335,23,7.06149282315757
335,24,202.81066452680648
335,27,202.81027122299193
335,29,1.0021026021267305
335,2,77.88701970352517
335,6,171.2256381212233
335,7,77.97627425526888
335,8,202.80802617532507
336,10,202.2992265172012
336,12,6.004506046290862
336,14,78.08052296758434
336,17,7.08633686662775
336,18,77.88697679629595
336,21,202.29952817008825
336,22,78.08564749707728
336,23,7.060885488722333
336,24,202.81005100571065
336,27,202.81078578754634
336,29,1.0019791751849363
336,2,202.29815949384113
336,6,77.89113294329312
336,7,138.46979657546837
336,8,202.80848377763857
337,10,202.29874938951505
337,12,78.08643537435061
337,14,202.8107876333086
337,17,5.998604363914538
337,18,6.005956551791969
337,21,202.29922857518693
337,22,78.08488117944353
337,23,7.061518571088923
337,24,202.81051851862435
337,27,202.81036457716027
337,29,16.056299258672517
337,2,202.29866939487937
337,6,202.30075289022292
337,7,117.20135448387633
337,8,157.35788549410069
338,10,77.88601154128824
338,12,202.80864910546822
338,14,202.81025728319548
338,17,5.999199806541225
338,18,202.2993793436336
338,21,202.29952642169275
338,22,78.0856240839118
338,23,7.0607803088524035
338,24,202.81004517368635
338,27,202.81075203660146
338,29,16.057129030100356
338,2,77.88433927752013
338,6,202.30041126266434
338,7,138.4721318994645
338,8,78.08130707320242
339,10,6.003531920716442
339,12,202.80904573142288
339,14,202.81085846767286
339,17,78.08008811728506
339,18,202.29962518563303
339,21,202.2991048667193
339,22,202.81075809324884
339,23,6.0001630238953645
339,24,6.004282454414019
339,27,202.81028450369146
339,29,16.05668283398871
339,2,77.88635436155532
339,6,126.59096328204465
339,7,117.20174136627813
339,8,78.08064618059393
340,10,6.004217242517182
340,12,202.80856668760217
340,14,202.81043858676918
340,17,78.0806022843272
340,18,202.29914786091945
340,21,202.2995217167402
340,22,202.81079302948987
340,23,1.001664523691482
340,24,6.003773723934759
340,27,171.6585181927127
340,29,6.183391046835671
340,2,65.92158784669675
340,6,77.89102838679324
340,7,117.20104533580012
340,8,92.25046856300246
341,10,77.88129833104662
341,12,202.80910079534814
341,14,202.810839282727
341,17,78.07971754462869
341,18,202.29962497229292
341,21,202.29917105613845
341,22,202.81031911424725
341,23,1.0021596839348774
341,24,92.25305521362912
341,27,202.81024266677454
341,29,1.0022092826948406
341,2,77.88585241543149
341,6,202.30019249693447
341,7,202.52953306552573
341,8,92.24871877041706
342,10,77.88200863304837
342,12,202.80864602153153
342,14,202.81033036759493
342,17,78.08055987490268
342,18,171.22493023301183
342,21,202.2995001046234
342,22,202.81079777290668
342,23,1.0014625333321616
342,24,92.25189674499718
342,27,202.81075080310998
342,29,1.1883253326037249
342,2,1.0040270821910884
342,6,202.2996912902878
342,7,202.52998060862828
342,8,92.25032391919174
343,10,1.0008412159566547
343,12,202.80906200543018
343,14,202.81085880898488
343,17,1.0006998903031965
343,18,202.2996430560874
343,21,202.29908737632195
343,22,202.8104190339225
343,23,2.720014334663433
343,24,78.08263313437196
343,27,202.810306291256
343,29,1.0021753590310798
343,2,1.0035372920028065
343,6,202.30018665671994
343,7,202.52944891223376
343,8,6.001449207590122
344,10,1.0012400728909538
344,12,1.0002820830459633
344,14,202.810401447822
344,17,1.0012228936224776
344,18,202.29915398821288
344,21,202.2995011935838
344,22,202.8108264859647
344,23,2.718088020546859
344,24,78.08195659443905
344,27,202.81079298134273
344,29,1.002781107862611
344,2,5.99935327839995
344,6,202.29982154230083
344,7,202.529942606046
344,8,6.0023378658845905
345,10,1.0010742361822746
345,12,1.001181924545259
345,14,202.81085596217068
345,17,1.0004984107345507
345,18,202.29960693558522
345,21,202.29910916238
345,22,127.16712739322318
345,23,5.998003956805765
345,24,78.08257429082651
345,27,202.81034415305615
345,29,5.992667723098811
345,2,5.0761823073671914
345,6,171.22386648658767
345,7,202.52965550198346
345,8,6.001611570802966
346,10,1.0014021926848091
346,12,1.0003283872190147
346,14,48.95568361959333
346,17,1.001204332066016
346,18,202.2991243796415
346,21,202.29948231010727
346,22,127.16760401513537
346,23,5.997609747762445
346,24,202.81031179618458
346,27,78.08032854707287
346,29,1.0027600682236573
346,2,77.88644043440762
346,6,126.59284521410625
346,7,202.52997434487477
346,8,202.80990021478758
347,10,77.884222708246
347,12,1.0011926041054862
347,14,6.000835811906058
347,17,78.08089537411027
347,18,202.2995885967374
347,21,202.29921659444983
347,22,202.80835681200438
347,23,5.997955774094001
347,24,202.8106316196695
347,27,92.24571491921382
347,29,5.998641991043981
347,2,202.298499024632
347,6,202.30017612857156
347,7,202.52957293400283
347,8,202.80931444185453
348,10,202.2973450425763
348,12,78.08298569136126
348,14,6.000153177782651
348,17,78.08257335383989
348,18,202.29916740214037
348,21,202.29953397814975
348,22,78.08310193716666
348,23,1.0011233107047257
348,24,202.8101312657791
348,27,78.08269693556939
348,29,6.183304603636745
348,2,202.29883145194393
348,6,202.29982727767504
348,7,202.52999868678026
348,8,202.80988365540293
349,10,126.58719416808309
349,12,202.80854333070516
349,14,6.000808458753983
349,17,202.81013628877463
349,18,202.2996249293526
349,21,202.29913786211725
349,22,1.0003574026457756
349,23,1.0007810278181228
349,24,202.81063157276256
349,27,78.08114651884128
349,29,5.426125403903736
349,2,77.88509631094219
349,6,48.73521453862731
349,7,202.52951714962774
349,8,202.8094629915728
350,10,77.8924664789132
350,12,202.80802325539278
350,14,5.999994435887955
350,17,202.81056122723535
350,18,202.2991576919541
350,21,126.5881976450278
350,22,1.000906507685161
350,23,1.0011529708956362
350,24,202.81027726477765
350,27,78.08269094918919
350,29,6.0003948946133905
350,2,77.88588206067813
350,6,1.0017517550233288
350,7,202.52995824667366
350,8,202.80988119238486
351,10,126.58697371045116
351,12,202.8086381195541
351,14,7.091156021972818
351,17,202.81015186822657
351,18,202.29957380824243
351,21,107.13840168409487
351,22,1.0002248851046653
351,23,1.0003570972208706
351,24,202.8106138849412
351,27,1.0040178738249033
351,29,6.183246045574975
351,2,92.01914245142643
351,6,1.002246448027817
351,7,202.52950160825895
351,8,202.80937482071056
352,10,107.14404091706908
352,12,1.0012993406166668
352,14,6.000077590732899
352,17,202.81054866546071
352,18,202.299025359366
352,21,107.1398676426932
352,22,1.0008492667032591
352,23,1.0006992869787918
352,24,202.81031107481684
352,27,1.0033338946617718
352,29,6.182572204772837
352,2,77.88614084510459
352,6,1.0016180160253452
352,7,202.52999013372735
352,8,202.80988168341497
353,10,202.2988221459661
353,12,1.0019134658004418
353,14,6.000811072120302
353,17,202.81000666884376
353,18,202.29958152157704
353,21,126.58466651649654
353,22,1.0002356323948574
353,23,2.7200201542566287
353,24,202.8106783053544
353,27,6.000090000869898
353,29,6.1834340511108135
353,2,1.0016849342073408
353,6,5.999959648672476
353,7,6.00175489115156
353,8,202.8093701030839
354,10,202.29923454456946
354,12,1.0012111640644497
354,14,6.000068036432213
354,17,202.81055230506786
354,18,202.2990374471278
354,21,65.92166856459944
354,22,5.999876450240531
354,23,2.7184723588456947
354,24,171.65591348684282
354,27,78.08168509616058
354,29,5.231663085902457
354,2,1.00220072102009
354,6,126.5845340923662
354,7,6.002468494257931
354,8,202.80990996129128
355,10,202.29866539219367
355,12,127.15712059589004
355,14,6.0009003980564986
355,17,78.08347982474416
355,18,202.29955858958604
355,21,77.88455791175767
355,22,78.08152449457491
355,23,2.7197270605913495
355,24,171.65721928513142
355,27,78.08114626953898
355,29,5.999897040776845
355,2,1.0016037171399814
355,6,126.584032855372
355,7,6.001749890666563
355,8,202.80938405241386
356,10,202.29925710596865
356,12,78.08250517399343
356,14,48.952564005005
356,17,78.08394680300296
356,18,171.223743032854
356,21,77.88508136359961
356,22,202.81087037357284
356,23,126.58599185603211
356,24,202.81027414855728
356,27,66.08737347183636
356,29,16.059097994967246
356,2,5.999991583989613
356,6,126.58453538863249
356,7,77.97467521439127
356,8,202.80986548366204
357,10,77.8860377823647
357,12,6.000101599906707
357,14,48.95326470215552
357,17,78.08312771758756
357,18,171.22599774944445
357,21,1.0015049767519644
357,22,202.81058519583792
357,23,126.58643007851231
357,24,202.81061208340972
357,27,78.08052008677859
357,29,126.58481251938935
357,2,5.998258581314873
357,6,6.01437480884415
357,7,202.5286517248894
357,8,202.8094347425306
358,10,77.88696075933538
358,12,5.998865229855203
358,14,5.997009751366665
358,17,78.08398835351963
358,18,202.299044362011
358,21,1.0009281246202315
358,22,202.8108570079725
358,23,48.74143762056035
358,24,202.81020420549495
358,27,92.25273766183476
358,29,126.58429947468404
358,2,126.58809718072881
358,6,7.117697616556629
358,7,202.52908720099234
358,8,202.8099003972524
359,10,77.88608736840256
359,12,1.0024775703134905
359,14,5.997160630859308
359,17,78.08333107938714
359,18,202.29956728688688
359,21,1.0014303336201182
359,22,202.81027157964834
359,23,202.29815933814842
359,24,127.16326177255128
359,27,78.08180273398386
359,29,107.13996454228766
359,2,202.2993801156781
359,6,15.640771271463043
359,7,202.528816386573
359,8,171.6558302461627
360,10,77.88702123259047
360,12,1.0020500996739283
360,14,7.077557921557386
360,17,202.80945044385481
360,18,202.29923432109814
360,21,1.0005335088948106
360,22,202.81080334554886
360,23,202.29780718226385
360,24,78.08326856627494
360,27,92.2527614333728
360,29,126.58373565604626
360,2,202.2998518505017
360,6,6.000128627212928
360,7,77.98095015718889
360,8,171.65774799068228
361,10,92.02178983253556
361,12,1.0024773534055118
361,14,5.997182214380629
361,17,202.80904132660984
361,18,202.2996049966527
361,21,77.88651498556574
361,22,202.81032205012912
361,23,171.22231051509382
361,24,78.0838948705268
361,27,92.25098808632171
361,29,126.58470517261118
361,2,202.2994919180515
361,6,5.199224536471427
361,7,126.59018836415956
361,8,202.80936376075078
362,10,77.88706394138909
362,12,5.999278872056725
362,14,1.0041655847414903
362,17,162.69734436001454
362,18,202.29921523388745
362,21,202.29651427091872
362,22,202.81079304999938
362,23,202.2977658926424
362,24,6.004555185932678
362,27,78.08250344940357
362,29,5.230636215988306
362,2,202.29985803466377
362,6,6.036500518163604
362,7,202.52922853593932
362,8,202.8098794435594
363,10,77.88651727619963
363,12,5.999751052016476
363,14,5.997132543530076
363,17,6.004435776332529
363,18,202.29963147571817
363,21,126.58604991640134
363,22,6.00002479440806
363,23,202.29815850295483
363,24,202.81010685734657
363,27,78.08156246446252
363,29,5.998754193264302
363,2,202.29938899550146
363,6,1.0016259017666203
363,7,202.52883124733836
363,8,6.002056681857333
364,10,169.30375484624437
364,12,78.08015206952066
364,14,48.95556261006976
364,17,78.08556007264434
364,18,202.2991900016494
364,21,5.998114077083163
364,22,1.0004442233206694
364,23,1.004465451540832
364,24,202.80947005406475
364,27,78.08430672852326
364,29,6.0002310243236545
364,2,202.2998523321054
364,6,1.0020518936803455
364,7,202.52927302709676
364,8,6.00271093858036
365,10,202.2992269351605
365,12,78.08094928248161
365,14,48.95725544941638
365,17,202.81037979332336
365,18,202.2996422283846
365,21,1.0032136709568684
365,22,1.000899436762646
365,23,1.0037359284774672
365,24,202.81000062759188
365,27,180.3231570177973
365,29,5.999083835942575
365,2,126.59171220899066
365,6,1.0014877695489162
365,7,77.97269488491901
365,8,6.0020831598673094
366,10,202.2996014035423
366,12,1.0040762334356943
366,14,48.95506547199015
366,17,202.81085772170704
366,18,126.84565885864849
366,21,1.0025560674787588
366,22,1.1836602358132637
366,23,77.88557043941177
366,24,78.08060531555368
366,27,152.62452802013206
366,29,6.000150974207234
366,2,126.59228361669082
366,6,6.05514294517683
366,7,77.97453814622716
366,8,78.08234412223077
367,10,202.29924385676478
367,12,6.001371043478438
367,14,127.16076779646212
367,17,202.81030080525966
367,18,77.88992046992384
367,21,77.86322374067812
367,22,1.1852005621040087
367,23,126.58512148510887
367,24,78.08159686767604
367,27,202.80975094271042
367,29,5.998867287500011
367,2,202.29891700932455
367,6,5.215114121240201
367,7,65.99161113043137
367,8,202.80892445737996
368,10,202.299611526458
368,12,6.000550343363547
368,14,127.16051720038236
368,17,171.6583334331154
368,18,77.88929672182428
368,21,65.87088197967387
368,22,0.999873308414112
368,23,126.58457298557971
368,24,78.08082749553377
368,27,202.81023362805988
368,29,6.000032217757274
368,2,202.2992569401537
368,6,6.055173421903834
368,7,77.97208811743313
368,8,202.80936785254295
369,10,202.29925503757278
369,12,127.16251873474032
369,14,127.16083624280921
369,17,202.81030516779057
369,18,202.29809469586806
369,21,77.88477949902651
369,22,1.0005150942508774
369,23,126.58514489294147
369,24,78.0817240692035
369,27,202.8096877198133
369,29,1.0038156618555805
369,2,202.29888821395863
369,6,5.215288330982812
369,7,77.97154980249921
369,8,202.80893709702053
370,10,202.29961202406852
370,12,202.80626255303562
370,14,127.16055123298864
370,17,202.8108974588867
370,18,202.2976748890982
370,21,202.2987937121273
370,22,202.80820384395057
370,23,107.13801204088553
370,24,92.24889653068264
370,27,202.8102612540572
370,29,6.182605936755129
370,2,77.89049133141486
370,6,5.215826755239303
370,7,6.006290053541647
370,8,202.80934980128546
371,10,202.29904318352504
371,12,127.16255344401043
371,14,127.16079705130282
371,17,202.81025512655495
371,18,9.072971368237738
371,21,202.2993228489168
371,22,78.08477451098011
371,23,107.13985229057799
371,24,78.08287031825671
371,27,202.8096971292325
371,29,16.05302937884633
371,2,77.88976801589789
371,6,6.0543117628154235
371,7,65.9919404310065
371,8,78.08425593044588
372,10,77.88768855762822
372,12,6.004099946210322
372,14,48.95631931776788
372,17,202.810847864717
372,18,6.0043136763085005
372,21,202.2987176794784
372,22,78.0842400449855
372,23,77.88995989041548
372,24,78.08083715993368
372,27,78.08660000439852
372,29,6.182645795415059
372,2,202.29945974088682
372,6,13.66213952344292
372,7,77.97201340999553
372,8,78.08469905177533
373,10,77.88681269960695
373,12,6.00473754741532
373,14,48.95730976861317
373,17,202.8103164569704
373,18,77.88579958113493
373,21,202.29929531241626
373,22,78.08476857328606
373,23,202.29919325439946
373,24,78.08280790805348
373,27,78.08572938330725
373,29,1.0056446116487985
373,2,202.29914657175715
373,6,5.202432814405752
373,7,5.998258026114912
373,8,78.08423331993893
374,10,77.88771938771474
374,12,78.08344113783532
374,14,15.001104910353046
374,17,202.8108420431374
374,18,77.88358721725376
374,21,202.29884775581954
374,22,78.0839246469583
374,23,202.2987938439757
374,24,78.08169703523828
374,27,127.16313848574421
374,29,5.229156254449101
374,2,202.29944913801353
374,6,1.004241550112999
374,7,5.99983657907801
374,8,78.08475737290796
375,10,77.88681120960605
375,12,202.80911371571153
375,14,15.002383713942464
375,17,202.8103179715788
375,18,202.2993988050472
375,21,202.29931283080535
375,22,202.8111149520193
375,23,202.29913312148406
375,24,6.003845339831432
375,27,202.8104375850582
375,29,6.183483948442297
375,2,6.003826976563617
375,6,5.204788829470637
375,7,5.081247187135888
375,8,202.8090807183673
376,10,126.58793350549983
376,12,202.80862026807205
376,14,6.004361419172007
376,17,202.81083257497855
376,18,202.2988742358473
376,21,202.29880459574952
376,22,202.81073109175617
376,23,202.29861346484427
376,24,6.003109165255672
376,27,202.81087663349675
376,29,6.181908071503458
376,2,6.004343289206626
376,6,6.00026458711592
376,7,6.002276665997339
376,8,202.80878442709218
377,10,202.29660303870534
377,12,202.8090901086074
377,14,127.16070741104677
377,17,202.81024501695856
377,18,202.29941402210275
377,21,202.29935770261417
377,22,202.81113076119715
377,23,202.29913714322947
377,24,92.25083736725232
377,27,202.8103853597427
377,29,5.999986649054503
377,2,161.87233020450827
377,6,13.677125605400654
377,7,6.001354387210888
377,8,202.80910170555998
378,10,107.14413088438522
378,12,202.80860053908376
378,14,127.16036009570436
378,17,202.81083764834017
378,18,202.2988253384079
378,21,202.29884521975663
378,22,202.81052628786387
378,23,202.2986947397825
378,24,78.0811753754622
378,27,202.81084420475963
378,29,6.18164580836775
378,2,161.87369271249972
378,6,11.597210334370612
378,7,5.081345414152477
378,8,202.80856882451116
379,10,77.89000193475513
379,12,202.80907706359463
379,14,127.16076514788644
379,17,202.8104534854805
379,18,202.29939870640376
379,21,202.29931003395885
379,22,202.8111169823722
379,23,202.29913094733328
379,24,78.08173744761652
379,27,202.81053366686933
379,29,16.059985720479766
379,2,137.00816220431722
379,6,126.58379586625583
379,7,1.0037822609061324
379,8,81.7752941587049
380,10,202.29969181504282
380,12,202.8088032978647
380,14,127.1603430910783
380,17,202.81089461858443
380,18,202.29888058084748
380,21,202.2987520181219
380,22,202.81073634715835
380,23,202.2986453173214
380,24,78.0810840085054
380,27,202.81083837189863
380,29,139.8149880425972
380,2,161.87363676578397
380,6,126.58450052768984
380,7,77.96864562053315
380,8,6.002411574232948
381,10,202.29921777218064
381,12,78.0877464210678
381,14,107.62749747303337
381,17,202.8105059380467
381,18,202.2994020652573
381,21,202.29934497189117
381,22,202.81110289601875
381,23,202.29916499574335
381,24,78.08179976850312
381,27,202.81030954707043
381,29,16.060011056872113
381,2,77.88529168566394
381,6,5.261173207360093
381,7,5.998942684320882
381,8,6.002668683241019
382,10,202.29965147234952
382,12,78.08742676686863
382,14,48.96239420086275
382,17,202.8109052093031
382,18,202.29898722575396
382,21,202.2987913402139
382,22,202.8106783345048
382,23,202.29878411806308
382,24,78.08111051102631
382,27,202.8108599483622
382,29,6.1816760856993955
382,2,77.88643060930183
382,6,1.001541338619
382,7,5.99998379797253
382,8,6.002140068284096
383,10,171.22404543564676
383,12,78.08774437300663
383,14,127.16076393679606
383,17,202.8105484961574
383,18,202.29946221284226
383,21,171.22345168954945
383,22,202.8111214006274
383,23,202.29916211462594
383,24,78.0818310201216
383,27,202.81034730184228
383,29,5.99990987347996
383,2,6.00307489741098
383,6,1.0006479733941012
383,7,1.003996294161177
383,8,78.08168723489061
384,10,202.2996977578549
384,12,202.80987171302468
384,14,127.1602905117836
384,17,5.9825880916337
384,18,202.29908761272495
384,21,202.2989072598323
384,22,202.8106028883284
384,23,202.2986656077624
384,24,78.08099951548117
384,27,202.81082140500288
384,29,5.232789697470393
384,2,6.003714951127434
384,6,1.001524625868912
384,7,1.0054188836327453
384,8,78.08139096236742
385,10,202.29921538722522
385,12,171.66282352939118
385,14,127.16068462408866
385,17,5.945070902664467
385,18,77.8897275393374
385,21,171.22350365035868
385,22,202.81109830316456
385,23,202.29913549827828
385,24,92.25079498413581
385,27,202.81031926540442
385,29,6.000076043477438
385,2,77.88134542566196
385,6,1.0008543307365896
385,7,5.997385830516695
385,8,78.08169278013327
386,10,202.29965484688375
386,12,171.66099462000034
386,14,127.16026606005369
386,17,20.523249297116067
386,18,6.004022222693182
386,21,202.2989104188499
386,22,202.81064834658034
386,23,202.2986927106022
386,24,6.004901755934115
386,27,202.81082548627674
386,29,5.998637565945167
386,2,77.88208940742476
386,6,7.090600477543405
386,7,202.52683441345695
386,8,66.08703825611407
387,10,202.29913422003074
387,12,202.81024916261762
387,14,127.16068251015136
387,17,202.8102249234484
387,18,126.84124605954696
387,21,202.29936229764812
387,22,202.81109827738024
387,23,202.2991409727731
387,24,78.08187845126447
387,27,202.81040144225176
387,29,6.183046944203613
387,2,6.000580472492572
387,6,5.9994711490335035
387,7,5.997157815616793
387,8,78.0823904439526
388,10,202.2996710405357
388,12,202.80974778934595
388,14,5.983701143793952
388,17,202.8107175512436
388,18,77.88599049528648
388,21,202.29903361048673
388,22,78.08729775250202
388,23,202.29884603123637
388,24,92.24932402244079
388,27,202.8108535302549
388,29,5.998730483893521
388,2,6.001188963765289
388,6,7.09061014321728
388,7,1.0029420607715318
388,8,78.08063586860145
389,10,202.29923446736865
389,12,202.81020761767272
389,14,1.0039208152907237
389,17,171.6563072728951
389,18,1.0056054734126505
389,21,202.29930688650265
389,22,127.16704241126037
389,23,202.29919848402278
389,24,78.0818665524395
389,27,202.8103924245301
389,29,6.183107499875089
389,2,6.000636778749591
389,6,5.9994124510606515
389,7,1.0022968271110244
389,8,127.16103912461958
390,10,126.59011080478592
390,12,107.62845381779074
390,14,5.982996406293004
390,17,202.81070627364818
390,18,77.88557491431709
390,21,202.29887997110478
390,22,202.81053236513645
390,23,202.29873706869535
390,24,78.0813031062718
390,27,202.81084833671162
390,29,6.182537000568071
390,2,6.00119149685168
390,6,6.000346946228752
390,7,1.0029097911271858
390,8,127.16028159678227
391,10,77.89093939256148
391,12,127.16187766627735
391,14,5.982565226192273
391,17,202.81022241908965
391,18,202.29824288838122
391,21,202.29935849498816
391,22,202.81100485916204
391,23,126.59203822249479
391,24,78.08181377551495
391,27,202.81041148635904
391,29,1.0023568777921446
391,2,6.0006326619328885
391,6,13.665502199779588
391,7,77.97458404206844
391,8,127.16104320850167
392,10,126.59012729514906
392,12,127.16101742848599
392,14,5.982982133167275
392,17,202.810721953185
392,18,171.22111172223117
392,21,202.2989378304041
392,22,202.8104652167933
392,23,126.5911371817278
392,24,202.80897711203528
392,27,202.81080880140405
392,29,1.0015838849196044
392,2,6.001211389689401
392,6,13.666101573392341
392,7,202.52913430714577
392,8,127.16060675393676
393,10,202.2991335467518
393,12,78.08489152170574
393,14,1.0013280447560717
393,17,202.8103864874699
393,18,202.29820980139618
393,21,202.2993260366985
393,22,202.81093324902193
393,23,202.29686227420407
393,24,202.80944444493824
393,27,66.08768632937876
393,29,1.193148437523555
393,2,202.2984530804338
393,6,13.665543024099025
393,7,202.52947654595317
393,8,78.0811541881723
394,10,202.29951973212576
394,12,1.002633300239732
394,14,1.0019942119876388
394,17,202.81071650764255
394,18,77.88397792429951
394,21,202.29900220760524
394,22,202.8104826117088
394,23,77.87695411312879
394,24,78.08168029591234
394,27,78.0823075132801
394,29,1.0016310154716992
394,2,202.29882130487212
394,6,13.666174473264952
394,7,202.52899249363793
394,8,78.08041122513009
395,10,202.29898807726912
395,12,1.0035214833435715
395,14,1.001273636370395
395,17,202.81034952815597
395,18,5.976257878566948
395,21,202.29938623672413
395,22,202.8109828102498
395,23,91.99904690581644
395,24,92.25244170915619
395,27,78.08193540937577
395,29,1.0023468267537545
395,2,77.8879397995902
395,6,5.999337808969202
395,7,202.52946259289035
395,8,78.0811885816506
396,10,202.29950171182438
396,12,78.08359683702037
396,14,1.187263321307653
396,17,202.8107065230561
396,18,7.026309199766888
396,21,202.29898183184358
396,22,202.8107067179953
396,23,1.0043758850853521
396,24,78.08185414551755
396,27,5.999948327341317
396,29,1.0016092175872027
396,2,77.88860188240409
396,6,7.08870617311805
396,7,77.97704203137216
396,8,92.248935465889
397,10,202.29898947506837
397,12,202.80971858261142
397,14,5.980875406350072
397,17,78.08163480263299
397,18,5.998154627813871
397,21,202.29934746770994
397,22,202.81097039974208
397,23,6.002604614098111
397,24,6.006147733932159
397,27,0.9997678452889378
397,29,16.058221699116803
397,2,77.88801077814271
397,6,1.0008831546105448
397,7,92.13394802724459
397,8,1.0034457667269194
398,10,202.29952140475498
398,12,171.66325839636025
398,14,1.001844510973383
398,17,78.08274757460235
398,18,1.003050321224375
398,21,202.29888893943505
398,22,78.08727948055818
398,23,77.88452233582542
398,24,78.08212717751573
398,27,1.0003099675716554
398,29,13.585887493424867
398,2,202.30013708856464
398,6,1.0002999055980961
398,7,1.0010922139965421
398,8,1.003725060516408
399,10,126.5863462168246
399,12,202.80970473714783
399,14,1.0022309387801185
399,17,6.002025942812767
399,18,1.0026758784644176
399,21,202.29934116518731
399,22,127.16676188227734
399,23,92.01837200760843
399,24,78.08253409822628
399,27,0.9996558777567008
399,29,126.5844122611172
399,2,202.29982825636367
399,6,1.0008545472895447
399,7,1.0007024881337312
399,8,1.0032935904627172
400,10,77.88611239676361
400,12,202.80927309678788
400,14,1.0013864744915484
400,17,6.002584681454808
400,18,6.000081332142685
400,21,77.88465576210456
400,22,202.81048459200358
400,23,77.88432536898073
400,24,202.80914455757633
400,27,1.0002893680499847
400,29,126.5836684844626
400,2,171.2255322943823
400,6,1.0002514989559081
400,7,1.0011733251972021
400,8,127.15931918820559
401,10,77.88438096346724
401,12,202.8097375984123
401,14,7.031668500412531
401,17,6.001846469765653
401,18,5.998254435008371
401,21,77.88531257301516
401,22,202.81084464357468
401,23,77.88485832549979
401,24,202.8095590443417
401,27,0.9996247211726219
401,29,6.183174314285385
401,2,202.29956111525954
401,6,1.0005579789523074
401,7,1.0005188121840298
401,8,127.15883214532975
402,10,77.88596167489733
402,12,202.80925176852102
402,14,5.974161616862091
402,17,78.08508350770325
402,18,77.8859781053999
402,21,77.88445631855217
402,22,202.81031237385307
402,23,202.29880687451933
402,24,78.0852388340507
402,27,1.000267018549457
402,29,6.001921183923645
402,2,202.30011621358344
402,6,1.183940603818356
402,7,1.0011184587606605
402,8,78.0811782952379
403,10,77.88405801647015
403,12,202.809692123629
403,14,7.031740109790203
403,17,200.77224301482943
403,18,202.29814059099226
403,21,77.88524992494811
403,22,202.81084402887632
403,23,202.29925358989095
403,24,78.0858703565631
403,27,0.9995982715776588
403,29,6.002775722414129
403,2,202.29952713670855
403,6,1.000860748210421
403,7,126.58615810790754
403,8,78.08049681706248
404,10,77.88607965287002
404,12,202.80928596289303
404,14,7.029928886224368
404,17,202.81004216515316
404,18,202.29859838582868
404,21,1.0039185883634332
404,22,202.81042009703603
404,23,202.29878622474482
404,24,78.08511969429142
404,27,78.08291815271714
404,29,6.001942491807973
404,2,202.30013309468205
404,6,0.9999840041886285
404,7,202.52923684011128
404,8,78.0812308549919
405,10,6.001863197950682
405,12,202.8097094320608
405,14,5.983576429709475
405,17,202.80947086152665
405,18,202.2983848470171
405,21,77.88528961033887
405,22,202.81084912760628
405,23,202.29925638421608
405,24,202.81053626720995
405,27,202.8100719852526
405,29,117.64002611756877
405,2,202.29968404605384
405,6,2.2923650317372335
405,7,202.5287692164802
405,8,92.24937576164477
406,10,6.002485808154219
406,12,202.80918931599
406,14,1.0038591975843048
406,17,202.81000632844186
406,18,77.88605483210792
406,21,202.29860233188163
406,22,78.08194012517855
406,23,202.29879109328064
406,24,202.81006362723497
406,27,202.81045487176033
406,29,202.29771305926204
406,2,202.30017496785283
406,6,1.932254596020627
406,7,202.52925550052666
406,8,5.999698222701355
407,10,6.001967157474654
407,12,78.08682139959427
407,14,5.985795616668922
407,17,127.16131266261229
407,18,6.000162948799073
407,21,202.2989571599149
407,22,6.004085214158936
407,23,202.29924625623923
407,24,202.81053621642732
407,27,202.81001550982555
407,29,202.29850798520272
407,2,202.29958397972112
407,6,5.9798895487574795
407,7,126.5878728918934
407,8,1.00166909235422
408,10,77.88047493047024
408,12,78.08641324928679
408,14,5.9854745509478535
408,17,6.001937092678841
408,18,6.000983856658002
408,21,202.2984948078388
408,22,6.0034222793762195
408,23,202.29895238158122
408,24,202.810029013008
408,27,202.8104548874272
408,29,202.2976257640787
408,2,202.30014078890287
408,6,2.296317893607692
408,7,77.98086677209511
408,8,1.0023787565869648
409,10,1.0037571835020334
409,12,78.08679509486043
409,14,5.985857259647912
409,17,6.001290833416901
409,18,6.000225229081239
409,21,202.29893403457186
409,22,202.809819531668
409,23,202.29928614420487
409,24,202.81053354932405
409,27,202.8099595012427
409,29,202.298499488025
409,2,202.29967158541817
409,6,2.7131987891079827
409,7,202.52916036925458
409,8,1.0018513022210733
410,10,1.0055457881366792
410,12,78.086190123022
410,14,5.067108712760774
410,17,7.093385056654097
410,18,7.090542118511068
410,21,202.29842539159975
410,22,202.8094908770217
410,23,202.29893428356712
410,24,202.81004410044142
410,27,202.810464755111
410,29,6.180207558906314
410,2,202.30016569840186
410,6,2.2956013333072063
410,7,202.52956075663045
410,8,78.08244714260822
411,10,5.085180847372362
411,12,127.16330875460645
411,14,5.068572070859705
411,17,7.092365967548944
411,18,6.000296514396896
411,21,171.22242091705093
411,22,107.6274015636461
411,23,202.29926594593803
411,24,127.16326117176195
411,27,127.16392802733755
411,29,6.183206461145483
411,2,77.89092754594901
411,6,1.003062363130093
411,7,202.52900478656744
411,8,78.08230141579217
412,10,6.0030826918960205
412,12,202.80898627746646
412,14,5.066850664529429
412,17,6.001924517797335
412,18,6.000972232727967
412,21,126.5925014550809
412,22,107.6252992021165
412,23,202.29899348511157
412,24,78.08604930491333
412,27,127.16469949363301
412,29,6.000731952406448
412,2,171.2255333903025
412,6,1.0030427487759894
412,7,202.52953019698998
412,8,127.15861363882749
413,10,5.085148150119603
413,12,202.8094403692905
413,14,5.987747771080508
413,17,6.001153294889943
413,18,22.50111269058725
413,21,202.29895270423594
413,22,127.16075171923801
413,23,202.29926412903046
413,24,78.08677591943123
413,27,202.8075686549017
413,29,6.183230966917569
413,2,202.2996050297192
413,6,1.0024082160759038
413,7,202.52923988428185
413,8,127.15947826200758
414,10,5.997851664732769
414,12,171.66019969619026
414,14,15.51409996773705
414,17,134.30551159060266
414,18,77.88589059294533
414,21,202.29861041453663
414,22,1.001191060774957
414,23,202.2988725554231
414,24,202.81035382897372
414,27,127.16285448686263
414,29,6.000701731110694
414,2,202.30011308410516
414,6,2.296297932650514
414,7,77.97332876789555
414,8,78.08281469588553
415,10,202.29965960797958
415,12,202.80945467585218
415,14,64.54220234862069
415,17,78.08185503625717
415,18,202.29847252759555
415,21,202.29891803179962
415,22,1.0014908953972004
415,23,202.2992640830261
415,24,202.81086666473814
415,27,1.002380945971229
415,29,6.183237867238945
415,2,202.29963744575372
415,6,5.979713909742952
415,7,92.12064698835579
415,8,78.0835597549912
416,10,202.29921809778298
416,12,6.000513018231959
416,14,5.987041052917852
416,17,78.08249079222745
416,18,202.29893975148818
416,21,202.29851283808233
416,22,1.18433831988645
416,23,202.298802263655
416,24,202.81032294759765
416,27,1.0018649160950694
416,29,6.181884687899715
416,2,202.30014921546012
416,6,2.295529500834057
416,7,1.0020399685449197
416,8,78.08266918317734
417,10,171.2248011374305
417,12,1.0041041257647292
417,14,1.009998332457342
417,17,78.08187442088317
417,18,202.29847213380108
417,21,202.29895256751934
417,22,1.001418620495384
417,23,202.29924312887863
417,24,202.8108509827944
417,27,1.0026228346911976
417,29,6.00137973082686
417,2,202.29992116888204
417,6,2.2962663142485233
417,7,1.0013616976690898
417,8,78.08351416147515
418,10,171.22332375934482
418,12,6.000502851554368
418,14,5.984885393427973
418,17,6.006114252863926
418,18,202.2989278592255
418,21,6.003730660071401
418,22,1.0007471316789305
418,23,202.29877741189873
418,24,202.8102801982795
418,27,5.997201467900515
418,29,1.0038673889790672
418,2,202.30020222489358
418,6,1.0021650826928044
418,7,1.1863234449212143
418,8,78.08254567648487
419,10,202.29966659015278
419,12,5.999801068600037
419,14,7.068764691939306
419,17,78.08175295194759
419,18,77.88512875857079
419,21,6.004281522186591
419,22,5.99994783170932
419,23,202.29923349645549
419,24,202.8108667983163
419,27,5.997862016027275
419,29,6.001425465002446
419,2,202.29984358587356
419,6,1.002432985576406
419,7,1.0012419296988835
419,8,202.80895299829288
420,10,202.29914766439006
420,12,6.000532130190501
420,14,5.984793554387963
420,17,202.81030382772016
420,18,6.006272164681796
420,21,77.88326142725593
420,22,78.09259802520027
420,23,202.29878280369974
420,24,202.81039825382308
420,27,5.997316575291673
420,29,6.181816291409948
420,2,202.30016633745112
420,6,1.001828537514446
420,7,77.97465167100901
420,8,202.80840033921874
421,10,202.29968483045664
421,12,6.000064707906047
421,14,5.984368064365788
421,17,202.80986523880205
421,18,77.88545936699256
421,21,202.2991453069149
421,22,155.19159794177742
421,23,202.29923870664274
421,24,202.81085165897403
421,27,5.997890862739987
421,29,6.183323433610079
421,2,202.2998195842654
421,6,2.294737278213292
421,7,202.52931602504424
421,8,202.80898849399733
422,10,202.29928434984086
422,12,6.000546616116513
422,14,7.070009749545553
422,17,202.81026994771605
422,18,202.2995037375227
422,21,202.29869724218577
422,22,202.80813054669719
422,23,202.29876472720983
422,24,202.81046346399665
422,27,1.0030708869189429
422,29,6.1820684679750615
422,2,202.30015847323415
422,6,2.2942052262159427
422,7,202.52981940815732
422,8,6.0032704163232085
423,10,202.29967547326257
423,12,202.80871255120744
423,14,5.983114170802733
423,17,202.80979557918266
423,18,202.29912466110076
423,21,202.29911250836625
423,22,184.17389074600425
423,23,202.29926907658472
423,24,202.81090500257542
423,27,1.003701632101257
423,29,6.183195958945559
423,2,202.29978433059853
423,6,2.2947409623611117
423,7,202.5294316425433
423,8,6.002862452447466
424,10,202.29928423117832
424,12,202.8091079475156
424,14,5.983688331167012
424,17,127.1650327367863
424,18,202.29949765479728
424,21,202.29865591977403
424,22,6.0065482540957165
424,23,202.2988916684399
424,24,202.81051605918375
424,27,78.08179186486745
424,29,6.180252202970033
424,2,171.22562107871994
424,6,1.0009301472987824
424,7,202.52983799757047
424,8,6.00334324084627
425,10,202.29968053077263
425,12,202.80856495841428
425,14,1.0028838033745435
425,17,78.08737238529271
425,18,202.29917549732787
425,21,202.2991579682177
425,22,78.08646048558882
425,23,202.29926259988596
425,24,202.810892513786
425,27,92.33581163967735
425,29,16.077025396431054
425,2,202.29981796878377
425,6,1.0013084438661322
425,7,202.5293542394785
425,8,202.8093559764189
426,10,202.29911839120467
426,12,202.80910073295013
426,14,1.0034694940787778
426,17,127.16502171482733
426,18,202.2995415425388
426,21,202.29889315968254
426,22,202.80947376607665
426,23,202.29884930293716
426,24,202.81045198663722
426,27,78.11436577929106
426,29,16.076497385010985
426,2,202.30015903007748
426,6,1.0006338683162888
426,7,202.52980246380199
426,8,202.8097965888569
427,10,202.29965199850193
427,12,202.808746616467
427,14,5.996480660286575
427,17,202.81012260690744
427,18,202.29893962146895
427,21,77.88522177075481
427,22,202.81003485671584
427,23,202.29924825399067
427,24,202.8108680472732
427,27,89.33850070235749
427,29,13.653498974977861
427,2,202.29966444312308
427,6,1.0012789467978447
427,7,202.52922478802586
427,8,202.80935520205315
428,10,202.2992038299461
428,12,202.80913349999673
428,14,7.069273748261002
428,17,202.81061389627936
428,18,202.29950128866506
428,21,6.004612364960718
428,22,202.80974238272123
428,23,202.29895214945353
428,24,78.08575872387846
428,27,202.810141277168
428,29,16.093262378167537
428,2,202.30013138589857
428,6,1.0012529025270007
428,7,202.52980443865195
428,8,202.8097986233584
429,10,5.985279610325371
429,12,5.998389001688051
429,14,1.0044090792229667
429,17,202.81017800783684
429,18,202.29896201002464
429,21,77.88522269326505
429,22,78.08260284362743
429,23,202.29927362981618
429,24,78.08655619190972
429,27,202.8104854232824
429,29,16.093679390206212
429,2,202.2998234361426
429,6,0.9999558314927395
429,7,202.5295311288323
429,8,202.80925255563375
430,10,5.9850090534422185
430,12,5.9991248456449195
430,14,5.9846539463877875
430,17,202.8105977652807
430,18,202.2994890094876
430,21,77.88448918320098
430,22,78.0823579355439
430,23,202.29901007067417
430,24,202.80992808408428
430,27,202.8100502677028
430,29,16.093020736521396
430,2,202.30014289056624
430,6,5.982604580193101
430,7,202.5298630807322
430,8,202.8097968357553
431,10,5.985317463704545
431,12,7.0853314609779385
431,14,7.0692882645925685
431,17,202.81020851225554
431,18,171.22315252717442
431,21,77.88525692938398
431,22,6.006295793936255
431,23,202.2992799303373
431,24,202.81052918897475
431,27,202.810474770539
431,29,13.653512156702657
431,2,202.2998627848175
431,6,126.58340031667812
431,7,171.41797021393464
431,8,202.80968139317372
432,10,15.49280573044167
432,12,1.0025222887782448
432,14,5.984221546171345
432,17,202.81063639561464
432,18,202.2995305338691
432,21,77.8845859675396
432,22,78.08183135645315
432,23,202.29878067892682
432,24,202.80995991070762
432,27,202.81012339926576
432,29,16.07623035372943
432,2,171.22562985974872
432,6,126.58431760492117
432,7,171.41954075756402
432,8,202.80975114034268
433,10,1.0037903448407706
433,12,1.0017381920957176
433,14,5.984680771442295
433,17,202.810231059952
433,18,202.299136165029
433,21,77.88523077026632
433,22,92.25239531395296
433,23,202.29924140421429
433,24,202.8105120480308
433,27,202.81050940304718
433,29,16.077016668949756
433,2,202.29959654938142
433,6,5.982129310813966
433,7,202.52930853117073
433,8,66.0880481397515
434,10,1.003070378887533
434,12,1.0024807429308975
434,14,5.984548716233006
434,17,127.16592102817637
434,18,202.29950629455533
434,21,77.88456698918212
434,22,6.005121326649131
434,23,202.2990266003924
434,24,202.80998480480886
434,27,127.16262067319616
434,29,1.0010667124439383
434,2,202.30013705940635
434,6,5.982624210355087
434,7,202.52978914453018
434,8,66.08651891797841
435,10,5.9829212980094955
435,12,78.0849715476834
435,14,5.983989537466358
435,17,127.1652648671247
435,18,202.29898088862973
435,21,202.29907513620364
435,22,78.08264142668585
435,23,171.22609881596222
435,24,202.81055814588646
435,27,78.08439567077662
435,29,1.001406942236427
435,2,202.29977791994258
435,6,2.295248381159081
435,7,171.41777671565347
435,8,78.08185200079758
436,10,5.982438892543109
436,12,202.80737095850134
436,14,5.984565472357186
436,17,127.1659202313211
436,18,202.2994960062465
436,21,202.29863142219074
436,22,202.81122488416568
436,23,202.2988106616432
436,24,78.08774364621101
436,27,78.08379834640523
436,29,1.0006545071243584
436,2,77.89019232864871
436,6,2.2973432340948925
436,7,202.52978052366524
436,8,6.0045776676084115
437,10,5.98295916207301
437,12,202.80792006385704
437,14,202.81090497938976
437,17,202.81027679106379
437,18,202.29898244764078
437,21,202.29903699015972
437,22,202.8106798886423
437,23,126.58812908111338
437,24,151.85053239041116
437,27,78.08416361484507
437,29,1.0013918227921161
437,2,77.88927283609591
437,6,1.0033351019856669
437,7,1.0006160216101696
437,8,78.0824573858163
438,10,1.000488758507628
438,12,78.08949899536148
438,14,202.81127660489187
438,17,202.8105930641675
438,18,171.22531798965315
438,21,77.88960481842915
438,22,202.81120132628106
438,23,77.88597626276807
438,24,80.52519663935527
438,27,78.08373979047934
438,29,5.996734398911772
438,2,126.58438440805695
438,6,1.0035933978537974
438,7,1.0014489495088545
438,8,127.16093424392751
439,10,1.00113350776435
439,12,127.15950343214728
439,14,171.6560848737664
439,17,202.8102411801
439,18,171.2238340688284
439,21,202.29905141771277
439,22,202.81076875836445
439,23,77.8867272361878
439,24,78.08716100152716
439,27,78.08432779036443
439,29,5.997294968517317
439,2,126.58385388310985
439,6,2.294381065586088
439,7,1.001041874976477
439,8,127.16145603344934
440,10,5.9806530106560585
440,12,150.23036587549686
440,14,202.81128178150874
440,17,202.81062055954095
440,18,202.29957108389326
440,21,202.29860907115494
440,22,202.81120947056073
440,23,92.02172647800577
440,24,78.08640591278986
440,27,202.81028342453868
440,29,1.0044069961251596
440,2,77.88641275440123
440,6,2.295003346811188
440,7,1.0014191734037787
440,8,78.08677737055778
441,10,1.0008924630305023
441,12,127.1594898613061
441,14,202.8107054719043
441,17,202.8101940617219
441,18,171.22446957996482
441,21,202.29901616240585
441,22,202.81091351271573
441,23,77.88670140166117
441,24,202.8101467586782
441,27,202.81072404512602
441,29,5.073234470361219
441,2,5.998565095627965
441,6,2.294521480632363
441,7,1.000830672445324
441,8,202.80967141281062
442,10,1.0011233658789074
442,12,150.23061685411193
442,14,202.81125386763134
442,17,202.8105992320275
442,18,171.2253379066702
442,21,202.29871749904618
442,22,202.8112200124197
442,23,77.88581700704415
442,24,202.80976592449994
442,27,202.81035849085958
442,29,6.181995448010496
442,2,5.999908432971615
442,6,2.295043589128735
442,7,6.000046749440394
442,8,202.8093103558761
443,10,1.0005072514666438
443,12,5.999937195150239
443,14,202.8107230322104
443,17,6.003188709981913
443,18,202.29906140795958
443,21,202.29903880594284
443,22,202.81080711601015
443,23,202.29796441545216
443,24,202.81018718943744
443,27,202.8107501151499
443,29,6.183484415598524
443,2,5.999274669863916
443,6,1.0006461900827839
443,7,5.998358815836896
443,8,202.80965291954195
444,10,1.0011096014854477
444,12,5.997313511874454
444,14,202.81130246350745
444,17,6.003950571690026
444,18,202.29952302249782
444,21,202.29856705763447
444,22,202.81123031739145
444,23,202.2974841160103
444,24,6.001281849354217
444,27,202.8103750986991
444,29,16.057380590493977
444,2,1.003990147186122
444,6,1.0015395673927792
444,7,7.084237227875611
444,8,202.80931035478469
445,10,1.0004522657606207
445,12,7.0892716989534845
445,14,202.8110080842792
445,17,78.08225532442712
445,18,171.224223299867
445,21,171.22312517195888
445,22,202.81082349073407
445,23,202.2979401379144
445,24,1.0056759784635618
445,27,202.81075127478556
445,29,16.05731299076977
445,2,1.0030939456738537
445,6,1.000808398655625
445,7,5.99771208196462
445,8,202.80968857316577
446,10,5.984263811281755
446,12,1.004407660464298
446,14,202.8112626147226
446,17,78.08298772703408
446,18,202.29951055935757
446,21,171.22110993715452
446,22,202.8112397604082
446,23,126.59081120855689
446,24,78.08108355763662
446,27,202.81025763293346
446,29,16.056789899963327
446,2,7.0877087721126655
446,6,1.18696481577385
446,7,5.998423141921026
446,8,202.80933237564636
447,10,5.983836867083868
447,12,1.0055700766736875
447,14,202.8108405573396
447,17,66.0889613080564
447,18,202.2991548482229
447,21,202.29902807557798
447,22,202.81062069160265
447,23,6.004311122374453
447,24,202.81029566602953
447,27,202.8107468183585
447,29,16.0578743593727
447,2,5.9990800445302
447,6,1.001013587593615
447,7,77.97192552216957
447,8,78.0822859937192
448,10,5.984251859480718
448,12,5.999929947673979
448,14,171.65799730792608
448,17,66.09037367666248
448,18,202.2995201170541
448,21,202.2985085751895
448,22,202.81118132157502
448,23,77.8915387336221
448,24,202.80976665218705
448,27,202.81025050135642
448,29,5.079962099847255
448,2,5.999681304401701
448,6,1.0012925487216924
448,7,77.97273795888074
448,8,6.005010843688632
449,10,5.98381177584359
449,12,127.16147818137583
449,14,171.65642924362143
449,17,78.08134159911972
449,18,202.29920543958755
449,21,202.29898960526063
449,22,202.81067901602043
449,23,202.29894007535623
449,24,202.81027203569468
449,27,202.81071745753908
449,29,6.00122673707389
449,2,5.999115602245047
449,6,5.978945799786168
449,7,126.58045308484317
449,8,1.005668930752333
450,10,5.983967748707606
450,12,202.8093569785803
450,14,171.6578168464876
450,17,202.81060977978723
450,18,202.2995294851306
450,21,77.8827999177339
450,22,202.8112091953082
450,23,202.29861061344891
450,24,202.80982685872414
450,27,202.81026913045602
450,29,5.998795414899904
450,2,202.30028534632729
450,6,5.979726166529845
450,7,77.97262362650645
450,8,78.08215890313937
451,10,5.983871751800735
451,12,202.8089334269738
451,14,202.81089146414908
451,17,202.81018422170231
451,18,202.29909822204814
451,21,6.006279758509061
451,22,202.81081139093243
451,23,202.29889930255032
451,24,127.16590539394232
451,27,78.08583305003945
451,29,6.00045998873713
451,2,202.299743002987
451,6,2.297114525071703
451,7,1.0016778796473726
451,8,202.80893306728439
452,10,5.984195484000359
452,12,202.8093286756561
452,14,78.08388908070243
452,17,202.8105928392804
452,18,48.82584076893244
452,21,202.2991040449497
452,22,202.81119527831294
452,23,202.2984345834232
452,24,127.1651470104556
452,27,6.00423093346604
452,29,1.0010804348759654
452,2,202.30026953763254
452,6,0.9979999063162284
452,7,1.0007579328530163
452,8,202.80945980344046
453,10,5.064150676346754
453,12,202.80881333464305
453,14,1.004229107519837
453,17,202.81017178781937
453,18,1.0055285334186417
453,21,202.2993789622718
453,22,202.81085855698439
453,23,202.29890497357192
453,24,127.16590096394111
453,27,78.07956775754776
453,29,1.0016257668634765
453,2,202.2998705913442
453,6,0.9984783904855732
453,7,1.0019353863566467
453,8,202.80913295302867
454,10,5.065600405073417
454,12,202.80935798300024
454,14,78.08390026308798
454,17,202.8105743435289
454,18,6.005361367488142
454,21,202.29887670529143
454,22,202.81124497988944
454,23,202.29852238237234
454,24,202.8101349392189
454,27,1.00401644455859
454,29,1.000993792753432
454,2,202.3002673820227
454,6,0.9860564662968612
454,7,1.0013409819637902
454,8,202.80947172533067
455,10,5.984144270756277
455,12,202.80903287233537
455,14,78.08309365064497
455,17,202.81013369234378
455,18,48.819722822448824
455,21,202.29933690520716
455,22,5.981785045294424
455,23,171.22451608775063
455,24,202.81044401078586
455,27,5.098187035918917
455,29,1.001406488851142
455,2,171.22543996430392
455,6,2.269841967479813
455,7,5.993897961216042
455,8,202.80914514726197
456,10,7.0660592468396075
456,12,202.8093787499159
456,14,78.08387710832193
456,17,53.430064504926534
456,18,5.999284010427521
456,21,202.29891434835434
456,22,5.982221929886912
456,23,77.8898436000879
456,24,202.8099921370911
456,27,6.010155117523861
456,29,6.18180900347763
456,2,202.3003055424807
456,6,5.968924769009698
456,7,1.001999906321931
456,8,78.08678561834719
457,10,5.98384123640044
457,12,202.80888415750175
457,14,152.9828937726837
457,17,1.0016798936088218
457,18,6.000012127229344
457,21,202.29933302897783
457,22,7.064053170996051
457,23,202.29889883780166
457,24,202.81041635702212
457,27,5.098114774374158
457,29,16.075954325360705
457,2,202.29974019036442
457,6,111.91589718098314
457,7,1.0011841837209818
457,8,127.15634869103197
458,10,5.983370031191229
458,12,202.80938657585133
458,14,152.98444879010773
458,17,1.0011332728941138
458,18,1.0056932834107037
458,21,202.29886561168598
458,22,5.982274606073189
458,23,202.29849447880662
458,24,202.8100713095489
458,27,78.07483570829942
458,29,16.097251986510233
458,2,202.30023844943804
458,6,5.968560841101919
458,7,1.0015536451361893
458,8,42.02868055785793
459,10,5.983861205162247
459,12,202.80880553143166
459,14,129.4847572995092
459,17,1.0016090371121944
459,18,1.0039102942956255
459,21,202.29933636091857
459,22,5.981991687049579
459,23,202.29891421584065
459,24,78.0840444287352
459,27,127.15697199130796
459,29,13.663268719126204
459,2,202.29976809436354
459,6,2.2715034748226692
459,7,77.97382978729078
459,8,1.0193022959501752
460,10,5.98343161514636
460,12,202.80936498166105
460,14,129.4861346159803
460,17,1.000967688421583
460,18,48.82566593632205
460,21,202.29888236984752
460,22,7.0656760763633
460,23,202.29866197248316
460,24,6.004602871894341
460,27,1.0019934880076002
460,29,16.097193473449224
460,2,202.30028818510644
460,6,1.8944697821750038
460,7,77.97315430148946
460,8,1.019906584784323
461,10,5.9838912736478775
461,12,202.8088075779178
461,14,202.81100174725688
461,17,78.08277777013375
461,18,48.82370192958993
461,21,202.29936686805863
461,22,5.98170712001647
461,23,202.2989193255011
461,24,78.08401496551433
461,27,1.001685943532375
461,29,16.075961885860732
461,2,202.29980809502916
461,6,2.284534193891269
461,7,77.97383875264931
461,8,1.0193775350208307
462,10,5.983496897383619
462,12,78.08736921368487
462,14,202.8114974759305
462,17,202.81030604110634
462,18,126.82701782956224
462,21,77.88893304847494
462,22,5.98253394692854
462,23,202.2984784139627
462,24,78.08325455205791
462,27,1.002078560110907
462,29,16.07528086231784
462,2,202.3002705816321
462,6,1.001696359143418
462,7,77.9731878691849
462,8,1.0086703532583323
463,10,5.983839546911903
463,12,78.08647426145349
463,14,202.81110639568053
463,17,202.81076152352892
463,18,6.0027774770424305
463,21,77.8894349284295
463,22,1.003599832633773
463,23,202.2989009235367
463,24,127.16324538818571
463,27,1.001555000346829
463,29,6.000145564856284
463,2,202.2999594699009
463,6,1.0020544935062397
463,7,77.97381242439594
463,8,1.0081518096675612
464,10,202.2948565563571
464,12,78.08739505447255
464,14,202.8114874671492
464,17,202.810501406326
464,18,6.003186904481627
464,21,202.2967588409247
464,22,5.9824113523181435
464,23,202.29841932960574
464,24,202.81043322903025
464,27,78.07764537442885
464,29,5.998991740349216
464,2,202.30028979759098
464,6,1.0013343279682232
464,7,77.97316088723176
464,8,7.12393712006769
465,10,126.5859866237554
465,12,127.16127538972646
465,14,202.81101184349686
465,17,202.81076716546036
465,18,6.00253561024829
465,21,77.88754016901977
465,22,5.981840163025004
465,23,202.29894693413598
465,24,202.81092075352797
465,27,1.002321113938386
465,29,6.1830061001149
465,2,202.2998102051043
465,6,1.0020135415745433
465,7,77.97384830213669
465,8,6.012893751619033
466,10,126.58566430432705
466,12,202.80988066333202
466,14,202.81145426476746
466,17,202.8103075365716
466,18,126.82686770204118
466,21,77.88678194805355
466,22,5.982262351256717
466,23,171.2228323523472
466,24,202.8104696637711
466,27,1.0026104931234014
466,29,6.000583611212192
466,2,202.30029572603306
466,6,5.979742019114225
466,7,6.0043385651804435
466,8,78.08234149218974
467,10,1.0044434199971057
467,12,202.80935071060978
467,14,171.6565175788354
467,17,202.81073785448734
467,18,5.9992247036570605
467,21,77.88757464166564
467,22,5.981924917087628
467,23,171.22449783114143
467,24,202.81091026408447
467,27,1.0018243430458211
467,29,1.0043171744484267
467,2,202.29981991685338
467,6,2.2997281505187983
467,7,77.97472956713884
467,8,127.16327309127031
468,10,1.0035161054484476
468,12,202.80987822141725
468,14,171.6578735297911
468,17,202.81045192986028
468,18,5.999909588936638
468,21,202.29796151750276
468,22,5.982390176752015
468,23,171.22256664916074
468,24,202.81045969813067
468,27,6.000058341337134
468,29,6.000284063792582
468,2,202.30030348385083
468,6,2.2996980416300294
468,7,202.52953979855891
468,8,202.80909880889774
469,10,5.999962858364475
469,12,202.80929833675734
469,14,202.8109983059757
469,17,202.8107826253886
469,18,1.0050247556520953
469,21,202.29843940131983
469,22,1.0002342298751596
469,23,202.29892801092785
469,24,202.81089724338383
469,27,78.0809577388909
469,29,5.999931493999422
469,2,202.2997664443835
469,6,2.299139154035725
469,7,202.5300793122528
469,8,202.80953773376348
470,10,48.73061770317401
470,12,202.8098849588372
470,14,202.81146411863978
470,17,171.65533238851083
470,18,5.999862610063915
470,21,202.29802068049807
470,22,1.0006647554193702
470,23,202.29853299530518
470,24,202.81044932387144
470,27,202.80873266823232
470,29,6.000537014844862
470,2,202.30028473101925
470,6,2.2997544521439055
470,7,202.52953711150948
470,8,202.80893712061717
471,10,48.73149829635682
471,12,171.6639305538291
471,14,202.8109442757483
471,17,171.65707093103913
471,18,5.999102688526316
471,21,146.74583133095842
471,22,1.0007156416698448
471,23,126.58847428071054
471,24,202.81089113052766
471,27,6.003775696715998
471,29,5.9994064999197665
471,2,202.299734065901
471,6,5.979765866214382
471,7,202.5300655647947
471,8,202.80953950650158
472,10,6.001732985851482
472,12,202.80987084295373
472,14,202.8114347549527
472,17,202.81127499805586
472,18,5.999863487361241
472,21,126.58714629898616
472,22,0.9999181371109538
472,23,77.89030323546834
472,24,202.81036958212562
472,27,6.0043374065724295
472,29,6.1833411676819985
472,2,202.30026699651467
472,6,5.979406770390475
472,7,202.5295225485892
472,8,171.65499395397214
473,10,48.73419742069986
473,12,202.80936980207878
473,14,202.81098542443002
473,17,202.81078470360862
473,18,5.999224052930241
473,21,6.000684556186722
473,22,1.000717498088867
473,23,126.58499313141597
473,24,202.81092882851604
473,27,78.08145088674856
473,29,5.999201516626085
473,2,202.29976501037396
473,6,2.2973818432803945
473,7,202.5300256941746
473,8,171.65637728491916
474,10,94.62440045364748
474,12,202.80988141229258
474,14,202.81145065869094
474,17,202.81031144617523
474,18,7.08821508425784
474,21,1.004306125439121
474,22,0.9999998210497933
474,23,1.0029677491665598
474,24,202.81061346307672
474,27,78.08203700598558
474,29,126.58212800781757
474,2,202.30030436502838
474,6,1.0013058739907583
474,7,202.52958827087636
474,8,202.8091367967681
475,10,94.62328366589428
475,12,202.8093257032575
475,14,202.81107818695327
475,17,202.8107511647168
475,18,5.999366687819917
475,21,6.00051442301572
475,22,1.0007442181993733
475,23,1.0033914930875465
475,24,202.81091077659008
475,27,66.086516980321
475,29,202.29287882909318
475,2,126.59008114916739
475,6,1.0021570810362448
475,7,202.53002863883813
475,8,202.80951486181905
476,10,80.09027721606589
476,12,202.80986854963763
476,14,127.16328086979166
476,17,202.81024026127716
476,18,5.9999249106962065
476,21,6.000362923279127
476,22,5.981655162233909
476,23,5.9981109278576845
476,24,202.8105032711847
476,27,202.81029931249788
476,29,149.42998790544962
476,2,126.59078949919564
476,6,1.0013303189550165
476,7,202.52954884695276
476,8,202.80921272326805
477,10,126.58612135704242
477,12,202.8092954852033
477,14,78.08521038048738
477,17,202.81075076131737
477,18,7.086692069570529
477,21,6.000428433790144
477,22,5.981835650016804
477,23,202.29906320386308
477,24,202.81090056367293
477,27,202.80967245486636
477,29,126.54849959865446
477,2,126.58994112177433
477,6,202.299121257022
477,7,202.53008721974857
477,8,48.95397778832473
478,10,202.3021532104731
478,12,202.80986369971546
478,14,78.08584406615351
478,17,202.81032434785703
478,18,5.999847028478969
478,21,6.0000156020944315
478,22,5.9814072381804815
478,23,202.2990327471928
478,24,202.81056552287998
478,27,171.6560783216195
478,29,149.42986413063258
478,2,202.29977360435439
478,6,202.29886437438114
478,7,202.52970855066604
478,8,6.0008725618285474
479,10,202.30167442902544
479,12,202.80941357089128
479,14,78.08510104232842
479,17,78.0846223696318
479,18,5.999146496274936
479,21,155.6928433712759
479,22,5.981704553114805
479,23,202.2985725624444
479,24,202.81092383048133
479,27,127.1676855832101
479,29,48.7326813244959
479,2,202.2994752989901
479,6,171.2244703416147
479,7,202.5300715823147
479,8,6.0013876181253
480,10,202.3021410480328
480,12,202.809859552581
480,14,127.16336471744408
480,17,78.08399830181712
480,18,5.999897932754323
480,21,202.29861850057816
480,22,5.9818081909497325
480,23,202.2990014055184
480,24,202.81055122627546
480,27,202.81031463486568
480,29,0.9999768119795824
480,2,202.29980232890878
480,6,202.29887701421788
480,7,202.5296400035546
480,8,7.091014346777338
481,10,202.30173858001396
481,12,202.809393657175
481,14,202.81016571886485
481,17,78.08463441537391
481,18,5.998923547195487
481,21,202.29900858911725
481,22,1.0036511473392355
481,23,202.29846484757647
481,24,202.81093599488315
481,27,202.80980998236132
481,29,1.0006490596280635
481,2,202.29942597579597
481,6,202.29908785614094
481,7,202.53007839073794
481,8,6.0013904220687495
482,10,202.30213497524974
482,12,202.80985223927345
482,14,202.81060452011945
482,17,78.08397422626663
482,18,126.82857933875381
482,21,202.2986061858423
482,22,1.0031815655060505
482,23,202.2990535424832
482,24,171.65789290666484
482,27,202.81028445163884
482,29,1.000021604399187
482,2,202.29978861600227
482,6,202.29866739450335
482,7,77.97569323195799
482,8,6.000797916498611
483,10,171.22462952862713
483,12,202.80943507179563
483,14,202.81022175931986
483,17,127.15940945460483
483,18,126.82808551073377
483,21,202.2990167323267
483,22,5.980639490681873
483,23,202.29870254351707
483,24,202.81094624509674
483,27,202.80989025997476
483,29,1.000635135970814
483,2,77.89085619918205
483,6,202.2991019429482
483,7,77.97624243631788
483,8,6.001367350875594
484,10,171.22640102148543
484,12,202.8098801531056
484,14,78.08344840857959
484,17,127.15888855917893
484,18,126.82862532531593
484,21,171.22187521862867
484,22,5.980157792050379
484,23,202.29904497214125
484,24,202.81052075821137
484,27,202.8103099891224
484,29,1.0003208031415483
484,2,202.29979586829435
484,6,202.29869594266648
484,7,77.97556262794976
484,8,6.000946789621253
485,10,202.3017069674403
485,12,171.66422395578164
485,14,1.0032664512358185
485,17,6.000072059402797
485,18,126.82828039054039
485,21,171.22332295067778
485,22,1.001758885761972
485,23,202.29858749639277
485,24,202.81094542709204
485,27,202.8099420636857
485,29,1.0006564904098987
485,2,202.29941569389098
485,6,202.29908560300242
485,7,92.12917014477694
485,8,6.001339109470194
486,10,202.30215441444747
486,12,202.80987987002027
486,14,1.003851031136132
486,17,1.0013625742731982
486,18,126.82862521073079
486,21,77.88981057195915
486,22,1.0010888181233923
486,23,202.2990244602882
486,24,202.81073864731076
486,27,127.16458831014678
486,29,48.728366352209
486,2,6.0007296990934496
486,6,202.29871360941556
486,7,92.12753864851834
486,8,48.95251511236709
487,10,202.30180657909904
487,12,202.80936084239573
487,14,6.0004613784423535
487,17,1.0021141126932678
487,18,1.0011099451062426
487,21,202.29905071374765
487,22,1.001762334645126
487,23,6.002275439609761
487,24,78.0892731143216
487,27,78.08751636255091
487,29,48.728837643479494
487,2,1.0042351982652162
487,6,126.58821187667922
487,7,77.97626182670865
487,8,127.15553434159197
488,10,202.30216899566236
488,12,202.80989484672176
488,14,5.080568849559056
488,17,1.0013207207339319
488,18,1.000527495936371
488,21,202.2988259420563
488,22,1.0005236149991221
488,23,7.0940586976098094
488,24,202.81055984791067
488,27,127.16465204896892
488,29,1.0012880001644913
488,2,1.005549459335188
488,6,77.88424173995
488,7,126.58634505767037
488,8,127.15514818280718
489,10,77.88684282936316
489,12,78.08372005302066
489,14,1.004439187203384
489,17,127.16339479893401
489,18,1.0011070455201176
489,21,202.29904751572087
489,22,3.004219476890876
489,23,6.002634910951072
489,24,202.81088113042304
489,27,127.16444398640289
489,29,1.001648773216429
489,2,6.001007615428478
489,6,6.001696069723057
489,7,202.52947367671828
489,8,127.15552210771637
490,10,1.0013854282817594
490,12,6.001765545079744
490,14,6.000659954748852
490,17,202.81000895032824
490,18,1.0004690824855311
490,21,202.298895535379
490,22,1.0020963824256475
490,23,6.003346670770473
490,24,78.08499872237091
490,27,202.81047285384588
490,29,1.001333662320997
490,2,77.88517116373313
490,6,6.000867719647671
490,7,202.52903030471353
490,8,5.999196796611509
491,10,1.0009025826063231
491,12,1.0045018263284682
491,14,5.079911437542386
491,17,202.8103826113029
491,18,1.0011278119288853
491,21,202.29905534585959
491,22,1.0028009051241824
491,23,77.88357534504979
491,24,78.08434592346022
491,27,171.6557920720542
491,29,1.0016786465221612
491,2,202.29948327501864
491,6,77.87927856739148
491,7,202.52946927667148
491,8,1.0024715725642226
492,10,1.0014008998917836
492,12,6.001796558034609
492,14,78.0833010790103
492,17,202.80990094721275
492,18,5.993688559998293
492,21,202.2988890096193
492,22,5.979082642687716
492,23,202.29836531826587
492,24,78.08504722970582
492,27,202.81047626355686
492,29,48.73149644779443
492,2,202.29922578066194
492,6,6.000173111047825
492,7,202.52905209517644
492,8,1.0019051908292909
493,10,1.000816556397809
493,12,202.8065676340947
493,14,202.80984400506185
493,17,202.81040146815292
493,18,5.994146547297091
493,21,1.005763629551792
493,22,1.0026643810338491
493,23,202.29792504424194
493,24,78.08435826936072
493,27,202.80997973477704
493,29,126.58111617934452
493,2,202.29950187391415
493,6,1.001022298380673
493,7,15.004243294608495
493,8,1.0024826788501509
494,10,6.000079714128234
494,12,202.80702255548414
494,14,202.8102120713828
494,17,202.8098554512163
494,18,1.0020019510570544
494,21,6.0042299959774645
494,22,1.0022904063658062
494,23,202.29835233500918
494,24,202.81059905368153
494,27,202.81042974395348
494,29,126.58073937850224
494,2,77.88734476862552
494,6,1.0013975985839307
494,7,15.003627331576894
494,8,5.992841008963031
495,10,77.88682479738209
495,12,5.99991275818894
495,14,5.998699277362621
495,17,6.000030119423508
495,18,1.0014807523543814
495,21,48.733113598187366
495,22,5.98254885629613
495,23,77.88637745181293
495,24,202.81020645414637
495,27,202.81000143504784
495,29,126.58109287271397
495,2,77.88789971669067
495,6,1.000688767119792
495,7,77.97470349478144
495,8,1.0025031177362962
496,10,77.88804593761726
496,12,1.0032415983715763
496,14,1.0018585128543176
496,17,0.999354578851686
496,18,1.0016082125051726
496,21,126.58290015684003
496,22,127.18043063790041
496,23,6.006255315014392
496,24,202.81058285267287
496,27,202.81041811943524
496,29,1.0009620065519176
496,2,77.88730676304819
496,6,1.1846474059026635
496,7,77.97324405097359
496,8,1.0018501639895714
497,10,202.3008955931357
497,12,1.0037823346802934
497,14,1.0013781501696686
497,17,1.0001223751995836
497,18,1.0017142680575288
497,21,6.0042097340604155
497,22,127.18108914014584
497,23,202.2971456193493
497,24,202.8102619454024
497,27,78.08161244586158
497,29,1.0003013487669206
497,2,202.29916484914557
497,6,1.0011950075526368
497,7,126.58819528273592
497,8,5.997516431974958
498,10,202.30118842528202
498,12,5.998394939475351
498,14,1.0018656582772492
498,17,0.9992790292237865
498,18,1.0017423953404352
498,21,6.003511273012844
498,22,202.80853503442785
498,23,202.29759833933727
498,24,202.8105631047767
498,27,1.001011119613163
498,29,1.0010456358845152
498,2,202.29894781097158
498,6,1.0014916487314416
498,7,202.52929837048032
498,8,5.9974420108380855
499,10,171.22305876891366
499,12,5.9998927347119295
499,14,1.4626863368999317
499,17,1.000120386063239
499,18,48.825762828085914
499,21,48.732659088101855
499,22,202.80899627787855
499,23,126.58646666635369
499,24,78.08453600042783
499,27,1.0003524606946694
499,29,1.000352781621224
499,2,5.990186612923281
499,6,1.0007280739591042
499,7,202.52973591073228
499,8,5.996725241928501
500,10,6.006276489948877
500,12,5.998413222765736
500,14,6.000007998751446
500,17,0.9994542725126934
500,18,202.29764568103897
500,21,1.0056193038018435
500,22,202.80842226627652
500,23,77.88684305157713
500,24,78.08529241377681
500,27,1.184295521834824
500,29,126.58818583500273
500,2,5.98993537812895
500,6,202.29819714089416
500,7,126.59283546015394
500,8,5.997480534739854
501,10,202.30115075679188
501,12,78.08509568103813
501,14,78.0823362375728
501,17,1.0001169271776362
501,18,202.2980854214798
501,21,6.004531273758253
501,22,127.18178056649337
501,23,6.004299623047135
501,24,92.25831366506043
501,27,1.0009925215405833
501,29,202.30330947882507
501,2,1.0009437030457944
501,6,202.2981256350053
501,7,202.5297316285479
501,8,1.00303015010617
502,10,6.0037369567617755
502,12,78.0836015328085
502,14,78.08330675842596
502,17,0.9993418842142852
502,18,202.297621868148
502,21,126.58394243392142
502,22,127.18141276373015
502,23,77.88687687614436
502,24,78.08527114326306
502,27,1.000425350165849
502,29,202.3030101884153
502,2,1.0003662952085506
502,6,65.920490126902
502,7,202.5292019107104
502,8,1.0026492741733612
503,10,1.0056240285229707
503,12,202.80791142602246
503,14,202.81074290008445
503,17,1.0000564513489847
503,18,77.88692314853067
503,21,6.002959609073687
503,22,127.18178740351831
503,23,77.88600428457748
503,24,202.81010019345445
503,27,1.0009601387843654
503,29,202.30328228484333
503,2,1.000700913854411
503,6,6.005029905337803
503,7,202.52965193427292
503,8,1.0033709871322856
504,10,77.88837768783688
504,12,202.8073899505526
504,14,202.81108374501704
504,17,0.9993398637056874
504,18,6.004850800664902
504,21,6.003213042629183
504,22,127.18136906132796
504,23,149.5564873129336
504,24,202.81036804990356
504,27,1.0002521905300163
504,29,202.30286903494692
504,2,1.184674534482494
504,6,77.88454458210282
504,7,77.9770006070652
504,8,1.003413762894814
505,10,159.0519120028751
505,12,78.08498180230639
505,14,202.8105664508245
505,17,6.000041630657663
505,18,77.88691793274812
505,21,6.0024119780214935
505,22,127.18178294591372
505,23,126.58535921123271
505,24,202.80996853460238
505,27,1.0009484605280665
505,29,202.30328735150394
505,2,1.0009426283572918
505,6,77.88410666227455
505,7,77.97642041775411
505,8,127.15517989329409
506,10,202.2998017913056
506,12,1.0001521025117048
506,14,202.81106464959956
506,17,127.16167427800927
506,18,77.88632577430091
506,21,48.73054289939103
506,22,202.80960891977062
506,23,126.58622939381736
506,24,202.81035374829764
506,27,78.0828478307598
506,29,202.30300380778982
506,2,1.0005024149948607
506,6,202.29684927927013
506,7,77.97703102504298
506,8,127.15560258814385
507,10,1.0002771979273337
507,12,1.0005775666587162
507,14,78.08231928650831
507,17,202.81043250847065
507,18,202.29916066304298
507,21,6.001368817283443
507,22,202.8101248698794
507,23,202.29876489666668
507,24,78.08166197560018
507,27,127.16149428662048
507,29,171.22700630017505
507,2,1.0009480951238379
507,6,1.002624584350614
507,7,202.52855043797294
507,8,127.15512288395814
508,10,1.0003834842694106
508,12,0.999872851846801
508,14,1.0038834314299265
508,17,202.81003500562085
508,18,202.2987188128499
508,21,1.0056575141612214
508,22,5.9921677875736865
508,23,202.29913393397158
508,24,6.000060485023156
508,27,107.62704759016654
508,29,202.303254395554
508,2,1.0003357249287443
508,6,1.002413837435122
508,7,202.52898308699824
508,8,127.15559053954505
509,10,1.00105107176954
509,12,1.0005309418365211
509,14,1.0033523966436002
509,17,202.81042832116702
509,18,202.29914946002424
509,21,48.73486833945351
509,22,5.992462793509529
509,23,202.298827442558
509,24,1.0032938495412713
509,27,107.62886229683664
509,29,202.30292637353526
509,2,1.0004779421693994
509,6,1.002619050285153
509,7,202.52848675771764
509,8,107.62166855565388
510,10,1.0003338039548009
510,12,1.000392807238189
510,14,6.0000390814149505
510,17,202.81033461379616
510,18,202.29868450216992
510,21,126.58475447011185
510,22,5.992152978008355
510,23,202.29913559158354
510,24,1.003819924847602
510,27,202.8102500392088
510,29,202.30328574256225
510,2,5.9890466609304385
510,6,77.88477157962272
510,7,126.59066289919149
510,8,107.62328106677033
511,10,1.001043731332591
511,12,1.0005671124075173
511,14,127.16101439447019
511,17,171.65592477775695
511,18,202.29914131336804
511,21,126.58452953606982
511,22,5.992493816602677
511,23,202.2987424824337
511,24,78.08145867637397
511,27,202.8104040375339
511,29,202.30290633354966
511,2,5.988729965864402
511,6,91.97392993390936
511,7,126.59015877375626
511,8,48.95838326317429
512,10,1.0004241102842641
512,12,0.9999611605219618
512,14,127.16129279197366
512,17,202.8100148537334
512,18,202.29862059066411
512,21,1.001524276997472
512,22,15.53222137034738
512,23,202.29913726487442
512,24,202.81078532344665
512,27,202.8102648679315
512,29,202.3032995176652
512,2,5.989059336353823
512,6,77.86701968366322
512,7,126.59068276132278
512,8,127.15557479706453
513,10,1.000997208810869
513,12,6.000290748617678
513,14,78.08823337382307
513,17,202.81042244905456
513,18,202.2991694800088
513,21,1.1844586338365009
513,22,5.991446522859426
513,23,202.29881976946842
513,24,202.81037192459584
513,27,171.6566691288532
513,29,202.30287438149426
513,2,5.988793116132776
513,6,202.2993166560413
513,7,202.52887967473967
513,8,127.1555090288995
514,10,1.0007908210535819
514,12,202.80922789034992
514,14,202.8120132060987
514,17,78.08275373301313
514,18,202.29865537330335
514,21,1.0014808789736724
514,22,0.9997560591588641
514,23,202.2991271304021
514,24,202.81079098830287
514,27,202.80997864262307
514,29,202.3032749251705
514,2,1.0029646144488913
514,6,202.2989041193951
514,7,202.52920237587927
514,8,48.96049847939692
515,10,126.58644675569255
515,12,202.80883311727882
515,14,202.81196704391692
515,17,1.0007261930099878
515,18,202.29912632430256
515,21,1.0014398946333118
515,22,0.9999421606976107
515,23,202.29878481722736
515,24,202.8104885954501
515,27,202.81040701709134
515,29,202.3028164758775
515,2,1.0026805011725877
515,6,202.29927579601787
515,7,202.52898166573922
515,8,127.1554699432659
516,10,126.58678118101419
516,12,202.80917005659154
516,14,202.8114974765347
516,17,1.0009210262301353
516,18,202.29871864235434
516,21,1.0015234529338208
516,22,0.9994565352294424
516,23,202.29912115114792
516,24,171.65739686907614
516,27,1.0037870974828262
516,29,202.30328251373916
516,2,5.988793209274096
516,6,202.29900285262008
516,7,126.58831976757183
516,8,38.99639421745283
517,10,126.58655872181204
517,12,202.80880477263509
517,14,202.8119479922069
517,17,0.9996262136064065
517,18,202.29916304269776
517,21,5.998521455873929
517,22,0.9999299658789438
517,23,202.2987414614662
517,24,171.6558542536026
517,27,48.95596359997678
517,29,202.3027749490286
517,2,5.988366433239682
517,6,202.2993307370938
517,7,77.97546815000304
517,8,5.885418558587164
518,10,6.006301950904049
518,12,202.80919676452476
518,14,202.81142654412102
518,17,1.0008665915187152
518,18,202.29872098340473
518,21,48.735656642756396
518,22,0.9996402566742981
518,23,202.29911432521226
518,24,202.81078200695796
518,27,127.16058634794572
518,29,202.30327981543962
518,2,5.988764293267248
518,6,202.29895887835602
518,7,77.97601862265256
518,8,5.886011952622844
519,10,202.30104248226243
519,12,202.80892516406496
519,14,202.81195450230888
519,17,1.1843045817664377
519,18,202.29907922668755
519,21,126.58591886479864
519,22,0.9998790844713872
519,23,202.29872793398127
519,24,202.81038683645124
519,27,127.16032621219014
519,29,77.88921949577183
519,2,1.0020399845554548
519,6,202.29929634767382
519,7,126.58135962506965
519,8,5.885203366518835
520,10,202.30145323017646
520,12,202.8092133171798
520,14,202.81162613599784
520,17,1.000927819526571
520,18,202.29896973248174
520,21,126.58620402854534
520,22,0.9992402063091212
520,23,126.58820505384418
520,24,202.81076164222046
520,27,127.16058572387482
520,29,77.88988592387345
520,2,1.0021857074856113
520,6,202.2988702435427
520,7,77.97602135829658
520,8,5.959608131567829
521,10,202.30098600447488
521,12,6.000133852184652
521,14,202.8119874073063
521,17,1.0006808836944305
521,18,77.891739503926
521,21,202.2967260622002
521,22,0.9995331926361626
521,23,6.00355913517562
521,24,202.8104049300626
521,27,48.95600909454471
521,29,15.004668698936658
521,2,1.0017672225098302
521,6,202.29927555361022
521,7,92.12800628822043
521,8,5.95913174546161
522,10,171.2243922396668
522,12,1.0037483723054983
522,14,202.8181650414117
522,17,1.0009301779088373
522,18,202.29889770556372
522,21,202.2972225486821
522,22,1.181128262120768
522,23,6.0043979443480815
522,24,202.81081201881776
522,27,6.002116209389877
522,29,77.88989934899675
522,2,5.989588747179945
522,6,202.2988398656827
522,7,6.005314050547316
522,8,5.959632844707723
523,10,77.89340492168732
523,12,1.0039530327445814
523,14,76.697734947512
523,17,78.08201879152944
523,18,202.29905777370877
523,21,48.73418190505179
523,22,1.0001341101016266
523,23,77.88407092877874
523,24,202.8106685465664
523,27,6.001612788780999
523,29,202.3029475562757
523,2,5.988998358193001
523,6,202.29933268950526
523,7,6.004828805270141
523,8,5.959076487159121
524,10,202.301512114798
524,12,5.9990019979936395
524,14,1.0033494938345617
524,17,202.81047217531534
524,18,202.29921707291697
524,21,5.993550610411062
524,22,0.9996312885108143
524,23,126.58827926648411
524,24,202.8109240170156
524,27,48.95593679090699
524,29,202.30331726447068
524,2,5.989406902933764
524,6,202.2988893608453
524,7,202.52900472434266
524,8,48.95418671263397
525,10,202.30150620007797
525,12,78.08172877910027
525,14,1.003974771410589
525,17,202.8101007673792
525,18,6.002275318864302
525,21,7.071961987449706
525,22,1.0001334394190486
525,23,202.29711220716655
525,24,202.8106875902231
525,27,48.95524223960069
525,29,202.30295821495537
525,2,5.9891452426507295
525,6,126.58823812315241
525,7,202.52864480126937
525,8,57.83410421526169
526,10,202.30134544486162
526,12,78.08095600332574
526,14,202.81081939934674
526,17,202.81041780417803
526,18,1.0041429778364739
526,21,5.999491348693811
526,22,0.9998354755618477
526,23,202.29764172449737
526,24,171.6575091741518
526,27,48.955962174840266
526,29,202.30329615810624
526,2,1.0056996984810862
526,6,5.998552900146024
526,7,202.52899594651723
526,8,48.95269508530438
527,10,77.89095234634263
527,12,78.08159002485418
527,14,202.8109432120819
527,17,202.80994654912587
527,18,6.002266152177888
527,21,6.000113108750711
527,22,1.0001767544337818
527,23,77.88805963716995
527,24,127.16809721760491
527,27,48.955346079207594
527,29,202.30284295434382
527,2,5.990068335611341
527,6,5.999154159514807
527,7,6.006224538506667
527,8,48.95193987646354
528,10,77.8904349381162
528,12,1.0027485226757076
528,14,202.81070051384623
528,17,202.81043096341313
528,18,202.2974685751313
528,21,1.0038535185113728
528,22,0.9998616557196369
528,23,77.88868315911873
528,24,202.81078253264022
528,27,48.95590472263979
528,29,202.30328714119503
528,2,5.990218947208696
528,6,7.085014741465561
528,7,77.97604046478986
528,8,48.952721535874694
529,10,77.89101010011075
529,12,1.002709648435581
529,14,78.0833130184645
529,17,1.0012146576952263
529,18,202.2978480516136
529,21,1.0042935003685916
529,22,1.0001580942095023
529,23,77.88799480984908
529,24,202.81059594020064
529,27,1.001148860701119
529,29,202.30282942820696
529,2,7.076511091988548
529,6,5.999937257316962
529,7,77.97656014350162
529,8,202.80958103360257
530,10,202.30217345411143
530,12,1.002060609100348
530,14,78.08284588197728
530,17,1.0010804425381643
530,18,77.88376917662447
530,21,5.999014896757817
530,22,0.9999760103126167
530,23,202.29912246959017
530,24,202.81078412453857
530,27,1.0015459715670891
530,29,202.30329165436078
530,2,5.990148979883048
530,6,1.0011807038747156
530,7,202.52982151396446
530,8,202.81020995782978
531,10,202.30252212607442
531,12,1.0027126578330074
531,14,1.0040432168661724
531,17,1.0011860625391504
531,18,77.88429055966442
531,21,48.73417801857862
531,22,1.000102185646254
531,23,202.29870970348972
531,24,5.977749068284355
531,27,1.0011971329071843
531,29,202.30287272331023
531,2,5.990069786913288
531,6,1.00069088113543
531,7,202.52997715332393
531,8,202.80948682940166
532,10,202.30212761441655
532,12,1.0027237722432245
532,14,5.993842483784193
532,17,1.0008026598666158
532,18,6.004737392971338
532,21,48.733935676343194
532,22,0.9994207912226987
532,23,202.29906937219013
532,24,1.0008387815964968
532,27,1.0015258414598929
532,29,202.30327999876982
532,2,5.9900708893564305
532,6,1.0011716303444622
532,7,202.52949517168503
532,8,202.81018245315795
533,10,202.30253474681504
533,12,78.0777819532328
533,14,1.0034312802285825
533,17,1.0011943709212225
533,18,77.88430032837617
533,21,15.006238440361063
533,22,5.990932852242853
533,23,202.2988988395004
533,24,1.0001707305675192
533,27,1.0009012516262557
533,29,5.995719641450821
533,2,15.5317298130505
533,6,1.000604215690955
533,7,202.5299629116157
533,8,202.80945724080803
534,10,202.3020490881963
534,12,5.993961746256273
534,14,1.0040607344474353
534,17,5.998711549538296
534,18,92.01580479665786
534,21,126.58463842940174
534,22,5.070005255270385
534,23,202.29914393737067
534,24,1.0008150427415456
534,27,6.000238502485531
534,29,0.9999286050864429
534,2,126.58666601301593
534,6,1.0011499328947124
534,7,171.41938149690858
534,8,127.15658750084555
535,10,202.30250977449717
535,12,1.0026697931372555
535,14,5.999293249120451
535,17,78.08285015666988
535,18,202.2966997278584
535,21,126.58483729517351
535,22,5.9909236647965285
535,23,202.29899431268524
535,24,1.1830285937039537
535,27,7.0867089262683285
535,29,1.000994781984141
535,2,126.58618252140155
535,6,1.0011791114168451
535,7,202.52997248770393
535,8,6.004592554293079
536,10,202.3021449436339
536,12,1.0020246393276144
536,14,6.000158768684497
536,17,78.08278945373162
536,18,6.006199458753441
536,21,48.74189307005347
536,22,1.0045079898322804
536,23,171.22528399970554
536,24,1.1844403580407512
536,27,5.999577084557212
536,29,1.0004754418646344
536,2,126.58661915367115
536,6,5.998312553113025
536,7,202.52960813435578
536,8,48.95461834716501
537,10,202.30248220602166
537,12,5.9998229150951605
537,14,78.08232723895337
537,17,202.81058244689675
537,18,77.8841004478754
537,21,126.58412798717222
537,22,5.991485706733303
537,23,202.29877906927462
537,24,1.0007012057801692
537,27,48.955831638896164
537,29,1.0010070594200338
537,2,1.0014810984695837
537,6,5.999007911867532
537,7,202.52992099144865
537,8,48.95388021465024
538,10,202.30197732247814
538,12,78.08022767474407
538,14,202.81028988747113
538,17,78.08891034691058
538,18,92.01734406894737
538,21,126.5842898797894
538,22,15.53730735241199
538,23,202.29909339611777
538,24,1.0001440156155086
538,27,127.15983233647884
538,29,1.0010952402826847
538,2,1.001100525295005
538,6,5.076772862609002
538,7,126.5929626378461
538,8,48.95461429269735
539,10,202.30247021422082
539,12,78.0796887295237
539,14,202.80993345796787
539,17,202.81054567392414
539,18,6.0044471145781655
539,21,48.73554207372417
539,22,15.538531358677444
539,23,202.29877979280087
539,24,1.0006914177901294
539,27,127.15948498062312
539,29,5.993374437080451
539,2,1.0013788317372185
539,6,5.9989782719100795
539,7,202.529972990812
539,8,48.954015179669966
540,10,202.30212077616912
540,12,6.001359515033678
540,14,78.0847706961055
540,17,202.81065915935855
540,18,1.0057686099672276
540,21,1.0028726105293204
540,22,202.80786718639686
540,23,202.2991181368543
540,24,1.0002373092097399
540,27,6.004759557538291
540,29,5.069495195915731
540,2,1.00147121469554
540,6,5.998512010590508
540,7,202.52954636894972
540,8,48.95462049496068
541,10,202.30247742740713
541,12,7.090869633266364
541,14,92.2558081919367
541,17,202.81050154646047
541,18,29.45856215128061
541,21,1.0029688033009405
541,22,202.80863097097532
541,23,202.29882115684146
541,24,1.000080687550449
541,27,48.957320923038715
541,29,1.0046143488552568
541,2,1.0012813572025978
541,6,5.998916249241775
541,7,202.52995717442164
541,8,48.953920332601555
542,10,5.985482347757726
542,12,6.001765233298672
542,14,78.0848338558242
542,17,202.81065673832603
542,18,1.001300678257298
542,21,1.0025478169932738
542,22,15.538519872089466
542,23,123.82019242509801
542,24,1.1844678662443613
542,27,127.16093274622571
542,29,5.9935685561670935
542,2,1.001471056395303
542,6,1.0057597589289902
542,7,126.58682172661702
542,8,48.954598445321736
543,10,5.9860677407049945
543,12,1.004999610938759
543,14,78.08459813448442
543,17,202.81048877855773
543,18,1.000982023563723
543,21,6.000052174792757
543,22,5.9920556733011425
543,23,123.81854109474811
543,24,1.0004384837717302
543,27,202.80836189235268
543,29,5.993538668806673
543,2,1.0011375557793611
543,6,5.076770237819561
543,7,6.000250381216555
543,8,202.80553839174607
544,10,5.985757442201331
544,12,6.001702753062278
544,14,78.08491593850555
544,17,202.81051479584573
544,18,1.0012603296047269
544,21,126.58590409563487
544,22,5.991983196482501
544,23,202.298015477923
544,24,1.0007189770266507
544,27,202.8077465402288
544,29,1.0026866753961334
544,2,5.98735705418091
544,6,5.998969503138726
544,7,0.9930357866542785
544,8,127.15626448777812
545,10,1.0012614890220277
545,12,202.80669544308898
545,14,78.08504312240491
545,17,6.0002771385863145
545,18,1.000878666159692
545,21,126.58601467389569
545,22,5.992018749645034
545,23,202.29789184174228
545,24,1.0000556290415537
545,27,127.16163552218829
545,29,1.0027524935622
545,2,1.0014672201998982
545,6,1.0028871838216862
545,7,0.9929818523156895
545,8,127.15621948950513
546,10,1.0010591541644773
546,12,107.63149831958697
546,14,202.8105004628835
546,17,1.9587711211939398
546,18,1.0013071919692331
546,21,202.2940089891727
546,22,5.991947109981879
546,23,6.002810259337175
546,24,1.000705007903755
546,27,127.16101866328623
546,29,15.55679351082214
546,2,1.0009485145341088
546,6,1.0032428977202938
546,7,0.9929196686292538
546,8,5.999926481318974
547,10,1.0011843050834353
547,12,107.63116199985805
547,14,127.16623669685639
547,17,2.3119539199064008
547,18,77.87872026040937
547,21,107.14220522584526
547,22,5.992064253316717
547,23,6.002556092276967
547,24,5.977724525059483
547,27,127.16167403556024
547,29,15.557095616468887
547,2,1.0014707894880912
547,6,1.00210281052993
547,7,0.9930474579647477
547,8,1.0007815514221692
548,10,5.986082378920444
548,12,127.16275682768448
548,14,202.81052922584314
548,17,1.0045279492253227
548,18,1.0012726092029318
548,21,126.58590317401463
548,22,15.534353517506444
548,23,6.002725113247095
548,24,5.978110125200063
548,27,107.62830769852722
548,29,5.995521957343952
548,2,5.987350297425225
548,6,202.29943091413645
548,7,0.9930247766686779
548,8,1.0010221597539815
549,10,5.986274388655306
549,12,78.08571912201674
549,14,202.8108501033752
549,17,2.3102230232818286
549,18,1.0006606040054793
549,21,126.58598587638714
549,22,15.534606462581444
549,23,202.2980285569727
549,24,5.978063166886751
549,27,48.963664176953046
549,29,1.0024922804728158
549,2,1.18474518857571
549,6,202.29905974279657
549,7,0.9930914565447191
549,8,1.0007962757284385
550,10,5.986107197213218
550,12,78.08623017080029
550,14,202.81077421519532
550,17,2.310096582342795
550,18,1.0010801092938797
550,21,126.58585469380549
550,22,5.993090951064208
550,23,202.29843002330392
550,24,202.80468169441377
550,27,127.16110964660209
550,29,15.56024644412553
550,2,1.0014323839318147
550,6,202.29946858203158
550,7,0.992895509021257
550,8,1.0010112324475582
551,10,5.986259245972634
551,12,6.005772633870471
551,14,6.000080244683374
551,17,2.3099693829115493
551,18,1.000616878970403
551,21,126.58598499660546
551,22,127.16025280819024
551,23,202.2985252661962
551,24,15.464783444630903
551,27,127.16119511854245
551,29,126.58359780465835
551,2,1.0014711506561715
551,6,202.29910664031888
551,7,0.9931334218108239
551,8,1.000831224272198
552,10,5.986106198559222
552,12,78.08626039702804
552,14,5.075735581565863
552,17,5.998908051562826
552,18,6.000390357779465
552,21,6.00019318670271
552,22,127.16034235883328
552,23,5.999794055273093
552,24,5.978080443564357
552,27,127.16097804145974
552,29,5.995565913076382
552,2,5.989970740323377
552,6,202.2994477209849
552,7,0.9930389194134399
552,8,1.0010233525717833
553,10,5.986283162624503
553,12,202.80918348393567
553,14,5.999048886662131
553,17,5.998849798593523
553,18,6.0001030981178864
553,21,5.998702124651627
553,22,107.62692227666733
553,23,1.0013814072505776
553,24,5.056817642057166
553,27,6.003413085808774
553,29,1.0037419737513913
553,2,5.990198004326338
553,6,202.29910593910765
553,7,0.9928799420638521
553,8,5.999872367577645
554,10,15.503144518327458
554,12,202.80921991046114
554,14,1.0023229698508231
554,17,14.99292376956495
554,18,202.29832595881055
554,21,1.0037543636569124
554,22,15.544801682784765
554,23,1.000713968295135
554,24,1.0057694824997077
554,27,6.003339562570541
554,29,1.0034806390570212
554,2,202.2990480404743
554,6,202.29942646779543
554,7,2.5560340038553866
554,8,6.0001492659966695
555,10,5.986256160296859
555,12,202.80895517764705
555,14,1.0026777542661094
555,17,5.998855031882637
555,18,171.2224728221461
555,21,1.0037384126436137
555,22,202.81527441974833
555,23,1.0013992747166869
555,24,5.977349685572242
555,27,6.003460166264098
555,29,5.995791648493186
555,2,202.2995072640975
555,6,202.29922136115772
555,7,0.9930991955416344
555,8,127.15550160577637
556,10,5.986145830478986
556,12,202.80926669715515
556,14,1.0021991250866211
556,17,1.0023101388199844
556,18,202.29824605275311
556,21,1.0033046997714319
556,22,5.991429146271084
556,23,1.0010850404718425
556,24,5.057109672809199
556,27,14.329676644571617
556,29,15.560681589322186
556,2,202.29893393834567
556,6,202.29939957737125
556,7,0.9931228251305635
556,8,48.960371872077985
557,10,5.0675316768790175
557,12,202.8091054277259
557,14,78.08338423155838
557,17,2.3068623569868825
557,18,202.29837403660886
557,21,48.73561343873404
557,22,5.990967355556167
557,23,5.999946891073452
557,24,5.976992025581066
557,27,14.329887466972881
557,29,202.2970951284843
557,2,202.299501324011
557,6,202.29939548041187
557,7,1.1667068617135623
557,8,127.15531749248416
558,10,5.9859417477281065
558,12,6.0000066547900905
558,14,202.81109454972258
558,17,2.3070930889645904
558,18,77.8854073230808
558,21,126.58398267440529
558,22,5.991380919141731
558,23,6.000014865179525
558,24,5.977456227945383
558,27,14.329580754386672
558,29,202.29663913611083
558,2,202.29911010446259
558,6,202.29913071381816
558,7,0.993039419980442
558,8,127.15556626207058
559,10,1.005772972323813
559,12,1.0006410573119302
559,14,202.81143536026832
559,17,1.0057020249536919
559,18,1.0030312262956826
559,21,6.006257736733364
559,22,1.0019089157751164
559,23,77.88505222624272
559,24,5.976971783478554
559,27,1.0049518110306472
559,29,5.997264890435921
559,2,202.29950574963527
559,6,202.2994839872949
559,7,0.9930590256345946
559,8,127.15521997786428
560,10,5.066890163723122
560,12,1.0004593976091316
560,14,202.81109207680637
560,17,5.999475886170845
560,18,77.8855908288028
560,21,6.006129170053771
560,22,1.002057412638746
560,23,202.29750531761562
560,24,5.977594987033516
560,27,37.22605377088784
560,29,15.556670252655437
560,2,15.532943959307335
560,6,77.88739689268944
560,7,0.9929215362058361
560,8,127.15556503258155
561,10,5.985971014768285
561,12,1.000641408548712
561,14,171.65764669309928
561,17,127.15781595514531
561,18,202.29791167959712
561,21,126.58408727248009
561,22,1.0018948407050692
561,23,6.006345003758161
561,24,5.977591960684202
561,27,202.80546467618748
561,29,5.996524028435948
561,2,15.53309470024124
561,6,77.88788890171368
561,7,0.9930886433507187
561,8,48.953285780929804
562,10,5.986228846920085
562,12,1.000468198745076
562,14,202.8110009897829
562,17,5.9997129488392895
562,18,202.29827471569027
562,21,91.7410310969477
562,22,1.0018800273346473
562,23,202.29748975923286
562,24,5.977024831019182
562,27,37.22611923513349
562,29,5.996459391019683
562,2,15.532359709120897
562,6,77.8879769915114
562,7,0.9929498699611976
562,8,5.081458694904857
563,10,1.005772960351833
563,12,1.0006312622003284
563,14,202.81144044809122
563,17,0.9894793448647938
563,18,202.29793634872345
563,21,126.58403844708374
563,22,5.991105952143361
563,23,77.8857712136614
563,24,5.977465237853542
563,27,14.333095268893954
563,29,5.996573444819114
563,2,5.990108785081896
563,6,126.58117605878853
563,7,0.992857982627255
563,8,6.001233996946532
564,10,5.067514636054896
564,12,1.000447242772923
564,14,202.8110160986808
564,17,0.9892183006261872
564,18,202.2983526631211
564,21,126.5841277566049
564,22,127.16294952297116
564,23,1.0038149558385472
564,24,5.056093894516758
564,27,16.936517232318597
564,29,5.9962143050611
564,2,1.0018387141171043
564,6,77.88792670126986
564,7,0.9930946454093208
564,8,1.0038423140094457
565,10,5.9860726342292425
565,12,1.0006421320719108
565,14,202.81141354085744
565,17,0.9893078577635404
565,18,1.0021001239299538
565,21,6.000226316834328
565,22,202.80565282562117
565,23,1.003990941778481
565,24,1.0057023867273447
565,27,5.999932895636453
565,29,5.9965312102296435
565,2,1.0019111060466441
565,6,77.88735737274115
565,7,5.9944278336443215
565,8,127.15351052897972
566,10,5.985491863208077
566,12,1.0002379380037745
566,14,202.81099818944307
566,17,0.9893864809328612
566,18,1.001885788859762
566,21,1.0011518716539065
566,22,5.991448499203859
566,23,77.88550385669713
566,24,5.97792135876836
566,27,1.0029671633260797
566,29,126.58225178446725
566,2,1.001488220964161
566,6,126.58836343542977
566,7,0.993112694819251
566,8,1.0033074329591383
567,10,15.507352138201991
567,12,1.0004007935488257
567,14,202.81141062529707
567,17,0.9892070944010749
567,18,1.0020676884103965
567,21,1.0009568763190915
567,22,5.991463048974106
567,23,126.58809489685706
567,24,127.16125844790525
567,27,1.00267676055637
567,29,5.995744717777122
567,2,5.99022885233176
567,6,202.29938130891654
567,7,0.9930070938657583
567,8,1.0030383954425615
568,10,5.985885343900244
568,12,78.08490911254847
568,14,78.08269902949299
568,17,0.9893882740678439
568,18,1.000836220866569
568,21,1.0011517198865265
568,22,1.0019966778546907
568,23,175.40621586013268
568,24,202.8063425676283
568,27,6.000186075705404
568,29,5.995271350485067
568,2,5.989668265143855
568,6,202.29921793085032
568,7,0.9931064219049937
568,8,1.0034334184910154
569,10,1.0013673408657384
569,12,202.8095760682367
569,14,1.0020211075982486
569,17,0.9892719811996376
569,18,77.88562238946297
569,21,1.0008054199300611
569,22,1.1860882602557457
569,23,202.29856779910645
569,24,127.16126909861684
569,27,37.221165017596576
569,29,5.995791824765455
569,2,5.990235852105202
569,6,202.29932164232238
569,7,5.998762784596533
569,8,1.0036744162961329
570,10,1.001184194972784
570,12,202.80924781373582
570,14,1.0013048288104462
570,17,0.9894004785078163
570,18,202.29902477588095
570,21,1.001134148528747
570,22,1.0019773599081194
570,23,202.29839020407357
570,24,127.16117628820707
570,27,6.00295210542984
570,29,5.995782470513275
570,2,5.98968833285092
570,6,202.2993460365756
570,7,5.999166361970306
570,8,5.995520015817182
571,10,1.0013671576070546
571,12,202.80956879589274
571,14,1.0019865221072584
571,17,0.9892602769320504
571,18,202.2985978393992
571,21,1.0006167846205747
571,22,1.0013911183979713
571,23,202.29850413995874
571,24,6.005753330630025
571,27,6.0029167464276325
571,29,1.0013016595973632
571,2,5.990197292102176
571,6,77.88461990125589
571,7,2.5622668717288235
571,8,1.0057625997854558
572,10,1.0012432289936033
572,12,202.80922341478146
572,14,1.0020890204499846
572,17,0.9893331971990147
572,18,202.29904918251756
572,21,1.0011160182390526
572,22,1.0016863335851527
572,23,77.88561322366044
572,24,48.954531865035754
572,27,6.002977586572751
572,29,1.001379904108405
572,2,15.529987066299537
572,6,1.0052981855751684
572,7,0.9942840647007269
572,8,5.070269505270929
573,10,1.0013663440403135
573,12,202.80952528217068
573,14,92.25310333537666
573,17,0.9889993762973663
573,18,202.29865629788694
573,21,1.0006475015516436
573,22,5.991473860651238
573,23,1.005759330292019
573,24,48.95505724076516
573,27,202.80550730697817
573,29,1.000863706590719
573,2,5.993084919039811
573,6,5.998939633780639
573,7,0.9943411174067096
573,8,6.000363683545828
574,10,5.98599522731448
574,12,202.80953507267907
574,14,78.08313689375134
574,17,0.989343814011252
574,18,171.22468974745524
574,21,2.3003032917993025
574,22,5.991315634344664
574,23,5.998757217817859
574,24,6.007019427392764
574,27,6.000054653273969
574,29,5.9943710404385095
574,2,15.529922384773865
574,6,202.2983604126983
574,7,5.9944481178572
574,8,6.000052324729681
575,10,5.986010753169939
575,12,78.08516055146973
575,14,202.81186524514564
575,17,0.9893267806412931
575,18,202.29867532983346
575,21,1.00114856981825
575,22,15.531909312416934
575,23,1.0017968388505443
575,24,6.011083875746101
575,27,6.000021422250943
575,29,5.994183550290343
575,2,5.990229554063234
575,6,202.2982833511318
575,7,0.9931298298177254
575,8,48.953983547084974
576,10,15.503140427123213
576,12,6.004138201026575
576,14,202.81188882913094
576,17,0.9893001473266736
576,18,202.29903418732374
576,21,1.0008786524607665
576,22,5.991119722642841
576,23,1.0016153710491675
576,24,145.33979587074955
576,27,1.001835190417645
576,29,1.0028846672831726
576,2,5.9901495063515195
576,6,202.29798027852493
576,7,0.9930056272662604
576,8,48.95416502883576
577,10,5.986129121426241
577,12,6.004228725411972
577,14,202.81182841597501
577,17,0.9892296554364881
577,18,202.29869627563494
577,21,5.991318795666252
577,22,5.991049933207519
577,23,1.0018094109086402
577,24,123.02256963346298
577,27,1.001415186386584
577,29,1.002850485260013
577,2,1.0026630684907802
577,6,202.29831592734968
577,7,0.9930701924768481
577,8,127.15355654231377
578,10,1.0053378149084455
578,12,202.80683212178744
578,14,202.81193584890372
578,17,0.9893443352376297
578,18,202.2989802164254
578,21,5.99118524471253
578,22,7.077383269088051
578,23,77.87904449402974
578,24,145.3358368499452
578,27,1.0018288406203117
578,29,1.0030163326972579
578,2,1.002741995850971
578,6,6.000106369421274
578,7,0.9930052472085773
578,8,48.954188667255764
579,10,5.986168120166006
579,12,5.969269278472783
579,14,202.8118735439035
579,17,0.989277593090601
579,18,202.299069625401
579,21,1.0002378493210653
579,22,5.99146977323756
579,23,1.0017959582910478
579,24,1.0053238333134784
579,27,1.0012799515715765
579,29,5.994414449019365
579,2,5.987346846557629
579,6,6.000090962089915
579,7,0.993080230258168
579,8,1.0038947844326165
580,10,15.505890706706865
580,12,1.0008131358367534
580,14,78.08956748097258
580,17,0.9893365212927376
580,18,77.88651741262231
580,21,1.0002330433246973
580,22,1.0057200931089776
580,23,1.0016529025716032
580,24,55.949287605914186
580,27,14.332581717617995
580,29,5.994614761649066
580,2,1.0024726139774334
580,6,1.0009137636856353
580,7,0.9930016445613514
580,8,1.0040177118059619
581,10,202.29489596349788
581,12,1.0012402163414684
581,14,202.81189521672982
581,17,0.9892611100376563
581,18,6.006404915443669
581,21,1.0002580235079233
581,22,5.06939432973309
581,23,1.0017716942818327
581,24,47.35105199376405
581,27,127.16244707319927
581,29,5.072272646584399
581,2,1.0027513264096406
581,6,1.0008202496568197
581,7,0.9927736036223216
581,8,48.953368342677834
582,10,5.986087122714162
582,12,1.0010186547271847
582,14,202.8119421557759
582,17,0.9894060620724936
582,18,77.88610314663077
582,21,1.000343054195712
582,22,5.990716962567136
582,23,1.0012407965622794
582,24,55.94920640760778
582,27,127.16384865514668
582,29,1.005736770246643
582,2,1.002324363348885
582,6,1.0009283396748652
582,7,0.9931043885025002
582,8,239.4066055868911
583,10,1.0018363930403327
583,12,1.001243134541002
583,14,202.81180257058858
583,17,0.9893099042238553
583,18,77.88668019491311
583,21,1.0002272586295557
583,22,5.990753931297336
583,23,5.9940337632193
583,24,1.0017046687656643
583,27,202.8059824393317
583,29,5.9956994631492515
583,2,5.988142717963344
583,6,1.000627409947004
583,7,2.5572573991814096
583,8,239.40669562041577
584,10,1.0017276602281635
584,12,1.001107513139198
584,14,202.81194585383906
584,17,0.9893247224597657
584,18,77.8866511517345
584,21,1.0002377181780062
584,22,1.0025073609658612
584,23,1.0017779396914124
584,24,1.0014879732250677
584,27,202.8064622262583
584,29,6.00304481437948
584,2,1.004920407667674
584,6,1.0008887828473405
584,7,2.5574258520354975
584,8,239.40719797287562
585,10,1.00196048942552
585,12,5.966448541949078
585,14,202.8118511698938
585,17,0.9891980896143746
585,18,202.29875496610157
585,21,1.1825821771993432
585,22,1.0024267760293029
585,23,1.00164515864632
585,24,6.000512866441975
585,27,14.332592775651763
585,29,15.576774237344468
585,2,5.987644188722354
585,6,1.0004963004749596
585,7,0.9935499160493348
585,8,239.40663582784512
586,10,5.983239047762012
586,12,1.0011599318594167
586,14,171.65966803637326
586,17,0.9892606674484332
586,18,202.29917880505718
586,21,1.0002868875502724
586,22,1.0024791776042568
586,23,1.0017596467747314
586,24,55.947418994323485
586,27,14.332311861624095
586,29,44.34924612802373
586,2,1.0025588494170394
586,6,202.29683849112078
586,7,0.9936317374765693
586,8,239.40662684467094
587,10,1.0020125646326878
587,12,1.0012645846275907
587,14,202.8119340935428
587,17,0.989390557549223
587,18,202.29905610109114
587,21,5.9930269341047175
587,22,5.991328564193839
587,23,77.8854132531912
587,24,6.002439864477196
587,27,6.003056172152192
587,29,6.002601921301896
587,2,1.0024744831135326
587,6,1.0006110243692055
587,7,2.5593690730169927
587,8,92.17357067752339
588,10,1.0008529430153335
588,12,5.96776104585581
588,14,628.7380522695006
588,17,2.540342133767595
588,18,202.2991354759141
588,21,5.9932535966384854
588,22,5.991444596370664
588,23,202.29891288333607
588,24,145.32856473486393
588,27,6.003095415814469
588,29,6.002470725985752
588,2,5.989817098741756
588,6,1.0009146628005414
588,7,5.993459324238865
588,8,92.17337211891153
589,10,15.503542350899057
589,12,5.967848288627068
589,14,78.0899944234958
589,17,2.1463626458974217
589,18,202.29906796571618
589,21,5.993074464492961
589,22,7.078635283321064
589,23,202.29889018720317
589,24,202.8049404567424
589,27,37.22462454400814
589,29,5.997762060002201
589,2,126.62621653982791
589,6,1.0008740582093099
589,7,2.559456910958179
589,8,6.0063256884613185
590,10,5.985631291618149
590,12,5.967825305482599
590,14,78.09012785630762
590,17,0.9921076764608596
590,18,202.29906752591486
590,21,5.993123737247427
590,22,5.991401542955257
590,23,202.29883388940104
590,24,145.32849762824415
590,27,37.22477268449988
590,29,7.091391017700487
590,2,202.29990536939968
590,6,1.1842620473564978
590,7,0.9938615922517897
590,8,92.17339039437621
591,10,5.064898104085423
591,12,1.001206716574293
591,14,145.36528403543124
591,17,2.1502221150838334
591,18,202.2991850172485
591,21,5.993095240535511
591,22,5.991476287390992
591,23,77.8872188567855
591,24,5.999986492296789
591,27,1.0037494309821344
591,29,5.997753155432652
591,2,126.62619785179075
591,6,1.0009291239468263
591,7,0.9935165641849117
591,8,202.81035324255325
592,10,5.985618334187157
592,12,1.00124756944526
592,14,78.08568342098675
592,17,470.35260098121
592,18,77.8853649450279
592,21,2.3070690002062815
592,22,5.991348972997225
592,23,77.88721892338184
592,24,5.998838741548643
592,27,5.996216080417081
592,29,5.99770233528157
592,2,126.62609290946354
592,6,5.999959841137169
592,7,2.555973130388086
592,8,92.1785019802411
593,10,1.0055587301789828
593,12,1.0009011695212022
593,14,78.08343136640356
593,17,202.8098899878429
593,18,1.0031567636171639
593,21,1.0057818806746504
593,22,5.991455570120093
593,23,77.88724660936045
593,24,1.0029903809288703
593,27,202.80606351458158
593,29,15.56194050420552
593,2,5.981148357584952
593,6,6.000212600636433
593,7,0.9938810827065794
593,8,202.81056436987245
594,10,5.984212465510333
594,12,1.0012219648481766
594,14,1.0023633648231058
594,17,202.8098268130395
594,18,6.000173835894363
594,21,2.3068397562304774
594,22,202.8111044161767
594,23,202.296598559866
594,24,5.999979984003019
594,27,5.996574874576419
594,29,126.58856605449924
594,2,1.003155735116156
594,6,202.29878060415342
594,7,0.9939237847728934
594,8,202.81168198860288
595,10,28.35877453365427
595,12,5.967437104314551
595,14,1.0022287647828492
595,17,202.80989830216254
595,18,77.88570349466399
595,21,2.3070001919967
595,22,202.81112802525575
595,23,6.003240591791817
595,24,55.953529276788245
595,27,0.9940313013052515
595,29,202.29877988178376
595,2,1.0029528113106538
595,6,202.2988752644322
595,7,0.9938916496352528
595,8,202.81165115417332
596,10,24.001129760843842
596,12,5.967542206198377
596,14,1.0021812848492129
596,17,5.999945159475374
596,18,202.29838298942448
596,21,2.307042371442683
596,22,239.61760800390167
596,23,1.0057616662302786
596,24,202.80591084973778
596,27,0.9940802749151327
596,29,5.995807900365455
596,2,5.987381591603224
596,6,202.2986952258488
596,7,5.9943397425793625
596,8,239.43266899302023
597,10,28.35863990070575
597,12,5.967639835977075
597,14,150.2717038792833
597,17,1.00309659096422
597,18,77.8861497952363
597,21,5.99266148502076
597,22,202.81082808872844
597,23,6.002910151032514
597,24,145.33190489089506
597,27,0.9940098826183057
597,29,5.9956755590622794
597,2,5.981303098253739
597,6,202.29886383884144
597,7,2.5520304408797534
597,8,202.73797220823243
598,10,28.36057957329181
598,12,1.0044885887688615
598,14,127.17513957025123
598,17,1.00279262116835
598,18,1.0054278537728463
598,21,2.3066296923659895
598,22,239.61759408553607
598,23,77.88575223285946
598,24,127.16342896203611
598,27,0.9940805324941806
598,29,1.0006123889305716
598,2,5.981190914877081
598,6,77.892102530102
598,7,3.0046272748931564
598,8,239.40873633541318
599,10,202.29445501192703
599,12,5.967644992050881
599,14,202.80915574382993
599,17,1.0028733208751976
599,18,77.8861420152085
599,21,1.0027492490494918
599,22,202.81082798874195
599,23,202.29774472848624
599,24,6.0062591640806176
599,27,1.176923741242696
599,29,1.0000967657496096
599,2,5.060802352603239
599,6,202.29881267565955
599,7,0.9932252903044239
599,8,4531.330023412153
600,10,10.919855032397106
600,12,5.046238683557861
600,14,6.001102157505258
600,17,202.80999572541262
600,18,77.88613625838946
600,21,2.3025124616333796
600,22,239.61751593206728
600,23,202.29800798835214
600,24,145.33180072060298
600,27,0.9940800833800676
600,29,1.0005513319021526
600,2,5.06061204545478
600,6,126.5944647604327
600,7,2.556248529587858
600,8,230.11698324641642
601,10,1.002890935081295
601,12,1.005759097811878
601,14,6.000993536700211
601,17,202.8100027965022
601,18,202.29890363067244
601,21,1.9442463531492153
601,22,202.81120625322805
601,23,77.88589488736984
601,24,55.95392713164672
601,27,0.9939874948240437
601,29,1.000613318388612
601,2,5.981155205328537
601,6,202.2989057896137
601,7,0.9932538175912278
601,8,114.069772230114
602,10,1.1881636910363254
602,12,5.046026339619318
602,14,1.0057667290427048
602,17,202.81004407377193
602,18,202.2989748910958
602,21,126.58690094389337
602,22,78.08344180424915
602,23,1.0023162627014255
602,24,1.0044379247054076
602,27,0.9940796705601853
602,29,15.556191012780426
602,2,202.29542640998568
602,6,202.2989128201758
602,7,0.9931348422818935
602,8,127.16335582532402
603,10,1.00292368095836
603,12,5.969309841826743
603,14,6.00097766132547
603,17,78.08834831534145
603,18,15.006252569816859
603,21,126.58696562397795
603,22,1.0038129373356357
603,23,1.186444168171672
603,24,1.1911128889725102
603,27,0.9941071973133297
603,29,5.996421324152435
603,2,15.482871623131174
603,6,202.29872000068485
603,7,0.9932556468930107
603,8,5.979261585542056
604,10,5.996947249527314
604,12,5.969247026227271
604,14,6.001159842157816
604,17,127.16310535734014
604,18,77.88285076674312
604,21,5.994032084587633
604,22,1.1907730072075946
604,23,1.002221587026658
604,24,1.0049545561374469
604,27,0.994075047727601
604,29,5.996533956301345
604,2,5.982100366346481
604,6,202.29891179248852
604,7,0.9931212262170348
604,8,1.001840073711346
605,10,5.997173523753049
605,12,5.969129877368288
605,14,78.08253042992119
605,17,78.08842464801339
605,18,77.8827861924697
605,21,1.0057800768602858
605,22,1.0036707262035707
605,23,6.000243887854433
605,24,5.999511151314019
605,27,2.558227220964704
605,29,5.996587576743932
605,2,5.982253111195435
605,6,77.8858228397535
605,7,0.993255812754807
605,8,1.0018736126139371
606,10,1.0057590391441655
606,12,5.969203538467718
606,14,202.81033841053357
606,17,202.80770653293803
606,18,6.000040458478622
606,21,2.7407630548544244
606,22,6.000316374594094
606,23,77.88594372993718
606,24,55.951899249404576
606,27,0.9941582874921586
606,29,5.996478550278074
606,2,5.982196874777879
606,6,6.001510205364057
606,7,0.9932260249638372
606,8,1.0018066618003596
607,10,126.58809786731526
607,12,202.80957808578765
607,14,78.08966626308425
607,17,78.08219104374022
607,18,6.000216812504547
607,21,2.3120249475021746
607,22,78.08340460886225
607,23,77.88577981950863
607,24,55.952018518111785
607,27,0.9940532168134393
607,29,5.998835260057018
607,2,15.476400510312939
607,6,1.0057561866683082
607,7,0.9932454169047595
607,8,1.001883535352495
608,10,202.29890855749238
608,12,78.08682965565508
608,14,202.81194781544428
608,17,6.000384909257614
608,18,6.0002895618280645
608,21,2.74081239568765
608,22,127.16094800500309
608,23,202.297373397511
608,24,1.002298430930364
608,27,0.994089210144506
608,29,195.48405304699673
608,2,5.982194271838652
608,6,6.001573527007812
608,7,0.9931976060535801
608,8,5.97829939049073
609,10,202.2988058638111
609,12,127.15713940796118
609,14,202.812035506054
609,17,1.0057721579270753
609,18,1.0018411274751298
609,21,2.740815780166572
609,22,6.00436397199383
609,23,202.29746606595103
609,24,202.81048897653412
609,27,0.9940751742487217
609,29,195.47700379131052
609,2,5.982211939931741
609,6,77.88558922069447
609,7,0.9933024768851766
609,8,5.9783169312385205
610,10,202.29887851666942
610,12,1.003368947753346
610,14,18627.440721704814
610,17,5.999887883832363
610,18,5.994223668607589
610,21,2.3120007580126334
610,22,6.004340800444507
610,23,6.0016707703297865
610,24,14.990118535352714
610,27,2.5590931228118823
610,29,5.995754636516624
610,2,5.982209153265064
610,6,77.88555706357594
610,7,6.001218703094516
610,8,1.001472515890998
611,10,202.29878774663402
611,12,1.0029099701650779
611,14,15766.266340827964
611,17,5.999799614363715
611,18,1.1863662181022354
611,21,1.0058093991650097
611,22,78.08338139014967
611,23,6.001618704288957
611,24,202.8105622966687
611,27,0.994170019104029
611,29,5.995721888765511
611,2,5.982206984050795
611,6,65.92128749002464
611,7,5.080032374080003
611,8,1.001428347793178
612,10,202.29887473371647
612,12,1.0037029907300123
612,14,18627.440722465828
612,17,1.0057221106514866
612,18,1.0017307078049589
612,21,5.9939445444970385
612,22,202.80831725620718
612,23,6.001744489727004
612,24,202.81055814795354
612,27,0.9941906038175645
612,29,1.0013888631392511
612,2,15.477381926401808
612,6,202.29882013298166
612,7,6.001095948180549
612,8,1.0014964980817123
613,10,202.29877738498928
613,12,150.23672649955148
613,14,202.81206252306285
613,17,6.000125254792537
613,18,77.8857883854788
613,21,5.99393784217708
613,22,6.000053414214102
613,23,6.001620794441494
613,24,202.81044436483225
613,27,0.994127458302513
613,29,1.0012088064761135
613,2,1.0057785002858823
613,6,171.2237045155774
613,7,6.001126428580236
613,8,5.977617840165822
614,10,77.88540850052344
614,12,127.16166449281852
614,14,78.08776697118313
614,17,78.08193175889171
614,18,126.847023200314
614,21,202.29551977253863
614,22,6.000080266876585
614,23,77.88215599068481
614,24,202.81049004576843
614,27,0.9941930663887977
614,29,1.0007665894751865
614,2,5.980403771444431
614,6,202.298824045553
614,7,202.52553478609693
614,8,5.977681027205676
615,10,77.88523857237007
615,12,127.16166934401053
615,14,78.08780732452304
615,17,78.08188469657674
615,18,202.29849848860553
615,21,38.85382402339834
615,22,6.000126145295378
615,23,1.005727683535314
615,24,202.81050721433914
615,27,2.560342498870841
615,29,14.993885745616758
615,2,5.980294064672894
615,6,202.29885197371988
615,7,6.001125364960738
615,8,1.0019523950981366
616,10,1.0027615477768084
616,12,127.16168970054898
616,14,202.8113865402942
616,17,127.15735468835554
616,18,202.29848059112726
616,21,1.0092466385449637
616,22,7.088269711515721
616,23,6.001969339513126
616,24,6.006268371811319
616,27,0.993595438029157
616,29,5.995013942630248
616,2,1.000673509886929
616,6,202.29881024509152
616,7,6.0010949944009155
616,8,1.0019961545263474
617,10,1.0024469542648031
617,12,202.80788420025377
617,14,202.8113596138271
617,17,6.004324816808351
617,18,6.000265300894187
617,21,5.9939795194923615
617,22,1.0057015706134322
617,23,6.0016583256807206
617,24,21.99096413124483
617,27,0.9934338923483761
617,29,5.995057322601477
617,2,1.0006662372910506
617,6,77.88886079639893
617,7,2.315183004981022
617,8,1.1862006704719743
618,10,1.0027624876415313
618,12,78.08172655739939
618,14,202.81129846414245
618,17,6.0042825574277545
618,18,1.005763634644186
618,21,202.29509391466655
618,22,127.15826710344636
618,23,202.29943053746584
618,24,1.00899732271803
618,27,0.9935920739560755
618,29,1.0023132005142772
618,2,1.0005328172071417
618,6,77.88890013639819
618,7,2.315104147918671
618,8,1.001589033785418
619,10,5.999545411101983
619,12,78.08176228556684
619,14,202.81139259244387
619,17,78.07590658886234
619,18,6.000361732797216
619,21,5.993919600103757
619,22,6.004165846431347
619,23,202.29943671712346
619,24,6.004230219093694
619,27,0.9934517184385161
619,29,5.995524891712693
619,2,1.0007075825954024
619,6,202.29824665151156
619,7,5.998298792430733
619,8,5.979658127964164
620,10,5.077198223523206
620,12,6.001811735452944
620,14,1.002853374081834
620,17,6.004331415386924
620,18,1.0057754708472313
620,21,2.307650968358902
620,22,78.08339032009108
620,23,1090.0740939441305
620,24,78.08282705008706
620,27,0.9935933317962995
620,29,5.995782516578177
620,2,5.980184772413098
620,6,77.88412832857986
620,7,2.3113088216249054
620,8,5.979776903540327
621,10,77.88644731500442
621,12,6.002129512548434
621,14,1.0029094914385972
621,17,1.0057611284810166
621,18,77.885738948339
621,21,2.3076157303820874
621,22,202.8099446550986
621,23,202.29946267972946
621,24,202.8097557223411
621,27,0.9934771276466297
621,29,7.088414164957781
621,2,5.059915100473817
621,6,92.0159407235506
621,7,1.0014901598806096
621,8,5.979662572617814
622,10,159.24558315723246
622,12,202.80913723970176
622,14,6.022403706370454
622,17,202.80977293575125
622,18,77.88567565274701
622,21,1.0057982984619889
622,22,202.8099285662305
622,23,202.29940768912152
622,24,1.0035173315955666
622,27,0.9934480236555832
622,29,5.996853676372112
622,2,5.980232336928621
622,6,1.0057645140125713
622,7,1.001279427105727
622,8,5.072543306503906
623,10,1.0066800896559132
623,12,202.80913364942282
623,14,5.101520917431811
623,17,202.80982925395662
623,18,202.29776039380684
623,21,2.3076107384963187
623,22,202.80995038966375
623,23,77.88573955898916
623,24,1.003440272189871
623,27,0.9935944932697192
623,29,5.996833843567979
623,2,1.0057790475417532
623,6,6.000835499281575
623,7,1.0013716357618865
623,8,5.9796241023893035
624,10,6.002436660349269
624,12,202.80911972550598
624,14,202.8068049267256
624,17,202.80976227005172
624,18,202.2977829315179
624,21,5.991547092827983
624,22,78.08333860844566
624,23,77.88564586525005
624,24,6.0002942657107505
624,27,0.9934174418290453
624,29,6.000009503420375
624,2,5.980248038652574
624,6,6.000638425650068
624,7,2.31157570073478
624,8,5.979779753195298
625,10,77.88557336652825
625,12,78.0851068866055
625,14,15.70265195051483
625,17,202.80975588077197
625,18,6.002360645651461
625,21,1.001307269460467
625,22,6.003804600457482
625,23,1.0016446858144041
625,24,127.16266478955616
625,27,0.9934452090109644
625,29,324.9720469386209
625,2,1.005778420809147
625,6,6.000639898349164
625,7,6.000146078240045
625,8,5.979745206015454
626,10,202.30049425870408
626,12,6.0064461381210545
626,14,6.000567990602757
626,17,78.08222277027687
626,18,77.88560730243675
626,21,1.0013287900359744
626,22,1.0057663896965332
626,23,1.001749978580989
626,24,202.80809866367179
626,27,0.9934867499341893
626,29,275.05200172892836
626,2,5.980218362099841
626,6,5.078775434573894
626,7,202.52457141747405
626,8,1.0029220838618
627,10,202.30067989256554
627,12,78.08491619728393
627,14,0.9642001286495958
627,17,1.0025700068891625
627,18,202.29912711909475
627,21,1.0012826768666905
627,22,6.003643512612413
627,23,1.0015733951076982
627,24,127.16269601959743
627,27,0.9935136273862941
627,29,8671.45717882257
627,2,1.0057801894267664
627,6,6.00048579641013
627,7,6.000155647055193
627,8,1.0025906199179477
628,10,605.8986633054146
628,12,202.80766011443467
628,14,1.0720905592560026
628,17,6.001061471542496
628,18,202.29903575693373
628,21,2.3034607479150138
628,22,78.07857395688745
628,23,6.000275272209711
628,24,78.08626884382828
628,27,0.993441614411565
628,29,202.3000537617439
628,2,7.062781333438709
628,6,5.994541054515281
628,7,2.3123611596371907
628,8,1.002752047167431
629,10,233.27993165450462
629,12,78.08642297640118
629,14,0.9642707100582708
629,17,202.80771795597408
629,18,202.29913452148907
629,21,2.303448884295012
629,22,78.07850558097576
629,23,6.000162964591113
629,24,6.01166008937407
629,27,0.9934527902516201
629,29,202.29999014374647
629,2,5.980419612815986
629,6,202.29459892302523
629,7,2.3122610712680665
629,8,5.979170555904253
630,10,605.8985627973435
630,12,78.08641320741059
630,14,1.072112477530485
630,17,6.000656451342135
630,18,202.29910528265296
630,21,2.3035554866200307
630,22,6.006476696030704
630,23,77.88586504590128
630,24,320.8800193856428
630,27,0.9934820794172463
630,29,77.88798557736956
630,2,5.980455134584589
630,6,120.99844634321153
630,7,2.312313909917507
630,8,202.81592894201094
631,10,202.30647696748784
631,12,214.21926747067562
631,14,0.9641458433166585
631,17,6.000710003327308
631,18,202.2991379600585
631,21,1.0057912948973513
631,22,66.08177802108716
631,23,77.8858220289651
631,24,202.81223762536442
631,27,0.9933383218451368
631,29,202.29838880627335
631,2,126.5871878136694
631,6,1.0052501249146957
631,7,2.312332147277411
631,8,202.81596833883313
632,10,233.27400286318
632,12,214.21981973168351
632,14,0.9639964820667402
632,17,1.0057767394994128
632,18,202.29908453201853
632,21,2.303510544338071
632,22,202.80829155630997
632,23,202.29878888462136
632,24,239.62248602337195
632,27,0.9934505404926277
632,29,202.29831511743163
632,2,126.58704370420587
632,6,77.8797033290315
632,7,1.0058043982750196
632,8,202.81597414997702
633,10,233.27409649025452
633,12,214.21980587286444
633,14,1.0720798774040823
633,17,6.000650068859386
633,18,202.2991508827793
633,21,1.0058051195676647
633,22,127.16650381005215
633,23,202.29876980765442
633,24,127.16970278584571
633,27,0.9935931724696676
633,29,1.0057664021776036
633,2,126.58703955401957
633,6,1.005280656557857
633,7,2.312211121312145
633,8,1.0014896104067104
634,10,605.901917040656
634,12,181.30683411462357
634,14,1.0720861539454702
634,17,6.000684200296521
634,18,202.29906748048268
634,21,5.992735368578693
634,22,202.81092235738893
634,23,6.002549889161498
634,24,202.8105741861909
634,27,0.9934463506153186
634,29,6.006417677083968
634,2,6.001910674872526
634,6,202.29970512077503
634,7,5.999197191513659
634,8,78.08603634331743
635,10,605.9019141178027
635,12,202.81190425571182
635,14,0.9642719760812382
635,17,6.000731117827714
635,18,77.88550009175253
635,21,5.992710518387057
635,22,202.8108056895759
635,23,6.003106842210132
635,24,202.81052650502403
635,27,0.9934793594972051
635,29,126.58406886041547
635,2,1.005762878467782
635,6,202.29971371327585
635,7,5.999262030265012
635,8,127.15764919315774
636,10,233.28243283107375
636,12,214.2156264909031
636,14,1.072093244786144
636,17,1.0057662203993987
636,18,6.000236944136632
636,21,5.992629811121487
636,22,202.81096162555366
636,23,6.002679930718333
636,24,202.810614388794
636,27,0.9934499073495147
636,29,126.58399863329795
636,2,6.001927852047311
636,6,235.14995302982518
636,7,1.005765290406174
636,8,78.08894203695348
637,10,605.9060588987215
637,12,82.47641330338567
637,14,1.0720593001548817
637,17,6.000438234038533
637,18,1.001420551990372
637,21,1.0004034366178853
637,22,202.81086293500675
637,23,77.8857060577757
637,24,78.08897079685931
637,27,0.9934749058920627
637,29,107.13766667238737
637,2,6.001964867797449
637,6,202.29966063666237
637,7,2.314555218345861
637,8,78.08891984892237
638,10,512.85038994382
638,12,202.8118987033435
638,14,1.0721323372908236
638,17,526.6070765321708
638,18,1.1835441374227518
638,21,1.0004524826253256
638,22,202.8109574867977
638,23,202.29952567978566
638,24,127.16391664010163
638,27,0.9934315382496255
638,29,77.89205910394638
638,2,202.29959307286288
638,6,202.29966524823195
638,7,6.000660838763963
638,8,78.0892568696338
639,10,605.9060541208103
639,12,181.30682388203545
639,14,0.9643984521036275
639,17,202.78082258449376
639,18,1.0012129020754434
639,21,2.304116729174015
639,22,202.81083703634903
639,23,7463.4713179574765
639,24,202.81023930109976
639,27,0.9934793736141128
639,29,202.29867274372964
639,2,202.29961805463626
639,6,202.29966311299282
639,7,6.000765916922296
639,8,92.26161573795581
640,10,369.5603586067865
640,12,214.2197270785185
640,14,1.0718882699718986
640,17,202.78088676548435
640,18,1.1834989900839723
640,21,2.304141845624657
640,22,202.81097411953337
640,23,202.29950319551503
640,24,202.81029949705388
640,27,0.9934220435552525
640,29,202.2987064533971
640,2,202.29962383038517
640,6,6.002385305851078
640,7,5.079058114257892
640,8,78.0889621111346
641,10,605.9030622447904
641,12,202.81180098901766
641,14,1.0720483961958394
641,17,202.78080498456487
641,18,1.0012108209070991
641,21,5.99107449154309
641,22,202.81078626872153
641,23,202.29953119690552
641,24,202.81023394131736
641,27,0.993592036726481
641,29,77.89107061601393
641,2,202.2995913477113
641,6,6.00247924573751
641,7,1.005846336826541
641,8,202.8161516890941
642,10,605.9029755188689
642,12,202.81176025536973
642,14,0.9639909657778318
642,17,621.8922272895038
642,18,5.998811220537262
642,21,2.304218887651814
642,22,202.81088961540465
642,23,1.0058654647232075
642,24,202.81026721169272
642,27,0.9934561241469737
642,29,6.006426124630555
642,2,77.89095190998061
642,6,1.0351439749246323
642,7,6.001159426239882
642,8,202.81615424796937
643,10,6465.096169214589
643,12,82.47788536512456
643,14,1.3658843769593485
643,17,526.5026985793766
643,18,1.0058250564720295
643,21,1.0058224544410983
643,22,202.81087442845273
643,23,6.00242186849079
643,24,202.81026579014662
643,27,0.9935915661053354
643,29,202.29748201321195
643,2,202.30003310592323
643,6,25.06232025378788
643,7,6.007137715988593
643,8,202.81612671768508
644,10,605.9030052310734
644,12,82.47785140452103
644,14,1.0473951734891145
644,17,6845.744973552068
644,18,5.9987763396863585
644,21,2.3041758727870842
644,22,202.81098733178322
644,23,6.0025109622874435
644,24,78.0890649374204
644,27,2.5612522210706423
644,29,6.00373657501477
644,2,202.30005949675814
644,6,6.024449526517514
644,7,231.07129113867563
644,8,202.81611382211508
645,10,605.9030941893687
645,12,82.47790221501141
645,14,1.0473373455827648
645,17,526.6151663560668
645,18,5.998813733486998
645,21,1.005821226268381
645,22,202.81091489978553
645,23,6.0024461905738224
645,24,202.8102988968902
645,27,0.9962543484490016
645,29,202.29929193404598
645,2,3169.211279651314
645,6,7.120476369270422
645,7,6.007193335414099
645,8,202.81621413144728
646,10,6.006704603385339
646,12,214.2135728609318
646,14,1.0469699896288933
646,17,6845.744996706164
646,18,5.998789418579097
646,21,2.3041751069231005
646,22,127.1697125552256
646,23,134.5134794314423
646,24,202.81027755853924
646,27,2.5612508199511392
646,29,202.29926114977826
646,2,202.2999752014985
646,6,6.012772019658081
646,7,1.958934381321595
646,8,202.81613089065235
647,10,202.29019987350836
647,12,210.57975799242323
647,14,2.7091722535765648
647,17,526.6152119306389
647,18,1.0057050201896223
647,21,1.0058067693631578
647,22,202.81093153814635
647,23,287.86337549955294
647,24,6.0003692950581
647,27,2.5613014827395304
647,29,202.2991903613602
647,2,202.29997531356136
647,6,77.88303940037679
647,7,2.3123065837067784
647,8,202.81620515541607
648,10,6.002392021214935
648,12,5.999862914416986
648,14,1.0454730660841811
648,17,6845.744914793684
648,18,77.8855278721299
648,21,2.304180336030875
648,22,202.81097330217344
648,23,126.58902766195172
648,24,1.0013232841921722
648,27,0.9937812556541559
648,29,202.29924411084644
648,2,171.22607545285334
648,6,65.91967360550922
648,7,1.001266989504182
648,8,202.81616440985957
649,10,6.002401185047773
649,12,6.000391870260321
649,14,0.976099618238897
649,17,526.6089527371425
649,18,77.88569473716778
649,21,1.9494008162781116
649,22,202.81092819437902
649,23,6.004084131865181
649,24,1.0013783750812681
649,27,0.9938036159435395
649,29,6.005305378866485
649,2,202.29991558096458
649,6,77.8827539426231
649,7,1.0012971430356625
649,8,202.8162162712956
650,10,6.00242066835772
650,12,1.0008688786226978
650,14,1.0861314122176413
650,17,526.6089015152997
650,18,202.2981631142978
650,21,2.304154529067704
650,22,202.81096878066288
650,23,202.29760998728386
650,24,202.81052091952145
650,27,0.9937556268638303
650,29,1.0058014822633945
650,2,77.8859229165168
650,6,77.8830278956401
650,7,2.3052918048610476
650,8,202.81616722300882
651,10,202.2886280264012
651,12,1.1836552309045025
651,14,0.9760982959653122
651,17,202.77891186202183
651,18,126.84746157371652
651,21,1.0013820464204484
651,22,202.81082701106453
651,23,126.58850903420233
651,24,202.8105649956744
651,27,0.9938031134990668
651,29,77.88613290260439
651,2,6.002722057853823
651,6,6.00008547750868
651,7,1.0011991251791397
651,8,202.81622655314845
652,10,6.0007360777305285
652,12,1.0009213793317784
652,14,1.0861050949703746
652,17,202.7789537619535
652,18,6.001061197931972
652,21,1.001377607643314
652,22,202.81100598010414
652,23,77.88595836367693
652,24,202.81057528260393
652,27,0.9937604358481895
652,29,202.29919601325588
652,2,6.002777817943696
652,6,1.0057370123064047
652,7,2.3082040929824768
652,8,202.81622447481539
653,10,6.000786201728301
653,12,1.1836265464395481
653,14,1.0860431349775856
653,17,6.003715792212153
653,18,6.000990504904921
653,21,1.0014268829930506
653,22,78.08634553008778
653,23,29.965034252870026
653,24,78.08900272742763
653,27,0.9938025602768796
653,29,202.29909525923108
653,2,6.002701378826945
653,6,6.012534108156752
653,7,1.0058017279218694
653,8,5.981403611191427
654,10,1.0057691168594385
654,12,1.0009217755068835
654,14,14.994275255830905
654,17,1.005774989451906
654,18,1.0057785012658966
654,21,5.992517355471053
654,22,78.08636106740502
654,23,6.009357080874278
654,24,202.81048561665048
654,27,0.9937827295274557
654,29,202.29916842979242
654,2,77.88607423907612
654,6,5.101346552475415
654,7,2.308185579025759
654,8,5.981505655710076
655,10,6.000774213814629
655,12,1.1835890963136446
655,14,1.0355677449960856
655,17,239.6897508363415
655,18,6.000952433153758
655,21,2.312638175787625
655,22,127.1568678707871
655,23,1.0006112959914493
655,24,202.81056472826882
655,27,0.9938506305939843
655,29,202.29912904812923
655,2,202.29907902937683
655,6,5.101346831710629
655,7,1.0058145807399654
655,8,5.981334737417541
656,10,1.0057946479616087
656,12,1.0007083816054534
656,14,0.9761650172058358
656,17,202.806379720875
656,18,6.001064599740672
656,21,202.30010778370453
656,22,6.000378872464844
656,23,1.0007127655111905
656,24,202.81040145088275
656,27,0.9938042176777895
656,29,77.88581973736535
656,2,6.001362467661221
656,6,6.012650712689302
656,7,2.3081424473310896
656,8,5.981344655246505
657,10,6.000695538139263
657,12,1.0010388215286197
657,14,0.9758715196344365
657,17,526.603586694753
657,18,6.0009045362989735
657,21,202.30010176021185
657,22,1.002723679704415
657,23,202.29877008834586
657,24,202.8108376374392
657,27,5.999573446474811
657,29,77.88589990021384
657,2,6.001279388346557
657,6,5.101321388471324
657,7,1.0058190172225148
657,8,5.981390086950492
658,10,202.2891293447907
658,12,1.001021085119298
658,14,0.9767818206975845
658,17,202.7779424261886
658,18,202.29926268867712
658,21,202.30001000840804
658,22,1.0026995831115189
658,23,6.0046948578612085
658,24,1.0023133238941568
658,27,2.317644555989048
658,29,6.002202679710876
658,2,7.092269576052733
658,6,77.8806977508721
658,7,5.99976538441347
658,8,5.981320109733388
659,10,6.006334134154585
659,12,1.0009665805042376
659,14,2.7151875229420455
659,17,202.77800030828465
659,18,202.29919782733728
659,21,202.30010334709058
659,22,6.000192749491328
659,23,202.29959167193593
659,24,1.002111545600207
659,27,5.999501603779576
659,29,6.002031046225673
659,2,77.87947289458766
659,6,6.0058116521285125
659,7,5.999736143691498
659,8,5.981456371030912
660,10,202.28903527262472
660,12,1.0010034218170283
660,14,202.80612397843154
660,17,202.77802773348148
660,18,202.2991732293046
660,21,202.300075689886
660,22,78.07838492512543
660,23,202.29949606427047
660,24,1.0021603486638355
660,27,2.3177324249581144
660,29,6.001986118079818
660,2,6.001465688720915
660,6,77.88595487520259
660,7,5.999793316559421
660,8,5.981449735697879
661,10,1.0002659766859727
661,12,1.0009458250085794
661,14,1.0433900132546343
661,17,239.5718360611774
661,18,202.29922914604668
661,21,6.002838174595012
661,22,78.07822972027436
661,23,2424.1640639515144
661,24,5.999415539738963
661,27,6.0003480490973695
661,29,6.002113719274737
661,2,1.0057054046037148
661,6,202.29684638760688
661,7,1.0057234574648026
661,8,202.80661113412017
662,10,1.0002363438277975
662,12,1.0010344302046086
662,14,1.0457799037565234
662,17,127.1630494353333
662,18,202.29925119357128
662,21,6.00286877084871
662,22,6.000366535973889
662,23,202.29983033428647
662,24,5.076630957954986
662,27,528.4736278417668
662,29,6.00222852623076
662,2,6.0015575756391275
662,6,126.58787460710501
662,7,5.999725468847479
662,8,15.482188957335179
663,10,1.0002018430364332
663,12,82.47371345137796
663,14,1.0014981424615632
663,17,6.000265647887056
663,18,5.079618322479694
663,21,126.58844747808347
663,22,1.0017952115651738
663,23,6.006948315612483
663,24,78.0768041081945
663,27,528.4736304232744
663,29,6.002256647327611
663,2,6.001506284726197
663,6,1.0020833226997476
663,7,2.311358073989478
663,8,5.981055404746609
664,10,1.0001515537446544
664,12,127.1572049954869
664,14,127.16474553872186
664,17,1.0003261652584632
664,18,6.000584413725341
664,21,202.2996875156364
664,22,1.1859614244065675
664,23,174.63105738325385
664,24,5.99941435041701
664,27,528.4736090990973
664,29,78.79515295756052
664,2,202.29963130627038
664,6,1.00203848449362
664,7,0.9999364652957432
664,8,1.0006505946461681
665,10,1.000283503752244
665,12,82.47373272242095
665,14,202.80692582307157
665,17,1.0002725140410273
665,18,1.0019151785448175
665,21,77.88606821735405
665,22,1.0017530365578153
665,23,202.29667791049823
665,24,1.0013420171792644
665,27,528.4736336424082
665,29,1.0030961954071227
665,2,6.000011340671464
665,6,1.002083651354818
665,7,1.0004238338057272
665,8,1.0004382521327546
666,10,1.0002521150496984
666,12,1.003001504964523
666,14,107.63024628338516
666,17,1.000329312945854
666,18,1.0019038974160752
666,21,6.000194834335405
666,22,5.994919963942616
666,23,77.88585669873832
666,24,1.0013209883452259
666,27,203.1302793184124
666,29,77.88581469425354
666,2,1.0038543491801049
666,6,202.29852212133616
666,7,1.000272637528326
666,8,1.0006611303826265
667,10,1.0002389559494036
667,12,1.002934252374815
667,14,127.16393433563827
667,17,1.0002099810610847
667,18,6.000174734107343
667,21,1.0024935448392753
667,22,1.002226477212333
667,23,6.003158167524151
667,24,42.475740588090034
667,27,203.13032050438574
667,29,202.2994882291141
667,2,6.000339784219243
667,6,126.594568155575
667,7,1.0004309203624908
667,8,1.0006789446615434
668,10,1.0002694513005803
668,12,82.466301844444
668,14,5.998396087160414
668,17,1.000246301495376
668,18,202.29738363620922
668,21,1.0024436689072642
668,22,1.0021579556783768
668,23,126.5846534249319
668,24,1.0054987824079786
668,27,6.000111970336948
668,29,202.2994954293045
668,2,7.086572057104046
668,6,202.2985127535021
668,7,1.0004136521348155
668,8,1.0006349415757692
669,10,5.999981088670593
669,12,202.8118427519559
669,14,7.0844482523298975
669,17,202.77857188345874
669,18,126.84732973218335
669,21,202.29998751456145
669,22,1.0019971119501978
669,23,6.002936395611036
669,24,1.0083273189923219
669,27,1.0003560501512814
669,29,77.88716315647383
669,2,5.999434969863594
669,6,202.29858343176585
669,7,1.0004671725702767
669,8,1.0006557072698268
670,10,202.29152758858328
670,12,221.37011660073432
670,14,1.0030928965720305
670,17,202.77853008516377
670,18,6.003277436374721
670,21,77.88920666329084
670,22,78.07861713011671
670,23,77.8857807032229
670,24,231.48612476194546
670,27,1.0001716191332957
670,29,77.88711206235635
670,2,77.88044731262616
670,6,6.000109761187767
670,7,1.0004434510019715
670,8,5.978166951900296
671,10,171.22100028374425
671,12,85.2350901047372
671,14,1.0031445022157799
671,17,202.77852319517868
671,18,6.003648849915131
671,21,6.006468172361856
671,22,6.006160920251258
671,23,202.29668869356874
671,24,89.12920574691111
671,27,1.0003041059813915
671,29,126.58820944053159
671,2,6.005542224979078
671,6,1.0057652852292103
671,7,1.0003630458211186
671,8,1.1836771360098677
672,10,202.2915379755666
672,12,6.002923235683068
672,14,127.16416986693923
672,17,6.001878941670347
672,18,77.88262746957595
672,21,126.58527787052451
672,22,202.81060690600384
672,23,77.8859309426787
672,24,6.005631370609883
672,27,1.0001730105789637
672,29,202.29916573367356
672,2,202.29936356164797
672,6,6.000244619450053
672,7,5.998594726121014
672,8,1.000639490499247
