δ,Ψ,objective,ζ_total,max_u,max_dual,tail_scenarios,PV,Wind,Gas,Nuclear,BESS_4h_P,BESS_4h_E,Duration_4h,BESS_8h_P,BESS_8h_E,Duration_8h,LDES_PHS_P,LDES_PHS_E,Duration_PHS
1.0,0.5,5.522249252849886e8,0.49808747172672857,38.73655030295832,1.6154189770046629e-6,"[(6, 1.62e-6)]",69.9693006843031,86.16854800413215,71.7142202859469,0.0,3.916301735048953,7.205995133426709,1.8399999849185869,0.00011255806334395641,0.00030203524602534667,2.683372803798013,6.766480509715262e-5,0.0005509517534980016,8.142368144073558
