δ,Ψ,objective,ζ_total,max_u,max_dual,tail_scenarios,PV,Wind,Gas,Nuclear,BESS_P,BESS_E,Duration,LDES_PHS_P,LDES_PHS_E,Duration_PHS
1,0.5,5.31E+08,0.257963238,31.59837635,6.64E-10,"Tuple{Int64, Float64}[]",17.64653266,100.5131449,66.0385926,3.999998959,0.000152997,0.000610866,3.992657511,2.360594975,32.25642064,13.66452991
