delta,psi,objective,z_total,max_u,max_dual,tail_scenarios,PV,Wind,Gas,Nuclear,BESS_P,BESS_E,Duration,LDES_PHS_P,LDES_PHS_E,Duration_PHS
1,0.5,5.44E+08,0.31708886,38.8682691,2.41E-09,"Tuple{Int64, Float64}[]",0.000166385,0.389713003,27.20907219,63.87274959,0.004694294,0.015344945,3.268850246,2.542102106,25.42100824,9.999994956
0.8,0.5,5.42E+08,5.42E+08,1.72E+07,4.95E-09,"Tuple{Int64, Float64}[]",0.008278467,0.101818037,27.22117144,63.69256224,0.122446861,0.403185907,3.292741877,2.536477465,25.37854554,10.00542914
0.6,0.5,5.40E+08,5.42E+08,1.72E+07,6.14E-09,"Tuple{Int64, Float64}[]",0.010426146,0.058937533,27.14161427,63.47349413,0.150250075,0.496176514,3.302337877,2.630138057,26.33344619,10.01219161
0.4,0.5,5.38E+08,5.42E+08,1.72E+07,8.99E-09,"Tuple{Int64, Float64}[]",0.015795355,0.056190402,27.09739917,63.22707033,0.196401908,0.652061629,3.320037133,2.689124354,26.97075492,10.02956776
0.2,0.5,5.35E+08,5.42E+08,1.71E+07,1.90E-08,"[(40, 2.0e-8), (33, 2.0e-8), (4, 2.0e-8), (13, 2.0e-8), (1, 2.0e-8)]",0.03461707,0.08618856,27.05910185,62.98571199,0.311796866,1.041688937,3.340921768,2.705738563,27.23324114,10.06499353
0,0.5,5.33E+08,5.42E+08,1.71E+07,-1.26E-05,"Tuple{Int64, Float64}[]",0.183637049,0.33082481,26.87051338,62.71081491,0.85328125,2.874359237,3.368595332,2.622036657,27.81923728,10.60978198
