δ,Ψ,objective,ζ_total,max_u,PV,Wind,Gas,Battery_P,Battery_E
1.0,0.1,5.695040433715825e8,61.399501691229254,632.5793799920692,70.95213932003605,161.74029425078837,18.351351521077074,0.0016727330210527518,0.0020397537808327206
0.8,0.1,4.5570013075983757e8,482440.15488446405,2.7640372538533692e-6,70.9462380714619,161.74039158834083,18.352496848564417,0.0012900725086518077,0.0015726096196410052
0.5,0.1,2.849936104630534e8,482441.2986407557,7.876147500653207e-7,70.92269005303311,161.74009259282028,18.35828821531717,0.0014736950978650183,0.0017951630348759168
0.2,0.1,1.1428692933374532e8,482445.20956988964,3.429465804466673e-7,70.82023547399425,161.73806759378903,18.3821628985991,0.002535905960495185,0.0030927137601003026
0.0,0.1,488266.5998637123,488266.60525381146,5.391674965092608e-7,76.41329155747782,143.54272943181792,1.521213330419212,0.7738316032581495,0.8724622870692714
