δ,Ψ,objective,ζ_total,max_u,max_dual,tail_scenarios,PV,Wind,Gas,Nuclear,BESS_P,BESS_E,Duration,LDES_PHS_P,LDES_PHS_E,Duration_PHS
1,0.5,5.37E+08,0.577771264,44.96406836,2.48E-06,"[(6, 2.48e-6)]",0.011080341,92.66228031,78.06555959,0,0.000290159,0.000800723,2.759604007,0.000201873,0.002579828,12.77948317
