δ,Ψ,objective,ζ_total,max_u,max_dual,tail_scenarios,PV,Wind,Gas,Nuclear,BESS_4h_P,BESS_4h_E,Duration_4h,BESS_8h_P,BESS_8h_E,Duration_8h,LDES_PHS_P,LDES_PHS_E,Duration_PHS
1.0,0.5,5.52224756316746e8,1.5619834229535696,121.72636276507768,1.6065946380159376e-6,"[(6, 1.61e-6)]",69.97150291494441,86.16887317847464,71.71314214707154,0.0,3.916781831092192,7.206874997955718,1.8399990882172996,0.0007367320690810685,0.0019750757593482845,2.6808603049027195,0.0004445736118989575,0.003638749622118588,8.184807925454653
