delta,psi,objective,z_total,max_u,max_dual,tail_scenarios,PV,Wind,Gas,Nuclear,BESS_P,BESS_E,Duration,LDES_PHS_P,LDES_PHS_E,Duration_PHS
1,0.5,5.37E+08,0.541302726,42.12896333,2.48E-06,"[(6, 2.48e-6)]",0.013754066,92.66235547,78.06512249,0,0.000342115,0.000945378,2.763333742,0.000238128,0.003043561,12.78117131
0.8,0.5,5.35E+08,5.35E+08,1.95E+07,7.27E-09,"Tuple{Int64, Float64}[]",0.509179536,91.16487708,78.19157311,0,0.01393227,0.03779616,2.71285009,0.009591547,0.123173638,12.84189417
0.6,0.5,5.32E+08,5.35E+08,1.95E+07,8.48E-09,"Tuple{Int64, Float64}[]",1.137056696,89.65781121,78.32187632,0,0.016574131,0.044092213,2.660303102,0.011311843,0.14412793,12.74133076
0.4,0.5,5.30E+08,5.35E+08,1.94E+07,1.28E-08,"[(40, 1.0e-8), (33, 1.0e-8), (1, 1.0e-8), (4, 1.0e-8), (13, 1.0e-8)]",2.626061459,87.72810832,78.43155124,0,0.025283151,0.064797151,2.562858989,0.016964212,0.214645537,12.65284438
0.2,0.5,5.28E+08,5.35E+08,1.94E+07,2.37E-08,"[(40, 2.0e-8), (33, 2.0e-8), (4, 2.0e-8), (1, 2.0e-8), (13, 2.0e-8)]",4.587438483,85.5415678,78.54342442,0,0.048526469,0.118700133,2.446090486,0.031862756,0.39979962,12.54755286
0,0.5,5.25E+08,5.35E+08,1.93E+07,-1.78E-05,"Tuple{Int64, Float64}[]",7.7900281,83.70616506,78.32320723,0,0.3925449,0.87694746,2.234005485,0.237508078,3.063624096,12.89903116
