δ,Ψ,objective,ζ_total,max_u,max_dual,tail_scenarios,PV,Wind,Gas,Nuclear,BESS_P,BESS_E,Duration,LDES_PHS_P,LDES_PHS_E,Duration_PHS
1.0,0.5,5.444754406119411e8,0.3170888596253553,38.86826910333812,2.409849223320223e-9,"Tuple{Int64, Float64}[]",0.0001663852647142066,0.38971300267788656,27.209072193570957,63.87274958998667,0.004694294341521769,0.015344945213300147,3.2688502460469304,2.542102106263081,25.421008241372665,9.999994956434632
0.8,0.5,5.422038799056289e8,5.420943096558946e8,1.7209658616565567e7,4.954474667018428e-9,"Tuple{Int64, Float64}[]",0.008278467211339055,0.10181803733118838,27.22117144192269,63.69256224491701,0.12244686103425063,0.40318590702010765,3.2927418768810184,2.536477465195894,25.378545543316562,10.00542914003636
0.6,0.5,5.399367264767171e8,5.420941601378589e8,1.718630777571737e7,6.141171304960737e-9,"Tuple{Int64, Float64}[]",0.010426146211343065,0.05893753253339506,27.141614267151727,63.473494131547525,0.15025007496391118,0.4961765135955203,3.3023378771338234,2.6301380568128483,26.3334461880224,10.012191610934968
0.4,0.5,5.376712398367271e8,5.420921841232616e8,1.7164349084974296e7,8.985414710586084e-9,"Tuple{Int64, Float64}[]",0.015795355212673567,0.05619040213850503,27.097399166612664,63.22707033119565,0.1964019083254945,0.6520616285913988,3.3200371327896927,2.6891243541441296,26.970754923970734,10.029567759634062
0.2,0.5,5.3540344027324164e8,5.420859751828983e8,1.714740001606602e7,1.898466634786482e-8,"[(40, 2.0e-8), (33, 2.0e-8), (4, 2.0e-8), (13, 2.0e-8), (1, 2.0e-8)]",0.03461706989241096,0.08618855983673471,27.059101847099235,62.98571198756891,0.3117968661674965,1.0416889374833855,3.340921768353479,2.7057385634598274,27.233241137773717,10.06499353099014
0.0,0.5,5.330933058864736e8,5.420372680528954e8,1.714350840764874e7,-1.2643192427032234e-5,"Tuple{Int64, Float64}[]",0.1836370490579845,0.3308248103873913,26.870513381997217,62.71081491432621,0.853281250437679,2.874359236716814,3.36859533154215,2.6220366567582563,27.819237284556856,10.60978198487547
