δ,Ψ,objective,ζ_total,max_u,PV,Wind,Gas,Battery_P,Battery_E
1.0,0.1,5.661734257120531e8,137.3977930738664,547.8583358062018,57.76169447668268,136.92004005461234,35.74412893970128,41.64249147483844,118.47152351676739
0.8,0.1,4.530507971860424e8,562701.6588425589,5.6859392762144685e-6,57.76042882594633,136.92246447958627,35.74337690795348,41.64424265100846,118.47662749127059
0.5,0.1,2.833673874033629e8,562700.9572494343,3.2598760500611004e-6,57.75863509863347,136.9259461665141,35.7419137059501,41.64838665521224,118.4842556999506
0.2,0.1,1.1368480007592858e8,562702.3350694518,7.371498572115913e-7,57.75673830776292,136.92605362180765,35.73906876556345,41.66148522969148,118.48679054832373
0.0,0.1,562722.1367674468,562722.1500865264,1.3327279627017636e-6,60.3161441189984,135.91699740994818,34.408508604351056,44.52700147620937,119.69061106234882
