δ,Ψ,objective,ζ_total,max_u,max_dual,tail_scenarios,PV,Wind,Gas,Nuclear,BESS_4h_P,BESS_4h_E,Duration_4h,BESS_8h_P,BESS_8h_E,Duration_8h,LDES_PHS_P,LDES_PHS_E,Duration_PHS
1,0.5,5.37E+08,0.452853593,35.24806271,2.48E-06,"[(6, 2.48e-6)]",0.006577393,92.6624331,78.0661672,0,0.000158978,0.00043966,2.765533322,9.97E-05,0.00041821,4.193987517,0.000110672,0.001416087,12.79540484
