{
    "CAPACITY": {
        "CCGT": 8.510105826047992,
        "w_CCGT": 67.84005633919298
    },
    "UNSERVED_DEM": {
        "(8, 12)": 21.139937274754427,
        "(8, 15)": 27.676948082889762,
        "(1, 12)": 0.07123631342918912,
        "(1, 15)": 0.05230197451739471,
        "(7, 1)": 26.661166570382115,
        "(4, 6)": 17.69392135561116,
        "(9, 3)": 50.08931896382973,
        "(5, 5)": 31.84289510747984,
        "(7, 8)": 39.937748560463575,
        "(9, 4)": 52.02033973864428,
        "(7, 10)": 43.74994351297537,
        "(8, 9)": 14.747045287701066,
        "(7, 2)": 28.54963872950249,
        "(4, 7)": 17.898865909445878,
        "(1, 9)": 0.06829307173668298,
        "(2, 1)": 8.22707364323725,
        "(10, 1)": 26.526526853711903,
        "(5, 11)": 13.384959018787836,
        "(3, 12)": 6.105353509339647,
        "(9, 13)": 69.6917870369283,
        "(9, 14)": 71.7336485329431,
        "(3, 15)": 6.151636903591939,
        "(9, 16)": 75.94925711233539,
        "(6, 5)": 10.194495422560923,
        "(2, 8)": 19.270456963817963,
        "(10, 8)": 30.24118498291649,
        "(2, 10)": 19.105278064015774,
        "(10, 10)": 31.174798089272848,
        "(6, 11)": 10.701213319842328,
        "(2, 2)": 8.715671109357942,
        "(10, 2)": 27.12982647501516,
        "(3, 9)": 6.069536910823448,
        "(5, 12)": 14.953702273541467,
        "(5, 15)": 19.987441209424023,
        "(9, 1)": 46.307388432521904,
        "(7, 6)": 36.132866546077736,
        "(4, 5)": 17.48980395520798,
        "(8, 3)": 6.666055055102152,
        "(4, 11)": 18.726390381939048,
        "(9, 8)": 59.76977356894112,
        "(1, 3)": 0.08377629149388355,
        "(8, 4)": 6.304830049740939,
        "(9, 10)": 63.71831867017191,
        "(7, 7)": 38.03436092677924,
        "(9, 2)": 48.18425369637542,
        "(1, 4)": 0.06519854145546233,
        "(5, 9)": 10.926777443541866,
        "(2, 6)": 8.0124174426752,
        "(10, 6)": 29.30074908188386,
        "(6, 12)": 10.79957533745024,
        "(1, 13)": 0.07160552411635379,
        "(8, 13)": 23.30923507514931,
        "(1, 14)": 0.0717766585955033,
        "(8, 14)": 25.48904817356238,
        "(6, 15)": 11.530438796749156,
        "(3, 3)": 6.028886315210599,
        "(8, 16)": 29.87136679084262,
        "(1, 16)": 0.07237601150630368,
        "(3, 4)": 6.032363976958617,
        "(2, 7)": 13.647724526647849,
        "(10, 7)": 29.783973878517187,
        "(6, 9)": 10.575299673210527,
        "(3, 13)": 6.119542515111306,
        "(3, 14)": 6.134948932073293,
        "(3, 16)": 6.169579287363405,
        "(4, 12)": 18.935267730848327,
        "(4, 15)": 19.566900704203764,
        "(8, 1)": 22.019451798095712,
        "(9, 6)": 55.8972236590581,
        "(7, 5)": 34.233414459965466,
        "(1, 1)": 0.1585001909327879,
        "(7, 11)": 45.65855617423604,
        "(5, 3)": 22.51518938550805,
        "(8, 8)": 12.692087752150229,
        "(4, 9)": 18.311117538574102,
        "(5, 4)": 32.37214114404105,
        "(9, 7)": 57.84577311354641,
        "(8, 2)": 10.489440888014691,
        "(1, 8)": 0.06761194613160626,
        "(1, 10)": 0.06901376531996561,
        "(1, 2)": 0.1429390543444029,
        "(3, 1)": 6.026959348180778,
        "(2, 5)": 11.541467125389993,
        "(10, 5)": 28.796903823191258,
        "(8, 10)": 16.85059096697581,
        "(5, 13)": 16.60066004798621,
        "(2, 11)": 10.646152835667667,
        "(10, 11)": 31.659378057677916,
        "(5, 14)": 18.285333131806105,
        "(6, 3)": 9.89932606500895,
        "(3, 8)": 6.05976305901039,
        "(5, 16)": 21.703773336886037,
        "(3, 10)": 6.080388745396149,
        "(6, 4)": 10.03999243729388,
        "(6, 13)": 10.996204181424407,
        "(3, 2)": 6.0270134533794995,
        "(6, 14)": 11.27879946223322,
        "(7, 12)": 47.56879548047354,
        "(6, 16)": 11.695024171342087,
        "(7, 15)": 53.309533806573654,
        "(8, 6)": 8.87383387389816,
        "(5, 1)": 10.362190920885972,
        "(9, 5)": 53.95991422354639,
        "(1, 6)": 0.06728222237245518,
        "(4, 3)": 17.08422585249894,
        "(9, 11)": 65.73338543183594,
        "(2, 12)": 7.59787703657533,
        "(10, 12)": 32.15768004056656,
        "(4, 4)": 17.286558427355263,
        "(5, 8)": 10.698433023829867,
        "(7, 9)": 41.84296868127643,
        "(5, 10)": 11.978558770238099,
        "(8, 7)": 10.714906729308279,
        "(4, 13)": 19.1449510404817,
        "(5, 2)": 11.731258690244267,
        "(1, 7)": 0.06757884911349876,
        "(4, 14)": 19.355478600277053,
        "(3, 6)": 6.043591327807118,
        "(6, 1)": 9.632333086668545,
        "(2, 15)": 37.35570769088395,
        "(10, 15)": 34.03853354987607,
        "(4, 16)": 19.77922571061687,
        "(2, 9)": 22.953733762004866,
        "(10, 9)": 30.713500931980814,
        "(6, 8)": 10.510267718747684,
        "(6, 10)": 10.63372299298701,
        "(3, 7)": 6.051094787796618,
        "(6, 2)": 9.827793390517325,
        "(9, 12)": 67.7305908406707,
        "(9, 15)": 73.86231918812855,
        "(4, 1)": 16.68265317394398,
        "(5, 6)": 19.418977036638204,
        "(8, 5)": 7.302119886260911,
        "(7, 3)": 30.44149602509392,
        "(1, 5)": 0.06461844951613926,
        "(8, 11)": 18.984973028759494,
        "(7, 4)": 32.336203280496605,
        "(4, 8)": 18.10460838529341,
        "(9, 9)": 61.76014343154678,
        "(4, 10)": 18.518377881717733,
        "(1, 11)": 0.07006696588341654,
        "(4, 2)": 16.882874205102024,
        "(7, 13)": 49.48067800189696,
        "(5, 7)": 12.536737696599324,
        "(7, 14)": 51.3942383052079,
        "(6, 6)": 10.314799436321053,
        "(2, 3)": 13.653240196996848,
        "(10, 3)": 27.66873493081312,
        "(3, 5)": 6.037318311390123,
        "(7, 16)": 55.226658814020155,
        "(2, 4)": 16.52929081623434,
        "(10, 4)": 28.220416419967695,
        "(3, 11)": 6.092319264984116,
        "(2, 13)": 14.6850524744433,
        "(10, 13)": 32.73135800467579,
        "(2, 14)": 29.943629825780533,
        "(10, 14)": 33.395191548678,
        "(6, 7)": 10.4257332548625,
        "(2, 16)": 26.428624282303712,
        "(10, 16)": 34.588696949058246
    },
    "CONS_SURPLUS": {
        "(8, 12)": 0.0,
        "(8, 15)": 0.0,
        "(1, 12)": 0.0,
        "(1, 15)": 0.0,
        "(7, 1)": 0.0,
        "(4, 6)": 0.0,
        "(9, 3)": 0.0,
        "(5, 5)": 0.0,
        "(7, 8)": 0.0,
        "(9, 4)": 0.0,
        "(7, 10)": 0.0,
        "(8, 9)": 0.0,
        "(7, 2)": 0.0,
        "(4, 7)": 0.0,
        "(1, 9)": 0.0,
        "(2, 1)": 0.0,
        "(10, 1)": 0.0,
        "(5, 11)": 0.0,
        "(3, 12)": 0.0,
        "(9, 13)": 0.0,
        "(9, 14)": 0.0,
        "(3, 15)": 0.0,
        "(9, 16)": 0.0,
        "(6, 5)": 0.0,
        "(2, 8)": 0.0,
        "(10, 8)": 0.0,
        "(2, 10)": 0.0,
        "(10, 10)": 0.0,
        "(6, 11)": 0.0,
        "(2, 2)": 0.0,
        "(10, 2)": 0.0,
        "(3, 9)": 0.0,
        "(5, 12)": 0.0,
        "(5, 15)": 0.0,
        "(9, 1)": 0.0,
        "(7, 6)": 0.0,
        "(4, 5)": 0.0,
        "(8, 3)": 0.0,
        "(4, 11)": 0.0,
        "(9, 8)": 0.0,
        "(1, 3)": 0.0,
        "(8, 4)": 0.0,
        "(9, 10)": 0.0,
        "(7, 7)": 0.0,
        "(9, 2)": 0.0,
        "(1, 4)": 0.0,
        "(5, 9)": 0.0,
        "(2, 6)": 0.0,
        "(10, 6)": 0.0,
        "(6, 12)": 0.0,
        "(1, 13)": 0.0,
        "(8, 13)": 0.0,
        "(1, 14)": 0.0,
        "(8, 14)": 0.0,
        "(6, 15)": 0.0,
        "(3, 3)": 0.0,
        "(8, 16)": 0.0,
        "(1, 16)": 0.0,
        "(3, 4)": 0.0,
        "(2, 7)": 0.0,
        "(10, 7)": 0.0,
        "(6, 9)": 0.0,
        "(3, 13)": 0.0,
        "(3, 14)": 0.0,
        "(3, 16)": 0.0,
        "(4, 12)": 0.0,
        "(4, 15)": 0.0,
        "(8, 1)": 0.0,
        "(9, 6)": 0.0,
        "(7, 5)": 0.0,
        "(1, 1)": 0.0,
        "(7, 11)": 0.0,
        "(5, 3)": 0.0,
        "(8, 8)": 0.0,
        "(4, 9)": 0.0,