{
    "CAPACITY": {
        "CCGT": 8.122015994040213,
        "w_CCGT": 68.1385446686029
    },
    "UNSERVED_DEM": {
        "(8, 12)": 9.811177280642028,
        "(8, 15)": 16.14968223923644,
        "(1, 12)": 0.021759585611405896,
        "(1, 15)": 0.0220056134947626,
        "(7, 1)": 16.1346383412869,
        "(4, 6)": 12.759333164959735,
        "(9, 3)": 37.49986821419891,
        "(5, 5)": 4.480034677582495,
        "(7, 8)": 29.356693690320355,
        "(9, 4)": 39.22897786358419,
        "(7, 10)": 33.14763886470304,
        "(8, 9)": 4.544861272355032,
        "(7, 2)": 18.014467989430344,
        "(4, 7)": 12.961236791806943,
        "(1, 9)": 0.021566297824413994,
        "(2, 1)": 3.1683756457771217,
        "(10, 1)": 17.869662449026077,
        "(5, 11)": 5.2361344276692385,
        "(3, 12)": 1.9505473736515633,
        "(9, 13)": 54.84208277328672,
        "(9, 14)": 56.58095136146032,
        "(3, 15)": 1.9702468112838893,
        "(9, 16)": 60.17708187376362,
        "(6, 5)": 2.7605352485809824,
        "(2, 8)": 3.7867194111950297,
        "(10, 8)": 21.08445562230383,
        "(2, 10)": 3.8786318718065402,
        "(10, 10)": 21.886448477570582,
        "(6, 11)": 2.8739544562067643,
        "(2, 2)": 3.237396704379556,
        "(10, 2)": 18.337884291722133,
        "(3, 9)": 1.9359303406963164,
        "(5, 12)": 3.7908171360102507,
        "(5, 15)": 6.2813464997984205,
        "(9, 1)": 34.33616801762758,
        "(7, 6)": 25.56935489277331,
        "(4, 5)": 12.55760872263609,
        "(8, 3)": 8.08684325905595,
        "(4, 11)": 13.770796079058957,
        "(9, 8)": 46.128838273118205,
        "(1, 3)": 0.021271189754102693,
        "(8, 4)": 8.512951787640187,
        "(9, 10)": 49.593863313065754,
        "(7, 7)": 27.46251904088456,
        "(9, 2)": 35.70633613026227,
        "(1, 4)": 0.021323089302459408,
        "(5, 9)": 11.103643171314985,
        "(2, 6)": 3.7465551958211663,
        "(10, 6)": 20.21897719858628,
        "(6, 12)": 2.9073923368880514,
        "(1, 13)": 0.021839690546357815,
        "(8, 13)": 11.880076605456726,
        "(1, 14)": 0.021920745131534858,
        "(8, 14)": 14.000137140920646,
        "(6, 15)": 3.042854019897465,
        "(3, 3)": 1.9161225252306444,
        "(8, 16)": 18.316898181913437,
        "(1, 16)": 0.022116646463491207,
        "(3, 4)": 1.918720852958323,
        "(2, 7)": 3.7841750575168263,
        "(10, 7)": 20.659627758642056,
        "(6, 9)": 2.9215008999506225,
        "(3, 13)": 1.956403361910617,
        "(3, 14)": 1.962977160951798,
        "(3, 16)": 1.9783067739324913,
        "(4, 12)": 13.973770654376317,
        "(4, 15)": 14.58450881647671,
        "(8, 1)": 5.290420399026257,
        "(9, 6)": 42.679630953945555,
        "(7, 5)": 23.67744333123106,
        "(1, 1)": 0.021176253427736214,
        "(7, 11)": 35.04434182581375,
        "(5, 3)": 3.695573949565688,
        "(8, 8)": 3.669577419682728,
        "(4, 9)": 13.36559548949052,
        "(5, 4)": 3.8704686338965217,
        "(9, 7)": 44.40434638568446,
        "(8, 2)": 6.717988341340117,
        "(1, 8)": 0.021513936586508464,
        "(1, 10)": 0.0216200427026223,
        "(1, 2)": 0.021221696791343447,
        "(3, 1)": 1.9116561551068543,
        "(2, 5)": 3.629157842014749,
        "(10, 5)": 19.757905835018402,
        "(8, 10)": 6.027570497351473,
        "(5, 13)": 3.979596289942311,
        "(2, 11)": 3.9663288775915824,
        "(10, 11)": 22.28457372659366,
        "(5, 14)": 4.945154357003627,
        "(6, 3)": 2.6020170876916247,
        "(3, 8)": 1.9318600670097794,
        "(5, 16)": 7.745061597524206,
        "(3, 10)": 1.9403787659560052,
        "(6, 4)": 2.6813975263821916,
        "(6, 13)": 2.927454762687539,
        "(3, 2)": 1.9137716799419238,
        "(6, 14)": 2.974656059038079,
        "(7, 12)": 36.94174242549633,
        "(6, 16)": 3.1178563586087584,
        "(7, 15)": 42.63853135908205,
        "(8, 6)": 5.6047308570018295,
        "(5, 1)": 3.713298009257649,
        "(9, 5)": 40.946828833110104,
        "(1, 6)": 0.02141304941895683,
        "(4, 3)": 12.154679067427761,
        "(9, 11)": 51.34971712786732,
        "(2, 12)": 4.076726128202424,
        "(10, 12)": 22.718002057125947,
        "(4, 4)": 12.356057464099127,
        "(5, 8)": 11.10241550475817,
        "(7, 9)": 31.251739408701567,
        "(5, 10)": 7.7702565641255426,
        "(8, 7)": 3.9023685458599537,
        "(4, 13)": 14.177028468189445,
        "(5, 2)": 3.6720503846333443,
        "(1, 7)": 0.021458756175338323,
        "(4, 14)": 14.380596534500881,
        "(3, 6)": 1.9247078311357164,
        "(6, 1)": 2.4554707222659147,
        "(2, 15)": 4.613810894767337,
        "(10, 15)": 24.01526904618581,
        "(4, 16)": 14.788810787707089,
        "(2, 9)": 3.8150933718996853,
        "(10, 9)": 21.50601774397743,
        "(6, 8)": 2.904166446083252,
        "(6, 10)": 2.91827809842151,
        "(3, 7)": 1.9281290299783436,
        "(6, 2)": 2.5267660600815915,
        "(9, 12)": 53.104338704445254,
        "(9, 15)": 58.37805869175314,
        "(4, 1)": 11.752433966792193,
        "(5, 6)": 6.330449533337795,
        "(8, 5)": 7.172603395414278,
        "(7, 3)": 19.899182647864155,
        "(1, 5)": 0.021369689829175087,
        "(8, 11)": 7.834071273297205,
        "(7, 4)": 21.787176106994195,
        "(4, 8)": 13.163320597574614,
        "(9, 9)": 47.85626434255501,
        "(4, 10)": 13.568080083673177,
        "(1, 11)": 0.021683472306087026,
        "(4, 2)": 11.953472498955662,
        "(7, 13)": 38.83985139368394,
        "(5, 7)": 8.87027339308285,
        "(7, 14)": 40.73879461449553,
        "(6, 6)": 2.8288051314747023,
        "(2, 3)": 3.331614793870262,
        "(10, 3)": 18.810120687115006,
        "(3, 5)": 1.9215780498994839,
        "(7, 16)": 44.539108677802304,
        "(2, 4)": 3.468919172311537,
        "(10, 4)": 19.284948813420463,
        "(3, 11)": 1.9452322105277027,
        "(2, 13)": 4.218090217256197,
        "(10, 13)": 23.13534819275717,
        "(2, 14)": 4.397559985107698,
        "(10, 14)": 23.56664005608375,
        "(6, 7)": 2.875982001165081,
        "(2, 16)": 4.854126127751449,
        "(10, 16)": 24.466718522638896
    },
    "CONS_SURPLUS": {
        "(8, 12)": 0.0,
        "(8, 15)": 0.0,
        "(1, 12)": 0.0,
        "(1, 15)": 0.0,
        "(7, 1)": 0.0,
        "(4, 6)": 0.0,
        "(9, 3)": 0.0,
        "(5, 5)": 0.0,
        "(7, 8)": 0.0,
        "(9, 4)": 0.0,
        "(7, 10)": 0.0,
        "(8, 9)": 0.0,
        "(7, 2)": 0.0,
        "(4, 7)": 0.0,
        "(1, 9)": 0.0,
        "(2, 1)": 0.0,
        "(10, 1)": 0.0,
        "(5, 11)": 0.0,
        "(3, 12)": 0.0,
        "(9, 13)": 0.0,
        "(9, 14)": 0.0,
        "(3, 15)": 0.0,
        "(9, 16)": 0.0,
        "(6, 5)": 0.0,
        "(2, 8)": 0.0,
        "(10, 8)": 0.0,
        "(2, 10)": 0.0,
        "(10, 10)": 0.0,
        "(6, 11)": 0.0,
        "(2, 2)": 0.0,
        "(10, 2)": 0.0,
        "(3, 9)": 0.0,
        "(5, 12)": 0.0,
        "(5, 15)": 0.0,
        "(9, 1)": 0.0,
        "(7, 6)": 0.0,
        "(4, 5)": 0.0,
        "(8, 3)": 0.0,
        "(4, 11)": 0.0,
        "(9, 8)": 0.0,
        "(1, 3)": 0.0,
        "(8, 4)": 0.0,
        "(9, 10)": 0.0,
        "(7, 7)": 0.0,
        "(9, 2)": 0.0,
        "(1, 4)": 0.0,
        "(5, 9)": 0.0,
        "(2, 6)": 0.0,
        "(10, 6)": 0.0,
        "(6, 12)": 0.0,
        "(1, 13)": 0.0,
        "(8, 13)": 0.0,
        "(1, 14)": 0.0,
        "(8, 14)": 0.0,
        "(6, 15)": 0.0,
        "(3, 3)": 0.0,
        "(8, 16)": 0.0,
        "(1, 16)": 0.0,
        "(3, 4)": 0.0,
        "(2, 7)": 0.0,
        "(10, 7)": 0.0,
        "(6, 9)": 0.0,
        "(3, 13)": 0.0,
        "(3, 14)": 0.0,
        "(3, 16)": 0.0,
        "(4, 12)": 0.0,
        "(4, 15)": 0.0,
        "(8, 1)": 0.0,
        "(9, 6)": 0.0,
        "(7, 5)": 0.0,
        "(1, 1)": 0.0,
        "(7, 11)": 0.0,
        "(5, 3)": 0.0,